Running with RISCV=/work/riscv
echo "Checking all submodules in generators/ are initialized. Uninitialized submodules will be displayed" ; ! git submodule status /work/chipyard/generators | grep ^-
Checking all submodules in generators/ are initialized. Uninitialized submodules will be displayed
mkdir -p /work/chipyard/.classpath_cache/
cd /work/chipyard && java -jar /work/chipyard/scripts/sbt-launch.jar -Dsbt.ivy.home=/work/chipyard/.ivy2 -Dsbt.global.base=/work/chipyard/.sbt -Dsbt.boot.directory=/work/chipyard/.sbt/boot/ -Dsbt.color=always -Dsbt.supershell=false -Dsbt.server.forcestart=true ";project chipyard; set assembly / assemblyOutputPath := file(\"/work/chipyard/.classpath_cache/chipyard.jar\"); assembly" && touch /work/chipyard/.classpath_cache/chipyard.jar
Picked up JAVA_TOOL_OPTIONS: -Xmx8G -Xss8M -Djava.io.tmpdir=/work/chipyard/.java_tmp
[0m[[0m[0minfo[0m] [0m[0mwelcome to sbt 1.8.2 (Ubuntu Java 17.0.19)[0m
[0m[[0m[0minfo[0m] [0m[0mloading settings for project chipyard-build from plugins.sbt ...[0m
[0m[[0m[0minfo[0m] [0m[0mloading project definition from /work/chipyard/project[0m
/work/chipyard/build.sbt:61: warning: method sonatypeRepo in class ResolverFunctions is deprecated (since 1.7.0): Use sonatypeOssRepos instead e.g. `resolvers ++= Resolver.sonatypeOssRepos("snapshots")`
    Resolver.sonatypeRepo("snapshots"),
             ^
/work/chipyard/build.sbt:62: warning: method sonatypeRepo in class ResolverFunctions is deprecated (since 1.7.0): Use sonatypeOssRepos instead e.g. `resolvers ++= Resolver.sonatypeOssRepos("snapshots")`
    Resolver.sonatypeRepo("releases"),
             ^
[0m[[0m[0minfo[0m] [0m[0mloading settings for project chipyardRoot from build.sbt ...[0m
/work/chipyard/generators/testchipip/build.sbt:13: warning: method in in trait ScopingSetting is deprecated (since 1.5.0): `in` is deprecated; migrate to slash syntax - https://www.scala-sbt.org/1.x/docs/Migrating-from-sbt-013x.html#slash
publishArtifact in Test := false
                ^
/work/chipyard/generators/testchipip/build.sbt:42: warning: method sonatypeRepo in class ResolverFunctions is deprecated (since 1.7.0): Use sonatypeOssRepos instead e.g. `resolvers ++= Resolver.sonatypeOssRepos("snapshots")`
  Resolver.sonatypeRepo("snapshots"),
           ^
/work/chipyard/generators/testchipip/build.sbt:43: warning: method sonatypeRepo in class ResolverFunctions is deprecated (since 1.7.0): Use sonatypeOssRepos instead e.g. `resolvers ++= Resolver.sonatypeOssRepos("snapshots")`
  Resolver.sonatypeRepo("releases"),
           ^
[0m[[0m[0minfo[0m] [0m[0mloading settings for project testchipip from build.sbt ...[0m
[0m[[0m[0minfo[0m] [0m[0mloading settings for project barf from build.sbt ...[0m
[0m[[0m[0minfo[0m] [0m[0mloading settings for project constellation from build.sbt ...[0m
[0m[[0m[0minfo[0m] [0m[0mloading settings for project icenet from build.sbt ...[0m
[0m[[0m[0minfo[0m] [0m[0mloading settings for project cva6 from build.sbt ...[0m
[0m[[0m[0minfo[0m] [0m[0mloading settings for project ibex from build.sbt ...[0m
[0m[[0m[0minfo[0m] [0m[0mloading settings for project sodor from build.sbt ...[0m
[0m[[0m[0minfo[0m] [0m[0mloading settings for project midas_target_utils from build.sbt ...[0m
[0m[[0m[0minfo[0m] [0m[0mresolving key references (46535 settings) ...[0m
[0m[[0m[0minfo[0m] [0m[0mset current project to chipyardRoot (in build file:/work/chipyard/)[0m
[0m[[0m[0minfo[0m] [0m[0mset current project to chipyard (in build file:/work/chipyard/)[0m
[0m[[0m[0minfo[0m] [0m[0mDefining assembly / assemblyOutputPath[0m
[0m[[0m[0minfo[0m] [0m[0mThe new value will be used by assembly[0m
[0m[[0m[0minfo[0m] [0m[0mReapplying settings...[0m
[0m[[0m[0minfo[0m] [0m[0mset current project to chipyard (in build file:/work/chipyard/)[0m
Warning: Tried to extract the base path for relative glob tools/stage/src/main/scala/**/*.{java,scala}. To disable this warning, re-run the program with java option, -Dsbt.io.implicit.relative.glob.conversion=allow
Warning: Tried to extract the base path for relative glob tools/stage/src/main/scala/**/*.{java,scala}. To disable this warning, re-run the program with java option, -Dsbt.io.implicit.relative.glob.conversion=allow
Warning: Tried to extract the base path for relative glob tools/firrtl2/src/main/java/**/*.{java,scala}. To disable this warning, re-run the program with java option, -Dsbt.io.implicit.relative.glob.conversion=allow
Warning: Tried to extract the base path for relative glob tools/firrtl2/src/main/java/**/*.{java,scala}. To disable this warning, re-run the program with java option, -Dsbt.io.implicit.relative.glob.conversion=allow
[0m[[0m[0minfo[0m] [0m[0mcompiling 6 Scala sources to /work/chipyard/tools/fixedpoint/src/target/scala-2.13/classes ...[0m
[0m[[0m[0minfo[0m] [0m[0mcompiling 1 Scala source to /work/chipyard/generators/rocket-chip/macros/target/scala-2.13/classes ...[0m
[0m[[0m[0minfo[0m] [0m[0mcompiling 7 Scala sources to /work/chipyard/sims/firesim/sim/midas/targetutils/target/scala-2.13/classes ...[0m
[0m[[0m[0minfo[0m] [0m[0mcompiling 1 Scala source to /work/chipyard/tools/cde/target/scala-2.13/classes ...[0m
[0m[[0m[0minfo[0m] [0m[0mNon-compiled module 'compiler-bridge_2.13' for Scala 2.13.12. Compiling...[0m
[0m[[0m[31merror[0m] [0m[0mPicked up JAVA_TOOL_OPTIONS: -Xmx8G -Xss8M -Djava.io.tmpdir=/work/chipyard/.java_tmp[0m
[0m[[0m[0minfo[0m] [0m[0mcompiling 223 Scala sources and 6 Java sources to /work/chipyard/tools/firrtl2/src/target/scala-2.13/classes ...[0m
[0m[[0m[0minfo[0m] [0m[0m  Compilation completed in 4.188s.[0m
[0m[[0m[0minfo[0m] [0m[0mNon-compiled module 'compiler-bridge_2.13' for Scala 2.13.10. Compiling...[0m
[0m[[0m[0minfo[0m] [0m[0mdone compiling[0m
[0m[[0m[0minfo[0m] [0m[0m  Compilation completed in 5.734s.[0m
[0m[[0m[0minfo[0m] [0m[0mdone compiling[0m
[0m[[0m[0minfo[0m] [0m[0mcompiling 36 Scala sources to /work/chipyard/generators/diplomacy/diplomacy/src/target/scala-2.13/classes ...[0m
[0m[[0m[33mwarn[0m] [0m[0m/work/chipyard/tools/fixedpoint/src/main/scala/fixedpoint/FixedPoint.scala:30:35: value UnknownWidth in package firrtl is deprecated (since Chisel 6.0): This type has moved to package chisel3[0m
[0m[[0m[33mwarn[0m] [0m[0m  def apply(): FixedPoint = apply(UnknownWidth(), BinaryPoint())[0m
[0m[[0m[33mwarn[0m] [0m[0m                                  ^[0m
[0m[[0m[33mwarn[0m] [0m[0m/work/chipyard/tools/fixedpoint/src/main/scala/fixedpoint/FixedPoint.scala:33:20: type Width in package firrtl is deprecated (since Chisel 6.0): This type has moved to package chisel3[0m
[0m[[0m[33mwarn[0m] [0m[0m  def apply(width: Width, binaryPoint: BinaryPoint): FixedPoint = new FixedPoint(width, binaryPoint)[0m
[0m[[0m[33mwarn[0m] [0m[0m                   ^[0m
[0m[[0m[33mwarn[0m] [0m[0m/work/chipyard/tools/fixedpoint/src/main/scala/fixedpoint/FixedPoint.scala:38:40: type Width in package firrtl is deprecated (since Chisel 6.0): This type has moved to package chisel3[0m
[0m[[0m[33mwarn[0m] [0m[0m  def fromBigInt(value: BigInt, width: Width, binaryPoint: BinaryPoint): FixedPoint = {[0m
[0m[[0m[33mwarn[0m] [0m[0m                                       ^[0m
[0m[[0m[33mwarn[0m] [0m[0m/work/chipyard/tools/fixedpoint/src/main/scala/fixedpoint/FixedPoint.scala:46:18: value UnknownWidth in package firrtl is deprecated (since Chisel 6.0): This type has moved to package chisel3[0m
[0m[[0m[33mwarn[0m] [0m[0m    apply(value, UnknownWidth(), binaryPoint)[0m
[0m[[0m[33mwarn[0m] [0m[0m                 ^[0m
[0m[[0m[33mwarn[0m] [0m[0m/work/chipyard/tools/fixedpoint/src/main/scala/fixedpoint/FixedPoint.scala:54:20: value UnknownWidth in package firrtl is deprecated (since Chisel 6.0): This type has moved to package chisel3[0m
[0m[[0m[33mwarn[0m] [0m[0m      apply(value, UnknownWidth(), BinaryPoint(binaryPoint))[0m
[0m[[0m[33mwarn[0m] [0m[0m                   ^[0m
[0m[[0m[33mwarn[0m] [0m[0m/work/chipyard/tools/fixedpoint/src/main/scala/fixedpoint/FixedPoint.scala:56:20: value KnownWidth in package firrtl is deprecated (since Chisel 6.0): This type has moved to package chisel3[0m
[0m[[0m[33mwarn[0m] [0m[0m      apply(value, KnownWidth(width), BinaryPoint(binaryPoint))[0m
[0m[[0m[33mwarn[0m] [0m[0m                   ^[0m
[0m[[0m[33mwarn[0m] [0m[0m/work/chipyard/tools/fixedpoint/src/main/scala/fixedpoint/FixedPoint.scala:62:40: type Width in package firrtl is deprecated (since Chisel 6.0): This type has moved to package chisel3[0m
[0m[[0m[33mwarn[0m] [0m[0m  def fromDouble(value: Double, width: Width, binaryPoint: BinaryPoint): FixedPoint = {[0m
[0m[[0m[33mwarn[0m] [0m[0m                                       ^[0m
[0m[[0m[33mwarn[0m] [0m[0m/work/chipyard/tools/fixedpoint/src/main/scala/fixedpoint/FixedPoint.scala:73:48: type Width in package firrtl is deprecated (since Chisel 6.0): This type has moved to package chisel3[0m
[0m[[0m[33mwarn[0m] [0m[0m  def fromBigDecimal(value: BigDecimal, width: Width, binaryPoint: BinaryPoint): FixedPoint = {[0m
[0m[[0m[33mwarn[0m] [0m[0m                                               ^[0m
[0m[[0m[33mwarn[0m] [0m[0m/work/chipyard/tools/fixedpoint/src/main/scala/fixedpoint/FixedPoint.scala:82:35: type Width in package firrtl is deprecated (since Chisel 6.0): This type has moved to package chisel3[0m
[0m[[0m[33mwarn[0m] [0m[0m  def apply(value: BigInt, width: Width, binaryPoint: BinaryPoint): FixedPoint = {[0m
[0m[[0m[33mwarn[0m] [0m[0m                                  ^[0m
[0m[[0m[33mwarn[0m] [0m[0m/work/chipyard/tools/fixedpoint/src/main/scala/fixedpoint/FixedPoint.scala:92:18: type Width in package firrtl is deprecated (since Chisel 6.0): This type has moved to package chisel3[0m
[0m[[0m[33mwarn[0m] [0m[0m    widthOption: Option[Width] = None[0m
[0m[[0m[33mwarn[0m] [0m[0m                 ^[0m
[0m[[0m[33mwarn[0m] [0m[0m/work/chipyard/tools/fixedpoint/src/main/scala/fixedpoint/FixedPoint.scala:106:59: type Width in package firrtl is deprecated (since Chisel 6.0): This type has moved to package chisel3[0m
[0m[[0m[33mwarn[0m] [0m[0m  private[fixedpoint] def recreateWidth[T <: Data](d: T): Width = {[0m
[0m[[0m[33mwarn[0m] [0m[0m                                                          ^[0m
[0m[[0m[33mwarn[0m] [0m[0m/work/chipyard/tools/fixedpoint/src/main/scala/fixedpoint/FixedPoint.scala:107:24: type Width in package firrtl is deprecated (since Chisel 6.0): This type has moved to package chisel3[0m
[0m[[0m[33mwarn[0m] [0m[0m    d.widthOption.fold[Width](UnknownWidth())(_.W)[0m
[0m[[0m[33mwarn[0m] [0m[0m                       ^[0m
[0m[[0m[33mwarn[0m] [0m[0m/work/chipyard/tools/fixedpoint/src/main/scala/fixedpoint/FixedPoint.scala:107:31: value UnknownWidth in package firrtl is deprecated (since Chisel 6.0): This type has moved to package chisel3[0m
[0m[[0m[33mwarn[0m] [0m[0m    d.widthOption.fold[Width](UnknownWidth())(_.W)[0m
[0m[[0m[33mwarn[0m] [0m[0m                              ^[0m
[0m[[0m[33mwarn[0m] [0m[0m/work/chipyard/tools/fixedpoint/src/main/scala/fixedpoint/FixedPoint.scala:149:39: value UnknownWidth in package firrtl is deprecated (since Chisel 6.0): This type has moved to package chisel3[0m
[0m[[0m[33mwarn[0m] [0m[0m        FixedPoint.fromDouble(double, UnknownWidth(), binaryPoint)[0m
[0m[[0m[33mwarn[0m] [0m[0m                                      ^[0m
[0m[[0m[33mwarn[0m] [0m[0m/work/chipyard/tools/fixedpoint/src/main/scala/fixedpoint/FixedPoint.scala:152:20: type Width in package firrtl is deprecated (since Chisel 6.0): This type has moved to package chisel3[0m
[0m[[0m[33mwarn[0m] [0m[0m      def F(width: Width, binaryPoint: BinaryPoint): FixedPoint = {[0m
[0m[[0m[33mwarn[0m] [0m[0m                   ^[0m
[0m[[0m[33mwarn[0m] [0m[0m/work/chipyard/tools/fixedpoint/src/main/scala/fixedpoint/FixedPoint.scala:159:47: value UnknownWidth in package firrtl is deprecated (since Chisel 6.0): This type has moved to package chisel3[0m
[0m[[0m[33mwarn[0m] [0m[0m        FixedPoint.fromBigDecimal(bigDecimal, UnknownWidth(), binaryPoint)[0m
[0m[[0m[33mwarn[0m] [0m[0m                                              ^[0m
[0m[[0m[33mwarn[0m] [0m[0m/work/chipyard/tools/fixedpoint/src/main/scala/fixedpoint/FixedPoint.scala:162:20: type Width in package firrtl is deprecated (since Chisel 6.0): This type has moved to package chisel3[0m
[0m[[0m[33mwarn[0m] [0m[0m      def F(width: Width, binaryPoint: BinaryPoint): FixedPoint = {[0m
[0m[[0m[33mwarn[0m] [0m[0m                   ^[0m
[0m[[0m[33mwarn[0m] [0m[0m/work/chipyard/tools/fixedpoint/src/main/scala/fixedpoint/FixedPoint.scala:172:53: type Width in package firrtl is deprecated (since Chisel 6.0): This type has moved to package chisel3[0m
[0m[[0m[33mwarn[0m] [0m[0msealed class FixedPoint private[fixedpoint] (width: Width, private var _inferredBinaryPoint: BinaryPoint)[0m
[0m[[0m[33mwarn[0m] [0m[0m                                                    ^[0m
[0m[[0m[33mwarn[0m] [0m[0m18 warnings found[0m
[0m[[0m[0minfo[0m] [0m[0mdone compiling[0m
[0m[[0m[0minfo[0m] [0m[0mcompiling 40 Scala sources to /work/chipyard/tools/dsptools/src/target/scala-2.13/classes ...[0m
[0m[[0m[33mwarn[0m] [0m[0m/work/chipyard/sims/firesim/sim/midas/targetutils/src/main/scala/midas/InstrumentationPredication.scala:7:8: Importing from firrtl is deprecated as of Chisel's 3.6.0 release.[0m
[0m[[0m[33mwarn[0m] [0m[0mimport firrtl.annotations.{ReferenceTarget, SingleTargetAnnotation}[0m
[0m[[0m[33mwarn[0m] [0m[0m       ^[0m
[0m[[0m[33mwarn[0m] [0m[0m/work/chipyard/sims/firesim/sim/midas/targetutils/src/main/scala/midas/annotations.scala:24:8: Importing from firrtl is deprecated as of Chisel's 3.6.0 release.[0m
[0m[[0m[33mwarn[0m] [0m[0mimport firrtl.RenameMap[0m
[0m[[0m[33mwarn[0m] [0m[0m       ^[0m
[0m[[0m[33mwarn[0m] [0m[0m/work/chipyard/sims/firesim/sim/midas/targetutils/src/main/scala/midas/annotations.scala:25:8: Importing from firrtl is deprecated as of Chisel's 3.6.0 release.[0m
[0m[[0m[33mwarn[0m] [0m[0mimport firrtl.annotations.{[0m
[0m[[0m[33mwarn[0m] [0m[0m       ^[0m
[0m[[0m[33mwarn[0m] [0m[0m/work/chipyard/sims/firesim/sim/midas/targetutils/src/main/scala/midas/xdc/RAMStyleHint.scala:6:8: Importing from firrtl is deprecated as of Chisel's 3.6.0 release.[0m
[0m[[0m[33mwarn[0m] [0m[0mimport firrtl.annotations.ReferenceTarget[0m
[0m[[0m[33mwarn[0m] [0m[0m       ^[0m
[0m[[0m[33mwarn[0m] [0m[0m/work/chipyard/sims/firesim/sim/midas/targetutils/src/main/scala/midas/xdc/XDCAnnotation.scala:7:8: Importing from firrtl is deprecated as of Chisel's 3.6.0 release.[0m
[0m[[0m[33mwarn[0m] [0m[0mimport firrtl.RenameMap[0m
[0m[[0m[33mwarn[0m] [0m[0m       ^[0m
[0m[[0m[33mwarn[0m] [0m[0m/work/chipyard/sims/firesim/sim/midas/targetutils/src/main/scala/midas/xdc/XDCAnnotation.scala:8:8: Importing from firrtl is deprecated as of Chisel's 3.6.0 release.[0m
[0m[[0m[33mwarn[0m] [0m[0mimport firrtl.annotations.{Annotation, HasSerializationHints, NoTargetAnnotation, ReferenceTarget}[0m
[0m[[0m[33mwarn[0m] [0m[0m       ^[0m
[0m[[0m[33mwarn[0m] [0m[0m/work/chipyard/tools/dsptools/src/main/scala/dsptools/numbers/algebra_types/helpers/Sign.scala:108:22: Implicit definition should have explicit type (inferred dsptools.numbers.Sign.SignAlgebra) [quickfixable][0m
[0m[[0m[33mwarn[0m] [0m[0m  implicit final val SignAlgebra = new SignAlgebra[0m
[0m[[0m[33mwarn[0m] [0m[0m                     ^[0m
[0m[[0m[33mwarn[0m] [0m[0m/work/chipyard/generators/diplomacy/diplomacy/src/diplomacy/lazymodule/LazyModuleImp.scala:5:8: Importing from firrtl is deprecated as of Chisel's 3.6.0 release.[0m
[0m[[0m[33mwarn[0m] [0m[0mimport firrtl.passes.InlineAnnotation[0m
[0m[[0m[33mwarn[0m] [0m[0m       ^[0m
[0m[[0m[33mwarn[0m] [0m[0m/work/chipyard/tools/dsptools/src/main/scala/dsptools/numbers/chisel_types/DspComplexTypeClass.scala:115:16: Implicit definition should have explicit type (inferred dsptools.numbers.DspComplexRingData[T])[0m
[0m[[0m[33mwarn[0m] [0m[0m  implicit def DspComplexRingDataImpl[T <: Data:         Ring] = new DspComplexRingData[T]()[0m
[0m[[0m[33mwarn[0m] [0m[0m               ^[0m
[0m[[0m[33mwarn[0m] [0m[0m/work/chipyard/tools/dsptools/src/main/scala/dsptools/numbers/chisel_types/DspComplexTypeClass.scala:116:16: Implicit definition should have explicit type (inferred dsptools.numbers.DspComplexEq[T])[0m
[0m[[0m[33mwarn[0m] [0m[0m  implicit def DspComplexEq[T <: Data:                   Eq] = new DspComplexEq[T]()[0m
[0m[[0m[33mwarn[0m] [0m[0m               ^[0m
[0m[[0m[33mwarn[0m] [0m[0m/work/chipyard/tools/dsptools/src/main/scala/dsptools/numbers/chisel_types/DspComplexTypeClass.scala:117:16: Implicit definition should have explicit type (inferred dsptools.numbers.DspComplexBinaryRepresentation[T])[0m
[0m[[0m[33mwarn[0m] [0m[0m  implicit def DspComplexBinaryRepresentation[T <: Data: Ring: BinaryRepresentation] =[0m
[0m[[0m[33mwarn[0m] [0m[0m               ^[0m
[0m[[0m[33mwarn[0m] [0m[0m/work/chipyard/tools/dsptools/src/main/scala/dsptools/numbers/chisel_types/DspComplexTypeClass.scala:124:16: Implicit definition should have explicit type (inferred dsptools.numbers.DspComplexRingFixed)[0m
[0m[[0m[33mwarn[0m] [0m[0m  implicit def DspComplexRingFixedImpl = new DspComplexRingFixed[0m
[0m[[0m[33mwarn[0m] [0m[0m               ^[0m
[0m[[0m[33mwarn[0m] [0m[0m/work/chipyard/tools/dsptools/src/main/scala/dsptools/numbers/chisel_types/DspComplexTypeClass.scala:123:16: Implicit definition should have explicit type (inferred dsptools.numbers.DspComplexRingSInt)[0m
[0m[[0m[33mwarn[0m] [0m[0m  implicit def DspComplexRingSIntImpl = new DspComplexRingSInt[0m
[0m[[0m[33mwarn[0m] [0m[0m               ^[0m
[0m[[0m[33mwarn[0m] [0m[0m/work/chipyard/tools/dsptools/src/main/scala/dsptools/numbers/chisel_types/DspComplexTypeClass.scala:122:16: Implicit definition should have explicit type (inferred dsptools.numbers.DspComplexRingUInt)[0m
[0m[[0m[33mwarn[0m] [0m[0m  implicit def DspComplexRingUIntImpl = new DspComplexRingUInt[0m
[0m[[0m[33mwarn[0m] [0m[0m               ^[0m
[0m[[0m[33mwarn[0m] [0m[0m2 feature warnings; re-run with -feature for details[0m
[0m[[0m[33mwarn[0m] [0m[0m7 warnings found[0m
[0m[[0m[0minfo[0m] [0m[0mdone compiling[0m
[0m[[0m[0minfo[0m] [0m[0mcompiling 20 Scala sources to /work/chipyard/generators/hardfloat/hardfloat/src/target/scala-2.13/classes ...[0m
[0m[[0m[33mwarn[0m] [0m[0mone warning found[0m
[0m[[0m[0minfo[0m] [0m[0mdone compiling[0m
[0m[[0m[33mwarn[0m] [0m[0m31 feature warnings; re-run with -feature for details[0m
[0m[[0m[33mwarn[0m] [0m[0m8 warnings found[0m
[0m[[0m[0minfo[0m] [0m[0mdone compiling[0m
[0m[[0m[33mwarn[0m] [0m[0m/work/chipyard/tools/firrtl2/src/main/scala/firrtl2/Utils.scala:1007:40: comparing values of types T and _ using `equals` unsafely bypasses cooperative equality; use `==` instead[0m
[0m[[0m[33mwarn[0m] [0m[0m    case x: MemoizedHash[_] => t.equals(x.t)[0m
[0m[[0m[33mwarn[0m] [0m[0m                                       ^[0m
[0m[[0m[33mwarn[0m] [0m[0m/work/chipyard/tools/firrtl2/src/main/scala/firrtl2/annotations/JsonProtocol.scala:73:70: method newInstance in class Class is deprecated (since 9)[0m
[0m[[0m[33mwarn[0m] [0m[0m                Class.forName(s).asInstanceOf[Class[_ <: Transform]].newInstance()[0m
[0m[[0m[33mwarn[0m] [0m[0m                                                                     ^[0m
[0m[[0m[33mwarn[0m] [0m[0m/work/chipyard/tools/firrtl2/src/main/scala/firrtl2/annotations/transforms/EliminateTargetPaths.scala:198:43: method underlying in trait RenameMap is deprecated (since FIRRTL 1.5): This should never have been public[0m
[0m[[0m[33mwarn[0m] [0m[0m      case i: InstanceTarget if renameMap.underlying.contains(i) =>[0m
[0m[[0m[33mwarn[0m] [0m[0m                                          ^[0m
[0m[[0m[33mwarn[0m] [0m[0m/work/chipyard/tools/firrtl2/src/main/scala/firrtl2/annotations/transforms/EliminateTargetPaths.scala:341:26: method renameModules in object EliminateTargetPaths is deprecated (since FIRRTL 1.5): Use version that accepts renamemap.MutableRenameMap[0m
[0m[[0m[33mwarn[0m] [0m[0m    val renamedCircuit = renameModules(newCircuitGC, newModuleNameMapping, renamedModuleMap)[0m
[0m[[0m[33mwarn[0m] [0m[0m                         ^[0m
[0m[[0m[33mwarn[0m] [0m[0m/work/chipyard/tools/firrtl2/src/main/scala/firrtl2/graph/DiGraph.scala:71:41: method -- in trait SetOps is deprecated (since 2.13.0): Consider requiring an immutable Set[0m
[0m[[0m[33mwarn[0m] [0m[0m  def findSources: Set[T] = getVertices -- edges.values.flatten.toSet[0m
[0m[[0m[33mwarn[0m] [0m[0m                                        ^[0m
[0m[[0m[33mwarn[0m] [0m[0m/work/chipyard/tools/firrtl2/src/main/scala/firrtl2/options/DependencyManager.scala:237:24: method -- in trait SetOps is deprecated (since 2.13.0): Consider requiring an immutable Set[0m
[0m[[0m[33mwarn[0m] [0m[0m          if ((prereqs -- state).nonEmpty) { Some(this.copy(prereqs.toSeq, state.toSeq)) }[0m
[0m[[0m[33mwarn[0m] [0m[0m                       ^[0m
[0m[[0m[33mwarn[0m] [0m[0m/work/chipyard/tools/firrtl2/src/main/scala/firrtl2/options/DependencyManager.scala:241:75: method + in trait SetOps is deprecated (since 2.13.0): Consider requiring an immutable Set or fall back to Set.union[0m
[0m[[0m[33mwarn[0m] [0m[0m        ((state ++ prereqs).map(dToO).filterNot(in.invalidates).map(oToD) + in, out ++ preprocessing :+ in)[0m
[0m[[0m[33mwarn[0m] [0m[0m                                                                          ^[0m
[0m[[0m[33mwarn[0m] [0m[0m/work/chipyard/tools/firrtl2/src/main/scala/firrtl2/options/DependencyManager.scala:244:21: method -- in trait SetOps is deprecated (since 2.13.0): Consider requiring an immutable Set[0m
[0m[[0m[33mwarn[0m] [0m[0m      if ((_targets -- s).nonEmpty) { Some(this.copy(_targets.toSeq, s.toSeq)) }[0m
[0m[[0m[33mwarn[0m] [0m[0m                    ^[0m
[0m[[0m[33mwarn[0m] [0m[0m/work/chipyard/tools/firrtl2/src/main/scala/firrtl2/options/DependencyManager.scala:287:29: method + in trait SetOps is deprecated (since 2.13.0): Consider requiring an immutable Set or fall back to Set.union[0m
[0m[[0m[33mwarn[0m] [0m[0m        val statex = (state + wrapperToClass(t)).map(dToO).filterNot(t.invalidates).map(oToD)[0m
[0m[[0m[33mwarn[0m] [0m[0m                            ^[0m
[0m[[0m[33mwarn[0m] [0m[0m/work/chipyard/tools/firrtl2/src/main/scala/firrtl2/options/Phase.scala:180:52: method dependents in trait DependencyAPI is deprecated (since FIRRTL 1.3): Due to confusion, 'dependents' is being renamed to 'optionalPrerequisiteOf'. Override the latter instead.[0m
[0m[[0m[33mwarn[0m] [0m[0m  def optionalPrerequisiteOf: Seq[Dependency[A]] = dependents[0m
[0m[[0m[33mwarn[0m] [0m[0m                                                   ^[0m
[0m[[0m[33mwarn[0m] [0m[0m/work/chipyard/tools/firrtl2/src/main/scala/firrtl2/options/phases/DeletedWrapper.scala:32:9: method -- in trait SetOps is deprecated (since 2.13.0): Consider requiring an immutable Set[0m
[0m[[0m[33mwarn[0m] [0m[0m    (in -- out).map {[0m
[0m[[0m[33mwarn[0m] [0m[0m        ^[0m
[0m[[0m[33mwarn[0m] [0m[0m/work/chipyard/tools/firrtl2/src/main/scala/firrtl2/options/phases/WriteOutputAnnotations.scala:65:37: type WrappedArray in package mutable is deprecated (since 2.13.0): Use ArraySeq instead of WrappedArray; it can represent both, boxed and unboxed arrays[0m
[0m[[0m[33mwarn[0m] [0m[0m                  case arr: mutable.WrappedArray[Byte] => w.write(arr.array.asInstanceOf[Array[Byte]])[0m
[0m[[0m[33mwarn[0m] [0m[0m                                    ^[0m
[0m[[0m[33mwarn[0m] [0m[0m/work/chipyard/tools/firrtl2/src/main/scala/firrtl2/passes/CheckWidths.scala:147:38: value ArrayStack in package mutable is deprecated (since 2.13.0): Use Stack instead of ArrayStack; it now uses an array-based implementation[0m
[0m[[0m[33mwarn[0m] [0m[0m      val stack = collection.mutable.ArrayStack(expr)[0m
[0m[[0m[33mwarn[0m] [0m[0m                                     ^[0m
[0m[[0m[33mwarn[0m] [0m[0m/work/chipyard/tools/firrtl2/src/main/scala/firrtl2/passes/Inline.scala:348:104: method - in trait SetOps is deprecated (since 2.13.0): Consider requiring an immutable Set or fall back to Set.diff[0m
[0m[[0m[33mwarn[0m] [0m[0m          val safePrefix = Namespace.findValidPrefix(instName + inlineDelim, names, ns.cloneUnderlying - instName)[0m
[0m[[0m[33mwarn[0m] [0m[0m                                                                                                       ^[0m
[0m[[0m[33mwarn[0m] [0m[0m/work/chipyard/tools/firrtl2/src/main/scala/firrtl2/passes/LowerTypes.scala:229:40: method mapValues in trait MapOps is deprecated (since 2.13.0): Use .view.mapValues(f). A future version will include a strict version of this method (for now, .view.mapValues(f).toMap).[0m
[0m[[0m[33mwarn[0m] [0m[0m    nameToExprs ++= refs.groupBy(_._1).mapValues(_.map(_._2))[0m
[0m[[0m[33mwarn[0m] [0m[0m                                       ^[0m
[0m[[0m[33mwarn[0m] [0m[0m/work/chipyard/tools/firrtl2/src/main/scala/firrtl2/passes/RemoveCHIRRTL.scala:164:19: method rename in class MutableRenameMap is deprecated (since FIRRTL 1.5): Use type-safe rename methods instead[0m
[0m[[0m[33mwarn[0m] [0m[0m          renames.rename(sx.name, s"${sx.mem}.${sx.name}.rdata")[0m
[0m[[0m[33mwarn[0m] [0m[0m                  ^[0m
[0m[[0m[33mwarn[0m] [0m[0m/work/chipyard/tools/firrtl2/src/main/scala/firrtl2/passes/RemoveCHIRRTL.scala:165:19: method rename in class MutableRenameMap is deprecated (since FIRRTL 1.5): Use type-safe rename methods instead[0m
[0m[[0m[33mwarn[0m] [0m[0m          renames.rename(sx.name, s"${sx.mem}.${sx.name}.wdata")[0m
[0m[[0m[33mwarn[0m] [0m[0m                  ^[0m
[0m[[0m[33mwarn[0m] [0m[0m/work/chipyard/tools/firrtl2/src/main/scala/firrtl2/passes/RemoveCHIRRTL.scala:170:41: method rename in class MutableRenameMap is deprecated (since FIRRTL 1.5): Use type-safe rename methods instead[0m
[0m[[0m[33mwarn[0m] [0m[0m            case ((e, r), w) => renames.rename(e.serialize, Seq(r.serialize, w.serialize))[0m
[0m[[0m[33mwarn[0m] [0m[0m                                        ^[0m
[0m[[0m[33mwarn[0m] [0m[0m/work/chipyard/tools/firrtl2/src/main/scala/firrtl2/passes/RemoveCHIRRTL.scala:178:19: method rename in class MutableRenameMap is deprecated (since FIRRTL 1.5): Use type-safe rename methods instead[0m
[0m[[0m[33mwarn[0m] [0m[0m          renames.rename(sx.name, s"${sx.mem}.${sx.name}.data")[0m
[0m[[0m[33mwarn[0m] [0m[0m                  ^[0m
[0m[[0m[33mwarn[0m] [0m[0m/work/chipyard/tools/firrtl2/src/main/scala/firrtl2/passes/RemoveCHIRRTL.scala:182:36: method rename in class MutableRenameMap is deprecated (since FIRRTL 1.5): Use type-safe rename methods instead[0m
[0m[[0m[33mwarn[0m] [0m[0m            case (e, w) => renames.rename(e.serialize, w.serialize)[0m
[0m[[0m[33mwarn[0m] [0m[0m                                   ^[0m
[0m[[0m[33mwarn[0m] [0m[0m/work/chipyard/tools/firrtl2/src/main/scala/firrtl2/passes/RemoveCHIRRTL.scala:193:19: method rename in class MutableRenameMap is deprecated (since FIRRTL 1.5): Use type-safe rename methods instead[0m
[0m[[0m[33mwarn[0m] [0m[0m          renames.rename(sx.name, s"${sx.mem}.${sx.name}.data")[0m
[0m[[0m[33mwarn[0m] [0m[0m                  ^[0m
[0m[[0m[33mwarn[0m] [0m[0m/work/chipyard/tools/firrtl2/src/main/scala/firrtl2/passes/RemoveCHIRRTL.scala:197:36: method rename in class MutableRenameMap is deprecated (since FIRRTL 1.5): Use type-safe rename methods instead[0m
[0m[[0m[33mwarn[0m] [0m[0m            case (e, r) => renames.rename(e.serialize, r.serialize)[0m
[0m[[0m[33mwarn[0m] [0m[0m                                   ^[0m
[0m[[0m[33mwarn[0m] [0m[0m/work/chipyard/tools/firrtl2/src/main/scala/firrtl2/passes/RemoveCHIRRTL.scala:294:13: method setModule in class MutableRenameMap is deprecated (since FIRRTL 1.5): Use type-safe rename methods instead[0m
[0m[[0m[33mwarn[0m] [0m[0m    renames.setModule(m.name)[0m
[0m[[0m[33mwarn[0m] [0m[0m            ^[0m
[0m[[0m[33mwarn[0m] [0m[0m/work/chipyard/tools/firrtl2/src/main/scala/firrtl2/passes/RemoveCHIRRTL.scala:303:13: method setCircuit in class MutableRenameMap is deprecated (since FIRRTL 1.5): Use type-safe rename methods instead[0m
[0m[[0m[33mwarn[0m] [0m[0m    renames.setCircuit(c.main)[0m
[0m[[0m[33mwarn[0m] [0m[0m            ^[0m
[0m[[0m[33mwarn[0m] [0m[0m/work/chipyard/tools/firrtl2/src/main/scala/firrtl2/passes/ZeroWidth.scala:148:15: method delete in class MutableRenameMap is deprecated (since FIRRTL 1.5): Use type-safe delete methods instead[0m
[0m[[0m[33mwarn[0m] [0m[0m      renames.delete(getRemoved(d))[0m
[0m[[0m[33mwarn[0m] [0m[0m              ^[0m
[0m[[0m[33mwarn[0m] [0m[0m/work/chipyard/tools/firrtl2/src/main/scala/firrtl2/passes/ZeroWidth.scala:154:15: method delete in class MutableRenameMap is deprecated (since FIRRTL 1.5): Use type-safe delete methods instead[0m
[0m[[0m[33mwarn[0m] [0m[0m      renames.delete(getRemoved(d))[0m
[0m[[0m[33mwarn[0m] [0m[0m              ^[0m
[0m[[0m[33mwarn[0m] [0m[0m/work/chipyard/tools/firrtl2/src/main/scala/firrtl2/passes/ZeroWidth.scala:161:15: method delete in class MutableRenameMap is deprecated (since FIRRTL 1.5): Use type-safe delete methods instead[0m
[0m[[0m[33mwarn[0m] [0m[0m      renames.delete(getRemoved(d))[0m
[0m[[0m[33mwarn[0m] [0m[0m              ^[0m
[0m[[0m[33mwarn[0m] [0m[0m/work/chipyard/tools/firrtl2/src/main/scala/firrtl2/passes/ZeroWidth.scala:185:13: method setModule in class MutableRenameMap is deprecated (since FIRRTL 1.5): Use type-safe rename methods instead[0m
[0m[[0m[33mwarn[0m] [0m[0m    renames.setModule(m.name)[0m
[0m[[0m[33mwarn[0m] [0m[0m            ^[0m
[0m[[0m[33mwarn[0m] [0m[0m/work/chipyard/tools/firrtl2/src/main/scala/firrtl2/passes/ZeroWidth.scala:187:36: method delete in class MutableRenameMap is deprecated (since FIRRTL 1.5): Use type-safe delete methods instead[0m
[0m[[0m[33mwarn[0m] [0m[0m    m.ports.foreach { p => renames.delete(getRemoved(p)) }[0m
[0m[[0m[33mwarn[0m] [0m[0m                                   ^[0m
[0m[[0m[33mwarn[0m] [0m[0m/work/chipyard/tools/firrtl2/src/main/scala/firrtl2/passes/ZeroWidth.scala:191:17: method delete in class MutableRenameMap is deprecated (since FIRRTL 1.5): Use type-safe delete methods instead[0m
[0m[[0m[33mwarn[0m] [0m[0m        renames.delete(name)[0m
[0m[[0m[33mwarn[0m] [0m[0m                ^[0m
[0m[[0m[33mwarn[0m] [0m[0m/work/chipyard/tools/firrtl2/src/main/scala/firrtl2/passes/ZeroWidth.scala:204:13: method setCircuit in class MutableRenameMap is deprecated (since FIRRTL 1.5): Use type-safe rename methods instead[0m
[0m[[0m[33mwarn[0m] [0m[0m    renames.setCircuit(c.main)[0m
[0m[[0m[33mwarn[0m] [0m[0m            ^[0m
[0m[[0m[33mwarn[0m] [0m[0m/work/chipyard/tools/firrtl2/src/main/scala/firrtl2/passes/clocklist/ClockList.scala:21:23: method getChildrenMap in object WiringUtils is deprecated (since FIRRTL 1.1.1): Use DiGraph/InstanceGraph[0m
[0m[[0m[33mwarn[0m] [0m[0m    val childrenMap = getChildrenMap(c)[0m
[0m[[0m[33mwarn[0m] [0m[0m                      ^[0m
[0m[[0m[33mwarn[0m] [0m[0m/work/chipyard/tools/firrtl2/src/main/scala/firrtl2/passes/clocklist/ClockList.scala:23:20: method getLineage in object WiringUtils is deprecated (since FIRRTL 1.1.1): Use DiGraph/InstanceGraph[0m
[0m[[0m[33mwarn[0m] [0m[0m    val lineages = getLineage(childrenMap, top)[0m
[0m[[0m[33mwarn[0m] [0m[0m                   ^[0m
[0m[[0m[33mwarn[0m] [0m[0m/work/chipyard/tools/firrtl2/src/main/scala/firrtl2/passes/clocklist/ClockListUtils.scala:16:61: class Lineage in package wiring is deprecated (since FIRRTL 1.1.1): Use DiGraph/InstanceGraph[0m
[0m[[0m[33mwarn[0m] [0m[0m  def getSourceList(moduleMap: Map[String, DefModule])(lin: Lineage): Seq[String] = {[0m
[0m[[0m[33mwarn[0m] [0m[0m                                                            ^[0m
[0m[[0m[33mwarn[0m] [0m[0m/work/chipyard/tools/firrtl2/src/main/scala/firrtl2/passes/clocklist/ClockListUtils.scala:18:12: class Lineage in package wiring is deprecated (since FIRRTL 1.1.1): Use DiGraph/InstanceGraph[0m
[0m[[0m[33mwarn[0m] [0m[0m      case (sL, (i, l)) =>[0m
[0m[[0m[33mwarn[0m] [0m[0m           ^[0m
[0m[[0m[33mwarn[0m] [0m[0m/work/chipyard/tools/firrtl2/src/main/scala/firrtl2/passes/clocklist/ClockListUtils.scala:18:17: class Lineage in package wiring is deprecated (since FIRRTL 1.1.1): Use DiGraph/InstanceGraph[0m
[0m[[0m[33mwarn[0m] [0m[0m      case (sL, (i, l)) =>[0m
[0m[[0m[33mwarn[0m] [0m[0m                ^[0m
[0m[[0m[33mwarn[0m] [0m[0m/work/chipyard/tools/firrtl2/src/main/scala/firrtl2/passes/clocklist/ClockListUtils.scala:40:16: class Lineage in package wiring is deprecated (since FIRRTL 1.1.1): Use DiGraph/InstanceGraph[0m
[0m[[0m[33mwarn[0m] [0m[0m  )(lin:       Lineage[0m
[0m[[0m[33mwarn[0m] [0m[0m               ^[0m
[0m[[0m[33mwarn[0m] [0m[0m/work/chipyard/tools/firrtl2/src/main/scala/firrtl2/passes/clocklist/ClockListUtils.scala:45:12: class Lineage in package wiring is deprecated (since FIRRTL 1.1.1): Use DiGraph/InstanceGraph[0m
[0m[[0m[33mwarn[0m] [0m[0m      case (o, (i, l)) =>[0m
[0m[[0m[33mwarn[0m] [0m[0m           ^[0m
[0m[[0m[33mwarn[0m] [0m[0m/work/chipyard/tools/firrtl2/src/main/scala/firrtl2/passes/clocklist/ClockListUtils.scala:45:16: class Lineage in package wiring is deprecated (since FIRRTL 1.1.1): Use DiGraph/InstanceGraph[0m
[0m[[0m[33mwarn[0m] [0m[0m      case (o, (i, l)) =>[0m
[0m[[0m[33mwarn[0m] [0m[0m               ^[0m
[0m[[0m[33mwarn[0m] [0m[0m/work/chipyard/tools/firrtl2/src/main/scala/firrtl2/passes/clocklist/ClockListUtils.scala:59:61: class Lineage in package wiring is deprecated (since FIRRTL 1.1.1): Use DiGraph/InstanceGraph[0m
[0m[[0m[33mwarn[0m] [0m[0m            val childrenInstances = lin.children.map { case (instance, _) => me + sep + instance }[0m
[0m[[0m[33mwarn[0m] [0m[0m                                                            ^[0m
[0m[[0m[33mwarn[0m] [0m[0m/work/chipyard/tools/firrtl2/src/main/scala/firrtl2/passes/memlib/MemConf.scala:43:8: method mapValues in trait MapOps is deprecated (since 2.13.0): Use .view.mapValues(f). A future version will include a strict version of this method (for now, .view.mapValues(f).toMap).[0m
[0m[[0m[33mwarn[0m] [0m[0m      .mapValues(_.size)[0m
[0m[[0m[33mwarn[0m] [0m[0m       ^[0m
[0m[[0m[33mwarn[0m] [0m[0m/work/chipyard/tools/firrtl2/src/main/scala/firrtl2/passes/memlib/ResolveMemoryReference.scala:81:71: method mapValues in trait MapOps is deprecated (since 2.13.0): Use .view.mapValues(f). A future version will include a strict version of this method (for now, .view.mapValues(f).toMap).[0m
[0m[[0m[33mwarn[0m] [0m[0m    val noDedupMap: Map[String, Set[String]] = noDedups.groupBy(_._1).mapValues(_.map(_._2).toSet).toMap[0m
[0m[[0m[33mwarn[0m] [0m[0m                                                                      ^[0m
[0m[[0m[33mwarn[0m] [0m[0m/work/chipyard/tools/firrtl2/src/main/scala/firrtl2/stage/package.scala:32:16: object WarnNoScalaVersionDeprecation in package stage is deprecated (since FIRRTL 1.5): Support for Scala 2.11 has been dropped, this object no longer does anything[0m
[0m[[0m[33mwarn[0m] [0m[0m          case WarnNoScalaVersionDeprecation => c[0m
[0m[[0m[33mwarn[0m] [0m[0m               ^[0m
[0m[[0m[33mwarn[0m] [0m[0m/work/chipyard/tools/firrtl2/src/main/scala/firrtl2/stage/phases/DriverCompatibility.scala:82:37: class TopNameAnnotation in object DriverCompatibility is deprecated (since 1.2): "top-name" is deprecated as part of the Stage/Phase refactor. Use explicit input/output files.[0m
[0m[[0m[33mwarn[0m] [0m[0m    annotations.collectFirst { case TopNameAnnotation(n) => n }[0m
[0m[[0m[33mwarn[0m] [0m[0m                                    ^[0m
[0m[[0m[33mwarn[0m] [0m[0m/work/chipyard/tools/firrtl2/src/main/scala/firrtl2/stage/phases/DriverCompatibility.scala:176:53: class TopNameAnnotation in object DriverCompatibility is deprecated (since 1.2): "top-name" is deprecated as part of the Stage/Phase refactor. Use explicit input/output files.[0m
[0m[[0m[33mwarn[0m] [0m[0m      val main = annotations.collectFirst { case a: TopNameAnnotation => a.topName }[0m
[0m[[0m[33mwarn[0m] [0m[0m                                                    ^[0m
[0m[[0m[33mwarn[0m] [0m[0m/work/chipyard/tools/firrtl2/src/main/scala/firrtl2/stage/transforms/CatchCustomTransformExceptions.scala:22:15: method getPackage in class Package is deprecated (since 9)[0m
[0m[[0m[33mwarn[0m] [0m[0m      Package.getPackage(pack.getName.split('.').head)[0m
[0m[[0m[33mwarn[0m] [0m[0m              ^[0m
[0m[[0m[33mwarn[0m] [0m[0m/work/chipyard/tools/firrtl2/src/main/scala/firrtl2/transforms/BlackBoxSourceHelper.scala:102:12: class BlackBoxResourceAnno in package transforms is deprecated (since FIRRTL 1.5.0): Use either a BlackBoxInlineAnno or a BlackBoxPathAnno[0m
[0m[[0m[33mwarn[0m] [0m[0m      case BlackBoxResourceAnno(_, resourceId) =>[0m
[0m[[0m[33mwarn[0m] [0m[0m           ^[0m
[0m[[0m[33mwarn[0m] [0m[0m/work/chipyard/tools/firrtl2/src/main/scala/firrtl2/transforms/ConstantPropagation.scala:827:52: method mapValues in trait MapOps is deprecated (since 2.13.0): Use .view.mapValues(f). A future version will include a strict version of this method (for now, .view.mapValues(f).toMap).[0m
[0m[[0m[33mwarn[0m] [0m[0m    else (modx, constOutputs.toMap, constSubInputs.mapValues(_.toMap).toMap)[0m
[0m[[0m[33mwarn[0m] [0m[0m                                                   ^[0m
[0m[[0m[33mwarn[0m] [0m[0m/work/chipyard/tools/firrtl2/src/main/scala/firrtl2/transforms/ConstantPropagation.scala:927:33: method mapValues in trait MapOps is deprecated (since 2.13.0): Use .view.mapValues(f). A future version will include a strict version of this method (for now, .view.mapValues(f).toMap).[0m
[0m[[0m[33mwarn[0m] [0m[0m      dontTouches.groupBy(_._1).mapValues(_.map(_._2).toSet).toMap[0m
[0m[[0m[33mwarn[0m] [0m[0m                                ^[0m
[0m[[0m[33mwarn[0m] [0m[0m/work/chipyard/tools/firrtl2/src/main/scala/firrtl2/transforms/DeadCodeElimination.scala:69:68: method copyArrayToImmutableIndexedSeq in class LowPriorityImplicits2 is deprecated (since 2.13.0): implicit conversions from Array to immutable.IndexedSeq are implemented by copying; use `toIndexedSeq` explicitly if you want to copy, or use the more efficient non-copying ArraySeq.unsafeWrapArray[0m
[0m[[0m[33mwarn[0m] [0m[0m      val loweredName = LowerTypes.loweredName(component.name.split('.'))[0m
[0m[[0m[33mwarn[0m] [0m[0m                                                                   ^[0m
[0m[[0m[33mwarn[0m] [0m[0m/work/chipyard/tools/firrtl2/src/main/scala/firrtl2/transforms/DeadCodeElimination.scala:243:13: method setModule in class MutableRenameMap is deprecated (since FIRRTL 1.5): Use type-safe rename methods instead[0m
[0m[[0m[33mwarn[0m] [0m[0m    renames.setModule(mod.name)[0m
[0m[[0m[33mwarn[0m] [0m[0m            ^[0m
[0m[[0m[33mwarn[0m] [0m[0m/work/chipyard/tools/firrtl2/src/main/scala/firrtl2/transforms/DeadCodeElimination.scala:257:23: method delete in class MutableRenameMap is deprecated (since FIRRTL 1.5): Use type-safe delete methods instead[0m
[0m[[0m[33mwarn[0m] [0m[0m              renames.delete(inst.name)[0m
[0m[[0m[33mwarn[0m] [0m[0m                      ^[0m
[0m[[0m[33mwarn[0m] [0m[0m/work/chipyard/tools/firrtl2/src/main/scala/firrtl2/transforms/DeadCodeElimination.scala:269:21: method delete in class MutableRenameMap is deprecated (since FIRRTL 1.5): Use type-safe delete methods instead[0m
[0m[[0m[33mwarn[0m] [0m[0m            renames.delete(decl.name)[0m
[0m[[0m[33mwarn[0m] [0m[0m                    ^[0m
[0m[[0m[33mwarn[0m] [0m[0m/work/chipyard/tools/firrtl2/src/main/scala/firrtl2/transforms/DeadCodeElimination.scala:294:15: method delete in class MutableRenameMap is deprecated (since FIRRTL 1.5): Use type-safe delete methods instead[0m
[0m[[0m[33mwarn[0m] [0m[0m      renames.delete(p.name)[0m
[0m[[0m[33mwarn[0m] [0m[0m              ^[0m
[0m[[0m[33mwarn[0m] [0m[0m/work/chipyard/tools/firrtl2/src/main/scala/firrtl2/transforms/DeadCodeElimination.scala:347:57: method + in trait SetOps is deprecated (since 2.13.0): Consider requiring an immutable Set or fall back to Set.union[0m
[0m[[0m[33mwarn[0m] [0m[0m    val liveNodes = depGraph.reachableFrom(circuitSink) + circuitSink[0m
[0m[[0m[33mwarn[0m] [0m[0m                                                        ^[0m
[0m[[0m[33mwarn[0m] [0m[0m/work/chipyard/tools/firrtl2/src/main/scala/firrtl2/transforms/DeadCodeElimination.scala:348:42: method -- in trait SetOps is deprecated (since 2.13.0): Consider requiring an immutable Set[0m
[0m[[0m[33mwarn[0m] [0m[0m    val deadNodes = depGraph.getVertices -- liveNodes[0m
[0m[[0m[33mwarn[0m] [0m[0m                                         ^[0m
[0m[[0m[33mwarn[0m] [0m[0m/work/chipyard/tools/firrtl2/src/main/scala/firrtl2/transforms/DeadCodeElimination.scala:350:13: method setCircuit in class MutableRenameMap is deprecated (since FIRRTL 1.5): Use type-safe rename methods instead[0m
[0m[[0m[33mwarn[0m] [0m[0m    renames.setCircuit(c.main)[0m
[0m[[0m[33mwarn[0m] [0m[0m            ^[0m
[0m[[0m[33mwarn[0m] [0m[0m/work/chipyard/tools/firrtl2/src/main/scala/firrtl2/transforms/Dedup.scala:128:24: method setCircuit in class MutableRenameMap is deprecated (since FIRRTL 1.5): Use type-safe rename methods instead[0m
[0m[[0m[33mwarn[0m] [0m[0m    componentRenameMap.setCircuit(c.main)[0m
[0m[[0m[33mwarn[0m] [0m[0m                       ^[0m
[0m[[0m[33mwarn[0m] [0m[0m/work/chipyard/tools/firrtl2/src/main/scala/firrtl2/transforms/Dedup.scala:391:42: method rename in class MutableRenameMap is deprecated (since FIRRTL 1.5): Use type-safe rename methods instead[0m
[0m[[0m[33mwarn[0m] [0m[0m            case (old, nuu) => renameMap.rename(old.serialize, nuu.serialize)[0m
[0m[[0m[33mwarn[0m] [0m[0m                                         ^[0m
[0m[[0m[33mwarn[0m] [0m[0m/work/chipyard/tools/firrtl2/src/main/scala/firrtl2/transforms/Dedup.scala:400:15: method setModule in class MutableRenameMap is deprecated (since FIRRTL 1.5): Use type-safe rename methods instead[0m
[0m[[0m[33mwarn[0m] [0m[0m    renameMap.setModule(module.name)[0m
[0m[[0m[33mwarn[0m] [0m[0m              ^[0m
[0m[[0m[33mwarn[0m] [0m[0m/work/chipyard/tools/firrtl2/src/main/scala/firrtl2/transforms/Dedup.scala:580:10: method mapValues in trait MapOps is deprecated (since 2.13.0): Use .view.mapValues(f). A future version will include a strict version of this method (for now, .view.mapValues(f).toMap).[0m
[0m[[0m[33mwarn[0m] [0m[0m        .mapValues(tag => dedupedName2module(tag2name(tag)))[0m
[0m[[0m[33mwarn[0m] [0m[0m         ^[0m
[0m[[0m[33mwarn[0m] [0m[0m/work/chipyard/tools/firrtl2/src/main/scala/firrtl2/transforms/InferResets.scala:79:71: method mapValues in trait MapOps is deprecated (since 2.13.0): Use .view.mapValues(f). A future version will include a strict version of this method (for now, .view.mapValues(f).toMap).[0m
[0m[[0m[33mwarn[0m] [0m[0m          tokens.groupBy { case (TargetToken.Field(n) +: t, _) => n }.mapValues { ts =>[0m
[0m[[0m[33mwarn[0m] [0m[0m                                                                      ^[0m
[0m[[0m[33mwarn[0m] [0m[0m/work/chipyard/tools/firrtl2/src/main/scala/firrtl2/transforms/InferResets.scala:196:9: method mapValues in trait MapOps is deprecated (since 2.13.0): Use .view.mapValues(f). A future version will include a strict version of this method (for now, .view.mapValues(f).toMap).[0m
[0m[[0m[33mwarn[0m] [0m[0m    res.mapValues(_.toList).toMap[0m
[0m[[0m[33mwarn[0m] [0m[0m        ^[0m
[0m[[0m[33mwarn[0m] [0m[0m/work/chipyard/tools/firrtl2/src/main/scala/firrtl2/transforms/InferResets.scala:239:34: method -- in trait SetOps is deprecated (since 2.13.0): Consider requiring an immutable Set[0m
[0m[[0m[33mwarn[0m] [0m[0m    val sync = graph.getVertices -- async[0m
[0m[[0m[33mwarn[0m] [0m[0m                                 ^[0m
[0m[[0m[33mwarn[0m] [0m[0m/work/chipyard/tools/firrtl2/src/main/scala/firrtl2/transforms/InferResets.scala:270:8: method mapValues in trait MapOps is deprecated (since 2.13.0): Use .view.mapValues(f). A future version will include a strict version of this method (for now, .view.mapValues(f).toMap).[0m
[0m[[0m[33mwarn[0m] [0m[0m      .mapValues { ts =>[0m
[0m[[0m[33mwarn[0m] [0m[0m       ^[0m
[0m[[0m[33mwarn[0m] [0m[0m/work/chipyard/tools/firrtl2/src/main/scala/firrtl2/transforms/InlineBooleanExpressions.scala:187:35: method mapValues in trait MapOps is deprecated (since 2.13.0): Use .view.mapValues(f). A future version will include a strict version of this method (for now, .view.mapValues(f).toMap).[0m
[0m[[0m[33mwarn[0m] [0m[0m        dontTouches.groupBy(_._1).mapValues(_.map(_._2).toSet).toMap[0m
[0m[[0m[33mwarn[0m] [0m[0m                                  ^[0m
[0m[[0m[33mwarn[0m] [0m[0m/work/chipyard/tools/firrtl2/src/main/scala/firrtl2/transforms/ManipulateNames.scala:270:15: method underlying in trait RenameMap is deprecated (since FIRRTL 1.5): This should never have been public[0m
[0m[[0m[33mwarn[0m] [0m[0m    r.renames.underlying.get(t) match {[0m
[0m[[0m[33mwarn[0m] [0m[0m              ^[0m
[0m[[0m[33mwarn[0m] [0m[0m/work/chipyard/tools/firrtl2/src/main/scala/firrtl2/transforms/MustDedup.scala:104:65: method + in trait SetOps is deprecated (since 2.13.0): Consider requiring an immutable Set or fall back to Set.union[0m
[0m[[0m[33mwarn[0m] [0m[0m      val froms = shouldDedup.map(x => digraph.reachableFrom(x) + x)[0m
[0m[[0m[33mwarn[0m] [0m[0m                                                                ^[0m
[0m[[0m[33mwarn[0m] [0m[0m/work/chipyard/tools/firrtl2/src/main/scala/firrtl2/transforms/MustDedup.scala:127:59: method + in trait SetOps is deprecated (since 2.13.0): Consider requiring an immutable Set or fall back to Set.union[0m
[0m[[0m[33mwarn[0m] [0m[0m      if (deeper.nonEmpty || nodeOfInterest(node)) deeper + node else deeper[0m
[0m[[0m[33mwarn[0m] [0m[0m                                                          ^[0m
[0m[[0m[33mwarn[0m] [0m[0m/work/chipyard/tools/firrtl2/src/main/scala/firrtl2/transforms/MustDedup.scala:142:10: method mapValues in trait MapOps is deprecated (since 2.13.0): Use .view.mapValues(f). A future version will include a strict version of this method (for now, .view.mapValues(f).toMap).[0m
[0m[[0m[33mwarn[0m] [0m[0m        .mapValues(_.toSeq)[0m
[0m[[0m[33mwarn[0m] [0m[0m         ^[0m
[0m[[0m[33mwarn[0m] [0m[0m/work/chipyard/tools/firrtl2/src/main/scala/firrtl2/util/BackendCompilationUtilities.scala:126:19: method getLines in object FileUtils is deprecated (since FIRRTL 1.5): Use os-lib instead, this function will be removed in FIRRTL 1.6[0m
[0m[[0m[33mwarn[0m] [0m[0m        FileUtils.getLines(list_file).toSet[0m
[0m[[0m[33mwarn[0m] [0m[0m                  ^[0m
[0m[[0m[33mwarn[0m] [0m[0m/work/chipyard/tools/firrtl2/src/main/scala/firrtl2/annotations/Target.scala:261:20: Exhaustivity analysis reached max recursion depth, not all missing cases are reported.[0m
[0m[[0m[33mwarn[0m] [0m[0m(Please try with scalac -Ypatmat-exhaust-depth 40 or -Ypatmat-exhaust-depth off.)[0m
[0m[[0m[33mwarn[0m] [0m[0m      val target = this match {[0m
[0m[[0m[33mwarn[0m] [0m[0m                   ^[0m
[0m[[0m[33mwarn[0m] [0m[0m/work/chipyard/tools/firrtl2/src/main/scala/firrtl2/annotations/Target.scala:392:72: match may not be exhaustive.[0m
[0m[[0m[33mwarn[0m] [0m[0mIt would fail on the following inputs: Vector0, Vector1(), Vector2(), Vector3(), Vector4(), Vector5(), Vector6()[0m
[0m[[0m[33mwarn[0m] [0m[0m  lazy val (parentModule: Option[String], astModule: Option[String]) = path match {[0m
[0m[[0m[33mwarn[0m] [0m[0m                                                                       ^[0m
[0m[[0m[33mwarn[0m] [0m[0m535 feature warnings; re-run with -feature for details[0m
[0m[[0m[33mwarn[0m] [0m[0mone warning found[0m
[0m[[0m[0minfo[0m] [0m[0mdone compiling[0m
[0m[[0m[0minfo[0m] [0m[0mcompiling 317 Scala sources to /work/chipyard/generators/rocket-chip/src/target/scala-2.13/classes ...[0m
[0m[[0m[33mwarn[0m] [0m[0m/work/chipyard/tools/firrtl2/src/main/scala/firrtl2/backends/experimental/smt/Btor2Serializer.scala:40:38: Exhaustivity analysis reached max recursion depth, not all missing cases are reported.[0m
[0m[[0m[33mwarn[0m] [0m[0m(Please try with scalac -Ypatmat-exhaust-depth 40 or -Ypatmat-exhaust-depth off.)[0m
[0m[[0m[33mwarn[0m] [0m[0m  private def s(expr: BVExpr): Int = expr match {[0m
[0m[[0m[33mwarn[0m] [0m[0m                                     ^[0m
[0m[[0m[33mwarn[0m] [0m[0m/work/chipyard/tools/firrtl2/src/main/scala/firrtl2/backends/experimental/smt/SMTExprSerializer.scala:7:41: match may not be exhaustive.[0m
[0m[[0m[33mwarn[0m] [0m[0mIt would fail on the following inputs: BVComparison((x: firrtl2.backends.experimental.smt.Compare.Value forSome x not in (Greater, GreaterEqual)), _, _, false), BVComparison((x: firrtl2.backends.experimental.smt.Compare.Value forSome x not in (Greater, GreaterEqual)), _, _, true)[0m
[0m[[0m[33mwarn[0m] [0m[0m  def serialize(expr: BVExpr): String = expr match {[0m
[0m[[0m[33mwarn[0m] [0m[0m                                        ^[0m
[0m[[0m[33mwarn[0m] [0m[0m/work/chipyard/tools/firrtl2/src/main/scala/firrtl2/backends/experimental/smt/SMTLibSerializer.scala:25:46: Exhaustivity analysis reached max recursion depth, not all missing cases are reported.[0m
[0m[[0m[33mwarn[0m] [0m[0m(Please try with scalac -Ypatmat-exhaust-depth 40 or -Ypatmat-exhaust-depth off.)[0m
[0m[[0m[33mwarn[0m] [0m[0m  private def serialize(e: BVExpr): String = e match {[0m
[0m[[0m[33mwarn[0m] [0m[0m                                             ^[0m
[0m[[0m[33mwarn[0m] [0m[0m/work/chipyard/tools/firrtl2/src/main/scala/firrtl2/passes/Inline.scala:299:29: match may not be exhaustive.[0m
[0m[[0m[33mwarn[0m] [0m[0mIt would fail on the following input: Some(_)[0m
[0m[[0m[33mwarn[0m] [0m[0m          renamesOpt.flatMap(_.get(port)) match {[0m
[0m[[0m[33mwarn[0m] [0m[0m                            ^[0m
[0m[[0m[33mwarn[0m] [0m[0m/work/chipyard/tools/firrtl2/src/main/scala/firrtl2/passes/memlib/DumpMemoryAnnotations.scala:46:10: match may not be exhaustive.[0m
[0m[[0m[33mwarn[0m] [0m[0mIt would fail on the following inputs: (Port(_, MaskedReadWritePort), false), (Port(_, MaskedReadWritePort), true), (Port(_, MaskedWritePort), false), (Port(_, MaskedWritePort), true)[0m
[0m[[0m[33mwarn[0m] [0m[0m        ((port, masked) match {[0m
[0m[[0m[33mwarn[0m] [0m[0m         ^[0m
[0m[[0m[33mwarn[0m] [0m[0m/work/chipyard/tools/firrtl2/src/main/scala/firrtl2/passes/memlib/DumpMemoryAnnotations.scala:98:14: match may not be exhaustive.[0m
[0m[[0m[33mwarn[0m] [0m[0mIt would fail on the following inputs: MaskedReadWritePort, MaskedWritePort[0m
[0m[[0m[33mwarn[0m] [0m[0m        port.portType match {[0m
[0m[[0m[33mwarn[0m] [0m[0m             ^[0m
[0m[[0m[33mwarn[0m] [0m[0m/work/chipyard/tools/firrtl2/src/main/scala/firrtl2/stage/phases/Compiler.scala:64:28: match may not be exhaustive.[0m
[0m[[0m[33mwarn[0m] [0m[0mIt would fail on the following input: (_, _)[0m
[0m[[0m[33mwarn[0m] [0m[0m    a.foldLeft(Defaults()) {[0m
[0m[[0m[33mwarn[0m] [0m[0m                           ^[0m
[0m[[0m[33mwarn[0m] [0m[0m/work/chipyard/tools/firrtl2/src/main/scala/firrtl2/transforms/DeadCodeElimination.scala:145:74: match may not be exhaustive.[0m
[0m[[0m[33mwarn[0m] [0m[0mIt would fail on the following inputs: List(_), Nil[0m
[0m[[0m[33mwarn[0m] [0m[0m        exprs.flatMap(getDeps(_)).toSet.subsets(2).map(_.toList).foreach {[0m
[0m[[0m[33mwarn[0m] [0m[0m                                                                         ^[0m
[0m[[0m[33mwarn[0m] [0m[0m/work/chipyard/tools/firrtl2/src/main/scala/firrtl2/transforms/SimplifyMems.scala:54:67: match may not be exhaustive.[0m
[0m[[0m[33mwarn[0m] [0m[0mIt would fail on the following inputs: Field(_, (x: firrtl2.ir.Orientation forSome x not in Flip), (x: firrtl2.ir.Type forSome x not in firrtl2.ir.BundleType)), Field(_, (x: firrtl2.ir.Orientation forSome x not in Flip), BundleType(_)), Field(_, Flip, (x: firrtl2.ir.Type forSome x not in firrtl2.ir.BundleType))[0m
[0m[[0m[33mwarn[0m] [0m[0m      val adapterConnects = memType(simpleMemDecl).fields.flatMap {[0m
[0m[[0m[33mwarn[0m] [0m[0m                                                                  ^[0m
[0m[[0m[33mwarn[0m] [0m[0m/work/chipyard/generators/rocket-chip/src/main/scala/diplomacy/Parameters.scala:122:16: Implicit definition should have explicit type (inferred Boolean)[0m
[0m[[0m[33mwarn[0m] [0m[0m  implicit def asBool(x: TransferSizes) = !x.none[0m
[0m[[0m[33mwarn[0m] [0m[0m               ^[0m
[0m[[0m[33mwarn[0m] [0m[0m/work/chipyard/generators/rocket-chip/src/main/scala/diplomacy/package.scala:62:16: Implicit definition should have explicit type (inferred org.chipsalliance.diplomacy.SourcecodeNameExt)[0m
[0m[[0m[33mwarn[0m] [0m[0m  implicit def SourcecodeNameExt(x: sourcecode.Name) = _root_.org.chipsalliance.diplomacy.SourcecodeNameExt(x)[0m
[0m[[0m[33mwarn[0m] [0m[0m               ^[0m
[0m[[0m[33mwarn[0m] [0m[0m/work/chipyard/generators/rocket-chip/src/main/scala/jtag/JtagStateMachine.scala:18:18: Implicit definition should have explicit type (inferred Int) [quickfixable][0m
[0m[[0m[33mwarn[0m] [0m[0m    implicit def toInt(x: State) = x.id[0m
[0m[[0m[33mwarn[0m] [0m[0m                 ^[0m
[0m[[0m[33mwarn[0m] [0m[0m/work/chipyard/generators/rocket-chip/src/main/scala/jtag/package.scala:14:16: Implicit definition should have explicit type (inferred (scala.math.BigInt, V))[0m
[0m[[0m[33mwarn[0m] [0m[0m  implicit def instructionIntKeyToBigInt[V <: Chain](x: (Int, V)) = (BigInt(x._1), x._2)[0m
[0m[[0m[33mwarn[0m] [0m[0m               ^[0m
[0m[[0m[33mwarn[0m] [0m[0m/work/chipyard/generators/rocket-chip/src/main/scala/regmapper/RegField.scala:21:16: Implicit definition should have explicit type (inferred freechips.rocketchip.regmapper.RegReadFn)[0m
[0m[[0m[33mwarn[0m] [0m[0m  implicit def apply(x: (Bool, Bool) => (Bool, Bool, UInt)) =[0m
[0m[[0m[33mwarn[0m] [0m[0m               ^[0m
[0m[[0m[33mwarn[0m] [0m[0m/work/chipyard/generators/rocket-chip/src/main/scala/regmapper/RegField.scala:32:16: Implicit definition should have explicit type (inferred freechips.rocketchip.regmapper.RegReadFn)[0m
[0m[[0m[33mwarn[0m] [0m[0m  implicit def apply(x: Bool => (Bool, UInt)) =[0m
[0m[[0m[33mwarn[0m] [0m[0m               ^[0m
[0m[[0m[33mwarn[0m] [0m[0m/work/chipyard/generators/rocket-chip/src/main/scala/regmapper/RegField.scala:53:16: Implicit definition should have explicit type (inferred freechips.rocketchip.regmapper.RegWriteFn)[0m
[0m[[0m[33mwarn[0m] [0m[0m  implicit def apply(x: (Bool, Bool, UInt) => (Bool, Bool)) =[0m
[0m[[0m[33mwarn[0m] [0m[0m               ^[0m
[0m[[0m[33mwarn[0m] [0m[0m/work/chipyard/generators/rocket-chip/src/main/scala/regmapper/RegField.scala:65:16: Implicit definition should have explicit type (inferred freechips.rocketchip.regmapper.RegWriteFn)[0m
[0m[[0m[33mwarn[0m] [0m[0m  implicit def apply(x: (Bool, UInt) => Bool) =[0m
[0m[[0m[33mwarn[0m] [0m[0m               ^[0m
[0m[[0m[33mwarn[0m] [0m[0m/work/chipyard/generators/rocket-chip/src/main/scala/rocket/CSR.scala:136:26: procedure syntax is deprecated: instead, add `: Unit =` to explicitly declare `write`'s return type [quickfixable][0m
[0m[[0m[33mwarn[0m] [0m[0m  def write(wdata: UInt) {[0m
[0m[[0m[33mwarn[0m] [0m[0m                         ^[0m
[0m[[0m[33mwarn[0m] [0m[0m/work/chipyard/generators/rocket-chip/src/main/scala/rocket/DebugROB.scala:94:79: procedure syntax is deprecated: instead, add `: Unit =` to explicitly declare `pushWb`'s return type [quickfixable][0m
[0m[[0m[33mwarn[0m] [0m[0m    hartid: UInt, valid: Bool, tag: UInt, data: UInt)(implicit p: Parameters) {[0m
[0m[[0m[33mwarn[0m] [0m[0m                                                                              ^[0m
[0m[[0m[33mwarn[0m] [0m[0m82 warnings found[0m
[0m[[0m[0minfo[0m] [0m[0mdone compiling[0m
[0m[[0m[0minfo[0m] [0m[0mcompiling 1 Scala source to /work/chipyard/tools/firrtl2/bridge/src/target/scala-2.13/classes ...[0m
[0m[[0m[33mwarn[0m] [0m[0m/work/chipyard/tools/firrtl2/bridge/src/main/scala/Bridge.scala:8:8: Importing from firrtl is deprecated as of Chisel's 3.6.0 release.[0m
[0m[[0m[33mwarn[0m] [0m[0mimport firrtl.passes.InlineAnnotation[0m
[0m[[0m[33mwarn[0m] [0m[0m       ^[0m
[0m[[0m[33mwarn[0m] [0m[0m/work/chipyard/tools/firrtl2/bridge/src/main/scala/Bridge.scala:9:8: Importing from firrtl is deprecated as of Chisel's 3.6.0 release.[0m
[0m[[0m[33mwarn[0m] [0m[0mimport firrtl.transforms.FlattenAnnotation[0m
[0m[[0m[33mwarn[0m] [0m[0m       ^[0m
[0m[[0m[33mwarn[0m] [0m[0m/work/chipyard/tools/firrtl2/bridge/src/main/scala/Bridge.scala:11:8: Importing from firrtl is deprecated as of Chisel's 3.6.0 release.[0m
[0m[[0m[33mwarn[0m] [0m[0mimport firrtl._[0m
[0m[[0m[33mwarn[0m] [0m[0m       ^[0m
[0m[[0m[33mwarn[0m] [0m[0m/work/chipyard/tools/firrtl2/bridge/src/main/scala/Bridge.scala:12:8: Importing from firrtl is deprecated as of Chisel's 3.6.0 release.[0m
[0m[[0m[33mwarn[0m] [0m[0mimport firrtl.ir._[0m
[0m[[0m[33mwarn[0m] [0m[0m       ^[0m
[0m[[0m[33mwarn[0m] [0m[0m/work/chipyard/tools/firrtl2/bridge/src/main/scala/Bridge.scala:13:8: Importing from firrtl is deprecated as of Chisel's 3.6.0 release.[0m
[0m[[0m[33mwarn[0m] [0m[0mimport firrtl.annotations._[0m
[0m[[0m[33mwarn[0m] [0m[0m       ^[0m
[0m[[0m[33mwarn[0m] [0m[0m/work/chipyard/tools/firrtl2/bridge/src/main/scala/Bridge.scala:14:8: Importing from firrtl is deprecated as of Chisel's 3.6.0 release.[0m
[0m[[0m[33mwarn[0m] [0m[0mimport firrtl.stage.FirrtlCircuitAnnotation[0m
[0m[[0m[33mwarn[0m] [0m[0m       ^[0m
[0m[[0m[33mwarn[0m] [0m[0m/work/chipyard/tools/firrtl2/bridge/src/main/scala/Bridge.scala:15:8: Importing from firrtl is deprecated as of Chisel's 3.6.0 release.[0m
[0m[[0m[33mwarn[0m] [0m[0mimport firrtl.passes.wiring.{SinkAnnotation, SourceAnnotation}[0m
[0m[[0m[33mwarn[0m] [0m[0m       ^[0m
[0m[[0m[33mwarn[0m] [0m[0m/work/chipyard/tools/firrtl2/bridge/src/main/scala/Bridge.scala:16:8: Importing from firrtl is deprecated as of Chisel's 3.6.0 release.[0m
[0m[[0m[33mwarn[0m] [0m[0mimport firrtl.transforms.{DontTouchAnnotation, NoDedupAnnotation}[0m
[0m[[0m[33mwarn[0m] [0m[0m       ^[0m
[0m[[0m[33mwarn[0m] [0m[0m8 warnings found[0m
[0m[[0m[0minfo[0m] [0m[0mdone compiling[0m
[0m[[0m[33mwarn[0m] [0m[0m/work/chipyard/generators/rocket-chip/src/main/scala/tilelink/Xbar.scala:116:106: procedure syntax is deprecated: instead, add `: Unit =` to explicitly declare `circuit`'s return type [quickfixable][0m
[0m[[0m[33mwarn[0m] [0m[0m  def circuit(policy: TLArbiter.Policy, seqIn: Seq[(TLBundle, TLEdge)], seqOut: Seq[(TLBundle, TLEdge)]) {[0m
[0m[[0m[33mwarn[0m] [0m[0m                                                                                                         ^[0m
[0m[[0m[33mwarn[0m] [0m[0m/work/chipyard/generators/rocket-chip/src/main/scala/util/PlusArg.scala:35:16: Implicit definition should have explicit type (inferred freechips.rocketchip.util.Doctypeable[Int]) [quickfixable][0m
[0m[[0m[33mwarn[0m] [0m[0m  implicit val intToDoctype    = new Doctypeable[Int]    { def toDoctype(a: Option[Int])    = "INT"    }[0m
[0m[[0m[33mwarn[0m] [0m[0m               ^[0m
[0m[[0m[33mwarn[0m] [0m[0m/work/chipyard/generators/rocket-chip/src/main/scala/util/PlusArg.scala:38:16: Implicit definition should have explicit type (inferred freechips.rocketchip.util.Doctypeable[BigInt]) [quickfixable][0m
[0m[[0m[33mwarn[0m] [0m[0m  implicit val bigIntToDoctype = new Doctypeable[BigInt] { def toDoctype(a: Option[BigInt]) = "INT"    }[0m
[0m[[0m[33mwarn[0m] [0m[0m               ^[0m
[0m[[0m[33mwarn[0m] [0m[0m/work/chipyard/generators/rocket-chip/src/main/scala/util/PlusArg.scala:41:16: Implicit definition should have explicit type (inferred freechips.rocketchip.util.Doctypeable[String]) [quickfixable][0m
[0m[[0m[33mwarn[0m] [0m[0m  implicit val stringToDoctype = new Doctypeable[String] { def toDoctype(a: Option[String]) = "STRING" }[0m
[0m[[0m[33mwarn[0m] [0m[0m               ^[0m
[0m[[0m[33mwarn[0m] [0m[0m/work/chipyard/generators/rocket-chip/src/main/scala/util/ShiftQueue.scala:18:28: reference to entries is ambiguous;[0m
[0m[[0m[33mwarn[0m] [0m[0mit is both defined in the enclosing class ShiftQueue and inherited in the enclosing anonymous class as value entries (defined in class QueueIO)[0m
[0m[[0m[33mwarn[0m] [0m[0mIn Scala 2, symbols inherited from a superclass shadow symbols defined in an outer scope.[0m
[0m[[0m[33mwarn[0m] [0m[0mSuch references are ambiguous in Scala 3. To continue using the inherited symbol, write `this.entries`.[0m
[0m[[0m[33mwarn[0m] [0m[0mOr use `-Wconf:msg=legacy-binding:s` to silence this warning. [quickfixable][0m
[0m[[0m[33mwarn[0m] [0m[0m    val mask = Output(UInt(entries.W))[0m
[0m[[0m[33mwarn[0m] [0m[0m                           ^[0m
[0m[[0m[33mwarn[0m] [0m[0m/work/chipyard/generators/rocket-chip/src/main/scala/diplomacy/Main.scala:6:8: Importing from firrtl is deprecated as of Chisel's 3.6.0 release.[0m
[0m[[0m[33mwarn[0m] [0m[0mimport firrtl.AnnotationSeq[0m
[0m[[0m[33mwarn[0m] [0m[0m       ^[0m
[0m[[0m[33mwarn[0m] [0m[0m/work/chipyard/generators/rocket-chip/src/main/scala/diplomacy/Main.scala:7:8: Importing from firrtl is deprecated as of Chisel's 3.6.0 release.[0m
[0m[[0m[33mwarn[0m] [0m[0mimport firrtl.options.TargetDirAnnotation[0m
[0m[[0m[33mwarn[0m] [0m[0m       ^[0m
[0m[[0m[33mwarn[0m] [0m[0m/work/chipyard/generators/rocket-chip/src/main/scala/util/Annotations.scala:8:8: Importing from firrtl is deprecated as of Chisel's 3.6.0 release.[0m
[0m[[0m[33mwarn[0m] [0m[0mimport firrtl.annotations._[0m
[0m[[0m[33mwarn[0m] [0m[0m       ^[0m
[0m[[0m[33mwarn[0m] [0m[0m/work/chipyard/generators/rocket-chip/src/main/scala/util/ElaborationArtefactAnnotation.scala:5:8: Importing from firrtl is deprecated as of Chisel's 3.6.0 release.[0m
[0m[[0m[33mwarn[0m] [0m[0mimport firrtl.RenameMap[0m
[0m[[0m[33mwarn[0m] [0m[0m       ^[0m
[0m[[0m[33mwarn[0m] [0m[0m/work/chipyard/generators/rocket-chip/src/main/scala/util/ElaborationArtefactAnnotation.scala:6:8: Importing from firrtl is deprecated as of Chisel's 3.6.0 release.[0m
[0m[[0m[33mwarn[0m] [0m[0mimport firrtl.annotations.{Annotation, HasSerializationHints}[0m
[0m[[0m[33mwarn[0m] [0m[0m       ^[0m
[0m[[0m[33mwarn[0m] [0m[0m/work/chipyard/generators/rocket-chip/src/main/scala/util/ElaborationArtefactAnnotation.scala:7:8: Importing from firrtl is deprecated as of Chisel's 3.6.0 release.[0m
[0m[[0m[33mwarn[0m] [0m[0mimport firrtl.annotations.{IsModule, ReferenceTarget}[0m
[0m[[0m[33mwarn[0m] [0m[0m       ^[0m
[0m[[0m[33mwarn[0m] [0m[0m/work/chipyard/generators/rocket-chip/src/main/scala/amba/axi4/Fragmenter.scala:81:104: method mapValues in trait MapOps is deprecated (since 2.13.0): Use .view.mapValues(f). A future version will include a strict version of this method (for now, .view.mapValues(f).toMap).[0m
[0m[[0m[33mwarn[0m] [0m[0m        val sizes1 = (supportedSizes1 zip slave.slaves.map(_.address)).filter(_._1 >= 0).groupBy(_._1).mapValues(_.flatMap(_._2))[0m
[0m[[0m[33mwarn[0m] [0m[0m                                                                                                       ^[0m
[0m[[0m[33mwarn[0m] [0m[0m/work/chipyard/generators/rocket-chip/src/main/scala/amba/axi4/IdIndexer.scala:57:56: method copyArrayToImmutableIndexedSeq in class LowPriorityImplicits2 is deprecated (since 2.13.0): implicit conversions from Array to immutable.IndexedSeq are implemented by copying; use `toIndexedSeq` explicitly if you want to copy, or use the more efficient non-copying ArraySeq.unsafeWrapArray[0m
[0m[[0m[33mwarn[0m] [0m[0m        masters    = masters.zip(finalNameStrings).map { case (m, n) => m.copy(name = n) })[0m
[0m[[0m[33mwarn[0m] [0m[0m                                                       ^[0m
[0m[[0m[33mwarn[0m] [0m[0m/work/chipyard/generators/rocket-chip/src/main/scala/devices/debug/Debug.scala:1707:93: method copyArrayToImmutableIndexedSeq in class LowPriorityImplicits2 is deprecated (since 2.13.0): implicit conversions from Array to immutable.IndexedSeq are implemented by copying; use `toIndexedSeq` explicitly if you want to copy, or use the more efficient non-copying ArraySeq.unsafeWrapArray[0m
[0m[[0m[33mwarn[0m] [0m[0m        (if (cfg.atzero) DebugRomContents() else DebugRomNonzeroContents()).zipWithIndex.map{case (x, i) =>[0m
[0m[[0m[33mwarn[0m] [0m[0m                                                                                            ^[0m
[0m[[0m[33mwarn[0m] [0m[0m/work/chipyard/generators/rocket-chip/src/main/scala/devices/tilelink/BootROM.scala:86:57: method copyArrayToImmutableIndexedSeq in class LowPriorityImplicits2 is deprecated (since 2.13.0): implicit conversions from Array to immutable.IndexedSeq are implemented by copying; use `toIndexedSeq` explicitly if you want to copy, or use the more efficient non-copying ArraySeq.unsafeWrapArray[0m
[0m[[0m[33mwarn[0m] [0m[0m      LazyModule(new TLROM(params.address, params.size, contents, true, tlbus.beatBytes))[0m
[0m[[0m[33mwarn[0m] [0m[0m                                                        ^[0m
[0m[[0m[33mwarn[0m] [0m[0m/work/chipyard/generators/rocket-chip/src/main/scala/devices/tilelink/BusBypass.scala:11:36: type LazyModule in package diplomacy is deprecated (since rocketchip 2.0.0): Diplomacy has been split to a standalone library[0m
[0m[[0m[33mwarn[0m] [0m[0m  (implicit p: Parameters) extends LazyModule[0m
[0m[[0m[33mwarn[0m] [0m[0m                                   ^[0m
[0m[[0m[33mwarn[0m] [0m[0m/work/chipyard/generators/rocket-chip/src/main/scala/devices/tilelink/BusBypass.scala:15:14: value NodeHandle in package diplomacy is deprecated (since rocketchip 2.0.0): Diplomacy has been split to a standalone library[0m
[0m[[0m[33mwarn[0m] [0m[0m  val node = NodeHandle(nodeIn, nodeOut)[0m
[0m[[0m[33mwarn[0m] [0m[0m             ^[0m
[0m[[0m[33mwarn[0m] [0m[0m/work/chipyard/generators/rocket-chip/src/main/scala/devices/tilelink/BusBypass.scala:17:23: value LazyModule in package diplomacy is deprecated (since rocketchip 2.0.0): Diplomacy has been split to a standalone library[0m
[0m[[0m[33mwarn[0m] [0m[0m  protected val bar = LazyModule(new TLBusBypassBar(dFn = { mp =>[0m
[0m[[0m[33mwarn[0m] [0m[0m                      ^[0m
[0m[[0m[33mwarn[0m] [0m[0m/work/chipyard/generators/rocket-chip/src/main/scala/devices/tilelink/BusBypass.scala:26:39: value LazyModule in package diplomacy is deprecated (since rocketchip 2.0.0): Diplomacy has been split to a standalone library[0m
[0m[[0m[33mwarn[0m] [0m[0m  protected val error = if (deadlock) LazyModule(new TLDeadlock(params, beatBytes))[0m
[0m[[0m[33mwarn[0m] [0m[0m                                      ^[0m
[0m[[0m[33mwarn[0m] [0m[0m/work/chipyard/generators/rocket-chip/src/main/scala/devices/tilelink/BusBypass.scala:27:30: value LazyModule in package diplomacy is deprecated (since rocketchip 2.0.0): Diplomacy has been split to a standalone library[0m
[0m[[0m[33mwarn[0m] [0m[0m                        else LazyModule(new TLError(params, bufferError, beatBytes))[0m
[0m[[0m[33mwarn[0m] [0m[0m                             ^[0m
[0m[[0m[33mwarn[0m] [0m[0m/work/chipyard/generators/rocket-chip/src/main/scala/devices/tilelink/BusBypass.scala:41:22: type LazyModuleImp in package diplomacy is deprecated (since rocketchip 2.0.0): Diplomacy has been split to a standalone library[0m
[0m[[0m[33mwarn[0m] [0m[0m  class Impl extends LazyModuleImp(this) {[0m
[0m[[0m[33mwarn[0m] [0m[0m                     ^[0m
[0m[[0m[33mwarn[0m] [0m[0m/work/chipyard/generators/rocket-chip/src/main/scala/devices/tilelink/BusBypass.scala:49:91: type ValName in package diplomacy is deprecated (since rocketchip 2.0.0): Diplomacy has been split to a standalone library[0m
[0m[[0m[33mwarn[0m] [0m[0mclass TLBypassNode(dFn: TLSlavePortParameters => TLSlavePortParameters)(implicit valName: ValName) extends TLCustomNode[0m
[0m[[0m[33mwarn[0m] [0m[0m                                                                                          ^[0m
[0m[[0m[33mwarn[0m] [0m[0m/work/chipyard/generators/rocket-chip/src/main/scala/devices/tilelink/BusBypass.scala:61:107: type LazyModule in package diplomacy is deprecated (since rocketchip 2.0.0): Diplomacy has been split to a standalone library[0m
[0m[[0m[33mwarn[0m] [0m[0mclass TLBusBypassBar(dFn: TLSlavePortParameters => TLSlavePortParameters)(implicit p: Parameters) extends LazyModule[0m
[0m[[0m[33mwarn[0m] [0m[0m                                                                                                          ^[0m
[0m[[0m[33mwarn[0m] [0m[0m/work/chipyard/generators/rocket-chip/src/main/scala/devices/tilelink/BusBypass.scala:66:22: type LazyModuleImp in package diplomacy is deprecated (since rocketchip 2.0.0): Diplomacy has been split to a standalone library[0m
[0m[[0m[33mwarn[0m] [0m[0m  class Impl extends LazyModuleImp(this) {[0m
[0m[[0m[33mwarn[0m] [0m[0m                     ^[0m
[0m[[0m[33mwarn[0m] [0m[0m/work/chipyard/generators/rocket-chip/src/main/scala/devices/tilelink/Deadlock.scala:19:22: type LazyModuleImp in package diplomacy is deprecated (since rocketchip 2.0.0): Diplomacy has been split to a standalone library[0m
[0m[[0m[33mwarn[0m] [0m[0m  class Impl extends LazyModuleImp(this) {[0m
[0m[[0m[33mwarn[0m] [0m[0m                     ^[0m
[0m[[0m[33mwarn[0m] [0m[0m/work/chipyard/generators/rocket-chip/src/main/scala/diplomacy/AddressDecoder.scala:15:28: method Iterable in object Ordering is deprecated (since 2.13.0): Iterables are not guaranteed to have a consistent order; if using a type with a consistent order (e.g. Seq), use its Ordering (found in the Ordering.Implicits object)[0m
[0m[[0m[33mwarn[0m] [0m[0m  val portOrder = Ordering.Iterable(addressOrder)[0m
[0m[[0m[33mwarn[0m] [0m[0m                           ^[0m
[0m[[0m[33mwarn[0m] [0m[0m/work/chipyard/generators/rocket-chip/src/main/scala/diplomacy/AddressDecoder.scala:16:33: method Iterable in object Ordering is deprecated (since 2.13.0): Iterables are not guaranteed to have a consistent order; if using a type with a consistent order (e.g. Seq), use its Ordering (found in the Ordering.Implicits object)[0m
[0m[[0m[33mwarn[0m] [0m[0m  val partitionOrder = Ordering.Iterable(portOrder)[0m
[0m[[0m[33mwarn[0m] [0m[0m                                ^[0m
[0m[[0m[33mwarn[0m] [0m[0m/work/chipyard/generators/rocket-chip/src/main/scala/diplomacy/AddressDecoder.scala:129:129: method toIterable in trait Iterable is deprecated (since 2.13.7): toIterable is internal and will be made protected; its name is similar to `toList` or `toSeq`, but it doesn't copy non-immutable collections[0m
[0m[[0m[33mwarn[0m] [0m[0m      val (bestScore, bestBit, bestPartitions) = candidates.min(Ordering.by[(Seq[Int], BigInt, Partitions), Iterable[Int]](_._1.toIterable))[0m
[0m[[0m[33mwarn[0m] [0m[0m                                                                                                                                ^[0m
[0m[[0m[33mwarn[0m] [0m[0m/work/chipyard/generators/rocket-chip/src/main/scala/diplomacy/AddressDecoder.scala:129:123: method Iterable in object Ordering is deprecated (since 2.13.0): Iterables are not guaranteed to have a consistent order; if using a type with a consistent order (e.g. Seq), use its Ordering (found in the Ordering.Implicits object)[0m
[0m[[0m[33mwarn[0m] [0m[0m      val (bestScore, bestBit, bestPartitions) = candidates.min(Ordering.by[(Seq[Int], BigInt, Partitions), Iterable[Int]](_._1.toIterable))[0m
[0m[[0m[33mwarn[0m] [0m[0m                                                                                                                          ^[0m
[0m[[0m[33mwarn[0m] [0m[0m/work/chipyard/generators/rocket-chip/src/main/scala/diplomacy/Main.scala:25:60: method newInstance in class Class is deprecated (since 9)[0m
[0m[[0m[33mwarn[0m] [0m[0m            val currentConfig = Class.forName(currentName).newInstance.asInstanceOf[Config][0m
[0m[[0m[33mwarn[0m] [0m[0m                                                           ^[0m
[0m[[0m[33mwarn[0m] [0m[0m/work/chipyard/generators/rocket-chip/src/main/scala/diplomacy/Main.scala:29:20: type LazyModule in package diplomacy is deprecated (since rocketchip 2.0.0): Diplomacy has been split to a standalone library[0m
[0m[[0m[33mwarn[0m] [0m[0m          case lm: LazyModule => LazyModule(lm).module[0m
[0m[[0m[33mwarn[0m] [0m[0m                   ^[0m
[0m[[0m[33mwarn[0m] [0m[0m/work/chipyard/generators/rocket-chip/src/main/scala/diplomacy/Main.scala:29:34: value LazyModule in package diplomacy is deprecated (since rocketchip 2.0.0): Diplomacy has been split to a standalone library[0m
[0m[[0m[33mwarn[0m] [0m[0m          case lm: LazyModule => LazyModule(lm).module[0m
[0m[[0m[33mwarn[0m] [0m[0m                                 ^[0m
[0m[[0m[33mwarn[0m] [0m[0m/work/chipyard/generators/rocket-chip/src/main/scala/diplomacy/Main.scala:54:74: method copyArrayToImmutableIndexedSeq in class LowPriorityImplicits2 is deprecated (since 2.13.0): implicit conversions from Array to immutable.IndexedSeq are implemented by copying; use `toIndexedSeq` explicitly if you want to copy, or use the more efficient non-copying ArraySeq.unsafeWrapArray[0m
[0m[[0m[33mwarn[0m] [0m[0m  def main(args: Array[String]): Unit = ParserForMethods(this).runOrExit(args)[0m
[0m[[0m[33mwarn[0m] [0m[0m                                                                         ^[0m
[0m[[0m[33mwarn[0m] [0m[0m/work/chipyard/generators/rocket-chip/src/main/scala/diplomacy/Parameters.scala:33:44: method signum in trait ScalaNumberProxy is deprecated (since 2.13.0): use `sign` method instead[0m
[0m[[0m[33mwarn[0m] [0m[0m    val primary   = (this.start - x.start).signum[0m
[0m[[0m[33mwarn[0m] [0m[0m                                           ^[0m
[0m[[0m[33mwarn[0m] [0m[0m/work/chipyard/generators/rocket-chip/src/main/scala/diplomacy/Parameters.scala:34:40: method signum in trait ScalaNumberProxy is deprecated (since 2.13.0): use `sign` method instead[0m
[0m[[0m[33mwarn[0m] [0m[0m    val secondary = (x.end - this.end).signum[0m
[0m[[0m[33mwarn[0m] [0m[0m                                       ^[0m
[0m[[0m[33mwarn[0m] [0m[0m/work/chipyard/generators/rocket-chip/src/main/scala/groundtest/Configs.scala:45:16: method apply in class View is deprecated (since CDE 0.1): up(XYZ, site) is no longer necessary; remove the superfluous site argument[0m
[0m[[0m[33mwarn[0m] [0m[0m    val prev = up(TilesLocated(InSubsystem), site)[0m
[0m[[0m[33mwarn[0m] [0m[0m               ^[0m
[0m[[0m[33mwarn[0m] [0m[0m/work/chipyard/generators/rocket-chip/src/main/scala/interrupts/package.scala:23:103: method name in class SourcecodeNameExt is deprecated (since diplomacy 1.0.0): Name method has been removed in transition to sourcecode library.[0m
[0m[[0m[33mwarn[0m] [0m[0m    def crossIn (n: IntInwardNode) (implicit valName: ValName) = IntInwardClockCrossingHelper(valName.name, x, n)[0m
[0m[[0m[33mwarn[0m] [0m[0m                                                                                                      ^[0m
[0m[[0m[33mwarn[0m] [0m[0m/work/chipyard/generators/rocket-chip/src/main/scala/interrupts/package.scala:24:104: method name in class SourcecodeNameExt is deprecated (since diplomacy 1.0.0): Name method has been removed in transition to sourcecode library.[0m
[0m[[0m[33mwarn[0m] [0m[0m    def crossOut(n: IntOutwardNode)(implicit valName: ValName) = IntOutwardClockCrossingHelper(valName.name, x, n)[0m
[0m[[0m[33mwarn[0m] [0m[0m                                                                                                       ^[0m
[0m[[0m[33mwarn[0m] [0m[0m/work/chipyard/generators/rocket-chip/src/main/scala/interrupts/package.scala:30:103: method name in class SourcecodeNameExt is deprecated (since diplomacy 1.0.0): Name method has been removed in transition to sourcecode library.[0m
[0m[[0m[33mwarn[0m] [0m[0m    def crossIn (n: IntInwardNode) (implicit valName: ValName) = IntInwardResetCrossingHelper(valName.name, x, n)[0m
[0m[[0m[33mwarn[0m] [0m[0m                                                                                                      ^[0m
[0m[[0m[33mwarn[0m] [0m[0m/work/chipyard/generators/rocket-chip/src/main/scala/interrupts/package.scala:31:104: method name in class SourcecodeNameExt is deprecated (since diplomacy 1.0.0): Name method has been removed in transition to sourcecode library.[0m
[0m[[0m[33mwarn[0m] [0m[0m    def crossOut(n: IntOutwardNode)(implicit valName: ValName) = IntOutwardResetCrossingHelper(valName.name, x, n)[0m
[0m[[0m[33mwarn[0m] [0m[0m                                                                                                       ^[0m
[0m[[0m[33mwarn[0m] [0m[0m/work/chipyard/generators/rocket-chip/src/main/scala/prci/ClockGroup.scala:37:93: method name in class SourcecodeNameExt is deprecated (since diplomacy 1.0.0): Name method has been removed in transition to sourcecode library.[0m
[0m[[0m[33mwarn[0m] [0m[0m  def apply()(implicit p: Parameters, valName: ValName) = LazyModule(new ClockGroup(valName.name)).node[0m
[0m[[0m[33mwarn[0m] [0m[0m                                                                                            ^[0m
[0m[[0m[33mwarn[0m] [0m[0m/work/chipyard/generators/rocket-chip/src/main/scala/prci/ClockGroup.scala:66:103: method name in class SourcecodeNameExt is deprecated (since diplomacy 1.0.0): Name method has been removed in transition to sourcecode library.[0m
[0m[[0m[33mwarn[0m] [0m[0m  def apply()(implicit p: Parameters, valName: ValName) = LazyModule(new ClockGroupAggregator(valName.name)).node[0m
[0m[[0m[33mwarn[0m] [0m[0m                                                                                                      ^[0m
[0m[[0m[33mwarn[0m] [0m[0m/work/chipyard/generators/rocket-chip/src/main/scala/regmapper/RegMapper.scala:198:88: method copyArrayToImmutableIndexedSeq in class LowPriorityImplicits2 is deprecated (since 2.13.0): implicit conversions from Array to immutable.IndexedSeq are implemented by copying; use `toIndexedSeq` explicitly if you want to copy, or use the more efficient non-copying ArraySeq.unsafeWrapArray[0m
[0m[[0m[33mwarn[0m] [0m[0m    val rifireMux = mux(iindex, in.valid && front.ready &&  front.bits.read, frontSel, iRightReg, rifire)[0m
[0m[[0m[33mwarn[0m] [0m[0m                                                                                       ^[0m
[0m[[0m[33mwarn[0m] [0m[0m/work/chipyard/generators/rocket-chip/src/main/scala/regmapper/RegMapper.scala:198:99: method copyArrayToImmutableIndexedSeq in class LowPriorityImplicits2 is deprecated (since 2.13.0): implicit conversions from Array to immutable.IndexedSeq are implemented by copying; use `toIndexedSeq` explicitly if you want to copy, or use the more efficient non-copying ArraySeq.unsafeWrapArray[0m
[0m[[0m[33mwarn[0m] [0m[0m    val rifireMux = mux(iindex, in.valid && front.ready &&  front.bits.read, frontSel, iRightReg, rifire)[0m
[0m[[0m[33mwarn[0m] [0m[0m                                                                                                  ^[0m
[0m[[0m[33mwarn[0m] [0m[0m/work/chipyard/generators/rocket-chip/src/main/scala/regmapper/RegMapper.scala:199:88: method copyArrayToImmutableIndexedSeq in class LowPriorityImplicits2 is deprecated (since 2.13.0): implicit conversions from Array to immutable.IndexedSeq are implemented by copying; use `toIndexedSeq` explicitly if you want to copy, or use the more efficient non-copying ArraySeq.unsafeWrapArray[0m
[0m[[0m[33mwarn[0m] [0m[0m    val wifireMux = mux(iindex, in.valid && front.ready && !front.bits.read, frontSel, iRightReg, wifire)[0m
[0m[[0m[33mwarn[0m] [0m[0m                                                                                       ^[0m
[0m[[0m[33mwarn[0m] [0m[0m/work/chipyard/generators/rocket-chip/src/main/scala/regmapper/RegMapper.scala:199:99: method copyArrayToImmutableIndexedSeq in class LowPriorityImplicits2 is deprecated (since 2.13.0): implicit conversions from Array to immutable.IndexedSeq are implemented by copying; use `toIndexedSeq` explicitly if you want to copy, or use the more efficient non-copying ArraySeq.unsafeWrapArray[0m
[0m[[0m[33mwarn[0m] [0m[0m    val wifireMux = mux(iindex, in.valid && front.ready && !front.bits.read, frontSel, iRightReg, wifire)[0m
[0m[[0m[33mwarn[0m] [0m[0m                                                                                                  ^[0m
[0m[[0m[33mwarn[0m] [0m[0m/work/chipyard/generators/rocket-chip/src/main/scala/regmapper/RegMapper.scala:200:88: method copyArrayToImmutableIndexedSeq in class LowPriorityImplicits2 is deprecated (since 2.13.0): implicit conversions from Array to immutable.IndexedSeq are implemented by copying; use `toIndexedSeq` explicitly if you want to copy, or use the more efficient non-copying ArraySeq.unsafeWrapArray[0m
[0m[[0m[33mwarn[0m] [0m[0m    val rofireMux = mux(oindex, back.valid && out.ready &&  back .bits.read, backSel,  oRightReg, rofire)[0m
[0m[[0m[33mwarn[0m] [0m[0m                                                                                       ^[0m
[0m[[0m[33mwarn[0m] [0m[0m/work/chipyard/generators/rocket-chip/src/main/scala/regmapper/RegMapper.scala:200:99: method copyArrayToImmutableIndexedSeq in class LowPriorityImplicits2 is deprecated (since 2.13.0): implicit conversions from Array to immutable.IndexedSeq are implemented by copying; use `toIndexedSeq` explicitly if you want to copy, or use the more efficient non-copying ArraySeq.unsafeWrapArray[0m
[0m[[0m[33mwarn[0m] [0m[0m    val rofireMux = mux(oindex, back.valid && out.ready &&  back .bits.read, backSel,  oRightReg, rofire)[0m
[0m[[0m[33mwarn[0m] [0m[0m                                                                                                  ^[0m
[0m[[0m[33mwarn[0m] [0m[0m/work/chipyard/generators/rocket-chip/src/main/scala/regmapper/RegMapper.scala:201:88: method copyArrayToImmutableIndexedSeq in class LowPriorityImplicits2 is deprecated (since 2.13.0): implicit conversions from Array to immutable.IndexedSeq are implemented by copying; use `toIndexedSeq` explicitly if you want to copy, or use the more efficient non-copying ArraySeq.unsafeWrapArray[0m
[0m[[0m[33mwarn[0m] [0m[0m    val wofireMux = mux(oindex, back.valid && out.ready && !back .bits.read, backSel,  oRightReg, wofire)[0m
[0m[[0m[33mwarn[0m] [0m[0m                                                                                       ^[0m
[0m[[0m[33mwarn[0m] [0m[0m/work/chipyard/generators/rocket-chip/src/main/scala/regmapper/RegMapper.scala:201:99: method copyArrayToImmutableIndexedSeq in class LowPriorityImplicits2 is deprecated (since 2.13.0): implicit conversions from Array to immutable.IndexedSeq are implemented by copying; use `toIndexedSeq` explicitly if you want to copy, or use the more efficient non-copying ArraySeq.unsafeWrapArray[0m
[0m[[0m[33mwarn[0m] [0m[0m    val wofireMux = mux(oindex, back.valid && out.ready && !back .bits.read, backSel,  oRightReg, wofire)[0m
[0m[[0m[33mwarn[0m] [0m[0m                                                                                                  ^[0m
[0m[[0m[33mwarn[0m] [0m[0m/work/chipyard/generators/rocket-chip/src/main/scala/regmapper/RegMapper.scala:213:50: method copyArrayToImmutableIndexedSeq in class LowPriorityImplicits2 is deprecated (since 2.13.0): implicit conversions from Array to immutable.IndexedSeq are implemented by copying; use `toIndexedSeq` explicitly if you want to copy, or use the more efficient non-copying ArraySeq.unsafeWrapArray[0m
[0m[[0m[33mwarn[0m] [0m[0m    out.bits.data  := Mux(MuxSeq(oindex, true.B, oRightReg),[0m
[0m[[0m[33mwarn[0m] [0m[0m                                                 ^[0m
[0m[[0m[33mwarn[0m] [0m[0m/work/chipyard/generators/rocket-chip/src/main/scala/regmapper/RegMapper.scala:214:47: method copyArrayToImmutableIndexedSeq in class LowPriorityImplicits2 is deprecated (since 2.13.0): implicit conversions from Array to immutable.IndexedSeq are implemented by copying; use `toIndexedSeq` explicitly if you want to copy, or use the more efficient non-copying ArraySeq.unsafeWrapArray[0m
[0m[[0m[33mwarn[0m] [0m[0m                          MuxSeq(oindex, 0.U, dataOut),[0m
[0m[[0m[33mwarn[0m] [0m[0m                                              ^[0m
[0m[[0m[33mwarn[0m] [0m[0m/work/chipyard/generators/rocket-chip/src/main/scala/resources/AddressMapEntry.scala:20:33: method + in class Char is deprecated (since 2.13.0): Adding a number and a String is deprecated. Use the string interpolation `s"$num$str"`[0m
[0m[[0m[33mwarn[0m] [0m[0m    s""""names":[${names.map('"'+_+'"').mkString(",")}]}"""[0m
[0m[[0m[33mwarn[0m] [0m[0m                                ^[0m
[0m[[0m[33mwarn[0m] [0m[0m/work/chipyard/generators/rocket-chip/src/main/scala/resources/DeviceTree.scala:140:19: method copyArrayToImmutableIndexedSeq in class LowPriorityImplicits2 is deprecated (since 2.13.0): implicit conversions from Array to immutable.IndexedSeq are implemented by copying; use `toIndexedSeq` explicitly if you want to copy, or use the more efficient non-copying ArraySeq.unsafeWrapArray[0m
[0m[[0m[33mwarn[0m] [0m[0m    DTB(outstream.toByteArray)[0m
[0m[[0m[33mwarn[0m] [0m[0m                  ^[0m
[0m[[0m[33mwarn[0m] [0m[0m/work/chipyard/generators/rocket-chip/src/main/scala/resources/Resources.scala:148:29: method filterKeys in trait MapOps is deprecated (since 2.13.0): Use .view.filterKeys(f). A future version will include a strict version of this method (for now, .view.filterKeys(p).toMap).[0m
[0m[[0m[33mwarn[0m] [0m[0m    val reg = resources.map.filterKeys(DiplomacyUtils.regFilter)[0m
[0m[[0m[33mwarn[0m] [0m[0m                            ^[0m
[0m[[0m[33mwarn[0m] [0m[0m/work/chipyard/generators/rocket-chip/src/main/scala/resources/Resources.scala:198:29: method filterKeys in trait MapOps is deprecated (since 2.13.0): Use .view.filterKeys(f). A future version will include a strict version of this method (for now, .view.filterKeys(p).toMap).[0m
[0m[[0m[33mwarn[0m] [0m[0m    val reg = resources.map.filterKeys(DiplomacyUtils.regFilter)[0m
[0m[[0m[33mwarn[0m] [0m[0m                            ^[0m
[0m[[0m[33mwarn[0m] [0m[0m/work/chipyard/generators/rocket-chip/src/main/scala/resources/Resources.scala:255:38: method filterKeys in trait MapOps is deprecated (since 2.13.0): Use .view.filterKeys(f). A future version will include a strict version of this method (for now, .view.filterKeys(p).toMap).[0m
[0m[[0m[33mwarn[0m] [0m[0m      "reg"         -> resources.map.filterKeys(DiplomacyUtils.regFilter).flatMap(_._2).map(_.value).toList,[0m
[0m[[0m[33mwarn[0m] [0m[0m                                     ^[0m
[0m[[0m[33mwarn[0m] [0m[0m/work/chipyard/generators/rocket-chip/src/main/scala/resources/Resources.scala:382:76: method mapValues in trait MapOps is deprecated (since 2.13.0): Use .view.mapValues(f). A future version will include a strict version of this method (for now, .view.mapValues(f).toMap).[0m
[0m[[0m[33mwarn[0m] [0m[0m    ResourceBindingsMap(map = resourceBindings.reverse.groupBy(_._1.owner).mapValues(seq => ResourceBindings([0m
[0m[[0m[33mwarn[0m] [0m[0m                                                                           ^[0m
[0m[[0m[33mwarn[0m] [0m[0m/work/chipyard/generators/rocket-chip/src/main/scala/resources/Resources.scala:383:31: method mapValues in trait MapOps is deprecated (since 2.13.0): Use .view.mapValues(f). A future version will include a strict version of this method (for now, .view.mapValues(f).toMap).[0m
[0m[[0m[33mwarn[0m] [0m[0m        seq.groupBy(_._1.key).mapValues(_.map(z => Binding(z._2, z._3)).distinct).toMap)).toMap)[0m
[0m[[0m[33mwarn[0m] [0m[0m                              ^[0m
[0m[[0m[33mwarn[0m] [0m[0m/work/chipyard/generators/rocket-chip/src/main/scala/resources/SRAM.scala:16:92: type LazyModule in package diplomacy is deprecated (since rocketchip 2.0.0): Diplomacy has been split to a standalone library[0m
[0m[[0m[33mwarn[0m] [0m[0m    devOverride: Option[Device with DeviceRegName] = None)(implicit p: Parameters) extends LazyModule[0m
[0m[[0m[33mwarn[0m] [0m[0m                                                                                           ^[0m
[0m[[0m[33mwarn[0m] [0m[0m/work/chipyard/generators/rocket-chip/src/main/scala/rocket/CSR.scala:900:85: method -- in trait MapOps is deprecated (since 2.13.0): Consider requiring an immutable Map.[0m
[0m[[0m[33mwarn[0m] [0m[0m    def decodeFast(s: Seq[Int]): Bool = DecodeLogic(addr, s.map(_.U), (read_mapping -- s).keys.toList.map(_.U))[0m
[0m[[0m[33mwarn[0m] [0m[0m                                                                                    ^[0m
[0m[[0m[33mwarn[0m] [0m[0m/work/chipyard/generators/rocket-chip/src/main/scala/rocket/CSR.scala:1510:68: object ZippedIterable3 in package runtime is deprecated (since 2.13.0): Use scala.collection.LazyZip3.[0m
[0m[[0m[33mwarn[0m] [0m[0m    for ((io, csr, reg) <- (io.customCSRs, customCSRs, reg_custom).zipped) {[0m
[0m[[0m[33mwarn[0m] [0m[0m                                                                   ^[0m
[0m[[0m[33mwarn[0m] [0m[0m/work/chipyard/generators/rocket-chip/src/main/scala/rocket/CSR.scala:1513:62: object ZippedIterable3 in package runtime is deprecated (since 2.13.0): Use scala.collection.LazyZip3.[0m
[0m[[0m[33mwarn[0m] [0m[0m    for ((io, csr, reg) <- (io.roccCSRs, roccCSRs, reg_rocc).zipped) {[0m
[0m[[0m[33mwarn[0m] [0m[0m                                                             ^[0m
[0m[[0m[33mwarn[0m] [0m[0m/work/chipyard/generators/rocket-chip/src/main/scala/rocket/CSR.scala:1534:66: object ZippedIterable3 in package runtime is deprecated (since 2.13.0): Use scala.collection.LazyZip3.[0m
[0m[[0m[33mwarn[0m] [0m[0m  for ((io, csr, reg) <- (io.customCSRs, customCSRs, reg_custom).zipped) {[0m
[0m[[0m[33mwarn[0m] [0m[0m                                                                 ^[0m
[0m[[0m[33mwarn[0m] [0m[0m/work/chipyard/generators/rocket-chip/src/main/scala/rocket/CSR.scala:1537:60: object ZippedIterable3 in package runtime is deprecated (since 2.13.0): Use scala.collection.LazyZip3.[0m
[0m[[0m[33mwarn[0m] [0m[0m  for ((io, csr, reg) <- (io.roccCSRs, roccCSRs, reg_rocc).zipped) {[0m
[0m[[0m[33mwarn[0m] [0m[0m                                                           ^[0m
[0m[[0m[33mwarn[0m] [0m[0m/work/chipyard/generators/rocket-chip/src/main/scala/rocket/Configs.scala:20:16: method apply in class View is deprecated (since CDE 0.1): up(XYZ, site) is no longer necessary; remove the superfluous site argument[0m
[0m[[0m[33mwarn[0m] [0m[0m    val prev = up(TilesLocated(`location`), site)[0m
[0m[[0m[33mwarn[0m] [0m[0m               ^[0m
[0m[[0m[33mwarn[0m] [0m[0m/work/chipyard/generators/rocket-chip/src/main/scala/rocket/Configs.scala:67:16: method apply in class View is deprecated (since CDE 0.1): up(XYZ, site) is no longer necessary; remove the superfluous site argument[0m
[0m[[0m[33mwarn[0m] [0m[0m    val prev = up(TilesLocated(`location`), site)[0m
[0m[[0m[33mwarn[0m] [0m[0m               ^[0m
[0m[[0m[33mwarn[0m] [0m[0m/work/chipyard/generators/rocket-chip/src/main/scala/rocket/Configs.scala:103:16: method apply in class View is deprecated (since CDE 0.1): up(XYZ, site) is no longer necessary; remove the superfluous site argument[0m
[0m[[0m[33mwarn[0m] [0m[0m    val prev = up(TilesLocated(InSubsystem), site)[0m
[0m[[0m[33mwarn[0m] [0m[0m               ^[0m
[0m[[0m[33mwarn[0m] [0m[0m/work/chipyard/generators/rocket-chip/src/main/scala/rocket/Configs.scala:136:16: method apply in class View is deprecated (since CDE 0.1): up(XYZ, site) is no longer necessary; remove the superfluous site argument[0m
[0m[[0m[33mwarn[0m] [0m[0m    val prev = up(TilesLocated(InSubsystem), site)[0m
[0m[[0m[33mwarn[0m] [0m[0m               ^[0m
[0m[[0m[33mwarn[0m] [0m[0m/work/chipyard/generators/rocket-chip/src/main/scala/rocket/Configs.scala:322:16: method apply in class View is deprecated (since CDE 0.1): up(XYZ, site) is no longer necessary; remove the superfluous site argument[0m
[0m[[0m[33mwarn[0m] [0m[0m    val prev = up(TilesLocated(location), site)[0m
[0m[[0m[33mwarn[0m] [0m[0m               ^[0m
[0m[[0m[33mwarn[0m] [0m[0m/work/chipyard/generators/rocket-chip/src/main/scala/rocket/DCache.scala:587:87: method copyArrayToImmutableIndexedSeq in class LowPriorityImplicits2 is deprecated (since 2.13.0): implicit conversions from Array to immutable.IndexedSeq are implemented by copying; use `toIndexedSeq` explicitly if you want to copy, or use the more efficient non-copying ArraySeq.unsafeWrapArray[0m
[0m[[0m[33mwarn[0m] [0m[0m    MuxLookup(s2_req.cmd, WireDefault(0.U.asTypeOf(new TLBundleA(edge.bundle))))(Array([0m
[0m[[0m[33mwarn[0m] [0m[0m                                                                                      ^[0m
[0m[[0m[33mwarn[0m] [0m[0m/work/chipyard/generators/rocket-chip/src/main/scala/rocket/NBDcache.scala:86:73: method copyArrayToImmutableIndexedSeq in class LowPriorityImplicits2 is deprecated (since 2.13.0): implicit conversions from Array to immutable.IndexedSeq are implemented by copying; use `toIndexedSeq` explicitly if you want to copy, or use the more efficient non-copying ArraySeq.unsafeWrapArray[0m
[0m[[0m[33mwarn[0m] [0m[0m    MuxLookup(req.cmd, (0.U).asTypeOf(new TLBundleA(edge.bundle)))(Array([0m
[0m[[0m[33mwarn[0m] [0m[0m                                                                        ^[0m
[0m[[0m[33mwarn[0m] [0m[0m/work/chipyard/generators/rocket-chip/src/main/scala/rocket/ScratchpadSlavePort.scala:67:50: method copyArrayToImmutableIndexedSeq in class LowPriorityImplicits2 is deprecated (since 2.13.0): implicit conversions from Array to immutable.IndexedSeq are implemented by copying; use `toIndexedSeq` explicitly if you want to copy, or use the more efficient non-copying ArraySeq.unsafeWrapArray[0m
[0m[[0m[33mwarn[0m] [0m[0m      req.cmd := MuxLookup(a.opcode, M_XRD)(Array([0m
[0m[[0m[33mwarn[0m] [0m[0m                                                 ^[0m
[0m[[0m[33mwarn[0m] [0m[0m/work/chipyard/generators/rocket-chip/src/main/scala/rocket/ScratchpadSlavePort.scala:70:69: method copyArrayToImmutableIndexedSeq in class LowPriorityImplicits2 is deprecated (since 2.13.0): implicit conversions from Array to immutable.IndexedSeq are implemented by copying; use `toIndexedSeq` explicitly if you want to copy, or use the more efficient non-copying ArraySeq.unsafeWrapArray[0m
[0m[[0m[33mwarn[0m] [0m[0m        TLMessages.ArithmeticData -> MuxLookup(a.param, M_XRD)(Array([0m
[0m[[0m[33mwarn[0m] [0m[0m                                                                    ^[0m
[0m[[0m[33mwarn[0m] [0m[0m/work/chipyard/generators/rocket-chip/src/main/scala/rocket/ScratchpadSlavePort.scala:76:69: method copyArrayToImmutableIndexedSeq in class LowPriorityImplicits2 is deprecated (since 2.13.0): implicit conversions from Array to immutable.IndexedSeq are implemented by copying; use `toIndexedSeq` explicitly if you want to copy, or use the more efficient non-copying ArraySeq.unsafeWrapArray[0m
[0m[[0m[33mwarn[0m] [0m[0m        TLMessages.LogicalData    -> MuxLookup(a.param, M_XRD)(Array([0m
[0m[[0m[33mwarn[0m] [0m[0m                                                                    ^[0m
[0m[[0m[33mwarn[0m] [0m[0m/work/chipyard/generators/rocket-chip/src/main/scala/rocket/TLBPermissions.scala:48:8: method mapValues in trait MapOps is deprecated (since 2.13.0): Use .view.mapValues(f). A future version will include a strict version of this method (for now, .view.mapValues(f).toMap).[0m
[0m[[0m[33mwarn[0m] [0m[0m      .mapValues(seq =>[0m
[0m[[0m[33mwarn[0m] [0m[0m       ^[0m
[0m[[0m[33mwarn[0m] [0m[0m/work/chipyard/generators/rocket-chip/src/main/scala/rocket/TLBPermissions.scala:75:8: method mapValues in trait MapOps is deprecated (since 2.13.0): Use .view.mapValues(f). A future version will include a strict version of this method (for now, .view.mapValues(f).toMap).[0m
[0m[[0m[33mwarn[0m] [0m[0m      .mapValues(_.filter(_.alignment >= pageSize)) // discard any region that's not big enough[0m
[0m[[0m[33mwarn[0m] [0m[0m       ^[0m
[0m[[0m[33mwarn[0m] [0m[0m/work/chipyard/generators/rocket-chip/src/main/scala/rocket/VectorUnit.scala:73:65: type LazyModule in package diplomacy is deprecated (since rocketchip 2.0.0): Diplomacy has been split to a standalone library[0m
[0m[[0m[33mwarn[0m] [0m[0mabstract class RocketVectorUnit(implicit p: Parameters) extends LazyModule {[0m
[0m[[0m[33mwarn[0m] [0m[0m                                                                ^[0m
[0m[[0m[33mwarn[0m] [0m[0m/work/chipyard/generators/rocket-chip/src/main/scala/rocket/VectorUnit.scala:79:66: type LazyModuleImp in package diplomacy is deprecated (since rocketchip 2.0.0): Diplomacy has been split to a standalone library[0m
[0m[[0m[33mwarn[0m] [0m[0mclass RocketVectorUnitModuleImp(outer: RocketVectorUnit) extends LazyModuleImp(outer) {[0m
[0m[[0m[33mwarn[0m] [0m[0m                                                                 ^[0m
[0m[[0m[33mwarn[0m] [0m[0m/work/chipyard/generators/rocket-chip/src/main/scala/subsystem/Cluster.scala:73:6: method mapValues in trait MapOps is deprecated (since 2.13.0): Use .view.mapValues(f). A future version will include a strict version of this method (for now, .view.mapValues(f).toMap).[0m
[0m[[0m[33mwarn[0m] [0m[0m    .mapValues(_ => BundleBridgeIdentityNode[NMI]()).to(SortedMap)[0m
[0m[[0m[33mwarn[0m] [0m[0m     ^[0m
[0m[[0m[33mwarn[0m] [0m[0m/work/chipyard/generators/rocket-chip/src/main/scala/subsystem/Cluster.scala:163:7: method FlipRendering in package diplomacy is deprecated (since rocketchip 2.0.0): Diplomacy has been split to a standalone library[0m
[0m[[0m[33mwarn[0m] [0m[0m      FlipRendering { implicit p =>[0m
[0m[[0m[33mwarn[0m] [0m[0m      ^[0m
[0m[[0m[33mwarn[0m] [0m[0m/work/chipyard/generators/rocket-chip/src/main/scala/subsystem/Configs.scala:131:39: method apply in class View is deprecated (since CDE 0.1): up(XYZ, site) is no longer necessary; remove the superfluous site argument[0m
[0m[[0m[33mwarn[0m] [0m[0m  case SubsystemBankedCoherenceKey => up(SubsystemBankedCoherenceKey, site).copy(nBanks = n)[0m
[0m[[0m[33mwarn[0m] [0m[0m                                      ^[0m
[0m[[0m[33mwarn[0m] [0m[0m/work/chipyard/generators/rocket-chip/src/main/scala/subsystem/Configs.scala:135:24: method apply in class View is deprecated (since CDE 0.1): up(XYZ, site) is no longer necessary; remove the superfluous site argument[0m
[0m[[0m[33mwarn[0m] [0m[0m  case BroadcastKey => up(BroadcastKey, site).copy(nTrackers = n)[0m
[0m[[0m[33mwarn[0m] [0m[0m                       ^[0m
[0m[[0m[33mwarn[0m] [0m[0m/work/chipyard/generators/rocket-chip/src/main/scala/subsystem/Configs.scala:143:24: method apply in class View is deprecated (since CDE 0.1): up(XYZ, site) is no longer necessary; remove the superfluous site argument[0m
[0m[[0m[33mwarn[0m] [0m[0m  case BroadcastKey => up(BroadcastKey, site).copy(bufferless = true)[0m
[0m[[0m[33mwarn[0m] [0m[0m                       ^[0m
[0m[[0m[33mwarn[0m] [0m[0m/work/chipyard/generators/rocket-chip/src/main/scala/subsystem/Configs.scala:196:34: method apply in class View is deprecated (since CDE 0.1): up(XYZ, site) is no longer necessary; remove the superfluous site argument[0m
[0m[[0m[33mwarn[0m] [0m[0m  case TilesLocated(location) => up(TilesLocated(location), site) map {[0m
[0m[[0m[33mwarn[0m] [0m[0m                                 ^[0m
[0m[[0m[33mwarn[0m] [0m[0m/work/chipyard/generators/rocket-chip/src/main/scala/subsystem/Configs.scala:204:39: method apply in class View is deprecated (since CDE 0.1): up(XYZ, site) is no longer necessary; remove the superfluous site argument[0m
[0m[[0m[33mwarn[0m] [0m[0m  case SubsystemBankedCoherenceKey => up(SubsystemBankedCoherenceKey, site).copy([0m
[0m[[0m[33mwarn[0m] [0m[0m                                      ^[0m
[0m[[0m[33mwarn[0m] [0m[0m96 warnings found[0m
[0m[[0m[0minfo[0m] [0m[0mdone compiling[0m
[0m[[0m[0minfo[0m] [0m[0mcompiling 3 Scala sources to /work/chipyard/generators/ibex/target/scala-2.13/classes ...[0m
[0m[[0m[0minfo[0m] [0m[0mcompiling 3 Scala sources to /work/chipyard/generators/vexiiriscv/target/scala-2.13/classes ...[0m
[0m[[0m[0minfo[0m] [0m[0mcompiling 86 Scala sources to /work/chipyard/generators/compress-acc/target/scala-2.13/classes ...[0m
[0m[[0m[0minfo[0m] [0m[0mcompiling 8 Scala sources to /work/chipyard/generators/rocc-acc-utils/target/scala-2.13/classes ...[0m
[0m[[0m[0minfo[0m] [0m[0mcompiling 7 Scala sources to /work/chipyard/generators/bar-fetchers/target/scala-2.13/classes ...[0m
[0m[[0m[0minfo[0m] [0m[0mcompiling 8 Scala sources to /work/chipyard/generators/mempress/target/scala-2.13/classes ...[0m
[0m[[0m[0minfo[0m] [0m[0mcompiling 16 Scala sources to /work/chipyard/generators/icenet/target/scala-2.13/classes ...[0m
[0m[[0m[0minfo[0m] [0m[0mcompiling 42 Scala sources to /work/chipyard/generators/constellation/target/scala-2.13/classes ...[0m
[0m[[0m[0minfo[0m] [0m[0mcompiling 4 Scala sources to /work/chipyard/generators/nvdla/target/scala-2.13/classes ...[0m
[0m[[0m[0minfo[0m] [0m[0mcompiling 74 Scala sources to /work/chipyard/generators/rocket-chip-blocks/target/scala-2.13/classes ...[0m
[0m[[0m[0minfo[0m] [0m[0mIgnoring duplicate plugin chiselplugin (chisel3.internal.plugin.ChiselPlugin)[0m
[0m[[0m[33mwarn[0m] [0m[0m/work/chipyard/generators/mempress/src/main/scala/ctrl.scala:185:20: procedure syntax is deprecated: instead, add `: Unit =` to explicitly declare `check_resp`'s return type [quickfixable][0m
[0m[[0m[33mwarn[0m] [0m[0m  def check_resp() {[0m
[0m[[0m[33mwarn[0m] [0m[0m                   ^[0m
[0m[[0m[33mwarn[0m] [0m[0m/work/chipyard/generators/mempress/src/main/scala/ctrl.scala:205:20: procedure syntax is deprecated: instead, add `: Unit =` to explicitly declare `check_done`'s return type [quickfixable][0m
[0m[[0m[33mwarn[0m] [0m[0m  def check_done() {[0m
[0m[[0m[33mwarn[0m] [0m[0m                   ^[0m
[0m[[0m[33mwarn[0m] [0m[0m/work/chipyard/generators/mempress/src/main/scala/ctrl.scala:78:32: Auto-application to `()` is deprecated. Supply the empty argument list `()` explicitly to invoke method fire,[0m
[0m[[0m[33mwarn[0m] [0m[0mor remove the empty argument list from its definition (Java-defined methods are exempt).[0m
[0m[[0m[33mwarn[0m] [0m[0mIn Scala 3, an unapplied method like this will be eta-expanded into a function. [quickfixable][0m
[0m[[0m[33mwarn[0m] [0m[0m  io.sfence_out := sfence_fire.fire[0m
[0m[[0m[33mwarn[0m] [0m[0m                               ^[0m
[0m[[0m[33mwarn[0m] [0m[0m/work/chipyard/generators/compress-acc/src/main/scala/CompressedBitsBuffer.scala:108:51: Auto-application to `()` is deprecated. Supply the empty argument list `()` explicitly to invoke method fire,[0m
[0m[[0m[33mwarn[0m] [0m[0mor remove the empty argument list from its definition (Java-defined methods are exempt).[0m
[0m[[0m[33mwarn[0m] [0m[0mIn Scala 3, an unapplied method like this will be eta-expanded into a function. [quickfixable][0m
[0m[[0m[33mwarn[0m] [0m[0m    buffers(i).enq.valid := input_fire_all_queues.fire && use_this_queue[0m
[0m[[0m[33mwarn[0m] [0m[0m                                                  ^[0m
[0m[[0m[33mwarn[0m] [0m[0m/work/chipyard/generators/compress-acc/src/main/scala/CompressedBitsBuffer.scala:119:31: Auto-application to `()` is deprecated. Supply the empty argument list `()` explicitly to invoke method fire,[0m
[0m[[0m[33mwarn[0m] [0m[0mor remove the empty argument list from its definition (Java-defined methods are exempt).[0m
[0m[[0m[33mwarn[0m] [0m[0mIn Scala 3, an unapplied method like this will be eta-expanded into a function. [quickfixable][0m
[0m[[0m[33mwarn[0m] [0m[0m  when (input_fire_all_queues.fire) {[0m
[0m[[0m[33mwarn[0m] [0m[0m                              ^[0m
[0m[[0m[33mwarn[0m] [0m[0m/work/chipyard/generators/compress-acc/src/main/scala/CompressedBitsBuffer.scala:186:19: Auto-application to `()` is deprecated. Supply the empty argument list `()` explicitly to invoke method fire,[0m
[0m[[0m[33mwarn[0m] [0m[0mor remove the empty argument list from its definition (Java-defined methods are exempt).[0m
[0m[[0m[33mwarn[0m] [0m[0mIn Scala 3, an unapplied method like this will be eta-expanded into a function. [quickfixable][0m
[0m[[0m[33mwarn[0m] [0m[0m  when (read_fire.fire) {[0m
[0m[[0m[33mwarn[0m] [0m[0m                  ^[0m
[0m[[0m[33mwarn[0m] [0m[0m/work/chipyard/generators/compress-acc/src/main/scala/CompressedBitsBuffer.scala:197:61: Auto-application to `()` is deprecated. Supply the empty argument list `()` explicitly to invoke method fire,[0m
[0m[[0m[33mwarn[0m] [0m[0mor remove the empty argument list from its definition (Java-defined methods are exempt).[0m
[0m[[0m[33mwarn[0m] [0m[0mIn Scala 3, an unapplied method like this will be eta-expanded into a function. [quickfixable][0m
[0m[[0m[33mwarn[0m] [0m[0m    remapVecReadys(i) := (i.U < consumed_bits) && read_fire.fire[0m
[0m[[0m[33mwarn[0m] [0m[0m                                                            ^[0m
[0m[[0m[33mwarn[0m] [0m[0m/work/chipyard/generators/compress-acc/src/main/scala/CompressedBitsBuffer.scala:200:40: Auto-application to `()` is deprecated. Supply the empty argument list `()` explicitly to invoke method fire,[0m
[0m[[0m[33mwarn[0m] [0m[0mor remove the empty argument list from its definition (Java-defined methods are exempt).[0m
[0m[[0m[33mwarn[0m] [0m[0mIn Scala 3, an unapplied method like this will be eta-expanded into a function. [quickfixable][0m
[0m[[0m[33mwarn[0m] [0m[0m  buf_lens_q.io.deq.ready := read_fire.fire && buf_last // connecting ready & valid...?[0m
[0m[[0m[33mwarn[0m] [0m[0m                                       ^[0m
[0m[[0m[33mwarn[0m] [0m[0m/work/chipyard/generators/compress-acc/src/main/scala/CompressedBitsBuffer.scala:202:19: Auto-application to `()` is deprecated. Supply the empty argument list `()` explicitly to invoke method fire,[0m
[0m[[0m[33mwarn[0m] [0m[0mor remove the empty argument list from its definition (Java-defined methods are exempt).[0m
[0m[[0m[33mwarn[0m] [0m[0mIn Scala 3, an unapplied method like this will be eta-expanded into a function. [quickfixable][0m
[0m[[0m[33mwarn[0m] [0m[0m  when (read_fire.fire) {[0m
[0m[[0m[33mwarn[0m] [0m[0m                  ^[0m
[0m[[0m[33mwarn[0m] [0m[0m/work/chipyard/generators/compress-acc/src/main/scala/CompressorController.scala:45:23: Auto-application to `()` is deprecated. Supply the empty argument list `()` explicitly to invoke method fire,[0m
[0m[[0m[33mwarn[0m] [0m[0mor remove the empty argument list from its definition (Java-defined methods are exempt).[0m
[0m[[0m[33mwarn[0m] [0m[0mIn Scala 3, an unapplied method like this will be eta-expanded into a function. [quickfixable][0m
[0m[[0m[33mwarn[0m] [0m[0m  when (src_info_fire.fire) {[0m
[0m[[0m[33mwarn[0m] [0m[0m                      ^[0m
[0m[[0m[33mwarn[0m] [0m[0m/work/chipyard/generators/compress-acc/src/main/scala/CompressorController.scala:133:24: Auto-application to `()` is deprecated. Supply the empty argument list `()` explicitly to invoke method fire,[0m
[0m[[0m[33mwarn[0m] [0m[0mor remove the empty argument list from its definition (Java-defined methods are exempt).[0m
[0m[[0m[33mwarn[0m] [0m[0mIn Scala 3, an unapplied method like this will be eta-expanded into a function. [quickfixable][0m
[0m[[0m[33mwarn[0m] [0m[0m  when (zstd_src_valid.fire) {[0m
[0m[[0m[33mwarn[0m] [0m[0m                       ^[0m
[0m[[0m[33mwarn[0m] [0m[0m/work/chipyard/generators/compress-acc/src/main/scala/CompressorController.scala:138:24: Auto-application to `()` is deprecated. Supply the empty argument list `()` explicitly to invoke method fire,[0m
[0m[[0m[33mwarn[0m] [0m[0mor remove the empty argument list from its definition (Java-defined methods are exempt).[0m
[0m[[0m[33mwarn[0m] [0m[0mIn Scala 3, an unapplied method like this will be eta-expanded into a function. [quickfixable][0m
[0m[[0m[33mwarn[0m] [0m[0m  when (zstd_dst_valid.fire) {[0m
[0m[[0m[33mwarn[0m] [0m[0m                       ^[0m
[0m[[0m[33mwarn[0m] [0m[0m/work/chipyard/generators/compress-acc/src/main/scala/CompressorController.scala:157:26: Auto-application to `()` is deprecated. Supply the empty argument list `()` explicitly to invoke method fire,[0m
[0m[[0m[33mwarn[0m] [0m[0mor remove the empty argument list from its definition (Java-defined methods are exempt).[0m
[0m[[0m[33mwarn[0m] [0m[0mIn Scala 3, an unapplied method like this will be eta-expanded into a function. [quickfixable][0m
[0m[[0m[33mwarn[0m] [0m[0m  when (snappy_src_valid.fire) {[0m
[0m[[0m[33mwarn[0m] [0m[0m                         ^[0m
[0m[[0m[33mwarn[0m] [0m[0m/work/chipyard/generators/compress-acc/src/main/scala/CompressorController.scala:162:26: Auto-application to `()` is deprecated. Supply the empty argument list `()` explicitly to invoke method fire,[0m
[0m[[0m[33mwarn[0m] [0m[0mor remove the empty argument list from its definition (Java-defined methods are exempt).[0m
[0m[[0m[33mwarn[0m] [0m[0mIn Scala 3, an unapplied method like this will be eta-expanded into a function. [quickfixable][0m
[0m[[0m[33mwarn[0m] [0m[0m  when (snappy_dst_valid.fire) {[0m
[0m[[0m[33mwarn[0m] [0m[0m                         ^[0m
[0m[[0m[33mwarn[0m] [0m[0m/work/chipyard/generators/compress-acc/src/main/scala/CompressorController.scala:168:27: Auto-application to `()` is deprecated. Supply the empty argument list `()` explicitly to invoke method fire,[0m
[0m[[0m[33mwarn[0m] [0m[0mor remove the empty argument list from its definition (Java-defined methods are exempt).[0m
[0m[[0m[33mwarn[0m] [0m[0mIn Scala 3, an unapplied method like this will be eta-expanded into a function. [quickfixable][0m
[0m[[0m[33mwarn[0m] [0m[0m  assert(!(zstd_src_valid.fire && snappy_src_valid.fire), "zstd & snappy src cannot fire at the same time")[0m
[0m[[0m[33mwarn[0m] [0m[0m                          ^[0m
[0m[[0m[33mwarn[0m] [0m[0m/work/chipyard/generators/compress-acc/src/main/scala/CompressorController.scala:168:52: Auto-application to `()` is deprecated. Supply the empty argument list `()` explicitly to invoke method fire,[0m
[0m[[0m[33mwarn[0m] [0m[0mor remove the empty argument list from its definition (Java-defined methods are exempt).[0m
[0m[[0m[33mwarn[0m] [0m[0mIn Scala 3, an unapplied method like this will be eta-expanded into a function. [quickfixable][0m
[0m[[0m[33mwarn[0m] [0m[0m  assert(!(zstd_src_valid.fire && snappy_src_valid.fire), "zstd & snappy src cannot fire at the same time")[0m
[0m[[0m[33mwarn[0m] [0m[0m                                                   ^[0m
[0m[[0m[33mwarn[0m] [0m[0m/work/chipyard/generators/compress-acc/src/main/scala/CompressorController.scala:169:27: Auto-application to `()` is deprecated. Supply the empty argument list `()` explicitly to invoke method fire,[0m
[0m[[0m[33mwarn[0m] [0m[0mor remove the empty argument list from its definition (Java-defined methods are exempt).[0m
[0m[[0m[33mwarn[0m] [0m[0mIn Scala 3, an unapplied method like this will be eta-expanded into a function. [quickfixable][0m
[0m[[0m[33mwarn[0m] [0m[0m  assert(!(zstd_dst_valid.fire && snappy_dst_valid.fire), "zstd & snappy dst cannot fire at the same time")[0m
[0m[[0m[33mwarn[0m] [0m[0m                          ^[0m
[0m[[0m[33mwarn[0m] [0m[0m/work/chipyard/generators/compress-acc/src/main/scala/CompressorController.scala:169:52: Auto-application to `()` is deprecated. Supply the empty argument list `()` explicitly to invoke method fire,[0m
[0m[[0m[33mwarn[0m] [0m[0mor remove the empty argument list from its definition (Java-defined methods are exempt).[0m
[0m[[0m[33mwarn[0m] [0m[0mIn Scala 3, an unapplied method like this will be eta-expanded into a function. [quickfixable][0m
[0m[[0m[33mwarn[0m] [0m[0m  assert(!(zstd_dst_valid.fire && snappy_dst_valid.fire), "zstd & snappy dst cannot fire at the same time")[0m
[0m[[0m[33mwarn[0m] [0m[0m                                                   ^[0m
[0m[[0m[33mwarn[0m] [0m[0m/work/chipyard/generators/nvdla/src/main/scala/devices/nvdla/NVDLA.scala:21:66: type LazyModule in package diplomacy is deprecated (since rocketchip 2.0.0): Diplomacy has been split to a standalone library[0m
[0m[[0m[33mwarn[0m] [0m[0mclass NVDLA(params: NVDLAParams)(implicit p: Parameters) extends LazyModule {[0m
[0m[[0m[33mwarn[0m] [0m[0m                                                                 ^[0m
[0m[[0m[33mwarn[0m] [0m[0m/work/chipyard/generators/nvdla/src/main/scala/devices/nvdla/NVDLA.scala:28:23: type SimpleDevice in package diplomacy is deprecated (since rocketchip 2.0.0): Use freechips.rocketchip.resources.SimpleDevice[0m
[0m[[0m[33mwarn[0m] [0m[0m  val dtsdevice = new SimpleDevice("nvdla",Seq("nvidia,nv_" + params.config))[0m
[0m[[0m[33mwarn[0m] [0m[0m                      ^[0m
[0m[[0m[33mwarn[0m] [0m[0m/work/chipyard/generators/nvdla/src/main/scala/devices/nvdla/NVDLA.scala:62:39: value LazyModule in package diplomacy is deprecated (since rocketchip 2.0.0): Diplomacy has been split to a standalone library[0m
[0m[[0m[33mwarn[0m] [0m[0m    val sram = if (hasSecondAXI) Some(LazyModule(new AXI4RAM([0m
[0m[[0m[33mwarn[0m] [0m[0m                                      ^[0m
[0m[[0m[33mwarn[0m] [0m[0m/work/chipyard/generators/nvdla/src/main/scala/devices/nvdla/NVDLA.scala:81:37: value LazyModule in package diplomacy is deprecated (since rocketchip 2.0.0): Diplomacy has been split to a standalone library[0m
[0m[[0m[33mwarn[0m] [0m[0m  val cfg_tl_node = cfg_apb_node := LazyModule(new TLToAPB).node[0m
[0m[[0m[33mwarn[0m] [0m[0m                                    ^[0m
[0m[[0m[33mwarn[0m] [0m[0m/work/chipyard/generators/nvdla/src/main/scala/devices/nvdla/NVDLA.scala:86:25: type LazyModuleImp in package diplomacy is deprecated (since rocketchip 2.0.0): Diplomacy has been split to a standalone library[0m
[0m[[0m[33mwarn[0m] [0m[0m  lazy val module = new LazyModuleImp(this) {[0m
[0m[[0m[33mwarn[0m] [0m[0m                        ^[0m
[0m[[0m[33mwarn[0m] [0m[0m/work/chipyard/generators/nvdla/src/main/scala/devices/nvdla/Periphery.scala:20:19: value LazyModule in package diplomacy is deprecated (since rocketchip 2.0.0): Diplomacy has been split to a standalone library[0m
[0m[[0m[33mwarn[0m] [0m[0m      val nvdla = LazyModule(new NVDLA(params))[0m
[0m[[0m[33mwarn[0m] [0m[0m                  ^[0m
[0m[[0m[33mwarn[0m] [0m[0m/work/chipyard/generators/vexiiriscv/src/main/scala/vexiiriscv/Configs.scala:24:16: method apply in class View is deprecated (since CDE 0.1): up(XYZ, site) is no longer necessary; remove the superfluous site argument[0m
[0m[[0m[33mwarn[0m] [0m[0m    val prev = up(TilesLocated(InSubsystem), site)[0m
[0m[[0m[33mwarn[0m] [0m[0m               ^[0m
[0m[[0m[33mwarn[0m] [0m[0m/work/chipyard/generators/vexiiriscv/src/main/scala/vexiiriscv/VexiiRiscvTile.scala:133:3: method DisableMonitors in package diplomacy is deprecated (since rocketchip 2.0.0): Diplomacy has been split to a standalone library[0m
[0m[[0m[33mwarn[0m] [0m[0m  DisableMonitors { implicit p => tlSlaveXbar.node :*= slaveNode }[0m
[0m[[0m[33mwarn[0m] [0m[0m  ^[0m
[0m[[0m[33mwarn[0m] [0m[0m/work/chipyard/generators/vexiiriscv/src/main/scala/vexiiriscv/VexiiRiscvTile.scala:157:18: type SimpleDevice in package diplomacy is deprecated (since rocketchip 2.0.0): Use freechips.rocketchip.resources.SimpleDevice[0m
[0m[[0m[33mwarn[0m] [0m[0m  val cpuDevice: SimpleDevice = new SimpleDevice("cpu", Seq("spinalhdl,vexiiriscv", "riscv")) {[0m
[0m[[0m[33mwarn[0m] [0m[0m                 ^[0m
[0m[[0m[33mwarn[0m] [0m[0m/work/chipyard/generators/vexiiriscv/src/main/scala/vexiiriscv/VexiiRiscvTile.scala:157:37: type SimpleDevice in package diplomacy is deprecated (since rocketchip 2.0.0): Use freechips.rocketchip.resources.SimpleDevice[0m
[0m[[0m[33mwarn[0m] [0m[0m  val cpuDevice: SimpleDevice = new SimpleDevice("cpu", Seq("spinalhdl,vexiiriscv", "riscv")) {[0m
[0m[[0m[33mwarn[0m] [0m[0m                                    ^[0m
[0m[[0m[33mwarn[0m] [0m[0m/work/chipyard/generators/vexiiriscv/src/main/scala/vexiiriscv/VexiiRiscvTile.scala:158:32: value ResourceAnchors in package diplomacy is deprecated (since rocketchip 2.0.0): Use freechips.rocketchip.resources.ResourceAnchors[0m
[0m[[0m[33mwarn[0m] [0m[0m    override def parent = Some(ResourceAnchors.cpus)[0m
[0m[[0m[33mwarn[0m] [0m[0m                               ^[0m
[0m[[0m[33mwarn[0m] [0m[0m/work/chipyard/generators/vexiiriscv/src/main/scala/vexiiriscv/VexiiRiscvTile.scala:159:38: type ResourceBindings in package diplomacy is deprecated (since rocketchip 2.0.0): Use freechips.rocketchip.resources.ResourceBindings[0m
[0m[[0m[33mwarn[0m] [0m[0m    override def describe(resources: ResourceBindings): Description = {[0m
[0m[[0m[33mwarn[0m] [0m[0m                                     ^[0m
[0m[[0m[33mwarn[0m] [0m[0m/work/chipyard/generators/vexiiriscv/src/main/scala/vexiiriscv/VexiiRiscvTile.scala:159:57: type Description in package diplomacy is deprecated (since rocketchip 2.0.0): Use freechips.rocketchip.resources.Description[0m
[0m[[0m[33mwarn[0m] [0m[0m    override def describe(resources: ResourceBindings): Description = {[0m
[0m[[0m[33mwarn[0m] [0m[0m                                                        ^[0m
[0m[[0m[33mwarn[0m] [0m[0m/work/chipyard/generators/vexiiriscv/src/main/scala/vexiiriscv/VexiiRiscvTile.scala:161:7: value Description in package diplomacy is deprecated (since rocketchip 2.0.0): Use freechips.rocketchip.resources.Description[0m
[0m[[0m[33mwarn[0m] [0m[0m      Description(name, mapping ++[0m
[0m[[0m[33mwarn[0m] [0m[0m      ^[0m
[0m[[0m[33mwarn[0m] [0m[0m/work/chipyard/generators/vexiiriscv/src/main/scala/vexiiriscv/VexiiRiscvTile.scala:168:3: value ResourceBinding in package diplomacy is deprecated (since rocketchip 2.0.0): Use freechips.rocketchip.resources.ResourceBinding[0m
[0m[[0m[33mwarn[0m] [0m[0m  ResourceBinding {[0m
[0m[[0m[33mwarn[0m] [0m[0m  ^[0m
[0m[[0m[33mwarn[0m] [0m[0m/work/chipyard/generators/vexiiriscv/src/main/scala/vexiiriscv/VexiiRiscvTile.scala:169:5: value Resource in package diplomacy is deprecated (since rocketchip 2.0.0): Use freechips.rocketchip.resources.Resource[0m
[0m[[0m[33mwarn[0m] [0m[0m    Resource(cpuDevice, "reg").bind(ResourceAddress(tileId))[0m
[0m[[0m[33mwarn[0m] [0m[0m    ^[0m
[0m[[0m[33mwarn[0m] [0m[0m/work/chipyard/generators/vexiiriscv/src/main/scala/vexiiriscv/VexiiRiscvTile.scala:169:37: value ResourceAddress in package diplomacy is deprecated (since rocketchip 2.0.0): Use freechips.rocketchip.resources.ResourceAddress[0m
[0m[[0m[33mwarn[0m] [0m[0m    Resource(cpuDevice, "reg").bind(ResourceAddress(tileId))[0m
[0m[[0m[33mwarn[0m] [0m[0m                                    ^[0m
[0m[[0m[33mwarn[0m] [0m[0m/work/chipyard/generators/mempress/src/main/scala/util.scala:13:68: procedure syntax is deprecated: instead, add `: Unit =` to explicitly declare `logInfo`'s return type [quickfixable][0m
[0m[[0m[33mwarn[0m] [0m[0m  def logInfo(format: String, args: Bits*)(implicit p: Parameters) {[0m
[0m[[0m[33mwarn[0m] [0m[0m                                                                   ^[0m
[0m[[0m[33mwarn[0m] [0m[0m/work/chipyard/generators/mempress/src/main/scala/util.scala:26:73: procedure syntax is deprecated: instead, add `: Unit =` to explicitly declare `logWaveStyle`'s return type [quickfixable][0m
[0m[[0m[33mwarn[0m] [0m[0m  def logWaveStyle(format: String, args: Bits*)(implicit p: Parameters) {[0m
[0m[[0m[33mwarn[0m] [0m[0m                                                                        ^[0m
[0m[[0m[33mwarn[0m] [0m[0m/work/chipyard/generators/compress-acc/src/main/scala/EntropyCompressorMemWriter.scala:114:30: Auto-application to `()` is deprecated. Supply the empty argument list `()` explicitly to invoke method fire,[0m
[0m[[0m[33mwarn[0m] [0m[0mor remove the empty argument list from its definition (Java-defined methods are exempt).[0m
[0m[[0m[33mwarn[0m] [0m[0mIn Scala 3, an unapplied method like this will be eta-expanded into a function. [quickfixable][0m
[0m[[0m[33mwarn[0m] [0m[0m  when (input_fire_allqueues.fire) {[0m
[0m[[0m[33mwarn[0m] [0m[0m                             ^[0m
[0m[[0m[33mwarn[0m] [0m[0m/work/chipyard/generators/compress-acc/src/main/scala/EntropyCompressorMemWriter.scala:124:64: Auto-application to `()` is deprecated. Supply the empty argument list `()` explicitly to invoke method fire,[0m
[0m[[0m[33mwarn[0m] [0m[0mor remove the empty argument list from its definition (Java-defined methods are exempt).[0m
[0m[[0m[33mwarn[0m] [0m[0mIn Scala 3, an unapplied method like this will be eta-expanded into a function. [quickfixable][0m
[0m[[0m[33mwarn[0m] [0m[0m    mem_resp_queues(queueno).enq.valid := input_fire_allqueues.fire && use_this_queue[0m
[0m[[0m[33mwarn[0m] [0m[0m                                                               ^[0m
[0m[[0m[33mwarn[0m] [0m[0m/work/chipyard/generators/compress-acc/src/main/scala/EntropyCompressorMemWriter.scala:259:79: Auto-application to `()` is deprecated. Supply the empty argument list `()` explicitly to invoke method fire,[0m
[0m[[0m[33mwarn[0m] [0m[0mor remove the empty argument list from its definition (Java-defined methods are exempt).[0m
[0m[[0m[33mwarn[0m] [0m[0mIn Scala 3, an unapplied method like this will be eta-expanded into a function. [quickfixable][0m
[0m[[0m[33mwarn[0m] [0m[0m    remapVecReadys(queueno) := (queueno.U < bytes_to_write) && mem_write_fire.fire[0m
[0m[[0m[33mwarn[0m] [0m[0m                                                                              ^[0m
[0m[[0m[33mwarn[0m] [0m[0m/work/chipyard/generators/compress-acc/src/main/scala/EntropyCompressorMemWriter.scala:262:24: Auto-application to `()` is deprecated. Supply the empty argument list `()` explicitly to invoke method fire,[0m
[0m[[0m[33mwarn[0m] [0m[0mor remove the empty argument list from its definition (Java-defined methods are exempt).[0m
[0m[[0m[33mwarn[0m] [0m[0mIn Scala 3, an unapplied method like this will be eta-expanded into a function. [quickfixable][0m
[0m[[0m[33mwarn[0m] [0m[0m  when (mem_write_fire.fire) {[0m
[0m[[0m[33mwarn[0m] [0m[0m                       ^[0m
[0m[[0m[33mwarn[0m] [0m[0m/work/chipyard/generators/compress-acc/src/main/scala/EntropyCompressorMemWriter.scala:294:29: Auto-application to `()` is deprecated. Supply the empty argument list `()` explicitly to invoke method fire,[0m
[0m[[0m[33mwarn[0m] [0m[0mor remove the empty argument list from its definition (Java-defined methods are exempt).[0m
[0m[[0m[33mwarn[0m] [0m[0mIn Scala 3, an unapplied method like this will be eta-expanded into a function. [quickfixable][0m
[0m[[0m[33mwarn[0m] [0m[0m  when (bool_ptr_write_fire.fire) {[0m
[0m[[0m[33mwarn[0m] [0m[0m                            ^[0m
[0m[[0m[33mwarn[0m] [0m[0m/work/chipyard/generators/compress-acc/src/main/scala/FSECompressorCommandRouter.scala:49:32: Auto-application to `()` is deprecated. Supply the empty argument list `()` explicitly to invoke method fire,[0m
[0m[[0m[33mwarn[0m] [0m[0mor remove the empty argument list from its definition (Java-defined methods are exempt).[0m
[0m[[0m[33mwarn[0m] [0m[0mIn Scala 3, an unapplied method like this will be eta-expanded into a function. [quickfixable][0m
[0m[[0m[33mwarn[0m] [0m[0m  io.sfence_out := sfence_fire.fire[0m
[0m[[0m[33mwarn[0m] [0m[0m                               ^[0m
[0m[[0m[33mwarn[0m] [0m[0m/work/chipyard/generators/compress-acc/src/main/scala/FSECompressorCommandRouter.scala:118:34: Auto-application to `()` is deprecated. Supply the empty argument list `()` explicitly to invoke method fire,[0m
[0m[[0m[33mwarn[0m] [0m[0mor remove the empty argument list from its definition (Java-defined methods are exempt).[0m
[0m[[0m[33mwarn[0m] [0m[0mIn Scala 3, an unapplied method like this will be eta-expanded into a function. [quickfixable][0m
[0m[[0m[33mwarn[0m] [0m[0m  when (do_check_completion_fire.fire) {[0m
[0m[[0m[33mwarn[0m] [0m[0m                                 ^[0m
[0m[[0m[33mwarn[0m] [0m[0m/work/chipyard/generators/compress-acc/src/main/scala/FSECompressorCommandRouter.scala:129:49: Auto-application to `()` is deprecated. Supply the empty argument list `()` explicitly to invoke method fire,[0m
[0m[[0m[33mwarn[0m] [0m[0mor remove the empty argument list from its definition (Java-defined methods are exempt).[0m
[0m[[0m[33mwarn[0m] [0m[0mIn Scala 3, an unapplied method like this will be eta-expanded into a function. [quickfixable][0m
[0m[[0m[33mwarn[0m] [0m[0m  io.rocc_out.valid := do_check_completion_fire.fire[0m
[0m[[0m[33mwarn[0m] [0m[0m                                                ^[0m
[0m[[0m[33mwarn[0m] [0m[0m157 feature warnings; re-run with -feature for details[0m
[0m[[0m[33mwarn[0m] [0m[0m12 warnings found[0m
[0m[[0m[0minfo[0m] [0m[0mdone compiling[0m
[0m[[0m[33mwarn[0m] [0m[0m62 feature warnings; re-run with -feature for details[0m
[0m[[0m[33mwarn[0m] [0m[0m7 warnings found[0m
[0m[[0m[0minfo[0m] [0m[0mdone compiling[0m
[0m[[0m[0minfo[0m] [0m[0mcompiling 43 Scala sources to /work/chipyard/generators/riscv-sodor/target/scala-2.13/classes ...[0m
[0m[[0m[0minfo[0m] [0m[0mcompiling 42 Scala sources to /work/chipyard/tools/rocket-dsp-utils/src/target/scala-2.13/classes ...[0m
[0m[[0m[33mwarn[0m] [0m[0m/work/chipyard/generators/rocket-chip-blocks/src/main/scala/devices/gpio/GPIO.scala:341:28: procedure syntax is deprecated: instead, add `: Unit =` to explicitly declare `tieoff`'s return type [quickfixable][0m
[0m[[0m[33mwarn[0m] [0m[0m  def tieoff(g: GPIOPortIO){[0m
[0m[[0m[33mwarn[0m] [0m[0m                           ^[0m
[0m[[0m[33mwarn[0m] [0m[0m/work/chipyard/generators/rocket-chip-blocks/src/main/scala/devices/gpio/GPIO.scala:347:28: procedure syntax is deprecated: instead, add `: Unit =` to explicitly declare `tieoff`'s return type [quickfixable][0m
[0m[[0m[33mwarn[0m] [0m[0m  def tieoff(f: IOFPortIO) {[0m
[0m[[0m[33mwarn[0m] [0m[0m                           ^[0m
[0m[[0m[33mwarn[0m] [0m[0m/work/chipyard/generators/rocket-chip-blocks/src/main/scala/devices/gpio/GPIO.scala:352:53: procedure syntax is deprecated: instead, add `: Unit =` to explicitly declare `loopback`'s return type [quickfixable][0m
[0m[[0m[33mwarn[0m] [0m[0m  def loopback(g: GPIOPortIO)(pinA: Int, pinB: Int) {[0m
[0m[[0m[33mwarn[0m] [0m[0m                                                    ^[0m
[0m[[0m[33mwarn[0m] [0m[0m/work/chipyard/generators/rocket-chip-blocks/src/main/scala/devices/gpio/GPIOPins.scala:19:89: procedure syntax is deprecated: instead, add `: Unit =` to explicitly declare `apply`'s return type [quickfixable][0m
[0m[[0m[33mwarn[0m] [0m[0m  def apply[T <: Pin](pins: GPIOSignals[T], port: GPIOPortIO, clock: Clock, reset: Bool){[0m
[0m[[0m[33mwarn[0m] [0m[0m                                                                                        ^[0m
[0m[[0m[33mwarn[0m] [0m[0m/work/chipyard/generators/rocket-chip-blocks/src/main/scala/devices/gpio/GPIOPins.scala:30:62: procedure syntax is deprecated: instead, add `: Unit =` to explicitly declare `apply`'s return type [quickfixable][0m
[0m[[0m[33mwarn[0m] [0m[0m  def apply[T <: Pin](pins: GPIOSignals[T], port: GPIOPortIO){[0m
[0m[[0m[33mwarn[0m] [0m[0m                                                             ^[0m
[0m[[0m[33mwarn[0m] [0m[0m/work/chipyard/generators/rocket-chip-blocks/src/main/scala/devices/gpio/IOF.scala:80:57: procedure syntax is deprecated: instead, add `: Unit =` to explicitly declare `apply`'s return type [quickfixable][0m
[0m[[0m[33mwarn[0m] [0m[0m  def apply(port: UInt, iofs: Vec[IOFPin], offset: Int) {[0m
[0m[[0m[33mwarn[0m] [0m[0m                                                        ^[0m
[0m[[0m[33mwarn[0m] [0m[0m/work/chipyard/generators/mempress/src/main/scala/dmem.scala:16:50: type LazyModule in package diplomacy is deprecated (since rocketchip 2.0.0): Diplomacy has been split to a standalone library[0m
[0m[[0m[33mwarn[0m] [0m[0mclass DmemModule(implicit p: Parameters) extends LazyModule {[0m
[0m[[0m[33mwarn[0m] [0m[0m                                                 ^[0m
[0m[[0m[33mwarn[0m] [0m[0m/work/chipyard/generators/mempress/src/main/scala/dmem.scala:24:72: type LazyModuleImp in package diplomacy is deprecated (since rocketchip 2.0.0): Diplomacy has been split to a standalone library[0m
[0m[[0m[33mwarn[0m] [0m[0mclass DmemModuleImp(outer: DmemModule)(implicit p: Parameters) extends LazyModuleImp(outer)[0m
[0m[[0m[33mwarn[0m] [0m[0m                                                                       ^[0m
[0m[[0m[33mwarn[0m] [0m[0m/work/chipyard/generators/mempress/src/main/scala/l2shim_interface.scala:38:170: type LazyModule in package diplomacy is deprecated (since rocketchip 2.0.0): Diplomacy has been split to a standalone library[0m
[0m[[0m[33mwarn[0m] [0m[0mclass L2MemHelper(printInfo: String = "", numOutstandingReqs: Int = 32, queueRequests: Boolean = false, queueResponses: Boolean = false)(implicit p: Parameters) extends LazyModule {[0m
[0m[[0m[33mwarn[0m] [0m[0m                                                                                                                                                                         ^[0m
[0m[[0m[33mwarn[0m] [0m[0m/work/chipyard/generators/mempress/src/main/scala/l2shim_interface.scala:44:37: method apply in object TLClientPortParameters is deprecated: Use TLMasterPortParameters.v1 instead of TLClientPortParameters[0m
[0m[[0m[33mwarn[0m] [0m[0m  val masterNode = TLClientNode(Seq(TLClientPortParameters([0m
[0m[[0m[33mwarn[0m] [0m[0m                                    ^[0m
[0m[[0m[33mwarn[0m] [0m[0m/work/chipyard/generators/mempress/src/main/scala/l2shim_interface.scala:45:9: method apply in object TLClientParameters is deprecated: Use TLMasterParameters.v1 instead of TLClientParameters[0m
[0m[[0m[33mwarn[0m] [0m[0m    Seq(TLClientParameters(name = printInfo, sourceId = IdRange(0,[0m
[0m[[0m[33mwarn[0m] [0m[0m        ^[0m
[0m[[0m[33mwarn[0m] [0m[0m/work/chipyard/generators/mempress/src/main/scala/l2shim_interface.scala:50:166: type LazyModuleImp in package diplomacy is deprecated (since rocketchip 2.0.0): Diplomacy has been split to a standalone library[0m
[0m[[0m[33mwarn[0m] [0m[0mclass L2MemHelperModule(outer: L2MemHelper, printInfo: String = "", queueRequests: Boolean = false, queueResponses: Boolean = false)(implicit p: Parameters) extends LazyModuleImp(outer)[0m
[0m[[0m[33mwarn[0m] [0m[0m                                                                                                                                                                     ^[0m
[0m[[0m[33mwarn[0m] [0m[0m/work/chipyard/generators/mempress/src/main/scala/mempress.scala:35:27: value LazyModule in package diplomacy is deprecated (since rocketchip 2.0.0): Diplomacy has been split to a standalone library[0m
[0m[[0m[33mwarn[0m] [0m[0m                  val y = LazyModule(new L2MemHelper(s"stream[${x}]",[0m
[0m[[0m[33mwarn[0m] [0m[0m                          ^[0m
[0m[[0m[33mwarn[0m] [0m[0m/work/chipyard/generators/ibex/src/main/scala/IbexTile.scala:181:78: procedure syntax is deprecated: instead, add `: Unit =` to explicitly declare `connectIbexInterrupts`'s return type[0m
[0m[[0m[33mwarn[0m] [0m[0m  def connectIbexInterrupts(debug: Bool, msip: Bool, mtip: Bool, meip: Bool) {[0m
[0m[[0m[33mwarn[0m] [0m[0m                                                                             ^[0m
[0m[[0m[33mwarn[0m] [0m[0m/work/chipyard/generators/mempress/src/main/scala/mempress.scala:111:22: value LazyModule in package diplomacy is deprecated (since rocketchip 2.0.0): Diplomacy has been split to a standalone library[0m
[0m[[0m[33mwarn[0m] [0m[0m      val mempress = LazyModule.apply(new MemPress(OpcodeSet.custom2)(p))[0m
[0m[[0m[33mwarn[0m] [0m[0m                     ^[0m
[0m[[0m[33mwarn[0m] [0m[0m/work/chipyard/generators/mempress/src/main/scala/util.scala:18:32: method apply in object SynthesizePrintf is deprecated (since FireSim 1.14): This method will be removed. Annotate the printf statement directly[0m
[0m[[0m[33mwarn[0m] [0m[0m      printf(midas.targetutils.SynthesizePrintf("cy: %d, ", loginfo_cycles))[0m
[0m[[0m[33mwarn[0m] [0m[0m                               ^[0m
[0m[[0m[33mwarn[0m] [0m[0m/work/chipyard/generators/mempress/src/main/scala/util.scala:19:32: method apply in object SynthesizePrintf is deprecated (since FireSim 1.14): This method will be removed. Annotate the printf statement directly[0m
[0m[[0m[33mwarn[0m] [0m[0m      printf(midas.targetutils.SynthesizePrintf(format, args:_*))[0m
[0m[[0m[33mwarn[0m] [0m[0m                               ^[0m
[0m[[0m[33mwarn[0m] [0m[0m/work/chipyard/generators/rocc-acc-utils/src/main/scala/roccaccutils/L2MemHelper.scala:52:276: type LazyModule in package diplomacy is deprecated (since rocketchip 2.0.0): Diplomacy has been split to a standalone library[0m
[0m[[0m[33mwarn[0m] [0m[0mclass L2MemHelper(tlbConfig: TLBConfig, printInfo: String = "", numOutstandingReqs: Int = 32, queueRequests: Boolean = true, queueResponses: Boolean = true, printWriteBytes: Boolean = false, logger: Logger = DefaultLogger, busBits: Int = 256)(implicit p: Parameters) extends LazyModule {[0m
[0m[[0m[33mwarn[0m] [0m[0m                                                                                                                                                                                                                                                                                   ^[0m
[0m[[0m[33mwarn[0m] [0m[0m/work/chipyard/generators/rocc-acc-utils/src/main/scala/roccaccutils/L2MemHelper.scala:63:272: type LazyModuleImp in package diplomacy is deprecated (since rocketchip 2.0.0): Diplomacy has been split to a standalone library[0m
[0m[[0m[33mwarn[0m] [0m[0mclass L2MemHelperModule(outer: L2MemHelper, tlbConfig: TLBConfig, printInfo: String = "", queueRequests: Boolean = true, queueResponses: Boolean = true, printWriteBytes: Boolean = false, logger: Logger = DefaultLogger, busBits: Int = 256)(implicit p: Parameters) extends LazyModuleImp(outer)[0m
[0m[[0m[33mwarn[0m] [0m[0m                                                                                                                                                                                                                                                                               ^[0m
[0m[[0m[33mwarn[0m] [0m[0m/work/chipyard/generators/rocc-acc-utils/src/main/scala/roccaccutils/MemStreamer.scala:28:25: type ValName in package diplomacy is deprecated (since rocketchip 2.0.0): Diplomacy has been split to a standalone library[0m
[0m[[0m[33mwarn[0m] [0m[0m  implicit val valName: ValName = ValName("<MemStreamer>")[0m
[0m[[0m[33mwarn[0m] [0m[0m                        ^[0m
[0m[[0m[33mwarn[0m] [0m[0m/work/chipyard/generators/rocc-acc-utils/src/main/scala/roccaccutils/MemStreamer.scala:28:35: method ValName in package diplomacy is deprecated (since rocketchip 2.0.0): Diplomacy has been split to a standalone library[0m
[0m[[0m[33mwarn[0m] [0m[0m  implicit val valName: ValName = ValName("<MemStreamer>")[0m
[0m[[0m[33mwarn[0m] [0m[0m                                  ^[0m
[0m[[0m[33mwarn[0m] [0m[0m/work/chipyard/generators/rocc-acc-utils/src/main/scala/roccaccutils/MemStreamerAccel.scala:34:26: value LazyModule in package diplomacy is deprecated (since rocketchip 2.0.0): Diplomacy has been split to a standalone library[0m
[0m[[0m[33mwarn[0m] [0m[0m  val l2_memloader =     LazyModule(new L2MemHelper(tlbConfig, printInfo="[memloader]", numOutstandingReqs=32, logger=logger))[0m
[0m[[0m[33mwarn[0m] [0m[0m                         ^[0m
[0m[[0m[33mwarn[0m] [0m[0m/work/chipyard/generators/rocc-acc-utils/src/main/scala/roccaccutils/MemStreamerAccel.scala:37:26: value LazyModule in package diplomacy is deprecated (since rocketchip 2.0.0): Diplomacy has been split to a standalone library[0m
[0m[[0m[33mwarn[0m] [0m[0m  val l2_memwriter =     LazyModule(new L2MemHelper(tlbConfig, printInfo="[memwriter]", numOutstandingReqs=32, logger=logger))[0m
[0m[[0m[33mwarn[0m] [0m[0m                         ^[0m
[0m[[0m[33mwarn[0m] [0m[0m/work/chipyard/generators/rocc-acc-utils/src/main/scala/roccaccutils/logger/Logger.scala:21:39: type ValName in package diplomacy is deprecated (since rocketchip 2.0.0): Diplomacy has been split to a standalone library[0m
[0m[[0m[33mwarn[0m] [0m[0m  def trimValName()(implicit valName: ValName): String = {[0m
[0m[[0m[33mwarn[0m] [0m[0m                                      ^[0m
[0m[[0m[33mwarn[0m] [0m[0m/work/chipyard/generators/rocc-acc-utils/src/main/scala/roccaccutils/logger/Logger.scala:31:51: type ValName in package diplomacy is deprecated (since rocketchip 2.0.0): Diplomacy has been split to a standalone library[0m
[0m[[0m[33mwarn[0m] [0m[0m  def createPrefix(typ: String)(implicit valName: ValName, withMod: Boolean, prefix: String): String = {[0m
[0m[[0m[33mwarn[0m] [0m[0m                                                  ^[0m
[0m[[0m[33mwarn[0m] [0m[0m/work/chipyard/generators/rocc-acc-utils/src/main/scala/roccaccutils/logger/Logger.scala:36:84: type ValName in package diplomacy is deprecated (since rocketchip 2.0.0): Diplomacy has been split to a standalone library[0m
[0m[[0m[33mwarn[0m] [0m[0m  def createFmtAndArgs(typ: String, format: String, args: Bits*)(implicit valName: ValName, withMod: Boolean, prefix: String): (String, Seq[Bits]) = {[0m
[0m[[0m[33mwarn[0m] [0m[0m                                                                                   ^[0m
[0m[[0m[33mwarn[0m] [0m[0m/work/chipyard/generators/rocc-acc-utils/src/main/scala/roccaccutils/logger/Logger.scala:45:100: type ValName in package diplomacy is deprecated (since rocketchip 2.0.0): Diplomacy has been split to a standalone library[0m
[0m[[0m[33mwarn[0m] [0m[0m  def logInfoImpl(format: String, args: Bits*)(implicit p: Parameters = Parameters.empty, valName: ValName, withMod: Boolean, prefix: String): Unit = {[0m
[0m[[0m[33mwarn[0m] [0m[0m                                                                                                   ^[0m
[0m[[0m[33mwarn[0m] [0m[0m/work/chipyard/generators/rocc-acc-utils/src/main/scala/roccaccutils/logger/Logger.scala:50:104: type ValName in package diplomacy is deprecated (since rocketchip 2.0.0): Diplomacy has been split to a standalone library[0m
[0m[[0m[33mwarn[0m] [0m[0m  def logCriticalImpl(format: String, args: Bits*)(implicit p: Parameters = Parameters.empty, valName: ValName, withMod: Boolean, prefix: String): Unit = {[0m
[0m[[0m[33mwarn[0m] [0m[0m                                                                                                       ^[0m
[0m[[0m[33mwarn[0m] [0m[0m/work/chipyard/generators/rocc-acc-utils/src/main/scala/roccaccutils/logger/Logger.scala:57:96: type ValName in package diplomacy is deprecated (since rocketchip 2.0.0): Diplomacy has been split to a standalone library[0m
[0m[[0m[33mwarn[0m] [0m[0m  def logInfo(format: String, args: Bits*)(implicit p: Parameters = Parameters.empty, valName: ValName = ValName("<UnknownMod>"), prefix: String = ""): Unit = {[0m
[0m[[0m[33mwarn[0m] [0m[0m                                                                                               ^[0m
[0m[[0m[33mwarn[0m] [0m[0m/work/chipyard/generators/rocc-acc-utils/src/main/scala/roccaccutils/logger/Logger.scala:57:106: method ValName in package diplomacy is deprecated (since rocketchip 2.0.0): Diplomacy has been split to a standalone library[0m
[0m[[0m[33mwarn[0m] [0m[0m  def logInfo(format: String, args: Bits*)(implicit p: Parameters = Parameters.empty, valName: ValName = ValName("<UnknownMod>"), prefix: String = ""): Unit = {[0m
[0m[[0m[33mwarn[0m] [0m[0m                                                                                                         ^[0m
[0m[[0m[33mwarn[0m] [0m[0m/work/chipyard/generators/rocc-acc-utils/src/main/scala/roccaccutils/logger/Logger.scala:62:100: type ValName in package diplomacy is deprecated (since rocketchip 2.0.0): Diplomacy has been split to a standalone library[0m
[0m[[0m[33mwarn[0m] [0m[0m  def logCritical(format: String, args: Bits*)(implicit p: Parameters = Parameters.empty, valName: ValName = ValName("<UnknownMod>"), prefix: String = ""): Unit = {[0m
[0m[[0m[33mwarn[0m] [0m[0m                                                                                                   ^[0m
[0m[[0m[33mwarn[0m] [0m[0m/work/chipyard/generators/rocc-acc-utils/src/main/scala/roccaccutils/logger/Logger.scala:62:110: method ValName in package diplomacy is deprecated (since rocketchip 2.0.0): Diplomacy has been split to a standalone library[0m
[0m[[0m[33mwarn[0m] [0m[0m  def logCritical(format: String, args: Bits*)(implicit p: Parameters = Parameters.empty, valName: ValName = ValName("<UnknownMod>"), prefix: String = ""): Unit = {[0m
[0m[[0m[33mwarn[0m] [0m[0m                                                                                                             ^[0m
[0m[[0m[33mwarn[0m] [0m[0m/work/chipyard/generators/rocc-acc-utils/src/main/scala/roccaccutils/logger/Logger.scala:67:101: type ValName in package diplomacy is deprecated (since rocketchip 2.0.0): Diplomacy has been split to a standalone library[0m
[0m[[0m[33mwarn[0m] [0m[0m  def logInfoNoMod(format: String, args: Bits*)(implicit p: Parameters = Parameters.empty, valName: ValName = ValName("<UnknownMod>"), prefix: String = ""): Unit = {[0m
[0m[[0m[33mwarn[0m] [0m[0m                                                                                                    ^[0m
[0m[[0m[33mwarn[0m] [0m[0m/work/chipyard/generators/rocc-acc-utils/src/main/scala/roccaccutils/logger/Logger.scala:67:111: method ValName in package diplomacy is deprecated (since rocketchip 2.0.0): Diplomacy has been split to a standalone library[0m
[0m[[0m[33mwarn[0m] [0m[0m  def logInfoNoMod(format: String, args: Bits*)(implicit p: Parameters = Parameters.empty, valName: ValName = ValName("<UnknownMod>"), prefix: String = ""): Unit = {[0m
[0m[[0m[33mwarn[0m] [0m[0m                                                                                                              ^[0m
[0m[[0m[33mwarn[0m] [0m[0m/work/chipyard/generators/rocc-acc-utils/src/main/scala/roccaccutils/logger/Logger.scala:72:105: type ValName in package diplomacy is deprecated (since rocketchip 2.0.0): Diplomacy has been split to a standalone library[0m
[0m[[0m[33mwarn[0m] [0m[0m  def logCriticalNoMod(format: String, args: Bits*)(implicit p: Parameters = Parameters.empty, valName: ValName = ValName("<UnknownMod>"), prefix: String = ""): Unit = {[0m
[0m[[0m[33mwarn[0m] [0m[0m                                                                                                        ^[0m
[0m[[0m[33mwarn[0m] [0m[0m/work/chipyard/generators/rocc-acc-utils/src/main/scala/roccaccutils/logger/Logger.scala:72:115: method ValName in package diplomacy is deprecated (since rocketchip 2.0.0): Diplomacy has been split to a standalone library[0m
[0m[[0m[33mwarn[0m] [0m[0m  def logCriticalNoMod(format: String, args: Bits*)(implicit p: Parameters = Parameters.empty, valName: ValName = ValName("<UnknownMod>"), prefix: String = ""): Unit = {[0m
[0m[[0m[33mwarn[0m] [0m[0m                                                                                                                  ^[0m
[0m[[0m[33mwarn[0m] [0m[0m/work/chipyard/generators/compress-acc/src/main/scala/FSECompressorDicBuilder.scala:441:66: Auto-application to `()` is deprecated. Supply the empty argument list `()` explicitly to invoke method fire,[0m
[0m[[0m[33mwarn[0m] [0m[0mor remove the empty argument list from its definition (Java-defined methods are exempt).[0m
[0m[[0m[33mwarn[0m] [0m[0mIn Scala 3, an unapplied method like this will be eta-expanded into a function. [quickfixable][0m
[0m[[0m[33mwarn[0m] [0m[0m    symbolTT_lookup_fire_and_last_vec(i) := symbolTT_lookup_fire.fire && last_symbol[0m
[0m[[0m[33mwarn[0m] [0m[0m                                                                 ^[0m
[0m[[0m[33mwarn[0m] [0m[0m/work/chipyard/generators/compress-acc/src/main/scala/FSECompressorEncoder.scala:160:67: Auto-application to `()` is deprecated. Supply the empty argument list `()` explicitly to invoke method fire,[0m
[0m[[0m[33mwarn[0m] [0m[0mor remove the empty argument list from its definition (Java-defined methods are exempt).[0m
[0m[[0m[33mwarn[0m] [0m[0mIn Scala 3, an unapplied method like this will be eta-expanded into a function. [quickfixable][0m
[0m[[0m[33mwarn[0m] [0m[0m    statePtr_value(i) := Mux(valid_new_state && update_state_fire.fire, io.new_state(i).bits, statePtr_value(i))[0m
[0m[[0m[33mwarn[0m] [0m[0m                                                                  ^[0m
[0m[[0m[33mwarn[0m] [0m[0m/work/chipyard/generators/compress-acc/src/main/scala/FSECompressorEncoder.scala:164:29: Auto-application to `()` is deprecated. Supply the empty argument list `()` explicitly to invoke method fire,[0m
[0m[[0m[33mwarn[0m] [0m[0mor remove the empty argument list from its definition (Java-defined methods are exempt).[0m
[0m[[0m[33mwarn[0m] [0m[0mIn Scala 3, an unapplied method like this will be eta-expanded into a function. [quickfixable][0m
[0m[[0m[33mwarn[0m] [0m[0m    when (update_state_fire.fire && i.U < lookup_symbol_cnt_q.io.deq.bits && !initCStateDone(i)) {[0m
[0m[[0m[33mwarn[0m] [0m[0m                            ^[0m
[0m[[0m[33mwarn[0m] [0m[0m/work/chipyard/generators/compress-acc/src/main/scala/FSECompressorEncoder.scala:175:52: Auto-application to `()` is deprecated. Supply the empty argument list `()` explicitly to invoke method fire,[0m
[0m[[0m[33mwarn[0m] [0m[0mor remove the empty argument list from its definition (Java-defined methods are exempt).[0m
[0m[[0m[33mwarn[0m] [0m[0mIn Scala 3, an unapplied method like this will be eta-expanded into a function. [quickfixable][0m
[0m[[0m[33mwarn[0m] [0m[0m  io.lookup_done.valid := RegNext(flush_state_fire.fire)[0m
[0m[[0m[33mwarn[0m] [0m[0m                                                   ^[0m
[0m[[0m[33mwarn[0m] [0m[0m/work/chipyard/generators/compress-acc/src/main/scala/FSECompressorEncoder.scala:181:27: Auto-application to `()` is deprecated. Supply the empty argument list `()` explicitly to invoke method fire,[0m
[0m[[0m[33mwarn[0m] [0m[0mor remove the empty argument list from its definition (Java-defined methods are exempt).[0m
[0m[[0m[33mwarn[0m] [0m[0mIn Scala 3, an unapplied method like this will be eta-expanded into a function. [quickfixable][0m
[0m[[0m[33mwarn[0m] [0m[0m  when (update_state_fire.fire && comp_trans_table_last_symbols) {[0m
[0m[[0m[33mwarn[0m] [0m[0m                          ^[0m
[0m[[0m[33mwarn[0m] [0m[0m/work/chipyard/generators/compress-acc/src/main/scala/FSECompressorEncoder.scala:185:26: Auto-application to `()` is deprecated. Supply the empty argument list `()` explicitly to invoke method fire,[0m
[0m[[0m[33mwarn[0m] [0m[0mor remove the empty argument list from its definition (Java-defined methods are exempt).[0m
[0m[[0m[33mwarn[0m] [0m[0mIn Scala 3, an unapplied method like this will be eta-expanded into a function. [quickfixable][0m
[0m[[0m[33mwarn[0m] [0m[0m  when (flush_state_fire.fire) {[0m
[0m[[0m[33mwarn[0m] [0m[0m                         ^[0m
[0m[[0m[33mwarn[0m] [0m[0m/work/chipyard/generators/compress-acc/src/main/scala/FSECompressorEncoder.scala:194:27: Auto-application to `()` is deprecated. Supply the empty argument list `()` explicitly to invoke method fire,[0m
[0m[[0m[33mwarn[0m] [0m[0mor remove the empty argument list from its definition (Java-defined methods are exempt).[0m
[0m[[0m[33mwarn[0m] [0m[0mIn Scala 3, an unapplied method like this will be eta-expanded into a function. [quickfixable][0m
[0m[[0m[33mwarn[0m] [0m[0m  when (update_state_fire.fire || flush_state_fire.fire) {[0m
[0m[[0m[33mwarn[0m] [0m[0m                          ^[0m
[0m[[0m[33mwarn[0m] [0m[0m/work/chipyard/generators/compress-acc/src/main/scala/FSECompressorEncoder.scala:194:52: Auto-application to `()` is deprecated. Supply the empty argument list `()` explicitly to invoke method fire,[0m
[0m[[0m[33mwarn[0m] [0m[0mor remove the empty argument list from its definition (Java-defined methods are exempt).[0m
[0m[[0m[33mwarn[0m] [0m[0mIn Scala 3, an unapplied method like this will be eta-expanded into a function. [quickfixable][0m
[0m[[0m[33mwarn[0m] [0m[0m  when (update_state_fire.fire || flush_state_fire.fire) {[0m
[0m[[0m[33mwarn[0m] [0m[0m                                                   ^[0m
[0m[[0m[33mwarn[0m] [0m[0m/work/chipyard/generators/compress-acc/src/main/scala/FSECompressorEncoder.scala:201:26: Auto-application to `()` is deprecated. Supply the empty argument list `()` explicitly to invoke method fire,[0m
[0m[[0m[33mwarn[0m] [0m[0mor remove the empty argument list from its definition (Java-defined methods are exempt).[0m
[0m[[0m[33mwarn[0m] [0m[0mIn Scala 3, an unapplied method like this will be eta-expanded into a function. [quickfixable][0m
[0m[[0m[33mwarn[0m] [0m[0m  when (flush_state_fire.fire) {[0m
[0m[[0m[33mwarn[0m] [0m[0m                         ^[0m
[0m[[0m[33mwarn[0m] [0m[0m/work/chipyard/generators/compress-acc/src/main/scala/FSECompressorEncoder.scala:209:26: Auto-application to `()` is deprecated. Supply the empty argument list `()` explicitly to invoke method fire,[0m
[0m[[0m[33mwarn[0m] [0m[0mor remove the empty argument list from its definition (Java-defined methods are exempt).[0m
[0m[[0m[33mwarn[0m] [0m[0mIn Scala 3, an unapplied method like this will be eta-expanded into a function. [quickfixable][0m
[0m[[0m[33mwarn[0m] [0m[0m  when (add_padding_fire.fire) {[0m
[0m[[0m[33mwarn[0m] [0m[0m                         ^[0m
[0m[[0m[33mwarn[0m] [0m[0m/work/chipyard/generators/compress-acc/src/main/scala/FSECompressorEncoder.scala:248:44: Auto-application to `()` is deprecated. Supply the empty argument list `()` explicitly to invoke method fire,[0m
[0m[[0m[33mwarn[0m] [0m[0mor remove the empty argument list from its definition (Java-defined methods are exempt).[0m
[0m[[0m[33mwarn[0m] [0m[0mIn Scala 3, an unapplied method like this will be eta-expanded into a function. [quickfixable][0m
[0m[[0m[33mwarn[0m] [0m[0m  val data_to_write = Mux(flush_state_fire.fire && track_consumed_bytes_odd, states_concat_reverse,[0m
[0m[[0m[33mwarn[0m] [0m[0m                                           ^[0m
[0m[[0m[33mwarn[0m] [0m[0m/work/chipyard/generators/compress-acc/src/main/scala/FSECompressorEncoder.scala:267:27: Auto-application to `()` is deprecated. Supply the empty argument list `()` explicitly to invoke method fire,[0m
[0m[[0m[33mwarn[0m] [0m[0mor remove the empty argument list from its definition (Java-defined methods are exempt).[0m
[0m[[0m[33mwarn[0m] [0m[0mIn Scala 3, an unapplied method like this will be eta-expanded into a function. [quickfixable][0m
[0m[[0m[33mwarn[0m] [0m[0m  when (update_state_fire.fire && init_done) {[0m
[0m[[0m[33mwarn[0m] [0m[0m                          ^[0m
[0m[[0m[33mwarn[0m] [0m[0m/work/chipyard/generators/compress-acc/src/main/scala/FSECompressorEncoder.scala:278:26: Auto-application to `()` is deprecated. Supply the empty argument list `()` explicitly to invoke method fire,[0m
[0m[[0m[33mwarn[0m] [0m[0mor remove the empty argument list from its definition (Java-defined methods are exempt).[0m
[0m[[0m[33mwarn[0m] [0m[0mIn Scala 3, an unapplied method like this will be eta-expanded into a function. [quickfixable][0m
[0m[[0m[33mwarn[0m] [0m[0m  when (flush_state_fire.fire) {[0m
[0m[[0m[33mwarn[0m] [0m[0m                         ^[0m
[0m[[0m[33mwarn[0m] [0m[0m/work/chipyard/generators/compress-acc/src/main/scala/FSECompressorEncoder.scala:288:26: Auto-application to `()` is deprecated. Supply the empty argument list `()` explicitly to invoke method fire,[0m
[0m[[0m[33mwarn[0m] [0m[0mor remove the empty argument list from its definition (Java-defined methods are exempt).[0m
[0m[[0m[33mwarn[0m] [0m[0mIn Scala 3, an unapplied method like this will be eta-expanded into a function. [quickfixable][0m
[0m[[0m[33mwarn[0m] [0m[0m  when (add_padding_fire.fire) {[0m
[0m[[0m[33mwarn[0m] [0m[0m                         ^[0m
[0m[[0m[33mwarn[0m] [0m[0m/work/chipyard/generators/compress-acc/src/main/scala/FSECompressorEncoder.scala:317:49: Auto-application to `()` is deprecated. Supply the empty argument list `()` explicitly to invoke method fire,[0m
[0m[[0m[33mwarn[0m] [0m[0mor remove the empty argument list from its definition (Java-defined methods are exempt).[0m
[0m[[0m[33mwarn[0m] [0m[0mIn Scala 3, an unapplied method like this will be eta-expanded into a function. [quickfixable][0m
[0m[[0m[33mwarn[0m] [0m[0m  io.memwrites_out.bits.data := Mux(header_fire.fire,[0m
[0m[[0m[33mwarn[0m] [0m[0m                                                ^[0m
[0m[[0m[33mwarn[0m] [0m[0m/work/chipyard/generators/compress-acc/src/main/scala/FSECompressorEncoder.scala:320:55: Auto-application to `()` is deprecated. Supply the empty argument list `()` explicitly to invoke method fire,[0m
[0m[[0m[33mwarn[0m] [0m[0mor remove the empty argument list from its definition (Java-defined methods are exempt).[0m
[0m[[0m[33mwarn[0m] [0m[0mIn Scala 3, an unapplied method like this will be eta-expanded into a function. [quickfixable][0m
[0m[[0m[33mwarn[0m] [0m[0m  io.memwrites_out.bits.validbytes := Mux(header_fire.fire,[0m
[0m[[0m[33mwarn[0m] [0m[0m                                                      ^[0m
[0m[[0m[33mwarn[0m] [0m[0m/work/chipyard/generators/compress-acc/src/main/scala/FSECompressorEncoder.scala:323:59: Auto-application to `()` is deprecated. Supply the empty argument list `()` explicitly to invoke method fire,[0m
[0m[[0m[33mwarn[0m] [0m[0mor remove the empty argument list from its definition (Java-defined methods are exempt).[0m
[0m[[0m[33mwarn[0m] [0m[0mIn Scala 3, an unapplied method like this will be eta-expanded into a function. [quickfixable][0m
[0m[[0m[33mwarn[0m] [0m[0m  io.memwrites_out.bits.end_of_message := Mux(header_fire.fire,[0m
[0m[[0m[33mwarn[0m] [0m[0m                                                          ^[0m
[0m[[0m[33mwarn[0m] [0m[0m/work/chipyard/generators/rocket-chip-blocks/src/main/scala/devices/porgen/PorGen.scala:172:38: procedure syntax is deprecated: instead, add `: Unit =` to explicitly declare `tieoffPort`'s return type [quickfixable][0m
[0m[[0m[33mwarn[0m] [0m[0m  def tieoffPort(port: PorGenPortIO) {[0m
[0m[[0m[33mwarn[0m] [0m[0m                                     ^[0m
[0m[[0m[33mwarn[0m] [0m[0m/work/chipyard/generators/rocket-chip-blocks/src/main/scala/devices/pwm/PWM.scala:51:27: reference to ncmp is ambiguous;[0m
[0m[[0m[33mwarn[0m] [0m[0mit is both defined in the enclosing class PWMTimer and inherited in the enclosing class PWMTimerIO as value ncmp (defined in class GenericTimerIO)[0m
[0m[[0m[33mwarn[0m] [0m[0mIn Scala 2, symbols inherited from a superclass shadow symbols defined in an outer scope.[0m
[0m[[0m[33mwarn[0m] [0m[0mSuch references are ambiguous in Scala 3. To continue using the inherited symbol, write `this.ncmp`.[0m
[0m[[0m[33mwarn[0m] [0m[0mOr use `-Wconf:msg=legacy-binding:s` to silence this warning. [quickfixable][0m
[0m[[0m[33mwarn[0m] [0m[0m    val gpio = Output(Vec(ncmp, Bool()))[0m
[0m[[0m[33mwarn[0m] [0m[0m                          ^[0m
[0m[[0m[33mwarn[0m] [0m[0m/work/chipyard/generators/rocket-chip-blocks/src/main/scala/devices/pwm/PWMPeriphery.scala:12:47: Auto-application to `()` is deprecated. Supply the empty argument list `()` explicitly to invoke method makeSink,[0m
[0m[[0m[33mwarn[0m] [0m[0mor remove the empty argument list from its definition (Java-defined methods are exempt).[0m
[0m[[0m[33mwarn[0m] [0m[0mIn Scala 3, an unapplied method like this will be eta-expanded into a function. [quickfixable][0m
[0m[[0m[33mwarn[0m] [0m[0m    PWMAttachParams(ps).attachTo(this).ioNode.makeSink [0m
[0m[[0m[33mwarn[0m] [0m[0m                                              ^[0m
[0m[[0m[33mwarn[0m] [0m[0m104 feature warnings; re-run with -feature for details[0m
[0m[[0m[33mwarn[0m] [0m[0m20 warnings found[0m
[0m[[0m[0minfo[0m] [0m[0mdone compiling[0m
[0m[[0m[0minfo[0m] [0m[0mcompiling 3 Scala sources to /work/chipyard/generators/cva6/target/scala-2.13/classes ...[0m
[0m[[0m[33mwarn[0m] [0m[0m/work/chipyard/generators/compress-acc/src/main/scala/FSESequenceCompressorCommandRouter.scala:53:32: Auto-application to `()` is deprecated. Supply the empty argument list `()` explicitly to invoke method fire,[0m
[0m[[0m[33mwarn[0m] [0m[0mor remove the empty argument list from its definition (Java-defined methods are exempt).[0m
[0m[[0m[33mwarn[0m] [0m[0mIn Scala 3, an unapplied method like this will be eta-expanded into a function. [quickfixable][0m
[0m[[0m[33mwarn[0m] [0m[0m  io.sfence_out := sfence_fire.fire[0m
[0m[[0m[33mwarn[0m] [0m[0m                               ^[0m
[0m[[0m[33mwarn[0m] [0m[0m/work/chipyard/generators/compress-acc/src/main/scala/FSESequenceCompressorCommandRouter.scala:140:34: Auto-application to `()` is deprecated. Supply the empty argument list `()` explicitly to invoke method fire,[0m
[0m[[0m[33mwarn[0m] [0m[0mor remove the empty argument list from its definition (Java-defined methods are exempt).[0m
[0m[[0m[33mwarn[0m] [0m[0mIn Scala 3, an unapplied method like this will be eta-expanded into a function. [quickfixable][0m
[0m[[0m[33mwarn[0m] [0m[0m  when (do_check_completion_fire.fire) {[0m
[0m[[0m[33mwarn[0m] [0m[0m                                 ^[0m
[0m[[0m[33mwarn[0m] [0m[0m/work/chipyard/generators/compress-acc/src/main/scala/FSESequenceCompressorCommandRouter.scala:151:49: Auto-application to `()` is deprecated. Supply the empty argument list `()` explicitly to invoke method fire,[0m
[0m[[0m[33mwarn[0m] [0m[0mor remove the empty argument list from its definition (Java-defined methods are exempt).[0m
[0m[[0m[33mwarn[0m] [0m[0mIn Scala 3, an unapplied method like this will be eta-expanded into a function. [quickfixable][0m
[0m[[0m[33mwarn[0m] [0m[0m  io.rocc_out.valid := do_check_completion_fire.fire[0m
[0m[[0m[33mwarn[0m] [0m[0m                                                ^[0m
[0m[[0m[33mwarn[0m] [0m[0m83 feature warnings; re-run with -feature for details[0m
[0m[[0m[33mwarn[0m] [0m[0m16 warnings found[0m
[0m[[0m[0minfo[0m] [0m[0mdone compiling[0m
[0m[[0m[0minfo[0m] [0m[0mcompiling 112 Scala sources to /work/chipyard/generators/boom/src/target/scala-2.13/classes ...[0m
[0m[[0m[33mwarn[0m] [0m[0m/work/chipyard/generators/compress-acc/src/main/scala/FSESequenceCompressorEncoder.scala:185:34: Auto-application to `()` is deprecated. Supply the empty argument list `()` explicitly to invoke method fire,[0m
[0m[[0m[33mwarn[0m] [0m[0mor remove the empty argument list from its definition (Java-defined methods are exempt).[0m
[0m[[0m[33mwarn[0m] [0m[0mIn Scala 3, an unapplied method like this will be eta-expanded into a function. [quickfixable][0m
[0m[[0m[33mwarn[0m] [0m[0m  when (sequence_dic_lookup_fire.fire) {[0m
[0m[[0m[33mwarn[0m] [0m[0m                                 ^[0m
[0m[[0m[33mwarn[0m] [0m[0m/work/chipyard/generators/compress-acc/src/main/scala/FSESequenceCompressorEncoder.scala:296:27: Auto-application to `()` is deprecated. Supply the empty argument list `()` explicitly to invoke method fire,[0m
[0m[[0m[33mwarn[0m] [0m[0mor remove the empty argument list from its definition (Java-defined methods are exempt).[0m
[0m[[0m[33mwarn[0m] [0m[0mIn Scala 3, an unapplied method like this will be eta-expanded into a function. [quickfixable][0m
[0m[[0m[33mwarn[0m] [0m[0m  when (update_state_fire.fire && !initCStateDone) {[0m
[0m[[0m[33mwarn[0m] [0m[0m                          ^[0m
[0m[[0m[33mwarn[0m] [0m[0m/work/chipyard/generators/compress-acc/src/main/scala/FSESequenceCompressorEncoder.scala:300:27: Auto-application to `()` is deprecated. Supply the empty argument list `()` explicitly to invoke method fire,[0m
[0m[[0m[33mwarn[0m] [0m[0mor remove the empty argument list from its definition (Java-defined methods are exempt).[0m
[0m[[0m[33mwarn[0m] [0m[0mIn Scala 3, an unapplied method like this will be eta-expanded into a function. [quickfixable][0m
[0m[[0m[33mwarn[0m] [0m[0m  when (update_state_fire.fire) {[0m
[0m[[0m[33mwarn[0m] [0m[0m                          ^[0m
[0m[[0m[33mwarn[0m] [0m[0m/work/chipyard/generators/compress-acc/src/main/scala/FSESequenceCompressorEncoder.scala:307:29: Auto-application to `()` is deprecated. Supply the empty argument list `()` explicitly to invoke method fire,[0m
[0m[[0m[33mwarn[0m] [0m[0mor remove the empty argument list from its definition (Java-defined methods are exempt).[0m
[0m[[0m[33mwarn[0m] [0m[0mIn Scala 3, an unapplied method like this will be eta-expanded into a function. [quickfixable][0m
[0m[[0m[33mwarn[0m] [0m[0m  when (block_add_bits_fire.fire) {[0m
[0m[[0m[33mwarn[0m] [0m[0m                            ^[0m
[0m[[0m[33mwarn[0m] [0m[0m/work/chipyard/generators/compress-acc/src/main/scala/FSESequenceCompressorEncoder.scala:313:27: Auto-application to `()` is deprecated. Supply the empty argument list `()` explicitly to invoke method fire,[0m
[0m[[0m[33mwarn[0m] [0m[0mor remove the empty argument list from its definition (Java-defined methods are exempt).[0m
[0m[[0m[33mwarn[0m] [0m[0mIn Scala 3, an unapplied method like this will be eta-expanded into a function. [quickfixable][0m
[0m[[0m[33mwarn[0m] [0m[0m  when (update_state_fire.fire && ll_comp_trans_table_q.io.deq.bits.from_last_symbol) {[0m
[0m[[0m[33mwarn[0m] [0m[0m                          ^[0m
[0m[[0m[33mwarn[0m] [0m[0m/work/chipyard/generators/compress-acc/src/main/scala/FSESequenceCompressorEncoder.scala:317:29: Auto-application to `()` is deprecated. Supply the empty argument list `()` explicitly to invoke method fire,[0m
[0m[[0m[33mwarn[0m] [0m[0mor remove the empty argument list from its definition (Java-defined methods are exempt).[0m
[0m[[0m[33mwarn[0m] [0m[0mIn Scala 3, an unapplied method like this will be eta-expanded into a function. [quickfixable][0m
[0m[[0m[33mwarn[0m] [0m[0m  when (block_add_bits_fire.fire && last_update_state_fired) {[0m
[0m[[0m[33mwarn[0m] [0m[0m                            ^[0m
[0m[[0m[33mwarn[0m] [0m[0m/work/chipyard/generators/compress-acc/src/main/scala/FSESequenceCompressorEncoder.scala:334:28: Auto-application to `()` is deprecated. Supply the empty argument list `()` explicitly to invoke method fire,[0m
[0m[[0m[33mwarn[0m] [0m[0mor remove the empty argument list from its definition (Java-defined methods are exempt).[0m
[0m[[0m[33mwarn[0m] [0m[0mIn Scala 3, an unapplied method like this will be eta-expanded into a function. [quickfixable][0m
[0m[[0m[33mwarn[0m] [0m[0m  when ((update_state_fire.fire && initCStateDone) || flush_state_fire.fire) {[0m
[0m[[0m[33mwarn[0m] [0m[0m                           ^[0m
[0m[[0m[33mwarn[0m] [0m[0m/work/chipyard/generators/compress-acc/src/main/scala/FSESequenceCompressorEncoder.scala:334:72: Auto-application to `()` is deprecated. Supply the empty argument list `()` explicitly to invoke method fire,[0m
[0m[[0m[33mwarn[0m] [0m[0mor remove the empty argument list from its definition (Java-defined methods are exempt).[0m
[0m[[0m[33mwarn[0m] [0m[0mIn Scala 3, an unapplied method like this will be eta-expanded into a function. [quickfixable][0m
[0m[[0m[33mwarn[0m] [0m[0m  when ((update_state_fire.fire && initCStateDone) || flush_state_fire.fire) {[0m
[0m[[0m[33mwarn[0m] [0m[0m                                                                       ^[0m
[0m[[0m[33mwarn[0m] [0m[0m/work/chipyard/generators/compress-acc/src/main/scala/FSESequenceCompressorEncoder.scala:361:26: Auto-application to `()` is deprecated. Supply the empty argument list `()` explicitly to invoke method fire,[0m
[0m[[0m[33mwarn[0m] [0m[0mor remove the empty argument list from its definition (Java-defined methods are exempt).[0m
[0m[[0m[33mwarn[0m] [0m[0mIn Scala 3, an unapplied method like this will be eta-expanded into a function. [quickfixable][0m
[0m[[0m[33mwarn[0m] [0m[0m  when (flush_state_fire.fire) {[0m
[0m[[0m[33mwarn[0m] [0m[0m                         ^[0m
[0m[[0m[33mwarn[0m] [0m[0m/work/chipyard/generators/compress-acc/src/main/scala/FSESequenceCompressorEncoder.scala:370:26: Auto-application to `()` is deprecated. Supply the empty argument list `()` explicitly to invoke method fire,[0m
[0m[[0m[33mwarn[0m] [0m[0mor remove the empty argument list from its definition (Java-defined methods are exempt).[0m
[0m[[0m[33mwarn[0m] [0m[0mIn Scala 3, an unapplied method like this will be eta-expanded into a function. [quickfixable][0m
[0m[[0m[33mwarn[0m] [0m[0m  when (add_padding_fire.fire) {[0m
[0m[[0m[33mwarn[0m] [0m[0m                         ^[0m
[0m[[0m[33mwarn[0m] [0m[0m/work/chipyard/generators/compress-acc/src/main/scala/FSESequenceCompressorEncoder.scala:385:26: Auto-application to `()` is deprecated. Supply the empty argument list `()` explicitly to invoke method fire,[0m
[0m[[0m[33mwarn[0m] [0m[0mor remove the empty argument list from its definition (Java-defined methods are exempt).[0m
[0m[[0m[33mwarn[0m] [0m[0mIn Scala 3, an unapplied method like this will be eta-expanded into a function. [quickfixable][0m
[0m[[0m[33mwarn[0m] [0m[0m  when (add_padding_fire.fire) {[0m
[0m[[0m[33mwarn[0m] [0m[0m                         ^[0m
[0m[[0m[33mwarn[0m] [0m[0m/work/chipyard/generators/compress-acc/src/main/scala/FSESequenceCompressorEncoder.scala:417:29: Auto-application to `()` is deprecated. Supply the empty argument list `()` explicitly to invoke method fire,[0m
[0m[[0m[33mwarn[0m] [0m[0mor remove the empty argument list from its definition (Java-defined methods are exempt).[0m
[0m[[0m[33mwarn[0m] [0m[0mIn Scala 3, an unapplied method like this will be eta-expanded into a function. [quickfixable][0m
[0m[[0m[33mwarn[0m] [0m[0m  when (block_add_bits_fire.fire) {[0m
[0m[[0m[33mwarn[0m] [0m[0m                            ^[0m
[0m[[0m[33mwarn[0m] [0m[0m/work/chipyard/generators/compress-acc/src/main/scala/FSESequenceCompressorEncoder.scala:429:68: Auto-application to `()` is deprecated. Supply the empty argument list `()` explicitly to invoke method fire,[0m
[0m[[0m[33mwarn[0m] [0m[0mor remove the empty argument list from its definition (Java-defined methods are exempt).[0m
[0m[[0m[33mwarn[0m] [0m[0mIn Scala 3, an unapplied method like this will be eta-expanded into a function. [quickfixable][0m
[0m[[0m[33mwarn[0m] [0m[0m  comp_bits_buff.io.writes_in.bits.data := Mux(block_add_bits_fire.fire, BIT_addBits_concat,[0m
[0m[[0m[33mwarn[0m] [0m[0m                                                                   ^[0m
[0m[[0m[33mwarn[0m] [0m[0m/work/chipyard/generators/compress-acc/src/main/scala/FSESequenceCompressorEncoder.scala:430:68: Auto-application to `()` is deprecated. Supply the empty argument list `()` explicitly to invoke method fire,[0m
[0m[[0m[33mwarn[0m] [0m[0mor remove the empty argument list from its definition (Java-defined methods are exempt).[0m
[0m[[0m[33mwarn[0m] [0m[0mIn Scala 3, an unapplied method like this will be eta-expanded into a function. [quickfixable][0m
[0m[[0m[33mwarn[0m] [0m[0m                                             Mux(update_state_fire.fire, update_state_data_to_write,[0m
[0m[[0m[33mwarn[0m] [0m[0m                                                                   ^[0m
[0m[[0m[33mwarn[0m] [0m[0m/work/chipyard/generators/compress-acc/src/main/scala/FSESequenceCompressorEncoder.scala:431:69: Auto-application to `()` is deprecated. Supply the empty argument list `()` explicitly to invoke method fire,[0m
[0m[[0m[33mwarn[0m] [0m[0mor remove the empty argument list from its definition (Java-defined methods are exempt).[0m
[0m[[0m[33mwarn[0m] [0m[0mIn Scala 3, an unapplied method like this will be eta-expanded into a function. [quickfixable][0m
[0m[[0m[33mwarn[0m] [0m[0m                                               Mux(flush_state_fire.fire, flush_state_data_to_write,[0m
[0m[[0m[33mwarn[0m] [0m[0m                                                                    ^[0m
[0m[[0m[33mwarn[0m] [0m[0m/work/chipyard/generators/compress-acc/src/main/scala/FSESequenceCompressorEncoder.scala:432:71: Auto-application to `()` is deprecated. Supply the empty argument list `()` explicitly to invoke method fire,[0m
[0m[[0m[33mwarn[0m] [0m[0mor remove the empty argument list from its definition (Java-defined methods are exempt).[0m
[0m[[0m[33mwarn[0m] [0m[0mIn Scala 3, an unapplied method like this will be eta-expanded into a function. [quickfixable][0m
[0m[[0m[33mwarn[0m] [0m[0m                                                 Mux(add_padding_fire.fire, 1.U,[0m
[0m[[0m[33mwarn[0m] [0m[0m                                                                      ^[0m
[0m[[0m[33mwarn[0m] [0m[0m/work/chipyard/generators/compress-acc/src/main/scala/FSESequenceCompressorEncoder.scala:434:73: Auto-application to `()` is deprecated. Supply the empty argument list `()` explicitly to invoke method fire,[0m
[0m[[0m[33mwarn[0m] [0m[0mor remove the empty argument list from its definition (Java-defined methods are exempt).[0m
[0m[[0m[33mwarn[0m] [0m[0mIn Scala 3, an unapplied method like this will be eta-expanded into a function. [quickfixable][0m
[0m[[0m[33mwarn[0m] [0m[0m  comp_bits_buff.io.writes_in.bits.validbits := Mux(block_add_bits_fire.fire, BIT_addBits_nbBits,[0m
[0m[[0m[33mwarn[0m] [0m[0m                                                                        ^[0m
[0m[[0m[33mwarn[0m] [0m[0m/work/chipyard/generators/compress-acc/src/main/scala/FSESequenceCompressorEncoder.scala:435:73: Auto-application to `()` is deprecated. Supply the empty argument list `()` explicitly to invoke method fire,[0m
[0m[[0m[33mwarn[0m] [0m[0mor remove the empty argument list from its definition (Java-defined methods are exempt).[0m
[0m[[0m[33mwarn[0m] [0m[0mIn Scala 3, an unapplied method like this will be eta-expanded into a function. [quickfixable][0m
[0m[[0m[33mwarn[0m] [0m[0m                                                  Mux(update_state_fire.fire, update_state_data_bits,[0m
[0m[[0m[33mwarn[0m] [0m[0m                                                                        ^[0m
[0m[[0m[33mwarn[0m] [0m[0m/work/chipyard/generators/compress-acc/src/main/scala/FSESequenceCompressorEncoder.scala:436:74: Auto-application to `()` is deprecated. Supply the empty argument list `()` explicitly to invoke method fire,[0m
[0m[[0m[33mwarn[0m] [0m[0mor remove the empty argument list from its definition (Java-defined methods are exempt).[0m
[0m[[0m[33mwarn[0m] [0m[0mIn Scala 3, an unapplied method like this will be eta-expanded into a function. [quickfixable][0m
[0m[[0m[33mwarn[0m] [0m[0m                                                    Mux(flush_state_fire.fire, flush_state_data_bits,[0m
[0m[[0m[33mwarn[0m] [0m[0m                                                                         ^[0m
[0m[[0m[33mwarn[0m] [0m[0m/work/chipyard/generators/compress-acc/src/main/scala/FSESequenceCompressorEncoder.scala:437:76: Auto-application to `()` is deprecated. Supply the empty argument list `()` explicitly to invoke method fire,[0m
[0m[[0m[33mwarn[0m] [0m[0mor remove the empty argument list from its definition (Java-defined methods are exempt).[0m
[0m[[0m[33mwarn[0m] [0m[0mIn Scala 3, an unapplied method like this will be eta-expanded into a function. [quickfixable][0m
[0m[[0m[33mwarn[0m] [0m[0m                                                      Mux(add_padding_fire.fire, padding_bits,[0m
[0m[[0m[33mwarn[0m] [0m[0m                                                                           ^[0m
[0m[[0m[33mwarn[0m] [0m[0m/work/chipyard/generators/compress-acc/src/main/scala/FSESequenceCompressorEncoder.scala:498:30: Auto-application to `()` is deprecated. Supply the empty argument list `()` explicitly to invoke method fire,[0m
[0m[[0m[33mwarn[0m] [0m[0mor remove the empty argument list from its definition (Java-defined methods are exempt).[0m
[0m[[0m[33mwarn[0m] [0m[0mIn Scala 3, an unapplied method like this will be eta-expanded into a function. [quickfixable][0m
[0m[[0m[33mwarn[0m] [0m[0m  when (sequence_header_fire.fire) {[0m
[0m[[0m[33mwarn[0m] [0m[0m                             ^[0m
[0m[[0m[33mwarn[0m] [0m[0m/work/chipyard/generators/compress-acc/src/main/scala/FSESequenceCompressorEncoder.scala:523:35: Auto-application to `()` is deprecated. Supply the empty argument list `()` explicitly to invoke method fire,[0m
[0m[[0m[33mwarn[0m] [0m[0mor remove the empty argument list from its definition (Java-defined methods are exempt).[0m
[0m[[0m[33mwarn[0m] [0m[0mIn Scala 3, an unapplied method like this will be eta-expanded into a function. [quickfixable][0m
[0m[[0m[33mwarn[0m] [0m[0m  when (literallength_header_fire.fire && io.ll_header_writes.bits.end_of_message) {[0m
[0m[[0m[33mwarn[0m] [0m[0m                                  ^[0m
[0m[[0m[33mwarn[0m] [0m[0m/work/chipyard/generators/compress-acc/src/main/scala/FSESequenceCompressorEncoder.scala:540:28: Auto-application to `()` is deprecated. Supply the empty argument list `()` explicitly to invoke method fire,[0m
[0m[[0m[33mwarn[0m] [0m[0mor remove the empty argument list from its definition (Java-defined methods are exempt).[0m
[0m[[0m[33mwarn[0m] [0m[0mIn Scala 3, an unapplied method like this will be eta-expanded into a function. [quickfixable][0m
[0m[[0m[33mwarn[0m] [0m[0m  when (offset_header_fire.fire && io.of_header_writes.bits.end_of_message) {[0m
[0m[[0m[33mwarn[0m] [0m[0m                           ^[0m
[0m[[0m[33mwarn[0m] [0m[0m/work/chipyard/generators/compress-acc/src/main/scala/FSESequenceCompressorEncoder.scala:555:33: Auto-application to `()` is deprecated. Supply the empty argument list `()` explicitly to invoke method fire,[0m
[0m[[0m[33mwarn[0m] [0m[0mor remove the empty argument list from its definition (Java-defined methods are exempt).[0m
[0m[[0m[33mwarn[0m] [0m[0mIn Scala 3, an unapplied method like this will be eta-expanded into a function. [quickfixable][0m
[0m[[0m[33mwarn[0m] [0m[0m  when (matchlength_header_fire.fire && io.ml_header_writes.bits.end_of_message) {[0m
[0m[[0m[33mwarn[0m] [0m[0m                                ^[0m
[0m[[0m[33mwarn[0m] [0m[0m/work/chipyard/generators/compress-acc/src/main/scala/FSESequenceCompressorEncoder.scala:573:35: Auto-application to `()` is deprecated. Supply the empty argument list `()` explicitly to invoke method fire,[0m
[0m[[0m[33mwarn[0m] [0m[0mor remove the empty argument list from its definition (Java-defined methods are exempt).[0m
[0m[[0m[33mwarn[0m] [0m[0mIn Scala 3, an unapplied method like this will be eta-expanded into a function. [quickfixable][0m
[0m[[0m[33mwarn[0m] [0m[0m  when (compressed_sequences_fire.fire && io.memwrites_out.bits.end_of_message) {[0m
[0m[[0m[33mwarn[0m] [0m[0m                                  ^[0m
[0m[[0m[33mwarn[0m] [0m[0m/work/chipyard/generators/compress-acc/src/main/scala/FSESequenceCompressorEncoder.scala:589:35: Auto-application to `()` is deprecated. Supply the empty argument list `()` explicitly to invoke method fire,[0m
[0m[[0m[33mwarn[0m] [0m[0mor remove the empty argument list from its definition (Java-defined methods are exempt).[0m
[0m[[0m[33mwarn[0m] [0m[0mIn Scala 3, an unapplied method like this will be eta-expanded into a function. [quickfixable][0m
[0m[[0m[33mwarn[0m] [0m[0m  when (compressed_sequences_fire.fire && io.memwrites_out.bits.end_of_message) {[0m
[0m[[0m[33mwarn[0m] [0m[0m                                  ^[0m
[0m[[0m[33mwarn[0m] [0m[0m/work/chipyard/generators/rocket-chip-blocks/src/main/scala/devices/spi/SPIPhysical.scala:44:30: reference to c is ambiguous;[0m
[0m[[0m[33mwarn[0m] [0m[0mit is both defined in the enclosing class SPIPhysical and inherited in the enclosing anonymous class as value c (defined in class SPIBundle)[0m
[0m[[0m[33mwarn[0m] [0m[0mIn Scala 2, symbols inherited from a superclass shadow symbols defined in an outer scope.[0m
[0m[[0m[33mwarn[0m] [0m[0mSuch references are ambiguous in Scala 3. To continue using the inherited symbol, write `this.c`.[0m
[0m[[0m[33mwarn[0m] [0m[0mOr use `-Wconf:msg=legacy-binding:s` to silence this warning. [quickfixable][0m
[0m[[0m[33mwarn[0m] [0m[0m    val port = new SPIPortIO(c)[0m
[0m[[0m[33mwarn[0m] [0m[0m                             ^[0m
[0m[[0m[33mwarn[0m] [0m[0m/work/chipyard/generators/rocket-chip-blocks/src/main/scala/devices/spi/SPIPhysical.scala:45:40: reference to c is ambiguous;[0m
[0m[[0m[33mwarn[0m] [0m[0mit is both defined in the enclosing class SPIPhysical and inherited in the enclosing anonymous class as value c (defined in class SPIBundle)[0m
[0m[[0m[33mwarn[0m] [0m[0mIn Scala 2, symbols inherited from a superclass shadow symbols defined in an outer scope.[0m
[0m[[0m[33mwarn[0m] [0m[0mSuch references are ambiguous in Scala 3. To continue using the inherited symbol, write `this.c`.[0m
[0m[[0m[33mwarn[0m] [0m[0mOr use `-Wconf:msg=legacy-binding:s` to silence this warning. [quickfixable][0m
[0m[[0m[33mwarn[0m] [0m[0m    val ctrl = Input(new SPIPhyControl(c))[0m
[0m[[0m[33mwarn[0m] [0m[0m                                       ^[0m
[0m[[0m[33mwarn[0m] [0m[0m/work/chipyard/generators/rocket-chip-blocks/src/main/scala/devices/spi/SPIPhysical.scala:46:47: reference to c is ambiguous;[0m
[0m[[0m[33mwarn[0m] [0m[0mit is both defined in the enclosing class SPIPhysical and inherited in the enclosing anonymous class as value c (defined in class SPIBundle)[0m
[0m[[0m[33mwarn[0m] [0m[0mIn Scala 2, symbols inherited from a superclass shadow symbols defined in an outer scope.[0m
[0m[[0m[33mwarn[0m] [0m[0mSuch references are ambiguous in Scala 3. To continue using the inherited symbol, write `this.c`.[0m
[0m[[0m[33mwarn[0m] [0m[0mOr use `-Wconf:msg=legacy-binding:s` to silence this warning. [quickfixable][0m
[0m[[0m[33mwarn[0m] [0m[0m    val op = Flipped(Decoupled(new SPIMicroOp(c)))[0m
[0m[[0m[33mwarn[0m] [0m[0m                                              ^[0m
[0m[[0m[33mwarn[0m] [0m[0m/work/chipyard/generators/rocket-chip-blocks/src/main/scala/devices/spi/SPIPhysical.scala:47:25: reference to c is ambiguous;[0m
[0m[[0m[33mwarn[0m] [0m[0mit is both defined in the enclosing class SPIPhysical and inherited in the enclosing anonymous class as value c (defined in class SPIBundle)[0m
[0m[[0m[33mwarn[0m] [0m[0mIn Scala 2, symbols inherited from a superclass shadow symbols defined in an outer scope.[0m
[0m[[0m[33mwarn[0m] [0m[0mSuch references are ambiguous in Scala 3. To continue using the inherited symbol, write `this.c`.[0m
[0m[[0m[33mwarn[0m] [0m[0mOr use `-Wconf:msg=legacy-binding:s` to silence this warning. [quickfixable][0m
[0m[[0m[33mwarn[0m] [0m[0m    val rx = Valid(Bits(c.frameBits.W))[0m
[0m[[0m[33mwarn[0m] [0m[0m                        ^[0m
[0m[[0m[33mwarn[0m] [0m[0m/work/chipyard/generators/compress-acc/src/main/scala/FSESequenceToCodeConverter.scala:56:26: Auto-application to `()` is deprecated. Supply the empty argument list `()` explicitly to invoke method fire,[0m
[0m[[0m[33mwarn[0m] [0m[0mor remove the empty argument list from its definition (Java-defined methods are exempt).[0m
[0m[[0m[33mwarn[0m] [0m[0mIn Scala 3, an unapplied method like this will be eta-expanded into a function. [quickfixable][0m
[0m[[0m[33mwarn[0m] [0m[0m  when (split_input_fire.fire && io.src_stream.output_last_chunk && io.src_stream.available_output_bytes <= 12.U) {[0m
[0m[[0m[33mwarn[0m] [0m[0m                         ^[0m
[0m[[0m[33mwarn[0m] [0m[0m/work/chipyard/generators/compress-acc/src/main/scala/FSESequenceToCodeConverter.scala:88:26: Auto-application to `()` is deprecated. Supply the empty argument list `()` explicitly to invoke method fire,[0m
[0m[[0m[33mwarn[0m] [0m[0mor remove the empty argument list from its definition (Java-defined methods are exempt).[0m
[0m[[0m[33mwarn[0m] [0m[0mIn Scala 3, an unapplied method like this will be eta-expanded into a function. [quickfixable][0m
[0m[[0m[33mwarn[0m] [0m[0m  when (split_input_fire.fire) {[0m
[0m[[0m[33mwarn[0m] [0m[0m                         ^[0m
[0m[[0m[33mwarn[0m] [0m[0m/work/chipyard/generators/compress-acc/src/main/scala/FSESequenceToCodeConverter.scala:93:26: Auto-application to `()` is deprecated. Supply the empty argument list `()` explicitly to invoke method fire,[0m
[0m[[0m[33mwarn[0m] [0m[0mor remove the empty argument list from its definition (Java-defined methods are exempt).[0m
[0m[[0m[33mwarn[0m] [0m[0mIn Scala 3, an unapplied method like this will be eta-expanded into a function. [quickfixable][0m
[0m[[0m[33mwarn[0m] [0m[0m  when (split_input_fire.fire && end_of_message) {[0m
[0m[[0m[33mwarn[0m] [0m[0m                         ^[0m
[0m[[0m[33mwarn[0m] [0m[0m/work/chipyard/generators/rocket-chip-blocks/src/main/scala/devices/spi/SPIPins.scala:19:57: procedure syntax is deprecated: instead, add `: Unit =` to explicitly declare `apply`'s return type [quickfixable][0m
[0m[[0m[33mwarn[0m] [0m[0m    syncStages: Int = 0, driveStrength: Bool = false.B) {[0m
[0m[[0m[33mwarn[0m] [0m[0m                                                        ^[0m
[0m[[0m[33mwarn[0m] [0m[0m/work/chipyard/generators/compress-acc/src/main/scala/HufCompressorCommandRouter.scala:47:32: Auto-application to `()` is deprecated. Supply the empty argument list `()` explicitly to invoke method fire,[0m
[0m[[0m[33mwarn[0m] [0m[0mor remove the empty argument list from its definition (Java-defined methods are exempt).[0m
[0m[[0m[33mwarn[0m] [0m[0mIn Scala 3, an unapplied method like this will be eta-expanded into a function. [quickfixable][0m
[0m[[0m[33mwarn[0m] [0m[0m  io.sfence_out := sfence_fire.fire[0m
[0m[[0m[33mwarn[0m] [0m[0m                               ^[0m
[0m[[0m[33mwarn[0m] [0m[0m/work/chipyard/generators/compress-acc/src/main/scala/HufCompressorCommandRouter.scala:117:34: Auto-application to `()` is deprecated. Supply the empty argument list `()` explicitly to invoke method fire,[0m
[0m[[0m[33mwarn[0m] [0m[0mor remove the empty argument list from its definition (Java-defined methods are exempt).[0m
[0m[[0m[33mwarn[0m] [0m[0mIn Scala 3, an unapplied method like this will be eta-expanded into a function. [quickfixable][0m
[0m[[0m[33mwarn[0m] [0m[0m  when (do_check_completion_fire.fire) {[0m
[0m[[0m[33mwarn[0m] [0m[0m                                 ^[0m
[0m[[0m[33mwarn[0m] [0m[0m/work/chipyard/generators/compress-acc/src/main/scala/HufCompressorCommandRouter.scala:127:49: Auto-application to `()` is deprecated. Supply the empty argument list `()` explicitly to invoke method fire,[0m
[0m[[0m[33mwarn[0m] [0m[0mor remove the empty argument list from its definition (Java-defined methods are exempt).[0m
[0m[[0m[33mwarn[0m] [0m[0mIn Scala 3, an unapplied method like this will be eta-expanded into a function. [quickfixable][0m
[0m[[0m[33mwarn[0m] [0m[0m  io.rocc_out.valid := do_check_completion_fire.fire[0m
[0m[[0m[33mwarn[0m] [0m[0m                                                ^[0m
[0m[[0m[33mwarn[0m] [0m[0m/work/chipyard/generators/compress-acc/src/main/scala/HufCompressorController.scala:122:47: Auto-application to `()` is deprecated. Supply the empty argument list `()` explicitly to invoke method fire,[0m
[0m[[0m[33mwarn[0m] [0m[0mor remove the empty argument list from its definition (Java-defined methods are exempt).[0m
[0m[[0m[33mwarn[0m] [0m[0mIn Scala 3, an unapplied method like this will be eta-expanded into a function. [quickfixable][0m
[0m[[0m[33mwarn[0m] [0m[0m  io.weight_dst_info.valid := weight_dst_fire.fire[0m
[0m[[0m[33mwarn[0m] [0m[0m                                              ^[0m
[0m[[0m[33mwarn[0m] [0m[0m/work/chipyard/generators/compress-acc/src/main/scala/HufCompressorController.scala:126:25: Auto-application to `()` is deprecated. Supply the empty argument list `()` explicitly to invoke method fire,[0m
[0m[[0m[33mwarn[0m] [0m[0mor remove the empty argument list from its definition (Java-defined methods are exempt).[0m
[0m[[0m[33mwarn[0m] [0m[0mIn Scala 3, an unapplied method like this will be eta-expanded into a function. [quickfixable][0m
[0m[[0m[33mwarn[0m] [0m[0m  when (weight_dst_fire.fire) {[0m
[0m[[0m[33mwarn[0m] [0m[0m                        ^[0m
[0m[[0m[33mwarn[0m] [0m[0m/work/chipyard/generators/compress-acc/src/main/scala/HufCompressorController.scala:178:30: Auto-application to `()` is deprecated. Supply the empty argument list `()` explicitly to invoke method fire,[0m
[0m[[0m[33mwarn[0m] [0m[0mor remove the empty argument list from its definition (Java-defined methods are exempt).[0m
[0m[[0m[33mwarn[0m] [0m[0mIn Scala 3, an unapplied method like this will be eta-expanded into a function. [quickfixable][0m
[0m[[0m[33mwarn[0m] [0m[0m  when (kickoff_encoder_fire.fire && first_stream) {[0m
[0m[[0m[33mwarn[0m] [0m[0m                             ^[0m
[0m[[0m[33mwarn[0m] [0m[0m/work/chipyard/generators/compress-acc/src/main/scala/HufCompressorController.scala:188:30: Auto-application to `()` is deprecated. Supply the empty argument list `()` explicitly to invoke method fire,[0m
[0m[[0m[33mwarn[0m] [0m[0mor remove the empty argument list from its definition (Java-defined methods are exempt).[0m
[0m[[0m[33mwarn[0m] [0m[0mIn Scala 3, an unapplied method like this will be eta-expanded into a function. [quickfixable][0m
[0m[[0m[33mwarn[0m] [0m[0m  when (kickoff_encoder_fire.fire && !last_kickoff_done) {[0m
[0m[[0m[33mwarn[0m] [0m[0m                             ^[0m
[0m[[0m[33mwarn[0m] [0m[0m/work/chipyard/generators/compress-acc/src/main/scala/HufCompressorController.scala:214:31: Auto-application to `()` is deprecated. Supply the empty argument list `()` explicitly to invoke method fire,[0m
[0m[[0m[33mwarn[0m] [0m[0mor remove the empty argument list from its definition (Java-defined methods are exempt).[0m
[0m[[0m[33mwarn[0m] [0m[0mIn Scala 3, an unapplied method like this will be eta-expanded into a function. [quickfixable][0m
[0m[[0m[33mwarn[0m] [0m[0m  when (write_jump_table_fire.fire) {[0m
[0m[[0m[33mwarn[0m] [0m[0m                              ^[0m
[0m[[0m[33mwarn[0m] [0m[0m/work/chipyard/generators/compress-acc/src/main/scala/HufCompressorController.scala:265:27: Auto-application to `()` is deprecated. Supply the empty argument list `()` explicitly to invoke method fire,[0m
[0m[[0m[33mwarn[0m] [0m[0mor remove the empty argument list from its definition (Java-defined methods are exempt).[0m
[0m[[0m[33mwarn[0m] [0m[0mIn Scala 3, an unapplied method like this will be eta-expanded into a function. [quickfixable][0m
[0m[[0m[33mwarn[0m] [0m[0m  when (write_header_fire.fire) {[0m
[0m[[0m[33mwarn[0m] [0m[0m                          ^[0m
[0m[[0m[33mwarn[0m] [0m[0m/work/chipyard/generators/compress-acc/src/main/scala/HufCompressorController.scala:297:32: Auto-application to `()` is deprecated. Supply the empty argument list `()` explicitly to invoke method fire,[0m
[0m[[0m[33mwarn[0m] [0m[0mor remove the empty argument list from its definition (Java-defined methods are exempt).[0m
[0m[[0m[33mwarn[0m] [0m[0mIn Scala 3, an unapplied method like this will be eta-expanded into a function. [quickfixable][0m
[0m[[0m[33mwarn[0m] [0m[0m  when (total_write_bytes_fire.fire) {[0m
[0m[[0m[33mwarn[0m] [0m[0m                               ^[0m
[0m[[0m[33mwarn[0m] [0m[0m/work/chipyard/generators/rocket-chip-blocks/src/main/scala/devices/stream/PseudoStream.scala:147:40: procedure syntax is deprecated: instead, add `: Unit =` to explicitly declare `tieoff`'s return type [quickfixable][0m
[0m[[0m[33mwarn[0m] [0m[0m  def tieoff(port: PseudoStreamPortIO) {[0m
[0m[[0m[33mwarn[0m] [0m[0m                                       ^[0m
[0m[[0m[33mwarn[0m] [0m[0m/work/chipyard/generators/rocket-chip-blocks/src/main/scala/devices/stream/PseudoStream.scala:154:56: procedure syntax is deprecated: instead, add `: Unit =` to explicitly declare `loopback`'s return type [quickfixable][0m
[0m[[0m[33mwarn[0m] [0m[0m  def loopback(port: PseudoStreamPortIO, clock: Clock) {[0m
[0m[[0m[33mwarn[0m] [0m[0m                                                       ^[0m
[0m[[0m[33mwarn[0m] [0m[0m/work/chipyard/generators/compress-acc/src/main/scala/HufCompressorDicBuilder.scala:195:54: Auto-application to `()` is deprecated. Supply the empty argument list `()` explicitly to invoke method fire,[0m
[0m[[0m[33mwarn[0m] [0m[0mor remove the empty argument list from its definition (Java-defined methods are exempt).[0m
[0m[[0m[33mwarn[0m] [0m[0mIn Scala 3, an unapplied method like this will be eta-expanded into a function. [quickfixable][0m
[0m[[0m[33mwarn[0m] [0m[0m  priority_queue.enq.valid := pq_state_sort_enq_fire.fire || pq_state_build_tree_enq_fire.fire[0m
[0m[[0m[33mwarn[0m] [0m[0m                                                     ^[0m
[0m[[0m[33mwarn[0m] [0m[0m/work/chipyard/generators/compress-acc/src/main/scala/HufCompressorDicBuilder.scala:195:91: Auto-application to `()` is deprecated. Supply the empty argument list `()` explicitly to invoke method fire,[0m
[0m[[0m[33mwarn[0m] [0m[0mor remove the empty argument list from its definition (Java-defined methods are exempt).[0m
[0m[[0m[33mwarn[0m] [0m[0mIn Scala 3, an unapplied method like this will be eta-expanded into a function. [quickfixable][0m
[0m[[0m[33mwarn[0m] [0m[0m  priority_queue.enq.valid := pq_state_sort_enq_fire.fire || pq_state_build_tree_enq_fire.fire[0m
[0m[[0m[33mwarn[0m] [0m[0m                                                                                          ^[0m
[0m[[0m[33mwarn[0m] [0m[0m/work/chipyard/generators/compress-acc/src/main/scala/HufCompressorDicBuilder.scala:200:60: Auto-application to `()` is deprecated. Supply the empty argument list `()` explicitly to invoke method fire,[0m
[0m[[0m[33mwarn[0m] [0m[0mor remove the empty argument list from its definition (Java-defined methods are exempt).[0m
[0m[[0m[33mwarn[0m] [0m[0mIn Scala 3, an unapplied method like this will be eta-expanded into a function. [quickfixable][0m
[0m[[0m[33mwarn[0m] [0m[0m  priority_queue.deq.ready := pq_state_build_tree_deq_fire.fire || pq_state_build_tree_deq_root_fire.fire[0m
[0m[[0m[33mwarn[0m] [0m[0m                                                           ^[0m
[0m[[0m[33mwarn[0m] [0m[0m/work/chipyard/generators/compress-acc/src/main/scala/HufCompressorDicBuilder.scala:200:102: Auto-application to `()` is deprecated. Supply the empty argument list `()` explicitly to invoke method fire,[0m
[0m[[0m[33mwarn[0m] [0m[0mor remove the empty argument list from its definition (Java-defined methods are exempt).[0m
[0m[[0m[33mwarn[0m] [0m[0mIn Scala 3, an unapplied method like this will be eta-expanded into a function. [quickfixable][0m
[0m[[0m[33mwarn[0m] [0m[0m  priority_queue.deq.ready := pq_state_build_tree_deq_fire.fire || pq_state_build_tree_deq_root_fire.fire[0m
[0m[[0m[33mwarn[0m] [0m[0m                                                                                                     ^[0m
[0m[[0m[33mwarn[0m] [0m[0m/work/chipyard/generators/compress-acc/src/main/scala/HufCompressorDicBuilder.scala:206:38: Auto-application to `()` is deprecated. Supply the empty argument list `()` explicitly to invoke method fire,[0m
[0m[[0m[33mwarn[0m] [0m[0mor remove the empty argument list from its definition (Java-defined methods are exempt).[0m
[0m[[0m[33mwarn[0m] [0m[0mIn Scala 3, an unapplied method like this will be eta-expanded into a function. [quickfixable][0m
[0m[[0m[33mwarn[0m] [0m[0m  when (pq_state_build_tree_deq_fire.fire) {[0m
[0m[[0m[33mwarn[0m] [0m[0m                                     ^[0m
[0m[[0m[33mwarn[0m] [0m[0m/work/chipyard/generators/compress-acc/src/main/scala/HufCompressorDicBuilder.scala:216:38: Auto-application to `()` is deprecated. Supply the empty argument list `()` explicitly to invoke method fire,[0m
[0m[[0m[33mwarn[0m] [0m[0mor remove the empty argument list from its definition (Java-defined methods are exempt).[0m
[0m[[0m[33mwarn[0m] [0m[0mIn Scala 3, an unapplied method like this will be eta-expanded into a function. [quickfixable][0m
[0m[[0m[33mwarn[0m] [0m[0m  when (pq_state_build_tree_enq_fire.fire) {[0m
[0m[[0m[33mwarn[0m] [0m[0m                                     ^[0m
[0m[[0m[33mwarn[0m] [0m[0m/work/chipyard/generators/compress-acc/src/main/scala/HufCompressorDicBuilder.scala:232:43: Auto-application to `()` is deprecated. Supply the empty argument list `()` explicitly to invoke method fire,[0m
[0m[[0m[33mwarn[0m] [0m[0mor remove the empty argument list from its definition (Java-defined methods are exempt).[0m
[0m[[0m[33mwarn[0m] [0m[0mIn Scala 3, an unapplied method like this will be eta-expanded into a function. [quickfixable][0m
[0m[[0m[33mwarn[0m] [0m[0m  when (pq_state_build_tree_deq_root_fire.fire) {[0m
[0m[[0m[33mwarn[0m] [0m[0m                                          ^[0m
[0m[[0m[33mwarn[0m] [0m[0m/work/chipyard/generators/compress-acc/src/main/scala/HufCompressorDicBuilder.scala:239:38: Auto-application to `()` is deprecated. Supply the empty argument list `()` explicitly to invoke method fire,[0m
[0m[[0m[33mwarn[0m] [0m[0mor remove the empty argument list from its definition (Java-defined methods are exempt).[0m
[0m[[0m[33mwarn[0m] [0m[0mIn Scala 3, an unapplied method like this will be eta-expanded into a function. [quickfixable][0m
[0m[[0m[33mwarn[0m] [0m[0m  when (pq_state_build_tree_enq_fire.fire && priority_queue.counter === 0.U) {[0m
[0m[[0m[33mwarn[0m] [0m[0m                                     ^[0m
[0m[[0m[33mwarn[0m] [0m[0m/work/chipyard/generators/compress-acc/src/main/scala/HufCompressorDicBuilder.scala:397:32: Auto-application to `()` is deprecated. Supply the empty argument list `()` explicitly to invoke method fire,[0m
[0m[[0m[33mwarn[0m] [0m[0mor remove the empty argument list from its definition (Java-defined methods are exempt).[0m
[0m[[0m[33mwarn[0m] [0m[0mIn Scala 3, an unapplied method like this will be eta-expanded into a function. [quickfixable][0m
[0m[[0m[33mwarn[0m] [0m[0m  when (header_buf_insert_fire.fire) {[0m
[0m[[0m[33mwarn[0m] [0m[0m                               ^[0m
[0m[[0m[33mwarn[0m] [0m[0m/work/chipyard/generators/compress-acc/src/main/scala/HufCompressorDicBuilder.scala:448:32: Auto-application to `()` is deprecated. Supply the empty argument list `()` explicitly to invoke method fire,[0m
[0m[[0m[33mwarn[0m] [0m[0mor remove the empty argument list from its definition (Java-defined methods are exempt).[0m
[0m[[0m[33mwarn[0m] [0m[0mIn Scala 3, an unapplied method like this will be eta-expanded into a function. [quickfixable][0m
[0m[[0m[33mwarn[0m] [0m[0m  when (compressed_header_fire.fire) {[0m
[0m[[0m[33mwarn[0m] [0m[0m                               ^[0m
[0m[[0m[33mwarn[0m] [0m[0m/work/chipyard/generators/compress-acc/src/main/scala/HufCompressorDicBuilder.scala:485:52: Auto-application to `()` is deprecated. Supply the empty argument list `()` explicitly to invoke method fire,[0m
[0m[[0m[33mwarn[0m] [0m[0mor remove the empty argument list from its definition (Java-defined methods are exempt).[0m
[0m[[0m[33mwarn[0m] [0m[0mIn Scala 3, an unapplied method like this will be eta-expanded into a function. [quickfixable][0m
[0m[[0m[33mwarn[0m] [0m[0m    last_symbol_lookup_fired_vec(i) := lookup_fire.fire && symbol_info_q(i).deq.bits.last_symbol[0m
[0m[[0m[33mwarn[0m] [0m[0m                                                   ^[0m
[0m[[0m[33mwarn[0m] [0m[0m/work/chipyard/generators/compress-acc/src/main/scala/HufCompressorDicBuilder.scala:487:23: Auto-application to `()` is deprecated. Supply the empty argument list `()` explicitly to invoke method fire,[0m
[0m[[0m[33mwarn[0m] [0m[0mor remove the empty argument list from its definition (Java-defined methods are exempt).[0m
[0m[[0m[33mwarn[0m] [0m[0mIn Scala 3, an unapplied method like this will be eta-expanded into a function. [quickfixable][0m
[0m[[0m[33mwarn[0m] [0m[0m    when (lookup_fire.fire && symbol_info_q(i).deq.bits.last_symbol) {[0m
[0m[[0m[33mwarn[0m] [0m[0m                      ^[0m
[0m[[0m[33mwarn[0m] [0m[0m/work/chipyard/generators/rocket-chip-blocks/src/main/scala/devices/uart/UART.scala:317:32: procedure syntax is deprecated: instead, add `: Unit =` to explicitly declare `tieoff`'s return type [quickfixable][0m
[0m[[0m[33mwarn[0m] [0m[0m  def tieoff(port: UARTPortIO) {[0m
[0m[[0m[33mwarn[0m] [0m[0m                               ^[0m
[0m[[0m[33mwarn[0m] [0m[0m/work/chipyard/generators/rocket-chip-blocks/src/main/scala/devices/uart/UART.scala:324:34: procedure syntax is deprecated: instead, add `: Unit =` to explicitly declare `loopback`'s return type [quickfixable][0m
[0m[[0m[33mwarn[0m] [0m[0m  def loopback(port: UARTPortIO) {[0m
[0m[[0m[33mwarn[0m] [0m[0m                                 ^[0m
[0m[[0m[33mwarn[0m] [0m[0m/work/chipyard/generators/rocket-chip-blocks/src/main/scala/devices/uart/UARTPins.scala:17:111: procedure syntax is deprecated: instead, add `: Unit =` to explicitly declare `apply`'s return type [quickfixable][0m
[0m[[0m[33mwarn[0m] [0m[0m  def apply[T <: Pin](pins: UARTSignals[T], uart: UARTPortIO, clock: Clock, reset: Bool, syncStages: Int = 0) {[0m
[0m[[0m[33mwarn[0m] [0m[0m                                                                                                              ^[0m
[0m[[0m[33mwarn[0m] [0m[0m/work/chipyard/generators/compress-acc/src/main/scala/HufCompressorEncoder.scala:174:22: Auto-application to `()` is deprecated. Supply the empty argument list `()` explicitly to invoke method fire,[0m
[0m[[0m[33mwarn[0m] [0m[0mor remove the empty argument list from its definition (Java-defined methods are exempt).[0m
[0m[[0m[33mwarn[0m] [0m[0mIn Scala 3, an unapplied method like this will be eta-expanded into a function. [quickfixable][0m
[0m[[0m[33mwarn[0m] [0m[0m  when (write_bitbuf.fire) {[0m
[0m[[0m[33mwarn[0m] [0m[0m                     ^[0m
[0m[[0m[33mwarn[0m] [0m[0m/work/chipyard/generators/compress-acc/src/main/scala/HufCompressorEncoder.scala:179:22: Auto-application to `()` is deprecated. Supply the empty argument list `()` explicitly to invoke method fire,[0m
[0m[[0m[33mwarn[0m] [0m[0mor remove the empty argument list from its definition (Java-defined methods are exempt).[0m
[0m[[0m[33mwarn[0m] [0m[0mIn Scala 3, an unapplied method like this will be eta-expanded into a function. [quickfixable][0m
[0m[[0m[33mwarn[0m] [0m[0m  when (write_bitbuf.fire && last_dic_valid) {[0m
[0m[[0m[33mwarn[0m] [0m[0m                     ^[0m
[0m[[0m[33mwarn[0m] [0m[0m/work/chipyard/generators/compress-acc/src/main/scala/HufCompressorEncoder.scala:187:23: Auto-application to `()` is deprecated. Supply the empty argument list `()` explicitly to invoke method fire,[0m
[0m[[0m[33mwarn[0m] [0m[0mor remove the empty argument list from its definition (Java-defined methods are exempt).[0m
[0m[[0m[33mwarn[0m] [0m[0mIn Scala 3, an unapplied method like this will be eta-expanded into a function. [quickfixable][0m
[0m[[0m[33mwarn[0m] [0m[0m  when (write_padding.fire) {[0m
[0m[[0m[33mwarn[0m] [0m[0m                      ^[0m
[0m[[0m[33mwarn[0m] [0m[0m/work/chipyard/generators/compress-acc/src/main/scala/HufCompressorEncoder.scala:205:22: Auto-application to `()` is deprecated. Supply the empty argument list `()` explicitly to invoke method fire,[0m
[0m[[0m[33mwarn[0m] [0m[0mor remove the empty argument list from its definition (Java-defined methods are exempt).[0m
[0m[[0m[33mwarn[0m] [0m[0mIn Scala 3, an unapplied method like this will be eta-expanded into a function. [quickfixable][0m
[0m[[0m[33mwarn[0m] [0m[0m  when (write_bitbuf.fire) {[0m
[0m[[0m[33mwarn[0m] [0m[0m                     ^[0m
[0m[[0m[33mwarn[0m] [0m[0m/work/chipyard/generators/compress-acc/src/main/scala/HufCompressorEncoder.scala:222:23: Auto-application to `()` is deprecated. Supply the empty argument list `()` explicitly to invoke method fire,[0m
[0m[[0m[33mwarn[0m] [0m[0mor remove the empty argument list from its definition (Java-defined methods are exempt).[0m
[0m[[0m[33mwarn[0m] [0m[0mIn Scala 3, an unapplied method like this will be eta-expanded into a function. [quickfixable][0m
[0m[[0m[33mwarn[0m] [0m[0m  when (write_padding.fire) {[0m
[0m[[0m[33mwarn[0m] [0m[0m                      ^[0m
[0m[[0m[33mwarn[0m] [0m[0m/work/chipyard/generators/compress-acc/src/main/scala/HufCompressorEncoder.scala:238:21: Auto-application to `()` is deprecated. Supply the empty argument list `()` explicitly to invoke method fire,[0m
[0m[[0m[33mwarn[0m] [0m[0mor remove the empty argument list from its definition (Java-defined methods are exempt).[0m
[0m[[0m[33mwarn[0m] [0m[0mIn Scala 3, an unapplied method like this will be eta-expanded into a function. [quickfixable][0m
[0m[[0m[33mwarn[0m] [0m[0m  when (read_bitbuf.fire) {[0m
[0m[[0m[33mwarn[0m] [0m[0m                    ^[0m
[0m[[0m[33mwarn[0m] [0m[0m/work/chipyard/generators/ibex/src/main/scala/ConfigMixins.scala:30:16: method apply in class View is deprecated (since CDE 0.1): up(XYZ, site) is no longer necessary; remove the superfluous site argument[0m
[0m[[0m[33mwarn[0m] [0m[0m    val prev = up(TilesLocated(InSubsystem), site)[0m
[0m[[0m[33mwarn[0m] [0m[0m               ^[0m
[0m[[0m[33mwarn[0m] [0m[0m/work/chipyard/generators/ibex/src/main/scala/ConfigMixins.scala:39:24: method apply in class View is deprecated (since CDE 0.1): up(XYZ, site) is no longer necessary; remove the superfluous site argument[0m
[0m[[0m[33mwarn[0m] [0m[0m  case SystemBusKey => up(SystemBusKey, site).copy(beatBytes = 4)[0m
[0m[[0m[33mwarn[0m] [0m[0m                       ^[0m
[0m[[0m[33mwarn[0m] [0m[0m/work/chipyard/generators/rocket-chip-blocks/src/main/scala/util/DFT.scala:24:49: non-variable type argument chisel3.Bundle in type pattern sifive.blocks.util.HasDeviceDFTPorts[chisel3.Bundle] is unchecked since it is eliminated by erasure[0m
[0m[[0m[33mwarn[0m] [0m[0m  val dftNodes = devices.collect { case source: HasDeviceDFTPorts[Bundle] => source }[0m
[0m[[0m[33mwarn[0m] [0m[0m                                                ^[0m
[0m[[0m[33mwarn[0m] [0m[0m/work/chipyard/generators/ibex/src/main/scala/IbexTile.scala:143:3: method DisableMonitors in package diplomacy is deprecated (since rocketchip 2.0.0): Diplomacy has been split to a standalone library[0m
[0m[[0m[33mwarn[0m] [0m[0m  DisableMonitors { implicit p => tlSlaveXbar.node :*= slaveNode }[0m
[0m[[0m[33mwarn[0m] [0m[0m  ^[0m
[0m[[0m[33mwarn[0m] [0m[0m/work/chipyard/generators/ibex/src/main/scala/IbexTile.scala:166:18: type SimpleDevice in package diplomacy is deprecated (since rocketchip 2.0.0): Use freechips.rocketchip.resources.SimpleDevice[0m
[0m[[0m[33mwarn[0m] [0m[0m  val cpuDevice: SimpleDevice = new SimpleDevice("cpu", Seq("lowRISC,ibex", "riscv")) {[0m
[0m[[0m[33mwarn[0m] [0m[0m                 ^[0m
[0m[[0m[33mwarn[0m] [0m[0m/work/chipyard/generators/ibex/src/main/scala/IbexTile.scala:166:37: type SimpleDevice in package diplomacy is deprecated (since rocketchip 2.0.0): Use freechips.rocketchip.resources.SimpleDevice[0m
[0m[[0m[33mwarn[0m] [0m[0m  val cpuDevice: SimpleDevice = new SimpleDevice("cpu", Seq("lowRISC,ibex", "riscv")) {[0m
[0m[[0m[33mwarn[0m] [0m[0m                                    ^[0m
[0m[[0m[33mwarn[0m] [0m[0m/work/chipyard/generators/ibex/src/main/scala/IbexTile.scala:167:32: value ResourceAnchors in package diplomacy is deprecated (since rocketchip 2.0.0): Use freechips.rocketchip.resources.ResourceAnchors[0m
[0m[[0m[33mwarn[0m] [0m[0m    override def parent = Some(ResourceAnchors.cpus)[0m
[0m[[0m[33mwarn[0m] [0m[0m                               ^[0m
[0m[[0m[33mwarn[0m] [0m[0m/work/chipyard/generators/ibex/src/main/scala/IbexTile.scala:168:38: type ResourceBindings in package diplomacy is deprecated (since rocketchip 2.0.0): Use freechips.rocketchip.resources.ResourceBindings[0m
[0m[[0m[33mwarn[0m] [0m[0m    override def describe(resources: ResourceBindings): Description = {[0m
[0m[[0m[33mwarn[0m] [0m[0m                                     ^[0m
[0m[[0m[33mwarn[0m] [0m[0m/work/chipyard/generators/ibex/src/main/scala/IbexTile.scala:168:57: type Description in package diplomacy is deprecated (since rocketchip 2.0.0): Use freechips.rocketchip.resources.Description[0m
[0m[[0m[33mwarn[0m] [0m[0m    override def describe(resources: ResourceBindings): Description = {[0m
[0m[[0m[33mwarn[0m] [0m[0m                                                        ^[0m
[0m[[0m[33mwarn[0m] [0m[0m/work/chipyard/generators/ibex/src/main/scala/IbexTile.scala:170:7: value Description in package diplomacy is deprecated (since rocketchip 2.0.0): Use freechips.rocketchip.resources.Description[0m
[0m[[0m[33mwarn[0m] [0m[0m      Description(name, mapping ++[0m
[0m[[0m[33mwarn[0m] [0m[0m      ^[0m
[0m[[0m[33mwarn[0m] [0m[0m/work/chipyard/generators/ibex/src/main/scala/IbexTile.scala:177:3: value ResourceBinding in package diplomacy is deprecated (since rocketchip 2.0.0): Use freechips.rocketchip.resources.ResourceBinding[0m
[0m[[0m[33mwarn[0m] [0m[0m  ResourceBinding {[0m
[0m[[0m[33mwarn[0m] [0m[0m  ^[0m
[0m[[0m[33mwarn[0m] [0m[0m/work/chipyard/generators/ibex/src/main/scala/IbexTile.scala:178:5: value Resource in package diplomacy is deprecated (since rocketchip 2.0.0): Use freechips.rocketchip.resources.Resource[0m
[0m[[0m[33mwarn[0m] [0m[0m    Resource(cpuDevice, "reg").bind(ResourceAddress(tileId))[0m
[0m[[0m[33mwarn[0m] [0m[0m    ^[0m
[0m[[0m[33mwarn[0m] [0m[0m/work/chipyard/generators/ibex/src/main/scala/IbexTile.scala:178:37: value ResourceAddress in package diplomacy is deprecated (since rocketchip 2.0.0): Use freechips.rocketchip.resources.ResourceAddress[0m
[0m[[0m[33mwarn[0m] [0m[0m    Resource(cpuDevice, "reg").bind(ResourceAddress(tileId))[0m
[0m[[0m[33mwarn[0m] [0m[0m                                    ^[0m
[0m[[0m[33mwarn[0m] [0m[0m/work/chipyard/tools/rocket-dsp-utils/src/main/scala/freechips/rocketchip/jtag2mm/JtagStateMachine.scala:18:18: Implicit definition should have explicit type (inferred Int)[0m
[0m[[0m[33mwarn[0m] [0m[0m    implicit def toInt(x:    State) = x.id[0m
[0m[[0m[33mwarn[0m] [0m[0m                 ^[0m
[0m[[0m[33mwarn[0m] [0m[0m/work/chipyard/generators/cva6/src/main/scala/cva6/CVA6Tile.scala:198:81: procedure syntax is deprecated: instead, add `: Unit =` to explicitly declare `connectCVA6Interrupts`'s return type[0m
[0m[[0m[33mwarn[0m] [0m[0m  def connectCVA6Interrupts(debug: Bool, msip: Bool, mtip: Bool, m_s_eip: UInt) {[0m
[0m[[0m[33mwarn[0m] [0m[0m                                                                                ^[0m
[0m[[0m[33mwarn[0m] [0m[0m/work/chipyard/tools/rocket-dsp-utils/src/main/scala/freechips/rocketchip/jtag2mm/TestMultiplexer.scala:70:40: reference to beatBytes is ambiguous;[0m
[0m[[0m[33mwarn[0m] [0m[0mit is both defined in the enclosing class Jtag2TLMultiplexer and inherited in the enclosing anonymous class as method beatBytes (defined in trait TLBasicBlock, inherited through parent class TLMultiplexer)[0m
[0m[[0m[33mwarn[0m] [0m[0mIn Scala 2, symbols inherited from a superclass shadow symbols defined in an outer scope.[0m
[0m[[0m[33mwarn[0m] [0m[0mSuch references are ambiguous in Scala 3. To continue using the inherited symbol, write `this.beatBytes`.[0m
[0m[[0m[33mwarn[0m] [0m[0mOr use `-Wconf:msg=legacy-binding:s` to silence this warning. [quickfixable][0m
[0m[[0m[33mwarn[0m] [0m[0m      supportsProbe = TransferSizes(1, beatBytes),[0m
[0m[[0m[33mwarn[0m] [0m[0m                                       ^[0m
[0m[[0m[33mwarn[0m] [0m[0m/work/chipyard/tools/rocket-dsp-utils/src/main/scala/freechips/rocketchip/jtag2mm/TestMultiplexer.scala:71:45: reference to beatBytes is ambiguous;[0m
[0m[[0m[33mwarn[0m] [0m[0mit is both defined in the enclosing class Jtag2TLMultiplexer and inherited in the enclosing anonymous class as method beatBytes (defined in trait TLBasicBlock, inherited through parent class TLMultiplexer)[0m
[0m[[0m[33mwarn[0m] [0m[0mIn Scala 2, symbols inherited from a superclass shadow symbols defined in an outer scope.[0m
[0m[[0m[33mwarn[0m] [0m[0mSuch references are ambiguous in Scala 3. To continue using the inherited symbol, write `this.beatBytes`.[0m
[0m[[0m[33mwarn[0m] [0m[0mOr use `-Wconf:msg=legacy-binding:s` to silence this warning. [quickfixable][0m
[0m[[0m[33mwarn[0m] [0m[0m      supportsArithmetic = TransferSizes(1, beatBytes),[0m
[0m[[0m[33mwarn[0m] [0m[0m                                            ^[0m
[0m[[0m[33mwarn[0m] [0m[0m/work/chipyard/tools/rocket-dsp-utils/src/main/scala/freechips/rocketchip/jtag2mm/TestMultiplexer.scala:72:42: reference to beatBytes is ambiguous;[0m
[0m[[0m[33mwarn[0m] [0m[0mit is both defined in the enclosing class Jtag2TLMultiplexer and inherited in the enclosing anonymous class as method beatBytes (defined in trait TLBasicBlock, inherited through parent class TLMultiplexer)[0m
[0m[[0m[33mwarn[0m] [0m[0mIn Scala 2, symbols inherited from a superclass shadow symbols defined in an outer scope.[0m
[0m[[0m[33mwarn[0m] [0m[0mSuch references are ambiguous in Scala 3. To continue using the inherited symbol, write `this.beatBytes`.[0m
[0m[[0m[33mwarn[0m] [0m[0mOr use `-Wconf:msg=legacy-binding:s` to silence this warning. [quickfixable][0m
[0m[[0m[33mwarn[0m] [0m[0m      supportsLogical = TransferSizes(1, beatBytes),[0m
[0m[[0m[33mwarn[0m] [0m[0m                                         ^[0m
[0m[[0m[33mwarn[0m] [0m[0m/work/chipyard/tools/rocket-dsp-utils/src/main/scala/freechips/rocketchip/jtag2mm/TestMultiplexer.scala:73:38: reference to beatBytes is ambiguous;[0m
[0m[[0m[33mwarn[0m] [0m[0mit is both defined in the enclosing class Jtag2TLMultiplexer and inherited in the enclosing anonymous class as method beatBytes (defined in trait TLBasicBlock, inherited through parent class TLMultiplexer)[0m
[0m[[0m[33mwarn[0m] [0m[0mIn Scala 2, symbols inherited from a superclass shadow symbols defined in an outer scope.[0m
[0m[[0m[33mwarn[0m] [0m[0mSuch references are ambiguous in Scala 3. To continue using the inherited symbol, write `this.beatBytes`.[0m
[0m[[0m[33mwarn[0m] [0m[0mOr use `-Wconf:msg=legacy-binding:s` to silence this warning. [quickfixable][0m
[0m[[0m[33mwarn[0m] [0m[0m      supportsGet = TransferSizes(1, beatBytes),[0m
[0m[[0m[33mwarn[0m] [0m[0m                                     ^[0m
[0m[[0m[33mwarn[0m] [0m[0m/work/chipyard/tools/rocket-dsp-utils/src/main/scala/freechips/rocketchip/jtag2mm/TestMultiplexer.scala:74:42: reference to beatBytes is ambiguous;[0m
[0m[[0m[33mwarn[0m] [0m[0mit is both defined in the enclosing class Jtag2TLMultiplexer and inherited in the enclosing anonymous class as method beatBytes (defined in trait TLBasicBlock, inherited through parent class TLMultiplexer)[0m
[0m[[0m[33mwarn[0m] [0m[0mIn Scala 2, symbols inherited from a superclass shadow symbols defined in an outer scope.[0m
[0m[[0m[33mwarn[0m] [0m[0mSuch references are ambiguous in Scala 3. To continue using the inherited symbol, write `this.beatBytes`.[0m
[0m[[0m[33mwarn[0m] [0m[0mOr use `-Wconf:msg=legacy-binding:s` to silence this warning. [quickfixable][0m
[0m[[0m[33mwarn[0m] [0m[0m      supportsPutFull = TransferSizes(1, beatBytes),[0m
[0m[[0m[33mwarn[0m] [0m[0m                                         ^[0m
[0m[[0m[33mwarn[0m] [0m[0m/work/chipyard/tools/rocket-dsp-utils/src/main/scala/freechips/rocketchip/jtag2mm/TestMultiplexer.scala:75:45: reference to beatBytes is ambiguous;[0m
[0m[[0m[33mwarn[0m] [0m[0mit is both defined in the enclosing class Jtag2TLMultiplexer and inherited in the enclosing anonymous class as method beatBytes (defined in trait TLBasicBlock, inherited through parent class TLMultiplexer)[0m
[0m[[0m[33mwarn[0m] [0m[0mIn Scala 2, symbols inherited from a superclass shadow symbols defined in an outer scope.[0m
[0m[[0m[33mwarn[0m] [0m[0mSuch references are ambiguous in Scala 3. To continue using the inherited symbol, write `this.beatBytes`.[0m
[0m[[0m[33mwarn[0m] [0m[0mOr use `-Wconf:msg=legacy-binding:s` to silence this warning. [quickfixable][0m
[0m[[0m[33mwarn[0m] [0m[0m      supportsPutPartial = TransferSizes(1, beatBytes),[0m
[0m[[0m[33mwarn[0m] [0m[0m                                            ^[0m
[0m[[0m[33mwarn[0m] [0m[0m/work/chipyard/tools/rocket-dsp-utils/src/main/scala/freechips/rocketchip/jtag2mm/TestMultiplexer.scala:76:39: reference to beatBytes is ambiguous;[0m
[0m[[0m[33mwarn[0m] [0m[0mit is both defined in the enclosing class Jtag2TLMultiplexer and inherited in the enclosing anonymous class as method beatBytes (defined in trait TLBasicBlock, inherited through parent class TLMultiplexer)[0m
[0m[[0m[33mwarn[0m] [0m[0mIn Scala 2, symbols inherited from a superclass shadow symbols defined in an outer scope.[0m
[0m[[0m[33mwarn[0m] [0m[0mSuch references are ambiguous in Scala 3. To continue using the inherited symbol, write `this.beatBytes`.[0m
[0m[[0m[33mwarn[0m] [0m[0mOr use `-Wconf:msg=legacy-binding:s` to silence this warning. [quickfixable][0m
[0m[[0m[33mwarn[0m] [0m[0m      supportsHint = TransferSizes(1, beatBytes)[0m
[0m[[0m[33mwarn[0m] [0m[0m                                      ^[0m
[0m[[0m[33mwarn[0m] [0m[0m/work/chipyard/tools/rocket-dsp-utils/src/main/scala/freechips/rocketchip/jtag2mm/TestMultiplexer.scala:139:74: reference to beatBytes is ambiguous;[0m
[0m[[0m[33mwarn[0m] [0m[0mit is both defined in the enclosing class Jtag2AXI4Multiplexer and inherited in the enclosing anonymous class as method beatBytes (defined in trait AXI4BasicBlock, inherited through parent class AXI4Multiplexer)[0m
[0m[[0m[33mwarn[0m] [0m[0mIn Scala 2, symbols inherited from a superclass shadow symbols defined in an outer scope.[0m
[0m[[0m[33mwarn[0m] [0m[0mSuch references are ambiguous in Scala 3. To continue using the inherited symbol, write `this.beatBytes`.[0m
[0m[[0m[33mwarn[0m] [0m[0mOr use `-Wconf:msg=legacy-binding:s` to silence this warning. [quickfixable][0m
[0m[[0m[33mwarn[0m] [0m[0m    def standaloneParams = AXI4BundleParameters(addrBits = 8, dataBits = beatBytes * 8, idBits = 1)[0m
[0m[[0m[33mwarn[0m] [0m[0m                                                                         ^[0m
[0m[[0m[33mwarn[0m] [0m[0m/work/chipyard/generators/boom/src/main/scala/v3/exu/core.scala:648:70: Auto-application to `()` is deprecated. Supply the empty argument list `()` explicitly to invoke method NullMicroOp,[0m
[0m[[0m[33mwarn[0m] [0m[0mor remove the empty argument list from its definition (Java-defined methods are exempt).[0m
[0m[[0m[33mwarn[0m] [0m[0mIn Scala 3, an unapplied method like this will be eta-expanded into a function. [quickfixable][0m
[0m[[0m[33mwarn[0m] [0m[0m    val f_uop   = if (usingFPU) fp_rename_stage.io.ren2_uops(w) else NullMicroOp[0m
[0m[[0m[33mwarn[0m] [0m[0m                                                                     ^[0m
[0m[[0m[33mwarn[0m] [0m[0m/work/chipyard/generators/boom/src/main/scala/v3/exu/core.scala:649:76: Auto-application to `()` is deprecated. Supply the empty argument list `()` explicitly to invoke method NullMicroOp,[0m
[0m[[0m[33mwarn[0m] [0m[0mor remove the empty argument list from its definition (Java-defined methods are exempt).[0m
[0m[[0m[33mwarn[0m] [0m[0mIn Scala 3, an unapplied method like this will be eta-expanded into a function. [quickfixable][0m
[0m[[0m[33mwarn[0m] [0m[0m    val p_uop   = if (enableSFBOpt) pred_rename_stage.io.ren2_uops(w) else NullMicroOp[0m
[0m[[0m[33mwarn[0m] [0m[0m                                                                           ^[0m
[0m[[0m[33mwarn[0m] [0m[0m/work/chipyard/generators/bar-fetchers/src/main/scala/AMPM.scala:28:7: method with a single empty parameter list overrides method without any parameter list[0m
[0m[[0m[33mwarn[0m] [0m[0m  def desc() = "Single AMPM Prefetcher"[0m
[0m[[0m[33mwarn[0m] [0m[0m      ^[0m
[0m[[0m[33mwarn[0m] [0m[0m/work/chipyard/generators/bar-fetchers/src/main/scala/AbstractPrefetcher.scala:50:7: method with a single empty parameter list overrides method without any parameter list[0m
[0m[[0m[33mwarn[0m] [0m[0m  def desc() = "Null Prefetcher"[0m
[0m[[0m[33mwarn[0m] [0m[0m      ^[0m
[0m[[0m[33mwarn[0m] [0m[0m/work/chipyard/generators/bar-fetchers/src/main/scala/HellaCachePrefetcher.scala:23:15: value LazyModule in package diplomacy is deprecated (since rocketchip 2.0.0): Diplomacy has been split to a standalone library[0m
[0m[[0m[33mwarn[0m] [0m[0m  val cache = LazyModule(inner(p))[0m
[0m[[0m[33mwarn[0m] [0m[0m              ^[0m
[0m[[0m[33mwarn[0m] [0m[0m37 feature warnings; re-run with -feature for details[0m
[0m[[0m[33mwarn[0m] [0m[0m14 warnings found[0m
[0m[[0m[0minfo[0m] [0m[0mdone compiling[0m
[0m[[0m[33mwarn[0m] [0m[0m/work/chipyard/generators/bar-fetchers/src/main/scala/NextLine.scala:16:7: method with a single empty parameter list overrides method without any parameter list[0m
[0m[[0m[33mwarn[0m] [0m[0m  def desc() = "Single Next-Line Prefetcher"[0m
[0m[[0m[33mwarn[0m] [0m[0m      ^[0m
[0m[[0m[0minfo[0m] [0m[0mcompiling 55 Scala sources to /work/chipyard/generators/gemmini/src/target/scala-2.13/classes ...[0m
[0m[[0m[33mwarn[0m] [0m[0m/work/chipyard/generators/bar-fetchers/src/main/scala/NextLine.scala:105:7: method with a single empty parameter list overrides method without any parameter list[0m
[0m[[0m[33mwarn[0m] [0m[0m  def desc() = "Multi Next-Line Prefetcher"[0m
[0m[[0m[33mwarn[0m] [0m[0m      ^[0m
[0m[[0m[33mwarn[0m] [0m[0m/work/chipyard/generators/bar-fetchers/src/main/scala/Strided.scala:17:7: method with a single empty parameter list overrides method without any parameter list[0m
[0m[[0m[33mwarn[0m] [0m[0m  def desc() = "Single Strided Prefetcher"[0m
[0m[[0m[33mwarn[0m] [0m[0m      ^[0m
[0m[[0m[33mwarn[0m] [0m[0m/work/chipyard/generators/bar-fetchers/src/main/scala/TLPrefetcher.scala:18:52: type LazyModule in package diplomacy is deprecated (since rocketchip 2.0.0): Diplomacy has been split to a standalone library[0m
[0m[[0m[33mwarn[0m] [0m[0mclass TLPrefetcher(implicit p: Parameters) extends LazyModule {[0m
[0m[[0m[33mwarn[0m] [0m[0m                                                   ^[0m
[0m[[0m[33mwarn[0m] [0m[0m/work/chipyard/generators/bar-fetchers/src/main/scala/TLPrefetcher.scala:35:25: type LazyModuleImp in package diplomacy is deprecated (since rocketchip 2.0.0): Diplomacy has been split to a standalone library[0m
[0m[[0m[33mwarn[0m] [0m[0m  lazy val module = new LazyModuleImp(this) {[0m
[0m[[0m[33mwarn[0m] [0m[0m                        ^[0m
[0m[[0m[33mwarn[0m] [0m[0m/work/chipyard/generators/bar-fetchers/src/main/scala/TLPrefetcher.scala:120:22: value LazyModule in package diplomacy is deprecated (since rocketchip 2.0.0): Diplomacy has been split to a standalone library[0m
[0m[[0m[33mwarn[0m] [0m[0m    val prefetcher = LazyModule(new TLPrefetcher)[0m
[0m[[0m[33mwarn[0m] [0m[0m                     ^[0m
[0m[[0m[33mwarn[0m] [0m[0m/work/chipyard/generators/cva6/src/main/scala/cva6/CVA6Tile.scala:139:3: method DisableMonitors in package diplomacy is deprecated (since rocketchip 2.0.0): Diplomacy has been split to a standalone library[0m
[0m[[0m[33mwarn[0m] [0m[0m  DisableMonitors { implicit p => tlSlaveXbar.node :*= slaveNode }[0m
[0m[[0m[33mwarn[0m] [0m[0m  ^[0m
[0m[[0m[33mwarn[0m] [0m[0m/work/chipyard/generators/cva6/src/main/scala/cva6/CVA6Tile.scala:141:18: type SimpleDevice in package diplomacy is deprecated (since rocketchip 2.0.0): Use freechips.rocketchip.resources.SimpleDevice[0m
[0m[[0m[33mwarn[0m] [0m[0m  val cpuDevice: SimpleDevice = new SimpleDevice("cpu", Seq("openhwgroup,cva6", "riscv")) {[0m
[0m[[0m[33mwarn[0m] [0m[0m                 ^[0m
[0m[[0m[33mwarn[0m] [0m[0m/work/chipyard/generators/cva6/src/main/scala/cva6/CVA6Tile.scala:141:37: type SimpleDevice in package diplomacy is deprecated (since rocketchip 2.0.0): Use freechips.rocketchip.resources.SimpleDevice[0m
[0m[[0m[33mwarn[0m] [0m[0m  val cpuDevice: SimpleDevice = new SimpleDevice("cpu", Seq("openhwgroup,cva6", "riscv")) {[0m
[0m[[0m[33mwarn[0m] [0m[0m                                    ^[0m
[0m[[0m[33mwarn[0m] [0m[0m/work/chipyard/generators/cva6/src/main/scala/cva6/CVA6Tile.scala:142:32: value ResourceAnchors in package diplomacy is deprecated (since rocketchip 2.0.0): Use freechips.rocketchip.resources.ResourceAnchors[0m
[0m[[0m[33mwarn[0m] [0m[0m    override def parent = Some(ResourceAnchors.cpus)[0m
[0m[[0m[33mwarn[0m] [0m[0m                               ^[0m
[0m[[0m[33mwarn[0m] [0m[0m/work/chipyard/generators/cva6/src/main/scala/cva6/CVA6Tile.scala:143:38: type ResourceBindings in package diplomacy is deprecated (since rocketchip 2.0.0): Use freechips.rocketchip.resources.ResourceBindings[0m
[0m[[0m[33mwarn[0m] [0m[0m    override def describe(resources: ResourceBindings): Description = {[0m
[0m[[0m[33mwarn[0m] [0m[0m                                     ^[0m
[0m[[0m[33mwarn[0m] [0m[0m/work/chipyard/generators/cva6/src/main/scala/cva6/CVA6Tile.scala:143:57: type Description in package diplomacy is deprecated (since rocketchip 2.0.0): Use freechips.rocketchip.resources.Description[0m
[0m[[0m[33mwarn[0m] [0m[0m    override def describe(resources: ResourceBindings): Description = {[0m
[0m[[0m[33mwarn[0m] [0m[0m                                                        ^[0m
[0m[[0m[33mwarn[0m] [0m[0m/work/chipyard/generators/cva6/src/main/scala/cva6/CVA6Tile.scala:145:7: value Description in package diplomacy is deprecated (since rocketchip 2.0.0): Use freechips.rocketchip.resources.Description[0m
[0m[[0m[33mwarn[0m] [0m[0m      Description(name, mapping ++[0m
[0m[[0m[33mwarn[0m] [0m[0m      ^[0m
[0m[[0m[33mwarn[0m] [0m[0m/work/chipyard/generators/cva6/src/main/scala/cva6/CVA6Tile.scala:152:3: value ResourceBinding in package diplomacy is deprecated (since rocketchip 2.0.0): Use freechips.rocketchip.resources.ResourceBinding[0m
[0m[[0m[33mwarn[0m] [0m[0m  ResourceBinding {[0m
[0m[[0m[33mwarn[0m] [0m[0m  ^[0m
[0m[[0m[33mwarn[0m] [0m[0m/work/chipyard/generators/cva6/src/main/scala/cva6/CVA6Tile.scala:153:5: value Resource in package diplomacy is deprecated (since rocketchip 2.0.0): Use freechips.rocketchip.resources.Resource[0m
[0m[[0m[33mwarn[0m] [0m[0m    Resource(cpuDevice, "reg").bind(ResourceAddress(tileId))[0m
[0m[[0m[33mwarn[0m] [0m[0m    ^[0m
[0m[[0m[33mwarn[0m] [0m[0m/work/chipyard/generators/cva6/src/main/scala/cva6/CVA6Tile.scala:153:37: value ResourceAddress in package diplomacy is deprecated (since rocketchip 2.0.0): Use freechips.rocketchip.resources.ResourceAddress[0m
[0m[[0m[33mwarn[0m] [0m[0m    Resource(cpuDevice, "reg").bind(ResourceAddress(tileId))[0m
[0m[[0m[33mwarn[0m] [0m[0m                                    ^[0m
[0m[[0m[33mwarn[0m] [0m[0m/work/chipyard/generators/cva6/src/main/scala/cva6/ConfigMixins.scala:24:37: method apply in class View is deprecated (since CDE 0.1): up(XYZ, site) is no longer necessary; remove the superfluous site argument[0m
[0m[[0m[33mwarn[0m] [0m[0m  case TilesLocated(InSubsystem) => up(TilesLocated(InSubsystem), site) map {[0m
[0m[[0m[33mwarn[0m] [0m[0m                                    ^[0m
[0m[[0m[33mwarn[0m] [0m[0m/work/chipyard/generators/cva6/src/main/scala/cva6/ConfigMixins.scala:39:16: method apply in class View is deprecated (since CDE 0.1): up(XYZ, site) is no longer necessary; remove the superfluous site argument[0m
[0m[[0m[33mwarn[0m] [0m[0m    val prev = up(TilesLocated(InSubsystem), site)[0m
[0m[[0m[33mwarn[0m] [0m[0m               ^[0m
[0m[[0m[33mwarn[0m] [0m[0m/work/chipyard/generators/cva6/src/main/scala/cva6/ConfigMixins.scala:48:24: method apply in class View is deprecated (since CDE 0.1): up(XYZ, site) is no longer necessary; remove the superfluous site argument[0m
[0m[[0m[33mwarn[0m] [0m[0m  case SystemBusKey => up(SystemBusKey, site).copy(beatBytes = 8)[0m
[0m[[0m[33mwarn[0m] [0m[0m                       ^[0m
[0m[[0m[33mwarn[0m] [0m[0m/work/chipyard/tools/rocket-dsp-utils/src/main/scala/dspblocks/BasicBlocks.scala:41:20: type SimpleDevice in package diplomacy is deprecated (since rocketchip 2.0.0): Use freechips.rocketchip.resources.SimpleDevice[0m
[0m[[0m[33mwarn[0m] [0m[0m  val device = new SimpleDevice(devname, devcompat) {[0m
[0m[[0m[33mwarn[0m] [0m[0m                   ^[0m
[0m[[0m[33mwarn[0m] [0m[0m/work/chipyard/tools/rocket-dsp-utils/src/main/scala/dspblocks/BasicBlocks.scala:42:38: type ResourceBindings in package diplomacy is deprecated (since rocketchip 2.0.0): Use freechips.rocketchip.resources.ResourceBindings[0m
[0m[[0m[33mwarn[0m] [0m[0m    override def describe(resources: ResourceBindings): Description = {[0m
[0m[[0m[33mwarn[0m] [0m[0m                                     ^[0m
[0m[[0m[33mwarn[0m] [0m[0m/work/chipyard/tools/rocket-dsp-utils/src/main/scala/dspblocks/BasicBlocks.scala:42:57: type Description in package diplomacy is deprecated (since rocketchip 2.0.0): Use freechips.rocketchip.resources.Description[0m
[0m[[0m[33mwarn[0m] [0m[0m    override def describe(resources: ResourceBindings): Description = {[0m
[0m[[0m[33mwarn[0m] [0m[0m                                                        ^[0m
[0m[[0m[33mwarn[0m] [0m[0m/work/chipyard/tools/rocket-dsp-utils/src/main/scala/dspblocks/BasicBlocks.scala:44:7: value Description in package diplomacy is deprecated (since rocketchip 2.0.0): Use freechips.rocketchip.resources.Description[0m
[0m[[0m[33mwarn[0m] [0m[0m      Description(name, mapping)[0m
[0m[[0m[33mwarn[0m] [0m[0m      ^[0m
[0m[[0m[33mwarn[0m] [0m[0m/work/chipyard/tools/rocket-dsp-utils/src/main/scala/dspblocks/BasicBlocks.scala:65:25: type LazyModuleImp in package diplomacy is deprecated (since rocketchip 2.0.0): Diplomacy has been split to a standalone library[0m
[0m[[0m[33mwarn[0m] [0m[0m  lazy val module = new LazyModuleImp(this) {[0m
[0m[[0m[33mwarn[0m] [0m[0m                        ^[0m
[0m[[0m[33mwarn[0m] [0m[0m/work/chipyard/tools/rocket-dsp-utils/src/main/scala/dspblocks/BasicBlocks.scala:128:25: type LazyModuleImp in package diplomacy is deprecated (since rocketchip 2.0.0): Diplomacy has been split to a standalone library[0m
[0m[[0m[33mwarn[0m] [0m[0m  lazy val module = new LazyModuleImp(this) with BRModuleImp {[0m
[0m[[0m[33mwarn[0m] [0m[0m                        ^[0m
[0m[[0m[33mwarn[0m] [0m[0m/work/chipyard/tools/rocket-dsp-utils/src/main/scala/dspblocks/CSR.scala:38:41: type Width in package firrtl is deprecated (since Chisel 6.0): This type has moved to package chisel3[0m
[0m[[0m[33mwarn[0m] [0m[0mcase class RegInfo(tpe: CSRType, width: Width, init: Option[BigInt])[0m
[0m[[0m[33mwarn[0m] [0m[0m                                        ^[0m
[0m[[0m[33mwarn[0m] [0m[0m/work/chipyard/tools/rocket-dsp-utils/src/main/scala/dspblocks/CSR.scala:38:12: type Width in package firrtl is deprecated (since Chisel 6.0): This type has moved to package chisel3[0m
[0m[[0m[33mwarn[0m] [0m[0mcase class RegInfo(tpe: CSRType, width: Width, init: Option[BigInt])[0m
[0m[[0m[33mwarn[0m] [0m[0m           ^[0m
[0m[[0m[33mwarn[0m] [0m[0m/work/chipyard/tools/rocket-dsp-utils/src/main/scala/dspblocks/DspQueue.scala:29:34: type LazyModuleImp in package diplomacy is deprecated (since rocketchip 2.0.0): Diplomacy has been split to a standalone library[0m
[0m[[0m[33mwarn[0m] [0m[0m  override lazy val module = new LazyModuleImp(this) {[0m
[0m[[0m[33mwarn[0m] [0m[0m                                 ^[0m
[0m[[0m[33mwarn[0m] [0m[0m/work/chipyard/tools/rocket-dsp-utils/src/main/scala/dspblocks/DspQueue.scala:43:5: method moduleValue in package diplomacy is deprecated (since rocketchip 2.0.0): Diplomacy has been split to a standalone library[0m
[0m[[0m[33mwarn[0m] [0m[0m    interrupts := VecInit(queueFilling, queueFull)[0m
[0m[[0m[33mwarn[0m] [0m[0m    ^[0m
[0m[[0m[33mwarn[0m] [0m[0m/work/chipyard/tools/rocket-dsp-utils/src/main/scala/dspblocks/DspRegister.scala:32:34: type LazyModuleImp in package diplomacy is deprecated (since rocketchip 2.0.0): Diplomacy has been split to a standalone library[0m
[0m[[0m[33mwarn[0m] [0m[0m  override lazy val module = new LazyModuleImp(this) {[0m
[0m[[0m[33mwarn[0m] [0m[0m                                 ^[0m
[0m[[0m[33mwarn[0m] [0m[0m/work/chipyard/tools/rocket-dsp-utils/src/main/scala/dspblocks/HierarchicalBlock.scala:27:34: value NodeHandle in package diplomacy is deprecated (since rocketchip 2.0.0): Diplomacy has been split to a standalone library[0m
[0m[[0m[33mwarn[0m] [0m[0m  override lazy val streamNode = NodeHandle(blocks.head.streamNode, blocks.last.streamNode)[0m
[0m[[0m[33mwarn[0m] [0m[0m                                 ^[0m
[0m[[0m[33mwarn[0m] [0m[0m/work/chipyard/tools/rocket-dsp-utils/src/main/scala/dspblocks/HierarchicalBlock.scala:37:25: type LazyModuleImp in package diplomacy is deprecated (since rocketchip 2.0.0): Diplomacy has been split to a standalone library[0m
[0m[[0m[33mwarn[0m] [0m[0m  lazy val module = new LazyModuleImp(this)[0m
[0m[[0m[33mwarn[0m] [0m[0m                        ^[0m
[0m[[0m[33mwarn[0m] [0m[0m/work/chipyard/tools/rocket-dsp-utils/src/main/scala/dspblocks/HierarchicalBlock.scala:47:25: type LazyModuleImp in package diplomacy is deprecated (since rocketchip 2.0.0): Diplomacy has been split to a standalone library[0m
[0m[[0m[33mwarn[0m] [0m[0m  lazy val module = new LazyModuleImp(this)[0m
[0m[[0m[33mwarn[0m] [0m[0m                        ^[0m
[0m[[0m[33mwarn[0m] [0m[0m/work/chipyard/tools/rocket-dsp-utils/src/main/scala/dspblocks/HierarchicalBlock.scala:57:25: type LazyModuleImp in package diplomacy is deprecated (since rocketchip 2.0.0): Diplomacy has been split to a standalone library[0m
[0m[[0m[33mwarn[0m] [0m[0m  lazy val module = new LazyModuleImp(this)[0m
[0m[[0m[33mwarn[0m] [0m[0m                        ^[0m
[0m[[0m[33mwarn[0m] [0m[0m/work/chipyard/tools/rocket-dsp-utils/src/main/scala/freechips/rocketchip/amba/apb/Node.scala:8:35: type BundleBridgeImp in package diplomacy is deprecated (since rocketchip 2.0.0): Diplomacy has been split to a standalone library[0m
[0m[[0m[33mwarn[0m] [0m[0mobject APBBundleBridgeImp extends BundleBridgeImp[APBBundle][0m
[0m[[0m[33mwarn[0m] [0m[0m                                  ^[0m
[0m[[0m[33mwarn[0m] [0m[0m/work/chipyard/tools/rocket-dsp-utils/src/main/scala/freechips/rocketchip/amba/apb/Node.scala:10:89: type ValName in package diplomacy is deprecated (since rocketchip 2.0.0): Diplomacy has been split to a standalone library[0m
[0m[[0m[33mwarn[0m] [0m[0mcase class APBToBundleBridgeNode(slaveParams: APBSlavePortParameters)(implicit valName: ValName)[0m
[0m[[0m[33mwarn[0m] [0m[0m                                                                                        ^[0m
[0m[[0m[33mwarn[0m] [0m[0m/work/chipyard/tools/rocket-dsp-utils/src/main/scala/freechips/rocketchip/amba/apb/Node.scala:13:9: value BundleBridgeParams in package diplomacy is deprecated (since rocketchip 2.0.0): Diplomacy has been split to a standalone library[0m
[0m[[0m[33mwarn[0m] [0m[0m        BundleBridgeParams(() => APBBundle(APBBundleParameters(masterParams, slaveParams)))[0m
[0m[[0m[33mwarn[0m] [0m[0m        ^[0m
[0m[[0m[33mwarn[0m] [0m[0m/work/chipyard/tools/rocket-dsp-utils/src/main/scala/freechips/rocketchip/amba/apb/Node.scala:19:80: type ValName in package diplomacy is deprecated (since rocketchip 2.0.0): Diplomacy has been split to a standalone library[0m
[0m[[0m[33mwarn[0m] [0m[0m  def apply(slaveParams: APBSlaveParameters, beatBytes: Int)(implicit valName: ValName): APBToBundleBridgeNode =[0m
[0m[[0m[33mwarn[0m] [0m[0m                                                                               ^[0m
[0m[[0m[33mwarn[0m] [0m[0m/work/chipyard/tools/rocket-dsp-utils/src/main/scala/freechips/rocketchip/amba/apb/Node.scala:23:94: type LazyModule in package diplomacy is deprecated (since rocketchip 2.0.0): Diplomacy has been split to a standalone library[0m
[0m[[0m[33mwarn[0m] [0m[0mclass APBToBundleBridge(slaveParams: APBSlavePortParameters)(implicit p: Parameters) extends LazyModule {[0m
[0m[[0m[33mwarn[0m] [0m[0m                                                                                             ^[0m
[0m[[0m[33mwarn[0m] [0m[0m/work/chipyard/tools/rocket-dsp-utils/src/main/scala/freechips/rocketchip/amba/apb/Node.scala:25:25: type LazyModuleImp in package diplomacy is deprecated (since rocketchip 2.0.0): Diplomacy has been split to a standalone library[0m
[0m[[0m[33mwarn[0m] [0m[0m  lazy val module = new LazyModuleImp(this) {[0m
[0m[[0m[33mwarn[0m] [0m[0m                        ^[0m
[0m[[0m[33mwarn[0m] [0m[0m/work/chipyard/tools/rocket-dsp-utils/src/main/scala/freechips/rocketchip/amba/apb/Node.scala:35:21: value LazyModule in package diplomacy is deprecated (since rocketchip 2.0.0): Diplomacy has been split to a standalone library[0m
[0m[[0m[33mwarn[0m] [0m[0m    val converter = LazyModule(new APBToBundleBridge(slaveParams))[0m
[0m[[0m[33mwarn[0m] [0m[0m                    ^[0m
[0m[[0m[33mwarn[0m] [0m[0m/work/chipyard/tools/rocket-dsp-utils/src/main/scala/freechips/rocketchip/amba/apb/Node.scala:43:91: type ValName in package diplomacy is deprecated (since rocketchip 2.0.0): Diplomacy has been split to a standalone library[0m
[0m[[0m[33mwarn[0m] [0m[0mcase class BundleBridgeToAPBNode(masterParams: APBMasterPortParameters)(implicit valName: ValName)[0m
[0m[[0m[33mwarn[0m] [0m[0m                                                                                          ^[0m
[0m[[0m[33mwarn[0m] [0m[0m/work/chipyard/tools/rocket-dsp-utils/src/main/scala/freechips/rocketchip/amba/apb/Node.scala:48:30: value BundleBridgeParams in package diplomacy is deprecated (since rocketchip 2.0.0): Diplomacy has been split to a standalone library[0m
[0m[[0m[33mwarn[0m] [0m[0m      uFn = { slaveParams => BundleBridgeParams(None) }[0m
[0m[[0m[33mwarn[0m] [0m[0m                             ^[0m
[0m[[0m[33mwarn[0m] [0m[0m/work/chipyard/tools/rocket-dsp-utils/src/main/scala/freechips/rocketchip/amba/apb/Node.scala:52:66: type ValName in package diplomacy is deprecated (since rocketchip 2.0.0): Diplomacy has been split to a standalone library[0m
[0m[[0m[33mwarn[0m] [0m[0m  def apply(masterParams: APBMasterParameters)(implicit valName: ValName): BundleBridgeToAPBNode = {[0m
[0m[[0m[33mwarn[0m] [0m[0m                                                                 ^[0m
[0m[[0m[33mwarn[0m] [0m[0m/work/chipyard/tools/rocket-dsp-utils/src/main/scala/freechips/rocketchip/amba/apb/Node.scala:57:96: type LazyModule in package diplomacy is deprecated (since rocketchip 2.0.0): Diplomacy has been split to a standalone library[0m
[0m[[0m[33mwarn[0m] [0m[0mclass BundleBridgeToAPB(masterParams: APBMasterPortParameters)(implicit p: Parameters) extends LazyModule {[0m
[0m[[0m[33mwarn[0m] [0m[0m                                                                                               ^[0m
[0m[[0m[33mwarn[0m] [0m[0m/work/chipyard/tools/rocket-dsp-utils/src/main/scala/freechips/rocketchip/amba/apb/Node.scala:59:25: type LazyModuleImp in package diplomacy is deprecated (since rocketchip 2.0.0): Diplomacy has been split to a standalone library[0m
[0m[[0m[33mwarn[0m] [0m[0m  lazy val module = new LazyModuleImp(this) {[0m
[0m[[0m[33mwarn[0m] [0m[0m                        ^[0m
[0m[[0m[33mwarn[0m] [0m[0m/work/chipyard/tools/rocket-dsp-utils/src/main/scala/freechips/rocketchip/amba/apb/Node.scala:69:21: value LazyModule in package diplomacy is deprecated (since rocketchip 2.0.0): Diplomacy has been split to a standalone library[0m
[0m[[0m[33mwarn[0m] [0m[0m    val converter = LazyModule(new BundleBridgeToAPB(masterParams))[0m
[0m[[0m[33mwarn[0m] [0m[0m                    ^[0m
[0m[[0m[33mwarn[0m] [0m[0m/work/chipyard/generators/boom/src/main/scala/v3/exu/issue-units/issue-slot.scala:102:26: Auto-application to `()` is deprecated. Supply the empty argument list `()` explicitly to invoke method NullMicroOp,[0m
[0m[[0m[33mwarn[0m] [0m[0mor remove the empty argument list from its definition (Java-defined methods are exempt).[0m
[0m[[0m[33mwarn[0m] [0m[0mIn Scala 3, an unapplied method like this will be eta-expanded into a function. [quickfixable][0m
[0m[[0m[33mwarn[0m] [0m[0m  val slot_uop = RegInit(NullMicroOp)[0m
[0m[[0m[33mwarn[0m] [0m[0m                         ^[0m
[0m[[0m[33mwarn[0m] [0m[0m/work/chipyard/tools/rocket-dsp-utils/src/main/scala/freechips/rocketchip/amba/axi4/Node.scala:6:36: type BundleBridgeImp in package diplomacy is deprecated (since rocketchip 2.0.0): Diplomacy has been split to a standalone library[0m
[0m[[0m[33mwarn[0m] [0m[0mobject AXI4BundleBridgeImp extends BundleBridgeImp[AXI4Bundle][0m
[0m[[0m[33mwarn[0m] [0m[0m                                   ^[0m
[0m[[0m[33mwarn[0m] [0m[0m/work/chipyard/tools/rocket-dsp-utils/src/main/scala/freechips/rocketchip/amba/axi4/Node.scala:8:91: type ValName in package diplomacy is deprecated (since rocketchip 2.0.0): Diplomacy has been split to a standalone library[0m
[0m[[0m[33mwarn[0m] [0m[0mcase class AXI4ToBundleBridgeNode(slaveParams: AXI4SlavePortParameters)(implicit valName: ValName)[0m
[0m[[0m[33mwarn[0m] [0m[0m                                                                                          ^[0m
[0m[[0m[33mwarn[0m] [0m[0m/work/chipyard/tools/rocket-dsp-utils/src/main/scala/freechips/rocketchip/amba/axi4/Node.scala:11:9: value BundleBridgeParams in package diplomacy is deprecated (since rocketchip 2.0.0): Diplomacy has been split to a standalone library[0m
[0m[[0m[33mwarn[0m] [0m[0m        BundleBridgeParams(() => AXI4Bundle(AXI4BundleParameters(masterParams, slaveParams)))[0m
[0m[[0m[33mwarn[0m] [0m[0m        ^[0m
[0m[[0m[33mwarn[0m] [0m[0m/work/chipyard/tools/rocket-dsp-utils/src/main/scala/freechips/rocketchip/amba/axi4/Node.scala:17:81: type ValName in package diplomacy is deprecated (since rocketchip 2.0.0): Diplomacy has been split to a standalone library[0m
[0m[[0m[33mwarn[0m] [0m[0m  def apply(slaveParams: AXI4SlaveParameters, beatBytes: Int)(implicit valName: ValName): AXI4ToBundleBridgeNode =[0m
[0m[[0m[33mwarn[0m] [0m[0m                                                                                ^[0m
[0m[[0m[33mwarn[0m] [0m[0m/work/chipyard/tools/rocket-dsp-utils/src/main/scala/freechips/rocketchip/amba/axi4/Node.scala:21:96: type LazyModule in package diplomacy is deprecated (since rocketchip 2.0.0): Diplomacy has been split to a standalone library[0m
[0m[[0m[33mwarn[0m] [0m[0mclass AXI4ToBundleBridge(slaveParams: AXI4SlavePortParameters)(implicit p: Parameters) extends LazyModule {[0m
[0m[[0m[33mwarn[0m] [0m[0m                                                                                               ^[0m
[0m[[0m[33mwarn[0m] [0m[0m/work/chipyard/tools/rocket-dsp-utils/src/main/scala/freechips/rocketchip/amba/axi4/Node.scala:23:25: type LazyModuleImp in package diplomacy is deprecated (since rocketchip 2.0.0): Diplomacy has been split to a standalone library[0m
[0m[[0m[33mwarn[0m] [0m[0m  lazy val module = new LazyModuleImp(this) {[0m
[0m[[0m[33mwarn[0m] [0m[0m                        ^[0m
[0m[[0m[33mwarn[0m] [0m[0m/work/chipyard/tools/rocket-dsp-utils/src/main/scala/freechips/rocketchip/amba/axi4/Node.scala:33:21: value LazyModule in package diplomacy is deprecated (since rocketchip 2.0.0): Diplomacy has been split to a standalone library[0m
[0m[[0m[33mwarn[0m] [0m[0m    val converter = LazyModule(new AXI4ToBundleBridge(slaveParams))[0m
[0m[[0m[33mwarn[0m] [0m[0m                    ^[0m
[0m[[0m[33mwarn[0m] [0m[0m/work/chipyard/tools/rocket-dsp-utils/src/main/scala/freechips/rocketchip/amba/axi4/Node.scala:41:93: type ValName in package diplomacy is deprecated (since rocketchip 2.0.0): Diplomacy has been split to a standalone library[0m
[0m[[0m[33mwarn[0m] [0m[0mcase class BundleBridgeToAXI4Node(masterParams: AXI4MasterPortParameters)(implicit valName: ValName)[0m
[0m[[0m[33mwarn[0m] [0m[0m                                                                                            ^[0m
[0m[[0m[33mwarn[0m] [0m[0m/work/chipyard/tools/rocket-dsp-utils/src/main/scala/freechips/rocketchip/amba/axi4/Node.scala:46:30: value BundleBridgeParams in package diplomacy is deprecated (since rocketchip 2.0.0): Diplomacy has been split to a standalone library[0m
[0m[[0m[33mwarn[0m] [0m[0m      uFn = { slaveParams => BundleBridgeParams(None) }[0m
[0m[[0m[33mwarn[0m] [0m[0m                             ^[0m
[0m[[0m[33mwarn[0m] [0m[0m/work/chipyard/tools/rocket-dsp-utils/src/main/scala/freechips/rocketchip/amba/axi4/Node.scala:50:67: type ValName in package diplomacy is deprecated (since rocketchip 2.0.0): Diplomacy has been split to a standalone library[0m
[0m[[0m[33mwarn[0m] [0m[0m  def apply(masterParams: AXI4MasterParameters)(implicit valName: ValName): BundleBridgeToAXI4Node = {[0m
[0m[[0m[33mwarn[0m] [0m[0m                                                                  ^[0m
[0m[[0m[33mwarn[0m] [0m[0m/work/chipyard/tools/rocket-dsp-utils/src/main/scala/freechips/rocketchip/amba/axi4/Node.scala:55:98: type LazyModule in package diplomacy is deprecated (since rocketchip 2.0.0): Diplomacy has been split to a standalone library[0m
[0m[[0m[33mwarn[0m] [0m[0mclass BundleBridgeToAXI4(masterParams: AXI4MasterPortParameters)(implicit p: Parameters) extends LazyModule {[0m
[0m[[0m[33mwarn[0m] [0m[0m                                                                                                 ^[0m
[0m[[0m[33mwarn[0m] [0m[0m/work/chipyard/tools/rocket-dsp-utils/src/main/scala/freechips/rocketchip/amba/axi4/Node.scala:57:25: type LazyModuleImp in package diplomacy is deprecated (since rocketchip 2.0.0): Diplomacy has been split to a standalone library[0m
[0m[[0m[33mwarn[0m] [0m[0m  lazy val module = new LazyModuleImp(this) {[0m
[0m[[0m[33mwarn[0m] [0m[0m                        ^[0m
[0m[[0m[33mwarn[0m] [0m[0m/work/chipyard/tools/rocket-dsp-utils/src/main/scala/freechips/rocketchip/amba/axi4/Node.scala:67:21: value LazyModule in package diplomacy is deprecated (since rocketchip 2.0.0): Diplomacy has been split to a standalone library[0m
[0m[[0m[33mwarn[0m] [0m[0m    val converter = LazyModule(new BundleBridgeToAXI4(masterParams))[0m
[0m[[0m[33mwarn[0m] [0m[0m                    ^[0m
[0m[[0m[33mwarn[0m] [0m[0m/work/chipyard/tools/rocket-dsp-utils/src/main/scala/freechips/rocketchip/amba/axi4stream/AXI4StreamFuzzer.scala:20:13: type LazyModule in package diplomacy is deprecated (since rocketchip 2.0.0): Diplomacy has been split to a standalone library[0m
[0m[[0m[33mwarn[0m] [0m[0m    extends LazyModule {[0m
[0m[[0m[33mwarn[0m] [0m[0m            ^[0m
[0m[[0m[33mwarn[0m] [0m[0m/work/chipyard/tools/rocket-dsp-utils/src/main/scala/freechips/rocketchip/amba/axi4stream/AXI4StreamFuzzer.scala:35:25: type LazyModuleImp in package diplomacy is deprecated (since rocketchip 2.0.0): Diplomacy has been split to a standalone library[0m
[0m[[0m[33mwarn[0m] [0m[0m  lazy val module = new LazyModuleImp(this) {[0m
[0m[[0m[33mwarn[0m] [0m[0m                        ^[0m
[0m[[0m[33mwarn[0m] [0m[0m/work/chipyard/tools/rocket-dsp-utils/src/main/scala/freechips/rocketchip/amba/axi4stream/AXI4StreamFuzzer.scala:122:18: value LazyModule in package diplomacy is deprecated (since rocketchip 2.0.0): Diplomacy has been split to a standalone library[0m
[0m[[0m[33mwarn[0m] [0m[0m    val fuzzer = LazyModule([0m
[0m[[0m[33mwarn[0m] [0m[0m                 ^[0m
[0m[[0m[33mwarn[0m] [0m[0m/work/chipyard/generators/boom/src/main/scala/v3/exu/issue-units/issue-unit-age-ordered.scala:96:25: Auto-application to `()` is deprecated. Supply the empty argument list `()` explicitly to invoke method NullMicroOp,[0m
[0m[[0m[33mwarn[0m] [0m[0mor remove the empty argument list from its definition (Java-defined methods are exempt).[0m
[0m[[0m[33mwarn[0m] [0m[0mIn Scala 3, an unapplied method like this will be eta-expanded into a function. [quickfixable][0m
[0m[[0m[33mwarn[0m] [0m[0m    io.iss_uops(w)   := NullMicroOp[0m
[0m[[0m[33mwarn[0m] [0m[0m                        ^[0m
[0m[[0m[33mwarn[0m] [0m[0m/work/chipyard/tools/rocket-dsp-utils/src/main/scala/freechips/rocketchip/amba/axi4stream/AXI4StreamWidthAdapter.scala:22:11: type LazyModule in package diplomacy is deprecated (since rocketchip 2.0.0): Diplomacy has been split to a standalone library[0m
[0m[[0m[33mwarn[0m] [0m[0m) extends LazyModule()(Parameters.empty) {[0m
[0m[[0m[33mwarn[0m] [0m[0m          ^[0m
[0m[[0m[33mwarn[0m] [0m[0m/work/chipyard/tools/rocket-dsp-utils/src/main/scala/freechips/rocketchip/amba/axi4stream/AXI4StreamWidthAdapter.scala:26:25: type LazyModuleImp in package diplomacy is deprecated (since rocketchip 2.0.0): Diplomacy has been split to a standalone library[0m
[0m[[0m[33mwarn[0m] [0m[0m  lazy val module = new LazyModuleImp(this) {[0m
[0m[[0m[33mwarn[0m] [0m[0m                        ^[0m
[0m[[0m[33mwarn[0m] [0m[0m/work/chipyard/tools/rocket-dsp-utils/src/main/scala/freechips/rocketchip/amba/axi4stream/AXI4StreamWidthAdapter.scala:82:24: value LazyModule in package diplomacy is deprecated (since rocketchip 2.0.0): Diplomacy has been split to a standalone library[0m
[0m[[0m[33mwarn[0m] [0m[0m    val widthAdapter = LazyModule([0m
[0m[[0m[33mwarn[0m] [0m[0m                       ^[0m
[0m[[0m[33mwarn[0m] [0m[0m/work/chipyard/tools/rocket-dsp-utils/src/main/scala/freechips/rocketchip/amba/axi4stream/AsyncCrossing.scala:7:64: type LazyModule in package diplomacy is deprecated (since rocketchip 2.0.0): Diplomacy has been split to a standalone library[0m
[0m[[0m[33mwarn[0m] [0m[0mclass AXI4StreamAsyncCrossingSource(sync: Option[Int]) extends LazyModule()(Parameters.empty) {[0m
[0m[[0m[33mwarn[0m] [0m[0m                                                               ^[0m
[0m[[0m[33mwarn[0m] [0m[0m/work/chipyard/tools/rocket-dsp-utils/src/main/scala/freechips/rocketchip/amba/axi4stream/AsyncCrossing.scala:11:25: type LazyModuleImp in package diplomacy is deprecated (since rocketchip 2.0.0): Diplomacy has been split to a standalone library[0m
[0m[[0m[33mwarn[0m] [0m[0m  lazy val module = new LazyModuleImp(this) {[0m
[0m[[0m[33mwarn[0m] [0m[0m                        ^[0m
[0m[[0m[33mwarn[0m] [0m[0m/work/chipyard/tools/rocket-dsp-utils/src/main/scala/freechips/rocketchip/amba/axi4stream/AsyncCrossing.scala:23:29: value LazyModule in package diplomacy is deprecated (since rocketchip 2.0.0): Diplomacy has been split to a standalone library[0m
[0m[[0m[33mwarn[0m] [0m[0m    val axi4streamasource = LazyModule(new AXI4StreamAsyncCrossingSource(sync))[0m
[0m[[0m[33mwarn[0m] [0m[0m                            ^[0m
[0m[[0m[33mwarn[0m] [0m[0m/work/chipyard/tools/rocket-dsp-utils/src/main/scala/freechips/rocketchip/amba/axi4stream/AsyncCrossing.scala:31:13: type LazyModule in package diplomacy is deprecated (since rocketchip 2.0.0): Diplomacy has been split to a standalone library[0m
[0m[[0m[33mwarn[0m] [0m[0m    extends LazyModule()(Parameters.empty) {[0m
[0m[[0m[33mwarn[0m] [0m[0m            ^[0m
[0m[[0m[33mwarn[0m] [0m[0m/work/chipyard/tools/rocket-dsp-utils/src/main/scala/freechips/rocketchip/amba/axi4stream/AsyncCrossing.scala:34:25: type LazyModuleImp in package diplomacy is deprecated (since rocketchip 2.0.0): Diplomacy has been split to a standalone library[0m
[0m[[0m[33mwarn[0m] [0m[0m  lazy val module = new LazyModuleImp(this) {[0m
[0m[[0m[33mwarn[0m] [0m[0m                        ^[0m
[0m[[0m[33mwarn[0m] [0m[0m/work/chipyard/tools/rocket-dsp-utils/src/main/scala/freechips/rocketchip/amba/axi4stream/AsyncCrossing.scala:44:26: value LazyModule in package diplomacy is deprecated (since rocketchip 2.0.0): Diplomacy has been split to a standalone library[0m
[0m[[0m[33mwarn[0m] [0m[0m    val axi4streamsink = LazyModule(new AXI4StreamAsyncCrossingSink(params))[0m
[0m[[0m[33mwarn[0m] [0m[0m                         ^[0m
[0m[[0m[33mwarn[0m] [0m[0m/work/chipyard/tools/rocket-dsp-utils/src/main/scala/freechips/rocketchip/amba/axi4stream/Buffer.scala:7:54: type LazyModule in package diplomacy is deprecated (since rocketchip 2.0.0): Diplomacy has been split to a standalone library[0m
[0m[[0m[33mwarn[0m] [0m[0mclass AXI4StreamBuffer(params: BufferParams) extends LazyModule()(Parameters.empty) {[0m
[0m[[0m[33mwarn[0m] [0m[0m                                                     ^[0m
[0m[[0m[33mwarn[0m] [0m[0m/work/chipyard/tools/rocket-dsp-utils/src/main/scala/freechips/rocketchip/amba/axi4stream/Buffer.scala:10:25: type LazyModuleImp in package diplomacy is deprecated (since rocketchip 2.0.0): Diplomacy has been split to a standalone library[0m
[0m[[0m[33mwarn[0m] [0m[0m  lazy val module = new LazyModuleImp(this) {[0m
[0m[[0m[33mwarn[0m] [0m[0m                        ^[0m
[0m[[0m[33mwarn[0m] [0m[0m/work/chipyard/tools/rocket-dsp-utils/src/main/scala/freechips/rocketchip/amba/axi4stream/Buffer.scala:30:18: value LazyModule in package diplomacy is deprecated (since rocketchip 2.0.0): Diplomacy has been split to a standalone library[0m
[0m[[0m[33mwarn[0m] [0m[0m    val buffer = LazyModule(new AXI4StreamBuffer(p))[0m
[0m[[0m[33mwarn[0m] [0m[0m                 ^[0m
[0m[[0m[33mwarn[0m] [0m[0m/work/chipyard/generators/boom/src/main/scala/v3/exu/issue-units/issue-unit-unordered.scala:91:25: Auto-application to `()` is deprecated. Supply the empty argument list `()` explicitly to invoke method NullMicroOp,[0m
[0m[[0m[33mwarn[0m] [0m[0mor remove the empty argument list from its definition (Java-defined methods are exempt).[0m
[0m[[0m[33mwarn[0m] [0m[0mIn Scala 3, an unapplied method like this will be eta-expanded into a function. [quickfixable][0m
[0m[[0m[33mwarn[0m] [0m[0m    io.iss_uops(w)   := NullMicroOp[0m
[0m[[0m[33mwarn[0m] [0m[0m                        ^[0m
[0m[[0m[33mwarn[0m] [0m[0m/work/chipyard/tools/rocket-dsp-utils/src/main/scala/freechips/rocketchip/amba/axi4stream/CrossingHelper.scala:8:64: type LazyScope in package diplomacy is deprecated (since rocketchip 2.0.0): Diplomacy has been split to a standalone library[0m
[0m[[0m[33mwarn[0m] [0m[0mcase class AXI4StreamInwardCrossingHelper(name: String, scope: LazyScope, node: AXI4StreamInwardNode) {[0m
[0m[[0m[33mwarn[0m] [0m[0m                                                               ^[0m
[0m[[0m[33mwarn[0m] [0m[0m/work/chipyard/tools/rocket-dsp-utils/src/main/scala/freechips/rocketchip/amba/axi4stream/CrossingHelper.scala:8:12: type LazyScope in package diplomacy is deprecated (since rocketchip 2.0.0): Diplomacy has been split to a standalone library[0m
[0m[[0m[33mwarn[0m] [0m[0mcase class AXI4StreamInwardCrossingHelper(name: String, scope: LazyScope, node: AXI4StreamInwardNode) {[0m
[0m[[0m[33mwarn[0m] [0m[0m           ^[0m
[0m[[0m[33mwarn[0m] [0m[0m/work/chipyard/tools/rocket-dsp-utils/src/main/scala/freechips/rocketchip/amba/axi4stream/CrossingHelper.scala:22:65: type LazyScope in package diplomacy is deprecated (since rocketchip 2.0.0): Diplomacy has been split to a standalone library[0m
[0m[[0m[33mwarn[0m] [0m[0mcase class AXI4StreamOutwardCrossingHelper(name: String, scope: LazyScope, node: AXI4StreamOutwardNode) {[0m
[0m[[0m[33mwarn[0m] [0m[0m                                                                ^[0m
[0m[[0m[33mwarn[0m] [0m[0m/work/chipyard/tools/rocket-dsp-utils/src/main/scala/freechips/rocketchip/amba/axi4stream/CrossingHelper.scala:22:12: type LazyScope in package diplomacy is deprecated (since rocketchip 2.0.0): Diplomacy has been split to a standalone library[0m
[0m[[0m[33mwarn[0m] [0m[0mcase class AXI4StreamOutwardCrossingHelper(name: String, scope: LazyScope, node: AXI4StreamOutwardNode) {[0m
[0m[[0m[33mwarn[0m] [0m[0m           ^[0m
[0m[[0m[33mwarn[0m] [0m[0m/work/chipyard/tools/rocket-dsp-utils/src/main/scala/freechips/rocketchip/amba/axi4stream/CrossingHelper.scala:39:73: type LazyModule in package diplomacy is deprecated (since rocketchip 2.0.0): Diplomacy has been split to a standalone library[0m
[0m[[0m[33mwarn[0m] [0m[0mtrait HasAXI4StreamCrossing extends CrossesToOnlyOneClockDomain { this: LazyModule =>[0m
[0m[[0m[33mwarn[0m] [0m[0m                                                                        ^[0m
[0m[[0m[33mwarn[0m] [0m[0m/work/chipyard/tools/rocket-dsp-utils/src/main/scala/freechips/rocketchip/amba/axi4stream/DMA.scala:122:11: type LazyModule in package diplomacy is deprecated (since rocketchip 2.0.0): Diplomacy has been split to a standalone library[0m
[0m[[0m[33mwarn[0m] [0m[0m) extends LazyModule()(Parameters.empty) {[0m
[0m[[0m[33mwarn[0m] [0m[0m          ^[0m
[0m[[0m[33mwarn[0m] [0m[0m/work/chipyard/tools/rocket-dsp-utils/src/main/scala/freechips/rocketchip/amba/axi4stream/DMA.scala:141:22: type LazyModuleImp in package diplomacy is deprecated (since rocketchip 2.0.0): Diplomacy has been split to a standalone library[0m
[0m[[0m[33mwarn[0m] [0m[0m  class Impl extends LazyModuleImp(this) {[0m
[0m[[0m[33mwarn[0m] [0m[0m                     ^[0m
[0m[[0m[33mwarn[0m] [0m[0m/work/chipyard/tools/rocket-dsp-utils/src/main/scala/freechips/rocketchip/amba/axi4stream/DMA.scala:350:11: type LazyModule in package diplomacy is deprecated (since rocketchip 2.0.0): Diplomacy has been split to a standalone library[0m
[0m[[0m[33mwarn[0m] [0m[0m) extends LazyModule()(Parameters.empty) { outer =>[0m
[0m[[0m[33mwarn[0m] [0m[0m          ^[0m
[0m[[0m[33mwarn[0m] [0m[0m/work/chipyard/tools/rocket-dsp-utils/src/main/scala/freechips/rocketchip/amba/axi4stream/DMA.scala:352:13: value LazyModule in package diplomacy is deprecated (since rocketchip 2.0.0): Diplomacy has been split to a standalone library[0m
[0m[[0m[33mwarn[0m] [0m[0m  val dma = LazyModule(new StreamingAXI4DMA(id = id, aligned = aligned))[0m
[0m[[0m[33mwarn[0m] [0m[0m            ^[0m
[0m[[0m[33mwarn[0m] [0m[0m/work/chipyard/tools/rocket-dsp-utils/src/main/scala/freechips/rocketchip/amba/axi4stream/DMA.scala:360:22: type LazyModuleImp in package diplomacy is deprecated (since rocketchip 2.0.0): Diplomacy has been split to a standalone library[0m
[0m[[0m[33mwarn[0m] [0m[0m  class Impl extends LazyModuleImp(this) {[0m
[0m[[0m[33mwarn[0m] [0m[0m                     ^[0m
[0m[[0m[33mwarn[0m] [0m[0m/work/chipyard/tools/rocket-dsp-utils/src/main/scala/freechips/rocketchip/amba/axi4stream/DMA.scala:470:11: type LazyModule in package diplomacy is deprecated (since rocketchip 2.0.0): Diplomacy has been split to a standalone library[0m
[0m[[0m[33mwarn[0m] [0m[0m) extends LazyModule()(Parameters.empty) {[0m
[0m[[0m[33mwarn[0m] [0m[0m          ^[0m
[0m[[0m[33mwarn[0m] [0m[0m/work/chipyard/tools/rocket-dsp-utils/src/main/scala/freechips/rocketchip/amba/axi4stream/DMA.scala:472:13: value LazyModule in package diplomacy is deprecated (since rocketchip 2.0.0): Diplomacy has been split to a standalone library[0m
[0m[[0m[33mwarn[0m] [0m[0m  val dma = LazyModule(new StreamingAXI4DMA(id = id, aligned = aligned))[0m
[0m[[0m[33mwarn[0m] [0m[0m            ^[0m
[0m[[0m[33mwarn[0m] [0m[0m/work/chipyard/tools/rocket-dsp-utils/src/main/scala/freechips/rocketchip/amba/axi4stream/DMA.scala:476:20: value NodeHandle in package diplomacy is deprecated (since rocketchip 2.0.0): Diplomacy has been split to a standalone library[0m
[0m[[0m[33mwarn[0m] [0m[0m  val streamNode = NodeHandle(lhs.inward, rhs.outward)[0m
[0m[[0m[33mwarn[0m] [0m[0m                   ^[0m
[0m[[0m[33mwarn[0m] [0m[0m/work/chipyard/tools/rocket-dsp-utils/src/main/scala/freechips/rocketchip/amba/axi4stream/DMA.scala:490:22: type LazyModuleImp in package diplomacy is deprecated (since rocketchip 2.0.0): Diplomacy has been split to a standalone library[0m
[0m[[0m[33mwarn[0m] [0m[0m  class Impl extends LazyModuleImp(this) {[0m
[0m[[0m[33mwarn[0m] [0m[0m                     ^[0m
[0m[[0m[33mwarn[0m] [0m[0m/work/chipyard/tools/rocket-dsp-utils/src/main/scala/freechips/rocketchip/amba/axi4stream/DMA.scala:552:11: type LazyModule in package diplomacy is deprecated (since rocketchip 2.0.0): Diplomacy has been split to a standalone library[0m
[0m[[0m[33mwarn[0m] [0m[0m) extends LazyModule()(Parameters.empty)[0m
[0m[[0m[33mwarn[0m] [0m[0m          ^[0m
[0m[[0m[33mwarn[0m] [0m[0m/work/chipyard/tools/rocket-dsp-utils/src/main/scala/freechips/rocketchip/amba/axi4stream/DMA.scala:554:13: value LazyModule in package diplomacy is deprecated (since rocketchip 2.0.0): Diplomacy has been split to a standalone library[0m
[0m[[0m[33mwarn[0m] [0m[0m  val dma = LazyModule(new StreamingAXI4DMAWithCSR(csrAddress, beatBytes, id, aligned))[0m
[0m[[0m[33mwarn[0m] [0m[0m            ^[0m
[0m[[0m[33mwarn[0m] [0m[0m/work/chipyard/tools/rocket-dsp-utils/src/main/scala/freechips/rocketchip/amba/axi4stream/DMA.scala:556:20: value NodeHandle in package diplomacy is deprecated (since rocketchip 2.0.0): Diplomacy has been split to a standalone library[0m
[0m[[0m[33mwarn[0m] [0m[0m  val streamNode = NodeHandle(dma.streamNode.inward, dma.streamNode.outward)[0m
[0m[[0m[33mwarn[0m] [0m[0m                   ^[0m
[0m[[0m[33mwarn[0m] [0m[0m/work/chipyard/tools/rocket-dsp-utils/src/main/scala/freechips/rocketchip/amba/axi4stream/DMA.scala:577:25: type LazyModuleImp in package diplomacy is deprecated (since rocketchip 2.0.0): Diplomacy has been split to a standalone library[0m
[0m[[0m[33mwarn[0m] [0m[0m  lazy val module = new LazyModuleImp(this) {[0m
[0m[[0m[33mwarn[0m] [0m[0m                        ^[0m
[0m[[0m[33mwarn[0m] [0m[0m/work/chipyard/tools/rocket-dsp-utils/src/main/scala/freechips/rocketchip/amba/axi4stream/Mux.scala:19:13: type LazyModule in package diplomacy is deprecated (since rocketchip 2.0.0): Diplomacy has been split to a standalone library[0m
[0m[[0m[33mwarn[0m] [0m[0m    extends LazyModule()(Parameters.empty)[0m
[0m[[0m[33mwarn[0m] [0m[0m            ^[0m
[0m[[0m[33mwarn[0m] [0m[0m/work/chipyard/tools/rocket-dsp-utils/src/main/scala/freechips/rocketchip/amba/axi4stream/Mux.scala:30:25: type LazyModuleImp in package diplomacy is deprecated (since rocketchip 2.0.0): Diplomacy has been split to a standalone library[0m
[0m[[0m[33mwarn[0m] [0m[0m  lazy val module = new LazyModuleImp(this) with SMModuleImp {[0m
[0m[[0m[33mwarn[0m] [0m[0m                        ^[0m
[0m[[0m[33mwarn[0m] [0m[0m/work/chipyard/tools/rocket-dsp-utils/src/main/scala/freechips/rocketchip/amba/axi4stream/Mux.scala:87:20: type SimpleDevice in package diplomacy is deprecated (since rocketchip 2.0.0): Use freechips.rocketchip.resources.SimpleDevice[0m
[0m[[0m[33mwarn[0m] [0m[0m  val device = new SimpleDevice("streamMux", devcompat = Seq("bwrc,streamMux"))[0m
[0m[[0m[33mwarn[0m] [0m[0m                   ^[0m
[0m[[0m[33mwarn[0m] [0m[0m/work/chipyard/tools/rocket-dsp-utils/src/main/scala/freechips/rocketchip/amba/axi4stream/Mux.scala:96:20: type ValName in package diplomacy is deprecated (since rocketchip 2.0.0): Diplomacy has been split to a standalone library[0m
[0m[[0m[33mwarn[0m] [0m[0m    valName:       ValName[0m
[0m[[0m[33mwarn[0m] [0m[0m                   ^[0m
[0m[[0m[33mwarn[0m] [0m[0m/work/chipyard/tools/rocket-dsp-utils/src/main/scala/freechips/rocketchip/amba/axi4stream/Mux.scala:98:15: value LazyModule in package diplomacy is deprecated (since rocketchip 2.0.0): Diplomacy has been split to a standalone library[0m
[0m[[0m[33mwarn[0m] [0m[0m    val mux = LazyModule(new AXI4StreamMux(address = address, beatBytes = beatBytes))[0m
[0m[[0m[33mwarn[0m] [0m[0m              ^[0m
[0m[[0m[33mwarn[0m] [0m[0m/work/chipyard/tools/rocket-dsp-utils/src/main/scala/freechips/rocketchip/amba/axi4stream/Mux.scala:101:69: type ValName in package diplomacy is deprecated (since rocketchip 2.0.0): Diplomacy has been split to a standalone library[0m
[0m[[0m[33mwarn[0m] [0m[0m  def tl(address: AddressSet, beatBytes: Int = 4)(implicit valName: ValName): (AXI4StreamNexusNode, TLRegisterNode) = {[0m
[0m[[0m[33mwarn[0m] [0m[0m                                                                    ^[0m
[0m[[0m[33mwarn[0m] [0m[0m/work/chipyard/tools/rocket-dsp-utils/src/main/scala/freechips/rocketchip/amba/axi4stream/Mux.scala:102:15: value LazyModule in package diplomacy is deprecated (since rocketchip 2.0.0): Diplomacy has been split to a standalone library[0m
[0m[[0m[33mwarn[0m] [0m[0m    val mux = LazyModule(new TLStreamMux(address = address, beatBytes = beatBytes))[0m
[0m[[0m[33mwarn[0m] [0m[0m              ^[0m
[0m[[0m[33mwarn[0m] [0m[0m/work/chipyard/tools/rocket-dsp-utils/src/main/scala/freechips/rocketchip/amba/axi4stream/Nodes.scala:14:13: type SimpleNodeImp in package diplomacy is deprecated (since rocketchip 2.0.0): Diplomacy has been split to a standalone library[0m
[0m[[0m[33mwarn[0m] [0m[0m    extends SimpleNodeImp[[0m
[0m[[0m[33mwarn[0m] [0m[0m            ^[0m
[0m[[0m[33mwarn[0m] [0m[0m/work/chipyard/tools/rocket-dsp-utils/src/main/scala/freechips/rocketchip/amba/axi4stream/Nodes.scala:27:45: value RenderedEdge in package diplomacy is deprecated (since rocketchip 2.0.0): Diplomacy has been split to a standalone library[0m
[0m[[0m[33mwarn[0m] [0m[0m  def render(e: AXI4StreamEdgeParameters) = RenderedEdge(colour = "#0033ff", label = e.master.masterParams.n.toString)[0m
[0m[[0m[33mwarn[0m] [0m[0m                                            ^[0m
[0m[[0m[33mwarn[0m] [0m[0m/work/chipyard/tools/rocket-dsp-utils/src/main/scala/freechips/rocketchip/amba/axi4stream/Nodes.scala:33:11: type OutwardNode in package diplomacy is deprecated (since rocketchip 2.0.0): Diplomacy has been split to a standalone library[0m
[0m[[0m[33mwarn[0m] [0m[0m    node: OutwardNode[AXI4StreamMasterPortParameters, AXI4StreamSlavePortParameters, AXI4StreamBundle][0m
[0m[[0m[33mwarn[0m] [0m[0m          ^[0m
[0m[[0m[33mwarn[0m] [0m[0m/work/chipyard/tools/rocket-dsp-utils/src/main/scala/freechips/rocketchip/amba/axi4stream/Nodes.scala:38:11: type InwardNode in package diplomacy is deprecated (since rocketchip 2.0.0): Diplomacy has been split to a standalone library[0m
[0m[[0m[33mwarn[0m] [0m[0m    node: InwardNode[AXI4StreamMasterPortParameters, AXI4StreamSlavePortParameters, AXI4StreamBundle][0m
[0m[[0m[33mwarn[0m] [0m[0m          ^[0m
[0m[[0m[33mwarn[0m] [0m[0m/work/chipyard/tools/rocket-dsp-utils/src/main/scala/freechips/rocketchip/amba/axi4stream/Nodes.scala:43:55: type ValName in package diplomacy is deprecated (since rocketchip 2.0.0): Diplomacy has been split to a standalone library[0m
[0m[[0m[33mwarn[0m] [0m[0mcase class AXI4StreamIdentityNode()(implicit valName: ValName) extends IdentityNode(AXI4StreamImp)()[0m
[0m[[0m[33mwarn[0m] [0m[0m                                                      ^[0m
[0m[[0m[33mwarn[0m] [0m[0m/work/chipyard/tools/rocket-dsp-utils/src/main/scala/freechips/rocketchip/amba/axi4stream/Nodes.scala:44:100: type ValName in package diplomacy is deprecated (since rocketchip 2.0.0): Diplomacy has been split to a standalone library[0m
[0m[[0m[33mwarn[0m] [0m[0mcase class AXI4StreamMasterNode(portParams: Seq[AXI4StreamMasterPortParameters])(implicit valName: ValName)[0m
[0m[[0m[33mwarn[0m] [0m[0m                                                                                                   ^[0m
[0m[[0m[33mwarn[0m] [0m[0m/work/chipyard/tools/rocket-dsp-utils/src/main/scala/freechips/rocketchip/amba/axi4stream/Nodes.scala:47:66: type ValName in package diplomacy is deprecated (since rocketchip 2.0.0): Diplomacy has been split to a standalone library[0m
[0m[[0m[33mwarn[0m] [0m[0m  def apply(p: AXI4StreamMasterPortParameters)(implicit valName: ValName): AXI4StreamMasterNode = {[0m
[0m[[0m[33mwarn[0m] [0m[0m                                                                 ^[0m
[0m[[0m[33mwarn[0m] [0m[0m/work/chipyard/tools/rocket-dsp-utils/src/main/scala/freechips/rocketchip/amba/axi4stream/Nodes.scala:50:62: type ValName in package diplomacy is deprecated (since rocketchip 2.0.0): Diplomacy has been split to a standalone library[0m
[0m[[0m[33mwarn[0m] [0m[0m  def apply(p: AXI4StreamMasterParameters)(implicit valName: ValName): AXI4StreamMasterNode = {[0m
[0m[[0m[33mwarn[0m] [0m[0m                                                             ^[0m
[0m[[0m[33mwarn[0m] [0m[0m/work/chipyard/tools/rocket-dsp-utils/src/main/scala/freechips/rocketchip/amba/axi4stream/Nodes.scala:54:98: type ValName in package diplomacy is deprecated (since rocketchip 2.0.0): Diplomacy has been split to a standalone library[0m
[0m[[0m[33mwarn[0m] [0m[0mcase class AXI4StreamSlaveNode(portParams: Seq[AXI4StreamSlavePortParameters])(implicit valName: ValName)[0m
[0m[[0m[33mwarn[0m] [0m[0m                                                                                                 ^[0m
[0m[[0m[33mwarn[0m] [0m[0m/work/chipyard/tools/rocket-dsp-utils/src/main/scala/freechips/rocketchip/amba/axi4stream/Nodes.scala:57:65: type ValName in package diplomacy is deprecated (since rocketchip 2.0.0): Diplomacy has been split to a standalone library[0m
[0m[[0m[33mwarn[0m] [0m[0m  def apply(p: AXI4StreamSlavePortParameters)(implicit valName: ValName): AXI4StreamSlaveNode = {[0m
[0m[[0m[33mwarn[0m] [0m[0m                                                                ^[0m
[0m[[0m[33mwarn[0m] [0m[0m/work/chipyard/generators/rocket-chip-blocks/src/main/scala/devices/chiplink/ChipLink.scala:10:76: type LazyModule in package diplomacy is deprecated (since rocketchip 2.0.0): Diplomacy has been split to a standalone library[0m
[0m[[0m[33mwarn[0m] [0m[0mclass ChipLink(val params: ChipLinkParams)(implicit p: Parameters) extends LazyModule() {[0m
[0m[[0m[33mwarn[0m] [0m[0m                                                                           ^[0m
[0m[[0m[33mwarn[0m] [0m[0m/work/chipyard/generators/rocket-chip-blocks/src/main/scala/devices/chiplink/ChipLink.scala:12:20: type SimpleBus in package diplomacy is deprecated (since rocketchip 2.0.0): Use freechips.rocketchip.resources.SimpleBus[0m
[0m[[0m[33mwarn[0m] [0m[0m  val device = new SimpleBus("chiplink", Seq("sifive,chiplink"))[0m
[0m[[0m[33mwarn[0m] [0m[0m                   ^[0m
[0m[[0m[33mwarn[0m] [0m[0m/work/chipyard/generators/rocket-chip-blocks/src/main/scala/devices/chiplink/ChipLink.scala:63:25: value LazyModule in package diplomacy is deprecated (since rocketchip 2.0.0): Diplomacy has been split to a standalone library[0m
[0m[[0m[33mwarn[0m] [0m[0m  private val sbypass = LazyModule(new TLBusBypass(beatBytes = 4))[0m
[0m[[0m[33mwarn[0m] [0m[0m                        ^[0m
[0m[[0m[33mwarn[0m] [0m[0m/work/chipyard/generators/rocket-chip-blocks/src/main/scala/devices/chiplink/ChipLink.scala:66:22: value LazyModule in package diplomacy is deprecated (since rocketchip 2.0.0): Diplomacy has been split to a standalone library[0m
[0m[[0m[33mwarn[0m] [0m[0m  private val mute = LazyModule(new MuteMaster(maxProbe = params.acqXfer.max))[0m
[0m[[0m[33mwarn[0m] [0m[0m                     ^[0m
[0m[[0m[33mwarn[0m] [0m[0m/work/chipyard/generators/rocket-chip-blocks/src/main/scala/devices/chiplink/ChipLink.scala:67:25: value LazyModule in package diplomacy is deprecated (since rocketchip 2.0.0): Diplomacy has been split to a standalone library[0m
[0m[[0m[33mwarn[0m] [0m[0m  private val mbypass = LazyModule(new StuckSnooper(_.last))[0m
[0m[[0m[33mwarn[0m] [0m[0m                        ^[0m
[0m[[0m[33mwarn[0m] [0m[0m/work/chipyard/generators/rocket-chip-blocks/src/main/scala/devices/chiplink/ChipLink.scala:71:14: value NodeHandle in package diplomacy is deprecated (since rocketchip 2.0.0): Diplomacy has been split to a standalone library[0m
[0m[[0m[33mwarn[0m] [0m[0m  val node = NodeHandle(sbypass.node, mbypass.node)[0m
[0m[[0m[33mwarn[0m] [0m[0m             ^[0m
[0m[[0m[33mwarn[0m] [0m[0m/work/chipyard/generators/rocket-chip-blocks/src/main/scala/devices/chiplink/ChipLink.scala:72:16: value BundleBridgeSource in package diplomacy is deprecated (since rocketchip 2.0.0): Diplomacy has been split to a standalone library[0m
[0m[[0m[33mwarn[0m] [0m[0m  val ioNode = BundleBridgeSource(() => new WideDataLayerPort(params).cloneType)[0m
[0m[[0m[33mwarn[0m] [0m[0m               ^[0m
[0m[[0m[33mwarn[0m] [0m[0m/work/chipyard/generators/rocket-chip-blocks/src/main/scala/devices/chiplink/ChipLink.scala:84:22: type LazyModuleImp in package diplomacy is deprecated (since rocketchip 2.0.0): Diplomacy has been split to a standalone library[0m
[0m[[0m[33mwarn[0m] [0m[0m  class Impl extends LazyModuleImp(this) {[0m
[0m[[0m[33mwarn[0m] [0m[0m                     ^[0m
[0m[[0m[33mwarn[0m] [0m[0m/work/chipyard/generators/rocket-chip-blocks/src/main/scala/devices/chiplink/SinkA.scala:16:31: method mapValues in trait MapOps is deprecated (since 2.13.0): Use .view.mapValues(f). A future version will include a strict version of this method (for now, .view.mapValues(f).toMap).[0m
[0m[[0m[33mwarn[0m] [0m[0m  val source = info.mux(tl2cl.mapValues(_.source).toMap)[0m
[0m[[0m[33mwarn[0m] [0m[0m                              ^[0m
[0m[[0m[33mwarn[0m] [0m[0m/work/chipyard/generators/rocket-chip-blocks/src/main/scala/devices/chiplink/SinkA.scala:17:31: method mapValues in trait MapOps is deprecated (since 2.13.0): Use .view.mapValues(f). A future version will include a strict version of this method (for now, .view.mapValues(f).toMap).[0m
[0m[[0m[33mwarn[0m] [0m[0m  val domain = info.mux(tl2cl.mapValues(_.domain).toMap)[0m
[0m[[0m[33mwarn[0m] [0m[0m                              ^[0m
[0m[[0m[33mwarn[0m] [0m[0m/work/chipyard/generators/rocket-chip-blocks/src/main/scala/devices/chiplink/SinkC.scala:16:31: method mapValues in trait MapOps is deprecated (since 2.13.0): Use .view.mapValues(f). A future version will include a strict version of this method (for now, .view.mapValues(f).toMap).[0m
[0m[[0m[33mwarn[0m] [0m[0m  val source = info.mux(tl2cl.mapValues(_.source).toMap)[0m
[0m[[0m[33mwarn[0m] [0m[0m                              ^[0m
[0m[[0m[33mwarn[0m] [0m[0m/work/chipyard/generators/rocket-chip-blocks/src/main/scala/devices/chiplink/SinkC.scala:17:31: method mapValues in trait MapOps is deprecated (since 2.13.0): Use .view.mapValues(f). A future version will include a strict version of this method (for now, .view.mapValues(f).toMap).[0m
[0m[[0m[33mwarn[0m] [0m[0m  val domain = info.mux(tl2cl.mapValues(_.domain).toMap)[0m
[0m[[0m[33mwarn[0m] [0m[0m                              ^[0m
[0m[[0m[33mwarn[0m] [0m[0m/work/chipyard/generators/rocket-chip-blocks/src/main/scala/devices/chiplink/SourceD.scala:23:46: method mapValues in trait MapOps is deprecated (since 2.13.0): Use .view.mapValues(f). A future version will include a strict version of this method (for now, .view.mapValues(f).toMap).[0m
[0m[[0m[33mwarn[0m] [0m[0m  val nestedMap = cl2tl.groupBy(_._1.domain).mapValues(_.map { case (TXN(_, cls), tls) => (cls, tls) })[0m
[0m[[0m[33mwarn[0m] [0m[0m                                             ^[0m
[0m[[0m[33mwarn[0m] [0m[0m/work/chipyard/generators/rocket-chip-blocks/src/main/scala/devices/chiplink/StuckSnooper.scala:11:102: type ValName in package diplomacy is deprecated (since rocketchip 2.0.0): Diplomacy has been split to a standalone library[0m
[0m[[0m[33mwarn[0m] [0m[0mclass StuckSnooperNode(uFn: Seq[TLClientPortParameters] => TLClientPortParameters)(implicit valName: ValName) extends TLCustomNode[0m
[0m[[0m[33mwarn[0m] [0m[0m                                                                                                     ^[0m
[0m[[0m[33mwarn[0m] [0m[0m/work/chipyard/generators/rocket-chip-blocks/src/main/scala/devices/chiplink/StuckSnooper.scala:25:112: type LazyModule in package diplomacy is deprecated (since rocketchip 2.0.0): Diplomacy has been split to a standalone library[0m
[0m[[0m[33mwarn[0m] [0m[0mclass StuckSnooper(uFn: Seq[TLClientPortParameters] => TLClientPortParameters)(implicit p: Parameters) extends LazyModule[0m
[0m[[0m[33mwarn[0m] [0m[0m                                                                                                               ^[0m
[0m[[0m[33mwarn[0m] [0m[0m/work/chipyard/generators/rocket-chip-blocks/src/main/scala/devices/chiplink/StuckSnooper.scala:30:22: type LazyModuleImp in package diplomacy is deprecated (since rocketchip 2.0.0): Diplomacy has been split to a standalone library[0m
[0m[[0m[33mwarn[0m] [0m[0m  class Impl extends LazyModuleImp(this) {[0m
[0m[[0m[33mwarn[0m] [0m[0m                     ^[0m
[0m[[0m[33mwarn[0m] [0m[0m/work/chipyard/generators/rocket-chip-blocks/src/main/scala/devices/chiplink/StuckSnooper.scala:103:71: type LazyModule in package diplomacy is deprecated (since rocketchip 2.0.0): Diplomacy has been split to a standalone library[0m
[0m[[0m[33mwarn[0m] [0m[0mclass TLStuckSnooperTester(txns: Int)(implicit p: Parameters) extends LazyModule {[0m
[0m[[0m[33mwarn[0m] [0m[0m                                                                      ^[0m
[0m[[0m[33mwarn[0m] [0m[0m/work/chipyard/generators/rocket-chip-blocks/src/main/scala/devices/chiplink/StuckSnooper.scala:104:15: value LazyModule in package diplomacy is deprecated (since rocketchip 2.0.0): Diplomacy has been split to a standalone library[0m
[0m[[0m[33mwarn[0m] [0m[0m  val fuzz1 = LazyModule(new TLFuzzer(txns))[0m
[0m[[0m[33mwarn[0m] [0m[0m              ^[0m
[0m[[0m[33mwarn[0m] [0m[0m/work/chipyard/generators/rocket-chip-blocks/src/main/scala/devices/chiplink/StuckSnooper.scala:105:15: value LazyModule in package diplomacy is deprecated (since rocketchip 2.0.0): Diplomacy has been split to a standalone library[0m
[0m[[0m[33mwarn[0m] [0m[0m  val fuzz2 = LazyModule(new TLFuzzer(txns))[0m
[0m[[0m[33mwarn[0m] [0m[0m              ^[0m
[0m[[0m[33mwarn[0m] [0m[0m/work/chipyard/generators/rocket-chip-blocks/src/main/scala/devices/chiplink/StuckSnooper.scala:106:16: value LazyModule in package diplomacy is deprecated (since rocketchip 2.0.0): Diplomacy has been split to a standalone library[0m
[0m[[0m[33mwarn[0m] [0m[0m  val model1 = LazyModule(new TLRAMModel("StuckSnooper1"))[0m
[0m[[0m[33mwarn[0m] [0m[0m               ^[0m
[0m[[0m[33mwarn[0m] [0m[0m/work/chipyard/generators/rocket-chip-blocks/src/main/scala/devices/chiplink/StuckSnooper.scala:107:16: value LazyModule in package diplomacy is deprecated (since rocketchip 2.0.0): Diplomacy has been split to a standalone library[0m
[0m[[0m[33mwarn[0m] [0m[0m  val model2 = LazyModule(new TLRAMModel("StuckSnooper2"))[0m
[0m[[0m[33mwarn[0m] [0m[0m               ^[0m
[0m[[0m[33mwarn[0m] [0m[0m/work/chipyard/generators/rocket-chip-blocks/src/main/scala/devices/chiplink/StuckSnooper.scala:108:13: value LazyModule in package diplomacy is deprecated (since rocketchip 2.0.0): Diplomacy has been split to a standalone library[0m
[0m[[0m[33mwarn[0m] [0m[0m  val mux = LazyModule(new StuckSnooper(uFn = _.head))[0m
[0m[[0m[33mwarn[0m] [0m[0m            ^[0m
[0m[[0m[33mwarn[0m] [0m[0m/work/chipyard/generators/rocket-chip-blocks/src/main/scala/devices/chiplink/StuckSnooper.scala:109:13: value LazyModule in package diplomacy is deprecated (since rocketchip 2.0.0): Diplomacy has been split to a standalone library[0m
[0m[[0m[33mwarn[0m] [0m[0m  val ram = LazyModule(new TLRAM(AddressSet(0, 0x3ff), beatBytes = 4))[0m
[0m[[0m[33mwarn[0m] [0m[0m            ^[0m
[0m[[0m[33mwarn[0m] [0m[0m/work/chipyard/generators/rocket-chip-blocks/src/main/scala/devices/chiplink/StuckSnooper.scala:115:25: type LazyModuleImp in package diplomacy is deprecated (since rocketchip 2.0.0): Diplomacy has been split to a standalone library[0m
[0m[[0m[33mwarn[0m] [0m[0m  lazy val module = new LazyModuleImp(this) with UnitTestModule {[0m
[0m[[0m[33mwarn[0m] [0m[0m                        ^[0m
[0m[[0m[33mwarn[0m] [0m[0m/work/chipyard/generators/rocket-chip-blocks/src/main/scala/devices/chiplink/StuckSnooper.scala:122:20: value LazyModule in package diplomacy is deprecated (since rocketchip 2.0.0): Diplomacy has been split to a standalone library[0m
[0m[[0m[33mwarn[0m] [0m[0m  val dut = Module(LazyModule(new TLStuckSnooperTester(txns)).module)[0m
[0m[[0m[33mwarn[0m] [0m[0m                   ^[0m
[0m[[0m[33mwarn[0m] [0m[0m/work/chipyard/generators/rocket-chip-blocks/src/main/scala/devices/gpio/GPIO.scala:57:37: value BundleBridgeSource in package diplomacy is deprecated (since rocketchip 2.0.0): Diplomacy has been split to a standalone library[0m
[0m[[0m[33mwarn[0m] [0m[0m  val iofNode = c.includeIOF.option(BundleBridgeSource(() => new IOFPortIO(c.width)))[0m
[0m[[0m[33mwarn[0m] [0m[0m                                    ^[0m
[0m[[0m[33mwarn[0m] [0m[0m/work/chipyard/generators/rocket-chip-blocks/src/main/scala/devices/gpio/GPIO.scala:58:39: value InModuleBody in package diplomacy is deprecated (since rocketchip 2.0.0): Diplomacy has been split to a standalone library[0m
[0m[[0m[33mwarn[0m] [0m[0m  val iofPort = iofNode.map { node => InModuleBody { node.bundle } }[0m
[0m[[0m[33mwarn[0m] [0m[0m                                      ^[0m
[0m[[0m[33mwarn[0m] [0m[0m/work/chipyard/generators/rocket-chip-blocks/src/main/scala/devices/gpio/GPIO.scala:61:42: type ResourceBindings in package diplomacy is deprecated (since rocketchip 2.0.0): Use freechips.rocketchip.resources.ResourceBindings[0m
[0m[[0m[33mwarn[0m] [0m[0m  override def extraResources(resources: ResourceBindings) = Map([0m
[0m[[0m[33mwarn[0m] [0m[0m                                         ^[0m
[0m[[0m[33mwarn[0m] [0m[0m/work/chipyard/generators/rocket-chip-blocks/src/main/scala/devices/gpio/GPIO.scala:63:35: value ResourceInt in package diplomacy is deprecated (since rocketchip 2.0.0): Use freechips.rocketchip.resources.ResourceInt[0m
[0m[[0m[33mwarn[0m] [0m[0m    "#gpio-cells"          -> Seq(ResourceInt(2)),[0m
[0m[[0m[33mwarn[0m] [0m[0m                                  ^[0m
[0m[[0m[33mwarn[0m] [0m[0m/work/chipyard/generators/rocket-chip-blocks/src/main/scala/devices/gpio/GPIO.scala:65:35: value ResourceInt in package diplomacy is deprecated (since rocketchip 2.0.0): Use freechips.rocketchip.resources.ResourceInt[0m
[0m[[0m[33mwarn[0m] [0m[0m    "#interrupt-cells"     -> Seq(ResourceInt(2)))[0m
[0m[[0m[33mwarn[0m] [0m[0m                                  ^[0m
[0m[[0m[33mwarn[0m] [0m[0m/work/chipyard/generators/rocket-chip-blocks/src/main/scala/devices/gpio/GPIO.scala:67:25: type LazyModuleImp in package diplomacy is deprecated (since rocketchip 2.0.0): Diplomacy has been split to a standalone library[0m
[0m[[0m[33mwarn[0m] [0m[0m  lazy val module = new LazyModuleImp(this) {[0m
[0m[[0m[33mwarn[0m] [0m[0m                        ^[0m
[0m[[0m[33mwarn[0m] [0m[0m/work/chipyard/generators/rocket-chip-blocks/src/main/scala/devices/gpio/GPIO.scala:85:12: method moduleValue in package diplomacy is deprecated (since rocketchip 2.0.0): Diplomacy has been split to a standalone library[0m
[0m[[0m[33mwarn[0m] [0m[0m  inVal := port.pins.map(_.i.ival).asUInt[0m
[0m[[0m[33mwarn[0m] [0m[0m           ^[0m
[0m[[0m[33mwarn[0m] [0m[0m/work/chipyard/generators/rocket-chip-blocks/src/main/scala/devices/gpio/GPIO.scala:208:21: method moduleValue in package diplomacy is deprecated (since rocketchip 2.0.0): Diplomacy has been split to a standalone library[0m
[0m[[0m[33mwarn[0m] [0m[0m      when (iofPort.get.iof_0(pin).o.valid) {[0m
[0m[[0m[33mwarn[0m] [0m[0m                    ^[0m
[0m[[0m[33mwarn[0m] [0m[0m/work/chipyard/generators/rocket-chip-blocks/src/main/scala/devices/gpio/GPIO.scala:209:37: method moduleValue in package diplomacy is deprecated (since rocketchip 2.0.0): Diplomacy has been split to a standalone library[0m
[0m[[0m[33mwarn[0m] [0m[0m        iof0Ctrl(pin)    <> iofPort.get.iof_0(pin).o[0m
[0m[[0m[33mwarn[0m] [0m[0m                                    ^[0m
[0m[[0m[33mwarn[0m] [0m[0m/work/chipyard/generators/rocket-chip-blocks/src/main/scala/devices/gpio/GPIO.scala:213:21: method moduleValue in package diplomacy is deprecated (since rocketchip 2.0.0): Diplomacy has been split to a standalone library[0m
[0m[[0m[33mwarn[0m] [0m[0m      when (iofPort.get.iof_1(pin).o.valid) {[0m
[0m[[0m[33mwarn[0m] [0m[0m                    ^[0m
[0m[[0m[33mwarn[0m] [0m[0m/work/chipyard/generators/rocket-chip-blocks/src/main/scala/devices/gpio/GPIO.scala:214:37: method moduleValue in package diplomacy is deprecated (since rocketchip 2.0.0): Diplomacy has been split to a standalone library[0m
[0m[[0m[33mwarn[0m] [0m[0m        iof1Ctrl(pin)    <> iofPort.get.iof_1(pin).o[0m
[0m[[0m[33mwarn[0m] [0m[0m                                    ^[0m
[0m[[0m[33mwarn[0m] [0m[0m/work/chipyard/generators/rocket-chip-blocks/src/main/scala/devices/gpio/GPIO.scala:230:5: method moduleValue in package diplomacy is deprecated (since rocketchip 2.0.0): Diplomacy has been split to a standalone library[0m
[0m[[0m[33mwarn[0m] [0m[0m    port.pins(pin).o      := pre_xor[0m
[0m[[0m[33mwarn[0m] [0m[0m    ^[0m
[0m[[0m[33mwarn[0m] [0m[0m/work/chipyard/generators/rocket-chip-blocks/src/main/scala/devices/gpio/GPIO.scala:231:5: method moduleValue in package diplomacy is deprecated (since rocketchip 2.0.0): Diplomacy has been split to a standalone library[0m
[0m[[0m[33mwarn[0m] [0m[0m    port.pins(pin).o.oval := pre_xor.oval ^ xorReg(pin)[0m
[0m[[0m[33mwarn[0m] [0m[0m    ^[0m
[0m[[0m[33mwarn[0m] [0m[0m/work/chipyard/generators/rocket-chip-blocks/src/main/scala/devices/gpio/GPIO.scala:234:5: method moduleValue in package diplomacy is deprecated (since rocketchip 2.0.0): Diplomacy has been split to a standalone library[0m
[0m[[0m[33mwarn[0m] [0m[0m    interrupts(pin) := (riseIpReg(pin) & riseIeReg(pin)) |[0m
[0m[[0m[33mwarn[0m] [0m[0m    ^[0m
[0m[[0m[33mwarn[0m] [0m[0m/work/chipyard/generators/rocket-chip-blocks/src/main/scala/devices/gpio/GPIO.scala:243:15: method moduleValue in package diplomacy is deprecated (since rocketchip 2.0.0): Diplomacy has been split to a standalone library[0m
[0m[[0m[33mwarn[0m] [0m[0m      iofPort.get.iof_0(pin).i.ival := inSyncReg(pin)[0m
[0m[[0m[33mwarn[0m] [0m[0m              ^[0m
[0m[[0m[33mwarn[0m] [0m[0m/work/chipyard/generators/rocket-chip-blocks/src/main/scala/devices/gpio/GPIO.scala:244:15: method moduleValue in package diplomacy is deprecated (since rocketchip 2.0.0): Diplomacy has been split to a standalone library[0m
[0m[[0m[33mwarn[0m] [0m[0m      iofPort.get.iof_1(pin).i.ival := inSyncReg(pin)[0m
[0m[[0m[33mwarn[0m] [0m[0m              ^[0m
[0m[[0m[33mwarn[0m] [0m[0m/work/chipyard/generators/boom/src/main/scala/v3/exu/register-read/register-read.scala:134:40: Auto-application to `()` is deprecated. Supply the empty argument list `()` explicitly to invoke method NullMicroOp,[0m
[0m[[0m[33mwarn[0m] [0m[0mor remove the empty argument list from its definition (Java-defined methods are exempt).[0m
[0m[[0m[33mwarn[0m] [0m[0mIn Scala 3, an unapplied method like this will be eta-expanded into a function. [quickfixable][0m
[0m[[0m[33mwarn[0m] [0m[0m    exe_reg_uops(w)   := Mux(rrd_kill, NullMicroOp, rrd_uops(w))[0m
[0m[[0m[33mwarn[0m] [0m[0m                                       ^[0m
[0m[[0m[33mwarn[0m] [0m[0m/work/chipyard/generators/rocket-chip-blocks/src/main/scala/devices/gpio/GPIO.scala:294:34: value LazyModule in package diplomacy is deprecated (since rocketchip 2.0.0): Diplomacy has been split to a standalone library[0m
[0m[[0m[33mwarn[0m] [0m[0m    val gpioClockDomainWrapper = LazyModule(new ClockSinkDomain(take = None))[0m
[0m[[0m[33mwarn[0m] [0m[0m                                 ^[0m
[0m[[0m[33mwarn[0m] [0m[0m/work/chipyard/generators/rocket-chip-blocks/src/main/scala/devices/gpio/GPIO.scala:295:41: value LazyModule in package diplomacy is deprecated (since rocketchip 2.0.0): Diplomacy has been split to a standalone library[0m
[0m[[0m[33mwarn[0m] [0m[0m    val gpio = gpioClockDomainWrapper { LazyModule(new TLGPIO(cbus.beatBytes, device)) }[0m
[0m[[0m[33mwarn[0m] [0m[0m                                        ^[0m
[0m[[0m[33mwarn[0m] [0m[0m/work/chipyard/generators/rocket-chip-blocks/src/main/scala/devices/gpio/GPIO.scala:301:23: value LazyModule in package diplomacy is deprecated (since rocketchip 2.0.0): Diplomacy has been split to a standalone library[0m
[0m[[0m[33mwarn[0m] [0m[0m        val blocker = LazyModule(new TLClockBlocker(BasicBusBlockerParams(a, cbus.beatBytes, cbus.beatBytes)))[0m
[0m[[0m[33mwarn[0m] [0m[0m                      ^[0m
[0m[[0m[33mwarn[0m] [0m[0m/work/chipyard/generators/rocket-chip-blocks/src/main/scala/devices/gpio/GPIO.scala:336:22: type BundleBridgeSource in package diplomacy is deprecated (since rocketchip 2.0.0): Diplomacy has been split to a standalone library[0m
[0m[[0m[33mwarn[0m] [0m[0m  def makePort(node: BundleBridgeSource[GPIOPortIO], name: String)(implicit p: Parameters): ModuleValue[GPIOPortIO] = {[0m
[0m[[0m[33mwarn[0m] [0m[0m                     ^[0m
[0m[[0m[33mwarn[0m] [0m[0m/work/chipyard/generators/rocket-chip-blocks/src/main/scala/devices/gpio/GPIO.scala:336:93: type ModuleValue in package diplomacy is deprecated (since rocketchip 2.0.0): Diplomacy has been split to a standalone library[0m
[0m[[0m[33mwarn[0m] [0m[0m  def makePort(node: BundleBridgeSource[GPIOPortIO], name: String)(implicit p: Parameters): ModuleValue[GPIOPortIO] = {[0m
[0m[[0m[33mwarn[0m] [0m[0m                                                                                            ^[0m
[0m[[0m[33mwarn[0m] [0m[0m/work/chipyard/generators/rocket-chip-blocks/src/main/scala/devices/gpio/GPIO.scala:338:5: value InModuleBody in package diplomacy is deprecated (since rocketchip 2.0.0): Diplomacy has been split to a standalone library[0m
[0m[[0m[33mwarn[0m] [0m[0m    InModuleBody { gpioNode.makeIO()(ValName(name)) }[0m
[0m[[0m[33mwarn[0m] [0m[0m    ^[0m
[0m[[0m[33mwarn[0m] [0m[0m/work/chipyard/generators/rocket-chip-blocks/src/main/scala/devices/gpio/GPIO.scala:338:38: method ValName in package diplomacy is deprecated (since rocketchip 2.0.0): Diplomacy has been split to a standalone library[0m
[0m[[0m[33mwarn[0m] [0m[0m    InModuleBody { gpioNode.makeIO()(ValName(name)) }[0m
[0m[[0m[33mwarn[0m] [0m[0m                                     ^[0m
[0m[[0m[33mwarn[0m] [0m[0m/work/chipyard/generators/rocket-chip-blocks/src/main/scala/devices/gpio/GPIOPeriphery.scala:15:14: value InModuleBody in package diplomacy is deprecated (since rocketchip 2.0.0): Diplomacy has been split to a standalone library[0m
[0m[[0m[33mwarn[0m] [0m[0m  val gpio = InModuleBody { gpioNodes.zipWithIndex.map { case(n,i) => n.makeIO()(ValName(s"gpio_$i")) } }[0m
[0m[[0m[33mwarn[0m] [0m[0m             ^[0m
[0m[[0m[33mwarn[0m] [0m[0m/work/chipyard/generators/rocket-chip-blocks/src/main/scala/devices/gpio/GPIOPeriphery.scala:15:82: method ValName in package diplomacy is deprecated (since rocketchip 2.0.0): Diplomacy has been split to a standalone library[0m
[0m[[0m[33mwarn[0m] [0m[0m  val gpio = InModuleBody { gpioNodes.zipWithIndex.map { case(n,i) => n.makeIO()(ValName(s"gpio_$i")) } }[0m
[0m[[0m[33mwarn[0m] [0m[0m                                                                                 ^[0m
[0m[[0m[33mwarn[0m] [0m[0m/work/chipyard/generators/rocket-chip-blocks/src/main/scala/devices/gpio/GPIOPeriphery.scala:16:13: value InModuleBody in package diplomacy is deprecated (since rocketchip 2.0.0): Diplomacy has been split to a standalone library[0m
[0m[[0m[33mwarn[0m] [0m[0m  val iof = InModuleBody { iofNodes.zipWithIndex.map { case(o,i) => o.map { n => n.makeIO()(ValName(s"iof_$i")) } } }[0m
[0m[[0m[33mwarn[0m] [0m[0m            ^[0m
[0m[[0m[33mwarn[0m] [0m[0m/work/chipyard/generators/rocket-chip-blocks/src/main/scala/devices/gpio/GPIOPeriphery.scala:16:93: method ValName in package diplomacy is deprecated (since rocketchip 2.0.0): Diplomacy has been split to a standalone library[0m
[0m[[0m[33mwarn[0m] [0m[0m  val iof = InModuleBody { iofNodes.zipWithIndex.map { case(o,i) => o.map { n => n.makeIO()(ValName(s"iof_$i")) } } }[0m
[0m[[0m[33mwarn[0m] [0m[0m                                                                                            ^[0m
[0m[[0m[33mwarn[0m] [0m[0m/work/chipyard/generators/rocket-chip-blocks/src/main/scala/devices/i2c/I2C.scala:86:25: type LazyModuleImp in package diplomacy is deprecated (since rocketchip 2.0.0): Diplomacy has been split to a standalone library[0m
[0m[[0m[33mwarn[0m] [0m[0m  lazy val module = new LazyModuleImp(this) {[0m
[0m[[0m[33mwarn[0m] [0m[0m                        ^[0m
[0m[[0m[33mwarn[0m] [0m[0m/work/chipyard/generators/rocket-chip-blocks/src/main/scala/devices/i2c/I2C.scala:135:3: method moduleValue in package diplomacy is deprecated (since rocketchip 2.0.0): Diplomacy has been split to a standalone library[0m
[0m[[0m[33mwarn[0m] [0m[0m  port.scl.out := false.B                           // i2c clock line output[0m
[0m[[0m[33mwarn[0m] [0m[0m  ^[0m
[0m[[0m[33mwarn[0m] [0m[0m/work/chipyard/generators/rocket-chip-blocks/src/main/scala/devices/i2c/I2C.scala:136:3: method moduleValue in package diplomacy is deprecated (since rocketchip 2.0.0): Diplomacy has been split to a standalone library[0m
[0m[[0m[33mwarn[0m] [0m[0m  port.sda.out := false.B                           // i2c data line output[0m
[0m[[0m[33mwarn[0m] [0m[0m  ^[0m
[0m[[0m[33mwarn[0m] [0m[0m/work/chipyard/generators/rocket-chip-blocks/src/main/scala/devices/i2c/I2C.scala:151:23: method moduleValue in package diplomacy is deprecated (since rocketchip 2.0.0): Diplomacy has been split to a standalone library[0m
[0m[[0m[33mwarn[0m] [0m[0m    fSCL := Cat(fSCL, port.scl.in)[0m
[0m[[0m[33mwarn[0m] [0m[0m                      ^[0m
[0m[[0m[33mwarn[0m] [0m[0m/work/chipyard/generators/rocket-chip-blocks/src/main/scala/devices/i2c/I2C.scala:152:23: method moduleValue in package diplomacy is deprecated (since rocketchip 2.0.0): Diplomacy has been split to a standalone library[0m
[0m[[0m[33mwarn[0m] [0m[0m    fSDA := Cat(fSDA, port.sda.in)[0m
[0m[[0m[33mwarn[0m] [0m[0m                      ^[0m
[0m[[0m[33mwarn[0m] [0m[0m/work/chipyard/generators/rocket-chip-blocks/src/main/scala/devices/i2c/I2C.scala:161:27: method moduleValue in package diplomacy is deprecated (since rocketchip 2.0.0): Diplomacy has been split to a standalone library[0m
[0m[[0m[33mwarn[0m] [0m[0m  val dSCLOen   = RegNext(port.scl.oe) // delayed scl_oen[0m
[0m[[0m[33mwarn[0m] [0m[0m                          ^[0m
[0m[[0m[33mwarn[0m] [0m[0m/work/chipyard/generators/rocket-chip-blocks/src/main/scala/devices/i2c/I2C.scala:170:36: method moduleValue in package diplomacy is deprecated (since rocketchip 2.0.0): Diplomacy has been split to a standalone library[0m
[0m[[0m[33mwarn[0m] [0m[0m  val sclSync   = dSCL && !sSCL && port.scl.oe[0m
[0m[[0m[33mwarn[0m] [0m[0m                                   ^[0m
[0m[[0m[33mwarn[0m] [0m[0m/work/chipyard/generators/rocket-chip-blocks/src/main/scala/devices/i2c/I2C.scala:175:17: method moduleValue in package diplomacy is deprecated (since rocketchip 2.0.0): Diplomacy has been split to a standalone library[0m
[0m[[0m[33mwarn[0m] [0m[0m  slaveWait := (port.scl.oe && !dSCLOen && !sSCL) || (slaveWait && !sSCL)[0m
[0m[[0m[33mwarn[0m] [0m[0m                ^[0m
[0m[[0m[33mwarn[0m] [0m[0m/work/chipyard/generators/rocket-chip-blocks/src/main/scala/devices/i2c/I2C.scala:194:3: method moduleValue in package diplomacy is deprecated (since rocketchip 2.0.0): Diplomacy has been split to a standalone library[0m
[0m[[0m[33mwarn[0m] [0m[0m  port.scl.oe := !sclOen[0m
[0m[[0m[33mwarn[0m] [0m[0m  ^[0m
[0m[[0m[33mwarn[0m] [0m[0m/work/chipyard/generators/rocket-chip-blocks/src/main/scala/devices/i2c/I2C.scala:197:3: method moduleValue in package diplomacy is deprecated (since rocketchip 2.0.0): Diplomacy has been split to a standalone library[0m
[0m[[0m[33mwarn[0m] [0m[0m  port.sda.oe := !sdaOen[0m
[0m[[0m[33mwarn[0m] [0m[0m  ^[0m
[0m[[0m[33mwarn[0m] [0m[0m/work/chipyard/generators/rocket-chip-blocks/src/main/scala/devices/i2c/I2C.scala:578:3: method moduleValue in package diplomacy is deprecated (since rocketchip 2.0.0): Diplomacy has been split to a standalone library[0m
[0m[[0m[33mwarn[0m] [0m[0m  interrupts(0) := status.irqFlag & control.intEn[0m
[0m[[0m[33mwarn[0m] [0m[0m  ^[0m
[0m[[0m[33mwarn[0m] [0m[0m/work/chipyard/generators/rocket-chip-blocks/src/main/scala/devices/i2c/I2C.scala:596:33: value LazyModule in package diplomacy is deprecated (since rocketchip 2.0.0): Diplomacy has been split to a standalone library[0m
[0m[[0m[33mwarn[0m] [0m[0m    val i2cClockDomainWrapper = LazyModule(new ClockSinkDomain(take = None))[0m
[0m[[0m[33mwarn[0m] [0m[0m                                ^[0m
[0m[[0m[33mwarn[0m] [0m[0m/work/chipyard/generators/rocket-chip-blocks/src/main/scala/devices/i2c/I2C.scala:597:39: value LazyModule in package diplomacy is deprecated (since rocketchip 2.0.0): Diplomacy has been split to a standalone library[0m
[0m[[0m[33mwarn[0m] [0m[0m    val i2c = i2cClockDomainWrapper { LazyModule(new TLI2C(tlbus.beatBytes, device)) }[0m
[0m[[0m[33mwarn[0m] [0m[0m                                      ^[0m
[0m[[0m[33mwarn[0m] [0m[0m/work/chipyard/generators/rocket-chip-blocks/src/main/scala/devices/i2c/I2C.scala:603:23: value LazyModule in package diplomacy is deprecated (since rocketchip 2.0.0): Diplomacy has been split to a standalone library[0m
[0m[[0m[33mwarn[0m] [0m[0m        val blocker = LazyModule(new TLClockBlocker(BasicBusBlockerParams(a, tlbus.beatBytes, tlbus.beatBytes)))[0m
[0m[[0m[33mwarn[0m] [0m[0m                      ^[0m
[0m[[0m[33mwarn[0m] [0m[0m/work/chipyard/generators/rocket-chip-blocks/src/main/scala/devices/i2c/I2C.scala:638:22: type BundleBridgeSource in package diplomacy is deprecated (since rocketchip 2.0.0): Diplomacy has been split to a standalone library[0m
[0m[[0m[33mwarn[0m] [0m[0m  def makePort(node: BundleBridgeSource[I2CPort], name: String)(implicit p: Parameters): ModuleValue[I2CPort] = {[0m
[0m[[0m[33mwarn[0m] [0m[0m                     ^[0m
[0m[[0m[33mwarn[0m] [0m[0m/work/chipyard/generators/rocket-chip-blocks/src/main/scala/devices/i2c/I2C.scala:638:90: type ModuleValue in package diplomacy is deprecated (since rocketchip 2.0.0): Diplomacy has been split to a standalone library[0m
[0m[[0m[33mwarn[0m] [0m[0m  def makePort(node: BundleBridgeSource[I2CPort], name: String)(implicit p: Parameters): ModuleValue[I2CPort] = {[0m
[0m[[0m[33mwarn[0m] [0m[0m                                                                                         ^[0m
[0m[[0m[33mwarn[0m] [0m[0m/work/chipyard/generators/rocket-chip-blocks/src/main/scala/devices/i2c/I2C.scala:640:5: value InModuleBody in package diplomacy is deprecated (since rocketchip 2.0.0): Diplomacy has been split to a standalone library[0m
[0m[[0m[33mwarn[0m] [0m[0m    InModuleBody { i2cNode.makeIO()(ValName(name)) }[0m
[0m[[0m[33mwarn[0m] [0m[0m    ^[0m
[0m[[0m[33mwarn[0m] [0m[0m/work/chipyard/generators/rocket-chip-blocks/src/main/scala/devices/i2c/I2C.scala:640:37: method ValName in package diplomacy is deprecated (since rocketchip 2.0.0): Diplomacy has been split to a standalone library[0m
[0m[[0m[33mwarn[0m] [0m[0m    InModuleBody { i2cNode.makeIO()(ValName(name)) }[0m
[0m[[0m[33mwarn[0m] [0m[0m                                    ^[0m
[0m[[0m[33mwarn[0m] [0m[0m/work/chipyard/generators/rocket-chip-blocks/src/main/scala/devices/i2c/I2CPeriphery.scala:14:14: value InModuleBody in package diplomacy is deprecated (since rocketchip 2.0.0): Diplomacy has been split to a standalone library[0m
[0m[[0m[33mwarn[0m] [0m[0m  val i2c  = InModuleBody { i2cNodes.zipWithIndex.map  { case(n,i) => n.makeIO()(ValName(s"i2c_$i")) } }[0m
[0m[[0m[33mwarn[0m] [0m[0m             ^[0m
[0m[[0m[33mwarn[0m] [0m[0m/work/chipyard/generators/rocket-chip-blocks/src/main/scala/devices/i2c/I2CPeriphery.scala:14:82: method ValName in package diplomacy is deprecated (since rocketchip 2.0.0): Diplomacy has been split to a standalone library[0m
[0m[[0m[33mwarn[0m] [0m[0m  val i2c  = InModuleBody { i2cNodes.zipWithIndex.map  { case(n,i) => n.makeIO()(ValName(s"i2c_$i")) } }[0m
[0m[[0m[33mwarn[0m] [0m[0m                                                                                 ^[0m
[0m[[0m[33mwarn[0m] [0m[0m/work/chipyard/generators/rocket-chip-blocks/src/main/scala/devices/mockaon/MockAON.scala:59:22: type LazyModuleImp in package diplomacy is deprecated (since rocketchip 2.0.0): Diplomacy has been split to a standalone library[0m
[0m[[0m[33mwarn[0m] [0m[0m  class Impl extends LazyModuleImp(this) {[0m
[0m[[0m[33mwarn[0m] [0m[0m                     ^[0m
[0m[[0m[33mwarn[0m] [0m[0m/work/chipyard/generators/rocket-chip-blocks/src/main/scala/devices/mockaon/MockAON.scala:80:5: method moduleValue in package diplomacy is deprecated (since rocketchip 2.0.0): Diplomacy has been split to a standalone library[0m
[0m[[0m[33mwarn[0m] [0m[0m    interrupts(1) := rtc.io.ip(0)[0m
[0m[[0m[33mwarn[0m] [0m[0m    ^[0m
[0m[[0m[33mwarn[0m] [0m[0m/work/chipyard/generators/rocket-chip-blocks/src/main/scala/devices/mockaon/MockAON.scala:85:5: method moduleValue in package diplomacy is deprecated (since rocketchip 2.0.0): Diplomacy has been split to a standalone library[0m
[0m[[0m[33mwarn[0m] [0m[0m    interrupts(0) := wdog.io.ip(0)[0m
[0m[[0m[33mwarn[0m] [0m[0m    ^[0m
[0m[[0m[33mwarn[0m] [0m[0m/work/chipyard/generators/rocket-chip-blocks/src/main/scala/devices/mockaon/MockAONPeriphery.scala:20:13: value LazyModule in package diplomacy is deprecated (since rocketchip 2.0.0): Diplomacy has been split to a standalone library[0m
[0m[[0m[33mwarn[0m] [0m[0m  val aon = LazyModule(new MockAONWrapper(tlbus.beatBytes, mockAONParams))[0m
[0m[[0m[33mwarn[0m] [0m[0m            ^[0m
[0m[[0m[33mwarn[0m] [0m[0m/work/chipyard/generators/rocket-chip-blocks/src/main/scala/devices/mockaon/MockAONPeriphery.scala:32:44: type LazyModuleImp in package diplomacy is deprecated (since rocketchip 2.0.0): Diplomacy has been split to a standalone library[0m
[0m[[0m[33mwarn[0m] [0m[0mtrait HasPeripheryMockAONModuleImp extends LazyModuleImp with HasPeripheryMockAONBundle {[0m
[0m[[0m[33mwarn[0m] [0m[0m                                           ^[0m
[0m[[0m[33mwarn[0m] [0m[0m/work/chipyard/generators/rocket-chip-blocks/src/main/scala/devices/mockaon/MockAONWrapper.scala:31:80: type LazyModule in package diplomacy is deprecated (since rocketchip 2.0.0): Diplomacy has been split to a standalone library[0m
[0m[[0m[33mwarn[0m] [0m[0mclass MockAONWrapper(w: Int, c: MockAONParams)(implicit p: Parameters) extends LazyModule {[0m
[0m[[0m[33mwarn[0m] [0m[0m                                                                               ^[0m
[0m[[0m[33mwarn[0m] [0m[0m/work/chipyard/generators/rocket-chip-blocks/src/main/scala/devices/mockaon/MockAONWrapper.scala:33:13: value LazyModule in package diplomacy is deprecated (since rocketchip 2.0.0): Diplomacy has been split to a standalone library[0m
[0m[[0m[33mwarn[0m] [0m[0m  val aon = LazyModule(new TLMockAON(w, c))[0m
[0m[[0m[33mwarn[0m] [0m[0m            ^[0m
[0m[[0m[33mwarn[0m] [0m[0m/work/chipyard/generators/rocket-chip-blocks/src/main/scala/devices/mockaon/MockAONWrapper.scala:43:19: value LazyModule in package diplomacy is deprecated (since rocketchip 2.0.0): Diplomacy has been split to a standalone library[0m
[0m[[0m[33mwarn[0m] [0m[0m  val isolation = LazyModule(new TLIsolation(fOut = isoOut, fIn = isoIn))[0m
[0m[[0m[33mwarn[0m] [0m[0m                  ^[0m
[0m[[0m[33mwarn[0m] [0m[0m/work/chipyard/generators/constellation/src/main/scala/noc/Parameters.scala:249:42: Auto-application to `()` is deprecated. Supply the empty argument list `()` explicitly to invoke method subsets,[0m
[0m[[0m[33mwarn[0m] [0m[0mor remove the empty argument list from its definition (Java-defined methods are exempt).[0m
[0m[[0m[33mwarn[0m] [0m[0mIn Scala 3, an unapplied method like this will be eta-expanded into a function.[0m
[0m[[0m[33mwarn[0m] [0m[0m        val blockeeSets = blockees.toSet.subsets.filter(_.size > 0)[0m
[0m[[0m[33mwarn[0m] [0m[0m                                         ^[0m
[0m[[0m[33mwarn[0m] [0m[0m/work/chipyard/generators/gemmini/src/main/scala/gemmini/Arithmetic.scala:54:27: Implicit definition should have explicit type (inferred gemmini.ArithmeticOps[chisel3.UInt]) [quickfixable][0m
[0m[[0m[33mwarn[0m] [0m[0m    override implicit def cast(self: UInt) = new ArithmeticOps(self) {[0m
[0m[[0m[33mwarn[0m] [0m[0m                          ^[0m
[0m[[0m[33mwarn[0m] [0m[0m/work/chipyard/generators/gemmini/src/main/scala/gemmini/Arithmetic.scala:91:27: Implicit definition should have explicit type (inferred gemmini.ArithmeticOps[chisel3.SInt]) [quickfixable][0m
[0m[[0m[33mwarn[0m] [0m[0m    override implicit def cast(self: SInt) = new ArithmeticOps(self) {[0m
[0m[[0m[33mwarn[0m] [0m[0m                          ^[0m
[0m[[0m[33mwarn[0m] [0m[0m/work/chipyard/generators/gemmini/src/main/scala/gemmini/Arithmetic.scala:525:27: Implicit definition should have explicit type (inferred gemmini.ArithmeticOps[gemmini.DummySInt]) [quickfixable][0m
[0m[[0m[33mwarn[0m] [0m[0m    override implicit def cast(self: DummySInt) = new ArithmeticOps(self) {[0m
[0m[[0m[33mwarn[0m] [0m[0m                          ^[0m
[0m[[0m[33mwarn[0m] [0m[0m/work/chipyard/generators/gemmini/src/main/scala/gemmini/Controller.scala:68:16: Implicit definition should have explicit type (inferred freechips.rocketchip.tilelink.TLEdgeOut) [quickfixable][0m
[0m[[0m[33mwarn[0m] [0m[0m  implicit val edge = outer.spad.id_node.edges.out.head[0m
[0m[[0m[33mwarn[0m] [0m[0m               ^[0m
[0m[[0m[33mwarn[0m] [0m[0m61 feature warnings; re-run with -feature for details[0m
[0m[[0m[33mwarn[0m] [0m[0m15 warnings found[0m
[0m[[0m[0minfo[0m] [0m[0mdone compiling[0m
[0m[[0m[0minfo[0m] [0m[0mcompiling 21 Scala sources to /work/chipyard/generators/rocket-chip-inclusive-cache/target/scala-2.13/classes ...[0m
[0m[[0m[33mwarn[0m] [0m[0m/work/chipyard/generators/icenet/src/main/scala/NIC.scala:619:67: procedure syntax is deprecated: instead, add `: Unit =` to explicitly declare `connect`'s return type[0m
[0m[[0m[33mwarn[0m] [0m[0m  def connect(net: Option[NICIOvonly], clock: Clock, reset: Bool) {[0m
[0m[[0m[33mwarn[0m] [0m[0m                                                                  ^[0m
[0m[[0m[33mwarn[0m] [0m[0m/work/chipyard/generators/boom/src/main/scala/v3/ifu/frontend.scala:328:16: Implicit definition should have explicit type (inferred freechips.rocketchip.tilelink.TLEdgeOut) [quickfixable][0m
[0m[[0m[33mwarn[0m] [0m[0m  implicit val edge = outer.masterNode.edges.out(0)[0m
[0m[[0m[33mwarn[0m] [0m[0m               ^[0m
[0m[[0m[33mwarn[0m] [0m[0m100 warnings found[0m
[0m[[0m[0minfo[0m] [0m[0mdone compiling[0m
[0m[[0m[0minfo[0m] [0m[0mcompiling 26 Scala sources to /work/chipyard/generators/shuttle/target/scala-2.13/classes ...[0m
[0m[[0m[33mwarn[0m] [0m[0m/work/chipyard/generators/constellation/src/main/scala/protocol/AXI4.scala:390:27: procedure syntax is deprecated: instead, add `: Unit =` to explicitly declare `printNodeMappings`'s return type[0m
[0m[[0m[33mwarn[0m] [0m[0m  def printNodeMappings() {[0m
[0m[[0m[33mwarn[0m] [0m[0m                          ^[0m
[0m[[0m[33mwarn[0m] [0m[0m9 warnings found[0m
[0m[[0m[0minfo[0m] [0m[0mdone compiling[0m
[0m[[0m[33mwarn[0m] [0m[0m/work/chipyard/generators/boom/src/main/scala/v3/lsu/dcache.scala:442:62: Methods without a parameter list and by-name params can no longer be converted to functions as `m _`, write a function literal `() => m` instead [quickfixable][0m
[0m[[0m[33mwarn[0m] [0m[0m  val meta = Seq.fill(memWidth) { Module(new L1MetadataArray(onReset _)) }[0m
[0m[[0m[33mwarn[0m] [0m[0m                                                             ^[0m
[0m[[0m[33mwarn[0m] [0m[0m/work/chipyard/generators/boom/src/main/scala/v3/lsu/dcache.scala:519:32: Auto-application to `()` is deprecated. Supply the empty argument list `()` explicitly to invoke method NullMicroOp,[0m
[0m[[0m[33mwarn[0m] [0m[0mor remove the empty argument list from its definition (Java-defined methods are exempt).[0m
[0m[[0m[33mwarn[0m] [0m[0mIn Scala 3, an unapplied method like this will be eta-expanded into a function. [quickfixable][0m
[0m[[0m[33mwarn[0m] [0m[0m  mshr_read_req(0).uop      := NullMicroOp[0m
[0m[[0m[33mwarn[0m] [0m[0m                               ^[0m
[0m[[0m[33mwarn[0m] [0m[0m/work/chipyard/generators/boom/src/main/scala/v3/lsu/dcache.scala:534:25: Auto-application to `()` is deprecated. Supply the empty argument list `()` explicitly to invoke method NullMicroOp,[0m
[0m[[0m[33mwarn[0m] [0m[0mor remove the empty argument list from its definition (Java-defined methods are exempt).[0m
[0m[[0m[33mwarn[0m] [0m[0mIn Scala 3, an unapplied method like this will be eta-expanded into a function. [quickfixable][0m
[0m[[0m[33mwarn[0m] [0m[0m  wb_req(0).uop      := NullMicroOp[0m
[0m[[0m[33mwarn[0m] [0m[0m                        ^[0m
[0m[[0m[33mwarn[0m] [0m[0m/work/chipyard/generators/boom/src/main/scala/v3/lsu/dcache.scala:555:29: Auto-application to `()` is deprecated. Supply the empty argument list `()` explicitly to invoke method NullMicroOp,[0m
[0m[[0m[33mwarn[0m] [0m[0mor remove the empty argument list from its definition (Java-defined methods are exempt).[0m
[0m[[0m[33mwarn[0m] [0m[0mIn Scala 3, an unapplied method like this will be eta-expanded into a function. [quickfixable][0m
[0m[[0m[33mwarn[0m] [0m[0m  prober_req(0).uop      := NullMicroOp[0m
[0m[[0m[33mwarn[0m] [0m[0m                            ^[0m
[0m[[0m[33mwarn[0m] [0m[0m/work/chipyard/generators/boom/src/main/scala/v3/lsu/dcache.scala:417:16: Implicit definition should have explicit type (inferred freechips.rocketchip.tilelink.TLEdgeOut) [quickfixable][0m
[0m[[0m[33mwarn[0m] [0m[0m  implicit val edge = outer.node.edges.out(0)[0m
[0m[[0m[33mwarn[0m] [0m[0m               ^[0m
[0m[[0m[33mwarn[0m] [0m[0m/work/chipyard/generators/constellation/src/main/scala/protocol/Protocol.scala:59:44: procedure syntax is deprecated: instead, add `: Unit` to explicitly declare `interface`'s return type[0m
[0m[[0m[33mwarn[0m] [0m[0m    protocol: Data)(implicit p: Parameters)[0m
[0m[[0m[33mwarn[0m] [0m[0m                                           ^[0m
[0m[[0m[33mwarn[0m] [0m[0m/work/chipyard/generators/rocket-chip-inclusive-cache/design/craft/inclusivecache/src/MSHR.scala:342:83: procedure syntax is deprecated: instead, add `: Unit =` to explicitly declare `eviction`'s return type [quickfixable][0m
[0m[[0m[33mwarn[0m] [0m[0m  def eviction(from: CacheState, cover: Boolean)(implicit sourceInfo: SourceInfo) {[0m
[0m[[0m[33mwarn[0m] [0m[0m                                                                                  ^[0m
[0m[[0m[33mwarn[0m] [0m[0m/work/chipyard/generators/rocket-chip-inclusive-cache/design/craft/inclusivecache/src/MSHR.scala:355:101: procedure syntax is deprecated: instead, add `: Unit =` to explicitly declare `transition`'s return type [quickfixable][0m
[0m[[0m[33mwarn[0m] [0m[0m  def transition(from: CacheState, to: CacheState, cover: Boolean)(implicit sourceInfo: SourceInfo) {[0m
[0m[[0m[33mwarn[0m] [0m[0m                                                                                                    ^[0m
[0m[[0m[33mwarn[0m] [0m[0m/work/chipyard/generators/rocket-chip-inclusive-cache/design/craft/inclusivecache/src/MSHR.scala:512:81: procedure syntax is deprecated: instead, add `: Unit =` to explicitly declare `bypass`'s return type [quickfixable][0m
[0m[[0m[33mwarn[0m] [0m[0m  def bypass(from: CacheState, cover: Boolean)(implicit sourceInfo: SourceInfo) {[0m
[0m[[0m[33mwarn[0m] [0m[0m                                                                                ^[0m
[0m[[0m[33mwarn[0m] [0m[0m/work/chipyard/generators/boom/src/main/scala/v3/lsu/lsu.scala:602:56: Auto-application to `()` is deprecated. Supply the empty argument list `()` explicitly to invoke method NullMicroOp,[0m
[0m[[0m[33mwarn[0m] [0m[0mor remove the empty argument list from its definition (Java-defined methods are exempt).[0m
[0m[[0m[33mwarn[0m] [0m[0mIn Scala 3, an unapplied method like this will be eta-expanded into a function. [quickfixable][0m
[0m[[0m[33mwarn[0m] [0m[0m                    Mux(will_fire_hella_incoming(w)  , NullMicroOp,[0m
[0m[[0m[33mwarn[0m] [0m[0m                                                       ^[0m
[0m[[0m[33mwarn[0m] [0m[0m/work/chipyard/generators/boom/src/main/scala/v3/lsu/lsu.scala:603:56: Auto-application to `()` is deprecated. Supply the empty argument list `()` explicitly to invoke method NullMicroOp,[0m
[0m[[0m[33mwarn[0m] [0m[0mor remove the empty argument list from its definition (Java-defined methods are exempt).[0m
[0m[[0m[33mwarn[0m] [0m[0mIn Scala 3, an unapplied method like this will be eta-expanded into a function. [quickfixable][0m
[0m[[0m[33mwarn[0m] [0m[0m                                                       NullMicroOp)))))[0m
[0m[[0m[33mwarn[0m] [0m[0m                                                       ^[0m
[0m[[0m[33mwarn[0m] [0m[0m/work/chipyard/generators/boom/src/main/scala/v3/lsu/lsu.scala:760:31: Auto-application to `()` is deprecated. Supply the empty argument list `()` explicitly to invoke method NullMicroOp,[0m
[0m[[0m[33mwarn[0m] [0m[0mor remove the empty argument list from its definition (Java-defined methods are exempt).[0m
[0m[[0m[33mwarn[0m] [0m[0mIn Scala 3, an unapplied method like this will be eta-expanded into a function. [quickfixable][0m
[0m[[0m[33mwarn[0m] [0m[0m    dmem_req(w).bits.uop   := NullMicroOp[0m
[0m[[0m[33mwarn[0m] [0m[0m                              ^[0m
[0m[[0m[33mwarn[0m] [0m[0m/work/chipyard/generators/boom/src/main/scala/v3/lsu/lsu.scala:1031:78: Auto-application to `()` is deprecated. Supply the empty argument list `()` explicitly to invoke method NullMicroOp,[0m
[0m[[0m[33mwarn[0m] [0m[0mor remove the empty argument list from its definition (Java-defined methods are exempt).[0m
[0m[[0m[33mwarn[0m] [0m[0mIn Scala 3, an unapplied method like this will be eta-expanded into a function. [quickfixable][0m
[0m[[0m[33mwarn[0m] [0m[0m                                 Mux(do_ld_search(w), mem_ldq_e(w).bits.uop, NullMicroOp)))[0m
[0m[[0m[33mwarn[0m] [0m[0m                                                                             ^[0m
[0m[[0m[33mwarn[0m] [0m[0m/work/chipyard/generators/boom/src/main/scala/v3/lsu/lsu.scala:1617:35: Auto-application to `()` is deprecated. Supply the empty argument list `()` explicitly to invoke method NullMicroOp,[0m
[0m[[0m[33mwarn[0m] [0m[0mor remove the empty argument list from its definition (Java-defined methods are exempt).[0m
[0m[[0m[33mwarn[0m] [0m[0mIn Scala 3, an unapplied method like this will be eta-expanded into a function. [quickfixable][0m
[0m[[0m[33mwarn[0m] [0m[0m        stq(i).bits.uop        := NullMicroOp[0m
[0m[[0m[33mwarn[0m] [0m[0m                                  ^[0m
[0m[[0m[33mwarn[0m] [0m[0m100 warnings found[0m
[0m[[0m[0minfo[0m] [0m[0mdone compiling[0m
[0m[[0m[33mwarn[0m] [0m[0m/work/chipyard/generators/boom/src/main/scala/v3/lsu/prefetcher.scala:67:35: Auto-application to `()` is deprecated. Supply the empty argument list `()` explicitly to invoke method NullMicroOp,[0m
[0m[[0m[33mwarn[0m] [0m[0mor remove the empty argument list from its definition (Java-defined methods are exempt).[0m
[0m[[0m[33mwarn[0m] [0m[0mIn Scala 3, an unapplied method like this will be eta-expanded into a function. [quickfixable][0m
[0m[[0m[33mwarn[0m] [0m[0m  io.prefetch.bits.uop         := NullMicroOp[0m
[0m[[0m[33mwarn[0m] [0m[0m                                  ^[0m
[0m[[0m[33mwarn[0m] [0m[0m/work/chipyard/generators/boom/src/main/scala/v3/lsu/tlb.scala:91:58: procedure syntax is deprecated: instead, add `: Unit =` to explicitly declare `insert`'s return type [quickfixable][0m
[0m[[0m[33mwarn[0m] [0m[0m    def insert(tag: UInt, level: UInt, entry: EntryData) {[0m
[0m[[0m[33mwarn[0m] [0m[0m                                                         ^[0m
[0m[[0m[33mwarn[0m] [0m[0m/work/chipyard/generators/boom/src/main/scala/v3/lsu/tlb.scala:100:22: procedure syntax is deprecated: instead, add `: Unit =` to explicitly declare `invalidate`'s return type [quickfixable][0m
[0m[[0m[33mwarn[0m] [0m[0m    def invalidate() { valid.foreach(_ := false.B) }[0m
[0m[[0m[33mwarn[0m] [0m[0m                     ^[0m
[0m[[0m[33mwarn[0m] [0m[0m/work/chipyard/generators/boom/src/main/scala/v3/lsu/tlb.scala:101:34: procedure syntax is deprecated: instead, add `: Unit =` to explicitly declare `invalidateVPN`'s return type [quickfixable][0m
[0m[[0m[33mwarn[0m] [0m[0m    def invalidateVPN(vpn: UInt) {[0m
[0m[[0m[33mwarn[0m] [0m[0m                                 ^[0m
[0m[[0m[33mwarn[0m] [0m[0m/work/chipyard/generators/boom/src/main/scala/v3/lsu/tlb.scala:115:31: procedure syntax is deprecated: instead, add `: Unit =` to explicitly declare `invalidateNonGlobal`'s return type [quickfixable][0m
[0m[[0m[33mwarn[0m] [0m[0m    def invalidateNonGlobal() {[0m
[0m[[0m[33mwarn[0m] [0m[0m                              ^[0m
[0m[[0m[33mwarn[0m] [0m[0m/work/chipyard/generators/shuttle/src/main/scala/dmem/DCache.scala:194:47: Methods without a parameter list and by-name params can no longer be converted to functions as `m _`, write a function literal `() => m` instead [quickfixable][0m
[0m[[0m[33mwarn[0m] [0m[0m  val meta = Module(new L1MetadataArrayBanked(onReset _, nTagBanks, 2, 2))[0m
[0m[[0m[33mwarn[0m] [0m[0m                                              ^[0m
[0m[[0m[33mwarn[0m] [0m[0m/work/chipyard/generators/shuttle/src/main/scala/dmem/DCache.scala:99:16: Implicit definition should have explicit type (inferred freechips.rocketchip.tilelink.TLEdgeOut) [quickfixable][0m
[0m[[0m[33mwarn[0m] [0m[0m  implicit val edge = outer.node.edges.out(0)[0m
[0m[[0m[33mwarn[0m] [0m[0m               ^[0m
[0m[[0m[33mwarn[0m] [0m[0m/work/chipyard/generators/constellation/src/main/scala/protocol/Tilelink.scala:519:27: procedure syntax is deprecated: instead, add `: Unit =` to explicitly declare `printNodeMappings`'s return type[0m
[0m[[0m[33mwarn[0m] [0m[0m  def printNodeMappings() {[0m
[0m[[0m[33mwarn[0m] [0m[0m                          ^[0m
[0m[[0m[33mwarn[0m] [0m[0m/work/chipyard/generators/icenet/src/main/scala/Stream.scala:18:36: procedure syntax is deprecated: instead, add `: Unit =` to explicitly declare `flipConnect`'s return type[0m
[0m[[0m[33mwarn[0m] [0m[0m  def flipConnect(other: StreamIO) {[0m
[0m[[0m[33mwarn[0m] [0m[0m                                   ^[0m
[0m[[0m[33mwarn[0m] [0m[0m/work/chipyard/generators/constellation/src/main/scala/router/ControlUnit.scala:33:28: procedure syntax is deprecated: instead, add `: Unit =` to explicitly declare `r`'s return type[0m
[0m[[0m[33mwarn[0m] [0m[0m  def r(t: Int, reg: UInt) {[0m
[0m[[0m[33mwarn[0m] [0m[0m                           ^[0m
[0m[[0m[33mwarn[0m] [0m[0m/work/chipyard/generators/constellation/src/main/scala/router/ControlUnit.scala:37:29: procedure syntax is deprecated: instead, add `: Unit =` to explicitly declare `rw`'s return type[0m
[0m[[0m[33mwarn[0m] [0m[0m  def rw(t: Int, reg: UInt) {[0m
[0m[[0m[33mwarn[0m] [0m[0m                            ^[0m
[0m[[0m[0minfo[0m] [0m[0mcompiling 7 Scala sources to /work/chipyard/generators/fft-generator/target/scala-2.13/classes ...[0m
[0m[[0m[33mwarn[0m] [0m[0m/work/chipyard/generators/shuttle/src/main/scala/ifu/Frontend.scala:100:16: Implicit definition should have explicit type (inferred freechips.rocketchip.tilelink.TLEdgeOut) [quickfixable][0m
[0m[[0m[33mwarn[0m] [0m[0m  implicit val edge = outer.masterNode.edges.out(0)[0m
[0m[[0m[33mwarn[0m] [0m[0m               ^[0m
[0m[[0m[33mwarn[0m] [0m[0m/work/chipyard/generators/rocket-chip-inclusive-cache/design/craft/inclusivecache/src/Configs.scala:60:67: method apply in class View is deprecated (since CDE 0.1): up(XYZ, site) is no longer necessary; remove the superfluous site argument[0m
[0m[[0m[33mwarn[0m] [0m[0m      sets = (capacityKB * 1024)/(site(CacheBlockBytes) * nWays * up(SubsystemBankedCoherenceKey, site).nBanks),[0m
[0m[[0m[33mwarn[0m] [0m[0m                                                                  ^[0m
[0m[[0m[33mwarn[0m] [0m[0m/work/chipyard/generators/rocket-chip-inclusive-cache/design/craft/inclusivecache/src/Configs.scala:68:39: method apply in class View is deprecated (since CDE 0.1): up(XYZ, site) is no longer necessary; remove the superfluous site argument[0m
[0m[[0m[33mwarn[0m] [0m[0m  case SubsystemBankedCoherenceKey => up(SubsystemBankedCoherenceKey, site).copy(coherenceManager = { context =>[0m
[0m[[0m[33mwarn[0m] [0m[0m                                      ^[0m
[0m[[0m[33mwarn[0m] [0m[0m/work/chipyard/generators/rocket-chip-inclusive-cache/design/craft/inclusivecache/src/Configs.scala:93:14: value LazyModule in package diplomacy is deprecated (since rocketchip 2.0.0): Diplomacy has been split to a standalone library[0m
[0m[[0m[33mwarn[0m] [0m[0m    val l2 = LazyModule(new InclusiveCache([0m
[0m[[0m[33mwarn[0m] [0m[0m             ^[0m
[0m[[0m[33mwarn[0m] [0m[0m/work/chipyard/generators/rocket-chip-inclusive-cache/design/craft/inclusivecache/src/Configs.scala:117:18: value LazyModule in package diplomacy is deprecated (since rocketchip 2.0.0): Diplomacy has been split to a standalone library[0m
[0m[[0m[33mwarn[0m] [0m[0m    val filter = LazyModule(new TLFilter(cfilter = skipMMIO))[0m
[0m[[0m[33mwarn[0m] [0m[0m                 ^[0m
[0m[[0m[33mwarn[0m] [0m[0m/work/chipyard/generators/rocket-chip-inclusive-cache/design/craft/inclusivecache/src/Configs.scala:120:16: value LazyModule in package diplomacy is deprecated (since rocketchip 2.0.0): Diplomacy has been split to a standalone library[0m
[0m[[0m[33mwarn[0m] [0m[0m    val cork = LazyModule(new TLCacheCork)[0m
[0m[[0m[33mwarn[0m] [0m[0m               ^[0m
[0m[[0m[33mwarn[0m] [0m[0m/work/chipyard/generators/rocket-chip-inclusive-cache/design/craft/inclusivecache/src/Configs.scala:134:30: value LazyModule in package diplomacy is deprecated (since rocketchip 2.0.0): Diplomacy has been split to a standalone library[0m
[0m[[0m[33mwarn[0m] [0m[0m        val physicalFilter = LazyModule(new PhysicalFilter(fp.copy(controlBeatBytes = cbus.beatBytes)))[0m
[0m[[0m[33mwarn[0m] [0m[0m                             ^[0m
[0m[[0m[33mwarn[0m] [0m[0m/work/chipyard/generators/rocket-chip-inclusive-cache/design/craft/inclusivecache/src/Control.scala:30:126: type LazyModule in package diplomacy is deprecated (since rocketchip 2.0.0): Diplomacy has been split to a standalone library[0m
[0m[[0m[33mwarn[0m] [0m[0mclass InclusiveCacheControl(outer: InclusiveCache, control: InclusiveCacheControlParameters)(implicit p: Parameters) extends LazyModule()(p) {[0m
[0m[[0m[33mwarn[0m] [0m[0m                                                                                                                             ^[0m
[0m[[0m[33mwarn[0m] [0m[0m/work/chipyard/generators/rocket-chip-inclusive-cache/design/craft/inclusivecache/src/Control.scala:38:22: type LazyModuleImp in package diplomacy is deprecated (since rocketchip 2.0.0): Diplomacy has been split to a standalone library[0m
[0m[[0m[33mwarn[0m] [0m[0m  class Impl extends LazyModuleImp(this) {[0m
[0m[[0m[33mwarn[0m] [0m[0m                     ^[0m
[0m[[0m[33mwarn[0m] [0m[0m/work/chipyard/generators/rocket-chip-inclusive-cache/design/craft/inclusivecache/src/InclusiveCache.scala:35:13: type LazyModule in package diplomacy is deprecated (since rocketchip 2.0.0): Diplomacy has been split to a standalone library[0m
[0m[[0m[33mwarn[0m] [0m[0m    extends LazyModule[0m
[0m[[0m[33mwarn[0m] [0m[0m            ^[0m
[0m[[0m[33mwarn[0m] [0m[0m/work/chipyard/generators/rocket-chip-inclusive-cache/design/craft/inclusivecache/src/InclusiveCache.scala:41:21: type ResourceBindings in package diplomacy is deprecated (since rocketchip 2.0.0): Use freechips.rocketchip.resources.ResourceBindings[0m
[0m[[0m[33mwarn[0m] [0m[0m  var resourcesOpt: Option[ResourceBindings] = None[0m
[0m[[0m[33mwarn[0m] [0m[0m                    ^[0m
[0m[[0m[33mwarn[0m] [0m[0m/work/chipyard/generators/rocket-chip-inclusive-cache/design/craft/inclusivecache/src/InclusiveCache.scala:43:15: type SimpleDevice in package diplomacy is deprecated (since rocketchip 2.0.0): Use freechips.rocketchip.resources.SimpleDevice[0m
[0m[[0m[33mwarn[0m] [0m[0m  val device: SimpleDevice = new SimpleDevice("cache-controller", Seq("sifive,inclusivecache0", "cache")) {[0m
[0m[[0m[33mwarn[0m] [0m[0m              ^[0m
[0m[[0m[33mwarn[0m] [0m[0m/work/chipyard/generators/rocket-chip-inclusive-cache/design/craft/inclusivecache/src/InclusiveCache.scala:43:34: type SimpleDevice in package diplomacy is deprecated (since rocketchip 2.0.0): Use freechips.rocketchip.resources.SimpleDevice[0m
[0m[[0m[33mwarn[0m] [0m[0m  val device: SimpleDevice = new SimpleDevice("cache-controller", Seq("sifive,inclusivecache0", "cache")) {[0m
[0m[[0m[33mwarn[0m] [0m[0m                                 ^[0m
[0m[[0m[33mwarn[0m] [0m[0m/work/chipyard/generators/rocket-chip-inclusive-cache/design/craft/inclusivecache/src/InclusiveCache.scala:44:29: value ResourceInt in package diplomacy is deprecated (since rocketchip 2.0.0): Use freechips.rocketchip.resources.ResourceInt[0m
[0m[[0m[33mwarn[0m] [0m[0m    def ofInt(x: Int) = Seq(ResourceInt(BigInt(x)))[0m
[0m[[0m[33mwarn[0m] [0m[0m                            ^[0m
[0m[[0m[33mwarn[0m] [0m[0m/work/chipyard/generators/rocket-chip-inclusive-cache/design/craft/inclusivecache/src/InclusiveCache.scala:46:38: type ResourceBindings in package diplomacy is deprecated (since rocketchip 2.0.0): Use freechips.rocketchip.resources.ResourceBindings[0m
[0m[[0m[33mwarn[0m] [0m[0m    override def describe(resources: ResourceBindings): Description = {[0m
[0m[[0m[33mwarn[0m] [0m[0m                                     ^[0m
[0m[[0m[33mwarn[0m] [0m[0m/work/chipyard/generators/rocket-chip-inclusive-cache/design/craft/inclusivecache/src/InclusiveCache.scala:46:57: type Description in package diplomacy is deprecated (since rocketchip 2.0.0): Use freechips.rocketchip.resources.Description[0m
[0m[[0m[33mwarn[0m] [0m[0m    override def describe(resources: ResourceBindings): Description = {[0m
[0m[[0m[33mwarn[0m] [0m[0m                                                        ^[0m
[0m[[0m[33mwarn[0m] [0m[0m/work/chipyard/generators/rocket-chip-inclusive-cache/design/craft/inclusivecache/src/InclusiveCache.scala:57:22: type ResourceValue in package diplomacy is deprecated (since rocketchip 2.0.0): Use freechips.rocketchip.resources.ResourceValue[0m
[0m[[0m[33mwarn[0m] [0m[0m      val nextlevel: Option[(String, Seq[ResourceValue])] =[0m
[0m[[0m[33mwarn[0m] [0m[0m                     ^[0m
[0m[[0m[33mwarn[0m] [0m[0m/work/chipyard/generators/rocket-chip-inclusive-cache/design/craft/inclusivecache/src/InclusiveCache.scala:61:53: value ResourceReference in package diplomacy is deprecated (since rocketchip 2.0.0): Use freechips.rocketchip.resources.ResourceReference[0m
[0m[[0m[33mwarn[0m] [0m[0m          Some("next-level-cache" -> outer.map(l => ResourceReference(l)).toList)[0m
[0m[[0m[33mwarn[0m] [0m[0m                                                    ^[0m
[0m[[0m[33mwarn[0m] [0m[0m/work/chipyard/generators/rocket-chip-inclusive-cache/design/craft/inclusivecache/src/InclusiveCache.scala:71:7: value Description in package diplomacy is deprecated (since rocketchip 2.0.0): Use freechips.rocketchip.resources.Description[0m
[0m[[0m[33mwarn[0m] [0m[0m      Description(name, mapping ++ extra ++ nextlevel)[0m
[0m[[0m[33mwarn[0m] [0m[0m      ^[0m
[0m[[0m[33mwarn[0m] [0m[0m/work/chipyard/generators/rocket-chip-inclusive-cache/design/craft/inclusivecache/src/InclusiveCache.scala:76:24: method apply in object TLClientPortParameters is deprecated: Use TLMasterPortParameters.v1 instead of TLClientPortParameters[0m
[0m[[0m[33mwarn[0m] [0m[0m    clientFn  = { _ => TLClientPortParameters(Seq(TLClientParameters([0m
[0m[[0m[33mwarn[0m] [0m[0m                       ^[0m
[0m[[0m[33mwarn[0m] [0m[0m/work/chipyard/generators/rocket-chip-inclusive-cache/design/craft/inclusivecache/src/InclusiveCache.scala:76:51: method apply in object TLClientParameters is deprecated: Use TLMasterParameters.v1 instead of TLClientParameters[0m
[0m[[0m[33mwarn[0m] [0m[0m    clientFn  = { _ => TLClientPortParameters(Seq(TLClientParameters([0m
[0m[[0m[33mwarn[0m] [0m[0m                                                  ^[0m
[0m[[0m[33mwarn[0m] [0m[0m/work/chipyard/generators/rocket-chip-inclusive-cache/design/craft/inclusivecache/src/InclusiveCache.scala:81:24: method apply in object TLManagerPortParameters is deprecated: Use TLSlavePortParameters.v1 instead of TLManagerPortParameters[0m
[0m[[0m[33mwarn[0m] [0m[0m    managerFn = { m => TLManagerPortParameters([0m
[0m[[0m[33mwarn[0m] [0m[0m                       ^[0m
[0m[[0m[33mwarn[0m] [0m[0m/work/chipyard/generators/rocket-chip-inclusive-cache/design/craft/inclusivecache/src/InclusiveCache.scala:84:30: value Resource in package diplomacy is deprecated (since rocketchip 2.0.0): Use freechips.rocketchip.resources.Resource[0m
[0m[[0m[33mwarn[0m] [0m[0m        resources          = Resource(device, "caches") +: m.resources,[0m
[0m[[0m[33mwarn[0m] [0m[0m                             ^[0m
[0m[[0m[33mwarn[0m] [0m[0m/work/chipyard/generators/rocket-chip-inclusive-cache/design/craft/inclusivecache/src/InclusiveCache.scala:82:42: method copy in class TLSlaveParameters is deprecated: Use v1copy instead of copy[0m
[0m[[0m[33mwarn[0m] [0m[0m      managers = m.managers.map { m => m.copy([0m
[0m[[0m[33mwarn[0m] [0m[0m                                         ^[0m
[0m[[0m[33mwarn[0m] [0m[0m/work/chipyard/generators/rocket-chip-inclusive-cache/design/craft/inclusivecache/src/InclusiveCache.scala:103:33: value LazyModule in package diplomacy is deprecated (since rocketchip 2.0.0): Diplomacy has been split to a standalone library[0m
[0m[[0m[33mwarn[0m] [0m[0m    Seq.tabulate(nCtrls) { i => LazyModule(new InclusiveCacheControl(this,[0m
[0m[[0m[33mwarn[0m] [0m[0m                                ^[0m
[0m[[0m[33mwarn[0m] [0m[0m/work/chipyard/generators/rocket-chip-inclusive-cache/design/craft/inclusivecache/src/InclusiveCache.scala:108:22: type LazyModuleImp in package diplomacy is deprecated (since rocketchip 2.0.0): Diplomacy has been split to a standalone library[0m
[0m[[0m[33mwarn[0m] [0m[0m  class Impl extends LazyModuleImp(this) {[0m
[0m[[0m[33mwarn[0m] [0m[0m                     ^[0m
[0m[[0m[33mwarn[0m] [0m[0m/work/chipyard/generators/rocket-chip-inclusive-cache/design/craft/inclusivecache/src/Parameters.scala:56:48: type ValName in package diplomacy is deprecated (since rocketchip 2.0.0): Diplomacy has been split to a standalone library[0m
[0m[[0m[33mwarn[0m] [0m[0m  def apply()(implicit p: Parameters, valName: ValName) = LazyModule(new TLBuffer(a, b, c, d, e))[0m
[0m[[0m[33mwarn[0m] [0m[0m                                               ^[0m
[0m[[0m[33mwarn[0m] [0m[0m/work/chipyard/generators/rocket-chip-inclusive-cache/design/craft/inclusivecache/src/Parameters.scala:56:59: value LazyModule in package diplomacy is deprecated (since rocketchip 2.0.0): Diplomacy has been split to a standalone library[0m
[0m[[0m[33mwarn[0m] [0m[0m  def apply()(implicit p: Parameters, valName: ValName) = LazyModule(new TLBuffer(a, b, c, d, e))[0m
[0m[[0m[33mwarn[0m] [0m[0m                                                          ^[0m
[0m[[0m[33mwarn[0m] [0m[0m/work/chipyard/generators/rocket-chip-inclusive-cache/design/craft/inclusivecache/src/Parameters.scala:230:14: method copyArrayToImmutableIndexedSeq in class LowPriorityImplicits2 is deprecated (since 2.13.0): implicit conversions from Array to immutable.IndexedSeq are implemented by copying; use `toIndexedSeq` explicitly if you want to copy, or use the more efficient non-copying ArraySeq.unsafeWrapArray[0m
[0m[[0m[33mwarn[0m] [0m[0m    Cat(bits.reverse)[0m
[0m[[0m[33mwarn[0m] [0m[0m             ^[0m
[0m[[0m[33mwarn[0m] [0m[0m/work/chipyard/generators/boom/src/main/scala/v4/exu/execution-units/execution-unit.scala:690:24: Auto-application to `()` is deprecated. Supply the empty argument list `()` explicitly to invoke method get_ready_fu_types,[0m
[0m[[0m[33mwarn[0m] [0m[0mor remove the empty argument list from its definition (Java-defined methods are exempt).[0m
[0m[[0m[33mwarn[0m] [0m[0mIn Scala 3, an unapplied method like this will be eta-expanded into a function. [quickfixable][0m
[0m[[0m[33mwarn[0m] [0m[0m  io_ready_fu_types := get_ready_fu_types[0m
[0m[[0m[33mwarn[0m] [0m[0m                       ^[0m
[0m[[0m[33mwarn[0m] [0m[0m683 feature warnings; re-run with -feature for details[0m
[0m[[0m[33mwarn[0m] [0m[0m32 warnings found[0m
[0m[[0m[0minfo[0m] [0m[0mdone compiling[0m
[0m[[0m[33mwarn[0m] [0m[0m/work/chipyard/generators/fft-generator/src/main/scala/FFT.scala:159:48: method copyArrayToImmutableIndexedSeq in class LowPriorityImplicits2 is deprecated (since 2.13.0): implicit conversions from Array to immutable.IndexedSeq are implemented by copying; use `toIndexedSeq` explicitly if you want to copy, or use the more efficient non-copying ArraySeq.unsafeWrapArray[0m
[0m[[0m[33mwarn[0m] [0m[0m  val indices_rom = VecInit(params.bindices.map(x => x.U))[0m
[0m[[0m[33mwarn[0m] [0m[0m                                               ^[0m
[0m[[0m[33mwarn[0m] [0m[0m/work/chipyard/generators/fft-generator/src/main/scala/Tail.scala:110:77: type LazyModule in package diplomacy is deprecated (since rocketchip 2.0.0): Diplomacy has been split to a standalone library[0m
[0m[[0m[33mwarn[0m] [0m[0mclass LazyTail(val config: FixedTailParams)(implicit p: Parameters) extends LazyModule {[0m
[0m[[0m[33mwarn[0m] [0m[0m                                                                            ^[0m
[0m[[0m[33mwarn[0m] [0m[0m/work/chipyard/generators/fft-generator/src/main/scala/Tail.scala:111:20: type SimpleDevice in package diplomacy is deprecated (since rocketchip 2.0.0): Use freechips.rocketchip.resources.SimpleDevice[0m
[0m[[0m[33mwarn[0m] [0m[0m  val device = new SimpleDevice("fft-generator", Seq("cpu")) // add an entry to the DeviceTree in the BootROM so that it can be read by a Linux driver (9.2 chipyard docs)[0m
[0m[[0m[33mwarn[0m] [0m[0m                   ^[0m
[0m[[0m[33mwarn[0m] [0m[0m/work/chipyard/generators/fft-generator/src/main/scala/Tail.scala:119:25: type LazyModuleImp in package diplomacy is deprecated (since rocketchip 2.0.0): Diplomacy has been split to a standalone library[0m
[0m[[0m[33mwarn[0m] [0m[0m  lazy val module = new LazyModuleImp(this) {[0m
[0m[[0m[33mwarn[0m] [0m[0m                        ^[0m
[0m[[0m[33mwarn[0m] [0m[0m/work/chipyard/generators/fft-generator/src/main/scala/Tail.scala:148:30: value LazyModule in package diplomacy is deprecated (since rocketchip 2.0.0): Diplomacy has been split to a standalone library[0m
[0m[[0m[33mwarn[0m] [0m[0m    val tailChain = domain { LazyModule(new LazyTail(p(FFTEnableKey).get)) }[0m
[0m[[0m[33mwarn[0m] [0m[0m                             ^[0m
[0m[[0m[0minfo[0m] [0m[0mcompiling 52 Scala sources to /work/chipyard/generators/testchipip/target/scala-2.13/classes ...[0m
[0m[[0m[33mwarn[0m] [0m[0m/work/chipyard/generators/shuttle/src/main/scala/common/AddressOffsetter.scala:9:86: type LazyModule in package diplomacy is deprecated (since rocketchip 2.0.0): Diplomacy has been split to a standalone library[0m
[0m[[0m[33mwarn[0m] [0m[0mclass AddressOffsetter(mask: BigInt, offset: BigInt)(implicit p: Parameters) extends LazyModule {[0m
[0m[[0m[33mwarn[0m] [0m[0m                                                                                     ^[0m
[0m[[0m[33mwarn[0m] [0m[0m/work/chipyard/generators/shuttle/src/main/scala/common/AddressOffsetter.scala:12:22: type LazyModuleImp in package diplomacy is deprecated (since rocketchip 2.0.0): Diplomacy has been split to a standalone library[0m
[0m[[0m[33mwarn[0m] [0m[0m  class Impl extends LazyModuleImp(this) {[0m
[0m[[0m[33mwarn[0m] [0m[0m                     ^[0m
[0m[[0m[33mwarn[0m] [0m[0m/work/chipyard/generators/shuttle/src/main/scala/common/Configs.scala:21:16: method apply in class View is deprecated (since CDE 0.1): up(XYZ, site) is no longer necessary; remove the superfluous site argument[0m
[0m[[0m[33mwarn[0m] [0m[0m    val prev = up(TilesLocated(location), site)[0m
[0m[[0m[33mwarn[0m] [0m[0m               ^[0m
[0m[[0m[33mwarn[0m] [0m[0m/work/chipyard/generators/shuttle/src/main/scala/common/Configs.scala:53:36: method apply in class View is deprecated (since CDE 0.1): up(XYZ, site) is no longer necessary; remove the superfluous site argument[0m
[0m[[0m[33mwarn[0m] [0m[0m  case TilesLocated(`location`) => up(TilesLocated(location), site) map {[0m
[0m[[0m[33mwarn[0m] [0m[0m                                   ^[0m
[0m[[0m[33mwarn[0m] [0m[0m/work/chipyard/generators/shuttle/src/main/scala/common/Configs.scala:63:36: method apply in class View is deprecated (since CDE 0.1): up(XYZ, site) is no longer necessary; remove the superfluous site argument[0m
[0m[[0m[33mwarn[0m] [0m[0m  case TilesLocated(`location`) => up(TilesLocated(location), site) map {[0m
[0m[[0m[33mwarn[0m] [0m[0m                                   ^[0m
[0m[[0m[33mwarn[0m] [0m[0m/work/chipyard/generators/shuttle/src/main/scala/common/Configs.scala:73:29: method apply in class View is deprecated (since CDE 0.1): up(XYZ, site) is no longer necessary; remove the superfluous site argument[0m
[0m[[0m[33mwarn[0m] [0m[0m  case TilesLocated(loc) => up(TilesLocated(loc), site) map {[0m
[0m[[0m[33mwarn[0m] [0m[0m                            ^[0m
[0m[[0m[33mwarn[0m] [0m[0m/work/chipyard/generators/shuttle/src/main/scala/common/Configs.scala:83:36: method apply in class View is deprecated (since CDE 0.1): up(XYZ, site) is no longer necessary; remove the superfluous site argument[0m
[0m[[0m[33mwarn[0m] [0m[0m  case TilesLocated(`location`) => up(TilesLocated(location), site) map {[0m
[0m[[0m[33mwarn[0m] [0m[0m                                   ^[0m
[0m[[0m[33mwarn[0m] [0m[0m/work/chipyard/generators/shuttle/src/main/scala/common/Configs.scala:92:36: method apply in class View is deprecated (since CDE 0.1): up(XYZ, site) is no longer necessary; remove the superfluous site argument[0m
[0m[[0m[33mwarn[0m] [0m[0m  case TilesLocated(`location`) => up(TilesLocated(location), site) map {[0m
[0m[[0m[33mwarn[0m] [0m[0m                                   ^[0m
[0m[[0m[33mwarn[0m] [0m[0m/work/chipyard/generators/shuttle/src/main/scala/common/Configs.scala:101:36: method apply in class View is deprecated (since CDE 0.1): up(XYZ, site) is no longer necessary; remove the superfluous site argument[0m
[0m[[0m[33mwarn[0m] [0m[0m  case TilesLocated(`location`) => up(TilesLocated(location), site) map {[0m
[0m[[0m[33mwarn[0m] [0m[0m                                   ^[0m
[0m[[0m[33mwarn[0m] [0m[0m/work/chipyard/generators/shuttle/src/main/scala/common/Configs.scala:110:36: method apply in class View is deprecated (since CDE 0.1): up(XYZ, site) is no longer necessary; remove the superfluous site argument[0m
[0m[[0m[33mwarn[0m] [0m[0m  case TilesLocated(`location`) => up(TilesLocated(location), site) map {[0m
[0m[[0m[33mwarn[0m] [0m[0m                                   ^[0m
[0m[[0m[33mwarn[0m] [0m[0m/work/chipyard/generators/shuttle/src/main/scala/common/Configs.scala:119:36: method apply in class View is deprecated (since CDE 0.1): up(XYZ, site) is no longer necessary; remove the superfluous site argument[0m
[0m[[0m[33mwarn[0m] [0m[0m  case TilesLocated(`location`) => up(TilesLocated(location), site) map {[0m
[0m[[0m[33mwarn[0m] [0m[0m                                   ^[0m
[0m[[0m[33mwarn[0m] [0m[0m/work/chipyard/generators/shuttle/src/main/scala/common/Configs.scala:128:36: method apply in class View is deprecated (since CDE 0.1): up(XYZ, site) is no longer necessary; remove the superfluous site argument[0m
[0m[[0m[33mwarn[0m] [0m[0m  case TilesLocated(`location`) => up(TilesLocated(location), site) map {[0m
[0m[[0m[33mwarn[0m] [0m[0m                                   ^[0m
[0m[[0m[33mwarn[0m] [0m[0m/work/chipyard/generators/shuttle/src/main/scala/common/Configs.scala:137:36: method apply in class View is deprecated (since CDE 0.1): up(XYZ, site) is no longer necessary; remove the superfluous site argument[0m
[0m[[0m[33mwarn[0m] [0m[0m  case TilesLocated(`location`) => up(TilesLocated(location), site) map {[0m
[0m[[0m[33mwarn[0m] [0m[0m                                   ^[0m
[0m[[0m[33mwarn[0m] [0m[0m/work/chipyard/generators/shuttle/src/main/scala/common/Configs.scala:146:36: method apply in class View is deprecated (since CDE 0.1): up(XYZ, site) is no longer necessary; remove the superfluous site argument[0m
[0m[[0m[33mwarn[0m] [0m[0m  case TilesLocated(`location`) => up(TilesLocated(location), site) map {[0m
[0m[[0m[33mwarn[0m] [0m[0m                                   ^[0m
[0m[[0m[33mwarn[0m] [0m[0m/work/chipyard/generators/shuttle/src/main/scala/common/Configs.scala:155:36: method apply in class View is deprecated (since CDE 0.1): up(XYZ, site) is no longer necessary; remove the superfluous site argument[0m
[0m[[0m[33mwarn[0m] [0m[0m  case TilesLocated(`location`) => up(TilesLocated(location), site) map {[0m
[0m[[0m[33mwarn[0m] [0m[0m                                   ^[0m
[0m[[0m[33mwarn[0m] [0m[0m/work/chipyard/generators/shuttle/src/main/scala/common/Configs.scala:164:36: method apply in class View is deprecated (since CDE 0.1): up(XYZ, site) is no longer necessary; remove the superfluous site argument[0m
[0m[[0m[33mwarn[0m] [0m[0m  case TilesLocated(`location`) => up(TilesLocated(location), site) map {[0m
[0m[[0m[33mwarn[0m] [0m[0m                                   ^[0m
[0m[[0m[33mwarn[0m] [0m[0m/work/chipyard/generators/shuttle/src/main/scala/common/Configs.scala:173:36: method apply in class View is deprecated (since CDE 0.1): up(XYZ, site) is no longer necessary; remove the superfluous site argument[0m
[0m[[0m[33mwarn[0m] [0m[0m  case TilesLocated(`location`) => up(TilesLocated(location), site) map {[0m
[0m[[0m[33mwarn[0m] [0m[0m                                   ^[0m
[0m[[0m[33mwarn[0m] [0m[0m/work/chipyard/generators/shuttle/src/main/scala/common/Configs.scala:182:36: method apply in class View is deprecated (since CDE 0.1): up(XYZ, site) is no longer necessary; remove the superfluous site argument[0m
[0m[[0m[33mwarn[0m] [0m[0m  case TilesLocated(`location`) => up(TilesLocated(location), site) map {[0m
[0m[[0m[33mwarn[0m] [0m[0m                                   ^[0m
[0m[[0m[33mwarn[0m] [0m[0m/work/chipyard/generators/shuttle/src/main/scala/common/Configs.scala:190:36: method apply in class View is deprecated (since CDE 0.1): up(XYZ, site) is no longer necessary; remove the superfluous site argument[0m
[0m[[0m[33mwarn[0m] [0m[0m  case TilesLocated(`location`) => up(TilesLocated(location), site) map {[0m
[0m[[0m[33mwarn[0m] [0m[0m                                   ^[0m
[0m[[0m[33mwarn[0m] [0m[0m/work/chipyard/generators/shuttle/src/main/scala/common/Tile.scala:97:18: type SimpleDevice in package diplomacy is deprecated (since rocketchip 2.0.0): Use freechips.rocketchip.resources.SimpleDevice[0m
[0m[[0m[33mwarn[0m] [0m[0m  val cpuDevice: SimpleDevice = new SimpleDevice("cpu", Seq("ucb-bar,shuttle", "riscv")) {[0m
[0m[[0m[33mwarn[0m] [0m[0m                 ^[0m
[0m[[0m[33mwarn[0m] [0m[0m/work/chipyard/generators/shuttle/src/main/scala/common/Tile.scala:97:37: type SimpleDevice in package diplomacy is deprecated (since rocketchip 2.0.0): Use freechips.rocketchip.resources.SimpleDevice[0m
[0m[[0m[33mwarn[0m] [0m[0m  val cpuDevice: SimpleDevice = new SimpleDevice("cpu", Seq("ucb-bar,shuttle", "riscv")) {[0m
[0m[[0m[33mwarn[0m] [0m[0m                                    ^[0m
[0m[[0m[33mwarn[0m] [0m[0m/work/chipyard/generators/shuttle/src/main/scala/common/Tile.scala:98:32: value ResourceAnchors in package diplomacy is deprecated (since rocketchip 2.0.0): Use freechips.rocketchip.resources.ResourceAnchors[0m
[0m[[0m[33mwarn[0m] [0m[0m    override def parent = Some(ResourceAnchors.cpus)[0m
[0m[[0m[33mwarn[0m] [0m[0m                               ^[0m
[0m[[0m[33mwarn[0m] [0m[0m/work/chipyard/generators/shuttle/src/main/scala/common/Tile.scala:99:38: type ResourceBindings in package diplomacy is deprecated (since rocketchip 2.0.0): Use freechips.rocketchip.resources.ResourceBindings[0m
[0m[[0m[33mwarn[0m] [0m[0m    override def describe(resources: ResourceBindings): Description = {[0m
[0m[[0m[33mwarn[0m] [0m[0m                                     ^[0m
[0m[[0m[33mwarn[0m] [0m[0m/work/chipyard/generators/shuttle/src/main/scala/common/Tile.scala:99:57: type Description in package diplomacy is deprecated (since rocketchip 2.0.0): Use freechips.rocketchip.resources.Description[0m
[0m[[0m[33mwarn[0m] [0m[0m    override def describe(resources: ResourceBindings): Description = {[0m
[0m[[0m[33mwarn[0m] [0m[0m                                                        ^[0m
[0m[[0m[33mwarn[0m] [0m[0m/work/chipyard/generators/shuttle/src/main/scala/common/Tile.scala:101:7: value Description in package diplomacy is deprecated (since rocketchip 2.0.0): Use freechips.rocketchip.resources.Description[0m
[0m[[0m[33mwarn[0m] [0m[0m      Description(name, mapping ++[0m
[0m[[0m[33mwarn[0m] [0m[0m      ^[0m
[0m[[0m[33mwarn[0m] [0m[0m/work/chipyard/generators/shuttle/src/main/scala/common/Tile.scala:108:3: value ResourceBinding in package diplomacy is deprecated (since rocketchip 2.0.0): Use freechips.rocketchip.resources.ResourceBinding[0m
[0m[[0m[33mwarn[0m] [0m[0m  ResourceBinding {[0m
[0m[[0m[33mwarn[0m] [0m[0m  ^[0m
[0m[[0m[33mwarn[0m] [0m[0m/work/chipyard/generators/shuttle/src/main/scala/common/Tile.scala:109:5: value Resource in package diplomacy is deprecated (since rocketchip 2.0.0): Use freechips.rocketchip.resources.Resource[0m
[0m[[0m[33mwarn[0m] [0m[0m    Resource(cpuDevice, "reg").bind(ResourceAddress(tileId))[0m
[0m[[0m[33mwarn[0m] [0m[0m    ^[0m
[0m[[0m[33mwarn[0m] [0m[0m/work/chipyard/generators/shuttle/src/main/scala/common/Tile.scala:109:37: value ResourceAddress in package diplomacy is deprecated (since rocketchip 2.0.0): Use freechips.rocketchip.resources.ResourceAddress[0m
[0m[[0m[33mwarn[0m] [0m[0m    Resource(cpuDevice, "reg").bind(ResourceAddress(tileId))[0m
[0m[[0m[33mwarn[0m] [0m[0m                                    ^[0m
[0m[[0m[33mwarn[0m] [0m[0m/work/chipyard/generators/shuttle/src/main/scala/common/Tile.scala:115:24: value LazyModule in package diplomacy is deprecated (since rocketchip 2.0.0): Diplomacy has been split to a standalone library[0m
[0m[[0m[33mwarn[0m] [0m[0m    val tcm_adjuster = LazyModule(new AddressOffsetter(tcmParams.size-1, replicationSize))[0m
[0m[[0m[33mwarn[0m] [0m[0m                       ^[0m
[0m[[0m[33mwarn[0m] [0m[0m/work/chipyard/generators/shuttle/src/main/scala/common/Tile.scala:116:5: value InModuleBody in package diplomacy is deprecated (since rocketchip 2.0.0): Diplomacy has been split to a standalone library[0m
[0m[[0m[33mwarn[0m] [0m[0m    InModuleBody { tcm_adjuster.module.io.base := tcmParams.base.U + tcmParams.size.U * hartIdSinkNode.bundle }[0m
[0m[[0m[33mwarn[0m] [0m[0m    ^[0m
[0m[[0m[33mwarn[0m] [0m[0m/work/chipyard/generators/shuttle/src/main/scala/common/Tile.scala:123:32: value LazyModule in package diplomacy is deprecated (since rocketchip 2.0.0): Diplomacy has been split to a standalone library[0m
[0m[[0m[33mwarn[0m] [0m[0m    val tcm_slave_replicator = LazyModule(new RegionReplicator(ReplicatedRegion([0m
[0m[[0m[33mwarn[0m] [0m[0m                               ^[0m
[0m[[0m[33mwarn[0m] [0m[0m/work/chipyard/generators/shuttle/src/main/scala/common/Tile.scala:127:31: value BundleBridgeSource in package diplomacy is deprecated (since rocketchip 2.0.0): Diplomacy has been split to a standalone library[0m
[0m[[0m[33mwarn[0m] [0m[0m    val prefix_slave_source = BundleBridgeSource[UInt](() => UInt(1.W))[0m
[0m[[0m[33mwarn[0m] [0m[0m                              ^[0m
[0m[[0m[33mwarn[0m] [0m[0m/work/chipyard/generators/shuttle/src/main/scala/common/Tile.scala:129:5: value InModuleBody in package diplomacy is deprecated (since rocketchip 2.0.0): Diplomacy has been split to a standalone library[0m
[0m[[0m[33mwarn[0m] [0m[0m    InModuleBody { prefix_slave_source.bundle := 0.U }[0m
[0m[[0m[33mwarn[0m] [0m[0m    ^[0m
[0m[[0m[33mwarn[0m] [0m[0m/work/chipyard/generators/shuttle/src/main/scala/common/Tile.scala:136:33: value LazyModule in package diplomacy is deprecated (since rocketchip 2.0.0): Diplomacy has been split to a standalone library[0m
[0m[[0m[33mwarn[0m] [0m[0m    val tcm_master_replicator = LazyModule(new RegionReplicator(ReplicatedRegion([0m
[0m[[0m[33mwarn[0m] [0m[0m                                ^[0m
[0m[[0m[33mwarn[0m] [0m[0m/work/chipyard/generators/shuttle/src/main/scala/common/Tile.scala:140:32: value BundleBridgeSource in package diplomacy is deprecated (since rocketchip 2.0.0): Diplomacy has been split to a standalone library[0m
[0m[[0m[33mwarn[0m] [0m[0m    val prefix_master_source = BundleBridgeSource[UInt](() => UInt(1.W))[0m
[0m[[0m[33mwarn[0m] [0m[0m                               ^[0m
[0m[[0m[33mwarn[0m] [0m[0m/work/chipyard/generators/shuttle/src/main/scala/common/Tile.scala:142:5: value InModuleBody in package diplomacy is deprecated (since rocketchip 2.0.0): Diplomacy has been split to a standalone library[0m
[0m[[0m[33mwarn[0m] [0m[0m    InModuleBody { prefix_master_source.bundle := 0.U }[0m
[0m[[0m[33mwarn[0m] [0m[0m    ^[0m
[0m[[0m[33mwarn[0m] [0m[0m/work/chipyard/generators/shuttle/src/main/scala/common/Tile.scala:156:18: value LazyModule in package diplomacy is deprecated (since rocketchip 2.0.0): Diplomacy has been split to a standalone library[0m
[0m[[0m[33mwarn[0m] [0m[0m  val frontend = LazyModule(new ShuttleFrontend(tileParams.icache.get, tileId))[0m
[0m[[0m[33mwarn[0m] [0m[0m                 ^[0m
[0m[[0m[33mwarn[0m] [0m[0m/work/chipyard/generators/shuttle/src/main/scala/common/Tile.scala:166:16: value LazyModule in package diplomacy is deprecated (since rocketchip 2.0.0): Diplomacy has been split to a standalone library[0m
[0m[[0m[33mwarn[0m] [0m[0m  val dcache = LazyModule(new ShuttleDCache(tileId, ShuttleDCacheParams())(p))[0m
[0m[[0m[33mwarn[0m] [0m[0m               ^[0m
[0m[[0m[33mwarn[0m] [0m[0m/work/chipyard/generators/shuttle/src/main/scala/common/Tile.scala:174:56: value LazyModule in package diplomacy is deprecated (since rocketchip 2.0.0): Diplomacy has been split to a standalone library[0m
[0m[[0m[33mwarn[0m] [0m[0m  val vector_unit = shuttleParams.core.vector.map(v => LazyModule(v.build(p)))[0m
[0m[[0m[33mwarn[0m] [0m[0m                                                       ^[0m
[0m[[0m[33mwarn[0m] [0m[0m/work/chipyard/generators/shuttle/src/main/scala/common/Tile.scala:183:44: method DisableMonitors in package diplomacy is deprecated (since rocketchip 2.0.0): Diplomacy has been split to a standalone library[0m
[0m[[0m[33mwarn[0m] [0m[0m  shuttleParams.tcm.foreach { tcmParams => DisableMonitors { implicit p =>[0m
[0m[[0m[33mwarn[0m] [0m[0m                                           ^[0m
[0m[[0m[33mwarn[0m] [0m[0m/work/chipyard/generators/shuttle/src/main/scala/common/Tile.scala:184:22: type MemoryDevice in package diplomacy is deprecated (since rocketchip 2.0.0): Use freechips.rocketchip.resources.MemoryDevice[0m
[0m[[0m[33mwarn[0m] [0m[0m    val device = new MemoryDevice[0m
[0m[[0m[33mwarn[0m] [0m[0m                     ^[0m
[0m[[0m[33mwarn[0m] [0m[0m/work/chipyard/generators/shuttle/src/main/scala/common/Tile.scala:188:17: value LazyModule in package diplomacy is deprecated (since rocketchip 2.0.0): Diplomacy has been split to a standalone library[0m
[0m[[0m[33mwarn[0m] [0m[0m      val tcm = LazyModule(new TLRAM([0m
[0m[[0m[33mwarn[0m] [0m[0m                ^[0m
[0m[[0m[33mwarn[0m] [0m[0m/work/chipyard/generators/shuttle/src/main/scala/common/Tile.scala:199:19: value LazyModule in package diplomacy is deprecated (since rocketchip 2.0.0): Diplomacy has been split to a standalone library[0m
[0m[[0m[33mwarn[0m] [0m[0m  val sgtcmXbar = LazyModule(new TLXbar())[0m
[0m[[0m[33mwarn[0m] [0m[0m                  ^[0m
[0m[[0m[33mwarn[0m] [0m[0m/work/chipyard/generators/shuttle/src/main/scala/common/Tile.scala:200:48: method DisableMonitors in package diplomacy is deprecated (since rocketchip 2.0.0): Diplomacy has been split to a standalone library[0m
[0m[[0m[33mwarn[0m] [0m[0m  shuttleParams.sgtcm.foreach { sgtcmParams => DisableMonitors { implicit p =>[0m
[0m[[0m[33mwarn[0m] [0m[0m                                               ^[0m
[0m[[0m[33mwarn[0m] [0m[0m/work/chipyard/generators/shuttle/src/main/scala/common/Tile.scala:201:22: type MemoryDevice in package diplomacy is deprecated (since rocketchip 2.0.0): Use freechips.rocketchip.resources.MemoryDevice[0m
[0m[[0m[33mwarn[0m] [0m[0m    val device = new MemoryDevice[0m
[0m[[0m[33mwarn[0m] [0m[0m                     ^[0m
[0m[[0m[33mwarn[0m] [0m[0m/work/chipyard/generators/shuttle/src/main/scala/common/Tile.scala:204:17: value LazyModule in package diplomacy is deprecated (since rocketchip 2.0.0): Diplomacy has been split to a standalone library[0m
[0m[[0m[33mwarn[0m] [0m[0m    val sgtcm = LazyModule(new SGTCM([0m
[0m[[0m[33mwarn[0m] [0m[0m                ^[0m
[0m[[0m[33mwarn[0m] [0m[0m/work/chipyard/generators/shuttle/src/main/scala/common/Tile.scala:242:3: method DisableMonitors in package diplomacy is deprecated (since rocketchip 2.0.0): Diplomacy has been split to a standalone library[0m
[0m[[0m[33mwarn[0m] [0m[0m  DisableMonitors { implicit p => (tlOtherMastersNode[0m
[0m[[0m[33mwarn[0m] [0m[0m  ^[0m
[0m[[0m[33mwarn[0m] [0m[0m/work/chipyard/generators/shuttle/src/main/scala/common/VectorUnit.scala:12:66: type LazyModule in package diplomacy is deprecated (since rocketchip 2.0.0): Diplomacy has been split to a standalone library[0m
[0m[[0m[33mwarn[0m] [0m[0mabstract class ShuttleVectorUnit(implicit p: Parameters) extends LazyModule with HasNonDiplomaticTileParameters {[0m
[0m[[0m[33mwarn[0m] [0m[0m                                                                 ^[0m
[0m[[0m[33mwarn[0m] [0m[0m/work/chipyard/generators/shuttle/src/main/scala/common/VectorUnit.scala:19:68: type LazyModuleImp in package diplomacy is deprecated (since rocketchip 2.0.0): Diplomacy has been split to a standalone library[0m
[0m[[0m[33mwarn[0m] [0m[0mclass ShuttleVectorUnitModuleImp(outer: ShuttleVectorUnit) extends LazyModuleImp(outer) with HasCoreParameters {[0m
[0m[[0m[33mwarn[0m] [0m[0m                                                                   ^[0m
[0m[[0m[33mwarn[0m] [0m[0m/work/chipyard/generators/shuttle/src/main/scala/dmem/DCache.scala:55:99: type LazyModule in package diplomacy is deprecated (since rocketchip 2.0.0): Diplomacy has been split to a standalone library[0m
[0m[[0m[33mwarn[0m] [0m[0mclass ShuttleDCache(tileId: Int, val params: ShuttleDCacheParams)(implicit p: Parameters) extends LazyModule[0m
[0m[[0m[33mwarn[0m] [0m[0m                                                                                                  ^[0m
[0m[[0m[33mwarn[0m] [0m[0m/work/chipyard/generators/shuttle/src/main/scala/dmem/DCache.scala:97:57: type LazyModuleImp in package diplomacy is deprecated (since rocketchip 2.0.0): Diplomacy has been split to a standalone library[0m
[0m[[0m[33mwarn[0m] [0m[0mclass ShuttleDCacheModule(outer: ShuttleDCache) extends LazyModuleImp(outer)[0m
[0m[[0m[33mwarn[0m] [0m[0m                                                        ^[0m
[0m[[0m[33mwarn[0m] [0m[0m/work/chipyard/generators/shuttle/src/main/scala/dmem/IOHandler.scala:47:73: method copyArrayToImmutableIndexedSeq in class LowPriorityImplicits2 is deprecated (since 2.13.0): implicit conversions from Array to immutable.IndexedSeq are implemented by copying; use `toIndexedSeq` explicitly if you want to copy, or use the more efficient non-copying ArraySeq.unsafeWrapArray[0m
[0m[[0m[33mwarn[0m] [0m[0m    MuxLookup(req.cmd, (0.U).asTypeOf(new TLBundleA(edge.bundle)))(Array([0m
[0m[[0m[33mwarn[0m] [0m[0m                                                                        ^[0m
[0m[[0m[33mwarn[0m] [0m[0m/work/chipyard/generators/shuttle/src/main/scala/ifu/Frontend.scala:55:120: type LazyModule in package diplomacy is deprecated (since rocketchip 2.0.0): Diplomacy has been split to a standalone library[0m
[0m[[0m[33mwarn[0m] [0m[0mclass ShuttleFrontend(val icacheParams: ICacheParams, staticIdForMetadataUseOnly: Int)(implicit p: Parameters) extends LazyModule[0m
[0m[[0m[33mwarn[0m] [0m[0m                                                                                                                       ^[0m
[0m[[0m[33mwarn[0m] [0m[0m/work/chipyard/generators/shuttle/src/main/scala/ifu/Frontend.scala:58:16: value LazyModule in package diplomacy is deprecated (since rocketchip 2.0.0): Diplomacy has been split to a standalone library[0m
[0m[[0m[33mwarn[0m] [0m[0m  val icache = LazyModule(new ShuttleICache(icacheParams, staticIdForMetadataUseOnly))[0m
[0m[[0m[33mwarn[0m] [0m[0m               ^[0m
[0m[[0m[33mwarn[0m] [0m[0m/work/chipyard/generators/shuttle/src/main/scala/ifu/Frontend.scala:60:29: value BundleBridgeSink in package diplomacy is deprecated (since rocketchip 2.0.0): Diplomacy has been split to a standalone library[0m
[0m[[0m[33mwarn[0m] [0m[0m  val resetVectorSinkNode = BundleBridgeSink[UInt](Some(() =>[0m
[0m[[0m[33mwarn[0m] [0m[0m                            ^[0m
[0m[[0m[33mwarn[0m] [0m[0m/work/chipyard/generators/shuttle/src/main/scala/ifu/Frontend.scala:93:61: type LazyModuleImp in package diplomacy is deprecated (since rocketchip 2.0.0): Diplomacy has been split to a standalone library[0m
[0m[[0m[33mwarn[0m] [0m[0mclass ShuttleFrontendModule(outer: ShuttleFrontend) extends LazyModuleImp(outer)[0m
[0m[[0m[33mwarn[0m] [0m[0m                                                            ^[0m
[0m[[0m[33mwarn[0m] [0m[0m/work/chipyard/generators/shuttle/src/main/scala/ifu/ICache.scala:18:13: type LazyModule in package diplomacy is deprecated (since rocketchip 2.0.0): Diplomacy has been split to a standalone library[0m
[0m[[0m[33mwarn[0m] [0m[0m    extends LazyModule[0m
[0m[[0m[33mwarn[0m] [0m[0m            ^[0m
[0m[[0m[33mwarn[0m] [0m[0m/work/chipyard/generators/shuttle/src/main/scala/ifu/ICache.scala:30:57: type LazyModuleImp in package diplomacy is deprecated (since rocketchip 2.0.0): Diplomacy has been split to a standalone library[0m
[0m[[0m[33mwarn[0m] [0m[0mclass ShuttleICacheModule(outer: ShuttleICache) extends LazyModuleImp(outer)[0m
[0m[[0m[33mwarn[0m] [0m[0m                                                        ^[0m
[0m[[0m[33mwarn[0m] [0m[0m5 warnings found[0m
[0m[[0m[0minfo[0m] [0m[0mdone compiling[0m
[0m[[0m[33mwarn[0m] [0m[0m/work/chipyard/generators/constellation/src/main/scala/test/AXI4TestHarness.scala:77:57: Auto-application to `()` is deprecated. Supply the empty argument list `()` explicitly to invoke method serialize_cHeader,[0m
[0m[[0m[33mwarn[0m] [0m[0mor remove the empty argument list from its definition (Java-defined methods are exempt).[0m
[0m[[0m[33mwarn[0m] [0m[0mIn Scala 3, an unapplied method like this will be eta-expanded into a function.[0m
[0m[[0m[33mwarn[0m] [0m[0m  ElaborationArtefacts.add("plusArgs", PlusArgArtefacts.serialize_cHeader)[0m
[0m[[0m[33mwarn[0m] [0m[0m                                                        ^[0m
[0m[[0m[33mwarn[0m] [0m[0m/work/chipyard/generators/gemmini/src/main/scala/gemmini/Configs.scala:255:21: value LazyModule in package diplomacy is deprecated (since rocketchip 2.0.0): Diplomacy has been split to a standalone library[0m
[0m[[0m[33mwarn[0m] [0m[0m      val gemmini = LazyModule(new Gemmini(gemminiConfig))[0m
[0m[[0m[33mwarn[0m] [0m[0m                    ^[0m
[0m[[0m[33mwarn[0m] [0m[0m/work/chipyard/generators/gemmini/src/main/scala/gemmini/Configs.scala:270:21: value LazyModule in package diplomacy is deprecated (since rocketchip 2.0.0): Diplomacy has been split to a standalone library[0m
[0m[[0m[33mwarn[0m] [0m[0m      val gemmini = LazyModule(new Gemmini(gemminiConfig))[0m
[0m[[0m[33mwarn[0m] [0m[0m                    ^[0m
[0m[[0m[33mwarn[0m] [0m[0m/work/chipyard/generators/gemmini/src/main/scala/gemmini/Configs.scala:282:21: value LazyModule in package diplomacy is deprecated (since rocketchip 2.0.0): Diplomacy has been split to a standalone library[0m
[0m[[0m[33mwarn[0m] [0m[0m      val gemmini = LazyModule(new Gemmini(gemminiConfig))[0m
[0m[[0m[33mwarn[0m] [0m[0m                    ^[0m
[0m[[0m[33mwarn[0m] [0m[0m/work/chipyard/generators/gemmini/src/main/scala/gemmini/Configs.scala:294:21: value LazyModule in package diplomacy is deprecated (since rocketchip 2.0.0): Diplomacy has been split to a standalone library[0m
[0m[[0m[33mwarn[0m] [0m[0m      val gemmini = LazyModule(new Gemmini(gemminiConfig))[0m
[0m[[0m[33mwarn[0m] [0m[0m                    ^[0m
[0m[[0m[33mwarn[0m] [0m[0m/work/chipyard/generators/gemmini/src/main/scala/gemmini/Configs.scala:308:21: value LazyModule in package diplomacy is deprecated (since rocketchip 2.0.0): Diplomacy has been split to a standalone library[0m
[0m[[0m[33mwarn[0m] [0m[0m      int_gemmini = LazyModule(new Gemmini(GemminiConfigs.chipConfig.copy([0m
[0m[[0m[33mwarn[0m] [0m[0m                    ^[0m
[0m[[0m[33mwarn[0m] [0m[0m/work/chipyard/generators/gemmini/src/main/scala/gemmini/Configs.scala:317:20: value LazyModule in package diplomacy is deprecated (since rocketchip 2.0.0): Diplomacy has been split to a standalone library[0m
[0m[[0m[33mwarn[0m] [0m[0m      fp_gemmini = LazyModule(new Gemmini(GemminiFPConfigs.BF16DefaultConfig.copy([0m
[0m[[0m[33mwarn[0m] [0m[0m                   ^[0m
[0m[[0m[33mwarn[0m] [0m[0m/work/chipyard/generators/gemmini/src/main/scala/gemmini/Configs.scala:333:7: value InModuleBody in package diplomacy is deprecated (since rocketchip 2.0.0): Diplomacy has been split to a standalone library[0m
[0m[[0m[33mwarn[0m] [0m[0m      InModuleBody {[0m
[0m[[0m[33mwarn[0m] [0m[0m      ^[0m
[0m[[0m[33mwarn[0m] [0m[0m/work/chipyard/generators/gemmini/src/main/scala/gemmini/ConfigsFP.scala:142:37: type ValName in package diplomacy is deprecated (since rocketchip 2.0.0): Diplomacy has been split to a standalone library[0m
[0m[[0m[33mwarn[0m] [0m[0m        implicit val v = implicitly[ValName][0m
[0m[[0m[33mwarn[0m] [0m[0m                                    ^[0m
[0m[[0m[33mwarn[0m] [0m[0m/work/chipyard/generators/gemmini/src/main/scala/gemmini/ConfigsFP.scala:143:9: value LazyModule in package diplomacy is deprecated (since rocketchip 2.0.0): Diplomacy has been split to a standalone library[0m
[0m[[0m[33mwarn[0m] [0m[0m        LazyModule(new Gemmini(GemminiFPConfigs.FP32DefaultConfig))[0m
[0m[[0m[33mwarn[0m] [0m[0m        ^[0m
[0m[[0m[33mwarn[0m] [0m[0m/work/chipyard/generators/gemmini/src/main/scala/gemmini/ConfigsFP.scala:154:21: value LazyModule in package diplomacy is deprecated (since rocketchip 2.0.0): Diplomacy has been split to a standalone library[0m
[0m[[0m[33mwarn[0m] [0m[0m      val gemmini = LazyModule(new Gemmini(gemminiConfig))[0m
[0m[[0m[33mwarn[0m] [0m[0m                    ^[0m
[0m[[0m[33mwarn[0m] [0m[0m/work/chipyard/generators/gemmini/src/main/scala/gemmini/ConfigsFP.scala:166:37: type ValName in package diplomacy is deprecated (since rocketchip 2.0.0): Diplomacy has been split to a standalone library[0m
[0m[[0m[33mwarn[0m] [0m[0m        implicit val v = implicitly[ValName][0m
[0m[[0m[33mwarn[0m] [0m[0m                                    ^[0m
[0m[[0m[33mwarn[0m] [0m[0m/work/chipyard/generators/gemmini/src/main/scala/gemmini/ConfigsFP.scala:167:9: value LazyModule in package diplomacy is deprecated (since rocketchip 2.0.0): Diplomacy has been split to a standalone library[0m
[0m[[0m[33mwarn[0m] [0m[0m        LazyModule(new Gemmini(GemminiFPConfigs.FP16DefaultConfig))[0m
[0m[[0m[33mwarn[0m] [0m[0m        ^[0m
[0m[[0m[33mwarn[0m] [0m[0m/work/chipyard/generators/gemmini/src/main/scala/gemmini/ConfigsFP.scala:177:37: type ValName in package diplomacy is deprecated (since rocketchip 2.0.0): Diplomacy has been split to a standalone library[0m
[0m[[0m[33mwarn[0m] [0m[0m        implicit val v = implicitly[ValName][0m
[0m[[0m[33mwarn[0m] [0m[0m                                    ^[0m
[0m[[0m[33mwarn[0m] [0m[0m/work/chipyard/generators/gemmini/src/main/scala/gemmini/ConfigsFP.scala:178:9: value LazyModule in package diplomacy is deprecated (since rocketchip 2.0.0): Diplomacy has been split to a standalone library[0m
[0m[[0m[33mwarn[0m] [0m[0m        LazyModule(new Gemmini(GemminiFPConfigs.BF16DefaultConfig))[0m
[0m[[0m[33mwarn[0m] [0m[0m        ^[0m
[0m[[0m[33mwarn[0m] [0m[0m/work/chipyard/generators/gemmini/src/main/scala/gemmini/ConfigsFP.scala:187:35: type ValName in package diplomacy is deprecated (since rocketchip 2.0.0): Diplomacy has been split to a standalone library[0m
[0m[[0m[33mwarn[0m] [0m[0m      implicit val v = implicitly[ValName][0m
[0m[[0m[33mwarn[0m] [0m[0m                                  ^[0m
[0m[[0m[33mwarn[0m] [0m[0m/work/chipyard/generators/gemmini/src/main/scala/gemmini/ConfigsFP.scala:188:21: value LazyModule in package diplomacy is deprecated (since rocketchip 2.0.0): Diplomacy has been split to a standalone library[0m
[0m[[0m[33mwarn[0m] [0m[0m      val gemmini = LazyModule(new Gemmini(GemminiFPConfigs.BF16DefaultConfig.copy([0m
[0m[[0m[33mwarn[0m] [0m[0m                    ^[0m
[0m[[0m[33mwarn[0m] [0m[0m/work/chipyard/generators/gemmini/src/main/scala/gemmini/ConfigsFP.scala:202:37: type ValName in package diplomacy is deprecated (since rocketchip 2.0.0): Diplomacy has been split to a standalone library[0m
[0m[[0m[33mwarn[0m] [0m[0m        implicit val v = implicitly[ValName][0m
[0m[[0m[33mwarn[0m] [0m[0m                                    ^[0m
[0m[[0m[33mwarn[0m] [0m[0m/work/chipyard/generators/gemmini/src/main/scala/gemmini/ConfigsFP.scala:203:9: value LazyModule in package diplomacy is deprecated (since rocketchip 2.0.0): Diplomacy has been split to a standalone library[0m
[0m[[0m[33mwarn[0m] [0m[0m        LazyModule(new Gemmini(GemminiFPConfigs.BF16Default8Config))[0m
[0m[[0m[33mwarn[0m] [0m[0m        ^[0m
[0m[[0m[33mwarn[0m] [0m[0m/work/chipyard/generators/gemmini/src/main/scala/gemmini/Controller.scala:36:14: value LazyModule in package diplomacy is deprecated (since rocketchip 2.0.0): Diplomacy has been split to a standalone library[0m
[0m[[0m[33mwarn[0m] [0m[0m  val spad = LazyModule(new Scratchpad(config))[0m
[0m[[0m[33mwarn[0m] [0m[0m             ^[0m
[0m[[0m[33mwarn[0m] [0m[0m/work/chipyard/generators/gemmini/src/main/scala/gemmini/Controller.scala:267:82: method zipped in class Ops is deprecated (since 2.13.0): Use xs.lazyZip(ys).lazyZip(zs)[0m
[0m[[0m[33mwarn[0m] [0m[0m  (ex_controller.io.srams.read, im2col.io.sram_reads, spad.module.io.srams.read).zipped.foreach { case (ex_read, im2col_read, spad_read) =>[0m
[0m[[0m[33mwarn[0m] [0m[0m                                                                                 ^[0m
[0m[[0m[33mwarn[0m] [0m[0m/work/chipyard/generators/gemmini/src/main/scala/gemmini/CustomConfigs.scala:63:21: value LazyModule in package diplomacy is deprecated (since rocketchip 2.0.0): Diplomacy has been split to a standalone library[0m
[0m[[0m[33mwarn[0m] [0m[0m      val gemmini = LazyModule(new Gemmini(gemminiConfig))[0m
[0m[[0m[33mwarn[0m] [0m[0m                    ^[0m
[0m[[0m[33mwarn[0m] [0m[0m/work/chipyard/generators/gemmini/src/main/scala/gemmini/DMA.scala:55:52: type LazyModule in package diplomacy is deprecated (since rocketchip 2.0.0): Diplomacy has been split to a standalone library[0m
[0m[[0m[33mwarn[0m] [0m[0m                  (implicit p: Parameters) extends LazyModule {[0m
[0m[[0m[33mwarn[0m] [0m[0m                                                   ^[0m
[0m[[0m[33mwarn[0m] [0m[0m/work/chipyard/generators/gemmini/src/main/scala/gemmini/DMA.scala:56:14: value LazyModule in package diplomacy is deprecated (since rocketchip 2.0.0): Diplomacy has been split to a standalone library[0m
[0m[[0m[33mwarn[0m] [0m[0m  val core = LazyModule(new StreamReaderCore(config, nXacts, beatBits, maxBytes, spadWidth, accWidth, aligned_to, spad_rows, acc_rows, meshRows, use_tlb_register_filter, use_firesim_simulation_counters))[0m
[0m[[0m[33mwarn[0m] [0m[0m             ^[0m
[0m[[0m[33mwarn[0m] [0m[0m/work/chipyard/generators/gemmini/src/main/scala/gemmini/DMA.scala:60:22: type LazyModuleImp in package diplomacy is deprecated (since rocketchip 2.0.0): Diplomacy has been split to a standalone library[0m
[0m[[0m[33mwarn[0m] [0m[0m  class Impl extends LazyModuleImp(this) {[0m
[0m[[0m[33mwarn[0m] [0m[0m                     ^[0m
[0m[[0m[33mwarn[0m] [0m[0m/work/chipyard/generators/gemmini/src/main/scala/gemmini/DMA.scala:129:67: type LazyModule in package diplomacy is deprecated (since rocketchip 2.0.0): Diplomacy has been split to a standalone library[0m
[0m[[0m[33mwarn[0m] [0m[0m                                 (implicit p: Parameters) extends LazyModule {[0m
[0m[[0m[33mwarn[0m] [0m[0m                                                                  ^[0m
[0m[[0m[33mwarn[0m] [0m[0m/work/chipyard/generators/gemmini/src/main/scala/gemmini/DMA.scala:130:61: method apply in object TLClientParameters is deprecated: Use TLMasterParameters.v1 instead of TLClientParameters[0m
[0m[[0m[33mwarn[0m] [0m[0m  val node = TLClientNode(Seq(TLMasterPortParameters.v1(Seq(TLClientParameters([0m
[0m[[0m[33mwarn[0m] [0m[0m                                                            ^[0m
[0m[[0m[33mwarn[0m] [0m[0m/work/chipyard/generators/gemmini/src/main/scala/gemmini/DMA.scala:138:22: type LazyModuleImp in package diplomacy is deprecated (since rocketchip 2.0.0): Diplomacy has been split to a standalone library[0m
[0m[[0m[33mwarn[0m] [0m[0m  class Impl extends LazyModuleImp(this) with HasCoreParameters with MemoryOpConstants {[0m
[0m[[0m[33mwarn[0m] [0m[0m                     ^[0m
[0m[[0m[33mwarn[0m] [0m[0m/work/chipyard/generators/gemmini/src/main/scala/gemmini/DMA.scala:332:16: method apply in object SynthesizePrintf is deprecated (since FireSim 1.14): This method will be removed. Annotate the printf statement directly[0m
[0m[[0m[33mwarn[0m] [0m[0m        printf(SynthesizePrintf("RDMA bytes rec: %d\n", total_bytes_read))[0m
[0m[[0m[33mwarn[0m] [0m[0m               ^[0m
[0m[[0m[33mwarn[0m] [0m[0m/work/chipyard/generators/gemmini/src/main/scala/gemmini/DMA.scala:353:52: type LazyModule in package diplomacy is deprecated (since rocketchip 2.0.0): Diplomacy has been split to a standalone library[0m
[0m[[0m[33mwarn[0m] [0m[0m                  (implicit p: Parameters) extends LazyModule {[0m
[0m[[0m[33mwarn[0m] [0m[0m                                                   ^[0m
[0m[[0m[33mwarn[0m] [0m[0m/work/chipyard/generators/gemmini/src/main/scala/gemmini/DMA.scala:354:61: method apply in object TLClientParameters is deprecated: Use TLMasterParameters.v1 instead of TLClientParameters[0m
[0m[[0m[33mwarn[0m] [0m[0m  val node = TLClientNode(Seq(TLMasterPortParameters.v1(Seq(TLClientParameters([0m
[0m[[0m[33mwarn[0m] [0m[0m                                                            ^[0m
[0m[[0m[33mwarn[0m] [0m[0m/work/chipyard/generators/gemmini/src/main/scala/gemmini/DMA.scala:360:22: type LazyModuleImp in package diplomacy is deprecated (since rocketchip 2.0.0): Diplomacy has been split to a standalone library[0m
[0m[[0m[33mwarn[0m] [0m[0m  class Impl extends LazyModuleImp(this) with HasCoreParameters with MemoryOpConstants {[0m
[0m[[0m[33mwarn[0m] [0m[0m                     ^[0m
[0m[[0m[33mwarn[0m] [0m[0m/work/chipyard/generators/gemmini/src/main/scala/gemmini/DMA.scala:643:16: method apply in object SynthesizePrintf is deprecated (since FireSim 1.14): This method will be removed. Annotate the printf statement directly[0m
[0m[[0m[33mwarn[0m] [0m[0m        printf(SynthesizePrintf("WDMA bytes sent: %d\n", total_bytes_sent))[0m
[0m[[0m[33mwarn[0m] [0m[0m               ^[0m
[0m[[0m[33mwarn[0m] [0m[0m/work/chipyard/generators/gemmini/src/main/scala/gemmini/DMA.scala:644:16: method apply in object SynthesizePrintf is deprecated (since FireSim 1.14): This method will be removed. Annotate the printf statement directly[0m
[0m[[0m[33mwarn[0m] [0m[0m        printf(SynthesizePrintf("WDMA total latency: %d\n", total_latency))[0m
[0m[[0m[33mwarn[0m] [0m[0m               ^[0m
[0m[[0m[33mwarn[0m] [0m[0m/work/chipyard/generators/gemmini/src/main/scala/gemmini/DSEConfigs.scala:118:37: type ValName in package diplomacy is deprecated (since rocketchip 2.0.0): Diplomacy has been split to a standalone library[0m
[0m[[0m[33mwarn[0m] [0m[0m        implicit val v = implicitly[ValName][0m
[0m[[0m[33mwarn[0m] [0m[0m                                    ^[0m
[0m[[0m[33mwarn[0m] [0m[0m/work/chipyard/generators/gemmini/src/main/scala/gemmini/DSEConfigs.scala:119:9: value LazyModule in package diplomacy is deprecated (since rocketchip 2.0.0): Diplomacy has been split to a standalone library[0m
[0m[[0m[33mwarn[0m] [0m[0m        LazyModule(new Gemmini(DSEConfigs.baseConfig))[0m
[0m[[0m[33mwarn[0m] [0m[0m        ^[0m
[0m[[0m[33mwarn[0m] [0m[0m/work/chipyard/generators/gemmini/src/main/scala/gemmini/DSEConfigs.scala:129:37: type ValName in package diplomacy is deprecated (since rocketchip 2.0.0): Diplomacy has been split to a standalone library[0m
[0m[[0m[33mwarn[0m] [0m[0m        implicit val v = implicitly[ValName][0m
[0m[[0m[33mwarn[0m] [0m[0m                                    ^[0m
[0m[[0m[33mwarn[0m] [0m[0m/work/chipyard/generators/gemmini/src/main/scala/gemmini/DSEConfigs.scala:130:9: value LazyModule in package diplomacy is deprecated (since rocketchip 2.0.0): Diplomacy has been split to a standalone library[0m
[0m[[0m[33mwarn[0m] [0m[0m        LazyModule(new Gemmini(DSEConfigs.wsOnlyConfig))[0m
[0m[[0m[33mwarn[0m] [0m[0m        ^[0m
[0m[[0m[33mwarn[0m] [0m[0m/work/chipyard/generators/gemmini/src/main/scala/gemmini/DSEConfigs.scala:140:37: type ValName in package diplomacy is deprecated (since rocketchip 2.0.0): Diplomacy has been split to a standalone library[0m
[0m[[0m[33mwarn[0m] [0m[0m        implicit val v = implicitly[ValName][0m
[0m[[0m[33mwarn[0m] [0m[0m                                    ^[0m
[0m[[0m[33mwarn[0m] [0m[0m/work/chipyard/generators/gemmini/src/main/scala/gemmini/DSEConfigs.scala:141:9: value LazyModule in package diplomacy is deprecated (since rocketchip 2.0.0): Diplomacy has been split to a standalone library[0m
[0m[[0m[33mwarn[0m] [0m[0m        LazyModule(new Gemmini(DSEConfigs.bothDataflowsConfig))[0m
[0m[[0m[33mwarn[0m] [0m[0m        ^[0m
[0m[[0m[33mwarn[0m] [0m[0m/work/chipyard/generators/gemmini/src/main/scala/gemmini/DSEConfigs.scala:151:37: type ValName in package diplomacy is deprecated (since rocketchip 2.0.0): Diplomacy has been split to a standalone library[0m
[0m[[0m[33mwarn[0m] [0m[0m        implicit val v = implicitly[ValName][0m
[0m[[0m[33mwarn[0m] [0m[0m                                    ^[0m
[0m[[0m[33mwarn[0m] [0m[0m/work/chipyard/generators/gemmini/src/main/scala/gemmini/DSEConfigs.scala:152:9: value LazyModule in package diplomacy is deprecated (since rocketchip 2.0.0): Diplomacy has been split to a standalone library[0m
[0m[[0m[33mwarn[0m] [0m[0m        LazyModule(new Gemmini(DSEConfigs.highBitwidthConfig))[0m
[0m[[0m[33mwarn[0m] [0m[0m        ^[0m
[0m[[0m[33mwarn[0m] [0m[0m/work/chipyard/generators/gemmini/src/main/scala/gemmini/DSEConfigs.scala:162:37: type ValName in package diplomacy is deprecated (since rocketchip 2.0.0): Diplomacy has been split to a standalone library[0m
[0m[[0m[33mwarn[0m] [0m[0m        implicit val v = implicitly[ValName][0m
[0m[[0m[33mwarn[0m] [0m[0m                                    ^[0m
[0m[[0m[33mwarn[0m] [0m[0m/work/chipyard/generators/gemmini/src/main/scala/gemmini/DSEConfigs.scala:163:9: value LazyModule in package diplomacy is deprecated (since rocketchip 2.0.0): Diplomacy has been split to a standalone library[0m
[0m[[0m[33mwarn[0m] [0m[0m        LazyModule(new Gemmini(DSEConfigs.largerDimConfig))[0m
[0m[[0m[33mwarn[0m] [0m[0m        ^[0m
[0m[[0m[33mwarn[0m] [0m[0m/work/chipyard/generators/gemmini/src/main/scala/gemmini/DSEConfigs.scala:173:37: type ValName in package diplomacy is deprecated (since rocketchip 2.0.0): Diplomacy has been split to a standalone library[0m
[0m[[0m[33mwarn[0m] [0m[0m        implicit val v = implicitly[ValName][0m
[0m[[0m[33mwarn[0m] [0m[0m                                    ^[0m
[0m[[0m[33mwarn[0m] [0m[0m/work/chipyard/generators/gemmini/src/main/scala/gemmini/DSEConfigs.scala:174:9: value LazyModule in package diplomacy is deprecated (since rocketchip 2.0.0): Diplomacy has been split to a standalone library[0m
[0m[[0m[33mwarn[0m] [0m[0m        LazyModule(new Gemmini(DSEConfigs.fullyCombinationalConfig))[0m
[0m[[0m[33mwarn[0m] [0m[0m        ^[0m
[0m[[0m[33mwarn[0m] [0m[0m/work/chipyard/generators/gemmini/src/main/scala/gemmini/DSEConfigs.scala:184:37: type ValName in package diplomacy is deprecated (since rocketchip 2.0.0): Diplomacy has been split to a standalone library[0m
[0m[[0m[33mwarn[0m] [0m[0m        implicit val v = implicitly[ValName][0m
[0m[[0m[33mwarn[0m] [0m[0m                                    ^[0m
[0m[[0m[33mwarn[0m] [0m[0m/work/chipyard/generators/gemmini/src/main/scala/gemmini/DSEConfigs.scala:185:9: value LazyModule in package diplomacy is deprecated (since rocketchip 2.0.0): Diplomacy has been split to a standalone library[0m
[0m[[0m[33mwarn[0m] [0m[0m        LazyModule(new Gemmini(DSEConfigs.moreMemoryConfig))[0m
[0m[[0m[33mwarn[0m] [0m[0m        ^[0m
[0m[[0m[33mwarn[0m] [0m[0m/work/chipyard/generators/gemmini/src/main/scala/gemmini/DSEConfigs.scala:195:37: type ValName in package diplomacy is deprecated (since rocketchip 2.0.0): Diplomacy has been split to a standalone library[0m
[0m[[0m[33mwarn[0m] [0m[0m        implicit val v = implicitly[ValName][0m
[0m[[0m[33mwarn[0m] [0m[0m                                    ^[0m
[0m[[0m[33mwarn[0m] [0m[0m/work/chipyard/generators/gemmini/src/main/scala/gemmini/DSEConfigs.scala:196:9: value LazyModule in package diplomacy is deprecated (since rocketchip 2.0.0): Diplomacy has been split to a standalone library[0m
[0m[[0m[33mwarn[0m] [0m[0m        LazyModule(new Gemmini(DSEConfigs.moreBanksConfig))[0m
[0m[[0m[33mwarn[0m] [0m[0m        ^[0m
[0m[[0m[33mwarn[0m] [0m[0m/work/chipyard/generators/gemmini/src/main/scala/gemmini/DSEConfigs.scala:206:37: type ValName in package diplomacy is deprecated (since rocketchip 2.0.0): Diplomacy has been split to a standalone library[0m
[0m[[0m[33mwarn[0m] [0m[0m        implicit val v = implicitly[ValName][0m
[0m[[0m[33mwarn[0m] [0m[0m                                    ^[0m
[0m[[0m[33mwarn[0m] [0m[0m/work/chipyard/generators/gemmini/src/main/scala/gemmini/DSEConfigs.scala:207:9: value LazyModule in package diplomacy is deprecated (since rocketchip 2.0.0): Diplomacy has been split to a standalone library[0m
[0m[[0m[33mwarn[0m] [0m[0m        LazyModule(new Gemmini(DSEConfigs.narrowerBusConfig))[0m
[0m[[0m[33mwarn[0m] [0m[0m        ^[0m
[0m[[0m[33mwarn[0m] [0m[0m/work/chipyard/generators/gemmini/src/main/scala/gemmini/DSEConfigs.scala:217:35: type ValName in package diplomacy is deprecated (since rocketchip 2.0.0): Diplomacy has been split to a standalone library[0m
[0m[[0m[33mwarn[0m] [0m[0m      implicit val v = implicitly[ValName][0m
[0m[[0m[33mwarn[0m] [0m[0m                                  ^[0m
[0m[[0m[33mwarn[0m] [0m[0m/work/chipyard/generators/gemmini/src/main/scala/gemmini/DSEConfigs.scala:218:7: value LazyModule in package diplomacy is deprecated (since rocketchip 2.0.0): Diplomacy has been split to a standalone library[0m
[0m[[0m[33mwarn[0m] [0m[0m      LazyModule(new Gemmini(DSEConfigs.pnr16Config))[0m
[0m[[0m[33mwarn[0m] [0m[0m      ^[0m
[0m[[0m[33mwarn[0m] [0m[0m/work/chipyard/generators/gemmini/src/main/scala/gemmini/DSEConfigs.scala:228:35: type ValName in package diplomacy is deprecated (since rocketchip 2.0.0): Diplomacy has been split to a standalone library[0m
[0m[[0m[33mwarn[0m] [0m[0m      implicit val v = implicitly[ValName][0m
[0m[[0m[33mwarn[0m] [0m[0m                                  ^[0m
[0m[[0m[33mwarn[0m] [0m[0m/work/chipyard/generators/gemmini/src/main/scala/gemmini/DSEConfigs.scala:229:7: value LazyModule in package diplomacy is deprecated (since rocketchip 2.0.0): Diplomacy has been split to a standalone library[0m
[0m[[0m[33mwarn[0m] [0m[0m      LazyModule(new Gemmini(DSEConfigs.pnr32Config))[0m
[0m[[0m[33mwarn[0m] [0m[0m      ^[0m
[0m[[0m[33mwarn[0m] [0m[0m/work/chipyard/generators/gemmini/src/main/scala/gemmini/DSEConfigs.scala:239:37: type ValName in package diplomacy is deprecated (since rocketchip 2.0.0): Diplomacy has been split to a standalone library[0m
[0m[[0m[33mwarn[0m] [0m[0m        implicit val v = implicitly[ValName][0m
[0m[[0m[33mwarn[0m] [0m[0m                                    ^[0m
[0m[[0m[33mwarn[0m] [0m[0m/work/chipyard/generators/gemmini/src/main/scala/gemmini/DSEConfigs.scala:240:9: value LazyModule in package diplomacy is deprecated (since rocketchip 2.0.0): Diplomacy has been split to a standalone library[0m
[0m[[0m[33mwarn[0m] [0m[0m        LazyModule(new Gemmini(DSEConfigs.baseConfig))[0m
[0m[[0m[33mwarn[0m] [0m[0m        ^[0m
[0m[[0m[33mwarn[0m] [0m[0m/work/chipyard/generators/gemmini/src/main/scala/gemmini/Mesh.scala:81:46: method zipped in class Ops is deprecated (since 2.13.0): Use xs.lazyZip(ys).lazyZip(zs)[0m
[0m[[0m[33mwarn[0m] [0m[0m        (tile.io.in_control, in_ctrl, valid).zipped.foreach { case (tile_ctrl, ctrl, v) =>[0m
[0m[[0m[33mwarn[0m] [0m[0m                                             ^[0m
[0m[[0m[33mwarn[0m] [0m[0m/work/chipyard/generators/gemmini/src/main/scala/gemmini/Pipeline.scala:29:49: method zipped in class Ops is deprecated (since 2.13.0): Use xs.lazyZip(ys).lazyZip(zs)[0m
[0m[[0m[33mwarn[0m] [0m[0m    (stalling.init, stalling.tail, valids.init).zipped.foreach { case (s1, s2, v1) =>[0m
[0m[[0m[33mwarn[0m] [0m[0m                                                ^[0m
[0m[[0m[33mwarn[0m] [0m[0m/work/chipyard/generators/gemmini/src/main/scala/gemmini/Pipeline.scala:39:34: method zipped in class Ops is deprecated (since 2.13.0): Use xs.lazyZip(ys)[0m
[0m[[0m[33mwarn[0m] [0m[0m    (valids.init, stalling.tail).zipped.foreach { case (v1, s2) =>[0m
[0m[[0m[33mwarn[0m] [0m[0m                                 ^[0m
[0m[[0m[33mwarn[0m] [0m[0m/work/chipyard/generators/gemmini/src/main/scala/gemmini/Pipeline.scala:48:32: method zipped in class Ops is deprecated (since 2.13.0): Use xs.lazyZip(ys)[0m
[0m[[0m[33mwarn[0m] [0m[0m    (valids.tail, valids.init).zipped.foreach { case (v2, v1) =>[0m
[0m[[0m[33mwarn[0m] [0m[0m                               ^[0m
[0m[[0m[33mwarn[0m] [0m[0m/work/chipyard/generators/gemmini/src/main/scala/gemmini/ReservationStation.scala:544:14: method apply in object SynthesizePrintf is deprecated (since FireSim 1.14): This method will be removed. Annotate the printf statement directly[0m
[0m[[0m[33mwarn[0m] [0m[0m      printf(SynthesizePrintf("Utilization: %d\n", utilization))[0m
[0m[[0m[33mwarn[0m] [0m[0m             ^[0m
[0m[[0m[33mwarn[0m] [0m[0m/work/chipyard/generators/gemmini/src/main/scala/gemmini/ReservationStation.scala:545:14: method apply in object SynthesizePrintf is deprecated (since FireSim 1.14): This method will be removed. Annotate the printf statement directly[0m
[0m[[0m[33mwarn[0m] [0m[0m      printf(SynthesizePrintf("Utilization ld q (incomplete): %d\n", utilization_ld_q_unissued))[0m
[0m[[0m[33mwarn[0m] [0m[0m             ^[0m
[0m[[0m[33mwarn[0m] [0m[0m/work/chipyard/generators/gemmini/src/main/scala/gemmini/ReservationStation.scala:546:14: method apply in object SynthesizePrintf is deprecated (since FireSim 1.14): This method will be removed. Annotate the printf statement directly[0m
[0m[[0m[33mwarn[0m] [0m[0m      printf(SynthesizePrintf("Utilization st q (incomplete): %d\n", utilization_st_q_unissued))[0m
[0m[[0m[33mwarn[0m] [0m[0m             ^[0m
[0m[[0m[33mwarn[0m] [0m[0m/work/chipyard/generators/gemmini/src/main/scala/gemmini/ReservationStation.scala:547:14: method apply in object SynthesizePrintf is deprecated (since FireSim 1.14): This method will be removed. Annotate the printf statement directly[0m
[0m[[0m[33mwarn[0m] [0m[0m      printf(SynthesizePrintf("Utilization ex q (incomplete): %d\n", utilization_ex_q_unissued))[0m
[0m[[0m[33mwarn[0m] [0m[0m             ^[0m
[0m[[0m[33mwarn[0m] [0m[0m/work/chipyard/generators/gemmini/src/main/scala/gemmini/ReservationStation.scala:548:14: method apply in object SynthesizePrintf is deprecated (since FireSim 1.14): This method will be removed. Annotate the printf statement directly[0m
[0m[[0m[33mwarn[0m] [0m[0m      printf(SynthesizePrintf("Utilization ld q: %d\n", utilization_ld_q))[0m
[0m[[0m[33mwarn[0m] [0m[0m             ^[0m
[0m[[0m[33mwarn[0m] [0m[0m/work/chipyard/generators/gemmini/src/main/scala/gemmini/ReservationStation.scala:549:14: method apply in object SynthesizePrintf is deprecated (since FireSim 1.14): This method will be removed. Annotate the printf statement directly[0m
[0m[[0m[33mwarn[0m] [0m[0m      printf(SynthesizePrintf("Utilization st q: %d\n", utilization_st_q))[0m
[0m[[0m[33mwarn[0m] [0m[0m             ^[0m
[0m[[0m[33mwarn[0m] [0m[0m/work/chipyard/generators/gemmini/src/main/scala/gemmini/ReservationStation.scala:550:14: method apply in object SynthesizePrintf is deprecated (since FireSim 1.14): This method will be removed. Annotate the printf statement directly[0m
[0m[[0m[33mwarn[0m] [0m[0m      printf(SynthesizePrintf("Utilization ex q: %d\n", utilization_ex_q))[0m
[0m[[0m[33mwarn[0m] [0m[0m             ^[0m
[0m[[0m[33mwarn[0m] [0m[0m/work/chipyard/generators/gemmini/src/main/scala/gemmini/Scratchpad.scala:173:57: type LazyModule in package diplomacy is deprecated (since rocketchip 2.0.0): Diplomacy has been split to a standalone library[0m
[0m[[0m[33mwarn[0m] [0m[0m    (implicit p: Parameters, ev: Arithmetic[T]) extends LazyModule {[0m
[0m[[0m[33mwarn[0m] [0m[0m                                                        ^[0m
[0m[[0m[33mwarn[0m] [0m[0m/work/chipyard/generators/gemmini/src/main/scala/gemmini/Scratchpad.scala:189:16: value LazyModule in package diplomacy is deprecated (since rocketchip 2.0.0): Diplomacy has been split to a standalone library[0m
[0m[[0m[33mwarn[0m] [0m[0m  val reader = LazyModule(new StreamReader(config, max_in_flight_mem_reqs, dataBits, maxBytes, spad_w, acc_w, aligned_to,[0m
[0m[[0m[33mwarn[0m] [0m[0m               ^[0m
[0m[[0m[33mwarn[0m] [0m[0m/work/chipyard/generators/gemmini/src/main/scala/gemmini/Scratchpad.scala:192:16: value LazyModule in package diplomacy is deprecated (since rocketchip 2.0.0): Diplomacy has been split to a standalone library[0m
[0m[[0m[33mwarn[0m] [0m[0m  val writer = LazyModule(new StreamWriter(max_in_flight_mem_reqs, dataBits, maxBytes,[0m
[0m[[0m[33mwarn[0m] [0m[0m               ^[0m
[0m[[0m[33mwarn[0m] [0m[0m/work/chipyard/generators/gemmini/src/main/scala/gemmini/Scratchpad.scala:205:22: type LazyModuleImp in package diplomacy is deprecated (since rocketchip 2.0.0): Diplomacy has been split to a standalone library[0m
[0m[[0m[33mwarn[0m] [0m[0m  class Impl extends LazyModuleImp(this) with HasCoreParameters {[0m
[0m[[0m[33mwarn[0m] [0m[0m                     ^[0m
[0m[[0m[33mwarn[0m] [0m[0m/work/chipyard/generators/gemmini/src/main/scala/gemmini/XactTracker.scala:106:14: method apply in object SynthesizePrintf is deprecated (since FireSim 1.14): This method will be removed. Annotate the printf statement directly[0m
[0m[[0m[33mwarn[0m] [0m[0m      printf(SynthesizePrintf("RDMA total latency: %d\n", total_latency))[0m
[0m[[0m[33mwarn[0m] [0m[0m             ^[0m
[0m[[0m[33mwarn[0m] [0m[0m/work/chipyard/generators/gemmini/src/main/scala/gemmini/VectorScalarMultiplier.scala:135:32: unreachable code[0m
[0m[[0m[33mwarn[0m] [0m[0m            case b: Bool => 1.U(1.W)[0m
[0m[[0m[33mwarn[0m] [0m[0m                               ^[0m
[0m[[0m[33mwarn[0m] [0m[0m/work/chipyard/generators/boom/src/main/scala/v4/ifu/frontend.scala:324:16: Implicit definition should have explicit type (inferred freechips.rocketchip.tilelink.TLEdgeOut) [quickfixable][0m
[0m[[0m[33mwarn[0m] [0m[0m  implicit val edge = outer.masterNode.edges.out(0)[0m
[0m[[0m[33mwarn[0m] [0m[0m               ^[0m
[0m[[0m[33mwarn[0m] [0m[0m/work/chipyard/generators/constellation/src/main/scala/test/TLTestHarness.scala:68:57: Auto-application to `()` is deprecated. Supply the empty argument list `()` explicitly to invoke method serialize_cHeader,[0m
[0m[[0m[33mwarn[0m] [0m[0mor remove the empty argument list from its definition (Java-defined methods are exempt).[0m
[0m[[0m[33mwarn[0m] [0m[0mIn Scala 3, an unapplied method like this will be eta-expanded into a function.[0m
[0m[[0m[33mwarn[0m] [0m[0m  ElaborationArtefacts.add("plusArgs", PlusArgArtefacts.serialize_cHeader)[0m
[0m[[0m[33mwarn[0m] [0m[0m                                                        ^[0m
[0m[[0m[33mwarn[0m] [0m[0m/work/chipyard/generators/icenet/src/main/scala/Checksum.scala:356:52: method copyArrayToImmutableIndexedSeq in class LowPriorityImplicits2 is deprecated (since 2.13.0): Implicit conversions from Array to immutable.IndexedSeq are implemented by copying; Use the more efficient non-copying ArraySeq.unsafeWrapArray or an explicit toIndexedSeq call[0m
[0m[[0m[33mwarn[0m] [0m[0m      i => Cat(bytes.slice(i, i + 8).map(_.U(8.W)).reverse))))[0m
[0m[[0m[33mwarn[0m] [0m[0m                                                   ^[0m
[0m[[0m[33mwarn[0m] [0m[0m/work/chipyard/generators/icenet/src/main/scala/DMA.scala:17:38: type LazyModule in package diplomacy is deprecated (since rocketchip 2.0.0): Diplomacy has been split to a standalone library[0m
[0m[[0m[33mwarn[0m] [0m[0m    (implicit p: Parameters) extends LazyModule {[0m
[0m[[0m[33mwarn[0m] [0m[0m                                     ^[0m
[0m[[0m[33mwarn[0m] [0m[0m/work/chipyard/generators/icenet/src/main/scala/DMA.scala:19:14: value LazyModule in package diplomacy is deprecated (since rocketchip 2.0.0): Diplomacy has been split to a standalone library[0m
[0m[[0m[33mwarn[0m] [0m[0m  val core = LazyModule(new StreamReaderCore(nXacts, outFlits, maxBytes))[0m
[0m[[0m[33mwarn[0m] [0m[0m             ^[0m
[0m[[0m[33mwarn[0m] [0m[0m/work/chipyard/generators/icenet/src/main/scala/DMA.scala:23:22: type LazyModuleImp in package diplomacy is deprecated (since rocketchip 2.0.0): Diplomacy has been split to a standalone library[0m
[0m[[0m[33mwarn[0m] [0m[0m  class Impl extends LazyModuleImp(this) {[0m
[0m[[0m[33mwarn[0m] [0m[0m                     ^[0m
[0m[[0m[33mwarn[0m] [0m[0m/work/chipyard/generators/icenet/src/main/scala/DMA.scala:46:38: type LazyModule in package diplomacy is deprecated (since rocketchip 2.0.0): Diplomacy has been split to a standalone library[0m
[0m[[0m[33mwarn[0m] [0m[0m    (implicit p: Parameters) extends LazyModule {[0m
[0m[[0m[33mwarn[0m] [0m[0m                                     ^[0m
[0m[[0m[33mwarn[0m] [0m[0m/work/chipyard/generators/icenet/src/main/scala/DMA.scala:47:61: method apply in object TLClientParameters is deprecated: Use TLMasterParameters.v1 instead of TLClientParameters[0m
[0m[[0m[33mwarn[0m] [0m[0m  val node = TLClientNode(Seq(TLMasterPortParameters.v1(Seq(TLClientParameters([0m
[0m[[0m[33mwarn[0m] [0m[0m                                                            ^[0m
[0m[[0m[33mwarn[0m] [0m[0m/work/chipyard/generators/icenet/src/main/scala/DMA.scala:51:22: type LazyModuleImp in package diplomacy is deprecated (since rocketchip 2.0.0): Diplomacy has been split to a standalone library[0m
[0m[[0m[33mwarn[0m] [0m[0m  class Impl extends LazyModuleImp(this) {[0m
[0m[[0m[33mwarn[0m] [0m[0m                     ^[0m
[0m[[0m[33mwarn[0m] [0m[0m/work/chipyard/generators/icenet/src/main/scala/DMA.scala:183:38: type LazyModule in package diplomacy is deprecated (since rocketchip 2.0.0): Diplomacy has been split to a standalone library[0m
[0m[[0m[33mwarn[0m] [0m[0m    (implicit p: Parameters) extends LazyModule {[0m
[0m[[0m[33mwarn[0m] [0m[0m                                     ^[0m
[0m[[0m[33mwarn[0m] [0m[0m/work/chipyard/generators/icenet/src/main/scala/DMA.scala:184:61: method apply in object TLClientParameters is deprecated: Use TLMasterParameters.v1 instead of TLClientParameters[0m
[0m[[0m[33mwarn[0m] [0m[0m  val node = TLClientNode(Seq(TLMasterPortParameters.v1(Seq(TLClientParameters([0m
[0m[[0m[33mwarn[0m] [0m[0m                                                            ^[0m
[0m[[0m[33mwarn[0m] [0m[0m/work/chipyard/generators/icenet/src/main/scala/DMA.scala:188:22: type LazyModuleImp in package diplomacy is deprecated (since rocketchip 2.0.0): Diplomacy has been split to a standalone library[0m
[0m[[0m[33mwarn[0m] [0m[0m  class Impl extends LazyModuleImp(this) {[0m
[0m[[0m[33mwarn[0m] [0m[0m                     ^[0m
[0m[[0m[33mwarn[0m] [0m[0m/work/chipyard/generators/boom/src/main/scala/v4/lsu/dcache.scala:469:62: Methods without a parameter list and by-name params can no longer be converted to functions as `m _`, write a function literal `() => m` instead [quickfixable][0m
[0m[[0m[33mwarn[0m] [0m[0m  val meta = Seq.fill(lsuWidth) { Module(new L1MetadataArray(onReset _)) }[0m
[0m[[0m[33mwarn[0m] [0m[0m                                                             ^[0m
[0m[[0m[33mwarn[0m] [0m[0m/work/chipyard/generators/boom/src/main/scala/v4/lsu/dcache.scala:442:16: Implicit definition should have explicit type (inferred freechips.rocketchip.tilelink.TLEdgeOut) [quickfixable][0m
[0m[[0m[33mwarn[0m] [0m[0m  implicit val edge = outer.node.edges.out(0)[0m
[0m[[0m[33mwarn[0m] [0m[0m               ^[0m
[0m[[0m[33mwarn[0m] [0m[0m/work/chipyard/generators/icenet/src/main/scala/NIC.scala:64:11: type LazyModule in package diplomacy is deprecated (since rocketchip 2.0.0): Diplomacy has been split to a standalone library[0m
[0m[[0m[33mwarn[0m] [0m[0m  extends LazyModule with HasNICParameters[0m
[0m[[0m[33mwarn[0m] [0m[0m          ^[0m
[0m[[0m[33mwarn[0m] [0m[0m/work/chipyard/generators/icenet/src/main/scala/NIC.scala:112:90: type LazyModuleImp in package diplomacy is deprecated (since rocketchip 2.0.0): Diplomacy has been split to a standalone library[0m
[0m[[0m[33mwarn[0m] [0m[0mclass IceNiCControllerModuleImp(outer: IceNicController)(implicit p: Parameters) extends LazyModuleImp(outer) with HasNICParameters {[0m
[0m[[0m[33mwarn[0m] [0m[0m                                                                                         ^[0m
[0m[[0m[33mwarn[0m] [0m[0m/work/chipyard/generators/icenet/src/main/scala/NIC.scala:143:9: method moduleValue in package diplomacy is deprecated (since rocketchip 2.0.0): Diplomacy has been split to a standalone library[0m
[0m[[0m[33mwarn[0m] [0m[0m  outer.interrupts(0) := sendCompValid && intMask(0)[0m
[0m[[0m[33mwarn[0m] [0m[0m        ^[0m
[0m[[0m[33mwarn[0m] [0m[0m/work/chipyard/generators/icenet/src/main/scala/NIC.scala:144:9: method moduleValue in package diplomacy is deprecated (since rocketchip 2.0.0): Diplomacy has been split to a standalone library[0m
[0m[[0m[33mwarn[0m] [0m[0m  outer.interrupts(1) := recvCompQueue.io.deq.valid && intMask(1)[0m
[0m[[0m[33mwarn[0m] [0m[0m        ^[0m
[0m[[0m[33mwarn[0m] [0m[0m/work/chipyard/generators/icenet/src/main/scala/NIC.scala:187:16: value LazyModule in package diplomacy is deprecated (since rocketchip 2.0.0): Diplomacy has been split to a standalone library[0m
[0m[[0m[33mwarn[0m] [0m[0m  val reader = LazyModule(new StreamReader([0m
[0m[[0m[33mwarn[0m] [0m[0m               ^[0m
[0m[[0m[33mwarn[0m] [0m[0m/work/chipyard/generators/icenet/src/main/scala/NIC.scala:192:22: type LazyModuleImp in package diplomacy is deprecated (since rocketchip 2.0.0): Diplomacy has been split to a standalone library[0m
[0m[[0m[33mwarn[0m] [0m[0m  class Impl extends LazyModuleImp(this) {[0m
[0m[[0m[33mwarn[0m] [0m[0m                     ^[0m
[0m[[0m[33mwarn[0m] [0m[0m/work/chipyard/generators/icenet/src/main/scala/NIC.scala:256:16: value LazyModule in package diplomacy is deprecated (since rocketchip 2.0.0): Diplomacy has been split to a standalone library[0m
[0m[[0m[33mwarn[0m] [0m[0m  val writer = LazyModule(new StreamWriter(nMemXacts, maxAcquireBytes))[0m
[0m[[0m[33mwarn[0m] [0m[0m               ^[0m
[0m[[0m[33mwarn[0m] [0m[0m/work/chipyard/generators/icenet/src/main/scala/NIC.scala:260:22: type LazyModuleImp in package diplomacy is deprecated (since rocketchip 2.0.0): Diplomacy has been split to a standalone library[0m
[0m[[0m[33mwarn[0m] [0m[0m  class Impl extends LazyModuleImp(this) {[0m
[0m[[0m[33mwarn[0m] [0m[0m                     ^[0m
[0m[[0m[33mwarn[0m] [0m[0m/work/chipyard/generators/constellation/src/main/scala/test/TestHarness.scala:294:57: Auto-application to `()` is deprecated. Supply the empty argument list `()` explicitly to invoke method serialize_cHeader,[0m
[0m[[0m[33mwarn[0m] [0m[0mor remove the empty argument list from its definition (Java-defined methods are exempt).[0m
[0m[[0m[33mwarn[0m] [0m[0mIn Scala 3, an unapplied method like this will be eta-expanded into a function.[0m
[0m[[0m[33mwarn[0m] [0m[0m  ElaborationArtefacts.add("plusArgs", PlusArgArtefacts.serialize_cHeader)[0m
[0m[[0m[33mwarn[0m] [0m[0m                                                        ^[0m
[0m[[0m[33mwarn[0m] [0m[0m/work/chipyard/generators/icenet/src/main/scala/NIC.scala:294:38: type LazyModule in package diplomacy is deprecated (since rocketchip 2.0.0): Diplomacy has been split to a standalone library[0m
[0m[[0m[33mwarn[0m] [0m[0m    (implicit p: Parameters) extends LazyModule {[0m
[0m[[0m[33mwarn[0m] [0m[0m                                     ^[0m
[0m[[0m[33mwarn[0m] [0m[0m/work/chipyard/generators/icenet/src/main/scala/NIC.scala:295:16: value LazyModule in package diplomacy is deprecated (since rocketchip 2.0.0): Diplomacy has been split to a standalone library[0m
[0m[[0m[33mwarn[0m] [0m[0m  val writer = LazyModule(new IceNicWriter)[0m
[0m[[0m[33mwarn[0m] [0m[0m               ^[0m
[0m[[0m[33mwarn[0m] [0m[0m/work/chipyard/generators/icenet/src/main/scala/NIC.scala:302:13: type LazyModuleImp in package diplomacy is deprecated (since rocketchip 2.0.0): Diplomacy has been split to a standalone library[0m
[0m[[0m[33mwarn[0m] [0m[0m    extends LazyModuleImp(outer) with HasNICParameters {[0m
[0m[[0m[33mwarn[0m] [0m[0m            ^[0m
[0m[[0m[33mwarn[0m] [0m[0m/work/chipyard/generators/icenet/src/main/scala/NIC.scala:434:17: value LazyModule in package diplomacy is deprecated (since rocketchip 2.0.0): Diplomacy has been split to a standalone library[0m
[0m[[0m[33mwarn[0m] [0m[0m  val control = LazyModule(new IceNicController([0m
[0m[[0m[33mwarn[0m] [0m[0m                ^[0m
[0m[[0m[33mwarn[0m] [0m[0m/work/chipyard/generators/icenet/src/main/scala/NIC.scala:436:18: value LazyModule in package diplomacy is deprecated (since rocketchip 2.0.0): Diplomacy has been split to a standalone library[0m
[0m[[0m[33mwarn[0m] [0m[0m  val sendPath = LazyModule(new IceNicSendPath(nInputTaps))[0m
[0m[[0m[33mwarn[0m] [0m[0m                 ^[0m
[0m[[0m[33mwarn[0m] [0m[0m/work/chipyard/generators/icenet/src/main/scala/NIC.scala:437:18: value LazyModule in package diplomacy is deprecated (since rocketchip 2.0.0): Diplomacy has been split to a standalone library[0m
[0m[[0m[33mwarn[0m] [0m[0m  val recvPath = LazyModule(new IceNicRecvPath(tapOutFuncs))[0m
[0m[[0m[33mwarn[0m] [0m[0m                 ^[0m
[0m[[0m[33mwarn[0m] [0m[0m/work/chipyard/generators/icenet/src/main/scala/NIC.scala:448:22: type LazyModuleImp in package diplomacy is deprecated (since rocketchip 2.0.0): Diplomacy has been split to a standalone library[0m
[0m[[0m[33mwarn[0m] [0m[0m  class Impl extends LazyModuleImp(this) {[0m
[0m[[0m[33mwarn[0m] [0m[0m                     ^[0m
[0m[[0m[33mwarn[0m] [0m[0m/work/chipyard/generators/icenet/src/main/scala/NIC.scala:561:27: value LazyModule in package diplomacy is deprecated (since rocketchip 2.0.0): Diplomacy has been split to a standalone library[0m
[0m[[0m[33mwarn[0m] [0m[0m    val icenic = domain { LazyModule(new IceNIC(address, manager.beatBytes)) }[0m
[0m[[0m[33mwarn[0m] [0m[0m                          ^[0m
[0m[[0m[33mwarn[0m] [0m[0m/work/chipyard/generators/icenet/src/main/scala/NIC.scala:567:29: value InModuleBody in package diplomacy is deprecated (since rocketchip 2.0.0): Diplomacy has been split to a standalone library[0m
[0m[[0m[33mwarn[0m] [0m[0m    val inner_io = domain { InModuleBody {[0m
[0m[[0m[33mwarn[0m] [0m[0m                            ^[0m
[0m[[0m[33mwarn[0m] [0m[0m/work/chipyard/generators/icenet/src/main/scala/NIC.scala:573:20: value InModuleBody in package diplomacy is deprecated (since rocketchip 2.0.0): Diplomacy has been split to a standalone library[0m
[0m[[0m[33mwarn[0m] [0m[0m    val outer_io = InModuleBody {[0m
[0m[[0m[33mwarn[0m] [0m[0m                   ^[0m
[0m[[0m[33mwarn[0m] [0m[0m/work/chipyard/generators/icenet/src/main/scala/NIC.scala:575:24: method moduleValue in package diplomacy is deprecated (since rocketchip 2.0.0): Diplomacy has been split to a standalone library[0m
[0m[[0m[33mwarn[0m] [0m[0m      outer_io.bits <> inner_io[0m
[0m[[0m[33mwarn[0m] [0m[0m                       ^[0m
[0m[[0m[33mwarn[0m] [0m[0m/work/chipyard/generators/icenet/src/main/scala/NICTests.scala:17:60: type LazyModule in package diplomacy is deprecated (since rocketchip 2.0.0): Diplomacy has been split to a standalone library[0m
[0m[[0m[33mwarn[0m] [0m[0m    sendData: Seq[BigInt])(implicit p: Parameters) extends LazyModule {[0m
[0m[[0m[33mwarn[0m] [0m[0m                                                           ^[0m
[0m[[0m[33mwarn[0m] [0m[0m/work/chipyard/generators/icenet/src/main/scala/NICTests.scala:18:61: method apply in object TLClientParameters is deprecated: Use TLMasterParameters.v1 instead of TLClientParameters[0m
[0m[[0m[33mwarn[0m] [0m[0m  val node = TLClientNode(Seq(TLMasterPortParameters.v1(Seq(TLClientParameters([0m
[0m[[0m[33mwarn[0m] [0m[0m                                                            ^[0m
[0m[[0m[33mwarn[0m] [0m[0m/work/chipyard/generators/icenet/src/main/scala/NICTests.scala:22:22: type LazyModuleImp in package diplomacy is deprecated (since rocketchip 2.0.0): Diplomacy has been split to a standalone library[0m
[0m[[0m[33mwarn[0m] [0m[0m  class Impl extends LazyModuleImp(this) {[0m
[0m[[0m[33mwarn[0m] [0m[0m                     ^[0m
[0m[[0m[33mwarn[0m] [0m[0m/work/chipyard/generators/icenet/src/main/scala/NICTests.scala:109:38: type LazyModule in package diplomacy is deprecated (since rocketchip 2.0.0): Diplomacy has been split to a standalone library[0m
[0m[[0m[33mwarn[0m] [0m[0m    (implicit p: Parameters) extends LazyModule {[0m
[0m[[0m[33mwarn[0m] [0m[0m                                     ^[0m
[0m[[0m[33mwarn[0m] [0m[0m/work/chipyard/generators/icenet/src/main/scala/NICTests.scala:110:61: method apply in object TLClientParameters is deprecated: Use TLMasterParameters.v1 instead of TLClientParameters[0m
[0m[[0m[33mwarn[0m] [0m[0m  val node = TLClientNode(Seq(TLMasterPortParameters.v1(Seq(TLClientParameters([0m
[0m[[0m[33mwarn[0m] [0m[0m                                                            ^[0m
[0m[[0m[33mwarn[0m] [0m[0m/work/chipyard/generators/icenet/src/main/scala/NICTests.scala:114:22: type LazyModuleImp in package diplomacy is deprecated (since rocketchip 2.0.0): Diplomacy has been split to a standalone library[0m
[0m[[0m[33mwarn[0m] [0m[0m  class Impl extends LazyModuleImp(this) {[0m
[0m[[0m[33mwarn[0m] [0m[0m                     ^[0m
[0m[[0m[33mwarn[0m] [0m[0m/work/chipyard/generators/icenet/src/main/scala/NICTests.scala:196:20: value LazyModule in package diplomacy is deprecated (since rocketchip 2.0.0): Diplomacy has been split to a standalone library[0m
[0m[[0m[33mwarn[0m] [0m[0m  val recvDriver = LazyModule(new IceNicTestRecvDriver(recvReqs, recvData))[0m
[0m[[0m[33mwarn[0m] [0m[0m                   ^[0m
[0m[[0m[33mwarn[0m] [0m[0m/work/chipyard/generators/icenet/src/main/scala/NICTests.scala:197:18: value LazyModule in package diplomacy is deprecated (since rocketchip 2.0.0): Diplomacy has been split to a standalone library[0m
[0m[[0m[33mwarn[0m] [0m[0m  val recvPath = LazyModule(new IceNicRecvPath()(nicParams))[0m
[0m[[0m[33mwarn[0m] [0m[0m                 ^[0m
[0m[[0m[33mwarn[0m] [0m[0m/work/chipyard/generators/icenet/src/main/scala/NICTests.scala:198:14: value LazyModule in package diplomacy is deprecated (since rocketchip 2.0.0): Diplomacy has been split to a standalone library[0m
[0m[[0m[33mwarn[0m] [0m[0m  val xbar = LazyModule(new TLXbar)[0m
[0m[[0m[33mwarn[0m] [0m[0m             ^[0m
[0m[[0m[33mwarn[0m] [0m[0m/work/chipyard/generators/icenet/src/main/scala/NICTests.scala:199:13: value LazyModule in package diplomacy is deprecated (since rocketchip 2.0.0): Diplomacy has been split to a standalone library[0m
[0m[[0m[33mwarn[0m] [0m[0m  val mem = LazyModule(new TLRAM([0m
[0m[[0m[33mwarn[0m] [0m[0m            ^[0m
[0m[[0m[33mwarn[0m] [0m[0m/work/chipyard/generators/icenet/src/main/scala/NICTests.scala:212:22: type LazyModuleImp in package diplomacy is deprecated (since rocketchip 2.0.0): Diplomacy has been split to a standalone library[0m
[0m[[0m[33mwarn[0m] [0m[0m  class Impl extends LazyModuleImp(this) {[0m
[0m[[0m[33mwarn[0m] [0m[0m                     ^[0m
[0m[[0m[33mwarn[0m] [0m[0m/work/chipyard/generators/icenet/src/main/scala/NICTests.scala:226:21: value LazyModule in package diplomacy is deprecated (since rocketchip 2.0.0): Diplomacy has been split to a standalone library[0m
[0m[[0m[33mwarn[0m] [0m[0m  val test = Module(LazyModule(new IceNicRecvTest).module)[0m
[0m[[0m[33mwarn[0m] [0m[0m                    ^[0m
[0m[[0m[33mwarn[0m] [0m[0m/work/chipyard/generators/icenet/src/main/scala/NICTests.scala:231:54: type LazyModule in package diplomacy is deprecated (since rocketchip 2.0.0): Diplomacy has been split to a standalone library[0m
[0m[[0m[33mwarn[0m] [0m[0mclass IceNicSendTest(implicit p: Parameters) extends LazyModule {[0m
[0m[[0m[33mwarn[0m] [0m[0m                                                     ^[0m
[0m[[0m[33mwarn[0m] [0m[0m/work/chipyard/generators/icenet/src/main/scala/NICTests.scala:251:18: value LazyModule in package diplomacy is deprecated (since rocketchip 2.0.0): Diplomacy has been split to a standalone library[0m
[0m[[0m[33mwarn[0m] [0m[0m  val sendPath = LazyModule(new IceNicSendPath)[0m
[0m[[0m[33mwarn[0m] [0m[0m                 ^[0m
[0m[[0m[33mwarn[0m] [0m[0m/work/chipyard/generators/icenet/src/main/scala/NICTests.scala:252:13: value LazyModule in package diplomacy is deprecated (since rocketchip 2.0.0): Diplomacy has been split to a standalone library[0m
[0m[[0m[33mwarn[0m] [0m[0m  val rom = LazyModule(new TLROM(0, 64,[0m
[0m[[0m[33mwarn[0m] [0m[0m            ^[0m
[0m[[0m[33mwarn[0m] [0m[0m/work/chipyard/generators/icenet/src/main/scala/NICTests.scala:264:22: type LazyModuleImp in package diplomacy is deprecated (since rocketchip 2.0.0): Diplomacy has been split to a standalone library[0m
[0m[[0m[33mwarn[0m] [0m[0m  class Impl extends LazyModuleImp(this) {[0m
[0m[[0m[33mwarn[0m] [0m[0m                     ^[0m
[0m[[0m[33mwarn[0m] [0m[0m/work/chipyard/generators/icenet/src/main/scala/NICTests.scala:300:21: value LazyModule in package diplomacy is deprecated (since rocketchip 2.0.0): Diplomacy has been split to a standalone library[0m
[0m[[0m[33mwarn[0m] [0m[0m  val test = Module(LazyModule(new IceNicSendTest).module)[0m
[0m[[0m[33mwarn[0m] [0m[0m                    ^[0m
[0m[[0m[33mwarn[0m] [0m[0m/work/chipyard/generators/constellation/src/main/scala/test/TrafficEvalHarness.scala:159:57: Auto-application to `()` is deprecated. Supply the empty argument list `()` explicitly to invoke method serialize_cHeader,[0m
[0m[[0m[33mwarn[0m] [0m[0mor remove the empty argument list from its definition (Java-defined methods are exempt).[0m
[0m[[0m[33mwarn[0m] [0m[0mIn Scala 3, an unapplied method like this will be eta-expanded into a function.[0m
[0m[[0m[33mwarn[0m] [0m[0m  ElaborationArtefacts.add("plusArgs", PlusArgArtefacts.serialize_cHeader)[0m
[0m[[0m[33mwarn[0m] [0m[0m                                                        ^[0m
[0m[[0m[33mwarn[0m] [0m[0m/work/chipyard/generators/icenet/src/main/scala/NICTests.scala:313:20: value LazyModule in package diplomacy is deprecated (since rocketchip 2.0.0): Diplomacy has been split to a standalone library[0m
[0m[[0m[33mwarn[0m] [0m[0m  val sendDriver = LazyModule(new IceNicTestSendDriver(sendReqs, testData))[0m
[0m[[0m[33mwarn[0m] [0m[0m                   ^[0m
[0m[[0m[33mwarn[0m] [0m[0m/work/chipyard/generators/icenet/src/main/scala/NICTests.scala:314:20: value LazyModule in package diplomacy is deprecated (since rocketchip 2.0.0): Diplomacy has been split to a standalone library[0m
[0m[[0m[33mwarn[0m] [0m[0m  val recvDriver = LazyModule(new IceNicTestRecvDriver(recvReqs, testData))[0m
[0m[[0m[33mwarn[0m] [0m[0m                   ^[0m
[0m[[0m[33mwarn[0m] [0m[0m/work/chipyard/generators/icenet/src/main/scala/NICTests.scala:315:18: value LazyModule in package diplomacy is deprecated (since rocketchip 2.0.0): Diplomacy has been split to a standalone library[0m
[0m[[0m[33mwarn[0m] [0m[0m  val sendPath = LazyModule(new IceNicSendPath)[0m
[0m[[0m[33mwarn[0m] [0m[0m                 ^[0m
[0m[[0m[33mwarn[0m] [0m[0m/work/chipyard/generators/icenet/src/main/scala/NICTests.scala:316:18: value LazyModule in package diplomacy is deprecated (since rocketchip 2.0.0): Diplomacy has been split to a standalone library[0m
[0m[[0m[33mwarn[0m] [0m[0m  val recvPath = LazyModule(new IceNicRecvPath)[0m
[0m[[0m[33mwarn[0m] [0m[0m                 ^[0m
[0m[[0m[33mwarn[0m] [0m[0m/work/chipyard/generators/icenet/src/main/scala/NICTests.scala:317:14: value LazyModule in package diplomacy is deprecated (since rocketchip 2.0.0): Diplomacy has been split to a standalone library[0m
[0m[[0m[33mwarn[0m] [0m[0m  val xbar = LazyModule(new TLXbar)[0m
[0m[[0m[33mwarn[0m] [0m[0m             ^[0m
[0m[[0m[33mwarn[0m] [0m[0m/work/chipyard/generators/icenet/src/main/scala/NICTests.scala:318:13: value LazyModule in package diplomacy is deprecated (since rocketchip 2.0.0): Diplomacy has been split to a standalone library[0m
[0m[[0m[33mwarn[0m] [0m[0m  val mem = LazyModule(new TLRAM([0m
[0m[[0m[33mwarn[0m] [0m[0m            ^[0m
[0m[[0m[33mwarn[0m] [0m[0m/work/chipyard/generators/icenet/src/main/scala/NICTests.scala:334:22: type LazyModuleImp in package diplomacy is deprecated (since rocketchip 2.0.0): Diplomacy has been split to a standalone library[0m
[0m[[0m[33mwarn[0m] [0m[0m  class Impl extends LazyModuleImp(this) {[0m
[0m[[0m[33mwarn[0m] [0m[0m                     ^[0m
[0m[[0m[33mwarn[0m] [0m[0m/work/chipyard/generators/icenet/src/main/scala/NICTests.scala:375:21: value LazyModule in package diplomacy is deprecated (since rocketchip 2.0.0): Diplomacy has been split to a standalone library[0m
[0m[[0m[33mwarn[0m] [0m[0m  val test = Module(LazyModule(new IceNicTest).module)[0m
[0m[[0m[33mwarn[0m] [0m[0m                    ^[0m
[0m[[0m[33mwarn[0m] [0m[0m/work/chipyard/generators/icenet/src/main/scala/NICTests.scala:470:18: value LazyModule in package diplomacy is deprecated (since rocketchip 2.0.0): Diplomacy has been split to a standalone library[0m
[0m[[0m[33mwarn[0m] [0m[0m  val sendpath = LazyModule(new IceNicSendPath)[0m
[0m[[0m[33mwarn[0m] [0m[0m                 ^[0m
[0m[[0m[33mwarn[0m] [0m[0m/work/chipyard/generators/icenet/src/main/scala/NICTests.scala:471:18: value LazyModule in package diplomacy is deprecated (since rocketchip 2.0.0): Diplomacy has been split to a standalone library[0m
[0m[[0m[33mwarn[0m] [0m[0m  val recvpath = LazyModule(new IceNicRecvPath)[0m
[0m[[0m[33mwarn[0m] [0m[0m                 ^[0m
[0m[[0m[33mwarn[0m] [0m[0m/work/chipyard/generators/icenet/src/main/scala/NICTests.scala:473:14: value LazyModule in package diplomacy is deprecated (since rocketchip 2.0.0): Diplomacy has been split to a standalone library[0m
[0m[[0m[33mwarn[0m] [0m[0m  val xbar = LazyModule(new TLXbar)[0m
[0m[[0m[33mwarn[0m] [0m[0m             ^[0m
[0m[[0m[33mwarn[0m] [0m[0m/work/chipyard/generators/icenet/src/main/scala/NICTests.scala:474:13: value LazyModule in package diplomacy is deprecated (since rocketchip 2.0.0): Diplomacy has been split to a standalone library[0m
[0m[[0m[33mwarn[0m] [0m[0m  val mem = LazyModule(new TLRAM([0m
[0m[[0m[33mwarn[0m] [0m[0m            ^[0m
[0m[[0m[33mwarn[0m] [0m[0m/work/chipyard/generators/icenet/src/main/scala/NICTests.scala:483:22: type LazyModuleImp in package diplomacy is deprecated (since rocketchip 2.0.0): Diplomacy has been split to a standalone library[0m
[0m[[0m[33mwarn[0m] [0m[0m  class Impl extends LazyModuleImp(this) {[0m
[0m[[0m[33mwarn[0m] [0m[0m                     ^[0m
[0m[[0m[33mwarn[0m] [0m[0m/work/chipyard/generators/icenet/src/main/scala/NICTests.scala:507:21: value LazyModule in package diplomacy is deprecated (since rocketchip 2.0.0): Diplomacy has been split to a standalone library[0m
[0m[[0m[33mwarn[0m] [0m[0m  val test = Module(LazyModule(new MisalignedTest).module)[0m
[0m[[0m[33mwarn[0m] [0m[0m                    ^[0m
[0m[[0m[33mwarn[0m] [0m[0m/work/chipyard/generators/icenet/src/main/scala/TCAM.scala:18:38: type LazyModule in package diplomacy is deprecated (since rocketchip 2.0.0): Diplomacy has been split to a standalone library[0m
[0m[[0m[33mwarn[0m] [0m[0m    (implicit p: Parameters) extends LazyModule {[0m
[0m[[0m[33mwarn[0m] [0m[0m                                     ^[0m
[0m[[0m[33mwarn[0m] [0m[0m/work/chipyard/generators/icenet/src/main/scala/TCAM.scala:33:39: type LazyModuleImp in package diplomacy is deprecated (since rocketchip 2.0.0): Diplomacy has been split to a standalone library[0m
[0m[[0m[33mwarn[0m] [0m[0mclass TCAMModule(outer: TCAM) extends LazyModuleImp(outer) {[0m
[0m[[0m[33mwarn[0m] [0m[0m                                      ^[0m
[0m[[0m[33mwarn[0m] [0m[0m1090 feature warnings; re-run with -feature for details[0m
[0m[[0m[33mwarn[0m] [0m[0m62 warnings found[0m
[0m[[0m[0minfo[0m] [0m[0mdone compiling[0m
[0m[[0m[33mwarn[0m] [0m[0m/work/chipyard/generators/boom/src/main/scala/v4/lsu/tlb.scala:89:58: procedure syntax is deprecated: instead, add `: Unit =` to explicitly declare `insert`'s return type [quickfixable][0m
[0m[[0m[33mwarn[0m] [0m[0m    def insert(tag: UInt, level: UInt, entry: EntryData) {[0m
[0m[[0m[33mwarn[0m] [0m[0m                                                         ^[0m
[0m[[0m[33mwarn[0m] [0m[0m/work/chipyard/generators/boom/src/main/scala/v4/lsu/tlb.scala:98:22: procedure syntax is deprecated: instead, add `: Unit =` to explicitly declare `invalidate`'s return type [quickfixable][0m
[0m[[0m[33mwarn[0m] [0m[0m    def invalidate() { valid.foreach(_ := false.B) }[0m
[0m[[0m[33mwarn[0m] [0m[0m                     ^[0m
[0m[[0m[33mwarn[0m] [0m[0m/work/chipyard/generators/boom/src/main/scala/v4/lsu/tlb.scala:99:34: procedure syntax is deprecated: instead, add `: Unit =` to explicitly declare `invalidateVPN`'s return type [quickfixable][0m
[0m[[0m[33mwarn[0m] [0m[0m    def invalidateVPN(vpn: UInt) {[0m
[0m[[0m[33mwarn[0m] [0m[0m                                 ^[0m
[0m[[0m[33mwarn[0m] [0m[0m/work/chipyard/generators/boom/src/main/scala/v4/lsu/tlb.scala:113:31: procedure syntax is deprecated: instead, add `: Unit =` to explicitly declare `invalidateNonGlobal`'s return type [quickfixable][0m
[0m[[0m[33mwarn[0m] [0m[0m    def invalidateNonGlobal() {[0m
[0m[[0m[33mwarn[0m] [0m[0m                              ^[0m
[0m[[0m[0minfo[0m] [0m[0mcompiling 5 Scala sources to /work/chipyard/generators/ara/target/scala-2.13/classes ...[0m
[0m[[0m[33mwarn[0m] [0m[0m/work/chipyard/generators/testchipip/src/main/scala/serdes/Bundles.scala:61:36: procedure syntax is deprecated: instead, add `: Unit =` to explicitly declare `flipConnect`'s return type[0m
[0m[[0m[33mwarn[0m] [0m[0m  def flipConnect(other: SerialIO) {[0m
[0m[[0m[33mwarn[0m] [0m[0m                                   ^[0m
[0m[[0m[0minfo[0m] [0m[0mcompiling 58 Scala sources to /work/chipyard/generators/saturn/target/scala-2.13/classes ...[0m
[0m[[0m[33mwarn[0m] [0m[0m/work/chipyard/generators/saturn/src/main/scala/common/Consts.scala:14:7: Pattern definition introduces Unit-valued member of OPIFunct6; consider wrapping it in `locally { ... }`.[0m
[0m[[0m[33mwarn[0m] [0m[0m  val _ = Value[0m
[0m[[0m[33mwarn[0m] [0m[0m      ^[0m
[0m[[0m[33mwarn[0m] [0m[0m/work/chipyard/generators/saturn/src/main/scala/common/Consts.scala:16:7: Pattern definition introduces Unit-valued member of OPIFunct6; consider wrapping it in `locally { ... }`.[0m
[0m[[0m[33mwarn[0m] [0m[0m  val _ = Value[0m
[0m[[0m[33mwarn[0m] [0m[0m      ^[0m
[0m[[0m[33mwarn[0m] [0m[0m/work/chipyard/generators/saturn/src/main/scala/common/Consts.scala:22:17: Pattern definition introduces Unit-valued member of OPIFunct6; consider wrapping it in `locally { ... }`.[0m
[0m[[0m[33mwarn[0m] [0m[0m  val ror, rol, _ = Value[0m
[0m[[0m[33mwarn[0m] [0m[0m                ^[0m
[0m[[0m[33mwarn[0m] [0m[0m/work/chipyard/generators/saturn/src/main/scala/common/Consts.scala:26:7: Pattern definition introduces Unit-valued member of OPIFunct6; consider wrapping it in `locally { ... }`.[0m
[0m[[0m[33mwarn[0m] [0m[0m  val _ = Value[0m
[0m[[0m[33mwarn[0m] [0m[0m      ^[0m
[0m[[0m[33mwarn[0m] [0m[0m/work/chipyard/generators/saturn/src/main/scala/common/Consts.scala:28:7: Pattern definition introduces Unit-valued member of OPIFunct6; consider wrapping it in `locally { ... }`.[0m
[0m[[0m[33mwarn[0m] [0m[0m  val _ = Value[0m
[0m[[0m[33mwarn[0m] [0m[0m      ^[0m
[0m[[0m[33mwarn[0m] [0m[0m/work/chipyard/generators/saturn/src/main/scala/common/Consts.scala:33:7: Pattern definition introduces Unit-valued member of OPIFunct6; consider wrapping it in `locally { ... }`.[0m
[0m[[0m[33mwarn[0m] [0m[0m  val _, _, _ = Value[0m
[0m[[0m[33mwarn[0m] [0m[0m      ^[0m
[0m[[0m[33mwarn[0m] [0m[0m/work/chipyard/generators/saturn/src/main/scala/common/Consts.scala:33:10: Pattern definition introduces Unit-valued member of OPIFunct6; consider wrapping it in `locally { ... }`.[0m
[0m[[0m[33mwarn[0m] [0m[0m  val _, _, _ = Value[0m
[0m[[0m[33mwarn[0m] [0m[0m         ^[0m
[0m[[0m[33mwarn[0m] [0m[0m/work/chipyard/generators/saturn/src/main/scala/common/Consts.scala:33:13: Pattern definition introduces Unit-valued member of OPIFunct6; consider wrapping it in `locally { ... }`.[0m
[0m[[0m[33mwarn[0m] [0m[0m  val _, _, _ = Value[0m
[0m[[0m[33mwarn[0m] [0m[0m            ^[0m
[0m[[0m[33mwarn[0m] [0m[0m/work/chipyard/generators/saturn/src/main/scala/common/Consts.scala:41:7: Pattern definition introduces Unit-valued member of OPMFunct6; consider wrapping it in `locally { ... }`.[0m
[0m[[0m[33mwarn[0m] [0m[0m  val _, _ = Value[0m
[0m[[0m[33mwarn[0m] [0m[0m      ^[0m
[0m[[0m[33mwarn[0m] [0m[0m/work/chipyard/generators/saturn/src/main/scala/common/Consts.scala:41:10: Pattern definition introduces Unit-valued member of OPMFunct6; consider wrapping it in `locally { ... }`.[0m
[0m[[0m[33mwarn[0m] [0m[0m  val _, _ = Value[0m
[0m[[0m[33mwarn[0m] [0m[0m         ^[0m
[0m[[0m[33mwarn[0m] [0m[0m/work/chipyard/generators/saturn/src/main/scala/common/Consts.scala:45:7: Pattern definition introduces Unit-valued member of OPMFunct6; consider wrapping it in `locally { ... }`.[0m
[0m[[0m[33mwarn[0m] [0m[0m  val _ = Value[0m
[0m[[0m[33mwarn[0m] [0m[0m      ^[0m
[0m[[0m[33mwarn[0m] [0m[0m/work/chipyard/generators/saturn/src/main/scala/common/Consts.scala:47:7: Pattern definition introduces Unit-valued member of OPMFunct6; consider wrapping it in `locally { ... }`.[0m
[0m[[0m[33mwarn[0m] [0m[0m  val _ = Value[0m
[0m[[0m[33mwarn[0m] [0m[0m      ^[0m
[0m[[0m[33mwarn[0m] [0m[0m/work/chipyard/generators/saturn/src/main/scala/common/Consts.scala:49:7: Pattern definition introduces Unit-valued member of OPMFunct6; consider wrapping it in `locally { ... }`.[0m
[0m[[0m[33mwarn[0m] [0m[0m  val _, _ = Value[0m
[0m[[0m[33mwarn[0m] [0m[0m      ^[0m
[0m[[0m[33mwarn[0m] [0m[0m/work/chipyard/generators/saturn/src/main/scala/common/Consts.scala:49:10: Pattern definition introduces Unit-valued member of OPMFunct6; consider wrapping it in `locally { ... }`.[0m
[0m[[0m[33mwarn[0m] [0m[0m  val _, _ = Value[0m
[0m[[0m[33mwarn[0m] [0m[0m         ^[0m
[0m[[0m[33mwarn[0m] [0m[0m/work/chipyard/generators/saturn/src/main/scala/common/Consts.scala:53:7: Pattern definition introduces Unit-valued member of OPMFunct6; consider wrapping it in `locally { ... }`.[0m
[0m[[0m[33mwarn[0m] [0m[0m  val _ = Value[0m
[0m[[0m[33mwarn[0m] [0m[0m      ^[0m
[0m[[0m[33mwarn[0m] [0m[0m/work/chipyard/generators/saturn/src/main/scala/common/Consts.scala:55:7: Pattern definition introduces Unit-valued member of OPMFunct6; consider wrapping it in `locally { ... }`.[0m
[0m[[0m[33mwarn[0m] [0m[0m  val _ = Value[0m
[0m[[0m[33mwarn[0m] [0m[0m      ^[0m
[0m[[0m[33mwarn[0m] [0m[0m/work/chipyard/generators/saturn/src/main/scala/common/Consts.scala:57:7: Pattern definition introduces Unit-valued member of OPMFunct6; consider wrapping it in `locally { ... }`.[0m
[0m[[0m[33mwarn[0m] [0m[0m  val _ = Value[0m
[0m[[0m[33mwarn[0m] [0m[0m      ^[0m
[0m[[0m[33mwarn[0m] [0m[0m/work/chipyard/generators/saturn/src/main/scala/common/Consts.scala:59:7: Pattern definition introduces Unit-valued member of OPMFunct6; consider wrapping it in `locally { ... }`.[0m
[0m[[0m[33mwarn[0m] [0m[0m  val _ = Value[0m
[0m[[0m[33mwarn[0m] [0m[0m      ^[0m
[0m[[0m[33mwarn[0m] [0m[0m/work/chipyard/generators/saturn/src/main/scala/common/Consts.scala:63:7: Pattern definition introduces Unit-valued member of OPMFunct6; consider wrapping it in `locally { ... }`.[0m
[0m[[0m[33mwarn[0m] [0m[0m  val _ = Value[0m
[0m[[0m[33mwarn[0m] [0m[0m      ^[0m
[0m[[0m[33mwarn[0m] [0m[0m/work/chipyard/generators/saturn/src/main/scala/common/Consts.scala:71:7: Pattern definition introduces Unit-valued member of OPFFunct6; consider wrapping it in `locally { ... }`.[0m
[0m[[0m[33mwarn[0m] [0m[0m  val _, _, _ = Value[0m
[0m[[0m[33mwarn[0m] [0m[0m      ^[0m
[0m[[0m[33mwarn[0m] [0m[0m/work/chipyard/generators/saturn/src/main/scala/common/Consts.scala:71:10: Pattern definition introduces Unit-valued member of OPFFunct6; consider wrapping it in `locally { ... }`.[0m
[0m[[0m[33mwarn[0m] [0m[0m  val _, _, _ = Value[0m
[0m[[0m[33mwarn[0m] [0m[0m         ^[0m
[0m[[0m[33mwarn[0m] [0m[0m/work/chipyard/generators/saturn/src/main/scala/common/Consts.scala:71:13: Pattern definition introduces Unit-valued member of OPFFunct6; consider wrapping it in `locally { ... }`.[0m
[0m[[0m[33mwarn[0m] [0m[0m  val _, _, _ = Value[0m
[0m[[0m[33mwarn[0m] [0m[0m            ^[0m
[0m[[0m[33mwarn[0m] [0m[0m/work/chipyard/generators/saturn/src/main/scala/common/Consts.scala:74:7: Pattern definition introduces Unit-valued member of OPFFunct6; consider wrapping it in `locally { ... }`.[0m
[0m[[0m[33mwarn[0m] [0m[0m  val _ = Value[0m
[0m[[0m[33mwarn[0m] [0m[0m      ^[0m
[0m[[0m[33mwarn[0m] [0m[0m/work/chipyard/generators/saturn/src/main/scala/common/Consts.scala:76:7: Pattern definition introduces Unit-valued member of OPFFunct6; consider wrapping it in `locally { ... }`.[0m
[0m[[0m[33mwarn[0m] [0m[0m  val _, _, _ = Value[0m
[0m[[0m[33mwarn[0m] [0m[0m      ^[0m
[0m[[0m[33mwarn[0m] [0m[0m/work/chipyard/generators/saturn/src/main/scala/common/Consts.scala:76:10: Pattern definition introduces Unit-valued member of OPFFunct6; consider wrapping it in `locally { ... }`.[0m
[0m[[0m[33mwarn[0m] [0m[0m  val _, _, _ = Value[0m
[0m[[0m[33mwarn[0m] [0m[0m         ^[0m
[0m[[0m[33mwarn[0m] [0m[0m/work/chipyard/generators/saturn/src/main/scala/common/Consts.scala:76:13: Pattern definition introduces Unit-valued member of OPFFunct6; consider wrapping it in `locally { ... }`.[0m
[0m[[0m[33mwarn[0m] [0m[0m  val _, _, _ = Value[0m
[0m[[0m[33mwarn[0m] [0m[0m            ^[0m
[0m[[0m[33mwarn[0m] [0m[0m/work/chipyard/generators/saturn/src/main/scala/common/Consts.scala:78:7: Pattern definition introduces Unit-valued member of OPFFunct6; consider wrapping it in `locally { ... }`.[0m
[0m[[0m[33mwarn[0m] [0m[0m  val _ = Value[0m
[0m[[0m[33mwarn[0m] [0m[0m      ^[0m
[0m[[0m[33mwarn[0m] [0m[0m/work/chipyard/generators/saturn/src/main/scala/common/Consts.scala:80:7: Pattern definition introduces Unit-valued member of OPFFunct6; consider wrapping it in `locally { ... }`.[0m
[0m[[0m[33mwarn[0m] [0m[0m  val _ = Value[0m
[0m[[0m[33mwarn[0m] [0m[0m      ^[0m
[0m[[0m[33mwarn[0m] [0m[0m/work/chipyard/generators/saturn/src/main/scala/common/Consts.scala:82:7: Pattern definition introduces Unit-valued member of OPFFunct6; consider wrapping it in `locally { ... }`.[0m
[0m[[0m[33mwarn[0m] [0m[0m  val _, _ = Value[0m
[0m[[0m[33mwarn[0m] [0m[0m      ^[0m
[0m[[0m[33mwarn[0m] [0m[0m/work/chipyard/generators/saturn/src/main/scala/common/Consts.scala:82:10: Pattern definition introduces Unit-valued member of OPFFunct6; consider wrapping it in `locally { ... }`.[0m
[0m[[0m[33mwarn[0m] [0m[0m  val _, _ = Value[0m
[0m[[0m[33mwarn[0m] [0m[0m         ^[0m
[0m[[0m[33mwarn[0m] [0m[0m/work/chipyard/generators/saturn/src/main/scala/common/Consts.scala:84:7: Pattern definition introduces Unit-valued member of OPFFunct6; consider wrapping it in `locally { ... }`.[0m
[0m[[0m[33mwarn[0m] [0m[0m  val _, _ = Value[0m
[0m[[0m[33mwarn[0m] [0m[0m      ^[0m
[0m[[0m[33mwarn[0m] [0m[0m/work/chipyard/generators/saturn/src/main/scala/common/Consts.scala:84:10: Pattern definition introduces Unit-valued member of OPFFunct6; consider wrapping it in `locally { ... }`.[0m
[0m[[0m[33mwarn[0m] [0m[0m  val _, _ = Value[0m
[0m[[0m[33mwarn[0m] [0m[0m         ^[0m
[0m[[0m[33mwarn[0m] [0m[0m/work/chipyard/generators/saturn/src/main/scala/common/Consts.scala:87:15: Pattern definition introduces Unit-valued member of OPFFunct6; consider wrapping it in `locally { ... }`.[0m
[0m[[0m[33mwarn[0m] [0m[0m  val fwaddw, _, fwsubw, _, fwmul, _, _, _, fwmacc, fwnmacc, fwmsac, fwnmsac = Value[0m
[0m[[0m[33mwarn[0m] [0m[0m              ^[0m
[0m[[0m[33mwarn[0m] [0m[0m/work/chipyard/generators/saturn/src/main/scala/common/Consts.scala:87:26: Pattern definition introduces Unit-valued member of OPFFunct6; consider wrapping it in `locally { ... }`.[0m
[0m[[0m[33mwarn[0m] [0m[0m  val fwaddw, _, fwsubw, _, fwmul, _, _, _, fwmacc, fwnmacc, fwmsac, fwnmsac = Value[0m
[0m[[0m[33mwarn[0m] [0m[0m                         ^[0m
[0m[[0m[33mwarn[0m] [0m[0m/work/chipyard/generators/saturn/src/main/scala/common/Consts.scala:87:36: Pattern definition introduces Unit-valued member of OPFFunct6; consider wrapping it in `locally { ... }`.[0m
[0m[[0m[33mwarn[0m] [0m[0m  val fwaddw, _, fwsubw, _, fwmul, _, _, _, fwmacc, fwnmacc, fwmsac, fwnmsac = Value[0m
[0m[[0m[33mwarn[0m] [0m[0m                                   ^[0m
[0m[[0m[33mwarn[0m] [0m[0m/work/chipyard/generators/saturn/src/main/scala/common/Consts.scala:87:39: Pattern definition introduces Unit-valued member of OPFFunct6; consider wrapping it in `locally { ... }`.[0m
[0m[[0m[33mwarn[0m] [0m[0m  val fwaddw, _, fwsubw, _, fwmul, _, _, _, fwmacc, fwnmacc, fwmsac, fwnmsac = Value[0m
[0m[[0m[33mwarn[0m] [0m[0m                                      ^[0m
[0m[[0m[33mwarn[0m] [0m[0m/work/chipyard/generators/saturn/src/main/scala/common/Consts.scala:87:42: Pattern definition introduces Unit-valued member of OPFFunct6; consider wrapping it in `locally { ... }`.[0m
[0m[[0m[33mwarn[0m] [0m[0m  val fwaddw, _, fwsubw, _, fwmul, _, _, _, fwmacc, fwnmacc, fwmsac, fwnmsac = Value[0m
[0m[[0m[33mwarn[0m] [0m[0m                                         ^[0m
[0m[[0m[33mwarn[0m] [0m[0m/work/chipyard/generators/saturn/src/main/scala/common/DCEQueue.scala:21:27: reference to entries is ambiguous;[0m
[0m[[0m[33mwarn[0m] [0m[0mit is both defined in the enclosing class DCEQueue and inherited in the enclosing anonymous class as value entries (defined in class QueueIO)[0m
[0m[[0m[33mwarn[0m] [0m[0mIn Scala 2, symbols inherited from a superclass shadow symbols defined in an outer scope.[0m
[0m[[0m[33mwarn[0m] [0m[0mSuch references are ambiguous in Scala 3. To continue using the inherited symbol, write `this.entries`.[0m
[0m[[0m[33mwarn[0m] [0m[0mOr use `-Wconf:msg=legacy-binding:s` to silence this warning. [quickfixable][0m
[0m[[0m[33mwarn[0m] [0m[0m    val peek = Output(Vec(entries, Valid(gen)))[0m
[0m[[0m[33mwarn[0m] [0m[0m                          ^[0m
[0m[[0m[33mwarn[0m] [0m[0m/work/chipyard/generators/testchipip/src/main/scala/serdes/Stream.scala:20:36: procedure syntax is deprecated: instead, add `: Unit =` to explicitly declare `flipConnect`'s return type[0m
[0m[[0m[33mwarn[0m] [0m[0m  def flipConnect(other: StreamIO) {[0m
[0m[[0m[33mwarn[0m] [0m[0m                                   ^[0m
[0m[[0m[33mwarn[0m] [0m[0m/work/chipyard/generators/testchipip/src/main/scala/serdes/Stream.scala:114:78: procedure syntax is deprecated: instead, add `: Unit =` to explicitly declare `apply`'s return type[0m
[0m[[0m[33mwarn[0m] [0m[0m  def apply(out: DecoupledIO[StreamChannel], in: DecoupledIO[StreamChannel]) {[0m
[0m[[0m[33mwarn[0m] [0m[0m                                                                             ^[0m
[0m[[0m[33mwarn[0m] [0m[0m/work/chipyard/generators/testchipip/src/main/scala/serdes/Stream.scala:128:39: procedure syntax is deprecated: instead, add `: Unit =` to explicitly declare `apply`'s return type[0m
[0m[[0m[33mwarn[0m] [0m[0m  def apply(a: StreamIO, b: StreamIO) {[0m
[0m[[0m[33mwarn[0m] [0m[0m                                      ^[0m
[0m[[0m[33mwarn[0m] [0m[0m/work/chipyard/generators/testchipip/src/main/scala/serdes/Stream.scala:138:41: procedure syntax is deprecated: instead, add `: Unit =` to explicitly declare `flipConnect`'s return type[0m
[0m[[0m[33mwarn[0m] [0m[0m  def flipConnect(other: ValidStreamIO) {[0m
[0m[[0m[33mwarn[0m] [0m[0m                                        ^[0m
[0m[[0m[33mwarn[0m] [0m[0m100 warnings found[0m
[0m[[0m[0minfo[0m] [0m[0mdone compiling[0m
[0m[[0m[33mwarn[0m] [0m[0m/work/chipyard/generators/ara/src/main/scala/AraVectorUnit.scala:17:26: type LazyModule in package diplomacy is deprecated (since rocketchip 2.0.0): Diplomacy has been split to a standalone library[0m
[0m[[0m[33mwarn[0m] [0m[0mtrait HasLazyAra { this: LazyModule =>[0m
[0m[[0m[33mwarn[0m] [0m[0m                         ^[0m
[0m[[0m[33mwarn[0m] [0m[0m/work/chipyard/generators/ara/src/main/scala/AraVectorUnit.scala:40:30: type LazyModuleImp in package diplomacy is deprecated (since rocketchip 2.0.0): Diplomacy has been split to a standalone library[0m
[0m[[0m[33mwarn[0m] [0m[0mtrait HasLazyAraImpl { this: LazyModuleImp =>[0m
[0m[[0m[33mwarn[0m] [0m[0m                             ^[0m
[0m[[0m[33mwarn[0m] [0m[0m/work/chipyard/generators/ara/src/main/scala/Configs.scala:12:37: method apply in class View is deprecated (since CDE 0.1): up(XYZ, site) is no longer necessary; remove the superfluous site argument[0m
[0m[[0m[33mwarn[0m] [0m[0m  case TilesLocated(InSubsystem) => up(TilesLocated(InSubsystem), site) map {[0m
[0m[[0m[33mwarn[0m] [0m[0m                                    ^[0m
[0m[[0m[33mwarn[0m] [0m[0m/work/chipyard/generators/ara/src/main/scala/Configs.scala:41:37: method apply in class View is deprecated (since CDE 0.1): up(XYZ, site) is no longer necessary; remove the superfluous site argument[0m
[0m[[0m[33mwarn[0m] [0m[0m  case TilesLocated(InSubsystem) => up(TilesLocated(InSubsystem), site) map {[0m
[0m[[0m[33mwarn[0m] [0m[0m                                    ^[0m
[0m[[0m[33mwarn[0m] [0m[0m/work/chipyard/generators/ara/src/main/scala/UnsafeAXI4ToTL.scala:32:84: type ValName in package diplomacy is deprecated (since rocketchip 2.0.0): Diplomacy has been split to a standalone library[0m
[0m[[0m[33mwarn[0m] [0m[0mcase class UnsafeAXI4ToTLNode(numTlTxns: Int, wcorrupt: Boolean)(implicit valName: ValName)[0m
[0m[[0m[33mwarn[0m] [0m[0m                                                                                   ^[0m
[0m[[0m[33mwarn[0m] [0m[0m/work/chipyard/generators/ara/src/main/scala/UnsafeAXI4ToTL.scala:73:89: type LazyModule in package diplomacy is deprecated (since rocketchip 2.0.0): Diplomacy has been split to a standalone library[0m
[0m[[0m[33mwarn[0m] [0m[0mclass UnsafeAXI4ToTL(numTlTxns: Int, wcorrupt: Boolean)(implicit p: Parameters) extends LazyModule {[0m
[0m[[0m[33mwarn[0m] [0m[0m                                                                                        ^[0m
[0m[[0m[33mwarn[0m] [0m[0m/work/chipyard/generators/ara/src/main/scala/UnsafeAXI4ToTL.scala:79:25: type LazyModuleImp in package diplomacy is deprecated (since rocketchip 2.0.0): Diplomacy has been split to a standalone library[0m
[0m[[0m[33mwarn[0m] [0m[0m  lazy val module = new LazyModuleImp(this) {[0m
[0m[[0m[33mwarn[0m] [0m[0m                        ^[0m
[0m[[0m[33mwarn[0m] [0m[0m/work/chipyard/generators/ara/src/main/scala/UnsafeAXI4ToTL.scala:313:19: value LazyModule in package diplomacy is deprecated (since rocketchip 2.0.0): Diplomacy has been split to a standalone library[0m
[0m[[0m[33mwarn[0m] [0m[0m    val axi42tl = LazyModule(new UnsafeAXI4ToTL(numTlTxns, wcorrupt))[0m
[0m[[0m[33mwarn[0m] [0m[0m                  ^[0m
[0m[[0m[33mwarn[0m] [0m[0m/work/chipyard/generators/riscv-sodor/src/main/scala/sodor/common/master_adapter.scala:19:85: type LazyModule in package diplomacy is deprecated (since rocketchip 2.0.0): Diplomacy has been split to a standalone library[0m
[0m[[0m[33mwarn[0m] [0m[0mclass SodorMasterAdapter(implicit p: Parameters, val conf: SodorCoreParams) extends LazyModule {[0m
[0m[[0m[33mwarn[0m] [0m[0m                                                                                    ^[0m
[0m[[0m[33mwarn[0m] [0m[0m/work/chipyard/generators/riscv-sodor/src/main/scala/sodor/common/master_adapter.scala:38:64: type LazyModuleImp in package diplomacy is deprecated (since rocketchip 2.0.0): Diplomacy has been split to a standalone library[0m
[0m[[0m[33mwarn[0m] [0m[0mclass SodorMasterAdapterImp(outer: SodorMasterAdapter) extends LazyModuleImp(outer) {[0m
[0m[[0m[33mwarn[0m] [0m[0m                                                               ^[0m
[0m[[0m[33mwarn[0m] [0m[0m/work/chipyard/generators/riscv-sodor/src/main/scala/sodor/common/sodor_tile.scala:126:3: method DisableMonitors in package diplomacy is deprecated (since rocketchip 2.0.0): Diplomacy has been split to a standalone library[0m
[0m[[0m[33mwarn[0m] [0m[0m  DisableMonitors { implicit p => tlSlaveXbar.node :*= slaveNode }[0m
[0m[[0m[33mwarn[0m] [0m[0m  ^[0m
[0m[[0m[33mwarn[0m] [0m[0m/work/chipyard/generators/riscv-sodor/src/main/scala/sodor/common/sodor_tile.scala:137:5: value LazyModule in package diplomacy is deprecated (since rocketchip 2.0.0): Diplomacy has been split to a standalone library[0m
[0m[[0m[33mwarn[0m] [0m[0m    LazyModule(new ScratchpadSlavePort(addr, coreParams.coreDataBytes, false))[0m
[0m[[0m[33mwarn[0m] [0m[0m    ^[0m
[0m[[0m[33mwarn[0m] [0m[0m/work/chipyard/generators/riscv-sodor/src/main/scala/sodor/common/sodor_tile.scala:145:63: value LazyModule in package diplomacy is deprecated (since rocketchip 2.0.0): Diplomacy has been split to a standalone library[0m
[0m[[0m[33mwarn[0m] [0m[0m  val imaster_adapter = if (sodorParams.core.ports == 2) Some(LazyModule(new SodorMasterAdapter()(p, sodorParams.core))) else None[0m
[0m[[0m[33mwarn[0m] [0m[0m                                                              ^[0m
[0m[[0m[33mwarn[0m] [0m[0m/work/chipyard/generators/riscv-sodor/src/main/scala/sodor/common/sodor_tile.scala:147:25: value LazyModule in package diplomacy is deprecated (since rocketchip 2.0.0): Diplomacy has been split to a standalone library[0m
[0m[[0m[33mwarn[0m] [0m[0m  val dmaster_adapter = LazyModule(new SodorMasterAdapter()(p, sodorParams.core))[0m
[0m[[0m[33mwarn[0m] [0m[0m                        ^[0m
[0m[[0m[33mwarn[0m] [0m[0m/work/chipyard/generators/riscv-sodor/src/main/scala/sodor/common/sodor_tile.scala:154:18: type SimpleDevice in package diplomacy is deprecated (since rocketchip 2.0.0): Use freechips.rocketchip.resources.SimpleDevice[0m
[0m[[0m[33mwarn[0m] [0m[0m  val cpuDevice: SimpleDevice = new SimpleDevice("cpu", Seq("ucb-bar,sodor", "riscv")) {[0m
[0m[[0m[33mwarn[0m] [0m[0m                 ^[0m
[0m[[0m[33mwarn[0m] [0m[0m/work/chipyard/generators/riscv-sodor/src/main/scala/sodor/common/sodor_tile.scala:154:37: type SimpleDevice in package diplomacy is deprecated (since rocketchip 2.0.0): Use freechips.rocketchip.resources.SimpleDevice[0m
[0m[[0m[33mwarn[0m] [0m[0m  val cpuDevice: SimpleDevice = new SimpleDevice("cpu", Seq("ucb-bar,sodor", "riscv")) {[0m
[0m[[0m[33mwarn[0m] [0m[0m                                    ^[0m
[0m[[0m[33mwarn[0m] [0m[0m/work/chipyard/generators/riscv-sodor/src/main/scala/sodor/common/sodor_tile.scala:155:32: value ResourceAnchors in package diplomacy is deprecated (since rocketchip 2.0.0): Use freechips.rocketchip.resources.ResourceAnchors[0m
[0m[[0m[33mwarn[0m] [0m[0m    override def parent = Some(ResourceAnchors.cpus)[0m
[0m[[0m[33mwarn[0m] [0m[0m                               ^[0m
[0m[[0m[33mwarn[0m] [0m[0m/work/chipyard/generators/riscv-sodor/src/main/scala/sodor/common/sodor_tile.scala:156:38: type ResourceBindings in package diplomacy is deprecated (since rocketchip 2.0.0): Use freechips.rocketchip.resources.ResourceBindings[0m
[0m[[0m[33mwarn[0m] [0m[0m    override def describe(resources: ResourceBindings): Description = {[0m
[0m[[0m[33mwarn[0m] [0m[0m                                     ^[0m
[0m[[0m[33mwarn[0m] [0m[0m/work/chipyard/generators/riscv-sodor/src/main/scala/sodor/common/sodor_tile.scala:156:57: type Description in package diplomacy is deprecated (since rocketchip 2.0.0): Use freechips.rocketchip.resources.Description[0m
[0m[[0m[33mwarn[0m] [0m[0m    override def describe(resources: ResourceBindings): Description = {[0m
[0m[[0m[33mwarn[0m] [0m[0m                                                        ^[0m
[0m[[0m[33mwarn[0m] [0m[0m/work/chipyard/generators/riscv-sodor/src/main/scala/sodor/common/sodor_tile.scala:158:7: value Description in package diplomacy is deprecated (since rocketchip 2.0.0): Use freechips.rocketchip.resources.Description[0m
[0m[[0m[33mwarn[0m] [0m[0m      Description(name, mapping ++[0m
[0m[[0m[33mwarn[0m] [0m[0m      ^[0m
[0m[[0m[33mwarn[0m] [0m[0m/work/chipyard/generators/riscv-sodor/src/main/scala/sodor/common/sodor_tile.scala:166:3: value ResourceBinding in package diplomacy is deprecated (since rocketchip 2.0.0): Use freechips.rocketchip.resources.ResourceBinding[0m
[0m[[0m[33mwarn[0m] [0m[0m  ResourceBinding {[0m
[0m[[0m[33mwarn[0m] [0m[0m  ^[0m
[0m[[0m[33mwarn[0m] [0m[0m/work/chipyard/generators/riscv-sodor/src/main/scala/sodor/common/sodor_tile.scala:167:5: value Resource in package diplomacy is deprecated (since rocketchip 2.0.0): Use freechips.rocketchip.resources.Resource[0m
[0m[[0m[33mwarn[0m] [0m[0m    Resource(cpuDevice, "reg").bind(ResourceAddress(tileId))[0m
[0m[[0m[33mwarn[0m] [0m[0m    ^[0m
[0m[[0m[33mwarn[0m] [0m[0m/work/chipyard/generators/riscv-sodor/src/main/scala/sodor/common/sodor_tile.scala:167:37: value ResourceAddress in package diplomacy is deprecated (since rocketchip 2.0.0): Use freechips.rocketchip.resources.ResourceAddress[0m
[0m[[0m[33mwarn[0m] [0m[0m    Resource(cpuDevice, "reg").bind(ResourceAddress(tileId))[0m
[0m[[0m[33mwarn[0m] [0m[0m                                    ^[0m
[0m[[0m[33mwarn[0m] [0m[0m/work/chipyard/generators/riscv-sodor/src/main/scala/sodor/common/sodor_tile.scala:219:16: method apply in class View is deprecated (since CDE 0.1): up(XYZ, site) is no longer necessary; remove the superfluous site argument[0m
[0m[[0m[33mwarn[0m] [0m[0m    val prev = up(TilesLocated(InSubsystem), site)[0m
[0m[[0m[33mwarn[0m] [0m[0m               ^[0m
[0m[[0m[33mwarn[0m] [0m[0m/work/chipyard/generators/riscv-sodor/src/main/scala/sodor/common/sodor_tile.scala:243:24: method apply in class View is deprecated (since CDE 0.1): up(XYZ, site) is no longer necessary; remove the superfluous site argument[0m
[0m[[0m[33mwarn[0m] [0m[0m  case SystemBusKey => up(SystemBusKey, site).copy(beatBytes = 4)[0m
[0m[[0m[33mwarn[0m] [0m[0m                       ^[0m
[0m[[0m[33mwarn[0m] [0m[0m/work/chipyard/generators/riscv-sodor/src/main/scala/sodor/rv32_1stage/dpath.scala:66:38: method copyArrayToImmutableIndexedSeq in class LowPriorityImplicits2 is deprecated (since 2.13.0): Implicit conversions from Array to immutable.IndexedSeq are implemented by copying; Use the more efficient non-copying ArraySeq.unsafeWrapArray or an explicit toIndexedSeq call[0m
[0m[[0m[33mwarn[0m] [0m[0m   pc_next := MuxCase(pc_plus4, Array([0m
[0m[[0m[33mwarn[0m] [0m[0m                                     ^[0m
[0m[[0m[33mwarn[0m] [0m[0m/work/chipyard/generators/riscv-sodor/src/main/scala/sodor/rv32_1stage/dpath.scala:105:38: method copyArrayToImmutableIndexedSeq in class LowPriorityImplicits2 is deprecated (since 2.13.0): Implicit conversions from Array to immutable.IndexedSeq are implemented by copying; Use the more efficient non-copying ArraySeq.unsafeWrapArray or an explicit toIndexedSeq call[0m
[0m[[0m[33mwarn[0m] [0m[0m   tval_inst_ma := MuxCase(0.U, Array([0m
[0m[[0m[33mwarn[0m] [0m[0m                                     ^[0m
[0m[[0m[33mwarn[0m] [0m[0m/work/chipyard/generators/riscv-sodor/src/main/scala/sodor/rv32_1stage/dpath.scala:154:36: method copyArrayToImmutableIndexedSeq in class LowPriorityImplicits2 is deprecated (since 2.13.0): Implicit conversions from Array to immutable.IndexedSeq are implemented by copying; Use the more efficient non-copying ArraySeq.unsafeWrapArray or an explicit toIndexedSeq call[0m
[0m[[0m[33mwarn[0m] [0m[0m   val alu_op1 = MuxCase(0.U, Array([0m
[0m[[0m[33mwarn[0m] [0m[0m                                   ^[0m
[0m[[0m[33mwarn[0m] [0m[0m/work/chipyard/generators/riscv-sodor/src/main/scala/sodor/rv32_1stage/dpath.scala:160:36: method copyArrayToImmutableIndexedSeq in class LowPriorityImplicits2 is deprecated (since 2.13.0): Implicit conversions from Array to immutable.IndexedSeq are implemented by copying; Use the more efficient non-copying ArraySeq.unsafeWrapArray or an explicit toIndexedSeq call[0m
[0m[[0m[33mwarn[0m] [0m[0m   val alu_op2 = MuxCase(0.U, Array([0m
[0m[[0m[33mwarn[0m] [0m[0m                                   ^[0m
[0m[[0m[33mwarn[0m] [0m[0m/work/chipyard/generators/riscv-sodor/src/main/scala/sodor/rv32_1stage/dpath.scala:174:33: method copyArrayToImmutableIndexedSeq in class LowPriorityImplicits2 is deprecated (since 2.13.0): Implicit conversions from Array to immutable.IndexedSeq are implemented by copying; Use the more efficient non-copying ArraySeq.unsafeWrapArray or an explicit toIndexedSeq call[0m
[0m[[0m[33mwarn[0m] [0m[0m   alu_out := MuxCase(0.U, Array([0m
[0m[[0m[33mwarn[0m] [0m[0m                                ^[0m
[0m[[0m[33mwarn[0m] [0m[0m/work/chipyard/generators/riscv-sodor/src/main/scala/sodor/rv32_1stage/dpath.scala:206:37: method copyArrayToImmutableIndexedSeq in class LowPriorityImplicits2 is deprecated (since 2.13.0): Implicit conversions from Array to immutable.IndexedSeq are implemented by copying; Use the more efficient non-copying ArraySeq.unsafeWrapArray or an explicit toIndexedSeq call[0m
[0m[[0m[33mwarn[0m] [0m[0m   csr.io.tval := MuxCase(0.U, Array([0m
[0m[[0m[33mwarn[0m] [0m[0m                                    ^[0m
[0m[[0m[33mwarn[0m] [0m[0m/work/chipyard/generators/riscv-sodor/src/main/scala/sodor/rv32_1stage/dpath.scala:232:37: method copyArrayToImmutableIndexedSeq in class LowPriorityImplicits2 is deprecated (since 2.13.0): Implicit conversions from Array to immutable.IndexedSeq are implemented by copying; Use the more efficient non-copying ArraySeq.unsafeWrapArray or an explicit toIndexedSeq call[0m
[0m[[0m[33mwarn[0m] [0m[0m   wb_data := MuxCase(alu_out, Array([0m
[0m[[0m[33mwarn[0m] [0m[0m                                    ^[0m
[0m[[0m[33mwarn[0m] [0m[0m/work/chipyard/generators/riscv-sodor/src/main/scala/sodor/rv32_2stage/dpath.scala:79:44: method copyArrayToImmutableIndexedSeq in class LowPriorityImplicits2 is deprecated (since 2.13.0): Implicit conversions from Array to immutable.IndexedSeq are implemented by copying; Use the more efficient non-copying ArraySeq.unsafeWrapArray or an explicit toIndexedSeq call[0m
[0m[[0m[33mwarn[0m] [0m[0m   if_pc_next := MuxCase(if_pc_plus4, Array([0m
[0m[[0m[33mwarn[0m] [0m[0m                                           ^[0m
[0m[[0m[33mwarn[0m] [0m[0m/work/chipyard/generators/riscv-sodor/src/main/scala/sodor/rv32_2stage/dpath.scala:177:40: method copyArrayToImmutableIndexedSeq in class LowPriorityImplicits2 is deprecated (since 2.13.0): Implicit conversions from Array to immutable.IndexedSeq are implemented by copying; Use the more efficient non-copying ArraySeq.unsafeWrapArray or an explicit toIndexedSeq call[0m
[0m[[0m[33mwarn[0m] [0m[0m   val exe_alu_op1 = MuxCase(0.U, Array([0m
[0m[[0m[33mwarn[0m] [0m[0m                                       ^[0m
[0m[[0m[33mwarn[0m] [0m[0m/work/chipyard/generators/riscv-sodor/src/main/scala/sodor/rv32_2stage/dpath.scala:183:40: method copyArrayToImmutableIndexedSeq in class LowPriorityImplicits2 is deprecated (since 2.13.0): Implicit conversions from Array to immutable.IndexedSeq are implemented by copying; Use the more efficient non-copying ArraySeq.unsafeWrapArray or an explicit toIndexedSeq call[0m
[0m[[0m[33mwarn[0m] [0m[0m   val exe_alu_op2 = MuxCase(0.U, Array([0m
[0m[[0m[33mwarn[0m] [0m[0m                                       ^[0m
[0m[[0m[33mwarn[0m] [0m[0m/work/chipyard/generators/riscv-sodor/src/main/scala/sodor/rv32_2stage/dpath.scala:196:37: method copyArrayToImmutableIndexedSeq in class LowPriorityImplicits2 is deprecated (since 2.13.0): Implicit conversions from Array to immutable.IndexedSeq are implemented by copying; Use the more efficient non-copying ArraySeq.unsafeWrapArray or an explicit toIndexedSeq call[0m
[0m[[0m[33mwarn[0m] [0m[0m   exe_alu_out := MuxCase(0.U, Array([0m
[0m[[0m[33mwarn[0m] [0m[0m                                    ^[0m
[0m[[0m[33mwarn[0m] [0m[0m/work/chipyard/generators/riscv-sodor/src/main/scala/sodor/rv32_2stage/dpath.scala:221:38: method copyArrayToImmutableIndexedSeq in class LowPriorityImplicits2 is deprecated (since 2.13.0): Implicit conversions from Array to immutable.IndexedSeq are implemented by copying; Use the more efficient non-copying ArraySeq.unsafeWrapArray or an explicit toIndexedSeq call[0m
[0m[[0m[33mwarn[0m] [0m[0m   tval_inst_ma := MuxCase(0.U, Array([0m
[0m[[0m[33mwarn[0m] [0m[0m                                     ^[0m
[0m[[0m[33mwarn[0m] [0m[0m/work/chipyard/generators/riscv-sodor/src/main/scala/sodor/rv32_2stage/dpath.scala:241:37: method copyArrayToImmutableIndexedSeq in class LowPriorityImplicits2 is deprecated (since 2.13.0): Implicit conversions from Array to immutable.IndexedSeq are implemented by copying; Use the more efficient non-copying ArraySeq.unsafeWrapArray or an explicit toIndexedSeq call[0m
[0m[[0m[33mwarn[0m] [0m[0m   csr.io.tval := MuxCase(0.U, Array([0m
[0m[[0m[33mwarn[0m] [0m[0m                                    ^[0m
[0m[[0m[33mwarn[0m] [0m[0m/work/chipyard/generators/riscv-sodor/src/main/scala/sodor/rv32_2stage/dpath.scala:268:44: method copyArrayToImmutableIndexedSeq in class LowPriorityImplicits2 is deprecated (since 2.13.0): Implicit conversions from Array to immutable.IndexedSeq are implemented by copying; Use the more efficient non-copying ArraySeq.unsafeWrapArray or an explicit toIndexedSeq call[0m
[0m[[0m[33mwarn[0m] [0m[0m   exe_wbdata := MuxCase(exe_alu_out, Array([0m
[0m[[0m[33mwarn[0m] [0m[0m                                           ^[0m
[0m[[0m[33mwarn[0m] [0m[0m/work/chipyard/generators/riscv-sodor/src/main/scala/sodor/rv32_3stage/dpath.scala:170:49: method copyArrayToImmutableIndexedSeq in class LowPriorityImplicits2 is deprecated (since 2.13.0): Implicit conversions from Array to immutable.IndexedSeq are implemented by copying; Use the more efficient non-copying ArraySeq.unsafeWrapArray or an explicit toIndexedSeq call[0m
[0m[[0m[33mwarn[0m] [0m[0m   val exe_rs1_data = MuxCase(rf_rs1_data, Array([0m
[0m[[0m[33mwarn[0m] [0m[0m                                                ^[0m
[0m[[0m[33mwarn[0m] [0m[0m/work/chipyard/generators/riscv-sodor/src/main/scala/sodor/rv32_3stage/dpath.scala:173:49: method copyArrayToImmutableIndexedSeq in class LowPriorityImplicits2 is deprecated (since 2.13.0): Implicit conversions from Array to immutable.IndexedSeq are implemented by copying; Use the more efficient non-copying ArraySeq.unsafeWrapArray or an explicit toIndexedSeq call[0m
[0m[[0m[33mwarn[0m] [0m[0m   val exe_rs2_data = MuxCase(rf_rs2_data, Array([0m
[0m[[0m[33mwarn[0m] [0m[0m                                                ^[0m
[0m[[0m[33mwarn[0m] [0m[0m/work/chipyard/generators/riscv-sodor/src/main/scala/sodor/rv32_3stage/dpath.scala:275:37: method copyArrayToImmutableIndexedSeq in class LowPriorityImplicits2 is deprecated (since 2.13.0): Implicit conversions from Array to immutable.IndexedSeq are implemented by copying; Use the more efficient non-copying ArraySeq.unsafeWrapArray or an explicit toIndexedSeq call[0m
[0m[[0m[33mwarn[0m] [0m[0m   csr.io.tval := MuxCase(0.U, Array([0m
[0m[[0m[33mwarn[0m] [0m[0m                                    ^[0m
[0m[[0m[33mwarn[0m] [0m[0m/work/chipyard/generators/riscv-sodor/src/main/scala/sodor/rv32_3stage/dpath.scala:300:42: method copyArrayToImmutableIndexedSeq in class LowPriorityImplicits2 is deprecated (since 2.13.0): Implicit conversions from Array to immutable.IndexedSeq are implemented by copying; Use the more efficient non-copying ArraySeq.unsafeWrapArray or an explicit toIndexedSeq call[0m
[0m[[0m[33mwarn[0m] [0m[0m   wb_wbdata := MuxCase(wb_reg_alu, Array([0m
[0m[[0m[33mwarn[0m] [0m[0m                                         ^[0m
[0m[[0m[33mwarn[0m] [0m[0m/work/chipyard/generators/riscv-sodor/src/main/scala/sodor/rv32_5stage/dpath.scala:249:40: method copyArrayToImmutableIndexedSeq in class LowPriorityImplicits2 is deprecated (since 2.13.0): Implicit conversions from Array to immutable.IndexedSeq are implemented by copying; Use the more efficient non-copying ArraySeq.unsafeWrapArray or an explicit toIndexedSeq call[0m
[0m[[0m[33mwarn[0m] [0m[0m   val dec_alu_op2 = MuxCase(0.U, Array([0m
[0m[[0m[33mwarn[0m] [0m[0m                                       ^[0m
[0m[[0m[33mwarn[0m] [0m[0m/work/chipyard/generators/riscv-sodor/src/main/scala/sodor/rv32_5stage/dpath.scala:271:49: method copyArrayToImmutableIndexedSeq in class LowPriorityImplicits2 is deprecated (since 2.13.0): Implicit conversions from Array to immutable.IndexedSeq are implemented by copying; Use the more efficient non-copying ArraySeq.unsafeWrapArray or an explicit toIndexedSeq call[0m
[0m[[0m[33mwarn[0m] [0m[0m      dec_op1_data := MuxCase(rf_rs1_data, Array([0m
[0m[[0m[33mwarn[0m] [0m[0m                                                ^[0m
[0m[[0m[33mwarn[0m] [0m[0m/work/chipyard/generators/riscv-sodor/src/main/scala/sodor/rv32_5stage/dpath.scala:279:49: method copyArrayToImmutableIndexedSeq in class LowPriorityImplicits2 is deprecated (since 2.13.0): Implicit conversions from Array to immutable.IndexedSeq are implemented by copying; Use the more efficient non-copying ArraySeq.unsafeWrapArray or an explicit toIndexedSeq call[0m
[0m[[0m[33mwarn[0m] [0m[0m      dec_op2_data := MuxCase(dec_alu_op2, Array([0m
[0m[[0m[33mwarn[0m] [0m[0m                                                ^[0m
[0m[[0m[33mwarn[0m] [0m[0m/work/chipyard/generators/riscv-sodor/src/main/scala/sodor/rv32_5stage/dpath.scala:285:49: method copyArrayToImmutableIndexedSeq in class LowPriorityImplicits2 is deprecated (since 2.13.0): Implicit conversions from Array to immutable.IndexedSeq are implemented by copying; Use the more efficient non-copying ArraySeq.unsafeWrapArray or an explicit toIndexedSeq call[0m
[0m[[0m[33mwarn[0m] [0m[0m      dec_rs2_data := MuxCase(rf_rs2_data, Array([0m
[0m[[0m[33mwarn[0m] [0m[0m                                                ^[0m
[0m[[0m[33mwarn[0m] [0m[0m/work/chipyard/generators/riscv-sodor/src/main/scala/sodor/rv32_5stage/dpath.scala:294:49: method copyArrayToImmutableIndexedSeq in class LowPriorityImplicits2 is deprecated (since 2.13.0): Implicit conversions from Array to immutable.IndexedSeq are implemented by copying; Use the more efficient non-copying ArraySeq.unsafeWrapArray or an explicit toIndexedSeq call[0m
[0m[[0m[33mwarn[0m] [0m[0m      dec_op1_data := MuxCase(rf_rs1_data, Array([0m
[0m[[0m[33mwarn[0m] [0m[0m                                                ^[0m
[0m[[0m[33mwarn[0m] [0m[0m/work/chipyard/generators/riscv-sodor/src/main/scala/sodor/rv32_5stage/dpath.scala:365:53: method copyArrayToImmutableIndexedSeq in class LowPriorityImplicits2 is deprecated (since 2.13.0): Implicit conversions from Array to immutable.IndexedSeq are implemented by copying; Use the more efficient non-copying ArraySeq.unsafeWrapArray or an explicit toIndexedSeq call[0m
[0m[[0m[33mwarn[0m] [0m[0m   exe_alu_out := MuxCase(exe_reg_inst.asUInt, Array([0m
[0m[[0m[33mwarn[0m] [0m[0m                                                    ^[0m
[0m[[0m[33mwarn[0m] [0m[0m/work/chipyard/generators/riscv-sodor/src/main/scala/sodor/rv32_5stage/dpath.scala:439:37: method copyArrayToImmutableIndexedSeq in class LowPriorityImplicits2 is deprecated (since 2.13.0): Implicit conversions from Array to immutable.IndexedSeq are implemented by copying; Use the more efficient non-copying ArraySeq.unsafeWrapArray or an explicit toIndexedSeq call[0m
[0m[[0m[33mwarn[0m] [0m[0m   csr.io.tval := MuxCase(0.U, Array([0m
[0m[[0m[33mwarn[0m] [0m[0m                                    ^[0m
[0m[[0m[33mwarn[0m] [0m[0m/work/chipyard/generators/riscv-sodor/src/main/scala/sodor/rv32_5stage/dpath.scala:472:48: method copyArrayToImmutableIndexedSeq in class LowPriorityImplicits2 is deprecated (since 2.13.0): Implicit conversions from Array to immutable.IndexedSeq are implemented by copying; Use the more efficient non-copying ArraySeq.unsafeWrapArray or an explicit toIndexedSeq call[0m
[0m[[0m[33mwarn[0m] [0m[0m   mem_wbdata := MuxCase(mem_reg_alu_out, Array([0m
[0m[[0m[33mwarn[0m] [0m[0m                                               ^[0m
[0m[[0m[33mwarn[0m] [0m[0m268 feature warnings; re-run with -feature for details[0m
[0m[[0m[33mwarn[0m] [0m[0m9 warnings found[0m
[0m[[0m[0minfo[0m] [0m[0mdone compiling[0m
[0m[[0m[33mwarn[0m] [0m[0m/work/chipyard/generators/riscv-sodor/src/main/scala/sodor/rv32_ucode/cpath.scala:66:53: method copyArrayToImmutableIndexedSeq in class LowPriorityImplicits2 is deprecated (since 2.13.0): Implicit conversions from Array to immutable.IndexedSeq are implemented by copying; Use the more efficient non-copying ArraySeq.unsafeWrapArray or an explicit toIndexedSeq call[0m
[0m[[0m[33mwarn[0m] [0m[0m                                                    opcode_dispatch_table)[0m
[0m[[0m[33mwarn[0m] [0m[0m                                                    ^[0m
[0m[[0m[33mwarn[0m] [0m[0m/work/chipyard/generators/riscv-sodor/src/main/scala/sodor/rv32_ucode/cpath.scala:73:29: method copyArrayToImmutableIndexedSeq in class LowPriorityImplicits2 is deprecated (since 2.13.0): Implicit conversions from Array to immutable.IndexedSeq are implemented by copying; Use the more efficient non-copying ArraySeq.unsafeWrapArray or an explicit toIndexedSeq call[0m
[0m[[0m[33mwarn[0m] [0m[0m   val micro_code = VecInit(rombits)[0m
[0m[[0m[33mwarn[0m] [0m[0m                            ^[0m
[0m[[0m[33mwarn[0m] [0m[0m/work/chipyard/generators/riscv-sodor/src/main/scala/sodor/rv32_ucode/cpath.scala:106:47: method copyArrayToImmutableIndexedSeq in class LowPriorityImplicits2 is deprecated (since 2.13.0): Implicit conversions from Array to immutable.IndexedSeq are implemented by copying; Use the more efficient non-copying ArraySeq.unsafeWrapArray or an explicit toIndexedSeq call[0m
[0m[[0m[33mwarn[0m] [0m[0m  val upc_sel     = MuxCase(UPC_CURRENT, Array([0m
[0m[[0m[33mwarn[0m] [0m[0m                                              ^[0m
[0m[[0m[33mwarn[0m] [0m[0m/work/chipyard/generators/riscv-sodor/src/main/scala/sodor/rv32_ucode/cpath.scala:116:46: method copyArrayToImmutableIndexedSeq in class LowPriorityImplicits2 is deprecated (since 2.13.0): Implicit conversions from Array to immutable.IndexedSeq are implemented by copying; Use the more efficient non-copying ArraySeq.unsafeWrapArray or an explicit toIndexedSeq call[0m
[0m[[0m[33mwarn[0m] [0m[0m   upc_state_next := MuxCase(upc_state, Array([0m
[0m[[0m[33mwarn[0m] [0m[0m                                             ^[0m
[0m[[0m[33mwarn[0m] [0m[0m/work/chipyard/generators/riscv-sodor/src/main/scala/sodor/rv32_ucode/dpath.scala:58:32: method copyArrayToImmutableIndexedSeq in class LowPriorityImplicits2 is deprecated (since 2.13.0): Implicit conversions from Array to immutable.IndexedSeq are implemented by copying; Use the more efficient non-copying ArraySeq.unsafeWrapArray or an explicit toIndexedSeq call[0m
[0m[[0m[33mwarn[0m] [0m[0m   val bus = MuxCase(0.U, Array([0m
[0m[[0m[33mwarn[0m] [0m[0m                               ^[0m
[0m[[0m[33mwarn[0m] [0m[0m/work/chipyard/generators/riscv-sodor/src/main/scala/sodor/rv32_ucode/dpath.scala:90:29: method copyArrayToImmutableIndexedSeq in class LowPriorityImplicits2 is deprecated (since 2.13.0): Implicit conversions from Array to immutable.IndexedSeq are implemented by copying; Use the more efficient non-copying ArraySeq.unsafeWrapArray or an explicit toIndexedSeq call[0m
[0m[[0m[33mwarn[0m] [0m[0m   imm := MuxCase(0.U, Array([0m
[0m[[0m[33mwarn[0m] [0m[0m                            ^[0m
[0m[[0m[33mwarn[0m] [0m[0m/work/chipyard/generators/riscv-sodor/src/main/scala/sodor/rv32_ucode/dpath.scala:116:38: method copyArrayToImmutableIndexedSeq in class LowPriorityImplicits2 is deprecated (since 2.13.0): Implicit conversions from Array to immutable.IndexedSeq are implemented by copying; Use the more efficient non-copying ArraySeq.unsafeWrapArray or an explicit toIndexedSeq call[0m
[0m[[0m[33mwarn[0m] [0m[0m   val reg_addr  = MuxCase(0.U, Array([0m
[0m[[0m[33mwarn[0m] [0m[0m                                     ^[0m
[0m[[0m[33mwarn[0m] [0m[0m/work/chipyard/generators/riscv-sodor/src/main/scala/sodor/rv32_ucode/dpath.scala:153:50: method copyArrayToImmutableIndexedSeq in class LowPriorityImplicits2 is deprecated (since 2.13.0): Implicit conversions from Array to immutable.IndexedSeq are implemented by copying; Use the more efficient non-copying ArraySeq.unsafeWrapArray or an explicit toIndexedSeq call[0m
[0m[[0m[33mwarn[0m] [0m[0m   reg_rdata :=  MuxCase(regfile(reg_addr), Array([0m
[0m[[0m[33mwarn[0m] [0m[0m                                                 ^[0m
[0m[[0m[33mwarn[0m] [0m[0m/work/chipyard/generators/riscv-sodor/src/main/scala/sodor/rv32_ucode/dpath.scala:200:36: method copyArrayToImmutableIndexedSeq in class LowPriorityImplicits2 is deprecated (since 2.13.0): Implicit conversions from Array to immutable.IndexedSeq are implemented by copying; Use the more efficient non-copying ArraySeq.unsafeWrapArray or an explicit toIndexedSeq call[0m
[0m[[0m[33mwarn[0m] [0m[0m  csr.io.tval := MuxCase(0.U, Array([0m
[0m[[0m[33mwarn[0m] [0m[0m                                   ^[0m
[0m[[0m[33mwarn[0m] [0m[0m/work/chipyard/generators/riscv-sodor/src/main/scala/sodor/rv32_ucode/dpath.scala:214:43: method copyArrayToImmutableIndexedSeq in class LowPriorityImplicits2 is deprecated (since 2.13.0): Implicit conversions from Array to immutable.IndexedSeq are implemented by copying; Use the more efficient non-copying ArraySeq.unsafeWrapArray or an explicit toIndexedSeq call[0m
[0m[[0m[33mwarn[0m] [0m[0m   alu := MuxCase(0.U, Array[(Bool, UInt)]([0m
[0m[[0m[33mwarn[0m] [0m[0m                                          ^[0m
[0m[[0m[33mwarn[0m] [0m[0m/work/chipyard/generators/testchipip/src/main/scala/serdes/old/Serdes.scala:59:36: procedure syntax is deprecated: instead, add `: Unit =` to explicitly declare `flipConnect`'s return type[0m
[0m[[0m[33mwarn[0m] [0m[0m  def flipConnect(other: SerialIO) {[0m
[0m[[0m[33mwarn[0m] [0m[0m                                   ^[0m
[0m[[0m[33mwarn[0m] [0m[0m/work/chipyard/generators/testchipip/src/main/scala/serdes/old/Serdes.scala:69:41: procedure syntax is deprecated: instead, add `: Unit =` to explicitly declare `flipConnect`'s return type[0m
[0m[[0m[33mwarn[0m] [0m[0m  def flipConnect(other: ValidSerialIO) {[0m
[0m[[0m[33mwarn[0m] [0m[0m                                        ^[0m
[0m[[0m[33mwarn[0m] [0m[0m/work/chipyard/generators/testchipip/src/main/scala/serdes/old/Serdes.scala:85:36: procedure syntax is deprecated: instead, add `: Unit =` to explicitly declare `flipConnect`'s return type[0m
[0m[[0m[33mwarn[0m] [0m[0m  def flipConnect(other: StreamIO) {[0m
[0m[[0m[33mwarn[0m] [0m[0m                                   ^[0m
[0m[[0m[33mwarn[0m] [0m[0m/work/chipyard/generators/testchipip/src/main/scala/serdes/old/Serdes.scala:179:78: procedure syntax is deprecated: instead, add `: Unit =` to explicitly declare `apply`'s return type[0m
[0m[[0m[33mwarn[0m] [0m[0m  def apply(out: DecoupledIO[StreamChannel], in: DecoupledIO[StreamChannel]) {[0m
[0m[[0m[33mwarn[0m] [0m[0m                                                                             ^[0m
[0m[[0m[33mwarn[0m] [0m[0m/work/chipyard/generators/testchipip/src/main/scala/serdes/old/Serdes.scala:193:39: procedure syntax is deprecated: instead, add `: Unit =` to explicitly declare `apply`'s return type[0m
[0m[[0m[33mwarn[0m] [0m[0m  def apply(a: StreamIO, b: StreamIO) {[0m
[0m[[0m[33mwarn[0m] [0m[0m                                      ^[0m
[0m[[0m[33mwarn[0m] [0m[0m/work/chipyard/generators/testchipip/src/main/scala/serdes/old/Serdes.scala:203:41: procedure syntax is deprecated: instead, add `: Unit =` to explicitly declare `flipConnect`'s return type[0m
[0m[[0m[33mwarn[0m] [0m[0m  def flipConnect(other: ValidStreamIO) {[0m
[0m[[0m[33mwarn[0m] [0m[0m                                        ^[0m
[0m[[0m[33mwarn[0m] [0m[0m/work/chipyard/generators/riscv-sodor/src/main/scala/sodor/common/instructions.scala:453:46: Passing an explicit array value to a Scala varargs method is deprecated (since 2.13.0) and will result in a defensive copy; Use the more efficient non-copying ArraySeq.unsafeWrapArray or an explicit toIndexedSeq call[0m
[0m[[0m[33mwarn[0m] [0m[0m    val res = collection.mutable.ArrayBuffer(all:_*)[0m
[0m[[0m[33mwarn[0m] [0m[0m                                             ^[0m
[0m[[0m[33mwarn[0m] [0m[0m/work/chipyard/generators/testchipip/src/main/scala/soc/Network.scala:81:52: procedure syntax is deprecated: instead, add `: Unit =` to explicitly declare `connectInput`'s return type[0m
[0m[[0m[33mwarn[0m] [0m[0m      enet: DecoupledIO[NetworkBundle[TLBundleE]]) {[0m
[0m[[0m[33mwarn[0m] [0m[0m                                                   ^[0m
[0m[[0m[33mwarn[0m] [0m[0m/work/chipyard/generators/testchipip/src/main/scala/soc/Network.scala:150:52: procedure syntax is deprecated: instead, add `: Unit =` to explicitly declare `connectOutput`'s return type[0m
[0m[[0m[33mwarn[0m] [0m[0m      enet: DecoupledIO[NetworkBundle[TLBundleE]]) {[0m
[0m[[0m[33mwarn[0m] [0m[0m                                                   ^[0m
[0m[[0m[33mwarn[0m] [0m[0m/work/chipyard/generators/testchipip/src/main/scala/soc/Network.scala:200:32: procedure syntax is deprecated: instead, add `: Unit =` to explicitly declare `wrap`'s return type[0m
[0m[[0m[33mwarn[0m] [0m[0m      connect: Boolean = true) {[0m
[0m[[0m[33mwarn[0m] [0m[0m                               ^[0m
[0m[[0m[33mwarn[0m] [0m[0m/work/chipyard/generators/testchipip/src/main/scala/soc/Network.scala:233:32: procedure syntax is deprecated: instead, add `: Unit =` to explicitly declare `unwrap`'s return type[0m
[0m[[0m[33mwarn[0m] [0m[0m      connect: Boolean = true) {[0m
[0m[[0m[33mwarn[0m] [0m[0m                               ^[0m
[0m[[0m[33mwarn[0m] [0m[0m2957 feature warnings; re-run with -feature for details[0m
[0m[[0m[33mwarn[0m] [0m[0m79 warnings found[0m
[0m[[0m[0minfo[0m] [0m[0mdone compiling[0m
[0m[[0m[33mwarn[0m] [0m[0m/work/chipyard/generators/testchipip/src/main/scala/tsi/TSIHarness.scala:29:47: procedure syntax is deprecated: instead, add `: Unit =` to explicitly declare `tieoff`'s return type[0m
[0m[[0m[33mwarn[0m] [0m[0m  def tieoff(serial: Option[DecoupledPhitIO]) {[0m
[0m[[0m[33mwarn[0m] [0m[0m                                              ^[0m
[0m[[0m[33mwarn[0m] [0m[0m/work/chipyard/generators/testchipip/src/main/scala/tsi/TSIHarness.scala:37:39: procedure syntax is deprecated: instead, add `: Unit =` to explicitly declare `tieoff`'s return type[0m
[0m[[0m[33mwarn[0m] [0m[0m  def tieoff(serial: DecoupledPhitIO) { tieoff(Some(serial)) }[0m
[0m[[0m[33mwarn[0m] [0m[0m                                      ^[0m
[0m[[0m[33mwarn[0m] [0m[0m/work/chipyard/generators/testchipip/src/main/scala/uart/SimUART.scala:67:116: procedure syntax is deprecated: instead, add `: Unit =` to explicitly declare `connect`'s return type[0m
[0m[[0m[33mwarn[0m] [0m[0m  def connect(uart: Seq[UARTPortIO], baudrate: BigInt = 115200, forcePty: Boolean = false)(implicit p: Parameters) {[0m
[0m[[0m[33mwarn[0m] [0m[0m                                                                                                                   ^[0m
[0m[[0m[33mwarn[0m] [0m[0m/work/chipyard/generators/testchipip/src/main/scala/uart/SimUART.scala:70:99: procedure syntax is deprecated: instead, add `: Unit =` to explicitly declare `connect`'s return type[0m
[0m[[0m[33mwarn[0m] [0m[0m  def connect(uart: Seq[UARTPortIO], baudrate: BigInt, clockFrequency: BigInt, forcePty: Boolean) {[0m
[0m[[0m[33mwarn[0m] [0m[0m                                                                                                  ^[0m
[0m[[0m[33mwarn[0m] [0m[0m/work/chipyard/generators/testchipip/src/main/scala/uart/SimUART.scala:74:67: procedure syntax is deprecated: instead, add `: Unit =` to explicitly declare `connect`'s return type[0m
[0m[[0m[33mwarn[0m] [0m[0m  def connect(uart: Seq[UARTPortIO], div: Int, forcePty: Boolean) {[0m
[0m[[0m[33mwarn[0m] [0m[0m                                                                  ^[0m
[0m[[0m[33mwarn[0m] [0m[0m/work/chipyard/generators/testchipip/src/main/scala/util/Util.scala:155:77: procedure syntax is deprecated: instead, add `: Unit =` to explicitly declare `connect`'s return type[0m
[0m[[0m[33mwarn[0m] [0m[0m    def connect[T <: TLBundleBase](out: DecoupledIO[T], in: DecoupledIO[T]) {[0m
[0m[[0m[33mwarn[0m] [0m[0m                                                                            ^[0m
[0m[[0m[33mwarn[0m] [0m[0m/work/chipyard/generators/testchipip/src/main/scala/util/Util.scala:191:77: procedure syntax is deprecated: instead, add `: Unit =` to explicitly declare `connect`'s return type[0m
[0m[[0m[33mwarn[0m] [0m[0m    def connect[T <: TLBundleBase](out: DecoupledIO[T], in: DecoupledIO[T]) {[0m
[0m[[0m[33mwarn[0m] [0m[0m                                                                            ^[0m
[0m[[0m[33mwarn[0m] [0m[0m/work/chipyard/generators/constellation/src/main/scala/channel/Buffer.scala:11:18: value LazyModule in package diplomacy is deprecated (since rocketchip 2.0.0): Diplomacy has been split to a standalone library[0m
[0m[[0m[33mwarn[0m] [0m[0m    val buffer = LazyModule(new ChannelBuffer(depth))[0m
[0m[[0m[33mwarn[0m] [0m[0m                 ^[0m
[0m[[0m[33mwarn[0m] [0m[0m/work/chipyard/generators/constellation/src/main/scala/channel/Buffer.scala:16:65: type LazyModule in package diplomacy is deprecated (since rocketchip 2.0.0): Diplomacy has been split to a standalone library[0m
[0m[[0m[33mwarn[0m] [0m[0mclass ChannelBuffer(depth: Int)(implicit p: Parameters) extends LazyModule {[0m
[0m[[0m[33mwarn[0m] [0m[0m                                                                ^[0m
[0m[[0m[33mwarn[0m] [0m[0m/work/chipyard/generators/constellation/src/main/scala/channel/Buffer.scala:18:25: type LazyModuleImp in package diplomacy is deprecated (since rocketchip 2.0.0): Diplomacy has been split to a standalone library[0m
[0m[[0m[33mwarn[0m] [0m[0m  lazy val module = new LazyModuleImp(this) {[0m
[0m[[0m[33mwarn[0m] [0m[0m                        ^[0m
[0m[[0m[33mwarn[0m] [0m[0m/work/chipyard/generators/constellation/src/main/scala/channel/Nodes.scala:12:27: type SimpleNodeImp in package diplomacy is deprecated (since rocketchip 2.0.0): Diplomacy has been split to a standalone library[0m
[0m[[0m[33mwarn[0m] [0m[0mobject ChannelImp extends SimpleNodeImp[EmptyParams, ChannelParams, ChannelEdgeParams, Channel] {[0m
[0m[[0m[33mwarn[0m] [0m[0m                          ^[0m
[0m[[0m[33mwarn[0m] [0m[0m/work/chipyard/generators/constellation/src/main/scala/channel/Nodes.scala:18:5: value RenderedEdge in package diplomacy is deprecated (since rocketchip 2.0.0): Diplomacy has been split to a standalone library[0m
[0m[[0m[33mwarn[0m] [0m[0m    RenderedEdge(colour = "ffffff", label = "X")[0m
[0m[[0m[33mwarn[0m] [0m[0m    ^[0m
[0m[[0m[33mwarn[0m] [0m[0m/work/chipyard/generators/constellation/src/main/scala/channel/Nodes.scala:20:5: value RenderedEdge in package diplomacy is deprecated (since rocketchip 2.0.0): Diplomacy has been split to a standalone library[0m
[0m[[0m[33mwarn[0m] [0m[0m    RenderedEdge(colour = "#0000ff", label = e.cp.payloadBits.toString)[0m
[0m[[0m[33mwarn[0m] [0m[0m    ^[0m
[0m[[0m[33mwarn[0m] [0m[0m/work/chipyard/generators/constellation/src/main/scala/channel/Nodes.scala:30:65: type ValName in package diplomacy is deprecated (since rocketchip 2.0.0): Diplomacy has been split to a standalone library[0m
[0m[[0m[33mwarn[0m] [0m[0mcase class ChannelSourceNode(val destId: Int)(implicit valName: ValName) extends SourceNode(ChannelImp)(Seq(EmptyParams()))[0m
[0m[[0m[33mwarn[0m] [0m[0m                                                                ^[0m
[0m[[0m[33mwarn[0m] [0m[0m/work/chipyard/generators/constellation/src/main/scala/channel/Nodes.scala:31:77: type ValName in package diplomacy is deprecated (since rocketchip 2.0.0): Diplomacy has been split to a standalone library[0m
[0m[[0m[33mwarn[0m] [0m[0mcase class ChannelDestNode(val destParams: ChannelParams)(implicit valName: ValName) extends SinkNode(ChannelImp)(Seq(destParams))[0m
[0m[[0m[33mwarn[0m] [0m[0m                                                                            ^[0m
[0m[[0m[33mwarn[0m] [0m[0m/work/chipyard/generators/constellation/src/main/scala/channel/Nodes.scala:34:21: type ValName in package diplomacy is deprecated (since rocketchip 2.0.0): Diplomacy has been split to a standalone library[0m
[0m[[0m[33mwarn[0m] [0m[0m  implicit valName: ValName) extends AdapterNode(ChannelImp)((e: EmptyParams) => e, slaveFn)[0m
[0m[[0m[33mwarn[0m] [0m[0m                    ^[0m
[0m[[0m[33mwarn[0m] [0m[0m/work/chipyard/generators/constellation/src/main/scala/channel/Nodes.scala:35:52: type ValName in package diplomacy is deprecated (since rocketchip 2.0.0): Diplomacy has been split to a standalone library[0m
[0m[[0m[33mwarn[0m] [0m[0mcase class ChannelIdentityNode()(implicit valName: ValName) extends IdentityNode(ChannelImp)()[0m
[0m[[0m[33mwarn[0m] [0m[0m                                                   ^[0m
[0m[[0m[33mwarn[0m] [0m[0m/work/chipyard/generators/constellation/src/main/scala/channel/Nodes.scala:36:53: type ValName in package diplomacy is deprecated (since rocketchip 2.0.0): Diplomacy has been split to a standalone library[0m
[0m[[0m[33mwarn[0m] [0m[0mcase class ChannelEphemeralNode()(implicit valName: ValName) extends EphemeralNode(ChannelImp)()[0m
[0m[[0m[33mwarn[0m] [0m[0m                                                    ^[0m
[0m[[0m[33mwarn[0m] [0m[0m/work/chipyard/generators/constellation/src/main/scala/channel/Nodes.scala:41:34: type SimpleNodeImp in package diplomacy is deprecated (since rocketchip 2.0.0): Diplomacy has been split to a standalone library[0m
[0m[[0m[33mwarn[0m] [0m[0mobject IngressChannelImp extends SimpleNodeImp[EmptyParams, IngressChannelParams, IngressChannelEdgeParams, IngressChannel] {[0m
[0m[[0m[33mwarn[0m] [0m[0m                                 ^[0m
[0m[[0m[33mwarn[0m] [0m[0m/work/chipyard/generators/constellation/src/main/scala/channel/Nodes.scala:47:5: value RenderedEdge in package diplomacy is deprecated (since rocketchip 2.0.0): Diplomacy has been split to a standalone library[0m
[0m[[0m[33mwarn[0m] [0m[0m    RenderedEdge(colour = "ffffff", label = "X")[0m
[0m[[0m[33mwarn[0m] [0m[0m    ^[0m
[0m[[0m[33mwarn[0m] [0m[0m/work/chipyard/generators/constellation/src/main/scala/channel/Nodes.scala:49:5: value RenderedEdge in package diplomacy is deprecated (since rocketchip 2.0.0): Diplomacy has been split to a standalone library[0m
[0m[[0m[33mwarn[0m] [0m[0m    RenderedEdge(colour = "#00ff00", label = e.cp.payloadBits.toString)[0m
[0m[[0m[33mwarn[0m] [0m[0m    ^[0m
[0m[[0m[33mwarn[0m] [0m[0m/work/chipyard/generators/constellation/src/main/scala/channel/Nodes.scala:53:33: type SimpleNodeImp in package diplomacy is deprecated (since rocketchip 2.0.0): Diplomacy has been split to a standalone library[0m
[0m[[0m[33mwarn[0m] [0m[0mobject EgressChannelImp extends SimpleNodeImp[EmptyParams, EgressChannelParams, EgressChannelEdgeParams, EgressChannel] {[0m
[0m[[0m[33mwarn[0m] [0m[0m                                ^[0m
[0m[[0m[33mwarn[0m] [0m[0m/work/chipyard/generators/constellation/src/main/scala/channel/Nodes.scala:59:5: value RenderedEdge in package diplomacy is deprecated (since rocketchip 2.0.0): Diplomacy has been split to a standalone library[0m
[0m[[0m[33mwarn[0m] [0m[0m    RenderedEdge(colour = "ffffff", label = "X")[0m
[0m[[0m[33mwarn[0m] [0m[0m    ^[0m
[0m[[0m[33mwarn[0m] [0m[0m/work/chipyard/generators/constellation/src/main/scala/channel/Nodes.scala:61:5: value RenderedEdge in package diplomacy is deprecated (since rocketchip 2.0.0): Diplomacy has been split to a standalone library[0m
[0m[[0m[33mwarn[0m] [0m[0m    RenderedEdge(colour = "#ff0000", label = e.cp.payloadBits.toString)[0m
[0m[[0m[33mwarn[0m] [0m[0m    ^[0m
[0m[[0m[33mwarn[0m] [0m[0m/work/chipyard/generators/constellation/src/main/scala/channel/Nodes.scala:65:72: type ValName in package diplomacy is deprecated (since rocketchip 2.0.0): Diplomacy has been split to a standalone library[0m
[0m[[0m[33mwarn[0m] [0m[0mcase class IngressChannelSourceNode(val destId: Int)(implicit valName: ValName) extends SourceNode(IngressChannelImp)(Seq(EmptyParams()))[0m
[0m[[0m[33mwarn[0m] [0m[0m                                                                       ^[0m
[0m[[0m[33mwarn[0m] [0m[0m/work/chipyard/generators/constellation/src/main/scala/channel/Nodes.scala:66:91: type ValName in package diplomacy is deprecated (since rocketchip 2.0.0): Diplomacy has been split to a standalone library[0m
[0m[[0m[33mwarn[0m] [0m[0mcase class IngressChannelDestNode(val destParams: IngressChannelParams)(implicit valName: ValName) extends SinkNode(IngressChannelImp)(Seq(destParams))[0m
[0m[[0m[33mwarn[0m] [0m[0m                                                                                          ^[0m
[0m[[0m[33mwarn[0m] [0m[0m/work/chipyard/generators/constellation/src/main/scala/channel/Nodes.scala:67:73: type ValName in package diplomacy is deprecated (since rocketchip 2.0.0): Diplomacy has been split to a standalone library[0m
[0m[[0m[33mwarn[0m] [0m[0mcase class EgressChannelSourceNode(val egressId: Int)(implicit valName: ValName) extends SourceNode(EgressChannelImp)(Seq(EmptyParams()))[0m
[0m[[0m[33mwarn[0m] [0m[0m                                                                        ^[0m
[0m[[0m[33mwarn[0m] [0m[0m/work/chipyard/generators/constellation/src/main/scala/channel/Nodes.scala:68:89: type ValName in package diplomacy is deprecated (since rocketchip 2.0.0): Diplomacy has been split to a standalone library[0m
[0m[[0m[33mwarn[0m] [0m[0mcase class EgressChannelDestNode(val destParams: EgressChannelParams)(implicit valName: ValName) extends SinkNode(EgressChannelImp)(Seq(destParams))[0m
[0m[[0m[33mwarn[0m] [0m[0m                                                                                        ^[0m
[0m[[0m[33mwarn[0m] [0m[0m/work/chipyard/generators/constellation/src/main/scala/channel/Nodes.scala:73:21: type ValName in package diplomacy is deprecated (since rocketchip 2.0.0): Diplomacy has been split to a standalone library[0m
[0m[[0m[33mwarn[0m] [0m[0m  implicit valName: ValName) extends AdapterNode(IngressChannelImp)(m => m, slaveFn)[0m
[0m[[0m[33mwarn[0m] [0m[0m                    ^[0m
[0m[[0m[33mwarn[0m] [0m[0m/work/chipyard/generators/constellation/src/main/scala/channel/Nodes.scala:77:21: type ValName in package diplomacy is deprecated (since rocketchip 2.0.0): Diplomacy has been split to a standalone library[0m
[0m[[0m[33mwarn[0m] [0m[0m  implicit valName: ValName) extends AdapterNode(EgressChannelImp)(m => m, slaveFn)[0m
[0m[[0m[33mwarn[0m] [0m[0m                    ^[0m
[0m[[0m[33mwarn[0m] [0m[0m/work/chipyard/generators/constellation/src/main/scala/channel/Nodes.scala:79:59: type ValName in package diplomacy is deprecated (since rocketchip 2.0.0): Diplomacy has been split to a standalone library[0m
[0m[[0m[33mwarn[0m] [0m[0mcase class IngressChannelIdentityNode()(implicit valName: ValName) extends IdentityNode(IngressChannelImp)()[0m
[0m[[0m[33mwarn[0m] [0m[0m                                                          ^[0m
[0m[[0m[33mwarn[0m] [0m[0m/work/chipyard/generators/constellation/src/main/scala/channel/Nodes.scala:80:58: type ValName in package diplomacy is deprecated (since rocketchip 2.0.0): Diplomacy has been split to a standalone library[0m
[0m[[0m[33mwarn[0m] [0m[0mcase class EgressChannelIdentityNode()(implicit valName: ValName) extends IdentityNode(EgressChannelImp)()[0m
[0m[[0m[33mwarn[0m] [0m[0m                                                         ^[0m
[0m[[0m[33mwarn[0m] [0m[0m/work/chipyard/generators/constellation/src/main/scala/channel/Nodes.scala:82:60: type ValName in package diplomacy is deprecated (since rocketchip 2.0.0): Diplomacy has been split to a standalone library[0m
[0m[[0m[33mwarn[0m] [0m[0mcase class IngressChannelEphemeralNode()(implicit valName: ValName) extends EphemeralNode(IngressChannelImp)()[0m
[0m[[0m[33mwarn[0m] [0m[0m                                                           ^[0m
[0m[[0m[33mwarn[0m] [0m[0m/work/chipyard/generators/constellation/src/main/scala/channel/Nodes.scala:83:59: type ValName in package diplomacy is deprecated (since rocketchip 2.0.0): Diplomacy has been split to a standalone library[0m
[0m[[0m[33mwarn[0m] [0m[0mcase class EgressChannelEphemeralNode()(implicit valName: ValName) extends EphemeralNode(EgressChannelImp)()[0m
[0m[[0m[33mwarn[0m] [0m[0m                                                          ^[0m
[0m[[0m[33mwarn[0m] [0m[0m/work/chipyard/generators/constellation/src/main/scala/channel/WidthWidget.scala:71:72: type LazyModule in package diplomacy is deprecated (since rocketchip 2.0.0): Diplomacy has been split to a standalone library[0m
[0m[[0m[33mwarn[0m] [0m[0mclass IngressWidthWidget(srcBits: Int)(implicit p: Parameters) extends LazyModule {[0m
[0m[[0m[33mwarn[0m] [0m[0m                                                                       ^[0m
[0m[[0m[33mwarn[0m] [0m[0m/work/chipyard/generators/constellation/src/main/scala/channel/WidthWidget.scala:75:25: type LazyModuleImp in package diplomacy is deprecated (since rocketchip 2.0.0): Diplomacy has been split to a standalone library[0m
[0m[[0m[33mwarn[0m] [0m[0m  lazy val module = new LazyModuleImp(this) {[0m
[0m[[0m[33mwarn[0m] [0m[0m                        ^[0m
[0m[[0m[33mwarn[0m] [0m[0m/work/chipyard/generators/constellation/src/main/scala/channel/WidthWidget.scala:88:34: value LazyModule in package diplomacy is deprecated (since rocketchip 2.0.0): Diplomacy has been split to a standalone library[0m
[0m[[0m[33mwarn[0m] [0m[0m      val ingress_width_widget = LazyModule(new IngressWidthWidget(srcBits))[0m
[0m[[0m[33mwarn[0m] [0m[0m                                 ^[0m
[0m[[0m[33mwarn[0m] [0m[0m/work/chipyard/generators/constellation/src/main/scala/channel/WidthWidget.scala:94:71: type LazyModule in package diplomacy is deprecated (since rocketchip 2.0.0): Diplomacy has been split to a standalone library[0m
[0m[[0m[33mwarn[0m] [0m[0mclass EgressWidthWidget(srcBits: Int)(implicit p: Parameters) extends LazyModule {[0m
[0m[[0m[33mwarn[0m] [0m[0m                                                                      ^[0m
[0m[[0m[33mwarn[0m] [0m[0m/work/chipyard/generators/constellation/src/main/scala/channel/WidthWidget.scala:98:25: type LazyModuleImp in package diplomacy is deprecated (since rocketchip 2.0.0): Diplomacy has been split to a standalone library[0m
[0m[[0m[33mwarn[0m] [0m[0m  lazy val module = new LazyModuleImp(this) {[0m
[0m[[0m[33mwarn[0m] [0m[0m                        ^[0m
[0m[[0m[33mwarn[0m] [0m[0m/work/chipyard/generators/constellation/src/main/scala/channel/WidthWidget.scala:111:33: value LazyModule in package diplomacy is deprecated (since rocketchip 2.0.0): Diplomacy has been split to a standalone library[0m
[0m[[0m[33mwarn[0m] [0m[0m      val egress_width_widget = LazyModule(new EgressWidthWidget(srcBits))[0m
[0m[[0m[33mwarn[0m] [0m[0m                                ^[0m
[0m[[0m[33mwarn[0m] [0m[0m/work/chipyard/generators/constellation/src/main/scala/channel/WidthWidget.scala:117:72: type LazyModule in package diplomacy is deprecated (since rocketchip 2.0.0): Diplomacy has been split to a standalone library[0m
[0m[[0m[33mwarn[0m] [0m[0mclass ChannelWidthWidget(srcBits: Int)(implicit p: Parameters) extends LazyModule {[0m
[0m[[0m[33mwarn[0m] [0m[0m                                                                       ^[0m
[0m[[0m[33mwarn[0m] [0m[0m/work/chipyard/generators/constellation/src/main/scala/channel/WidthWidget.scala:137:25: type LazyModuleImp in package diplomacy is deprecated (since rocketchip 2.0.0): Diplomacy has been split to a standalone library[0m
[0m[[0m[33mwarn[0m] [0m[0m  lazy val module = new LazyModuleImp(this) {[0m
[0m[[0m[33mwarn[0m] [0m[0m                        ^[0m
[0m[[0m[33mwarn[0m] [0m[0m/work/chipyard/generators/constellation/src/main/scala/channel/WidthWidget.scala:226:34: value LazyModule in package diplomacy is deprecated (since rocketchip 2.0.0): Diplomacy has been split to a standalone library[0m
[0m[[0m[33mwarn[0m] [0m[0m      val channel_width_widget = LazyModule(new ChannelWidthWidget(srcBits))[0m
[0m[[0m[33mwarn[0m] [0m[0m                                 ^[0m
[0m[[0m[33mwarn[0m] [0m[0m/work/chipyard/generators/constellation/src/main/scala/channel/package.scala:6:28: type InwardNodeHandle in package diplomacy is deprecated (since rocketchip 2.0.0): Diplomacy has been split to a standalone library[0m
[0m[[0m[33mwarn[0m] [0m[0m  type ChannelInwardNode = InwardNodeHandle[EmptyParams, ChannelParams, ChannelEdgeParams, Channel][0m
[0m[[0m[33mwarn[0m] [0m[0m                           ^[0m
[0m[[0m[33mwarn[0m] [0m[0m/work/chipyard/generators/constellation/src/main/scala/channel/package.scala:7:29: type OutwardNodeHandle in package diplomacy is deprecated (since rocketchip 2.0.0): Diplomacy has been split to a standalone library[0m
[0m[[0m[33mwarn[0m] [0m[0m  type ChannelOutwardNode = OutwardNodeHandle[EmptyParams, ChannelParams, ChannelEdgeParams, Channel][0m
[0m[[0m[33mwarn[0m] [0m[0m                            ^[0m
[0m[[0m[33mwarn[0m] [0m[0m/work/chipyard/generators/constellation/src/main/scala/noc/NoC.scala:24:65: type LazyModule in package diplomacy is deprecated (since rocketchip 2.0.0): Diplomacy has been split to a standalone library[0m
[0m[[0m[33mwarn[0m] [0m[0mclass NoC(nocParams: NoCParams)(implicit p: Parameters) extends LazyModule {[0m
[0m[[0m[33mwarn[0m] [0m[0m                                                                ^[0m
[0m[[0m[33mwarn[0m] [0m[0m/work/chipyard/generators/constellation/src/main/scala/noc/NoC.scala:41:30: value LazyModule in package diplomacy is deprecated (since rocketchip 2.0.0): Diplomacy has been split to a standalone library[0m
[0m[[0m[33mwarn[0m] [0m[0m    val router_sink_domain = LazyModule(new ClockSinkDomain(ClockSinkParameters([0m
[0m[[0m[33mwarn[0m] [0m[0m                             ^[0m
[0m[[0m[33mwarn[0m] [0m[0m/work/chipyard/generators/constellation/src/main/scala/noc/NoC.scala:67:12: value LazyModule in package diplomacy is deprecated (since rocketchip 2.0.0): Diplomacy has been split to a standalone library[0m
[0m[[0m[33mwarn[0m] [0m[0m      Some(LazyModule(new Router([0m
[0m[[0m[33mwarn[0m] [0m[0m           ^[0m
[0m[[0m[33mwarn[0m] [0m[0m/work/chipyard/generators/constellation/src/main/scala/noc/NoC.scala:123:16: value BundleBridgeSink in package diplomacy is deprecated (since rocketchip 2.0.0): Diplomacy has been split to a standalone library[0m
[0m[[0m[33mwarn[0m] [0m[0m    val sink = BundleBridgeSink[DebugBundle]()[0m
[0m[[0m[33mwarn[0m] [0m[0m               ^[0m
[0m[[0m[33mwarn[0m] [0m[0m/work/chipyard/generators/constellation/src/main/scala/noc/NoC.scala:130:20: value BundleBridgeSink in package diplomacy is deprecated (since rocketchip 2.0.0): Diplomacy has been split to a standalone library[0m
[0m[[0m[33mwarn[0m] [0m[0m        val sink = BundleBridgeSink[RouterCtrlBundle]()[0m
[0m[[0m[33mwarn[0m] [0m[0m                   ^[0m
[0m[[0m[33mwarn[0m] [0m[0m/work/chipyard/generators/constellation/src/main/scala/noc/NoC.scala:141:22: type LazyModuleImp in package diplomacy is deprecated (since rocketchip 2.0.0): Diplomacy has been split to a standalone library[0m
[0m[[0m[33mwarn[0m] [0m[0m  class Impl extends LazyModuleImp(this) {[0m
[0m[[0m[33mwarn[0m] [0m[0m                     ^[0m
[0m[[0m[33mwarn[0m] [0m[0m/work/chipyard/generators/boom/src/main/scala/v3/common/config-mixins.scala:27:37: method apply in class View is deprecated (since CDE 0.1): up(XYZ, site) is no longer necessary; remove the superfluous site argument[0m
[0m[[0m[33mwarn[0m] [0m[0m  case TilesLocated(InSubsystem) => up(TilesLocated(InSubsystem), site) map {[0m
[0m[[0m[33mwarn[0m] [0m[0m                                    ^[0m
[0m[[0m[33mwarn[0m] [0m[0m/work/chipyard/generators/boom/src/main/scala/v3/common/config-mixins.scala:37:37: method apply in class View is deprecated (since CDE 0.1): up(XYZ, site) is no longer necessary; remove the superfluous site argument[0m
[0m[[0m[33mwarn[0m] [0m[0m  case TilesLocated(InSubsystem) => up(TilesLocated(InSubsystem), site) map {[0m
[0m[[0m[33mwarn[0m] [0m[0m                                    ^[0m
[0m[[0m[33mwarn[0m] [0m[0m/work/chipyard/generators/boom/src/main/scala/v3/common/config-mixins.scala:46:37: method apply in class View is deprecated (since CDE 0.1): up(XYZ, site) is no longer necessary; remove the superfluous site argument[0m
[0m[[0m[33mwarn[0m] [0m[0m  case TilesLocated(InSubsystem) => up(TilesLocated(InSubsystem), site) map {[0m
[0m[[0m[33mwarn[0m] [0m[0m                                    ^[0m
[0m[[0m[33mwarn[0m] [0m[0m/work/chipyard/generators/boom/src/main/scala/v3/common/config-mixins.scala:56:37: method apply in class View is deprecated (since CDE 0.1): up(XYZ, site) is no longer necessary; remove the superfluous site argument[0m
[0m[[0m[33mwarn[0m] [0m[0m  case TilesLocated(InSubsystem) => up(TilesLocated(InSubsystem), site) map {[0m
[0m[[0m[33mwarn[0m] [0m[0m                                    ^[0m
[0m[[0m[33mwarn[0m] [0m[0m/work/chipyard/generators/boom/src/main/scala/v3/common/config-mixins.scala:65:37: method apply in class View is deprecated (since CDE 0.1): up(XYZ, site) is no longer necessary; remove the superfluous site argument[0m
[0m[[0m[33mwarn[0m] [0m[0m  case TilesLocated(InSubsystem) => up(TilesLocated(InSubsystem), site) map {[0m
[0m[[0m[33mwarn[0m] [0m[0m                                    ^[0m
[0m[[0m[33mwarn[0m] [0m[0m/work/chipyard/generators/boom/src/main/scala/v3/common/config-mixins.scala:74:37: method apply in class View is deprecated (since CDE 0.1): up(XYZ, site) is no longer necessary; remove the superfluous site argument[0m
[0m[[0m[33mwarn[0m] [0m[0m  case TilesLocated(InSubsystem) => up(TilesLocated(InSubsystem), site) map {[0m
[0m[[0m[33mwarn[0m] [0m[0m                                    ^[0m
[0m[[0m[33mwarn[0m] [0m[0m/work/chipyard/generators/boom/src/main/scala/v3/common/config-mixins.scala:89:18: method apply in class View is deprecated (since CDE 0.1): up(XYZ, site) is no longer necessary; remove the superfluous site argument[0m
[0m[[0m[33mwarn[0m] [0m[0m      val prev = up(TilesLocated(InSubsystem), site)[0m
[0m[[0m[33mwarn[0m] [0m[0m                 ^[0m
[0m[[0m[33mwarn[0m] [0m[0m/work/chipyard/generators/saturn/src/main/scala/mem/SGTLInterface.scala:14:53: type LazyModule in package diplomacy is deprecated (since rocketchip 2.0.0): Diplomacy has been split to a standalone library[0m
[0m[[0m[33mwarn[0m] [0m[0mclass SGTLInterface(implicit p: Parameters) extends LazyModule()(p) with HasCoreParameters with HasVectorParams {[0m
[0m[[0m[33mwarn[0m] [0m[0m                                                    ^[0m
[0m[[0m[33mwarn[0m] [0m[0m/work/chipyard/generators/boom/src/main/scala/v3/common/config-mixins.scala:135:18: method apply in class View is deprecated (since CDE 0.1): up(XYZ, site) is no longer necessary; remove the superfluous site argument[0m
[0m[[0m[33mwarn[0m] [0m[0m      val prev = up(TilesLocated(InSubsystem), site)[0m
[0m[[0m[33mwarn[0m] [0m[0m                 ^[0m
[0m[[0m[33mwarn[0m] [0m[0m/work/chipyard/generators/boom/src/main/scala/v3/common/config-mixins.scala:181:18: method apply in class View is deprecated (since CDE 0.1): up(XYZ, site) is no longer necessary; remove the superfluous site argument[0m
[0m[[0m[33mwarn[0m] [0m[0m      val prev = up(TilesLocated(InSubsystem), site)[0m
[0m[[0m[33mwarn[0m] [0m[0m                 ^[0m
[0m[[0m[33mwarn[0m] [0m[0m/work/chipyard/generators/saturn/src/main/scala/mem/SGTLInterface.scala:17:57: value LazyModule in package diplomacy is deprecated (since rocketchip 2.0.0): Diplomacy has been split to a standalone library[0m
[0m[[0m[33mwarn[0m] [0m[0m  val accessors = Seq.tabulate(vParams.vsgPorts) { i => LazyModule(new TLInterface(sgmemTagBits)) }[0m
[0m[[0m[33mwarn[0m] [0m[0m                                                        ^[0m
[0m[[0m[33mwarn[0m] [0m[0m/work/chipyard/generators/saturn/src/main/scala/mem/SGTLInterface.scala:24:22: type LazyModuleImp in package diplomacy is deprecated (since rocketchip 2.0.0): Diplomacy has been split to a standalone library[0m
[0m[[0m[33mwarn[0m] [0m[0m  class Impl extends LazyModuleImp(this) {[0m
[0m[[0m[33mwarn[0m] [0m[0m                     ^[0m
[0m[[0m[33mwarn[0m] [0m[0m/work/chipyard/generators/boom/src/main/scala/v3/common/config-mixins.scala:227:18: method apply in class View is deprecated (since CDE 0.1): up(XYZ, site) is no longer necessary; remove the superfluous site argument[0m
[0m[[0m[33mwarn[0m] [0m[0m      val prev = up(TilesLocated(InSubsystem), site)[0m
[0m[[0m[33mwarn[0m] [0m[0m                 ^[0m
[0m[[0m[33mwarn[0m] [0m[0m/work/chipyard/generators/boom/src/main/scala/v3/common/config-mixins.scala:273:18: method apply in class View is deprecated (since CDE 0.1): up(XYZ, site) is no longer necessary; remove the superfluous site argument[0m
[0m[[0m[33mwarn[0m] [0m[0m      val prev = up(TilesLocated(InSubsystem), site)[0m
[0m[[0m[33mwarn[0m] [0m[0m                 ^[0m
[0m[[0m[33mwarn[0m] [0m[0m/work/chipyard/generators/boom/src/main/scala/v3/common/config-mixins.scala:320:16: method apply in class View is deprecated (since CDE 0.1): up(XYZ, site) is no longer necessary; remove the superfluous site argument[0m
[0m[[0m[33mwarn[0m] [0m[0m    val prev = up(TilesLocated(location), site)[0m
[0m[[0m[33mwarn[0m] [0m[0m               ^[0m
[0m[[0m[33mwarn[0m] [0m[0m/work/chipyard/generators/boom/src/main/scala/v3/common/config-mixins.scala:340:18: method apply in class View is deprecated (since CDE 0.1): up(XYZ, site) is no longer necessary; remove the superfluous site argument[0m
[0m[[0m[33mwarn[0m] [0m[0m      val prev = up(TilesLocated(InSubsystem), site)[0m
[0m[[0m[33mwarn[0m] [0m[0m                 ^[0m
[0m[[0m[33mwarn[0m] [0m[0m/work/chipyard/generators/boom/src/main/scala/v3/common/config-mixins.scala:388:18: method apply in class View is deprecated (since CDE 0.1): up(XYZ, site) is no longer necessary; remove the superfluous site argument[0m
[0m[[0m[33mwarn[0m] [0m[0m      val prev = up(TilesLocated(InSubsystem), site)[0m
[0m[[0m[33mwarn[0m] [0m[0m                 ^[0m
[0m[[0m[33mwarn[0m] [0m[0m/work/chipyard/generators/boom/src/main/scala/v3/common/config-mixins.scala:438:37: method apply in class View is deprecated (since CDE 0.1): up(XYZ, site) is no longer necessary; remove the superfluous site argument[0m
[0m[[0m[33mwarn[0m] [0m[0m  case TilesLocated(InSubsystem) => up(TilesLocated(InSubsystem), site) map {[0m
[0m[[0m[33mwarn[0m] [0m[0m                                    ^[0m
[0m[[0m[33mwarn[0m] [0m[0m/work/chipyard/generators/boom/src/main/scala/v3/common/config-mixins.scala:467:37: method apply in class View is deprecated (since CDE 0.1): up(XYZ, site) is no longer necessary; remove the superfluous site argument[0m
[0m[[0m[33mwarn[0m] [0m[0m  case TilesLocated(InSubsystem) => up(TilesLocated(InSubsystem), site) map {[0m
[0m[[0m[33mwarn[0m] [0m[0m                                    ^[0m
[0m[[0m[33mwarn[0m] [0m[0m/work/chipyard/generators/boom/src/main/scala/v3/common/config-mixins.scala:494:37: method apply in class View is deprecated (since CDE 0.1): up(XYZ, site) is no longer necessary; remove the superfluous site argument[0m
[0m[[0m[33mwarn[0m] [0m[0m  case TilesLocated(InSubsystem) => up(TilesLocated(InSubsystem), site) map {[0m
[0m[[0m[33mwarn[0m] [0m[0m                                    ^[0m
[0m[[0m[33mwarn[0m] [0m[0m/work/chipyard/generators/saturn/src/main/scala/mem/TLInterface.scala:14:65: type LazyModule in package diplomacy is deprecated (since rocketchip 2.0.0): Diplomacy has been split to a standalone library[0m
[0m[[0m[33mwarn[0m] [0m[0m/work/chipyard/generators/boom/src/main/scala/v3/common/config-mixins.scala:523:37: method apply in class View is deprecated (since CDE 0.1): up(XYZ, site) is no longer necessary; remove the superfluous site argument[0m
[0m[[0m[33mwarn[0m] [0m[0m  case TilesLocated(InSubsystem) => up(TilesLocated(InSubsystem), site) map {[0m
[0m[[0m[33mwarn[0m] [0m[0m                                    ^[0m
[0m[[0m[33mwarn[0m] [0m[0mclass TLInterface(tagBits: Int)(implicit p: Parameters) extends LazyModule()(p) with HasCoreParameters {[0m
[0m[[0m[33mwarn[0m] [0m[0m                                                                ^[0m
[0m[[0m[33mwarn[0m] [0m[0m/work/chipyard/generators/saturn/src/main/scala/mem/TLInterface.scala:20:22: type LazyModuleImp in package diplomacy is deprecated (since rocketchip 2.0.0): Diplomacy has been split to a standalone library[0m
[0m[[0m[33mwarn[0m] [0m[0m  class Impl extends LazyModuleImp(this) {[0m
[0m[[0m[33mwarn[0m] [0m[0m                     ^[0m
[0m[[0m[33mwarn[0m] [0m[0m/work/chipyard/generators/saturn/src/main/scala/mem/TLInterface.scala:62:56: type LazyModule in package diplomacy is deprecated (since rocketchip 2.0.0): Diplomacy has been split to a standalone library[0m
[0m[[0m[33mwarn[0m] [0m[0mclass TLSplitInterface(implicit p: Parameters) extends LazyModule()(p) with HasCoreParameters with HasVectorParams {[0m
[0m[[0m[33mwarn[0m] [0m[0m                                                       ^[0m
[0m[[0m[33mwarn[0m] [0m[0m/work/chipyard/generators/saturn/src/main/scala/mem/TLInterface.scala:64:16: value LazyModule in package diplomacy is deprecated (since rocketchip 2.0.0): Diplomacy has been split to a standalone library[0m
[0m[[0m[33mwarn[0m] [0m[0m  val reader = LazyModule(new TLInterface(dmemTagBits))[0m
[0m[[0m[33mwarn[0m] [0m[0m               ^[0m
[0m[[0m[33mwarn[0m] [0m[0m/work/chipyard/generators/saturn/src/main/scala/mem/TLInterface.scala:65:16: value LazyModule in package diplomacy is deprecated (since rocketchip 2.0.0): Diplomacy has been split to a standalone library[0m
[0m[[0m[33mwarn[0m] [0m[0m  val writer = LazyModule(new TLInterface(dmemTagBits))[0m
[0m[[0m[33mwarn[0m] [0m[0m               ^[0m
[0m[[0m[33mwarn[0m] [0m[0m/work/chipyard/generators/saturn/src/main/scala/mem/TLInterface.scala:67:13: value LazyModule in package diplomacy is deprecated (since rocketchip 2.0.0): Diplomacy has been split to a standalone library[0m
[0m[[0m[33mwarn[0m] [0m[0m  val arb = LazyModule(new TLXbar)[0m
[0m[[0m[33mwarn[0m] [0m[0m            ^[0m
[0m[[0m[33mwarn[0m] [0m[0m/work/chipyard/generators/saturn/src/main/scala/mem/TLInterface.scala:75:22: type LazyModuleImp in package diplomacy is deprecated (since rocketchip 2.0.0): Diplomacy has been split to a standalone library[0m
[0m[[0m[33mwarn[0m] [0m[0m  class Impl extends LazyModuleImp(this) {[0m
[0m[[0m[33mwarn[0m] [0m[0m                     ^[0m
[0m[[0m[33mwarn[0m] [0m[0m/work/chipyard/generators/saturn/src/main/scala/rocket/Configs.scala:18:37: method apply in class View is deprecated (since CDE 0.1): up(XYZ, site) is no longer necessary; remove the superfluous site argument[0m
[0m[[0m[33mwarn[0m] [0m[0m  case TilesLocated(InSubsystem) => up(TilesLocated(InSubsystem), site) map {[0m
[0m[[0m[33mwarn[0m] [0m[0m                                    ^[0m
[0m[[0m[33mwarn[0m] [0m[0m/work/chipyard/generators/saturn/src/main/scala/rocket/Integration.scala:27:15: value LazyModule in package diplomacy is deprecated (since rocketchip 2.0.0): Diplomacy has been split to a standalone library[0m
[0m[[0m[33mwarn[0m] [0m[0m  val tl_if = LazyModule(new TLSplitInterface)[0m
[0m[[0m[33mwarn[0m] [0m[0m              ^[0m
[0m[[0m[33mwarn[0m] [0m[0m/work/chipyard/generators/boom/src/main/scala/v3/common/tile.scala:92:18: value LazyModule in package diplomacy is deprecated (since rocketchip 2.0.0): Diplomacy has been split to a standalone library[0m
[0m[[0m[33mwarn[0m] [0m[0m      .map(bp => LazyModule(new BasicBusBlocker(bp)))[0m
[0m[[0m[33mwarn[0m] [0m[0m                 ^[0m
[0m[[0m[33mwarn[0m] [0m[0m/work/chipyard/generators/boom/src/main/scala/v3/common/tile.scala:100:18: type SimpleDevice in package diplomacy is deprecated (since rocketchip 2.0.0): Use freechips.rocketchip.resources.SimpleDevice[0m
[0m[[0m[33mwarn[0m] [0m[0m  val cpuDevice: SimpleDevice = new SimpleDevice("cpu", Seq("ucb-bar,boom0", "riscv")) {[0m
[0m[[0m[33mwarn[0m] [0m[0m                 ^[0m
[0m[[0m[33mwarn[0m] [0m[0m/work/chipyard/generators/boom/src/main/scala/v3/common/tile.scala:100:37: type SimpleDevice in package diplomacy is deprecated (since rocketchip 2.0.0): Use freechips.rocketchip.resources.SimpleDevice[0m
[0m[[0m[33mwarn[0m] [0m[0m  val cpuDevice: SimpleDevice = new SimpleDevice("cpu", Seq("ucb-bar,boom0", "riscv")) {[0m
[0m[[0m[33mwarn[0m] [0m[0m/work/chipyard/generators/saturn/src/main/scala/shuttle/Configs.scala:20:37: method apply in class View is deprecated (since CDE 0.1): up(XYZ, site) is no longer necessary; remove the superfluous site argument[0m
[0m[[0m[33mwarn[0m] [0m[0m  case TilesLocated(InSubsystem) => up(TilesLocated(InSubsystem), site) map {[0m
[0m[[0m[33mwarn[0m] [0m[0m                                    ^[0m
[0m[[0m[33mwarn[0m] [0m[0m                                    ^[0m
[0m[[0m[33mwarn[0m] [0m[0m/work/chipyard/generators/boom/src/main/scala/v3/common/tile.scala:101:32: value ResourceAnchors in package diplomacy is deprecated (since rocketchip 2.0.0): Use freechips.rocketchip.resources.ResourceAnchors[0m
[0m[[0m[33mwarn[0m] [0m[0m    override def parent = Some(ResourceAnchors.cpus)[0m
[0m[[0m[33mwarn[0m] [0m[0m                               ^[0m
[0m[[0m[33mwarn[0m] [0m[0m/work/chipyard/generators/boom/src/main/scala/v3/common/tile.scala:102:38: type ResourceBindings in package diplomacy is deprecated (since rocketchip 2.0.0): Use freechips.rocketchip.resources.ResourceBindings[0m
[0m[[0m[33mwarn[0m] [0m[0m    override def describe(resources: ResourceBindings): Description = {[0m
[0m[[0m[33mwarn[0m] [0m[0m                                     ^[0m
[0m[[0m[33mwarn[0m] [0m[0m/work/chipyard/generators/boom/src/main/scala/v3/common/tile.scala:102:57: type Description in package diplomacy is deprecated (since rocketchip 2.0.0): Use freechips.rocketchip.resources.Description[0m
[0m[[0m[33mwarn[0m] [0m[0m    override def describe(resources: ResourceBindings): Description = {[0m
[0m[[0m[33mwarn[0m] [0m[0m                                                        ^[0m
[0m[[0m[33mwarn[0m] [0m[0m/work/chipyard/generators/boom/src/main/scala/v3/common/tile.scala:104:7: value Description in package diplomacy is deprecated (since rocketchip 2.0.0): Use freechips.rocketchip.resources.Description[0m
[0m[[0m[33mwarn[0m] [0m[0m      Description(name, mapping ++[0m
[0m[[0m[33mwarn[0m] [0m[0m      ^[0m
[0m[[0m[33mwarn[0m] [0m[0m/work/chipyard/generators/boom/src/main/scala/v3/common/tile.scala:111:3: value ResourceBinding in package diplomacy is deprecated (since rocketchip 2.0.0): Use freechips.rocketchip.resources.ResourceBinding[0m
[0m[[0m[33mwarn[0m] [0m[0m  ResourceBinding {[0m
[0m[[0m[33mwarn[0m] [0m[0m  ^[0m
[0m[[0m[33mwarn[0m] [0m[0m/work/chipyard/generators/boom/src/main/scala/v3/common/tile.scala:112:5: value Resource in package diplomacy is deprecated (since rocketchip 2.0.0): Use freechips.rocketchip.resources.Resource[0m
[0m[[0m[33mwarn[0m] [0m[0m    Resource(cpuDevice, "reg").bind(ResourceAddress(tileId))[0m
[0m[[0m[33mwarn[0m] [0m[0m    ^[0m
[0m[[0m[33mwarn[0m] [0m[0m/work/chipyard/generators/boom/src/main/scala/v3/common/tile.scala:112:37: value ResourceAddress in package diplomacy is deprecated (since rocketchip 2.0.0): Use freechips.rocketchip.resources.ResourceAddress[0m
[0m[[0m[33mwarn[0m] [0m[0m    Resource(cpuDevice, "reg").bind(ResourceAddress(tileId))[0m
[0m[[0m[33mwarn[0m] [0m[0m                                    ^[0m
[0m[[0m[33mwarn[0m] [0m[0m/work/chipyard/generators/boom/src/main/scala/v3/common/tile.scala:132:44: value LazyModule in package diplomacy is deprecated (since rocketchip 2.0.0): Diplomacy has been split to a standalone library[0m
[0m[[0m[33mwarn[0m] [0m[0m  lazy val dcache: BoomNonBlockingDCache = LazyModule(new BoomNonBlockingDCache(tileId))[0m
[0m[[0m[33mwarn[0m] [0m[0m                                           ^[0m
[0m[[0m[33mwarn[0m] [0m[0m/work/chipyard/generators/boom/src/main/scala/v3/common/tile.scala:138:18: value LazyModule in package diplomacy is deprecated (since rocketchip 2.0.0): Diplomacy has been split to a standalone library[0m
[0m[[0m[33mwarn[0m] [0m[0m  val frontend = LazyModule(new BoomFrontend(tileParams.icache.get, tileId))[0m
[0m[[0m[33mwarn[0m] [0m[0m                 ^[0m
[0m[[0m[33mwarn[0m] [0m[0m/work/chipyard/generators/saturn/src/main/scala/shuttle/Integration.scala:25:15: value LazyModule in package diplomacy is deprecated (since rocketchip 2.0.0): Diplomacy has been split to a standalone library[0m
[0m[[0m[33mwarn[0m] [0m[0m  val tl_if = LazyModule(new TLSplitInterface)[0m
[0m[[0m[33mwarn[0m] [0m[0m              ^[0m
[0m[[0m[33mwarn[0m] [0m[0m/work/chipyard/generators/saturn/src/main/scala/shuttle/Integration.scala:29:17: value LazyModule in package diplomacy is deprecated (since rocketchip 2.0.0): Diplomacy has been split to a standalone library[0m
[0m[[0m[33mwarn[0m] [0m[0m    val sg_if = LazyModule(new SGTLInterface)[0m
[0m[[0m[33mwarn[0m] [0m[0m                ^[0m
[0m[[0m[33mwarn[0m] [0m[0m/work/chipyard/generators/constellation/src/main/scala/protocol/AXI4.scala:347:37: type ValName in package diplomacy is deprecated (since rocketchip 2.0.0): Diplomacy has been split to a standalone library[0m
[0m[[0m[33mwarn[0m] [0m[0mclass AXI4NoCNode(implicit valName: ValName) extends AXI4NexusNode([0m
[0m[[0m[33mwarn[0m] [0m[0m                                    ^[0m
[0m[[0m[33mwarn[0m] [0m[0m/work/chipyard/generators/constellation/src/main/scala/protocol/AXI4.scala:372:60: type LazyModuleImp in package diplomacy is deprecated (since rocketchip 2.0.0): Diplomacy has been split to a standalone library[0m
[0m[[0m[33mwarn[0m] [0m[0mabstract class AXI4NoCModuleImp(outer: LazyModule) extends LazyModuleImp(outer) {[0m
[0m[[0m[33mwarn[0m] [0m[0m                                                           ^[0m
[0m[[0m[33mwarn[0m] [0m[0m/work/chipyard/generators/constellation/src/main/scala/protocol/AXI4.scala:372:40: type LazyModule in package diplomacy is deprecated (since rocketchip 2.0.0): Diplomacy has been split to a standalone library[0m
[0m[[0m[33mwarn[0m] [0m[0mabstract class AXI4NoCModuleImp(outer: LazyModule) extends LazyModuleImp(outer) {[0m
[0m[[0m[33mwarn[0m] [0m[0m                                       ^[0m
[0m[[0m[33mwarn[0m] [0m[0m583 feature warnings; re-run with -feature for details[0m
[0m[[0m[33mwarn[0m] [0m[0m/work/chipyard/generators/constellation/src/main/scala/protocol/AXI4.scala:412:93: type LazyModule in package diplomacy is deprecated (since rocketchip 2.0.0): Diplomacy has been split to a standalone library[0m
[0m[[0m[33mwarn[0m] [0m[0mclass AXI4NoC(params: AXI4NoCParams, name: String = "test")(implicit p: Parameters) extends LazyModule {[0m
[0m[[0m[33mwarn[0m] [0m[0m                                                                                            ^[0m
[0m[[0m[33mwarn[0m] [0m[0m65 warnings found[0m
[0m[[0m[0minfo[0m] [0m[0mdone compiling[0m
[0m[[0m[33mwarn[0m] [0m[0m/work/chipyard/generators/constellation/src/main/scala/protocol/Protocol.scala:116:20: value LazyModule in package diplomacy is deprecated (since rocketchip 2.0.0): Diplomacy has been split to a standalone library[0m
[0m[[0m[33mwarn[0m] [0m[0m  val noc = Module(LazyModule(new NoC(nocParams)).module)[0m
[0m[[0m[33mwarn[0m] [0m[0m                   ^[0m
[0m[[0m[33mwarn[0m] [0m[0m/work/chipyard/generators/constellation/src/main/scala/protocol/Tilelink.scala:477:58: type LazyModule in package diplomacy is deprecated (since rocketchip 2.0.0): Diplomacy has been split to a standalone library[0m
[0m[[0m[33mwarn[0m] [0m[0mabstract class TLNoCLike(implicit p: Parameters) extends LazyModule {[0m
[0m[[0m[33mwarn[0m] [0m[0m                                                         ^[0m
[0m[[0m[33mwarn[0m] [0m[0m/work/chipyard/generators/constellation/src/main/scala/protocol/Tilelink.scala:510:58: type LazyModuleImp in package diplomacy is deprecated (since rocketchip 2.0.0): Diplomacy has been split to a standalone library[0m
[0m[[0m[33mwarn[0m] [0m[0mabstract class TLNoCModuleImp(outer: LazyModule) extends LazyModuleImp(outer) {[0m
[0m[[0m[33mwarn[0m] [0m[0m                                                         ^[0m
[0m[[0m[33mwarn[0m] [0m[0m/work/chipyard/generators/constellation/src/main/scala/protocol/Tilelink.scala:510:38: type LazyModule in package diplomacy is deprecated (since rocketchip 2.0.0): Diplomacy has been split to a standalone library[0m
[0m[[0m[33mwarn[0m] [0m[0mabstract class TLNoCModuleImp(outer: LazyModule) extends LazyModuleImp(outer) {[0m
[0m[[0m[33mwarn[0m] [0m[0m                                     ^[0m
[0m[[0m[33mwarn[0m] [0m[0m/work/chipyard/generators/boom/src/main/scala/v3/exu/issue-units/issue-unit-unordered.scala:41:59: method copyArrayToImmutableIndexedSeq in class LowPriorityImplicits2 is deprecated (since 2.13.0): implicit conversions from Array to immutable.IndexedSeq are implemented by copying; use `toIndexedSeq` explicitly if you want to copy, or use the more efficient non-copying ArraySeq.unsafeWrapArray[0m
[0m[[0m[33mwarn[0m] [0m[0m    issue_slots(i).in_uop.bits  := Mux1H(entry_wen_oh(i), dis_uops)[0m
[0m[[0m[33mwarn[0m] [0m[0m                                                          ^[0m
[0m[[0m[33mwarn[0m] [0m[0m/work/chipyard/generators/boom/src/main/scala/v3/exu/register-read/register-read.scala:185:77: method copyArrayToImmutableIndexedSeq in class LowPriorityImplicits2 is deprecated (since 2.13.0): implicit conversions from Array to immutable.IndexedSeq are implemented by copying; use `toIndexedSeq` explicitly if you want to copy, or use the more efficient non-copying ArraySeq.unsafeWrapArray[0m
[0m[[0m[33mwarn[0m] [0m[0m    if (numReadPorts > 0) bypassed_rs1_data(w)  := MuxCase(rrd_rs1_data(w), rs1_cases)[0m
[0m[[0m[33mwarn[0m] [0m[0m                                                                            ^[0m
[0m[[0m[33mwarn[0m] [0m[0m/work/chipyard/generators/boom/src/main/scala/v3/exu/register-read/register-read.scala:186:77: method copyArrayToImmutableIndexedSeq in class LowPriorityImplicits2 is deprecated (since 2.13.0): implicit conversions from Array to immutable.IndexedSeq are implemented by copying; use `toIndexedSeq` explicitly if you want to copy, or use the more efficient non-copying ArraySeq.unsafeWrapArray[0m
[0m[[0m[33mwarn[0m] [0m[0m    if (numReadPorts > 1) bypassed_rs2_data(w)  := MuxCase(rrd_rs2_data(w), rs2_cases)[0m
[0m[[0m[33mwarn[0m] [0m[0m                                                                            ^[0m
[0m[[0m[33mwarn[0m] [0m[0m/work/chipyard/generators/boom/src/main/scala/v3/exu/register-read/register-read.scala:187:78: method copyArrayToImmutableIndexedSeq in class LowPriorityImplicits2 is deprecated (since 2.13.0): implicit conversions from Array to immutable.IndexedSeq are implemented by copying; use `toIndexedSeq` explicitly if you want to copy, or use the more efficient non-copying ArraySeq.unsafeWrapArray[0m
[0m[[0m[33mwarn[0m] [0m[0m    if (enableSFBOpt)     bypassed_pred_data(w) := MuxCase(rrd_pred_data(w), pred_cases)[0m
[0m[[0m[33mwarn[0m] [0m[0m                                                                             ^[0m
[0m[[0m[33mwarn[0m] [0m[0m/work/chipyard/generators/constellation/src/main/scala/router/Router.scala:73:35: type LazyModule in package diplomacy is deprecated (since rocketchip 2.0.0): Diplomacy has been split to a standalone library[0m
[0m[[0m[33mwarn[0m] [0m[0m)(implicit p: Parameters) extends LazyModule with HasNoCParams with HasRouterParams {[0m
[0m[[0m[33mwarn[0m] [0m[0m                                  ^[0m
[0m[[0m[33mwarn[0m] [0m[0m/work/chipyard/generators/constellation/src/main/scala/router/Router.scala:81:19: value BundleBridgeSource in package diplomacy is deprecated (since rocketchip 2.0.0): Diplomacy has been split to a standalone library[0m
[0m[[0m[33mwarn[0m] [0m[0m  val debugNode = BundleBridgeSource(() => new DebugBundle(allPreDiplomaticInParams.size))[0m
[0m[[0m[33mwarn[0m] [0m[0m                  ^[0m
[0m[[0m[33mwarn[0m] [0m[0m/work/chipyard/generators/constellation/src/main/scala/router/Router.scala:82:36: value BundleBridgeSource in package diplomacy is deprecated (since rocketchip 2.0.0): Diplomacy has been split to a standalone library[0m
[0m[[0m[33mwarn[0m] [0m[0m  val ctrlNode = if (hasCtrl) Some(BundleBridgeSource(() => new RouterCtrlBundle)) else None[0m
[0m[[0m[33mwarn[0m] [0m[0m                                   ^[0m
[0m[[0m[33mwarn[0m] [0m[0m/work/chipyard/generators/constellation/src/main/scala/router/Router.scala:89:25: type LazyModuleImp in package diplomacy is deprecated (since rocketchip 2.0.0): Diplomacy has been split to a standalone library[0m
[0m[[0m[33mwarn[0m] [0m[0m  lazy val module = new LazyModuleImp(this) with HasRouterInputParams with HasRouterOutputParams {[0m
[0m[[0m[33mwarn[0m] [0m[0m                        ^[0m
[0m[[0m[33mwarn[0m] [0m[0m/work/chipyard/generators/constellation/src/main/scala/soc/Buses.scala:25:25: value LazyModule in package diplomacy is deprecated (since rocketchip 2.0.0): Diplomacy has been split to a standalone library[0m
[0m[[0m[33mwarn[0m] [0m[0m    val constellation = LazyModule(new ConstellationSystemBus([0m
[0m[[0m[33mwarn[0m] [0m[0m                        ^[0m
[0m[[0m[33mwarn[0m] [0m[0m/work/chipyard/generators/constellation/src/main/scala/soc/Buses.scala:38:61: value LazyModule in package diplomacy is deprecated (since rocketchip 2.0.0): Diplomacy has been split to a standalone library[0m
[0m[[0m[33mwarn[0m] [0m[0m  private val replicator = sbus_params.replication.map(r => LazyModule(new RegionReplicator(r)))[0m
[0m[[0m[33mwarn[0m] [0m[0m                                                            ^[0m
[0m[[0m[33mwarn[0m] [0m[0m/work/chipyard/generators/constellation/src/main/scala/soc/Buses.scala:48:7: value LazyModule in package diplomacy is deprecated (since rocketchip 2.0.0): Diplomacy has been split to a standalone library[0m
[0m[[0m[33mwarn[0m] [0m[0m      LazyModule(new TLGlobalNoC(params, name))[0m
[0m[[0m[33mwarn[0m] [0m[0m      ^[0m
[0m[[0m[33mwarn[0m] [0m[0m/work/chipyard/generators/constellation/src/main/scala/soc/Buses.scala:50:39: value LazyModule in package diplomacy is deprecated (since rocketchip 2.0.0): Diplomacy has been split to a standalone library[0m
[0m[[0m[33mwarn[0m] [0m[0m    case params: SimpleTLNoCParams => LazyModule(new TLNoC(params, name, inlineNoC))[0m
[0m[[0m[33mwarn[0m] [0m[0m                                      ^[0m
[0m[[0m[33mwarn[0m] [0m[0m/work/chipyard/generators/constellation/src/main/scala/soc/Buses.scala:51:44: value LazyModule in package diplomacy is deprecated (since rocketchip 2.0.0): Diplomacy has been split to a standalone library[0m
[0m[[0m[33mwarn[0m] [0m[0m    case params: SplitACDxBETLNoCParams => LazyModule(new TLSplitACDxBENoC(params, name, inlineNoC))[0m
[0m[[0m[33mwarn[0m] [0m[0m                                           ^[0m
[0m[[0m[33mwarn[0m] [0m[0m/work/chipyard/generators/constellation/src/main/scala/soc/Buses.scala:69:25: value LazyModule in package diplomacy is deprecated (since rocketchip 2.0.0): Diplomacy has been split to a standalone library[0m
[0m[[0m[33mwarn[0m] [0m[0m    val constellation = LazyModule(new ConstellationMemoryBus([0m
[0m[[0m[33mwarn[0m] [0m[0m                        ^[0m
[0m[[0m[33mwarn[0m] [0m[0m/work/chipyard/generators/constellation/src/main/scala/soc/Buses.scala:80:61: value LazyModule in package diplomacy is deprecated (since rocketchip 2.0.0): Diplomacy has been split to a standalone library[0m
[0m[[0m[33mwarn[0m] [0m[0m  private val replicator = mbus_params.replication.map(r => LazyModule(new RegionReplicator(r)))[0m
[0m[[0m[33mwarn[0m] [0m[0m                                                            ^[0m
[0m[[0m[33mwarn[0m] [0m[0m/work/chipyard/generators/constellation/src/main/scala/soc/Buses.scala:88:7: value LazyModule in package diplomacy is deprecated (since rocketchip 2.0.0): Diplomacy has been split to a standalone library[0m
[0m[[0m[33mwarn[0m] [0m[0m      LazyModule(new TLGlobalNoC(params, name))[0m
[0m[[0m[33mwarn[0m] [0m[0m      ^[0m
[0m[[0m[33mwarn[0m] [0m[0m/work/chipyard/generators/constellation/src/main/scala/soc/Buses.scala:90:39: value LazyModule in package diplomacy is deprecated (since rocketchip 2.0.0): Diplomacy has been split to a standalone library[0m
[0m[[0m[33mwarn[0m] [0m[0m    case params: SimpleTLNoCParams => LazyModule(new TLNoC(params, name, inlineNoC))[0m
[0m[[0m[33mwarn[0m] [0m[0m                                      ^[0m
[0m[[0m[33mwarn[0m] [0m[0m/work/chipyard/generators/constellation/src/main/scala/soc/Buses.scala:91:44: value LazyModule in package diplomacy is deprecated (since rocketchip 2.0.0): Diplomacy has been split to a standalone library[0m
[0m[[0m[33mwarn[0m] [0m[0m    case params: SplitACDxBETLNoCParams => LazyModule(new TLSplitACDxBENoC(params, name, inlineNoC))[0m
[0m[[0m[33mwarn[0m] [0m[0m                                           ^[0m
[0m[[0m[33mwarn[0m] [0m[0m/work/chipyard/generators/constellation/src/main/scala/soc/Buses.scala:111:25: value LazyModule in package diplomacy is deprecated (since rocketchip 2.0.0): Diplomacy has been split to a standalone library[0m
[0m[[0m[33mwarn[0m] [0m[0m    val constellation = LazyModule(new ConstellationPeripheryBus(pbusParams, tlNoCParams, loc.name, context, inlineNoC))[0m
[0m[[0m[33mwarn[0m] [0m[0m                        ^[0m
[0m[[0m[33mwarn[0m] [0m[0m/work/chipyard/generators/constellation/src/main/scala/soc/Buses.scala:122:61: value LazyModule in package diplomacy is deprecated (since rocketchip 2.0.0): Diplomacy has been split to a standalone library[0m
[0m[[0m[33mwarn[0m] [0m[0m  private val replicator = pbus_params.replication.map(r => LazyModule(new RegionReplicator(r)))[0m
[0m[[0m[33mwarn[0m] [0m[0m                                                            ^[0m
[0m[[0m[33mwarn[0m] [0m[0m/work/chipyard/generators/constellation/src/main/scala/soc/Buses.scala:128:34: type ValName in package diplomacy is deprecated (since rocketchip 2.0.0): Diplomacy has been split to a standalone library[0m
[0m[[0m[33mwarn[0m] [0m[0m  def genNoC()(implicit valName: ValName): TLNoCLike = noc_params match {[0m
[0m[[0m[33mwarn[0m] [0m[0m                                 ^[0m
[0m[[0m[33mwarn[0m] [0m[0m/work/chipyard/generators/constellation/src/main/scala/soc/Buses.scala:130:7: value LazyModule in package diplomacy is deprecated (since rocketchip 2.0.0): Diplomacy has been split to a standalone library[0m
[0m[[0m[33mwarn[0m] [0m[0m      LazyModule(new TLGlobalNoC(params, name))[0m
[0m[[0m[33mwarn[0m] [0m[0m      ^[0m
[0m[[0m[33mwarn[0m] [0m[0m/work/chipyard/generators/constellation/src/main/scala/soc/Buses.scala:132:39: value LazyModule in package diplomacy is deprecated (since rocketchip 2.0.0): Diplomacy has been split to a standalone library[0m
[0m[[0m[33mwarn[0m] [0m[0m    case params: SimpleTLNoCParams => LazyModule(new TLNoC(params, name, inlineNoC))[0m
[0m[[0m[33mwarn[0m] [0m[0m                                      ^[0m
[0m[[0m[33mwarn[0m] [0m[0m/work/chipyard/generators/constellation/src/main/scala/soc/Buses.scala:133:44: value LazyModule in package diplomacy is deprecated (since rocketchip 2.0.0): Diplomacy has been split to a standalone library[0m
[0m[[0m[33mwarn[0m] [0m[0m    case params: SplitACDxBETLNoCParams => LazyModule(new TLSplitACDxBENoC(params, name, inlineNoC))[0m
[0m[[0m[33mwarn[0m] [0m[0m                                           ^[0m
[0m[[0m[33mwarn[0m] [0m[0m/work/chipyard/generators/constellation/src/main/scala/soc/Buses.scala:136:23: value LazyModule in package diplomacy is deprecated (since rocketchip 2.0.0): Diplomacy has been split to a standalone library[0m
[0m[[0m[33mwarn[0m] [0m[0m  private val fixer = LazyModule(new TLFIFOFixer(TLFIFOFixer.all))[0m
[0m[[0m[33mwarn[0m] [0m[0m                      ^[0m
[0m[[0m[33mwarn[0m] [0m[0m/work/chipyard/generators/constellation/src/main/scala/soc/Buses.scala:138:19: value LazyModule in package diplomacy is deprecated (since rocketchip 2.0.0): Diplomacy has been split to a standalone library[0m
[0m[[0m[33mwarn[0m] [0m[0m    val in_xbar = LazyModule(new TLXbar)[0m
[0m[[0m[33mwarn[0m] [0m[0m                  ^[0m
[0m[[0m[33mwarn[0m] [0m[0m/work/chipyard/generators/constellation/src/main/scala/soc/Configs.scala:19:5: method apply in class View is deprecated (since CDE 0.1): up(XYZ, site) is no longer necessary; remove the superfluous site argument[0m
[0m[[0m[33mwarn[0m] [0m[0m    up(TLNetworkTopologyLocated(InSubsystem), site).map(topo => {[0m
[0m[[0m[33mwarn[0m] [0m[0m    ^[0m
[0m[[0m[33mwarn[0m] [0m[0m/work/chipyard/generators/constellation/src/main/scala/soc/Configs.scala:37:5: method apply in class View is deprecated (since CDE 0.1): up(XYZ, site) is no longer necessary; remove the superfluous site argument[0m
[0m[[0m[33mwarn[0m] [0m[0m    up(TLNetworkTopologyLocated(InSubsystem), site).map(topo => {[0m
[0m[[0m[33mwarn[0m] [0m[0m    ^[0m
[0m[[0m[33mwarn[0m] [0m[0m/work/chipyard/generators/constellation/src/main/scala/soc/Configs.scala:55:5: method apply in class View is deprecated (since CDE 0.1): up(XYZ, site) is no longer necessary; remove the superfluous site argument[0m
[0m[[0m[33mwarn[0m] [0m[0m    up(TLNetworkTopologyLocated(InSubsystem), site).map(topo => {[0m
[0m[[0m[33mwarn[0m] [0m[0m    ^[0m
[0m[[0m[33mwarn[0m] [0m[0m/work/chipyard/generators/constellation/src/main/scala/soc/Configs.scala:73:5: method apply in class View is deprecated (since CDE 0.1): up(XYZ, site) is no longer necessary; remove the superfluous site argument[0m
[0m[[0m[33mwarn[0m] [0m[0m    up(TLNetworkTopologyLocated(InSubsystem), site).map(topo => {[0m
[0m[[0m[33mwarn[0m] [0m[0m    ^[0m
[0m[[0m[33mwarn[0m] [0m[0m/work/chipyard/generators/constellation/src/main/scala/soc/GlobalNoC.scala:27:3: value InModuleBody in package diplomacy is deprecated (since rocketchip 2.0.0): Diplomacy has been split to a standalone library[0m
[0m[[0m[33mwarn[0m] [0m[0m  InModuleBody {[0m
[0m[[0m[33mwarn[0m] [0m[0m  ^[0m
[0m[[0m[33mwarn[0m] [0m[0m/work/chipyard/generators/constellation/src/main/scala/soc/GlobalNoC.scala:45:30: value LazyModule in package diplomacy is deprecated (since rocketchip 2.0.0): Diplomacy has been split to a standalone library[0m
[0m[[0m[33mwarn[0m] [0m[0m  lazy val globalNoCDomain = LazyModule(new GlobalNoCDomain)[0m
[0m[[0m[33mwarn[0m] [0m[0m                             ^[0m
[0m[[0m[33mwarn[0m] [0m[0m/work/chipyard/generators/constellation/src/main/scala/test/AXI4TestHarness.scala:31:53: type LazyModule in package diplomacy is deprecated (since rocketchip 2.0.0): Diplomacy has been split to a standalone library[0m
[0m[[0m[33mwarn[0m] [0m[0mclass AXI4NoCTester(implicit p: Parameters) extends LazyModule {[0m
[0m[[0m[33mwarn[0m] [0m[0m                                                    ^[0m
[0m[[0m[33mwarn[0m] [0m[0m/work/chipyard/generators/constellation/src/main/scala/test/AXI4TestHarness.scala:41:13: value LazyModule in package diplomacy is deprecated (since rocketchip 2.0.0): Diplomacy has been split to a standalone library[0m
[0m[[0m[33mwarn[0m] [0m[0m  val noc = LazyModule(new AXI4NoC(AXI4NoCParams(nodeMapping, p(AXI4NoCTesterKey).nocParams.copy(nocName="test"))))[0m
[0m[[0m[33mwarn[0m] [0m[0m            ^[0m
[0m[[0m[33mwarn[0m] [0m[0m/work/chipyard/generators/constellation/src/main/scala/test/AXI4TestHarness.scala:46:45: value LazyModule in package diplomacy is deprecated (since rocketchip 2.0.0): Diplomacy has been split to a standalone library[0m
[0m[[0m[33mwarn[0m] [0m[0m  val slaves = Seq.tabulate(nSlaves) { i => LazyModule(new AXI4RAM(AddressSet(slaveSize * i, slaveSize-1))) }[0m
[0m[[0m[33mwarn[0m] [0m[0m                                            ^[0m
[0m[[0m[33mwarn[0m] [0m[0m/work/chipyard/generators/constellation/src/main/scala/test/AXI4TestHarness.scala:53:38: value LazyModule in package diplomacy is deprecated (since rocketchip 2.0.0): Diplomacy has been split to a standalone library[0m
[0m[[0m[33mwarn[0m] [0m[0m  val masters = Seq.fill(nMasters) { LazyModule(new TLFuzzer(txns, 32, nOrdered = Some(1))) }[0m
[0m[[0m[33mwarn[0m] [0m[0m                                     ^[0m
[0m[[0m[33mwarn[0m] [0m[0m/work/chipyard/generators/constellation/src/main/scala/test/AXI4TestHarness.scala:61:22: type LazyModuleImp in package diplomacy is deprecated (since rocketchip 2.0.0): Diplomacy has been split to a standalone library[0m
[0m[[0m[33mwarn[0m] [0m[0m  class Impl extends LazyModuleImp(this) {[0m
[0m[[0m[33mwarn[0m] [0m[0m                     ^[0m
[0m[[0m[33mwarn[0m] [0m[0m/work/chipyard/generators/constellation/src/main/scala/test/AXI4TestHarness.scala:71:23: value LazyModule in package diplomacy is deprecated (since rocketchip 2.0.0): Diplomacy has been split to a standalone library[0m
[0m[[0m[33mwarn[0m] [0m[0m  val tester = Module(LazyModule(new AXI4NoCTester).module)[0m
[0m[[0m[33mwarn[0m] [0m[0m                      ^[0m
[0m[[0m[33mwarn[0m] [0m[0m/work/chipyard/generators/boom/src/main/scala/v3/ifu/frontend.scala:296:117: type LazyModule in package diplomacy is deprecated (since rocketchip 2.0.0): Diplomacy has been split to a standalone library[0m
[0m[[0m[33mwarn[0m] [0m[0mclass BoomFrontend(val icacheParams: ICacheParams, staticIdForMetadataUseOnly: Int)(implicit p: Parameters) extends LazyModule[0m
[0m[[0m[33mwarn[0m] [0m[0m                                                                                                                    ^[0m
[0m[[0m[33mwarn[0m] [0m[0m/work/chipyard/generators/boom/src/main/scala/v3/ifu/frontend.scala:299:16: value LazyModule in package diplomacy is deprecated (since rocketchip 2.0.0): Diplomacy has been split to a standalone library[0m
[0m[[0m[33mwarn[0m] [0m[0m  val icache = LazyModule(new boom.v3.ifu.ICache(icacheParams, staticIdForMetadataUseOnly))[0m
[0m[[0m[33mwarn[0m] [0m[0m               ^[0m
[0m[[0m[33mwarn[0m] [0m[0m/work/chipyard/generators/boom/src/main/scala/v3/ifu/frontend.scala:301:29: value BundleBridgeSink in package diplomacy is deprecated (since rocketchip 2.0.0): Diplomacy has been split to a standalone library[0m
[0m[[0m[33mwarn[0m] [0m[0m  val resetVectorSinkNode = BundleBridgeSink[UInt](Some(() =>[0m
[0m[[0m[33mwarn[0m] [0m[0m                            ^[0m
[0m[[0m[33mwarn[0m] [0m[0m/work/chipyard/generators/boom/src/main/scala/v3/ifu/frontend.scala:322:55: type LazyModuleImp in package diplomacy is deprecated (since rocketchip 2.0.0): Diplomacy has been split to a standalone library[0m
[0m[[0m[33mwarn[0m] [0m[0mclass BoomFrontendModule(outer: BoomFrontend) extends LazyModuleImp(outer)[0m
[0m[[0m[33mwarn[0m] [0m[0m                                                      ^[0m
[0m[[0m[33mwarn[0m] [0m[0m/work/chipyard/generators/boom/src/main/scala/v3/ifu/icache.scala:42:11: type LazyModule in package diplomacy is deprecated (since rocketchip 2.0.0): Diplomacy has been split to a standalone library[0m
[0m[[0m[33mwarn[0m] [0m[0m  extends LazyModule[0m
[0m[[0m[33mwarn[0m] [0m[0m          ^[0m
[0m[[0m[33mwarn[0m] [0m[0m/work/chipyard/generators/boom/src/main/scala/v3/ifu/icache.scala:103:43: type LazyModuleImp in package diplomacy is deprecated (since rocketchip 2.0.0): Diplomacy has been split to a standalone library[0m
[0m[[0m[33mwarn[0m] [0m[0mclass ICacheModule(outer: ICache) extends LazyModuleImp(outer)[0m
[0m[[0m[33mwarn[0m] [0m[0m                                          ^[0m
[0m[[0m[33mwarn[0m] [0m[0m/work/chipyard/generators/constellation/src/main/scala/test/TLTestHarness.scala:29:51: type LazyModule in package diplomacy is deprecated (since rocketchip 2.0.0): Diplomacy has been split to a standalone library[0m
[0m[[0m[33mwarn[0m] [0m[0mclass TLNoCTester(implicit p: Parameters) extends LazyModule {[0m
[0m[[0m[33mwarn[0m] [0m[0m/work/chipyard/generators/boom/src/main/scala/v3/lsu/dcache.scala:381:94: type LazyModule in package diplomacy is deprecated (since rocketchip 2.0.0): Diplomacy has been split to a standalone library[0m
[0m[[0m[33mwarn[0m] [0m[0mclass BoomNonBlockingDCache(staticIdForMetadataUseOnly: Int)(implicit p: Parameters) extends LazyModule[0m
[0m[[0m[33mwarn[0m] [0m[0m                                                                                             ^[0m
[0m[[0m[33mwarn[0m] [0m[0m                                                  ^[0m
[0m[[0m[33mwarn[0m] [0m[0m/work/chipyard/generators/constellation/src/main/scala/test/TLTestHarness.scala:39:13: value LazyModule in package diplomacy is deprecated (since rocketchip 2.0.0): Diplomacy has been split to a standalone library[0m
[0m[[0m[33mwarn[0m] [0m[0m  val noc = LazyModule(new TLNoC(SimpleTLNoCParams(nodeMapping, p(TLNoCTesterKey).nocParams.copy(nocName="test"))))[0m
[0m[[0m[33mwarn[0m] [0m[0m            ^[0m
[0m[[0m[33mwarn[0m] [0m[0m/work/chipyard/generators/boom/src/main/scala/v3/lsu/dcache.scala:413:73: type LazyModuleImp in package diplomacy is deprecated (since rocketchip 2.0.0): Diplomacy has been split to a standalone library[0m
[0m[[0m[33mwarn[0m] [0m[0mclass BoomNonBlockingDCacheModule(outer: BoomNonBlockingDCache) extends LazyModuleImp(outer)[0m
[0m[[0m[33mwarn[0m] [0m[0m                                                                        ^[0m
[0m[[0m[33mwarn[0m] [0m[0m/work/chipyard/generators/constellation/src/main/scala/test/TLTestHarness.scala:42:16: value LazyModule in package diplomacy is deprecated (since rocketchip 2.0.0): Diplomacy has been split to a standalone library[0m
[0m[[0m[33mwarn[0m] [0m[0m    val fuzz = LazyModule(new TLFuzzer(txns))[0m
[0m[[0m[33mwarn[0m] [0m[0m               ^[0m
[0m[[0m[33mwarn[0m] [0m[0m/work/chipyard/generators/constellation/src/main/scala/test/TLTestHarness.scala:48:15: value LazyModule in package diplomacy is deprecated (since rocketchip 2.0.0): Diplomacy has been split to a standalone library[0m
[0m[[0m[33mwarn[0m] [0m[0m    val ram = LazyModule(new TLRAM(AddressSet(0x0+0x400*n, 0x3ff)))[0m
[0m[[0m[33mwarn[0m] [0m[0m              ^[0m
[0m[[0m[33mwarn[0m] [0m[0m/work/chipyard/generators/boom/src/main/scala/v3/lsu/lsu.scala:1666:40: method copyArrayToImmutableIndexedSeq in class LowPriorityImplicits2 is deprecated (since 2.13.0): implicit conversions from Array to immutable.IndexedSeq are implemented by copying; use `toIndexedSeq` explicitly if you want to copy, or use the more efficient non-copying ArraySeq.unsafeWrapArray[0m
[0m[[0m[33mwarn[0m] [0m[0m      mask := MuxCase(255.U(8.W), Array([0m
[0m[[0m[33mwarn[0m] [0m[0m                                       ^[0m
[0m[[0m[33mwarn[0m] [0m[0m/work/chipyard/generators/boom/src/main/scala/v3/lsu/mshrs.scala:439:81: method copyArrayToImmutableIndexedSeq in class LowPriorityImplicits2 is deprecated (since 2.13.0): implicit conversions from Array to immutable.IndexedSeq are implemented by copying; use `toIndexedSeq` explicitly if you want to copy, or use the more efficient non-copying ArraySeq.unsafeWrapArray[0m
[0m[[0m[33mwarn[0m] [0m[0m    MuxLookup(req.uop.mem_cmd, (0.U).asTypeOf(new TLBundleA(edge.bundle)))(Array([0m
[0m[[0m[33mwarn[0m] [0m[0m                                                                                ^[0m
[0m[[0m[33mwarn[0m] [0m[0m/work/chipyard/generators/boom/src/main/scala/v3/lsu/tracegen.scala:213:18: type SimpleDevice in package diplomacy is deprecated (since rocketchip 2.0.0): Use freechips.rocketchip.resources.SimpleDevice[0m
[0m[[0m[33mwarn[0m] [0m[0m  val cpuDevice: SimpleDevice = new SimpleDevice("groundtest", Nil)[0m
[0m[[0m[33mwarn[0m] [0m[0m                 ^[0m
[0m[[0m[33mwarn[0m] [0m[0m/work/chipyard/generators/boom/src/main/scala/v3/lsu/tracegen.scala:213:37: type SimpleDevice in package diplomacy is deprecated (since rocketchip 2.0.0): Use freechips.rocketchip.resources.SimpleDevice[0m
[0m[[0m[33mwarn[0m] [0m[0m  val cpuDevice: SimpleDevice = new SimpleDevice("groundtest", Nil)[0m
[0m[[0m[33mwarn[0m] [0m[0m                                    ^[0m
[0m[[0m[33mwarn[0m] [0m[0m/work/chipyard/generators/boom/src/main/scala/v3/lsu/tracegen.scala:216:20: value BundleBridgeSource in package diplomacy is deprecated (since rocketchip 2.0.0): Diplomacy has been split to a standalone library[0m
[0m[[0m[33mwarn[0m] [0m[0m  val statusNode = BundleBridgeSource(() => new GroundTestStatus)[0m
[0m[[0m[33mwarn[0m] [0m[0m                   ^[0m
[0m[[0m[33mwarn[0m] [0m[0m/work/chipyard/generators/boom/src/main/scala/v3/lsu/tracegen.scala:221:16: value LazyModule in package diplomacy is deprecated (since rocketchip 2.0.0): Diplomacy has been split to a standalone library[0m
[0m[[0m[33mwarn[0m] [0m[0m  val dcache = LazyModule(new BoomNonBlockingDCache(tileId)(boom_params))[0m
[0m[[0m[33mwarn[0m] [0m[0m               ^[0m
[0m[[0m[33mwarn[0m] [0m[0m/work/chipyard/generators/boom/src/main/scala/v4/common/config-mixins.scala:27:37: method apply in class View is deprecated (since CDE 0.1): up(XYZ, site) is no longer necessary; remove the superfluous site argument[0m
[0m[[0m[33mwarn[0m] [0m[0m  case TilesLocated(InSubsystem) => up(TilesLocated(InSubsystem), site) map {[0m
[0m[[0m[33mwarn[0m] [0m[0m                                    ^[0m
[0m[[0m[33mwarn[0m] [0m[0m/work/chipyard/generators/boom/src/main/scala/v4/common/config-mixins.scala:37:37: method apply in class View is deprecated (since CDE 0.1): up(XYZ, site) is no longer necessary; remove the superfluous site argument[0m
[0m[[0m[33mwarn[0m] [0m[0m  case TilesLocated(InSubsystem) => up(TilesLocated(InSubsystem), site) map {[0m
[0m[[0m[33mwarn[0m] [0m[0m                                    ^[0m
[0m[[0m[33mwarn[0m] [0m[0m/work/chipyard/generators/boom/src/main/scala/v4/common/config-mixins.scala:46:37: method apply in class View is deprecated (since CDE 0.1): up(XYZ, site) is no longer necessary; remove the superfluous site argument[0m
[0m[[0m[33mwarn[0m] [0m[0m  case TilesLocated(InSubsystem) => up(TilesLocated(InSubsystem), site) map {[0m
[0m[[0m[33mwarn[0m] [0m[0m                                    ^[0m
[0m[[0m[33mwarn[0m] [0m[0m/work/chipyard/generators/boom/src/main/scala/v4/common/config-mixins.scala:55:37: method apply in class View is deprecated (since CDE 0.1): up(XYZ, site) is no longer necessary; remove the superfluous site argument[0m
[0m[[0m[33mwarn[0m] [0m[0m  case TilesLocated(InSubsystem) => up(TilesLocated(InSubsystem), site) map {[0m
[0m[[0m[33mwarn[0m] [0m[0m                                    ^[0m
[0m[[0m[33mwarn[0m] [0m[0m/work/chipyard/generators/boom/src/main/scala/v4/common/config-mixins.scala:65:37: method apply in class View is deprecated (since CDE 0.1): up(XYZ, site) is no longer necessary; remove the superfluous site argument[0m
[0m[[0m[33mwarn[0m] [0m[0m  case TilesLocated(InSubsystem) => up(TilesLocated(InSubsystem), site) map {[0m
[0m[[0m[33mwarn[0m] [0m[0m                                    ^[0m
[0m[[0m[33mwarn[0m] [0m[0m/work/chipyard/generators/boom/src/main/scala/v4/common/config-mixins.scala:74:37: method apply in class View is deprecated (since CDE 0.1): up(XYZ, site) is no longer necessary; remove the superfluous site argument[0m
[0m[[0m[33mwarn[0m] [0m[0m  case TilesLocated(InSubsystem) => up(TilesLocated(InSubsystem), site) map {[0m
[0m[[0m[33mwarn[0m] [0m[0m                                    ^[0m
[0m[[0m[33mwarn[0m] [0m[0m/work/chipyard/generators/boom/src/main/scala/v4/common/config-mixins.scala:83:37: method apply in class View is deprecated (since CDE 0.1): up(XYZ, site) is no longer necessary; remove the superfluous site argument[0m
[0m[[0m[33mwarn[0m] [0m[0m  case TilesLocated(InSubsystem) => up(TilesLocated(InSubsystem), site) map {[0m
[0m[[0m[33mwarn[0m] [0m[0m                                    ^[0m
[0m[[0m[33mwarn[0m] [0m[0m/work/chipyard/generators/boom/src/main/scala/v4/common/config-mixins.scala:100:18: method apply in class View is deprecated (since CDE 0.1): up(XYZ, site) is no longer necessary; remove the superfluous site argument[0m
[0m[[0m[33mwarn[0m] [0m[0m      val prev = up(TilesLocated(InSubsystem), site)[0m
[0m[[0m[33mwarn[0m] [0m[0m                 ^[0m
[0m[[0m[33mwarn[0m] [0m[0m/work/chipyard/generators/boom/src/main/scala/v4/common/config-mixins.scala:150:18: method apply in class View is deprecated (since CDE 0.1): up(XYZ, site) is no longer necessary; remove the superfluous site argument[0m
[0m[[0m[33mwarn[0m] [0m[0m      val prev = up(TilesLocated(InSubsystem), site)[0m
[0m[[0m[33mwarn[0m] [0m[0m                 ^[0m
[0m[[0m[33mwarn[0m] [0m[0m/work/chipyard/generators/boom/src/main/scala/v4/common/config-mixins.scala:201:18: method apply in class View is deprecated (since CDE 0.1): up(XYZ, site) is no longer necessary; remove the superfluous site argument[0m
[0m[[0m[33mwarn[0m] [0m[0m      val prev = up(TilesLocated(InSubsystem), site)[0m
[0m[[0m[33mwarn[0m] [0m[0m                 ^[0m
[0m[[0m[33mwarn[0m] [0m[0m/work/chipyard/generators/boom/src/main/scala/v4/common/config-mixins.scala:250:18: method apply in class View is deprecated (since CDE 0.1): up(XYZ, site) is no longer necessary; remove the superfluous site argument[0m
[0m[[0m[33mwarn[0m] [0m[0m      val prev = up(TilesLocated(InSubsystem), site)[0m
[0m[[0m[33mwarn[0m] [0m[0m                 ^[0m
[0m[[0m[33mwarn[0m] [0m[0m/work/chipyard/generators/boom/src/main/scala/v4/common/config-mixins.scala:302:18: method apply in class View is deprecated (since CDE 0.1): up(XYZ, site) is no longer necessary; remove the superfluous site argument[0m
[0m[[0m[33mwarn[0m] [0m[0m      val prev = up(TilesLocated(InSubsystem), site)[0m
[0m[[0m[33mwarn[0m] [0m[0m                 ^[0m
[0m[[0m[33mwarn[0m] [0m[0m/work/chipyard/generators/boom/src/main/scala/v4/common/config-mixins.scala:367:18: method apply in class View is deprecated (since CDE 0.1): up(XYZ, site) is no longer necessary; remove the superfluous site argument[0m
[0m[[0m[33mwarn[0m] [0m[0m      val prev = up(TilesLocated(InSubsystem), site)[0m
[0m[[0m[33mwarn[0m] [0m[0m                 ^[0m
[0m[[0m[33mwarn[0m] [0m[0m/work/chipyard/generators/boom/src/main/scala/v4/common/config-mixins.scala:420:16: method apply in class View is deprecated (since CDE 0.1): up(XYZ, site) is no longer necessary; remove the superfluous site argument[0m
[0m[[0m[33mwarn[0m] [0m[0m    val prev = up(TilesLocated(location), site)[0m
[0m[[0m[33mwarn[0m] [0m[0m               ^[0m
[0m[[0m[33mwarn[0m] [0m[0m/work/chipyard/generators/boom/src/main/scala/v4/common/config-mixins.scala:440:18: method apply in class View is deprecated (since CDE 0.1): up(XYZ, site) is no longer necessary; remove the superfluous site argument[0m
[0m[[0m[33mwarn[0m] [0m[0m      val prev = up(TilesLocated(InSubsystem), site)[0m
[0m[[0m[33mwarn[0m] [0m[0m                 ^[0m
[0m[[0m[33mwarn[0m] [0m[0m/work/chipyard/generators/boom/src/main/scala/v4/common/config-mixins.scala:490:18: method apply in class View is deprecated (since CDE 0.1): up(XYZ, site) is no longer necessary; remove the superfluous site argument[0m
[0m[[0m[33mwarn[0m] [0m[0m      val prev = up(TilesLocated(InSubsystem), site)[0m
[0m[[0m[33mwarn[0m] [0m[0m                 ^[0m
[0m[[0m[33mwarn[0m] [0m[0m/work/chipyard/generators/boom/src/main/scala/v4/common/config-mixins.scala:542:37: method apply in class View is deprecated (since CDE 0.1): up(XYZ, site) is no longer necessary; remove the superfluous site argument[0m
[0m[[0m[33mwarn[0m] [0m[0m  case TilesLocated(InSubsystem) => up(TilesLocated(InSubsystem), site) map {[0m
[0m[[0m[33mwarn[0m] [0m[0m                                    ^[0m
[0m[[0m[33mwarn[0m] [0m[0m/work/chipyard/generators/boom/src/main/scala/v4/common/config-mixins.scala:588:37: method apply in class View is deprecated (since CDE 0.1): up(XYZ, site) is no longer necessary; remove the superfluous site argument[0m
[0m[[0m[33mwarn[0m] [0m[0m  case TilesLocated(InSubsystem) => up(TilesLocated(InSubsystem), site) map {[0m
[0m[[0m[33mwarn[0m] [0m[0m                                    ^[0m
[0m[[0m[33mwarn[0m] [0m[0m/work/chipyard/generators/boom/src/main/scala/v4/common/config-mixins.scala:617:37: method apply in class View is deprecated (since CDE 0.1): up(XYZ, site) is no longer necessary; remove the superfluous site argument[0m
[0m[[0m[33mwarn[0m] [0m[0m  case TilesLocated(InSubsystem) => up(TilesLocated(InSubsystem), site) map {[0m
[0m[[0m[33mwarn[0m] [0m[0m                                    ^[0m
[0m[[0m[33mwarn[0m] [0m[0m/work/chipyard/generators/boom/src/main/scala/v4/common/config-mixins.scala:644:37: method apply in class View is deprecated (since CDE 0.1): up(XYZ, site) is no longer necessary; remove the superfluous site argument[0m
[0m[[0m[33mwarn[0m] [0m[0m  case TilesLocated(InSubsystem) => up(TilesLocated(InSubsystem), site) map {[0m
[0m[[0m[33mwarn[0m] [0m[0m                                    ^[0m
[0m[[0m[33mwarn[0m] [0m[0m/work/chipyard/generators/boom/src/main/scala/v4/common/config-mixins.scala:673:37: method apply in class View is deprecated (since CDE 0.1): up(XYZ, site) is no longer necessary; remove the superfluous site argument[0m
[0m[[0m[33mwarn[0m] [0m[0m  case TilesLocated(InSubsystem) => up(TilesLocated(InSubsystem), site) map {[0m
[0m[[0m[33mwarn[0m] [0m[0m                                    ^[0m
[0m[[0m[33mwarn[0m] [0m[0m/work/chipyard/generators/boom/src/main/scala/v4/common/tile.scala:92:18: value LazyModule in package diplomacy is deprecated (since rocketchip 2.0.0): Diplomacy has been split to a standalone library[0m
[0m[[0m[33mwarn[0m] [0m[0m      .map(bp => LazyModule(new BasicBusBlocker(bp)))[0m
[0m[[0m[33mwarn[0m] [0m[0m                 ^[0m
[0m[[0m[33mwarn[0m] [0m[0m253 feature warnings; re-run with -feature for details[0m
[0m[[0m[33mwarn[0m] [0m[0m55 warnings found[0m
[0m[[0m[0minfo[0m] [0m[0mdone compiling[0m
[0m[[0m[33mwarn[0m] [0m[0m/work/chipyard/generators/testchipip/src/main/scala/boot/BootAddrReg.scala:21:22: type SimpleDevice in package diplomacy is deprecated (since rocketchip 2.0.0): Use freechips.rocketchip.resources.SimpleDevice[0m
[0m[[0m[33mwarn[0m] [0m[0m    val device = new SimpleDevice("boot-address-reg", Nil)[0m
[0m[[0m[33mwarn[0m] [0m[0m                     ^[0m
[0m[[0m[33mwarn[0m] [0m[0m/work/chipyard/generators/testchipip/src/main/scala/boot/BootAddrReg.scala:26:7: value InModuleBody in package diplomacy is deprecated (since rocketchip 2.0.0): Diplomacy has been split to a standalone library[0m
[0m[[0m[33mwarn[0m] [0m[0m      InModuleBody {[0m
[0m[[0m[33mwarn[0m] [0m[0m      ^[0m
[0m[[0m[33mwarn[0m] [0m[0m/work/chipyard/generators/testchipip/src/main/scala/boot/Configs.scala:13:28: method apply in class View is deprecated (since CDE 0.1): up(XYZ, site) is no longer necessary; remove the superfluous site argument[0m
[0m[[0m[33mwarn[0m] [0m[0m  case TileResetCtrlKey => up(TileResetCtrlKey, site).copy(initResetHarts = up(TileResetCtrlKey, site).initResetHarts ++ harts)[0m
[0m[[0m[33mwarn[0m] [0m[0m                           ^[0m
[0m[[0m[33mwarn[0m] [0m[0m/work/chipyard/generators/testchipip/src/main/scala/boot/Configs.scala:13:77: method apply in class View is deprecated (since CDE 0.1): up(XYZ, site) is no longer necessary; remove the superfluous site argument[0m
[0m[[0m[33mwarn[0m] [0m[0m  case TileResetCtrlKey => up(TileResetCtrlKey, site).copy(initResetHarts = up(TileResetCtrlKey, site).initResetHarts ++ harts)[0m
[0m[[0m[33mwarn[0m] [0m[0m                                                                            ^[0m
[0m[[0m[33mwarn[0m] [0m[0m/work/chipyard/generators/testchipip/src/main/scala/boot/Configs.scala:33:28: method apply in class View is deprecated (since CDE 0.1): up(XYZ, site) is no longer necessary; remove the superfluous site argument[0m
[0m[[0m[33mwarn[0m] [0m[0m  case CustomBootPinKey => up(CustomBootPinKey, site).map(p => p.copy(customBootAddress = address))[0m
[0m[[0m[33mwarn[0m] [0m[0m                           ^[0m
[0m[[0m[33mwarn[0m] [0m[0m/work/chipyard/generators/testchipip/src/main/scala/boot/CustomBootPin.scala:35:7: value InModuleBody in package diplomacy is deprecated (since rocketchip 2.0.0): Diplomacy has been split to a standalone library[0m
[0m[[0m[33mwarn[0m] [0m[0m      InModuleBody {[0m
[0m[[0m[33mwarn[0m] [0m[0m      ^[0m
[0m[[0m[33mwarn[0m] [0m[0m/work/chipyard/generators/testchipip/src/main/scala/boot/CustomBootPin.scala:72:20: value InModuleBody in package diplomacy is deprecated (since rocketchip 2.0.0): Diplomacy has been split to a standalone library[0m
[0m[[0m[33mwarn[0m] [0m[0m    val outer_io = InModuleBody {[0m
[0m[[0m[33mwarn[0m] [0m[0m                   ^[0m
[0m[[0m[33mwarn[0m] [0m[0m/work/chipyard/generators/testchipip/src/main/scala/boot/CustomBootPin.scala:74:7: method moduleValue in package diplomacy is deprecated (since rocketchip 2.0.0): Diplomacy has been split to a standalone library[0m
[0m[[0m[33mwarn[0m] [0m[0m      inner_io := custom_boot[0m
[0m[[0m[33mwarn[0m] [0m[0m      ^[0m
[0m[[0m[33mwarn[0m] [0m[0m/work/chipyard/generators/testchipip/src/main/scala/boot/TileResetCtrl.scala:24:7: value LazyModule in package diplomacy is deprecated (since rocketchip 2.0.0): Diplomacy has been split to a standalone library[0m
[0m[[0m[33mwarn[0m] [0m[0m      LazyModule(new TLTileResetCtrl(tlbus.beatBytes, resetCtrlParams, sys.element_prci_domains))[0m
[0m[[0m[33mwarn[0m] [0m[0m      ^[0m
[0m[[0m[33mwarn[0m] [0m[0m/work/chipyard/generators/testchipip/src/main/scala/boot/TileResetCtrl.scala:31:153: type LazyModule in package diplomacy is deprecated (since rocketchip 2.0.0): Diplomacy has been split to a standalone library[0m
[0m[[0m[33mwarn[0m] [0m[0mclass TLTileResetCtrl(w: Int, params: TileResetCtrlParams, element_prci_domains: Seq[HierarchicalElementPRCIDomain[_]])(implicit p: Parameters) extends LazyModule {[0m
[0m[[0m[33mwarn[0m] [0m[0m                                                                                                                                                        ^[0m
[0m[[0m[33mwarn[0m] [0m[0m/work/chipyard/generators/testchipip/src/main/scala/boot/TileResetCtrl.scala:32:20: type SimpleDevice in package diplomacy is deprecated (since rocketchip 2.0.0): Use freechips.rocketchip.resources.SimpleDevice[0m
[0m[[0m[33mwarn[0m] [0m[0m  val device = new SimpleDevice("tile-reset-ctrl", Nil)[0m
[0m[[0m[33mwarn[0m] [0m[0m                   ^[0m
[0m[[0m[33mwarn[0m] [0m[0m/work/chipyard/generators/testchipip/src/main/scala/boot/TileResetCtrl.scala:37:25: type LazyModuleImp in package diplomacy is deprecated (since rocketchip 2.0.0): Diplomacy has been split to a standalone library[0m
[0m[[0m[33mwarn[0m] [0m[0m  lazy val module = new LazyModuleImp(this) {[0m
[0m[[0m[33mwarn[0m] [0m[0m                        ^[0m
[0m[[0m[33mwarn[0m] [0m[0m/work/chipyard/generators/testchipip/src/main/scala/clocking/ResetUtil.scala:39:71: type LazyModule in package diplomacy is deprecated (since rocketchip 2.0.0): Diplomacy has been split to a standalone library[0m
[0m[[0m[33mwarn[0m] [0m[0mclass ClockGroupFakeResetSynchronizer(implicit p: Parameters) extends LazyModule {[0m
[0m[[0m[33mwarn[0m] [0m[0m                                                                      ^[0m
[0m[[0m[33mwarn[0m] [0m[0m/work/chipyard/generators/testchipip/src/main/scala/clocking/ResetUtil.scala:42:22: type LazyRawModuleImp in package diplomacy is deprecated (since rocketchip 2.0.0): Diplomacy has been split to a standalone library[0m
[0m[[0m[33mwarn[0m] [0m[0m  class Impl extends LazyRawModuleImp(this) {[0m
[0m[[0m[33mwarn[0m] [0m[0m                     ^[0m
[0m[[0m[33mwarn[0m] [0m[0m/work/chipyard/generators/testchipip/src/main/scala/clocking/ResetUtil.scala:67:48: type ValName in package diplomacy is deprecated (since rocketchip 2.0.0): Diplomacy has been split to a standalone library[0m
[0m[[0m[33mwarn[0m] [0m[0m  def apply()(implicit p: Parameters, valName: ValName) = LazyModule(new ClockGroupFakeResetSynchronizer()).node[0m
[0m[[0m[33mwarn[0m] [0m[0m                                               ^[0m
[0m[[0m[33mwarn[0m] [0m[0m/work/chipyard/generators/testchipip/src/main/scala/clocking/ResetUtil.scala:67:59: value LazyModule in package diplomacy is deprecated (since rocketchip 2.0.0): Diplomacy has been split to a standalone library[0m
[0m[[0m[33mwarn[0m] [0m[0m  def apply()(implicit p: Parameters, valName: ValName) = LazyModule(new ClockGroupFakeResetSynchronizer()).node[0m
[0m[[0m[33mwarn[0m] [0m[0m                                                          ^[0m
[0m[[0m[33mwarn[0m] [0m[0m/work/chipyard/generators/testchipip/src/main/scala/cosim/TraceIO.scala:92:23: value HeterogeneousBag in package util is deprecated (since rocketchip 2.0.0): HeterogeneousBag has been absorbed into standalone diplomacy library[0m
[0m[[0m[33mwarn[0m] [0m[0m  val traces = Output(HeterogeneousBag.apply(coreTraces.map(t => new TileTraceIO(t))))[0m
[0m[[0m[33mwarn[0m] [0m[0m                      ^[0m
[0m[[0m[33mwarn[0m] [0m[0m/work/chipyard/generators/testchipip/src/main/scala/cosim/TraceIO.scala:111:17: value InModuleBody in package diplomacy is deprecated (since rocketchip 2.0.0): Diplomacy has been split to a standalone library[0m
[0m[[0m[33mwarn[0m] [0m[0m  val traceIO = InModuleBody { p(TracePortKey) map ( traceParams => {[0m
[0m[[0m[33mwarn[0m] [0m[0m                ^[0m
[0m[[0m[33mwarn[0m] [0m[0m/work/chipyard/generators/testchipip/src/main/scala/dram/SimTLMem.scala:11:104: type SimpleLazyModule in package diplomacy is deprecated (since rocketchip 2.0.0): Diplomacy has been split to a standalone library[0m
[0m[[0m[33mwarn[0m] [0m[0mclass SimTLMem(edge: TLEdgeParameters, size: BigInt, base: BigInt = 0)(implicit p: Parameters) extends SimpleLazyModule {[0m
[0m[[0m[33mwarn[0m] [0m[0m                                                                                                       ^[0m
[0m[[0m[33mwarn[0m] [0m[0m/work/chipyard/generators/testchipip/src/main/scala/dram/SimTLMem.scala:14:5: value LazyModule in package diplomacy is deprecated (since rocketchip 2.0.0): Diplomacy has been split to a standalone library[0m
[0m[[0m[33mwarn[0m] [0m[0m    LazyModule(new TLRAM([0m
[0m[[0m[33mwarn[0m] [0m[0m    ^[0m
[0m[[0m[33mwarn[0m] [0m[0m/work/chipyard/generators/testchipip/src/main/scala/dram/SimTLMem.scala:21:15: value InModuleBody in package diplomacy is deprecated (since rocketchip 2.0.0): Diplomacy has been split to a standalone library[0m
[0m[[0m[33mwarn[0m] [0m[0m  val io_tl = InModuleBody { node.makeIOs() }[0m
[0m[[0m[33mwarn[0m] [0m[0m              ^[0m
[0m[[0m[33mwarn[0m] [0m[0m/work/chipyard/generators/testchipip/src/main/scala/iceblk/BlockDevice.scala:108:13: type LazyModule in package diplomacy is deprecated (since rocketchip 2.0.0): Diplomacy has been split to a standalone library[0m
[0m[[0m[33mwarn[0m] [0m[0m    extends LazyModule with HasBlockDeviceParameters {[0m
[0m[[0m[33mwarn[0m] [0m[0m            ^[0m
[0m[[0m[33mwarn[0m] [0m[0m/work/chipyard/generators/testchipip/src/main/scala/iceblk/BlockDevice.scala:110:61: method apply in object TLClientParameters is deprecated: Use TLMasterParameters.v1 instead of TLClientParameters[0m
[0m[[0m[33mwarn[0m] [0m[0m  val node = TLClientNode(Seq(TLMasterPortParameters.v1(Seq(TLClientParameters([0m
[0m[[0m[33mwarn[0m] [0m[0m                                                            ^[0m
[0m[[0m[33mwarn[0m] [0m[0m/work/chipyard/generators/testchipip/src/main/scala/iceblk/BlockDevice.scala:123:13: type LazyModuleImp in package diplomacy is deprecated (since rocketchip 2.0.0): Diplomacy has been split to a standalone library[0m
[0m[[0m[33mwarn[0m] [0m[0m    extends LazyModuleImp(outer) with HasBlockDeviceParameters {[0m
[0m[[0m[33mwarn[0m] [0m[0m            ^[0m
[0m[[0m[33mwarn[0m] [0m[0m/work/chipyard/generators/testchipip/src/main/scala/iceblk/BlockDevice.scala:294:96: type LazyModuleImp in package diplomacy is deprecated (since rocketchip 2.0.0): Diplomacy has been split to a standalone library[0m
[0m[[0m[33mwarn[0m] [0m[0mclass BlockDeviceFrontendModuleImp(outer: BlockDeviceFrontend)(implicit p: Parameters) extends LazyModuleImp(outer) with HasBlockDeviceParameters {[0m
[0m[[0m[33mwarn[0m] [0m[0m                                                                                               ^[0m
[0m[[0m[33mwarn[0m] [0m[0m/work/chipyard/generators/testchipip/src/main/scala/iceblk/BlockDevice.scala:324:9: method moduleValue in package diplomacy is deprecated (since rocketchip 2.0.0): Diplomacy has been split to a standalone library[0m
[0m[[0m[33mwarn[0m] [0m[0m  outer.interrupts(0) := io.back.complete.valid[0m
[0m[[0m[33mwarn[0m] [0m[0m        ^[0m
[0m[[0m[33mwarn[0m] [0m[0m/work/chipyard/generators/testchipip/src/main/scala/iceblk/BlockDevice.scala:340:13: type LazyModule in package diplomacy is deprecated (since rocketchip 2.0.0): Diplomacy has been split to a standalone library[0m
[0m[[0m[33mwarn[0m] [0m[0m    extends LazyModule with HasBlockDeviceParameters {[0m
[0m[[0m[33mwarn[0m] [0m[0m            ^[0m
[0m[[0m[33mwarn[0m] [0m[0m/work/chipyard/generators/testchipip/src/main/scala/iceblk/BlockDevice.scala:345:11: value LazyModule in package diplomacy is deprecated (since rocketchip 2.0.0): Diplomacy has been split to a standalone library[0m
[0m[[0m[33mwarn[0m] [0m[0m    id => LazyModule(new BlockDeviceTracker(id)))[0m
[0m[[0m[33mwarn[0m] [0m[0m          ^[0m
[0m[[0m[33mwarn[0m] [0m[0m/work/chipyard/generators/testchipip/src/main/scala/iceblk/BlockDevice.scala:346:18: value LazyModule in package diplomacy is deprecated (since rocketchip 2.0.0): Diplomacy has been split to a standalone library[0m
[0m[[0m[33mwarn[0m] [0m[0m  val frontend = LazyModule(new BlockDeviceFrontend([0m
[0m[[0m[33mwarn[0m] [0m[0m                 ^[0m
[0m[[0m[33mwarn[0m] [0m[0m/work/chipyard/generators/testchipip/src/main/scala/iceblk/BlockDevice.scala:354:45: type LazyModuleImp in package diplomacy is deprecated (since rocketchip 2.0.0): Diplomacy has been split to a standalone library[0m
[0m[[0m[33mwarn[0m] [0m[0m  class BlockDeviceControllerModule extends LazyModuleImp(this) {[0m
[0m[[0m[33mwarn[0m] [0m[0m                                            ^[0m
[0m[[0m[33mwarn[0m] [0m[0m/work/chipyard/generators/testchipip/src/main/scala/iceblk/BlockDevice.scala:460:31: value LazyModule in package diplomacy is deprecated (since rocketchip 2.0.0): Diplomacy has been split to a standalone library[0m
[0m[[0m[33mwarn[0m] [0m[0m    val controller = domain { LazyModule(new BlockDeviceController([0m
[0m[[0m[33mwarn[0m] [0m[0m                              ^[0m
[0m[[0m[33mwarn[0m] [0m[0m/work/chipyard/generators/testchipip/src/main/scala/iceblk/BlockDevice.scala:469:29: value InModuleBody in package diplomacy is deprecated (since rocketchip 2.0.0): Diplomacy has been split to a standalone library[0m
[0m[[0m[33mwarn[0m] [0m[0m    val inner_io = domain { InModuleBody {[0m
[0m[[0m[33mwarn[0m] [0m[0m                            ^[0m
[0m[[0m[33mwarn[0m] [0m[0m/work/chipyard/generators/testchipip/src/main/scala/iceblk/BlockDevice.scala:475:20: value InModuleBody in package diplomacy is deprecated (since rocketchip 2.0.0): Diplomacy has been split to a standalone library[0m
[0m[[0m[33mwarn[0m] [0m[0m    val outer_io = InModuleBody {[0m
[0m[[0m[33mwarn[0m] [0m[0m                   ^[0m
[0m[[0m[33mwarn[0m] [0m[0m/work/chipyard/generators/testchipip/src/main/scala/iceblk/BlockDevice.scala:477:24: method moduleValue in package diplomacy is deprecated (since rocketchip 2.0.0): Diplomacy has been split to a standalone library[0m
[0m[[0m[33mwarn[0m] [0m[0m      outer_io.bits <> inner_io[0m
[0m[[0m[33mwarn[0m] [0m[0m                       ^[0m
[0m[[0m[33mwarn[0m] [0m[0m/work/chipyard/generators/testchipip/src/main/scala/iceblk/Configs.scala:23:26: method apply in class View is deprecated (since CDE 0.1): up(XYZ, site) is no longer necessary; remove the superfluous site argument[0m
[0m[[0m[33mwarn[0m] [0m[0m  case BlockDeviceKey => up(BlockDeviceKey, site) match {[0m
[0m[[0m[33mwarn[0m] [0m[0m                         ^[0m
[0m[[0m[33mwarn[0m] [0m[0m/work/chipyard/generators/testchipip/src/main/scala/serdes/Configs.scala:67:5: method apply in class View is deprecated (since CDE 0.1): up(XYZ, site) is no longer necessary; remove the superfluous site argument[0m
[0m[[0m[33mwarn[0m] [0m[0m    up(SerialTLKey, site).map { k => k.copy([0m
[0m[[0m[33mwarn[0m] [0m[0m    ^[0m
[0m[[0m[33mwarn[0m] [0m[0m/work/chipyard/generators/testchipip/src/main/scala/serdes/Configs.scala:90:23: method apply in class View is deprecated (since CDE 0.1): up(XYZ, site) is no longer necessary; remove the superfluous site argument[0m
[0m[[0m[33mwarn[0m] [0m[0m  case SerialTLKey => up(SerialTLKey, site).map { k => k.copy([0m
[0m[[0m[33mwarn[0m] [0m[0m                      ^[0m
[0m[[0m[33mwarn[0m] [0m[0m/work/chipyard/generators/testchipip/src/main/scala/serdes/Configs.scala:100:23: method apply in class View is deprecated (since CDE 0.1): up(XYZ, site) is no longer necessary; remove the superfluous site argument[0m
[0m[[0m[33mwarn[0m] [0m[0m  case SerialTLKey => up(SerialTLKey, site).map { k => k.copy([0m
[0m[[0m[33mwarn[0m] [0m[0m                      ^[0m
[0m[[0m[33mwarn[0m] [0m[0m/work/chipyard/generators/testchipip/src/main/scala/serdes/PeripheryTLSerial.scala:81:49: type MemoryDevice in package diplomacy is deprecated (since rocketchip 2.0.0): Use freechips.rocketchip.resources.MemoryDevice[0m
[0m[[0m[33mwarn[0m] [0m[0m      val memDevice = if (m.isMemoryDevice) new MemoryDevice else new SimpleDevice("lbwif-readwrite", Nil)[0m
[0m[[0m[33mwarn[0m] [0m[0m                                                ^[0m
[0m[[0m[33mwarn[0m] [0m[0m/work/chipyard/generators/testchipip/src/main/scala/serdes/PeripheryTLSerial.scala:81:71: type SimpleDevice in package diplomacy is deprecated (since rocketchip 2.0.0): Use freechips.rocketchip.resources.SimpleDevice[0m
[0m[[0m[33mwarn[0m] [0m[0m      val memDevice = if (m.isMemoryDevice) new MemoryDevice else new SimpleDevice("lbwif-readwrite", Nil)[0m
[0m[[0m[33mwarn[0m] [0m[0m                                                                      ^[0m
[0m[[0m[33mwarn[0m] [0m[0m/work/chipyard/generators/testchipip/src/main/scala/serdes/PeripheryTLSerial.scala:82:27: type SimpleDevice in package diplomacy is deprecated (since rocketchip 2.0.0): Use freechips.rocketchip.resources.SimpleDevice[0m
[0m[[0m[33mwarn[0m] [0m[0m      val romDevice = new SimpleDevice("lbwif-readonly", Nil)[0m
[0m[[0m[33mwarn[0m] [0m[0m                          ^[0m
[0m[[0m[33mwarn[0m] [0m[0m/work/chipyard/generators/testchipip/src/main/scala/serdes/PeripheryTLSerial.scala:116:28: value LazyModule in package diplomacy is deprecated (since rocketchip 2.0.0): Diplomacy has been split to a standalone library[0m
[0m[[0m[33mwarn[0m] [0m[0m    val serial_tl_domain = LazyModule(new ClockSinkDomain(name=Some(s"SerialTL$sid")))[0m
[0m[[0m[33mwarn[0m] [0m[0m                           ^[0m
[0m[[0m[33mwarn[0m] [0m[0m/work/chipyard/generators/testchipip/src/main/scala/serdes/PeripheryTLSerial.scala:129:40: value LazyModule in package diplomacy is deprecated (since rocketchip 2.0.0): Diplomacy has been split to a standalone library[0m
[0m[[0m[33mwarn[0m] [0m[0m    val serdesser = serial_tl_domain { LazyModule(new TLSerdesser([0m
[0m[[0m[33mwarn[0m] [0m[0m                                       ^[0m
[0m[[0m[33mwarn[0m] [0m[0m/work/chipyard/generators/testchipip/src/main/scala/serdes/PeripheryTLSerial.scala:162:55: method ValName in package diplomacy is deprecated (since rocketchip 2.0.0): Diplomacy has been split to a standalone library[0m
[0m[[0m[33mwarn[0m] [0m[0m    serial_tl_clock_node.foreach(_ := ClockGroup()(p, ValName(s"${name}_clock")) := allClockGroupsNode)[0m
[0m[[0m[33mwarn[0m] [0m[0m                                                      ^[0m
[0m[[0m[33mwarn[0m] [0m[0m/work/chipyard/generators/testchipip/src/main/scala/serdes/PeripheryTLSerial.scala:164:39: value InModuleBody in package diplomacy is deprecated (since rocketchip 2.0.0): Diplomacy has been split to a standalone library[0m
[0m[[0m[33mwarn[0m] [0m[0m    val inner_io = serial_tl_domain { InModuleBody {[0m
[0m[[0m[33mwarn[0m] [0m[0m                                      ^[0m
[0m[[0m[33mwarn[0m] [0m[0m/work/chipyard/generators/testchipip/src/main/scala/serdes/PeripheryTLSerial.scala:219:20: value InModuleBody in package diplomacy is deprecated (since rocketchip 2.0.0): Diplomacy has been split to a standalone library[0m
[0m[[0m[33mwarn[0m] [0m[0m    val outer_io = InModuleBody {[0m
[0m[[0m[33mwarn[0m] [0m[0m                   ^[0m
[0m[[0m[33mwarn[0m] [0m[0m/work/chipyard/generators/testchipip/src/main/scala/serdes/PeripheryTLSerial.scala:221:19: method moduleValue in package diplomacy is deprecated (since rocketchip 2.0.0): Diplomacy has been split to a standalone library[0m
[0m[[0m[33mwarn[0m] [0m[0m      outer_io <> inner_io[0m
[0m[[0m[33mwarn[0m] [0m[0m                  ^[0m
[0m[[0m[33mwarn[0m] [0m[0m/work/chipyard/generators/testchipip/src/main/scala/serdes/PeripheryTLSerial.scala:225:45: value InModuleBody in package diplomacy is deprecated (since rocketchip 2.0.0): Diplomacy has been split to a standalone library[0m
[0m[[0m[33mwarn[0m] [0m[0m    val inner_debug_io = serial_tl_domain { InModuleBody {[0m
[0m[[0m[33mwarn[0m] [0m[0m                                            ^[0m
[0m[[0m[33mwarn[0m] [0m[0m/work/chipyard/generators/testchipip/src/main/scala/serdes/PeripheryTLSerial.scala:230:26: value InModuleBody in package diplomacy is deprecated (since rocketchip 2.0.0): Diplomacy has been split to a standalone library[0m
[0m[[0m[33mwarn[0m] [0m[0m    val outer_debug_io = InModuleBody {[0m
[0m[[0m[33mwarn[0m] [0m[0m                         ^[0m
[0m[[0m[33mwarn[0m] [0m[0m/work/chipyard/generators/testchipip/src/main/scala/serdes/PeripheryTLSerial.scala:232:25: method moduleValue in package diplomacy is deprecated (since rocketchip 2.0.0): Diplomacy has been split to a standalone library[0m
[0m[[0m[33mwarn[0m] [0m[0m      outer_debug_io := inner_debug_io[0m
[0m[[0m[33mwarn[0m] [0m[0m                        ^[0m
[0m[[0m[33mwarn[0m] [0m[0m/work/chipyard/generators/testchipip/src/main/scala/serdes/ProbeBlocker.scala:13:71: type LazyModule in package diplomacy is deprecated (since rocketchip 2.0.0): Diplomacy has been split to a standalone library[0m
[0m[[0m[33mwarn[0m] [0m[0mclass TLProbeBlocker(blockBytes: Int)(implicit p: Parameters) extends LazyModule {[0m
[0m[[0m[33mwarn[0m] [0m[0m                                                                      ^[0m
[0m[[0m[33mwarn[0m] [0m[0m/work/chipyard/generators/testchipip/src/main/scala/serdes/ProbeBlocker.scala:23:22: type LazyModuleImp in package diplomacy is deprecated (since rocketchip 2.0.0): Diplomacy has been split to a standalone library[0m
[0m[[0m[33mwarn[0m] [0m[0m  class Impl extends LazyModuleImp(this) {[0m
[0m[[0m[33mwarn[0m] [0m[0m                     ^[0m
[0m[[0m[33mwarn[0m] [0m[0m/work/chipyard/generators/testchipip/src/main/scala/serdes/ProbeBlocker.scala:62:19: value LazyModule in package diplomacy is deprecated (since rocketchip 2.0.0): Diplomacy has been split to a standalone library[0m
[0m[[0m[33mwarn[0m] [0m[0m    val blocker = LazyModule(new TLProbeBlocker(blockBytes))[0m
[0m[[0m[33mwarn[0m] [0m[0m                  ^[0m
[0m[[0m[33mwarn[0m] [0m[0m/work/chipyard/generators/testchipip/src/main/scala/serdes/SourceAdjuster.scala:14:100: type LazyModule in package diplomacy is deprecated (since rocketchip 2.0.0): Diplomacy has been split to a standalone library[0m
[0m[[0m[33mwarn[0m] [0m[0mclass TLSourceAdjuster(maxClients: Int, maxInFlightPerClient: Int)(implicit p: Parameters) extends LazyModule[0m
[0m[[0m[33mwarn[0m] [0m[0m                                                                                                   ^[0m
[0m[[0m[33mwarn[0m] [0m[0m/work/chipyard/generators/testchipip/src/main/scala/serdes/SourceAdjuster.scala:35:22: type LazyModuleImp in package diplomacy is deprecated (since rocketchip 2.0.0): Diplomacy has been split to a standalone library[0m
[0m[[0m[33mwarn[0m] [0m[0m  class Impl extends LazyModuleImp(this) {[0m
[0m[[0m[33mwarn[0m] [0m[0m                     ^[0m
[0m[[0m[33mwarn[0m] [0m[0m/work/chipyard/generators/testchipip/src/main/scala/serdes/SourceAdjuster.scala:75:20: value LazyModule in package diplomacy is deprecated (since rocketchip 2.0.0): Diplomacy has been split to a standalone library[0m
[0m[[0m[33mwarn[0m] [0m[0m    val adjuster = LazyModule(new TLSourceAdjuster(maxClients, maxInFlightPerClient))[0m
[0m[[0m[33mwarn[0m] [0m[0m                   ^[0m
[0m[[0m[33mwarn[0m] [0m[0m/work/chipyard/generators/testchipip/src/main/scala/serdes/SourceCombiner.scala:13:74: type LazyModule in package diplomacy is deprecated (since rocketchip 2.0.0): Diplomacy has been split to a standalone library[0m
[0m[[0m[33mwarn[0m] [0m[0mclass TLSourceCombiner(maxInFlight: Int)(implicit p: Parameters) extends LazyModule[0m
[0m[[0m[33mwarn[0m] [0m[0m                                                                         ^[0m
[0m[[0m[33mwarn[0m] [0m[0m/work/chipyard/generators/testchipip/src/main/scala/serdes/SourceCombiner.scala:33:22: type LazyModuleImp in package diplomacy is deprecated (since rocketchip 2.0.0): Diplomacy has been split to a standalone library[0m
[0m[[0m[33mwarn[0m] [0m[0m  class Impl extends LazyModuleImp(this) {[0m
[0m[[0m[33mwarn[0m] [0m[0m                     ^[0m
[0m[[0m[33mwarn[0m] [0m[0m/work/chipyard/generators/testchipip/src/main/scala/serdes/SourceCombiner.scala:86:20: value LazyModule in package diplomacy is deprecated (since rocketchip 2.0.0): Diplomacy has been split to a standalone library[0m
[0m[[0m[33mwarn[0m] [0m[0m    val combiner = LazyModule(new TLSourceCombiner(maxClients))[0m
[0m[[0m[33mwarn[0m] [0m[0m                   ^[0m
[0m[[0m[33mwarn[0m] [0m[0m/work/chipyard/generators/testchipip/src/main/scala/serdes/TLSerdes.scala:31:36: type LazyModule in package diplomacy is deprecated (since rocketchip 2.0.0): Diplomacy has been split to a standalone library[0m
[0m[[0m[33mwarn[0m] [0m[0m  (implicit p: Parameters) extends LazyModule {[0m
[0m[[0m[33mwarn[0m] [0m[0m                                   ^[0m
[0m[[0m[33mwarn[0m] [0m[0m/work/chipyard/generators/testchipip/src/main/scala/serdes/TLSerdes.scala:39:22: type LazyModuleImp in package diplomacy is deprecated (since rocketchip 2.0.0): Diplomacy has been split to a standalone library[0m
[0m[[0m[33mwarn[0m] [0m[0m  class Impl extends LazyModuleImp(this) {[0m
[0m[[0m[33mwarn[0m] [0m[0m                     ^[0m
[0m[[0m[33mwarn[0m] [0m[0m/work/chipyard/generators/testchipip/src/main/scala/serdes/old/Configs.scala:68:5: method apply in class View is deprecated (since CDE 0.1): up(XYZ, site) is no longer necessary; remove the superfluous site argument[0m
[0m[[0m[33mwarn[0m] [0m[0m    up(SerialTLKey, site).map { k => k.copy([0m
[0m[[0m[33mwarn[0m] [0m[0m    ^[0m
[0m[[0m[33mwarn[0m] [0m[0m/work/chipyard/generators/testchipip/src/main/scala/serdes/old/Configs.scala:92:23: method apply in class View is deprecated (since CDE 0.1): up(XYZ, site) is no longer necessary; remove the superfluous site argument[0m
[0m[[0m[33mwarn[0m] [0m[0m  case SerialTLKey => up(SerialTLKey, site).map { k => k.copy([0m
[0m[[0m[33mwarn[0m] [0m[0m                      ^[0m
[0m[[0m[33mwarn[0m] [0m[0m/work/chipyard/generators/testchipip/src/main/scala/serdes/old/Configs.scala:102:23: method apply in class View is deprecated (since CDE 0.1): up(XYZ, site) is no longer necessary; remove the superfluous site argument[0m
[0m[[0m[33mwarn[0m] [0m[0m  case SerialTLKey => up(SerialTLKey, site).map { k => k.copy([0m
[0m[[0m[33mwarn[0m] [0m[0m                      ^[0m
[0m[[0m[33mwarn[0m] [0m[0m/work/chipyard/generators/testchipip/src/main/scala/serdes/old/PeripheryTLSerial.scala:76:49: type MemoryDevice in package diplomacy is deprecated (since rocketchip 2.0.0): Use freechips.rocketchip.resources.MemoryDevice[0m
[0m[[0m[33mwarn[0m] [0m[0m      val memDevice = if (m.isMemoryDevice) new MemoryDevice else new SimpleDevice("lbwif-readwrite", Nil)[0m
[0m[[0m[33mwarn[0m] [0m[0m                                                ^[0m
[0m[[0m[33mwarn[0m] [0m[0m/work/chipyard/generators/testchipip/src/main/scala/serdes/old/PeripheryTLSerial.scala:76:71: type SimpleDevice in package diplomacy is deprecated (since rocketchip 2.0.0): Use freechips.rocketchip.resources.SimpleDevice[0m
[0m[[0m[33mwarn[0m] [0m[0m      val memDevice = if (m.isMemoryDevice) new MemoryDevice else new SimpleDevice("lbwif-readwrite", Nil)[0m
[0m[[0m[33mwarn[0m] [0m[0m                                                                      ^[0m
[0m[[0m[33mwarn[0m] [0m[0m/work/chipyard/generators/testchipip/src/main/scala/serdes/old/PeripheryTLSerial.scala:77:27: type SimpleDevice in package diplomacy is deprecated (since rocketchip 2.0.0): Use freechips.rocketchip.resources.SimpleDevice[0m
[0m[[0m[33mwarn[0m] [0m[0m      val romDevice = new SimpleDevice("lbwif-readonly", Nil)[0m
[0m[[0m[33mwarn[0m] [0m[0m                          ^[0m
[0m[[0m[33mwarn[0m] [0m[0m/work/chipyard/generators/testchipip/src/main/scala/serdes/old/PeripheryTLSerial.scala:111:28: value LazyModule in package diplomacy is deprecated (since rocketchip 2.0.0): Diplomacy has been split to a standalone library[0m
[0m[[0m[33mwarn[0m] [0m[0m    val serial_tl_domain = LazyModule(new ClockSinkDomain(name=Some(name)))[0m
[0m[[0m[33mwarn[0m] [0m[0m                           ^[0m
[0m[[0m[33mwarn[0m] [0m[0m/work/chipyard/generators/testchipip/src/main/scala/serdes/old/PeripheryTLSerial.scala:124:40: value LazyModule in package diplomacy is deprecated (since rocketchip 2.0.0): Diplomacy has been split to a standalone library[0m
[0m[[0m[33mwarn[0m] [0m[0m    val serdesser = serial_tl_domain { LazyModule(new TLSerdesser([0m
[0m[[0m[33mwarn[0m] [0m[0m                                       ^[0m
[0m[[0m[33mwarn[0m] [0m[0m/work/chipyard/generators/testchipip/src/main/scala/serdes/old/PeripheryTLSerial.scala:149:55: method ValName in package diplomacy is deprecated (since rocketchip 2.0.0): Diplomacy has been split to a standalone library[0m
[0m[[0m[33mwarn[0m] [0m[0m    serial_tl_clock_node.foreach(_ := ClockGroup()(p, ValName(s"${name}_clock")) := allClockGroupsNode)[0m
[0m[[0m[33mwarn[0m] [0m[0m                                                      ^[0m
[0m[[0m[33mwarn[0m] [0m[0m/work/chipyard/generators/testchipip/src/main/scala/serdes/old/PeripheryTLSerial.scala:151:39: value InModuleBody in package diplomacy is deprecated (since rocketchip 2.0.0): Diplomacy has been split to a standalone library[0m
[0m[[0m[33mwarn[0m] [0m[0m    val inner_io = serial_tl_domain { InModuleBody {[0m
[0m[[0m[33mwarn[0m] [0m[0m                                      ^[0m
[0m[[0m[33mwarn[0m] [0m[0m/work/chipyard/generators/testchipip/src/main/scala/serdes/old/PeripheryTLSerial.scala:261:20: value InModuleBody in package diplomacy is deprecated (since rocketchip 2.0.0): Diplomacy has been split to a standalone library[0m
[0m[[0m[33mwarn[0m] [0m[0m    val outer_io = InModuleBody {[0m
[0m[[0m[33mwarn[0m] [0m[0m                   ^[0m
[0m[[0m[33mwarn[0m] [0m[0m/work/chipyard/generators/testchipip/src/main/scala/serdes/old/PeripheryTLSerial.scala:263:19: method moduleValue in package diplomacy is deprecated (since rocketchip 2.0.0): Diplomacy has been split to a standalone library[0m
[0m[[0m[33mwarn[0m] [0m[0m      outer_io <> inner_io[0m
[0m[[0m[33mwarn[0m] [0m[0m                  ^[0m
[0m[[0m[33mwarn[0m] [0m[0m/work/chipyard/generators/testchipip/src/main/scala/serdes/old/PeripheryTLSerial.scala:267:45: value InModuleBody in package diplomacy is deprecated (since rocketchip 2.0.0): Diplomacy has been split to a standalone library[0m
[0m[[0m[33mwarn[0m] [0m[0m    val inner_debug_io = serial_tl_domain { InModuleBody {[0m
[0m[[0m[33mwarn[0m] [0m[0m                                            ^[0m
[0m[[0m[33mwarn[0m] [0m[0m/work/chipyard/generators/testchipip/src/main/scala/serdes/old/PeripheryTLSerial.scala:272:26: value InModuleBody in package diplomacy is deprecated (since rocketchip 2.0.0): Diplomacy has been split to a standalone library[0m
[0m[[0m[33mwarn[0m] [0m[0m    val outer_debug_io = InModuleBody {[0m
[0m[[0m[33mwarn[0m] [0m[0m                         ^[0m
[0m[[0m[33mwarn[0m] [0m[0m/work/chipyard/generators/testchipip/src/main/scala/serdes/old/PeripheryTLSerial.scala:274:25: method moduleValue in package diplomacy is deprecated (since rocketchip 2.0.0): Diplomacy has been split to a standalone library[0m
[0m[[0m[33mwarn[0m] [0m[0m      outer_debug_io := inner_debug_io[0m
[0m[[0m[33mwarn[0m] [0m[0m                        ^[0m
[0m[[0m[33mwarn[0m] [0m[0m/work/chipyard/generators/testchipip/src/main/scala/serdes/old/TLSerdes.scala:301:38: type LazyModule in package diplomacy is deprecated (since rocketchip 2.0.0): Diplomacy has been split to a standalone library[0m
[0m[[0m[33mwarn[0m] [0m[0m    (implicit p: Parameters) extends LazyModule {[0m
[0m[[0m[33mwarn[0m] [0m[0m                                     ^[0m
[0m[[0m[33mwarn[0m] [0m[0m/work/chipyard/generators/testchipip/src/main/scala/serdes/old/TLSerdes.scala:310:22: type LazyModuleImp in package diplomacy is deprecated (since rocketchip 2.0.0): Diplomacy has been split to a standalone library[0m
[0m[[0m[33mwarn[0m] [0m[0m  class Impl extends LazyModuleImp(this) {[0m
[0m[[0m[33mwarn[0m] [0m[0m                     ^[0m
[0m[[0m[33mwarn[0m] [0m[0m3066 feature warnings; re-run with -feature for details[0m
[0m[[0m[33mwarn[0m] [0m[0m54 warnings found[0m
[0m[[0m[0minfo[0m] [0m[0mdone compiling[0m
[0m[[0m[33mwarn[0m] [0m[0m100 warnings found[0m
[0m[[0m[0minfo[0m] [0m[0mdone compiling[0m
[0m[[0m[33mwarn[0m] [0m[0m100 warnings found[0m
[0m[[0m[0minfo[0m] [0m[0mdone compiling[0m
[0m[[0m[0minfo[0m] [0m[0mcompiling 7 Scala sources to /work/chipyard/generators/caliptra-aes-acc/target/scala-2.13/classes ...[0m
[0m[[0m[33mwarn[0m] [0m[0m/work/chipyard/generators/caliptra-aes-acc/src/main/scala/aes/Configs.scala:21:17: value LazyModule in package diplomacy is deprecated (since rocketchip 2.0.0): Diplomacy has been split to a standalone library[0m
[0m[[0m[33mwarn[0m] [0m[0m      val acc = LazyModule(new AES256ECBAccel(OpcodeSet.custom1)(p))[0m
[0m[[0m[33mwarn[0m] [0m[0m                ^[0m
[0m[[0m[33mwarn[0m] [0m[0m88 feature warnings; re-run with -feature for details[0m
[0m[[0m[33mwarn[0m] [0m[0mtwo warnings found[0m
[0m[[0m[0minfo[0m] [0m[0mdone compiling[0m
[0m[[0m[33mwarn[0m] [0m[0m100 warnings found[0m
[0m[[0m[0minfo[0m] [0m[0mdone compiling[0m
[0m[[0m[0minfo[0m] [0m[0mcompiling 2 Scala sources to /work/chipyard/generators/tracegen/target/scala-2.13/classes ...[0m
[0m[[0m[0minfo[0m] [0m[0mcompiling 13 Scala sources to /work/chipyard/generators/rerocc/target/scala-2.13/classes ...[0m
[0m[[0m[33mwarn[0m] [0m[0m/work/chipyard/generators/tracegen/src/main/scala/Configs.scala:21:16: method apply in class View is deprecated (since CDE 0.1): up(XYZ, site) is no longer necessary; remove the superfluous site argument[0m
[0m[[0m[33mwarn[0m] [0m[0m    val prev = up(TilesLocated(InSubsystem), site)[0m
[0m[[0m[33mwarn[0m] [0m[0m               ^[0m
[0m[[0m[33mwarn[0m] [0m[0m/work/chipyard/generators/tracegen/src/main/scala/Configs.scala:61:16: method apply in class View is deprecated (since CDE 0.1): up(XYZ, site) is no longer necessary; remove the superfluous site argument[0m
[0m[[0m[33mwarn[0m] [0m[0m    val prev = up(TilesLocated(InSubsystem), site)[0m
[0m[[0m[33mwarn[0m] [0m[0m               ^[0m
[0m[[0m[33mwarn[0m] [0m[0m/work/chipyard/generators/tracegen/src/main/scala/Configs.scala:98:16: method apply in class View is deprecated (since CDE 0.1): up(XYZ, site) is no longer necessary; remove the superfluous site argument[0m
[0m[[0m[33mwarn[0m] [0m[0m    val prev = up(TilesLocated(InSubsystem), site)[0m
[0m[[0m[33mwarn[0m] [0m[0m               ^[0m
[0m[[0m[33mwarn[0m] [0m[0m/work/chipyard/generators/tracegen/src/main/scala/Configs.scala:135:16: method apply in class View is deprecated (since CDE 0.1): up(XYZ, site) is no longer necessary; remove the superfluous site argument[0m
[0m[[0m[33mwarn[0m] [0m[0m    val prev = up(TilesLocated(InSubsystem), site)[0m
[0m[[0m[33mwarn[0m] [0m[0m               ^[0m
[0m[[0m[33mwarn[0m] [0m[0m/work/chipyard/generators/rerocc/src/main/scala/bus/NoC.scala:123:27: procedure syntax is deprecated: instead, add `: Unit =` to explicitly declare `printNodeMappings`'s return type [quickfixable][0m
[0m[[0m[33mwarn[0m] [0m[0m  def printNodeMappings() {[0m
[0m[[0m[33mwarn[0m] [0m[0m                          ^[0m
[0m[[0m[33mwarn[0m] [0m[0m/work/chipyard/generators/rerocc/src/main/scala/bus/NoC.scala:165:19: reference to name is ambiguous;[0m
[0m[[0m[33mwarn[0m] [0m[0mit is both defined in the enclosing class ReRoCCGlobalNoC and inherited in the enclosing anonymous class as lazy value name (defined in class BaseModule, inherited through parent class ReRoCCNoCModuleImp)[0m
[0m[[0m[33mwarn[0m] [0m[0mIn Scala 2, symbols inherited from a superclass shadow symbols defined in an outer scope.[0m
[0m[[0m[33mwarn[0m] [0m[0mSuch references are ambiguous in Scala 3. To continue using the inherited symbol, write `this.name`.[0m
[0m[[0m[33mwarn[0m] [0m[0mOr use `-Wconf:msg=legacy-binding:s` to silence this warning. [quickfixable][0m
[0m[[0m[33mwarn[0m] [0m[0m    val nocName = name[0m
[0m[[0m[33mwarn[0m] [0m[0m                  ^[0m
[0m[[0m[33mwarn[0m] [0m[0m/work/chipyard/generators/rerocc/src/main/scala/bus/NoC.scala:143:19: reference to name is ambiguous;[0m
[0m[[0m[33mwarn[0m] [0m[0mit is both defined in the enclosing class ReRoCCNoC and inherited in the enclosing anonymous class as lazy value name (defined in class BaseModule, inherited through parent class ReRoCCNoCModuleImp)[0m
[0m[[0m[33mwarn[0m] [0m[0mIn Scala 2, symbols inherited from a superclass shadow symbols defined in an outer scope.[0m
[0m[[0m[33mwarn[0m] [0m[0mSuch references are ambiguous in Scala 3. To continue using the inherited symbol, write `this.name`.[0m
[0m[[0m[33mwarn[0m] [0m[0mOr use `-Wconf:msg=legacy-binding:s` to silence this warning. [quickfixable][0m
[0m[[0m[33mwarn[0m] [0m[0m    val nocName = name[0m
[0m[[0m[33mwarn[0m] [0m[0m                  ^[0m
[0m[[0m[33mwarn[0m] [0m[0m/work/chipyard/generators/rerocc/src/main/scala/bus/NoC.scala:146:52: reference to name is ambiguous;[0m
[0m[[0m[33mwarn[0m] [0m[0mit is both defined in the enclosing class ReRoCCNoC and inherited in the enclosing anonymous class as lazy value name (defined in class BaseModule, inherited through parent class ReRoCCNoCModuleImp)[0m
[0m[[0m[33mwarn[0m] [0m[0mIn Scala 2, symbols inherited from a superclass shadow symbols defined in an outer scope.[0m
[0m[[0m[33mwarn[0m] [0m[0mSuch references are ambiguous in Scala 3. To continue using the inherited symbol, write `this.name`.[0m
[0m[[0m[33mwarn[0m] [0m[0mOr use `-Wconf:msg=legacy-binding:s` to silence this warning. [quickfixable][0m
[0m[[0m[33mwarn[0m] [0m[0m      params.nocParams.copy(hasCtrl=false, nocName=name),[0m
[0m[[0m[33mwarn[0m] [0m[0m                                                   ^[0m
[0m[[0m[33mwarn[0m] [0m[0mfour warnings found[0m
[0m[[0m[0minfo[0m] [0m[0mdone compiling[0m
[0m[[0m[33mwarn[0m] [0m[0m/work/chipyard/generators/rerocc/src/main/scala/Configs.scala:14:25: value LazyModule in package diplomacy is deprecated (since rocketchip 2.0.0): Diplomacy has been split to a standalone library[0m
[0m[[0m[33mwarn[0m] [0m[0m    val rerocc_client = LazyModule(new ReRoCCClient(clientParams)(p))[0m
[0m[[0m[33mwarn[0m] [0m[0m                        ^[0m
[0m[[0m[33mwarn[0m] [0m[0m/work/chipyard/generators/rerocc/src/main/scala/Integration.scala:34:34: value LazyModule in package diplomacy is deprecated (since rocketchip 2.0.0): Diplomacy has been split to a standalone library[0m
[0m[[0m[33mwarn[0m] [0m[0m  val reRoCCManagerIdNexusNode = LazyModule(new BundleBridgeNexus[UInt]([0m
[0m[[0m[33mwarn[0m] [0m[0m                                 ^[0m
[0m[[0m[33mwarn[0m] [0m[0m/work/chipyard/generators/rerocc/src/main/scala/Integration.scala:35:15: value BundleBridgeNexus in package diplomacy is deprecated (since rocketchip 2.0.0): Diplomacy has been split to a standalone library[0m
[0m[[0m[33mwarn[0m] [0m[0m    inputFn = BundleBridgeNexus.orReduction[UInt](false) _,[0m
[0m[[0m[33mwarn[0m] [0m[0m              ^[0m
[0m[[0m[33mwarn[0m] [0m[0m/work/chipyard/generators/rerocc/src/main/scala/Integration.scala:45:44: value LazyModule in package diplomacy is deprecated (since rocketchip 2.0.0): Diplomacy has been split to a standalone library[0m
[0m[[0m[33mwarn[0m] [0m[0m    val rerocc_tile = rerocc_prci_domain { LazyModule(new ReRoCCManagerTile([0m
[0m[[0m[33mwarn[0m] [0m[0m                                           ^[0m
[0m[[0m[33mwarn[0m] [0m[0m/work/chipyard/generators/rerocc/src/main/scala/Integration.scala:56:32: value LazyModule in package diplomacy is deprecated (since rocketchip 2.0.0): Diplomacy has been split to a standalone library[0m
[0m[[0m[33mwarn[0m] [0m[0m      val remapper = ctrlBus { LazyModule(new ReRoCCManagerControlRemapper(i)) }[0m
[0m[[0m[33mwarn[0m] [0m[0m                               ^[0m
[0m[[0m[33mwarn[0m] [0m[0m/work/chipyard/generators/rerocc/src/main/scala/Integration.scala:71:29: value LazyModule in package diplomacy is deprecated (since rocketchip 2.0.0): Diplomacy has been split to a standalone library[0m
[0m[[0m[33mwarn[0m] [0m[0m          globalNoCDomain { LazyModule(new ReRoCCGlobalNoC(k)) }[0m
[0m[[0m[33mwarn[0m] [0m[0m                            ^[0m
[0m[[0m[33mwarn[0m] [0m[0m/work/chipyard/generators/rerocc/src/main/scala/Integration.scala:73:11: value LazyModule in package diplomacy is deprecated (since rocketchip 2.0.0): Diplomacy has been split to a standalone library[0m
[0m[[0m[33mwarn[0m] [0m[0m          LazyModule(new ReRoCCNoC(k))[0m
[0m[[0m[33mwarn[0m] [0m[0m          ^[0m
[0m[[0m[33mwarn[0m] [0m[0m/work/chipyard/generators/rerocc/src/main/scala/Integration.scala:75:19: value LazyModule in package diplomacy is deprecated (since rocketchip 2.0.0): Diplomacy has been split to a standalone library[0m
[0m[[0m[33mwarn[0m] [0m[0m      }.getOrElse(LazyModule(new ReRoCCXbar()))[0m
[0m[[0m[33mwarn[0m] [0m[0m                  ^[0m
[0m[[0m[33mwarn[0m] [0m[0m/work/chipyard/generators/rerocc/src/main/scala/bus/NoC.scala:99:62: type LazyModuleImp in package diplomacy is deprecated (since rocketchip 2.0.0): Diplomacy has been split to a standalone library[0m
[0m[[0m[33mwarn[0m] [0m[0mabstract class ReRoCCNoCModuleImp(outer: LazyModule) extends LazyModuleImp(outer) {[0m
[0m[[0m[33mwarn[0m] [0m[0m                                                             ^[0m
[0m[[0m[33mwarn[0m] [0m[0m/work/chipyard/generators/rerocc/src/main/scala/bus/NoC.scala:99:42: type LazyModule in package diplomacy is deprecated (since rocketchip 2.0.0): Diplomacy has been split to a standalone library[0m
[0m[[0m[33mwarn[0m] [0m[0mabstract class ReRoCCNoCModuleImp(outer: LazyModule) extends LazyModuleImp(outer) {[0m
[0m[[0m[33mwarn[0m] [0m[0m                                         ^[0m
[0m[[0m[33mwarn[0m] [0m[0m/work/chipyard/generators/rerocc/src/main/scala/bus/Protocol.scala:106:26: type SimpleNodeImp in package diplomacy is deprecated (since rocketchip 2.0.0): Diplomacy has been split to a standalone library[0m
[0m[[0m[33mwarn[0m] [0m[0mobject ReRoCCImp extends SimpleNodeImp[ReRoCCClientPortParams, ReRoCCManagerPortParams, ReRoCCEdgeParams, ReRoCCBundle] {[0m
[0m[[0m[33mwarn[0m] [0m[0m                         ^[0m
[0m[[0m[33mwarn[0m] [0m[0m/work/chipyard/generators/rerocc/src/main/scala/bus/Protocol.scala:112:38: value RenderedEdge in package diplomacy is deprecated (since rocketchip 2.0.0): Diplomacy has been split to a standalone library[0m
[0m[[0m[33mwarn[0m] [0m[0m  def render(ei: ReRoCCEdgeParams) = RenderedEdge(colour = "#000000" /* black */)[0m
[0m[[0m[33mwarn[0m] [0m[0m                                     ^[0m
[0m[[0m[33mwarn[0m] [0m[0m/work/chipyard/generators/rerocc/src/main/scala/bus/Protocol.scala:115:81: type ValName in package diplomacy is deprecated (since rocketchip 2.0.0): Diplomacy has been split to a standalone library[0m
[0m[[0m[33mwarn[0m] [0m[0mcase class ReRoCCClientNode(clientParams: ReRoCCClientParams)(implicit valName: ValName) extends SourceNode(ReRoCCImp)(Seq(ReRoCCClientPortParams(Seq(clientParams))))[0m
[0m[[0m[33mwarn[0m] [0m[0m                                                                                ^[0m
[0m[[0m[33mwarn[0m] [0m[0m/work/chipyard/generators/rerocc/src/main/scala/bus/Protocol.scala:117:84: type ValName in package diplomacy is deprecated (since rocketchip 2.0.0): Diplomacy has been split to a standalone library[0m
[0m[[0m[33mwarn[0m] [0m[0mcase class ReRoCCManagerNode(managerParams: ReRoCCManagerParams)(implicit valName: ValName) extends SinkNode(ReRoCCImp)(Seq(ReRoCCManagerPortParams(Seq(managerParams))))[0m
[0m[[0m[33mwarn[0m] [0m[0m                                                                                   ^[0m
[0m[[0m[33mwarn[0m] [0m[0m/work/chipyard/generators/rerocc/src/main/scala/bus/Protocol.scala:122:92: type LazyModule in package diplomacy is deprecated (since rocketchip 2.0.0): Diplomacy has been split to a standalone library[0m
[0m[[0m[33mwarn[0m] [0m[0mclass ReRoCCBuffer(b: BufferParams = BufferParams.default)(implicit p: Parameters) extends LazyModule {[0m
[0m[[0m[33mwarn[0m] [0m[0m                                                                                           ^[0m
[0m[[0m[33mwarn[0m] [0m[0m/work/chipyard/generators/rerocc/src/main/scala/bus/Protocol.scala:123:18: type AdapterNode in package diplomacy is deprecated (since rocketchip 2.0.0): Diplomacy has been split to a standalone library[0m
[0m[[0m[33mwarn[0m] [0m[0m  val node = new AdapterNode(ReRoCCImp)({s => s}, {s => s})[0m
[0m[[0m[33mwarn[0m] [0m[0m                 ^[0m
[0m[[0m[33mwarn[0m] [0m[0m/work/chipyard/generators/rerocc/src/main/scala/bus/Protocol.scala:124:25: type LazyModuleImp in package diplomacy is deprecated (since rocketchip 2.0.0): Diplomacy has been split to a standalone library[0m
[0m[[0m[33mwarn[0m] [0m[0m  lazy val module = new LazyModuleImp(this) {[0m
[0m[[0m[33mwarn[0m] [0m[0m                        ^[0m
[0m[[0m[33mwarn[0m] [0m[0m/work/chipyard/generators/rerocc/src/main/scala/bus/Protocol.scala:134:25: value LazyModule in package diplomacy is deprecated (since rocketchip 2.0.0): Diplomacy has been split to a standalone library[0m
[0m[[0m[33mwarn[0m] [0m[0m    val rerocc_buffer = LazyModule(new ReRoCCBuffer(b)(p))[0m
[0m[[0m[33mwarn[0m] [0m[0m                        ^[0m
[0m[[0m[33mwarn[0m] [0m[0m/work/chipyard/generators/rerocc/src/main/scala/bus/Protocol.scala:140:51: type ValName in package diplomacy is deprecated (since rocketchip 2.0.0): Diplomacy has been split to a standalone library[0m
[0m[[0m[33mwarn[0m] [0m[0mcase class ReRoCCIdentityNode()(implicit valName: ValName) extends IdentityNode(ReRoCCImp)()[0m
[0m[[0m[33mwarn[0m] [0m[0m                                                  ^[0m
[0m[[0m[33mwarn[0m] [0m[0m/work/chipyard/generators/rerocc/src/main/scala/bus/Xbar.scala:12:58: type LazyModule in package diplomacy is deprecated (since rocketchip 2.0.0): Diplomacy has been split to a standalone library[0m
[0m[[0m[33mwarn[0m] [0m[0mabstract class ReRoCCBus(implicit p: Parameters) extends LazyModule {[0m
[0m[[0m[33mwarn[0m] [0m[0m                                                         ^[0m
[0m[[0m[33mwarn[0m] [0m[0m/work/chipyard/generators/rerocc/src/main/scala/bus/Xbar.scala:13:18: type NexusNode in package diplomacy is deprecated (since rocketchip 2.0.0): Diplomacy has been split to a standalone library[0m
[0m[[0m[33mwarn[0m] [0m[0m  val node = new NexusNode(ReRoCCImp)([0m
[0m[[0m[33mwarn[0m] [0m[0m                 ^[0m
[0m[[0m[33mwarn[0m] [0m[0m/work/chipyard/generators/rerocc/src/main/scala/bus/Xbar.scala:34:25: type LazyModuleImp in package diplomacy is deprecated (since rocketchip 2.0.0): Diplomacy has been split to a standalone library[0m
[0m[[0m[33mwarn[0m] [0m[0m  lazy val module = new LazyModuleImp(this) with HasReRoCCBusRemapper {[0m
[0m[[0m[33mwarn[0m] [0m[0m                        ^[0m
[0m[[0m[33mwarn[0m] [0m[0m/work/chipyard/generators/rerocc/src/main/scala/manager/Control.scala:19:80: type LazyModule in package diplomacy is deprecated (since rocketchip 2.0.0): Diplomacy has been split to a standalone library[0m
[0m[[0m[33mwarn[0m] [0m[0mclass ReRoCCManagerControlRemapper(mgrId: Int)(implicit p: Parameters) extends LazyModule()(p) {[0m
[0m[[0m[33mwarn[0m] [0m[0m                                                                               ^[0m
[0m[[0m[33mwarn[0m] [0m[0m/work/chipyard/generators/rerocc/src/main/scala/manager/Control.scala:30:22: type LazyModuleImp in package diplomacy is deprecated (since rocketchip 2.0.0): Diplomacy has been split to a standalone library[0m
[0m[[0m[33mwarn[0m] [0m[0m  class Impl extends LazyModuleImp(this) {[0m
[0m[[0m[33mwarn[0m] [0m[0m                     ^[0m
[0m[[0m[33mwarn[0m] [0m[0m/work/chipyard/generators/rerocc/src/main/scala/manager/Control.scala:37:88: type LazyModule in package diplomacy is deprecated (since rocketchip 2.0.0): Diplomacy has been split to a standalone library[0m
[0m[[0m[33mwarn[0m] [0m[0mclass ReRoCCManagerControl(mgrId: Int, beatBytes: Int)(implicit p: Parameters) extends LazyModule()(p) {[0m
[0m[[0m[33mwarn[0m] [0m[0m                                                                                       ^[0m
[0m[[0m[33mwarn[0m] [0m[0m/work/chipyard/generators/rerocc/src/main/scala/manager/Control.scala:38:15: type SimpleDevice in package diplomacy is deprecated (since rocketchip 2.0.0): Use freechips.rocketchip.resources.SimpleDevice[0m
[0m[[0m[33mwarn[0m] [0m[0m  val device: SimpleDevice = new SimpleDevice("rerocc-mgr", Seq("ucb-bar,rerocc-mgr"))[0m
[0m[[0m[33mwarn[0m] [0m[0m              ^[0m
[0m[[0m[33mwarn[0m] [0m[0m/work/chipyard/generators/rerocc/src/main/scala/manager/Control.scala:38:34: type SimpleDevice in package diplomacy is deprecated (since rocketchip 2.0.0): Use freechips.rocketchip.resources.SimpleDevice[0m
[0m[[0m[33mwarn[0m] [0m[0m  val device: SimpleDevice = new SimpleDevice("rerocc-mgr", Seq("ucb-bar,rerocc-mgr"))[0m
[0m[[0m[33mwarn[0m] [0m[0m                                 ^[0m
[0m[[0m[33mwarn[0m] [0m[0m/work/chipyard/generators/rerocc/src/main/scala/manager/Control.scala:49:22: type LazyModuleImp in package diplomacy is deprecated (since rocketchip 2.0.0): Diplomacy has been split to a standalone library[0m
[0m[[0m[33mwarn[0m] [0m[0m  class Impl extends LazyModuleImp(this) {[0m
[0m[[0m[33mwarn[0m] [0m[0m                     ^[0m
[0m[[0m[33mwarn[0m] [0m[0m/work/chipyard/generators/rerocc/src/main/scala/manager/HellaMMIO.scala:16:63: type LazyModule in package diplomacy is deprecated (since rocketchip 2.0.0): Diplomacy has been split to a standalone library[0m
[0m[[0m[33mwarn[0m] [0m[0mclass HellaMMIO(name: String)(implicit p: Parameters) extends LazyModule()(p) {[0m
[0m[[0m[33mwarn[0m] [0m[0m                                                              ^[0m
[0m[[0m[33mwarn[0m] [0m[0m/work/chipyard/generators/rerocc/src/main/scala/manager/HellaMMIO.scala:26:22: type LazyModuleImp in package diplomacy is deprecated (since rocketchip 2.0.0): Diplomacy has been split to a standalone library[0m
[0m[[0m[33mwarn[0m] [0m[0m  class Impl extends LazyModuleImp(this) {[0m
[0m[[0m[33mwarn[0m] [0m[0m                     ^[0m
[0m[[0m[33mwarn[0m] [0m[0m/work/chipyard/generators/rerocc/src/main/scala/manager/Manager.scala:34:107: type LazyModule in package diplomacy is deprecated (since rocketchip 2.0.0): Diplomacy has been split to a standalone library[0m
[0m[[0m[33mwarn[0m] [0m[0mclass ReRoCCManager(reRoCCTileParams: ReRoCCTileParams, roccOpcode: UInt)(implicit p: Parameters) extends LazyModule {[0m
[0m[[0m[33mwarn[0m] [0m[0m                                                                                                          ^[0m
[0m[[0m[33mwarn[0m] [0m[0m/work/chipyard/generators/rerocc/src/main/scala/manager/Manager.scala:38:22: type LazyModuleImp in package diplomacy is deprecated (since rocketchip 2.0.0): Diplomacy has been split to a standalone library[0m
[0m[[0m[33mwarn[0m] [0m[0m  class Impl extends LazyModuleImp(this) {[0m
[0m[[0m[33mwarn[0m] [0m[0m                     ^[0m
[0m[[0m[33mwarn[0m] [0m[0m/work/chipyard/generators/rerocc/src/main/scala/manager/Manager.scala:196:59: type LazyModule in package diplomacy is deprecated (since rocketchip 2.0.0): Diplomacy has been split to a standalone library[0m
[0m[[0m[33mwarn[0m] [0m[0mclass ReRoCCManagerTile()(implicit p: Parameters) extends LazyModule {[0m
[0m[[0m[33mwarn[0m] [0m[0m                                                          ^[0m
[0m[[0m[33mwarn[0m] [0m[0m/work/chipyard/generators/rerocc/src/main/scala/manager/Manager.scala:202:50: method ValName in package diplomacy is deprecated (since rocketchip 2.0.0): Diplomacy has been split to a standalone library[0m
[0m[[0m[33mwarn[0m] [0m[0m      TileVisibilityNodeKey -> TLEphemeralNode()(ValName("rerocc_manager"))[0m
[0m[[0m[33mwarn[0m] [0m[0m                                                 ^[0m
[0m[[0m[33mwarn[0m] [0m[0m/work/chipyard/generators/rerocc/src/main/scala/manager/Manager.scala:205:33: value BundleBridgeSink in package diplomacy is deprecated (since rocketchip 2.0.0): Diplomacy has been split to a standalone library[0m
[0m[[0m[33mwarn[0m] [0m[0m  val reroccManagerIdSinkNode = BundleBridgeSink[UInt]()[0m
[0m[[0m[33mwarn[0m] [0m[0m                                ^[0m
[0m[[0m[33mwarn[0m] [0m[0m/work/chipyard/generators/rerocc/src/main/scala/manager/Manager.scala:209:24: value LazyModule in package diplomacy is deprecated (since rocketchip 2.0.0): Diplomacy has been split to a standalone library[0m
[0m[[0m[33mwarn[0m] [0m[0m  val rerocc_manager = LazyModule(new ReRoCCManager(reRoCCParams, rocc.opcodes.opcodes.head))[0m
[0m[[0m[33mwarn[0m] [0m[0m                       ^[0m
[0m[[0m[33mwarn[0m] [0m[0m/work/chipyard/generators/rerocc/src/main/scala/manager/Manager.scala:226:51: value LazyModule in package diplomacy is deprecated (since rocketchip 2.0.0): Diplomacy has been split to a standalone library[0m
[0m[[0m[33mwarn[0m] [0m[0m  val dcache = reRoCCParams.dcacheParams.map(_ => LazyModule(new MiniDCache(reRoCCId, SynchronousCrossing())(p)))[0m
[0m[[0m[33mwarn[0m] [0m[0m                                                  ^[0m
[0m[[0m[33mwarn[0m] [0m[0m/work/chipyard/generators/rerocc/src/main/scala/manager/Manager.scala:230:13: value LazyModule in package diplomacy is deprecated (since rocketchip 2.0.0): Diplomacy has been split to a standalone library[0m
[0m[[0m[33mwarn[0m] [0m[0m    val h = LazyModule(new HellaMMIO(s"ReRoCC $reRoCCId MMIO"))[0m
[0m[[0m[33mwarn[0m] [0m[0m            ^[0m
[0m[[0m[33mwarn[0m] [0m[0m/work/chipyard/generators/rerocc/src/main/scala/manager/Manager.scala:235:14: value LazyModule in package diplomacy is deprecated (since rocketchip 2.0.0): Diplomacy has been split to a standalone library[0m
[0m[[0m[33mwarn[0m] [0m[0m  val ctrl = LazyModule(new ReRoCCManagerControl(reRoCCId, 8))[0m
[0m[[0m[33mwarn[0m] [0m[0m             ^[0m
[0m[[0m[33mwarn[0m] [0m[0m/work/chipyard/generators/rerocc/src/main/scala/manager/Manager.scala:237:34: type LazyModuleImp in package diplomacy is deprecated (since rocketchip 2.0.0): Diplomacy has been split to a standalone library[0m
[0m[[0m[33mwarn[0m] [0m[0m  override lazy val module = new LazyModuleImp(this) {[0m
[0m[[0m[33mwarn[0m] [0m[0m                                 ^[0m
[0m[[0m[33mwarn[0m] [0m[0m134 feature warnings; re-run with -feature for details[0m
[0m[[0m[33mwarn[0m] [0m[0m45 warnings found[0m
[0m[[0m[0minfo[0m] [0m[0mdone compiling[0m
[0m[[0m[0minfo[0m] [0m[0mcompiling 92 Scala sources to /work/chipyard/generators/chipyard/target/scala-2.13/classes ...[0m
[0m[[0m[33mwarn[0m] [0m[0m/work/chipyard/generators/chipyard/src/main/scala/TestSuites.scala:60:36: procedure syntax is deprecated: instead, add `: Unit =` to explicitly declare `addSuite`'s return type [quickfixable][0m
[0m[[0m[33mwarn[0m] [0m[0m  def addSuite(s: RocketTestSuite) { suites += (s.makeTargetName -> s) }[0m
[0m[[0m[33mwarn[0m] [0m[0m                                   ^[0m
[0m[[0m[33mwarn[0m] [0m[0m/work/chipyard/generators/chipyard/src/main/scala/TestSuites.scala:61:42: procedure syntax is deprecated: instead, add `: Unit =` to explicitly declare `addSuites`'s return type [quickfixable][0m
[0m[[0m[33mwarn[0m] [0m[0m  def addSuites(s: Seq[RocketTestSuite]) { s.foreach(addSuite) }[0m
[0m[[0m[33mwarn[0m] [0m[0m                                         ^[0m
[0m[[0m[33mwarn[0m] [0m[0m/work/chipyard/generators/chipyard/src/main/scala/unittest/UnitTestSuite.scala:7:57: Auto-application to `()` is deprecated. Supply the empty argument list `()` explicitly to invoke method serialize_cHeader,[0m
[0m[[0m[33mwarn[0m] [0m[0mor remove the empty argument list from its definition (Java-defined methods are exempt).[0m
[0m[[0m[33mwarn[0m] [0m[0mIn Scala 3, an unapplied method like this will be eta-expanded into a function. [quickfixable][0m
[0m[[0m[33mwarn[0m] [0m[0m  ElaborationArtefacts.add("plusArgs", PlusArgArtefacts.serialize_cHeader)[0m
[0m[[0m[33mwarn[0m] [0m[0m                                                        ^[0m
[0m[[0m[33mwarn[0m] [0m[0m/work/chipyard/generators/chipyard/src/main/scala/Generator.scala:3:8: Importing from firrtl is deprecated as of Chisel's 3.6.0 release.[0m
[0m[[0m[33mwarn[0m] [0m[0mimport firrtl.options.{StageMain}[0m
[0m[[0m[33mwarn[0m] [0m[0m       ^[0m
[0m[[0m[33mwarn[0m] [0m[0m/work/chipyard/generators/chipyard/src/main/scala/upf/UPFAspect.scala:5:8: Importing from firrtl is deprecated as of Chisel's 3.6.0 release.[0m
[0m[[0m[33mwarn[0m] [0m[0mimport firrtl.{AnnotationSeq}[0m
[0m[[0m[33mwarn[0m] [0m[0m       ^[0m
[0m[[0m[33mwarn[0m] [0m[0m/work/chipyard/tools/stage/src/main/scala/ChipyardAnnotations.scala:7:8: Importing from firrtl is deprecated as of Chisel's 3.6.0 release.[0m
[0m[[0m[33mwarn[0m] [0m[0mimport firrtl.annotations.{Annotation, NoTargetAnnotation}[0m
[0m[[0m[33mwarn[0m] [0m[0m       ^[0m
[0m[[0m[33mwarn[0m] [0m[0m/work/chipyard/tools/stage/src/main/scala/ChipyardAnnotations.scala:8:8: Importing from firrtl is deprecated as of Chisel's 3.6.0 release.[0m
[0m[[0m[33mwarn[0m] [0m[0mimport firrtl.options.{HasShellOptions, ShellOption, Unserializable}[0m
[0m[[0m[33mwarn[0m] [0m[0m       ^[0m
[0m[[0m[33mwarn[0m] [0m[0m/work/chipyard/tools/stage/src/main/scala/ChipyardCli.scala:6:8: Importing from firrtl is deprecated as of Chisel's 3.6.0 release.[0m
[0m[[0m[33mwarn[0m] [0m[0mimport firrtl.options.Shell[0m
[0m[[0m[33mwarn[0m] [0m[0m       ^[0m
[0m[[0m[33mwarn[0m] [0m[0m/work/chipyard/tools/stage/src/main/scala/ChipyardStage.scala:7:8: Importing from firrtl is deprecated as of Chisel's 3.6.0 release.[0m
[0m[[0m[33mwarn[0m] [0m[0mimport firrtl.options.{Shell}[0m
[0m[[0m[33mwarn[0m] [0m[0m       ^[0m
[0m[[0m[33mwarn[0m] [0m[0m/work/chipyard/tools/stage/src/main/scala/ChipyardStage.scala:8:8: Importing from firrtl is deprecated as of Chisel's 3.6.0 release.[0m
[0m[[0m[33mwarn[0m] [0m[0mimport firrtl.options.Viewer.view[0m
[0m[[0m[33mwarn[0m] [0m[0m       ^[0m
[0m[[0m[33mwarn[0m] [0m[0m/work/chipyard/tools/stage/src/main/scala/ChipyardStage.scala:9:8: Importing from firrtl is deprecated as of Chisel's 3.6.0 release.[0m
[0m[[0m[33mwarn[0m] [0m[0mimport firrtl.{AnnotationSeq}[0m
[0m[[0m[33mwarn[0m] [0m[0m       ^[0m
[0m[[0m[33mwarn[0m] [0m[0m/work/chipyard/tools/stage/src/main/scala/ChipyardStage.scala:10:8: Importing from firrtl is deprecated as of Chisel's 3.6.0 release.[0m
[0m[[0m[33mwarn[0m] [0m[0mimport firrtl.options.{Phase, PhaseManager, Shell, Dependency}[0m
[0m[[0m[33mwarn[0m] [0m[0m       ^[0m
[0m[[0m[33mwarn[0m] [0m[0m/work/chipyard/tools/stage/src/main/scala/package.scala:5:8: Importing from firrtl is deprecated as of Chisel's 3.6.0 release.[0m
[0m[[0m[33mwarn[0m] [0m[0mimport firrtl.AnnotationSeq[0m
[0m[[0m[33mwarn[0m] [0m[0m       ^[0m
[0m[[0m[33mwarn[0m] [0m[0m/work/chipyard/tools/stage/src/main/scala/package.scala:6:8: Importing from firrtl is deprecated as of Chisel's 3.6.0 release.[0m
[0m[[0m[33mwarn[0m] [0m[0mimport firrtl.options.OptionsView[0m
[0m[[0m[33mwarn[0m] [0m[0m       ^[0m
[0m[[0m[33mwarn[0m] [0m[0m/work/chipyard/tools/stage/src/main/scala/phases/AddDefaultTests.scala:11:8: Importing from firrtl is deprecated as of Chisel's 3.6.0 release.[0m
[0m[[0m[33mwarn[0m] [0m[0mimport firrtl.AnnotationSeq[0m
[0m[[0m[33mwarn[0m] [0m[0m       ^[0m
[0m[[0m[33mwarn[0m] [0m[0m/work/chipyard/tools/stage/src/main/scala/phases/AddDefaultTests.scala:12:8: Importing from firrtl is deprecated as of Chisel's 3.6.0 release.[0m
[0m[[0m[33mwarn[0m] [0m[0mimport firrtl.annotations.{Annotation, NoTargetAnnotation}[0m
[0m[[0m[33mwarn[0m] [0m[0m       ^[0m
[0m[[0m[33mwarn[0m] [0m[0m/work/chipyard/tools/stage/src/main/scala/phases/AddDefaultTests.scala:13:8: Importing from firrtl is deprecated as of Chisel's 3.6.0 release.[0m
[0m[[0m[33mwarn[0m] [0m[0mimport firrtl.options._[0m
[0m[[0m[33mwarn[0m] [0m[0m       ^[0m
[0m[[0m[33mwarn[0m] [0m[0m/work/chipyard/tools/stage/src/main/scala/phases/AddDefaultTests.scala:14:8: Importing from firrtl is deprecated as of Chisel's 3.6.0 release.[0m
[0m[[0m[33mwarn[0m] [0m[0mimport firrtl.options.Viewer._[0m
[0m[[0m[33mwarn[0m] [0m[0m       ^[0m
[0m[[0m[33mwarn[0m] [0m[0m/work/chipyard/tools/stage/src/main/scala/phases/Checks.scala:5:8: Importing from firrtl is deprecated as of Chisel's 3.6.0 release.[0m
[0m[[0m[33mwarn[0m] [0m[0mimport firrtl.AnnotationSeq[0m
[0m[[0m[33mwarn[0m] [0m[0m       ^[0m
[0m[[0m[33mwarn[0m] [0m[0m/work/chipyard/tools/stage/src/main/scala/phases/Checks.scala:6:8: Importing from firrtl is deprecated as of Chisel's 3.6.0 release.[0m
[0m[[0m[33mwarn[0m] [0m[0mimport firrtl.annotations.Annotation[0m
[0m[[0m[33mwarn[0m] [0m[0m       ^[0m
[0m[[0m[33mwarn[0m] [0m[0m/work/chipyard/tools/stage/src/main/scala/phases/Checks.scala:7:8: Importing from firrtl is deprecated as of Chisel's 3.6.0 release.[0m
[0m[[0m[33mwarn[0m] [0m[0mimport firrtl.options.{OptionsException, Phase, TargetDirAnnotation}[0m
[0m[[0m[33mwarn[0m] [0m[0m       ^[0m
[0m[[0m[33mwarn[0m] [0m[0m/work/chipyard/tools/stage/src/main/scala/phases/GenerateArtefacts.scala:5:8: Importing from firrtl is deprecated as of Chisel's 3.6.0 release.[0m
[0m[[0m[33mwarn[0m] [0m[0mimport firrtl.AnnotationSeq[0m
[0m[[0m[33mwarn[0m] [0m[0m       ^[0m
[0m[[0m[33mwarn[0m] [0m[0m/work/chipyard/tools/stage/src/main/scala/phases/GenerateArtefacts.scala:6:8: Importing from firrtl is deprecated as of Chisel's 3.6.0 release.[0m
[0m[[0m[33mwarn[0m] [0m[0mimport firrtl.options.{Dependency, Phase, StageOptions}[0m
[0m[[0m[33mwarn[0m] [0m[0m       ^[0m
[0m[[0m[33mwarn[0m] [0m[0m/work/chipyard/tools/stage/src/main/scala/phases/GenerateArtefacts.scala:7:8: Importing from firrtl is deprecated as of Chisel's 3.6.0 release.[0m
[0m[[0m[33mwarn[0m] [0m[0mimport firrtl.options.Viewer.view[0m
[0m[[0m[33mwarn[0m] [0m[0m       ^[0m
[0m[[0m[33mwarn[0m] [0m[0m/work/chipyard/tools/stage/src/main/scala/phases/GenerateFirrtlAnnos.scala:5:8: Importing from firrtl is deprecated as of Chisel's 3.6.0 release.[0m
[0m[[0m[33mwarn[0m] [0m[0mimport firrtl.AnnotationSeq[0m
[0m[[0m[33mwarn[0m] [0m[0m       ^[0m
[0m[[0m[33mwarn[0m] [0m[0m/work/chipyard/tools/stage/src/main/scala/phases/GenerateFirrtlAnnos.scala:6:8: Importing from firrtl is deprecated as of Chisel's 3.6.0 release.[0m
[0m[[0m[33mwarn[0m] [0m[0mimport firrtl.annotations.{JsonProtocol}[0m
[0m[[0m[33mwarn[0m] [0m[0m       ^[0m
[0m[[0m[33mwarn[0m] [0m[0m/work/chipyard/tools/stage/src/main/scala/phases/GenerateFirrtlAnnos.scala:7:8: Importing from firrtl is deprecated as of Chisel's 3.6.0 release.[0m
[0m[[0m[33mwarn[0m] [0m[0mimport firrtl.options.Viewer.view[0m
[0m[[0m[33mwarn[0m] [0m[0m       ^[0m
[0m[[0m[33mwarn[0m] [0m[0m/work/chipyard/tools/stage/src/main/scala/phases/GenerateFirrtlAnnos.scala:8:8: Importing from firrtl is deprecated as of Chisel's 3.6.0 release.[0m
[0m[[0m[33mwarn[0m] [0m[0mimport firrtl.options._[0m
[0m[[0m[33mwarn[0m] [0m[0m       ^[0m
[0m[[0m[33mwarn[0m] [0m[0m/work/chipyard/tools/stage/src/main/scala/phases/GenerateTestSuiteMakefrags.scala:8:8: Importing from firrtl is deprecated as of Chisel's 3.6.0 release.[0m
[0m[[0m[33mwarn[0m] [0m[0mimport firrtl.AnnotationSeq[0m
[0m[[0m[33mwarn[0m] [0m[0m       ^[0m
[0m[[0m[33mwarn[0m] [0m[0m/work/chipyard/tools/stage/src/main/scala/phases/GenerateTestSuiteMakefrags.scala:9:8: Importing from firrtl is deprecated as of Chisel's 3.6.0 release.[0m
[0m[[0m[33mwarn[0m] [0m[0mimport firrtl.annotations.{Annotation, NoTargetAnnotation}[0m
[0m[[0m[33mwarn[0m] [0m[0m       ^[0m
[0m[[0m[33mwarn[0m] [0m[0m/work/chipyard/tools/stage/src/main/scala/phases/GenerateTestSuiteMakefrags.scala:10:8: Importing from firrtl is deprecated as of Chisel's 3.6.0 release.[0m
[0m[[0m[33mwarn[0m] [0m[0mimport firrtl.options.{Phase, StageOptions, Unserializable, Dependency}[0m
[0m[[0m[33mwarn[0m] [0m[0m       ^[0m
[0m[[0m[33mwarn[0m] [0m[0m/work/chipyard/tools/stage/src/main/scala/phases/GenerateTestSuiteMakefrags.scala:11:8: Importing from firrtl is deprecated as of Chisel's 3.6.0 release.[0m
[0m[[0m[33mwarn[0m] [0m[0mimport firrtl.options.Viewer.view[0m
[0m[[0m[33mwarn[0m] [0m[0m       ^[0m
[0m[[0m[33mwarn[0m] [0m[0m/work/chipyard/tools/stage/src/main/scala/phases/LegacyFirrtl2.scala:4:8: Importing from firrtl is deprecated as of Chisel's 3.6.0 release.[0m
[0m[[0m[33mwarn[0m] [0m[0mimport firrtl.options.PhaseManager.PhaseDependency[0m
[0m[[0m[33mwarn[0m] [0m[0m       ^[0m
[0m[[0m[33mwarn[0m] [0m[0m/work/chipyard/tools/stage/src/main/scala/phases/LegacyFirrtl2.scala:5:8: Importing from firrtl is deprecated as of Chisel's 3.6.0 release.[0m
[0m[[0m[33mwarn[0m] [0m[0mimport firrtl.options.{Shell}[0m
[0m[[0m[33mwarn[0m] [0m[0m       ^[0m
[0m[[0m[33mwarn[0m] [0m[0m/work/chipyard/tools/stage/src/main/scala/phases/LegacyFirrtl2.scala:6:8: Importing from firrtl is deprecated as of Chisel's 3.6.0 release.[0m
[0m[[0m[33mwarn[0m] [0m[0mimport firrtl.options.Viewer.view[0m
[0m[[0m[33mwarn[0m] [0m[0m       ^[0m
[0m[[0m[33mwarn[0m] [0m[0m/work/chipyard/tools/stage/src/main/scala/phases/LegacyFirrtl2.scala:7:8: Importing from firrtl is deprecated as of Chisel's 3.6.0 release.[0m
[0m[[0m[33mwarn[0m] [0m[0mimport firrtl.{AnnotationSeq}[0m
[0m[[0m[33mwarn[0m] [0m[0m       ^[0m
[0m[[0m[33mwarn[0m] [0m[0m/work/chipyard/tools/stage/src/main/scala/phases/LegacyFirrtl2.scala:8:8: Importing from firrtl is deprecated as of Chisel's 3.6.0 release.[0m
[0m[[0m[33mwarn[0m] [0m[0mimport firrtl.stage.{FirrtlCircuitAnnotation}[0m
[0m[[0m[33mwarn[0m] [0m[0m       ^[0m
[0m[[0m[33mwarn[0m] [0m[0m/work/chipyard/tools/stage/src/main/scala/phases/LegacyFirrtl2.scala:9:8: Importing from firrtl is deprecated as of Chisel's 3.6.0 release.[0m
[0m[[0m[33mwarn[0m] [0m[0mimport firrtl.options.{Phase, PhaseManager, Shell, Stage, StageError, StageMain, Dependency, StageOptions}[0m
[0m[[0m[33mwarn[0m] [0m[0m       ^[0m
[0m[[0m[33mwarn[0m] [0m[0m/work/chipyard/tools/stage/src/main/scala/phases/PreElaboration.scala:7:8: Importing from firrtl is deprecated as of Chisel's 3.6.0 release.[0m
[0m[[0m[33mwarn[0m] [0m[0mimport firrtl.AnnotationSeq[0m
[0m[[0m[33mwarn[0m] [0m[0m       ^[0m
[0m[[0m[33mwarn[0m] [0m[0m/work/chipyard/tools/stage/src/main/scala/phases/PreElaboration.scala:8:8: Importing from firrtl is deprecated as of Chisel's 3.6.0 release.[0m
[0m[[0m[33mwarn[0m] [0m[0mimport firrtl.options.Viewer.view[0m
[0m[[0m[33mwarn[0m] [0m[0m       ^[0m
[0m[[0m[33mwarn[0m] [0m[0m/work/chipyard/tools/stage/src/main/scala/phases/PreElaboration.scala:9:8: Importing from firrtl is deprecated as of Chisel's 3.6.0 release.[0m
[0m[[0m[33mwarn[0m] [0m[0mimport firrtl.options.{Dependency, Phase, StageOptions}[0m
[0m[[0m[33mwarn[0m] [0m[0m       ^[0m
[0m[[0m[33mwarn[0m] [0m[0m/work/chipyard/tools/stage/src/main/scala/phases/PreservesAll.scala:3:8: Importing from firrtl is deprecated as of Chisel's 3.6.0 release.[0m
[0m[[0m[33mwarn[0m] [0m[0mimport firrtl.AnnotationSeq[0m
[0m[[0m[33mwarn[0m] [0m[0m       ^[0m
[0m[[0m[33mwarn[0m] [0m[0m/work/chipyard/tools/stage/src/main/scala/phases/PreservesAll.scala:4:8: Importing from firrtl is deprecated as of Chisel's 3.6.0 release.[0m
[0m[[0m[33mwarn[0m] [0m[0mimport firrtl.options.{Dependency, DependencyManagerException, Phase, PhaseManager}[0m
[0m[[0m[33mwarn[0m] [0m[0m       ^[0m
[0m[[0m[33mwarn[0m] [0m[0m/work/chipyard/tools/stage/src/main/scala/phases/TransformAnnotations.scala:6:8: Importing from firrtl is deprecated as of Chisel's 3.6.0 release.[0m
[0m[[0m[33mwarn[0m] [0m[0mimport firrtl.AnnotationSeq[0m
[0m[[0m[33mwarn[0m] [0m[0m       ^[0m
[0m[[0m[33mwarn[0m] [0m[0m/work/chipyard/tools/stage/src/main/scala/phases/TransformAnnotations.scala:7:8: Importing from firrtl is deprecated as of Chisel's 3.6.0 release.[0m
[0m[[0m[33mwarn[0m] [0m[0mimport firrtl.options.Viewer.view[0m
[0m[[0m[33mwarn[0m] [0m[0m       ^[0m
[0m[[0m[33mwarn[0m] [0m[0m/work/chipyard/tools/stage/src/main/scala/phases/TransformAnnotations.scala:8:8: Importing from firrtl is deprecated as of Chisel's 3.6.0 release.[0m
[0m[[0m[33mwarn[0m] [0m[0mimport firrtl.options.{Dependency, Phase}[0m
[0m[[0m[33mwarn[0m] [0m[0m       ^[0m
[0m[[0m[33mwarn[0m] [0m[0m/work/chipyard/generators/chipyard/src/main/scala/ChipTop.scala:15:33: type LazyModule in package diplomacy is deprecated (since rocketchip 2.0.0): Diplomacy has been split to a standalone library[0m
[0m[[0m[33mwarn[0m] [0m[0mcase object BuildSystem extends Field[Parameters => LazyModule]((p: Parameters) => new DigitalTop()(p))[0m
[0m[[0m[33mwarn[0m] [0m[0m                                ^[0m
[0m[[0m[33mwarn[0m] [0m[0m/work/chipyard/generators/chipyard/src/main/scala/ChipTop.scala:24:47: type LazyModule in package diplomacy is deprecated (since rocketchip 2.0.0): Diplomacy has been split to a standalone library[0m
[0m[[0m[33mwarn[0m] [0m[0mclass ChipTop(implicit p: Parameters) extends LazyModule with BindingScope[0m
[0m[[0m[33mwarn[0m] [0m[0m                                              ^[0m
[0m[[0m[33mwarn[0m] [0m[0m/work/chipyard/generators/chipyard/src/main/scala/ChipTop.scala:24:63: type BindingScope in package diplomacy is deprecated (since rocketchip 2.0.0): Use freechips.rocketchip.resources.BindingScope[0m
[0m[[0m[33mwarn[0m] [0m[0mclass ChipTop(implicit p: Parameters) extends LazyModule with BindingScope[0m
[0m[[0m[33mwarn[0m] [0m[0m                                                              ^[0m
[0m[[0m[33mwarn[0m] [0m[0m/work/chipyard/generators/chipyard/src/main/scala/ChipTop.scala:27:25: value LazyModule in package diplomacy is deprecated (since rocketchip 2.0.0): Diplomacy has been split to a standalone library[0m
[0m[[0m[33mwarn[0m] [0m[0m  lazy val lazySystem = LazyModule(p(BuildSystem)(p)).suggestName("system")[0m
[0m[[0m[33mwarn[0m] [0m[0m                        ^[0m
[0m[[0m[33mwarn[0m] [0m[0m/work/chipyard/generators/chipyard/src/main/scala/ChipTop.scala:33:20: type LazyModuleImpLike in package diplomacy is deprecated (since rocketchip 2.0.0): Diplomacy has been split to a standalone library[0m
[0m[[0m[33mwarn[0m] [0m[0m  lazy val module: LazyModuleImpLike = new LazyRawModuleImp(this) with DontTouch {  }[0m
[0m[[0m[33mwarn[0m] [0m[0m                   ^[0m
[0m[[0m[33mwarn[0m] [0m[0m/work/chipyard/generators/chipyard/src/main/scala/ChipTop.scala:33:44: type LazyRawModuleImp in package diplomacy is deprecated (since rocketchip 2.0.0): Diplomacy has been split to a standalone library[0m
[0m[[0m[33mwarn[0m] [0m[0m  lazy val module: LazyModuleImpLike = new LazyRawModuleImp(this) with DontTouch {  }[0m
[0m[[0m[33mwarn[0m] [0m[0m                                           ^[0m
[0m[[0m[33mwarn[0m] [0m[0m/work/chipyard/generators/chipyard/src/main/scala/SpikeTile.scala:137:18: type SimpleDevice in package diplomacy is deprecated (since rocketchip 2.0.0): Use freechips.rocketchip.resources.SimpleDevice[0m
[0m[[0m[33mwarn[0m] [0m[0m  val cpuDevice: SimpleDevice = new SimpleDevice("cpu", Seq("ucb-bar,spike", "riscv")) {[0m
[0m[[0m[33mwarn[0m] [0m[0m                 ^[0m
[0m[[0m[33mwarn[0m] [0m[0m/work/chipyard/generators/chipyard/src/main/scala/SpikeTile.scala:137:37: type SimpleDevice in package diplomacy is deprecated (since rocketchip 2.0.0): Use freechips.rocketchip.resources.SimpleDevice[0m
[0m[[0m[33mwarn[0m] [0m[0m  val cpuDevice: SimpleDevice = new SimpleDevice("cpu", Seq("ucb-bar,spike", "riscv")) {[0m
[0m[[0m[33mwarn[0m] [0m[0m                                    ^[0m
[0m[[0m[33mwarn[0m] [0m[0m/work/chipyard/generators/chipyard/src/main/scala/SpikeTile.scala:138:32: value ResourceAnchors in package diplomacy is deprecated (since rocketchip 2.0.0): Use freechips.rocketchip.resources.ResourceAnchors[0m
[0m[[0m[33mwarn[0m] [0m[0m    override def parent = Some(ResourceAnchors.cpus)[0m
[0m[[0m[33mwarn[0m] [0m[0m                               ^[0m
[0m[[0m[33mwarn[0m] [0m[0m/work/chipyard/generators/chipyard/src/main/scala/SpikeTile.scala:139:38: type ResourceBindings in package diplomacy is deprecated (since rocketchip 2.0.0): Use freechips.rocketchip.resources.ResourceBindings[0m
[0m[[0m[33mwarn[0m] [0m[0m    override def describe(resources: ResourceBindings): Description = {[0m
[0m[[0m[33mwarn[0m] [0m[0m                                     ^[0m
[0m[[0m[33mwarn[0m] [0m[0m/work/chipyard/generators/chipyard/src/main/scala/SpikeTile.scala:139:57: type Description in package diplomacy is deprecated (since rocketchip 2.0.0): Use freechips.rocketchip.resources.Description[0m
[0m[[0m[33mwarn[0m] [0m[0m    override def describe(resources: ResourceBindings): Description = {[0m
[0m[[0m[33mwarn[0m] [0m[0m                                                        ^[0m
[0m[[0m[33mwarn[0m] [0m[0m/work/chipyard/generators/chipyard/src/main/scala/SpikeTile.scala:141:7: value Description in package diplomacy is deprecated (since rocketchip 2.0.0): Use freechips.rocketchip.resources.Description[0m
[0m[[0m[33mwarn[0m] [0m[0m      Description(name, mapping ++[0m
[0m[[0m[33mwarn[0m] [0m[0m      ^[0m
[0m[[0m[33mwarn[0m] [0m[0m/work/chipyard/generators/chipyard/src/main/scala/SpikeTile.scala:148:3: value ResourceBinding in package diplomacy is deprecated (since rocketchip 2.0.0): Use freechips.rocketchip.resources.ResourceBinding[0m
[0m[[0m[33mwarn[0m] [0m[0m  ResourceBinding {[0m
[0m[[0m[33mwarn[0m] [0m[0m  ^[0m
[0m[[0m[33mwarn[0m] [0m[0m/work/chipyard/generators/chipyard/src/main/scala/SpikeTile.scala:149:5: value Resource in package diplomacy is deprecated (since rocketchip 2.0.0): Use freechips.rocketchip.resources.Resource[0m
[0m[[0m[33mwarn[0m] [0m[0m    Resource(cpuDevice, "reg").bind(ResourceAddress(tileId))[0m
[0m[[0m[33mwarn[0m] [0m[0m    ^[0m
[0m[[0m[33mwarn[0m] [0m[0m/work/chipyard/generators/chipyard/src/main/scala/SpikeTile.scala:149:37: value ResourceAddress in package diplomacy is deprecated (since rocketchip 2.0.0): Use freechips.rocketchip.resources.ResourceAddress[0m
[0m[[0m[33mwarn[0m] [0m[0m    Resource(cpuDevice, "reg").bind(ResourceAddress(tileId))[0m
[0m[[0m[33mwarn[0m] [0m[0m                                    ^[0m
[0m[[0m[33mwarn[0m] [0m[0m/work/chipyard/generators/chipyard/src/main/scala/SpikeTile.scala:169:22: type MemoryDevice in package diplomacy is deprecated (since rocketchip 2.0.0): Use freechips.rocketchip.resources.MemoryDevice[0m
[0m[[0m[33mwarn[0m] [0m[0m    val device = new MemoryDevice[0m
[0m[[0m[33mwarn[0m] [0m[0m                     ^[0m
[0m[[0m[33mwarn[0m] [0m[0m/work/chipyard/generators/chipyard/src/main/scala/SpikeTile.scala:495:16: method apply in class View is deprecated (since CDE 0.1): up(XYZ, site) is no longer necessary; remove the superfluous site argument[0m
[0m[[0m[33mwarn[0m] [0m[0m    val prev = up(TilesLocated(InSubsystem), site)[0m
[0m[[0m[33mwarn[0m] [0m[0m               ^[0m
[0m[[0m[33mwarn[0m] [0m[0m/work/chipyard/generators/chipyard/src/main/scala/Subsystem.scala:32:5: value ResourceBinding in package diplomacy is deprecated (since rocketchip 2.0.0): Use freechips.rocketchip.resources.ResourceBinding[0m
[0m[[0m[33mwarn[0m] [0m[0m    ResourceBinding {[0m
[0m[[0m[33mwarn[0m] [0m[0m    ^[0m
[0m[[0m[33mwarn[0m] [0m[0m/work/chipyard/generators/chipyard/src/main/scala/Subsystem.scala:33:22: type Device in package diplomacy is deprecated (since rocketchip 2.0.0): Use freechips.rocketchip.resources.Device[0m
[0m[[0m[33mwarn[0m] [0m[0m      val htif = new Device {[0m
[0m[[0m[33mwarn[0m] [0m[0m                     ^[0m
[0m[[0m[33mwarn[0m] [0m[0m/work/chipyard/generators/chipyard/src/main/scala/Subsystem.scala:34:33: type ResourceBindings in package diplomacy is deprecated (since rocketchip 2.0.0): Use freechips.rocketchip.resources.ResourceBindings[0m
[0m[[0m[33mwarn[0m] [0m[0m        def describe(resources: ResourceBindings): Description = {[0m
[0m[[0m[33mwarn[0m] [0m[0m                                ^[0m
[0m[[0m[33mwarn[0m] [0m[0m/work/chipyard/generators/chipyard/src/main/scala/Subsystem.scala:34:52: type Description in package diplomacy is deprecated (since rocketchip 2.0.0): Use freechips.rocketchip.resources.Description[0m
[0m[[0m[33mwarn[0m] [0m[0m        def describe(resources: ResourceBindings): Description = {[0m
[0m[[0m[33mwarn[0m] [0m[0m                                                   ^[0m
[0m[[0m[33mwarn[0m] [0m[0m/work/chipyard/generators/chipyard/src/main/scala/Subsystem.scala:36:11: value Description in package diplomacy is deprecated (since rocketchip 2.0.0): Use freechips.rocketchip.resources.Description[0m
[0m[[0m[33mwarn[0m] [0m[0m          Description("htif", Map([0m
[0m[[0m[33mwarn[0m] [0m[0m          ^[0m
[0m[[0m[33mwarn[0m] [0m[0m/work/chipyard/generators/chipyard/src/main/scala/Subsystem.scala:40:7: value Resource in package diplomacy is deprecated (since rocketchip 2.0.0): Use freechips.rocketchip.resources.Resource[0m
[0m[[0m[33mwarn[0m] [0m[0m      Resource(htif, "compat").bind(ResourceString("ucb,htif0"))[0m
[0m[[0m[33mwarn[0m] [0m[0m      ^[0m
[0m[[0m[33mwarn[0m] [0m[0m/work/chipyard/generators/chipyard/src/main/scala/Subsystem.scala:40:37: value ResourceString in package diplomacy is deprecated (since rocketchip 2.0.0): Use freechips.rocketchip.resources.ResourceString[0m
[0m[[0m[33mwarn[0m] [0m[0m      Resource(htif, "compat").bind(ResourceString("ucb,htif0"))[0m
[0m[[0m[33mwarn[0m] [0m[0m                                    ^[0m
[0m[[0m[33mwarn[0m] [0m[0m/work/chipyard/generators/chipyard/src/main/scala/Subsystem.scala:52:26: type Device in package diplomacy is deprecated (since rocketchip 2.0.0): Use freechips.rocketchip.resources.Device[0m
[0m[[0m[33mwarn[0m] [0m[0m        val chosen = new Device {[0m
[0m[[0m[33mwarn[0m] [0m[0m                         ^[0m
[0m[[0m[33mwarn[0m] [0m[0m/work/chipyard/generators/chipyard/src/main/scala/Subsystem.scala:53:35: type ResourceBindings in package diplomacy is deprecated (since rocketchip 2.0.0): Use freechips.rocketchip.resources.ResourceBindings[0m
[0m[[0m[33mwarn[0m] [0m[0m          def describe(resources: ResourceBindings): Description = {[0m
[0m[[0m[33mwarn[0m] [0m[0m                                  ^[0m
[0m[[0m[33mwarn[0m] [0m[0m/work/chipyard/generators/chipyard/src/main/scala/Subsystem.scala:53:54: type Description in package diplomacy is deprecated (since rocketchip 2.0.0): Use freechips.rocketchip.resources.Description[0m
[0m[[0m[33mwarn[0m] [0m[0m          def describe(resources: ResourceBindings): Description = {[0m
[0m[[0m[33mwarn[0m] [0m[0m                                                     ^[0m
[0m[[0m[33mwarn[0m] [0m[0m/work/chipyard/generators/chipyard/src/main/scala/Subsystem.scala:55:13: value Description in package diplomacy is deprecated (since rocketchip 2.0.0): Use freechips.rocketchip.resources.Description[0m
[0m[[0m[33mwarn[0m] [0m[0m            Description("chosen", resources("uart").headOption.map { case Binding(_, value) =>[0m
[0m[[0m[33mwarn[0m] [0m[0m            ^[0m
[0m[[0m[33mwarn[0m] [0m[0m/work/chipyard/generators/chipyard/src/main/scala/Subsystem.scala:60:9: value ResourceBinding in package diplomacy is deprecated (since rocketchip 2.0.0): Use freechips.rocketchip.resources.ResourceBinding[0m
[0m[[0m[33mwarn[0m] [0m[0m        ResourceBinding {[0m
[0m[[0m[33mwarn[0m] [0m[0m        ^[0m
[0m[[0m[33mwarn[0m] [0m[0m/work/chipyard/generators/chipyard/src/main/scala/Subsystem.scala:61:32: value Resource in package diplomacy is deprecated (since rocketchip 2.0.0): Use freechips.rocketchip.resources.Resource[0m
[0m[[0m[33mwarn[0m] [0m[0m          t.uarts.foreach(u => Resource(chosen, "uart").bind(ResourceAlias(u.device.label)))[0m
[0m[[0m[33mwarn[0m] [0m[0m                               ^[0m
[0m[[0m[33mwarn[0m] [0m[0m/work/chipyard/generators/chipyard/src/main/scala/Subsystem.scala:61:62: value ResourceAlias in package diplomacy is deprecated (since rocketchip 2.0.0): Use freechips.rocketchip.resources.ResourceAlias[0m
[0m[[0m[33mwarn[0m] [0m[0m          t.uarts.foreach(u => Resource(chosen, "uart").bind(ResourceAlias(u.device.label)))[0m
[0m[[0m[33mwarn[0m] [0m[0m                                                             ^[0m
[0m[[0m[33mwarn[0m] [0m[0m/work/chipyard/generators/chipyard/src/main/scala/System.scala:61:28: type MemoryDevice in package diplomacy is deprecated (since rocketchip 2.0.0): Use freechips.rocketchip.resources.MemoryDevice[0m
[0m[[0m[33mwarn[0m] [0m[0m  private val device = new MemoryDevice[0m
[0m[[0m[33mwarn[0m] [0m[0m                           ^[0m
[0m[[0m[33mwarn[0m] [0m[0m/work/chipyard/generators/chipyard/src/main/scala/System.scala:86:6: method DisableMonitors in package diplomacy is deprecated (since rocketchip 2.0.0): Diplomacy has been split to a standalone library[0m
[0m[[0m[33mwarn[0m] [0m[0m    (DisableMonitors { implicit p => memTLNode :*= TLBuffer() }[0m
[0m[[0m[33mwarn[0m] [0m[0m     ^[0m
[0m[[0m[33mwarn[0m] [0m[0m/work/chipyard/generators/chipyard/src/main/scala/System.scala:92:16: value InModuleBody in package diplomacy is deprecated (since rocketchip 2.0.0): Diplomacy has been split to a standalone library[0m
[0m[[0m[33mwarn[0m] [0m[0m  val mem_tl = InModuleBody { memTLNode.makeIOs() }[0m
[0m[[0m[33mwarn[0m] [0m[0m               ^[0m
[0m[[0m[33mwarn[0m] [0m[0m/work/chipyard/generators/chipyard/src/main/scala/TestSuites.scala:59:35: object ListMap in package mutable is deprecated (since 2.13.0): Use an immutable.ListMap assigned to a var instead of mutable.ListMap[0m
[0m[[0m[33mwarn[0m] [0m[0m  val suites = collection.mutable.ListMap[String, RocketTestSuite]()[0m
[0m[[0m[33mwarn[0m] [0m[0m                                  ^[0m
[0m[[0m[33mwarn[0m] [0m[0m/work/chipyard/generators/chipyard/src/main/scala/clocking/CanHaveClockTap.scala:22:47: value InModuleBody in package diplomacy is deprecated (since rocketchip 2.0.0): Diplomacy has been split to a standalone library[0m
[0m[[0m[33mwarn[0m] [0m[0m  val clockTapIO = clockTapNode.map { node => InModuleBody {[0m
[0m[[0m[33mwarn[0m] [0m[0m                                              ^[0m
[0m[[0m[33mwarn[0m] [0m[0m/work/chipyard/generators/chipyard/src/main/scala/clocking/ClockBinders.scala:26:51: value LazyModule in package diplomacy is deprecated (since rocketchip 2.0.0): Diplomacy has been split to a standalone library[0m
[0m[[0m[33mwarn[0m] [0m[0m    val clockDivider  = system.prci_ctrl_domain { LazyModule(new TLClockDivider (baseAddress + 0x20000, tlbus.beatBytes, enable=enable)) }[0m
[0m[[0m[33mwarn[0m] [0m[0m                                                  ^[0m
[0m[[0m[33mwarn[0m] [0m[0m/work/chipyard/generators/chipyard/src/main/scala/clocking/ClockBinders.scala:27:51: value LazyModule in package diplomacy is deprecated (since rocketchip 2.0.0): Diplomacy has been split to a standalone library[0m
[0m[[0m[33mwarn[0m] [0m[0m    val clockSelector = system.prci_ctrl_domain { LazyModule(new TLClockSelector(baseAddress + 0x30000, tlbus.beatBytes, enable=enable)) }[0m
[0m[[0m[33mwarn[0m] [0m[0m                                                  ^[0m
[0m[[0m[33mwarn[0m] [0m[0m/work/chipyard/generators/chipyard/src/main/scala/clocking/ClockBinders.scala:28:51: value LazyModule in package diplomacy is deprecated (since rocketchip 2.0.0): Diplomacy has been split to a standalone library[0m
[0m[[0m[33mwarn[0m] [0m[0m    val pllCtrl       = system.prci_ctrl_domain { LazyModule(new FakePLLCtrl    (baseAddress + 0x40000, tlbus.beatBytes)) }[0m
[0m[[0m[33mwarn[0m] [0m[0m                                                  ^[0m
[0m[[0m[33mwarn[0m] [0m[0m/work/chipyard/generators/chipyard/src/main/scala/clocking/ClockBinders.scala:46:23: value BundleBridgeSink in package diplomacy is deprecated (since rocketchip 2.0.0): Diplomacy has been split to a standalone library[0m
[0m[[0m[33mwarn[0m] [0m[0m    val pllCtrlSink = BundleBridgeSink[FakePLLCtrlBundle]()[0m
[0m[[0m[33mwarn[0m] [0m[0m                      ^[0m
[0m[[0m[33mwarn[0m] [0m[0m/work/chipyard/generators/chipyard/src/main/scala/clocking/ClockBinders.scala:49:5: value InModuleBody in package diplomacy is deprecated (since rocketchip 2.0.0): Diplomacy has been split to a standalone library[0m
[0m[[0m[33mwarn[0m] [0m[0m    InModuleBody {[0m
[0m[[0m[33mwarn[0m] [0m[0m    ^[0m
[0m[[0m[33mwarn[0m] [0m[0m/work/chipyard/generators/chipyard/src/main/scala/clocking/ClockBinders.scala:86:5: value InModuleBody in package diplomacy is deprecated (since rocketchip 2.0.0): Diplomacy has been split to a standalone library[0m
[0m[[0m[33mwarn[0m] [0m[0m    InModuleBody {[0m
[0m[[0m[33mwarn[0m] [0m[0m    ^[0m
[0m[[0m[33mwarn[0m] [0m[0m/work/chipyard/generators/chipyard/src/main/scala/clocking/ClockBinders.scala:110:33: value LazyModule in package diplomacy is deprecated (since rocketchip 2.0.0): Diplomacy has been split to a standalone library[0m
[0m[[0m[33mwarn[0m] [0m[0m    val clockGroupsAggregator = LazyModule(new ClockGroupAggregator("single_clock"))[0m
[0m[[0m[33mwarn[0m] [0m[0m                                ^[0m
[0m[[0m[33mwarn[0m] [0m[0m/work/chipyard/generators/chipyard/src/main/scala/clocking/ClockBinders.scala:114:5: value InModuleBody in package diplomacy is deprecated (since rocketchip 2.0.0): Diplomacy has been split to a standalone library[0m
[0m[[0m[33mwarn[0m] [0m[0m    InModuleBody {[0m
[0m[[0m[33mwarn[0m] [0m[0m    ^[0m
[0m[[0m[33mwarn[0m] [0m[0m/work/chipyard/generators/chipyard/src/main/scala/clocking/ClockGroupCombiner.scala:18:48: type ValName in package diplomacy is deprecated (since rocketchip 2.0.0): Diplomacy has been split to a standalone library[0m
[0m[[0m[33mwarn[0m] [0m[0m  def apply()(implicit p: Parameters, valName: ValName): ClockGroupAdapterNode = {[0m
[0m[[0m[33mwarn[0m] [0m[0m                                               ^[0m
[0m[[0m[33mwarn[0m] [0m[0m/work/chipyard/generators/chipyard/src/main/scala/clocking/ClockGroupCombiner.scala:19:5: value LazyModule in package diplomacy is deprecated (since rocketchip 2.0.0): Diplomacy has been split to a standalone library[0m
[0m[[0m[33mwarn[0m] [0m[0m    LazyModule(new ClockGroupCombiner()).node[0m
[0m[[0m[33mwarn[0m] [0m[0m    ^[0m
[0m[[0m[33mwarn[0m] [0m[0m/work/chipyard/generators/chipyard/src/main/scala/clocking/ClockGroupCombiner.scala:41:70: type LazyModule in package diplomacy is deprecated (since rocketchip 2.0.0): Diplomacy has been split to a standalone library[0m
[0m[[0m[33mwarn[0m] [0m[0mclass ClockGroupCombiner(implicit p: Parameters, v: ValName) extends LazyModule {[0m
[0m[[0m[33mwarn[0m] [0m[0m                                                                     ^[0m
[0m[[0m[33mwarn[0m] [0m[0m/work/chipyard/generators/chipyard/src/main/scala/clocking/ClockGroupCombiner.scala:41:53: type ValName in package diplomacy is deprecated (since rocketchip 2.0.0): Diplomacy has been split to a standalone library[0m
[0m[[0m[33mwarn[0m] [0m[0mclass ClockGroupCombiner(implicit p: Parameters, v: ValName) extends LazyModule {[0m
[0m[[0m[33mwarn[0m] [0m[0m                                                    ^[0m
[0m[[0m[33mwarn[0m] [0m[0m/work/chipyard/generators/chipyard/src/main/scala/clocking/ClockGroupCombiner.scala:68:25: type LazyRawModuleImp in package diplomacy is deprecated (since rocketchip 2.0.0): Diplomacy has been split to a standalone library[0m
[0m[[0m[33mwarn[0m] [0m[0m  lazy val module = new LazyRawModuleImp(this) {[0m
[0m[[0m[33mwarn[0m] [0m[0m                        ^[0m
[0m[[0m[33mwarn[0m] [0m[0m/work/chipyard/generators/chipyard/src/main/scala/clocking/ClockGroupNamePrefixer.scala:12:38: method apply in class View is deprecated (since CDE 0.1): up(XYZ, site) is no longer necessary; remove the superfluous site argument[0m
[0m[[0m[33mwarn[0m] [0m[0m  case ClockFrequencyAssignersKey => up(ClockFrequencyAssignersKey, site) ++[0m
[0m[[0m[33mwarn[0m] [0m[0m                                     ^[0m
[0m[[0m[33mwarn[0m] [0m[0m/work/chipyard/generators/chipyard/src/main/scala/clocking/ClockGroupNamePrefixer.scala:17:38: method apply in class View is deprecated (since CDE 0.1): up(XYZ, site) is no longer necessary; remove the superfluous site argument[0m
[0m[[0m[33mwarn[0m] [0m[0m  case ClockFrequencyAssignersKey => up(ClockFrequencyAssignersKey, site) ++[0m
[0m[[0m[33mwarn[0m] [0m[0m                                     ^[0m
[0m[[0m[33mwarn[0m] [0m[0m/work/chipyard/generators/chipyard/src/main/scala/clocking/ClockGroupNamePrefixer.scala:29:49: type LazyModule in package diplomacy is deprecated (since rocketchip 2.0.0): Diplomacy has been split to a standalone library[0m
[0m[[0m[33mwarn[0m] [0m[0m    implicit p: Parameters, v: ValName) extends LazyModule {[0m
[0m[[0m[33mwarn[0m] [0m[0m                                                ^[0m
[0m[[0m[33mwarn[0m] [0m[0m/work/chipyard/generators/chipyard/src/main/scala/clocking/ClockGroupNamePrefixer.scala:29:32: type ValName in package diplomacy is deprecated (since rocketchip 2.0.0): Diplomacy has been split to a standalone library[0m
[0m[[0m[33mwarn[0m] [0m[0m    implicit p: Parameters, v: ValName) extends LazyModule {[0m
[0m[[0m[33mwarn[0m] [0m[0m                               ^[0m
[0m[[0m[33mwarn[0m] [0m[0m/work/chipyard/generators/chipyard/src/main/scala/clocking/ClockGroupNamePrefixer.scala:32:25: type LazyRawModuleImp in package diplomacy is deprecated (since rocketchip 2.0.0): Diplomacy has been split to a standalone library[0m
[0m[[0m[33mwarn[0m] [0m[0m  lazy val module = new LazyRawModuleImp(this) {[0m
[0m[[0m[33mwarn[0m] [0m[0m                        ^[0m
[0m[[0m[33mwarn[0m] [0m[0m100 warnings found[0m
[0m[[0m[0minfo[0m] [0m[0mdone compiling[0m
[0m[[0m[33mwarn[0m] [0m[0mmultiple main classes detected: run 'show discoveredMainClasses' to see the list[0m
[0m[[0m[0minfo[0m] [0m[0m78 file(s) merged using strategy 'Rename' (Run the task at debug level to see the details)[0m
[0m[[0m[0minfo[0m] [0m[0m68 file(s) merged using strategy 'Rename (Custom)' (Run the task at debug level to see the details)[0m
[0m[[0m[0minfo[0m] [0m[0m389 file(s) merged using strategy 'Discard' (Run the task at debug level to see the details)[0m
[0m[[0m[0minfo[0m] [0m[0mBuilt: /work/chipyard/.classpath_cache/chipyard.jar[0m
[0m[[0m[0minfo[0m] [0m[0mJar hash: a4ddc8d072cbcf86cc3e72171545855ab4cc76f9[0m
[0m[[0m[32msuccess[0m] [0m[0mTotal time: 102 s (01:42), completed Jun 11, 2026, 6:06:31 AM[0m
[0Jmkdir -p /work/chipyard/sims/verilator/generated-src/chipyard.harness.TestHarness.RocketConfig
mkdir -p /work/chipyard/.classpath_cache/
(set -o pipefail && 	cd /work/chipyard && java -cp /work/chipyard/.classpath_cache/chipyard.jar chipyard.Generator  --target-dir /work/chipyard/sims/verilator/generated-src/chipyard.harness.TestHarness.RocketConfig --name chipyard.harness.TestHarness.RocketConfig --top-module chipyard.harness.TestHarness --legacy-configs chipyard:RocketConfig   | tee /work/chipyard/sims/verilator/generated-src/chipyard.harness.TestHarness.RocketConfig/chipyard.harness.TestHarness.RocketConfig.chisel.log)
cd /work/chipyard && java -jar /work/chipyard/scripts/sbt-launch.jar -Dsbt.ivy.home=/work/chipyard/.ivy2 -Dsbt.global.base=/work/chipyard/.sbt -Dsbt.boot.directory=/work/chipyard/.sbt/boot/ -Dsbt.color=always -Dsbt.supershell=false -Dsbt.server.forcestart=true ";project tapeout; set assembly / assemblyOutputPath := file(\"/work/chipyard/.classpath_cache/tapeout.jar\"); assembly" && touch /work/chipyard/.classpath_cache/tapeout.jar
Picked up JAVA_TOOL_OPTIONS: -Xmx8G -Xss8M -Djava.io.tmpdir=/work/chipyard/.java_tmp
Picked up JAVA_TOOL_OPTIONS: -Xmx8G -Xss8M -Djava.io.tmpdir=/work/chipyard/.java_tmp
[0m[[0m[0minfo[0m] [0m[0mwelcome to sbt 1.8.2 (Ubuntu Java 17.0.19)[0m
[0m[[0m[0minfo[0m] [0m[0mloading settings for project chipyard-build from plugins.sbt ...[0m
[0m[[0m[0minfo[0m] [0m[0mloading project definition from /work/chipyard/project[0m
[0m[[0m[0minfo[0m] [0m[0mloading settings for project chipyardRoot from build.sbt ...[0m
[0m[[0m[0minfo[0m] [0m[0mloading settings for project testchipip from build.sbt ...[0m
[0m[[0m[0minfo[0m] [0m[0mloading settings for project barf from build.sbt ...[0m
[0m[[0m[0minfo[0m] [0m[0mloading settings for project constellation from build.sbt ...[0m
[0m[[0m[0minfo[0m] [0m[0mloading settings for project icenet from build.sbt ...[0m
[0m[[0m[0minfo[0m] [0m[0mloading settings for project cva6 from build.sbt ...[0m
[0m[[0m[0minfo[0m] [0m[0mloading settings for project ibex from build.sbt ...[0m
[0m[[0m[0minfo[0m] [0m[0mloading settings for project sodor from build.sbt ...[0m
[0m[[0m[0minfo[0m] [0m[0mloading settings for project midas_target_utils from build.sbt ...[0m
[0m[[0m[0minfo[0m] [0m[0mresolving key references (46535 settings) ...[0m
L2 InclusiveCache Client Map:
	0 <= debug
	1 <= serial_tl_0_0
	2 <= serial_tl_0_1
	3 <= serial_tl_0_2
	4 <= serial_tl_0_3
	5 <= Core 0 DCache
	6 <= Core 0 ICache

[0m[[0m[0minfo[0m] [0m[0mset current project to chipyardRoot (in build file:/work/chipyard/)[0m
Interrupt map (2 harts 1 interrupts):
  [1, 1] => uart_0

[0m[[0m[0minfo[0m] [0m[0mset current project to tapeout (in build file:/work/chipyard/)[0m
<stdin>:82.18-87.5: Warning (simple_bus_reg): /soc/cbus_clock: missing or empty reg/ranges property
<stdin>:109.18-114.5: Warning (simple_bus_reg): /soc/fbus_clock: missing or empty reg/ranges property
<stdin>:125.18-130.5: Warning (simple_bus_reg): /soc/mbus_clock: missing or empty reg/ranges property
<stdin>:131.18-136.5: Warning (simple_bus_reg): /soc/pbus_clock: missing or empty reg/ranges property
<stdin>:142.18-147.5: Warning (simple_bus_reg): /soc/sbus_clock: missing or empty reg/ranges property
Clock sbus_0: using diplomatically specified frequency of 500.0.
Clock pbus_0: using diplomatically specified frequency of 500.0.
Clock fbus_0: using diplomatically specified frequency of 500.0.
Clock mbus_0: using diplomatically specified frequency of 500.0.
Clock cbus_0: using diplomatically specified frequency of 500.0.
/dts-v1/;

/ {
	#address-cells = <1>;
	#size-cells = <1>;
	compatible = "ucb-bar,chipyard-dev";
	model = "ucb-bar,chipyard";
	L3: aliases {
		serial0 = &L26;
	};
	L18: chosen {
		stdout-path = &L26;
	};
	L2: cpus {
		#address-cells = <1>;
		#size-cells = <0>;
		timebase-frequency = <500000>;
		L13: cpu@0 {
			clock-frequency = <0>;
			compatible = "sifive,rocket0", "riscv";
			d-cache-block-size = <64>;
			d-cache-sets = <64>;
			d-cache-size = <32768>;
			d-tlb-sets = <1>;
			d-tlb-size = <32>;
			device_type = "cpu";
			hardware-exec-breakpoint-count = <1>;
			i-cache-block-size = <64>;
			i-cache-sets = <64>;
			i-cache-size = <32768>;
			i-tlb-sets = <1>;
			i-tlb-size = <32>;
			mmu-type = "riscv,sv39";
			next-level-cache = <&L10>;
			reg = <0x0>;
			riscv,isa = "rv64imafdcbzicsr_zifencei_zihpm_zfh_zba_zbb_zbs_xrocket";
			riscv,pmpgranularity = <4>;
			riscv,pmpregions = <8>;
			status = "okay";
			timebase-frequency = <500000>;
			tlb-split;
			L11: interrupt-controller {
				#interrupt-cells = <1>;
				compatible = "riscv,cpu-intc";
				interrupt-controller;
			};
		};
	};
	L29: htif {
		compatible = "ucb,htif0";
	};
	L25: memory@8000000 {
		device_type = "memory";
		reg = <0x8000000 0x10000>;
		status = "disabled";
	};
	L21: memory@80000000 {
		device_type = "memory";
		reg = <0x80000000 0x10000000>;
	};
	L1: soc {
		#address-cells = <1>;
		#size-cells = <1>;
		compatible = "ucb-bar,chipyard-soc", "simple-bus";
		ranges;
		L24: boot-address-reg@1000 {
			reg = <0x1000 0x1000>;
			reg-names = "control";
		};
		L10: cache-controller@2010000 {
			cache-block-size = <64>;
			cache-level = <2>;
			cache-sets = <1024>;
			cache-size = <524288>;
			cache-unified;
			compatible = "sifive,inclusivecache0", "cache";
			next-level-cache = <&L21 &L25>;
			reg = <0x2010000 0x1000>;
			reg-names = "control";
			sifive,mshr-count = <7>;
		};
		L7: cbus_clock {
			#clock-cells = <0>;
			clock-frequency = <500000000>;
			clock-output-names = "cbus_clock";
			compatible = "fixed-clock";
		};
		L14: clint@2000000 {
			compatible = "riscv,clint0";
			interrupts-extended = <&L11 3 &L11 7>;
			reg = <0x2000000 0x10000>;
			reg-names = "control";
		};
		L27: clock-gater@100000 {
			reg = <0x100000 0x1000>;
			reg-names = "control";
		};
		L16: debug-controller@0 {
			compatible = "sifive,debug-013", "riscv,debug-013";
			debug-attach = "jtag";
			interrupts-extended = <&L11 65535>;
			reg = <0x0 0x1000>;
			reg-names = "control";
		};
		L8: error-device@3000 {
			compatible = "sifive,error0";
			reg = <0x3000 0x1000>;
		};
		L6: fbus_clock {
			#clock-cells = <0>;
			clock-frequency = <500000000>;
			clock-output-names = "fbus_clock";
			compatible = "fixed-clock";
		};
		L15: interrupt-controller@c000000 {
			#interrupt-cells = <1>;
			compatible = "riscv,plic0";
			interrupt-controller;
			interrupts-extended = <&L11 11 &L11 9>;
			reg = <0xc000000 0x4000000>;
			reg-names = "control";
			riscv,max-priority = <1>;
			riscv,ndev = <1>;
		};
		L9: mbus_clock {
			#clock-cells = <0>;
			clock-frequency = <500000000>;
			clock-output-names = "mbus_clock";
			compatible = "fixed-clock";
		};
		L5: pbus_clock {
			#clock-cells = <0>;
			clock-frequency = <500000000>;
			clock-output-names = "pbus_clock";
			compatible = "fixed-clock";
		};
		L23: rom@10000 {
			compatible = "sifive,rom0";
			reg = <0x10000 0x10000>;
			reg-names = "mem";
		};
		L4: sbus_clock {
			#clock-cells = <0>;
			clock-frequency = <500000000>;
			clock-output-names = "sbus_clock";
			compatible = "fixed-clock";
		};
		L26: serial@10020000 {
			clocks = <&L5>;
			compatible = "sifive,uart0";
			interrupt-parent = <&L15>;
			interrupts = <1>;
			reg = <0x10020000 0x1000>;
			reg-names = "control";
		};
		L28: tile-reset-setter@110000 {
			reg = <0x110000 0x1000>;
			reg-names = "control";
		};
	};
};

Generated Address Map
	       0 -     1000 ARWX  debug-controller@0
	    1000 -     2000 ARW   boot-address-reg@1000
	    3000 -     4000 ARWX  error-device@3000
	   10000 -    20000  R X  rom@10000
	  100000 -   101000 ARW   clock-gater@100000
	  110000 -   111000 ARW   tile-reset-setter@110000
	 2000000 -  2010000 ARW   clint@2000000
	 2010000 -  2011000 ARW   cache-controller@2010000
	 8000000 -  8010000 ARWXC memory@8000000
	 c000000 - 10000000 ARW   interrupt-controller@c000000
	10020000 - 10021000 ARW   serial@10020000
	80000000 - 90000000 ARWXC memory@80000000

IOCells generated by IOBinders:
  IOBinder for interface sifive.blocks.devices.uart.HasPeripheryUART generated:
    1 X GenericDigitalInIOCell
    1 X GenericDigitalOutIOCell
  IOBinder for interface testchipip.boot.CanHavePeripheryCustomBootPin generated:
    1 X GenericDigitalInIOCell
  IOBinder for interface freechips.rocketchip.devices.debug.HasPeripheryDebug generated:
    3 X GenericDigitalInIOCell
    1 X GenericDigitalOutIOCell
  IOBinder for interface chipyard.clocking.CanHaveClockTap generated:
    1 X GenericDigitalOutIOCell
  IOBinder for interface testchipip.serdes.CanHavePeripheryTLSerial generated:
    35 X GenericDigitalInIOCell
    34 X GenericDigitalOutIOCell

  Total generated 77 IOCells:
    40 X GenericDigitalInIOCell
    37 X GenericDigitalOutIOCell
Harness binder clock is 100.0
[warn] generators/testchipip/src/main/scala/serdes/TLSerdes.scala 85:9: [W008] Return values of asTypeOf will soon be read-only
[warn]       c <> b.io.protocol
[warn]         ^
[warn] There were 1 warning(s) during hardware elaboration.
[0m[[0m[0minfo[0m] [0m[0mDefining assembly / assemblyOutputPath[0m
[0m[[0m[0minfo[0m] [0m[0mThe new value will be used by assembly[0m
[0m[[0m[0minfo[0m] [0m[0mReapplying settings...[0m
[0m[[0m[0minfo[0m] [0m[0mset current project to tapeout (in build file:/work/chipyard/)[0m
echo "$mfc_extra_anno_contents" > /work/chipyard/sims/verilator/generated-src/chipyard.harness.TestHarness.RocketConfig/chipyard.harness.TestHarness.RocketConfig.extrafirtool.anno.json
jq -s '[.[][]]' /work/chipyard/sims/verilator/generated-src/chipyard.harness.TestHarness.RocketConfig/chipyard.harness.TestHarness.RocketConfig.anno.json /work/chipyard/sims/verilator/generated-src/chipyard.harness.TestHarness.RocketConfig/chipyard.harness.TestHarness.RocketConfig.extrafirtool.anno.json > /work/chipyard/sims/verilator/generated-src/chipyard.harness.TestHarness.RocketConfig/chipyard.harness.TestHarness.RocketConfig.appended.anno.json
rm -rf /work/chipyard/sims/verilator/generated-src/chipyard.harness.TestHarness.RocketConfig/gen-collateral
(set -o pipefail && firtool \
	--format=fir \
	--export-module-hierarchy \
	--verify-each=true \
	--warn-on-unprocessed-annotations \
	--disable-annotation-classless \
	--disable-annotation-unknown \
	--mlir-timing \
	--lowering-options=emittedLineLength=2048,noAlwaysComb,disallowLocalVariables,verifLabels,disallowPortDeclSharing,locationInfoStyle=wrapInAtSquareBracket \
	--repl-seq-mem \
	--repl-seq-mem-file=/work/chipyard/sims/verilator/generated-src/chipyard.harness.TestHarness.RocketConfig/chipyard.harness.TestHarness.RocketConfig.mems.conf \
	--annotation-file=/work/chipyard/sims/verilator/generated-src/chipyard.harness.TestHarness.RocketConfig/chipyard.harness.TestHarness.RocketConfig.appended.anno.json \
	--split-verilog \
	-o /work/chipyard/sims/verilator/generated-src/chipyard.harness.TestHarness.RocketConfig/gen-collateral \
	/work/chipyard/sims/verilator/generated-src/chipyard.harness.TestHarness.RocketConfig/chipyard.harness.TestHarness.RocketConfig.fir |& tee /work/chipyard/sims/verilator/generated-src/chipyard.harness.TestHarness.RocketConfig/chipyard.harness.TestHarness.RocketConfig.firtool.log)
/bin/bash: line 2: firtool: command not found
make: *** [/work/chipyard/common.mk:190: /work/chipyard/sims/verilator/generated-src/chipyard.harness.TestHarness.RocketConfig/model_module_hierarchy.json] Error 127
make: *** Waiting for unfinished jobs....
[0m[[0m[0minfo[0m] [0m[0mcompiling 11 Scala sources to /work/chipyard/tools/tapeout/target/scala-2.13/classes ...[0m
[0m[[0m[33mwarn[0m] [0m[0m/work/chipyard/tools/tapeout/src/main/scala/macrolib/IOMacro.scala:47:73: Auto-application to `()` is deprecated. Supply the empty argument list `()` explicitly to invoke method toJSON,[0m
[0m[[0m[33mwarn[0m] [0m[0mor remove the empty argument list from its definition (Java-defined methods are exempt).[0m
[0m[[0m[33mwarn[0m] [0m[0mIn Scala 3, an unapplied method like this will be eta-expanded into a function.[0m
[0m[[0m[33mwarn[0m] [0m[0m    if (direction.isDefined) output.append("direction" -> direction.get.toJSON)[0m
[0m[[0m[33mwarn[0m] [0m[0m                                                                        ^[0m
[0m[[0m[33mwarn[0m] [0m[0m/work/chipyard/tools/tapeout/src/main/scala/macrolib/IOMacro.scala:48:79: Auto-application to `()` is deprecated. Supply the empty argument list `()` explicitly to invoke method toJSON,[0m
[0m[[0m[33mwarn[0m] [0m[0mor remove the empty argument list from its definition (Java-defined methods are exempt).[0m
[0m[[0m[33mwarn[0m] [0m[0mIn Scala 3, an unapplied method like this will be eta-expanded into a function.[0m
[0m[[0m[33mwarn[0m] [0m[0m    if (termination.isDefined) output.append("termination" -> termination.get.toJSON)[0m
[0m[[0m[33mwarn[0m] [0m[0m                                                                              ^[0m
[0m[[0m[33mwarn[0m] [0m[0m/work/chipyard/tools/tapeout/src/main/scala/macrolib/IOMacro.scala:49:91: Auto-application to `()` is deprecated. Supply the empty argument list `()` explicitly to invoke method toJSON,[0m
[0m[[0m[33mwarn[0m] [0m[0mor remove the empty argument list from its definition (Java-defined methods are exempt).[0m
[0m[[0m[33mwarn[0m] [0m[0mIn Scala 3, an unapplied method like this will be eta-expanded into a function.[0m
[0m[[0m[33mwarn[0m] [0m[0m    if (terminationType.isDefined) output.append("terminationType" -> terminationType.get.toJSON)[0m
[0m[[0m[33mwarn[0m] [0m[0m                                                                                          ^[0m
[0m[[0m[33mwarn[0m] [0m[0m/work/chipyard/tools/tapeout/src/main/scala/macrolib/IOMacro.scala:115:36: Auto-application to `()` is deprecated. Supply the empty argument list `()` explicitly to invoke method toJSON,[0m
[0m[[0m[33mwarn[0m] [0m[0mor remove the empty argument list from its definition (Java-defined methods are exempt).[0m
[0m[[0m[33mwarn[0m] [0m[0mIn Scala 3, an unapplied method like this will be eta-expanded into a function.[0m
[0m[[0m[33mwarn[0m] [0m[0m        "ios" -> JsArray(ios.map(_.toJSON))[0m
[0m[[0m[33mwarn[0m] [0m[0m                                   ^[0m
[0m[[0m[33mwarn[0m] [0m[0m/work/chipyard/tools/tapeout/src/main/scala/macrolib/SRAM.scala:28:42: Auto-application to `()` is deprecated. Supply the empty argument list `()` explicitly to invoke method toJSON,[0m
[0m[[0m[33mwarn[0m] [0m[0mor remove the empty argument list from its definition (Java-defined methods are exempt).[0m
[0m[[0m[33mwarn[0m] [0m[0mIn Scala 3, an unapplied method like this will be eta-expanded into a function.[0m
[0m[[0m[33mwarn[0m] [0m[0m        "ports" -> JsArray(ports.map { _.toJSON })[0m
[0m[[0m[33mwarn[0m] [0m[0m                                         ^[0m
[0m[[0m[33mwarn[0m] [0m[0m/work/chipyard/tools/tapeout/src/main/scala/macrolib/SRAM.scala:38:72: Auto-application to `()` is deprecated. Supply the empty argument list `()` explicitly to invoke method toJSON,[0m
[0m[[0m[33mwarn[0m] [0m[0mor remove the empty argument list from its definition (Java-defined methods are exempt).[0m
[0m[[0m[33mwarn[0m] [0m[0mIn Scala 3, an unapplied method like this will be eta-expanded into a function.[0m
[0m[[0m[33mwarn[0m] [0m[0m      output.appendAll(Seq("extra ports" -> JsArray(extraPorts.map { _.toJSON })))[0m
[0m[[0m[33mwarn[0m] [0m[0m                                                                       ^[0m
[0m[[0m[33mwarn[0m] [0m[0m/work/chipyard/tools/tapeout/src/main/scala/macrolib/SRAM.scala:121:42: Auto-application to `()` is deprecated. Supply the empty argument list `()` explicitly to invoke method toJSON,[0m
[0m[[0m[33mwarn[0m] [0m[0mor remove the empty argument list from its definition (Java-defined methods are exempt).[0m
[0m[[0m[33mwarn[0m] [0m[0mIn Scala 3, an unapplied method like this will be eta-expanded into a function.[0m
[0m[[0m[33mwarn[0m] [0m[0m        "ports" -> JsArray(ports.map { _.toJSON })[0m
[0m[[0m[33mwarn[0m] [0m[0m                                         ^[0m
[0m[[0m[33mwarn[0m] [0m[0m/work/chipyard/tools/tapeout/src/main/scala/macrolib/SRAM.scala:128:72: Auto-application to `()` is deprecated. Supply the empty argument list `()` explicitly to invoke method toJSON,[0m
[0m[[0m[33mwarn[0m] [0m[0mor remove the empty argument list from its definition (Java-defined methods are exempt).[0m
[0m[[0m[33mwarn[0m] [0m[0mIn Scala 3, an unapplied method like this will be eta-expanded into a function.[0m
[0m[[0m[33mwarn[0m] [0m[0m      output.appendAll(Seq("extra ports" -> JsArray(extraPorts.map { _.toJSON })))[0m
[0m[[0m[33mwarn[0m] [0m[0m                                                                       ^[0m
[0m[[0m[33mwarn[0m] [0m[0m/work/chipyard/tools/tapeout/src/main/scala/macrolib/Utils.scala:55:38: Auto-application to `()` is deprecated. Supply the empty argument list `()` explicitly to invoke method toJSON,[0m
[0m[[0m[33mwarn[0m] [0m[0mor remove the empty argument list from its definition (Java-defined methods are exempt).[0m
[0m[[0m[33mwarn[0m] [0m[0mIn Scala 3, an unapplied method like this will be eta-expanded into a function.[0m
[0m[[0m[33mwarn[0m] [0m[0m    Json.prettyPrint(JsArray(s.map(_.toJSON)))[0m
[0m[[0m[33mwarn[0m] [0m[0m                                     ^[0m
[0m[[0m[33mwarn[0m] [0m[0m/work/chipyard/tools/tapeout/src/main/scala/macrolib/Utils.scala:77:24: Auto-application to `()` is deprecated. Supply the empty argument list `()` explicitly to invoke method toJSON,[0m
[0m[[0m[33mwarn[0m] [0m[0mor remove the empty argument list from its definition (Java-defined methods are exempt).[0m
[0m[[0m[33mwarn[0m] [0m[0mIn Scala 3, an unapplied method like this will be eta-expanded into a function.[0m
[0m[[0m[33mwarn[0m] [0m[0m    Json.prettyPrint(s.toJSON)[0m
[0m[[0m[33mwarn[0m] [0m[0m                       ^[0m
[0m[[0m[33mwarn[0m] [0m[0m/work/chipyard/tools/tapeout/src/main/scala/macros/MacroCompiler.scala:11:8: Importing from firrtl is deprecated as of Chisel's 3.6.0 release.[0m
[0m[[0m[33mwarn[0m] [0m[0mimport firrtl.Utils.{one, zero, BoolType}[0m
[0m[[0m[33mwarn[0m] [0m[0m       ^[0m
[0m[[0m[33mwarn[0m] [0m[0m/work/chipyard/tools/tapeout/src/main/scala/macros/MacroCompiler.scala:12:8: Importing from firrtl is deprecated as of Chisel's 3.6.0 release.[0m
[0m[[0m[33mwarn[0m] [0m[0mimport firrtl.annotations._[0m
[0m[[0m[33mwarn[0m] [0m[0m       ^[0m
[0m[[0m[33mwarn[0m] [0m[0m/work/chipyard/tools/tapeout/src/main/scala/macros/MacroCompiler.scala:13:8: Importing from firrtl is deprecated as of Chisel's 3.6.0 release.[0m
[0m[[0m[33mwarn[0m] [0m[0mimport firrtl.ir._[0m
[0m[[0m[33mwarn[0m] [0m[0m       ^[0m
[0m[[0m[33mwarn[0m] [0m[0m/work/chipyard/tools/tapeout/src/main/scala/macros/MacroCompiler.scala:14:8: Importing from firrtl is deprecated as of Chisel's 3.6.0 release.[0m
[0m[[0m[33mwarn[0m] [0m[0mimport firrtl.options.Dependency[0m
[0m[[0m[33mwarn[0m] [0m[0m       ^[0m
[0m[[0m[33mwarn[0m] [0m[0m/work/chipyard/tools/tapeout/src/main/scala/macros/MacroCompiler.scala:15:8: Importing from firrtl is deprecated as of Chisel's 3.6.0 release.[0m
[0m[[0m[33mwarn[0m] [0m[0mimport firrtl.stage.TransformManager.TransformDependency[0m
[0m[[0m[33mwarn[0m] [0m[0m       ^[0m
[0m[[0m[33mwarn[0m] [0m[0m/work/chipyard/tools/tapeout/src/main/scala/macros/MacroCompiler.scala:16:8: Importing from firrtl is deprecated as of Chisel's 3.6.0 release.[0m
[0m[[0m[33mwarn[0m] [0m[0mimport firrtl.stage.{FirrtlSourceAnnotation, FirrtlStage, Forms, OutputFileAnnotation, RunFirrtlTransformAnnotation}[0m
[0m[[0m[33mwarn[0m] [0m[0m       ^[0m
[0m[[0m[33mwarn[0m] [0m[0m/work/chipyard/tools/tapeout/src/main/scala/macros/MacroCompiler.scala:17:8: Importing from firrtl is deprecated as of Chisel's 3.6.0 release.[0m
[0m[[0m[33mwarn[0m] [0m[0mimport firrtl.{PrimOps, _}[0m
[0m[[0m[33mwarn[0m] [0m[0m       ^[0m
[0m[[0m[33mwarn[0m] [0m[0m/work/chipyard/tools/tapeout/src/main/scala/macros/SynFlopsPass.scala:6:8: Importing from firrtl is deprecated as of Chisel's 3.6.0 release.[0m
[0m[[0m[33mwarn[0m] [0m[0mimport firrtl.Utils.{one, zero}[0m
[0m[[0m[33mwarn[0m] [0m[0m       ^[0m
[0m[[0m[33mwarn[0m] [0m[0m/work/chipyard/tools/tapeout/src/main/scala/macros/SynFlopsPass.scala:7:8: Importing from firrtl is deprecated as of Chisel's 3.6.0 release.[0m
[0m[[0m[33mwarn[0m] [0m[0mimport firrtl._[0m
[0m[[0m[33mwarn[0m] [0m[0m       ^[0m
[0m[[0m[33mwarn[0m] [0m[0m/work/chipyard/tools/tapeout/src/main/scala/macros/SynFlopsPass.scala:8:8: Importing from firrtl is deprecated as of Chisel's 3.6.0 release.[0m
[0m[[0m[33mwarn[0m] [0m[0mimport firrtl.ir._[0m
[0m[[0m[33mwarn[0m] [0m[0m       ^[0m
[0m[[0m[33mwarn[0m] [0m[0m/work/chipyard/tools/tapeout/src/main/scala/macros/SynFlopsPass.scala:9:8: Importing from firrtl is deprecated as of Chisel's 3.6.0 release.[0m
[0m[[0m[33mwarn[0m] [0m[0mimport firrtl.passes.MemPortUtils.memPortField[0m
[0m[[0m[33mwarn[0m] [0m[0m       ^[0m
[0m[[0m[33mwarn[0m] [0m[0m/work/chipyard/tools/tapeout/src/main/scala/macros/Utils.scala:5:8: Importing from firrtl is deprecated as of Chisel's 3.6.0 release.[0m
[0m[[0m[33mwarn[0m] [0m[0mimport firrtl.Utils.BoolType[0m
[0m[[0m[33mwarn[0m] [0m[0m       ^[0m
[0m[[0m[33mwarn[0m] [0m[0m/work/chipyard/tools/tapeout/src/main/scala/macros/Utils.scala:6:8: Importing from firrtl is deprecated as of Chisel's 3.6.0 release.[0m
[0m[[0m[33mwarn[0m] [0m[0mimport firrtl.ir._[0m
[0m[[0m[33mwarn[0m] [0m[0m       ^[0m
[0m[[0m[33mwarn[0m] [0m[0m/work/chipyard/tools/tapeout/src/main/scala/macros/Utils.scala:7:8: Importing from firrtl is deprecated as of Chisel's 3.6.0 release.[0m
[0m[[0m[33mwarn[0m] [0m[0mimport firrtl.passes.memlib._[0m
[0m[[0m[33mwarn[0m] [0m[0m       ^[0m
[0m[[0m[33mwarn[0m] [0m[0m/work/chipyard/tools/tapeout/src/main/scala/macros/Utils.scala:8:8: Importing from firrtl is deprecated as of Chisel's 3.6.0 release.[0m
[0m[[0m[33mwarn[0m] [0m[0mimport firrtl.{PrimOps, _}[0m
[0m[[0m[33mwarn[0m] [0m[0m       ^[0m
[0m[[0m[33mwarn[0m] [0m[0m/work/chipyard/tools/tapeout/src/main/scala/macrolib/ConfReader.scala:61:52: method copyArrayToImmutableIndexedSeq in class LowPriorityImplicits2 is deprecated (since 2.13.0): Implicit conversions from Array to immutable.IndexedSeq are implemented by copying; Use the more efficient non-copying ArraySeq.unsafeWrapArray or an explicit toIndexedSeq call[0m
[0m[[0m[33mwarn[0m] [0m[0m        val ports: Seq[String] = (m.group(4)).split(",")[0m
[0m[[0m[33mwarn[0m] [0m[0m                                                   ^[0m
[0m[[0m[33mwarn[0m] [0m[0m/work/chipyard/tools/tapeout/src/main/scala/macrolib/ConfReader.scala:87:36: method get in class RightProjection is deprecated (since 2.13.0): Use `Either.toOption.get` instead[0m
[0m[[0m[33mwarn[0m] [0m[0m    readSingleLineSafe(line).right.get[0m
[0m[[0m[33mwarn[0m] [0m[0m                                   ^[0m
[0m[[0m[33mwarn[0m] [0m[0m/work/chipyard/tools/tapeout/src/main/scala/macrolib/ConfReader.scala:87:30: method right in class Either is deprecated (since 2.13.0): Either is now right-biased, use methods directly on Either[0m
[0m[[0m[33mwarn[0m] [0m[0m    readSingleLineSafe(line).right.get[0m
[0m[[0m[33mwarn[0m] [0m[0m                             ^[0m
[0m[[0m[33mwarn[0m] [0m[0m/work/chipyard/tools/tapeout/src/main/scala/macrolib/ConfReader.scala:93:57: method copyArrayToImmutableIndexedSeq in class LowPriorityImplicits2 is deprecated (since 2.13.0): Implicit conversions from Array to immutable.IndexedSeq are implemented by copying; Use the more efficient non-copying ArraySeq.unsafeWrapArray or an explicit toIndexedSeq call[0m
[0m[[0m[33mwarn[0m] [0m[0m    contents.split("\n").map(_.trim).filter(_ != "").map(readSingleLine(_))[0m
[0m[[0m[33mwarn[0m] [0m[0m                                                        ^[0m
[0m[[0m[33mwarn[0m] [0m[0m/work/chipyard/tools/tapeout/src/main/scala/macrolib/FlipChipMacro.scala:55:46: match may not be exhaustive.[0m
[0m[[0m[33mwarn[0m] [0m[0mIt would fail on the following inputs: Some(JsArray(_)), Some(JsFalse), Some(JsNull), Some(JsNumber(_)), Some(JsObject(_)), Some(JsString(_)), Some(JsTrue)[0m
[0m[[0m[33mwarn[0m] [0m[0m    val bumpDimensions: (Int, Int) = json.get("bump_dimensions") match {[0m
[0m[[0m[33mwarn[0m] [0m[0m                                             ^[0m
[0m[[0m[33mwarn[0m] [0m[0m30 warnings found[0m
[0m[[0m[0minfo[0m] [0m[0mdone compiling[0m
[0m[[0m[0minfo[0m] [0m[0m185 file(s) merged using strategy 'Rename (Custom)' (Run the task at debug level to see the details)[0m
[0m[[0m[0minfo[0m] [0m[0m4 file(s) merged using strategy 'Rename' (Run the task at debug level to see the details)[0m
[0m[[0m[0minfo[0m] [0m[0m331 file(s) merged using strategy 'Discard' (Run the task at debug level to see the details)[0m
[0m[[0m[0minfo[0m] [0m[0mBuilt: /work/chipyard/.classpath_cache/tapeout.jar[0m
[0m[[0m[0minfo[0m] [0m[0mJar hash: f398aabdcfe3564cba24a787f53af4e641c02ed2[0m
[0m[[0m[32msuccess[0m] [0m[0mTotal time: 11 s, completed Jun 11, 2026, 6:06:52 AM[0m
[0J