Processing triggers for libc-bin (2.39-0ubuntu8.7) ...
=== [2026-06-11T06:09:55+07:00] resume make CONFIG=RocketConfig (firtool x64 via qemu on PATH) ===
Running with RISCV=/work/riscv
rm -rf /work/chipyard/sims/verilator/generated-src/chipyard.harness.TestHarness.RocketConfig/gen-collateral
(set -o pipefail && firtool \
	--format=fir \
	--export-module-hierarchy \
	--verify-each=true \
	--warn-on-unprocessed-annotations \
	--disable-annotation-classless \
	--disable-annotation-unknown \
	--mlir-timing \
	--lowering-options=emittedLineLength=2048,noAlwaysComb,disallowLocalVariables,verifLabels,disallowPortDeclSharing,locationInfoStyle=wrapInAtSquareBracket \
	--repl-seq-mem \
	--repl-seq-mem-file=/work/chipyard/sims/verilator/generated-src/chipyard.harness.TestHarness.RocketConfig/chipyard.harness.TestHarness.RocketConfig.mems.conf \
	--annotation-file=/work/chipyard/sims/verilator/generated-src/chipyard.harness.TestHarness.RocketConfig/chipyard.harness.TestHarness.RocketConfig.appended.anno.json \
	--split-verilog \
	-o /work/chipyard/sims/verilator/generated-src/chipyard.harness.TestHarness.RocketConfig/gen-collateral \
	/work/chipyard/sims/verilator/generated-src/chipyard.harness.TestHarness.RocketConfig/chipyard.harness.TestHarness.RocketConfig.fir |& tee /work/chipyard/sims/verilator/generated-src/chipyard.harness.TestHarness.RocketConfig/chipyard.harness.TestHarness.RocketConfig.firtool.log)
generators/rocket-chip/src/main/scala/tilelink/Monitor.scala:36:7: warning: module contains 114 printf-encoded verification operation(s), which are deprecated and will be removed in the future
generators/rocket-chip/src/main/scala/tilelink/Monitor.scala:45:11: note: example printf here, will just be a printf in the future
generators/rocket-chip/src/main/scala/tilelink/Monitor.scala:36:7: note: For more information, see https://github.com/llvm/circt/issues/6970
generators/rocket-chip/src/main/scala/tilelink/Monitor.scala:36:7: warning: module contains 210 printf-encoded verification operation(s), which are deprecated and will be removed in the future
generators/rocket-chip/src/main/scala/tilelink/Monitor.scala:45:11: note: example printf here, will just be a printf in the future
generators/rocket-chip/src/main/scala/tilelink/Monitor.scala:36:7: note: For more information, see https://github.com/llvm/circt/issues/6970
generators/rocket-chip/src/main/scala/tilelink/Xbar.scala:74:9: warning: module contains 12 printf-encoded verification operation(s), which are deprecated and will be removed in the future
generators/rocket-chip/src/main/scala/tilelink/Arbiter.scala:22:12: note: example printf here, will just be a printf in the future
generators/rocket-chip/src/main/scala/tilelink/Xbar.scala:74:9: note: For more information, see https://github.com/llvm/circt/issues/6970
generators/rocket-chip/src/main/scala/tilelink/Monitor.scala:36:7: warning: module contains 112 printf-encoded verification operation(s), which are deprecated and will be removed in the future
generators/rocket-chip/src/main/scala/tilelink/Monitor.scala:45:11: note: example printf here, will just be a printf in the future
generators/rocket-chip/src/main/scala/tilelink/Monitor.scala:36:7: note: For more information, see https://github.com/llvm/circt/issues/6970
generators/rocket-chip/src/main/scala/tilelink/Xbar.scala:74:9: warning: module contains 3 printf-encoded verification operation(s), which are deprecated and will be removed in the future
generators/rocket-chip/src/main/scala/tilelink/Arbiter.scala:22:12: note: example printf here, will just be a printf in the future
generators/rocket-chip/src/main/scala/tilelink/Xbar.scala:74:9: note: For more information, see https://github.com/llvm/circt/issues/6970
generators/rocket-chip/src/main/scala/tilelink/Monitor.scala:36:7: warning: module contains 114 printf-encoded verification operation(s), which are deprecated and will be removed in the future
generators/rocket-chip/src/main/scala/tilelink/Monitor.scala:45:11: note: example printf here, will just be a printf in the future
generators/rocket-chip/src/main/scala/tilelink/Monitor.scala:36:7: note: For more information, see https://github.com/llvm/circt/issues/6970
generators/rocket-chip/src/main/scala/tilelink/Monitor.scala:36:7: warning: module contains 114 printf-encoded verification operation(s), which are deprecated and will be removed in the future
generators/rocket-chip/src/main/scala/tilelink/Monitor.scala:45:11: note: example printf here, will just be a printf in the future
generators/rocket-chip/src/main/scala/tilelink/Monitor.scala:36:7: note: For more information, see https://github.com/llvm/circt/issues/6970
generators/rocket-chip/src/main/scala/tilelink/AtomicAutomata.scala:36:9: warning: module contains 2 printf-encoded verification operation(s), which are deprecated and will be removed in the future
generators/rocket-chip/src/main/scala/tilelink/Arbiter.scala:77:13: note: example printf here, will just be a printf in the future
generators/rocket-chip/src/main/scala/tilelink/AtomicAutomata.scala:36:9: note: For more information, see https://github.com/llvm/circt/issues/6970
generators/rocket-chip/src/main/scala/tilelink/Monitor.scala:36:7: warning: module contains 114 printf-encoded verification operation(s), which are deprecated and will be removed in the future
generators/rocket-chip/src/main/scala/tilelink/Monitor.scala:45:11: note: example printf here, will just be a printf in the future
generators/rocket-chip/src/main/scala/tilelink/Monitor.scala:36:7: note: For more information, see https://github.com/llvm/circt/issues/6970
generators/rocket-chip/src/main/scala/tilelink/Monitor.scala:36:7: warning: module contains 112 printf-encoded verification operation(s), which are deprecated and will be removed in the future
generators/rocket-chip/src/main/scala/tilelink/Monitor.scala:45:11: note: example printf here, will just be a printf in the future
generators/rocket-chip/src/main/scala/tilelink/Monitor.scala:36:7: note: For more information, see https://github.com/llvm/circt/issues/6970
generators/rocket-chip/src/main/scala/tilelink/Fragmenter.scala:92:9: warning: module contains 3 printf-encoded verification operation(s), which are deprecated and will be removed in the future
generators/rocket-chip/src/main/scala/tilelink/Fragmenter.scala:214:16: note: example printf here, will just be a printf in the future
generators/rocket-chip/src/main/scala/tilelink/Fragmenter.scala:92:9: note: For more information, see https://github.com/llvm/circt/issues/6970
generators/rocket-chip/src/main/scala/tilelink/Monitor.scala:36:7: warning: module contains 112 printf-encoded verification operation(s), which are deprecated and will be removed in the future
generators/rocket-chip/src/main/scala/tilelink/Monitor.scala:45:11: note: example printf here, will just be a printf in the future
generators/rocket-chip/src/main/scala/tilelink/Monitor.scala:36:7: note: For more information, see https://github.com/llvm/circt/issues/6970
generators/rocket-chip/src/main/scala/tilelink/Fragmenter.scala:92:9: warning: module contains 3 printf-encoded verification operation(s), which are deprecated and will be removed in the future
generators/rocket-chip/src/main/scala/tilelink/Fragmenter.scala:214:16: note: example printf here, will just be a printf in the future
generators/rocket-chip/src/main/scala/tilelink/Fragmenter.scala:92:9: note: For more information, see https://github.com/llvm/circt/issues/6970
generators/rocket-chip/src/main/scala/tilelink/Monitor.scala:36:7: warning: module contains 112 printf-encoded verification operation(s), which are deprecated and will be removed in the future
generators/rocket-chip/src/main/scala/tilelink/Monitor.scala:45:11: note: example printf here, will just be a printf in the future
generators/rocket-chip/src/main/scala/tilelink/Monitor.scala:36:7: note: For more information, see https://github.com/llvm/circt/issues/6970
generators/rocket-chip/src/main/scala/tilelink/Monitor.scala:36:7: warning: module contains 114 printf-encoded verification operation(s), which are deprecated and will be removed in the future
generators/rocket-chip/src/main/scala/tilelink/Monitor.scala:45:11: note: example printf here, will just be a printf in the future
generators/rocket-chip/src/main/scala/tilelink/Monitor.scala:36:7: note: For more information, see https://github.com/llvm/circt/issues/6970
generators/rocket-chip/src/main/scala/tilelink/Monitor.scala:36:7: warning: module contains 114 printf-encoded verification operation(s), which are deprecated and will be removed in the future
generators/rocket-chip/src/main/scala/tilelink/Monitor.scala:45:11: note: example printf here, will just be a printf in the future
generators/rocket-chip/src/main/scala/tilelink/Monitor.scala:36:7: note: For more information, see https://github.com/llvm/circt/issues/6970
generators/rocket-chip/src/main/scala/tilelink/Xbar.scala:74:9: warning: module contains 3 printf-encoded verification operation(s), which are deprecated and will be removed in the future
generators/rocket-chip/src/main/scala/tilelink/Arbiter.scala:22:12: note: example printf here, will just be a printf in the future
generators/rocket-chip/src/main/scala/tilelink/Xbar.scala:74:9: note: For more information, see https://github.com/llvm/circt/issues/6970
generators/rocket-chip/src/main/scala/tilelink/Monitor.scala:36:7: warning: module contains 114 printf-encoded verification operation(s), which are deprecated and will be removed in the future
generators/rocket-chip/src/main/scala/tilelink/Monitor.scala:45:11: note: example printf here, will just be a printf in the future
generators/rocket-chip/src/main/scala/tilelink/Monitor.scala:36:7: note: For more information, see https://github.com/llvm/circt/issues/6970
generators/rocket-chip/src/main/scala/tilelink/Monitor.scala:36:7: warning: module contains 114 printf-encoded verification operation(s), which are deprecated and will be removed in the future
generators/rocket-chip/src/main/scala/tilelink/Monitor.scala:45:11: note: example printf here, will just be a printf in the future
generators/rocket-chip/src/main/scala/tilelink/Monitor.scala:36:7: note: For more information, see https://github.com/llvm/circt/issues/6970
generators/rocket-chip/src/main/scala/tilelink/Monitor.scala:36:7: warning: module contains 114 printf-encoded verification operation(s), which are deprecated and will be removed in the future
generators/rocket-chip/src/main/scala/tilelink/Monitor.scala:45:11: note: example printf here, will just be a printf in the future
generators/rocket-chip/src/main/scala/tilelink/Monitor.scala:36:7: note: For more information, see https://github.com/llvm/circt/issues/6970
generators/rocket-chip/src/main/scala/tilelink/Monitor.scala:36:7: warning: module contains 114 printf-encoded verification operation(s), which are deprecated and will be removed in the future
generators/rocket-chip/src/main/scala/tilelink/Monitor.scala:45:11: note: example printf here, will just be a printf in the future
generators/rocket-chip/src/main/scala/tilelink/Monitor.scala:36:7: note: For more information, see https://github.com/llvm/circt/issues/6970
generators/rocket-chip/src/main/scala/tilelink/Monitor.scala:36:7: warning: module contains 114 printf-encoded verification operation(s), which are deprecated and will be removed in the future
generators/rocket-chip/src/main/scala/tilelink/Monitor.scala:45:11: note: example printf here, will just be a printf in the future
generators/rocket-chip/src/main/scala/tilelink/Monitor.scala:36:7: note: For more information, see https://github.com/llvm/circt/issues/6970
generators/rocket-chip/src/main/scala/tilelink/Xbar.scala:74:9: warning: module contains 3 printf-encoded verification operation(s), which are deprecated and will be removed in the future
generators/rocket-chip/src/main/scala/tilelink/Arbiter.scala:22:12: note: example printf here, will just be a printf in the future
generators/rocket-chip/src/main/scala/tilelink/Xbar.scala:74:9: note: For more information, see https://github.com/llvm/circt/issues/6970
generators/rocket-chip/src/main/scala/tilelink/Monitor.scala:36:7: warning: module contains 112 printf-encoded verification operation(s), which are deprecated and will be removed in the future
generators/rocket-chip/src/main/scala/tilelink/Monitor.scala:45:11: note: example printf here, will just be a printf in the future
generators/rocket-chip/src/main/scala/tilelink/Monitor.scala:36:7: note: For more information, see https://github.com/llvm/circt/issues/6970
generators/rocket-chip/src/main/scala/tilelink/Xbar.scala:74:9: warning: module contains 3 printf-encoded verification operation(s), which are deprecated and will be removed in the future
generators/rocket-chip/src/main/scala/tilelink/Arbiter.scala:22:12: note: example printf here, will just be a printf in the future
generators/rocket-chip/src/main/scala/tilelink/Xbar.scala:74:9: note: For more information, see https://github.com/llvm/circt/issues/6970
generators/rocket-chip/src/main/scala/tilelink/Monitor.scala:36:7: warning: module contains 114 printf-encoded verification operation(s), which are deprecated and will be removed in the future
generators/rocket-chip/src/main/scala/tilelink/Monitor.scala:45:11: note: example printf here, will just be a printf in the future
generators/rocket-chip/src/main/scala/tilelink/Monitor.scala:36:7: note: For more information, see https://github.com/llvm/circt/issues/6970
generators/rocket-chip/src/main/scala/tilelink/Monitor.scala:36:7: warning: module contains 114 printf-encoded verification operation(s), which are deprecated and will be removed in the future
generators/rocket-chip/src/main/scala/tilelink/Monitor.scala:45:11: note: example printf here, will just be a printf in the future
generators/rocket-chip/src/main/scala/tilelink/Monitor.scala:36:7: note: For more information, see https://github.com/llvm/circt/issues/6970
generators/rocket-chip/src/main/scala/tilelink/AtomicAutomata.scala:36:9: warning: module contains 2 printf-encoded verification operation(s), which are deprecated and will be removed in the future
generators/rocket-chip/src/main/scala/tilelink/Arbiter.scala:77:13: note: example printf here, will just be a printf in the future
generators/rocket-chip/src/main/scala/tilelink/AtomicAutomata.scala:36:9: note: For more information, see https://github.com/llvm/circt/issues/6970
generators/rocket-chip/src/main/scala/tilelink/Monitor.scala:36:7: warning: module contains 114 printf-encoded verification operation(s), which are deprecated and will be removed in the future
generators/rocket-chip/src/main/scala/tilelink/Monitor.scala:45:11: note: example printf here, will just be a printf in the future
generators/rocket-chip/src/main/scala/tilelink/Monitor.scala:36:7: note: For more information, see https://github.com/llvm/circt/issues/6970
generators/rocket-chip/src/main/scala/devices/tilelink/Error.scala:21:9: warning: module contains 1 printf-encoded verification operation(s), which are deprecated and will be removed in the future
generators/rocket-chip/src/main/scala/devices/tilelink/Error.scala:34:12: note: example printf here, will just be a printf in the future
generators/rocket-chip/src/main/scala/devices/tilelink/Error.scala:21:9: note: For more information, see https://github.com/llvm/circt/issues/6970
generators/rocket-chip/src/main/scala/tilelink/Monitor.scala:36:7: warning: module contains 114 printf-encoded verification operation(s), which are deprecated and will be removed in the future
generators/rocket-chip/src/main/scala/tilelink/Monitor.scala:45:11: note: example printf here, will just be a printf in the future
generators/rocket-chip/src/main/scala/tilelink/Monitor.scala:36:7: note: For more information, see https://github.com/llvm/circt/issues/6970
generators/rocket-chip/src/main/scala/tilelink/Monitor.scala:36:7: warning: module contains 114 printf-encoded verification operation(s), which are deprecated and will be removed in the future
generators/rocket-chip/src/main/scala/tilelink/Monitor.scala:45:11: note: example printf here, will just be a printf in the future
generators/rocket-chip/src/main/scala/tilelink/Monitor.scala:36:7: note: For more information, see https://github.com/llvm/circt/issues/6970
generators/rocket-chip/src/main/scala/tilelink/Monitor.scala:36:7: warning: module contains 114 printf-encoded verification operation(s), which are deprecated and will be removed in the future
generators/rocket-chip/src/main/scala/tilelink/Monitor.scala:45:11: note: example printf here, will just be a printf in the future
generators/rocket-chip/src/main/scala/tilelink/Monitor.scala:36:7: note: For more information, see https://github.com/llvm/circt/issues/6970
generators/rocket-chip/src/main/scala/tilelink/Fragmenter.scala:92:9: warning: module contains 3 printf-encoded verification operation(s), which are deprecated and will be removed in the future
generators/rocket-chip/src/main/scala/tilelink/Fragmenter.scala:214:16: note: example printf here, will just be a printf in the future
generators/rocket-chip/src/main/scala/tilelink/Fragmenter.scala:92:9: note: For more information, see https://github.com/llvm/circt/issues/6970
generators/rocket-chip/src/main/scala/tilelink/Monitor.scala:36:7: warning: module contains 112 printf-encoded verification operation(s), which are deprecated and will be removed in the future
generators/rocket-chip/src/main/scala/tilelink/Monitor.scala:45:11: note: example printf here, will just be a printf in the future
generators/rocket-chip/src/main/scala/tilelink/Monitor.scala:36:7: note: For more information, see https://github.com/llvm/circt/issues/6970
generators/rocket-chip/src/main/scala/tilelink/Fragmenter.scala:92:9: warning: module contains 3 printf-encoded verification operation(s), which are deprecated and will be removed in the future
generators/rocket-chip/src/main/scala/tilelink/Fragmenter.scala:214:16: note: example printf here, will just be a printf in the future
generators/rocket-chip/src/main/scala/tilelink/Fragmenter.scala:92:9: note: For more information, see https://github.com/llvm/circt/issues/6970
generators/rocket-chip/src/main/scala/tilelink/Monitor.scala:36:7: warning: module contains 114 printf-encoded verification operation(s), which are deprecated and will be removed in the future
generators/rocket-chip/src/main/scala/tilelink/Monitor.scala:45:11: note: example printf here, will just be a printf in the future
generators/rocket-chip/src/main/scala/tilelink/Monitor.scala:36:7: note: For more information, see https://github.com/llvm/circt/issues/6970
generators/rocket-chip/src/main/scala/tilelink/Fragmenter.scala:92:9: warning: module contains 3 printf-encoded verification operation(s), which are deprecated and will be removed in the future
generators/rocket-chip/src/main/scala/tilelink/Fragmenter.scala:214:16: note: example printf here, will just be a printf in the future
generators/rocket-chip/src/main/scala/tilelink/Fragmenter.scala:92:9: note: For more information, see https://github.com/llvm/circt/issues/6970
generators/rocket-chip/src/main/scala/tilelink/Monitor.scala:36:7: warning: module contains 112 printf-encoded verification operation(s), which are deprecated and will be removed in the future
generators/rocket-chip/src/main/scala/tilelink/Monitor.scala:45:11: note: example printf here, will just be a printf in the future
generators/rocket-chip/src/main/scala/tilelink/Monitor.scala:36:7: note: For more information, see https://github.com/llvm/circt/issues/6970
generators/rocket-chip/src/main/scala/tilelink/Fragmenter.scala:92:9: warning: module contains 3 printf-encoded verification operation(s), which are deprecated and will be removed in the future
generators/rocket-chip/src/main/scala/tilelink/Fragmenter.scala:214:16: note: example printf here, will just be a printf in the future
generators/rocket-chip/src/main/scala/tilelink/Fragmenter.scala:92:9: note: For more information, see https://github.com/llvm/circt/issues/6970
generators/rocket-chip/src/main/scala/tilelink/Monitor.scala:36:7: warning: module contains 112 printf-encoded verification operation(s), which are deprecated and will be removed in the future
generators/rocket-chip/src/main/scala/tilelink/Monitor.scala:45:11: note: example printf here, will just be a printf in the future
generators/rocket-chip/src/main/scala/tilelink/Monitor.scala:36:7: note: For more information, see https://github.com/llvm/circt/issues/6970
generators/rocket-chip/src/main/scala/tilelink/Fragmenter.scala:92:9: warning: module contains 3 printf-encoded verification operation(s), which are deprecated and will be removed in the future
generators/rocket-chip/src/main/scala/tilelink/Fragmenter.scala:214:16: note: example printf here, will just be a printf in the future
generators/rocket-chip/src/main/scala/tilelink/Fragmenter.scala:92:9: note: For more information, see https://github.com/llvm/circt/issues/6970
generators/rocket-chip/src/main/scala/tilelink/Monitor.scala:36:7: warning: module contains 114 printf-encoded verification operation(s), which are deprecated and will be removed in the future
generators/rocket-chip/src/main/scala/tilelink/Monitor.scala:45:11: note: example printf here, will just be a printf in the future
generators/rocket-chip/src/main/scala/tilelink/Monitor.scala:36:7: note: For more information, see https://github.com/llvm/circt/issues/6970
generators/rocket-chip/src/main/scala/tilelink/Monitor.scala:36:7: warning: module contains 114 printf-encoded verification operation(s), which are deprecated and will be removed in the future
generators/rocket-chip/src/main/scala/tilelink/Monitor.scala:45:11: note: example printf here, will just be a printf in the future
generators/rocket-chip/src/main/scala/tilelink/Monitor.scala:36:7: note: For more information, see https://github.com/llvm/circt/issues/6970
generators/rocket-chip/src/main/scala/tilelink/Xbar.scala:74:9: warning: module contains 3 printf-encoded verification operation(s), which are deprecated and will be removed in the future
generators/rocket-chip/src/main/scala/tilelink/Arbiter.scala:22:12: note: example printf here, will just be a printf in the future
generators/rocket-chip/src/main/scala/tilelink/Xbar.scala:74:9: note: For more information, see https://github.com/llvm/circt/issues/6970
generators/rocket-chip/src/main/scala/tilelink/Monitor.scala:36:7: warning: module contains 114 printf-encoded verification operation(s), which are deprecated and will be removed in the future
generators/rocket-chip/src/main/scala/tilelink/Monitor.scala:45:11: note: example printf here, will just be a printf in the future
generators/rocket-chip/src/main/scala/tilelink/Monitor.scala:36:7: note: For more information, see https://github.com/llvm/circt/issues/6970
generators/rocket-chip/src/main/scala/tilelink/Monitor.scala:36:7: warning: module contains 114 printf-encoded verification operation(s), which are deprecated and will be removed in the future
generators/rocket-chip/src/main/scala/tilelink/Monitor.scala:45:11: note: example printf here, will just be a printf in the future
generators/rocket-chip/src/main/scala/tilelink/Monitor.scala:36:7: note: For more information, see https://github.com/llvm/circt/issues/6970
generators/rocket-chip/src/main/scala/amba/axi4/UserYanker.scala:36:9: warning: module contains 2 printf-encoded verification operation(s), which are deprecated and will be removed in the future
generators/rocket-chip/src/main/scala/amba/axi4/UserYanker.scala:69:14: note: example printf here, will just be a printf in the future
generators/rocket-chip/src/main/scala/amba/axi4/UserYanker.scala:36:9: note: For more information, see https://github.com/llvm/circt/issues/6970
generators/rocket-chip/src/main/scala/tilelink/Monitor.scala:36:7: warning: module contains 114 printf-encoded verification operation(s), which are deprecated and will be removed in the future
generators/rocket-chip/src/main/scala/tilelink/Monitor.scala:45:11: note: example printf here, will just be a printf in the future
generators/rocket-chip/src/main/scala/tilelink/Monitor.scala:36:7: note: For more information, see https://github.com/llvm/circt/issues/6970
generators/rocket-chip/src/main/scala/tilelink/ToAXI4.scala:103:9: warning: module contains 20 printf-encoded verification operation(s), which are deprecated and will be removed in the future
generators/rocket-chip/src/main/scala/tilelink/ToAXI4.scala:280:16: note: example printf here, will just be a printf in the future
generators/rocket-chip/src/main/scala/tilelink/ToAXI4.scala:103:9: note: For more information, see https://github.com/llvm/circt/issues/6970
generators/rocket-chip/src/main/scala/tilelink/Monitor.scala:36:7: warning: module contains 114 printf-encoded verification operation(s), which are deprecated and will be removed in the future
generators/rocket-chip/src/main/scala/tilelink/Monitor.scala:45:11: note: example printf here, will just be a printf in the future
generators/rocket-chip/src/main/scala/tilelink/Monitor.scala:36:7: note: For more information, see https://github.com/llvm/circt/issues/6970
generators/rocket-chip/src/main/scala/tilelink/Monitor.scala:36:7: warning: module contains 114 printf-encoded verification operation(s), which are deprecated and will be removed in the future
generators/rocket-chip/src/main/scala/tilelink/Monitor.scala:45:11: note: example printf here, will just be a printf in the future
generators/rocket-chip/src/main/scala/tilelink/Monitor.scala:36:7: note: For more information, see https://github.com/llvm/circt/issues/6970
generators/rocket-chip/src/main/scala/tilelink/Monitor.scala:36:7: warning: module contains 210 printf-encoded verification operation(s), which are deprecated and will be removed in the future
generators/rocket-chip/src/main/scala/tilelink/Monitor.scala:45:11: note: example printf here, will just be a printf in the future
generators/rocket-chip/src/main/scala/tilelink/Monitor.scala:36:7: note: For more information, see https://github.com/llvm/circt/issues/6970
generators/rocket-chip-inclusive-cache/design/craft/inclusivecache/src/SourceA.scala:33:7: warning: module contains 3 printf-encoded verification operation(s), which are deprecated and will be removed in the future
generators/rocket-chip-inclusive-cache/design/craft/inclusivecache/src/Parameters.scala:222:12: note: example printf here, will just be a printf in the future
generators/rocket-chip-inclusive-cache/design/craft/inclusivecache/src/SourceA.scala:33:7: note: For more information, see https://github.com/llvm/circt/issues/6970
generators/rocket-chip-inclusive-cache/design/craft/inclusivecache/src/SourceB.scala:33:7: warning: module contains 4 printf-encoded verification operation(s), which are deprecated and will be removed in the future
generators/rocket-chip-inclusive-cache/design/craft/inclusivecache/src/SourceB.scala:59:12: note: example printf here, will just be a printf in the future
generators/rocket-chip-inclusive-cache/design/craft/inclusivecache/src/SourceB.scala:33:7: note: For more information, see https://github.com/llvm/circt/issues/6970
generators/rocket-chip-inclusive-cache/design/craft/inclusivecache/src/SourceC.scala:35:7: warning: module contains 5 printf-encoded verification operation(s), which are deprecated and will be removed in the future
generators/rocket-chip-inclusive-cache/design/craft/inclusivecache/src/SourceC.scala:64:10: note: example printf here, will just be a printf in the future
generators/rocket-chip-inclusive-cache/design/craft/inclusivecache/src/SourceC.scala:35:7: note: For more information, see https://github.com/llvm/circt/issues/6970
generators/rocket-chip-inclusive-cache/design/craft/inclusivecache/src/SourceD.scala:48:7: warning: module contains 3 printf-encoded verification operation(s), which are deprecated and will be removed in the future
generators/rocket-chip-inclusive-cache/design/craft/inclusivecache/src/SourceD.scala:123:10: note: example printf here, will just be a printf in the future
generators/rocket-chip-inclusive-cache/design/craft/inclusivecache/src/SourceD.scala:48:7: note: For more information, see https://github.com/llvm/circt/issues/6970
generators/rocket-chip-inclusive-cache/design/craft/inclusivecache/src/ListBuffer.scala:36:7: warning: module contains 1 printf-encoded verification operation(s), which are deprecated and will be removed in the future
generators/rocket-chip-inclusive-cache/design/craft/inclusivecache/src/ListBuffer.scala:86:10: note: example printf here, will just be a printf in the future
generators/rocket-chip-inclusive-cache/design/craft/inclusivecache/src/ListBuffer.scala:36:7: note: For more information, see https://github.com/llvm/circt/issues/6970
generators/rocket-chip-inclusive-cache/design/craft/inclusivecache/src/ListBuffer.scala:36:7: warning: module contains 1 printf-encoded verification operation(s), which are deprecated and will be removed in the future
generators/rocket-chip-inclusive-cache/design/craft/inclusivecache/src/ListBuffer.scala:86:10: note: example printf here, will just be a printf in the future
generators/rocket-chip-inclusive-cache/design/craft/inclusivecache/src/ListBuffer.scala:36:7: note: For more information, see https://github.com/llvm/circt/issues/6970
generators/rocket-chip-inclusive-cache/design/craft/inclusivecache/src/SinkC.scala:41:7: warning: module contains 1 printf-encoded verification operation(s), which are deprecated and will be removed in the future
generators/rocket-chip-inclusive-cache/design/craft/inclusivecache/src/SinkC.scala:90:12: note: example printf here, will just be a printf in the future
generators/rocket-chip-inclusive-cache/design/craft/inclusivecache/src/SinkC.scala:41:7: note: For more information, see https://github.com/llvm/circt/issues/6970
generators/rocket-chip-inclusive-cache/design/craft/inclusivecache/src/SinkD.scala:34:7: warning: module contains 1 printf-encoded verification operation(s), which are deprecated and will be removed in the future
generators/rocket-chip-inclusive-cache/design/craft/inclusivecache/src/SinkD.scala:82:10: note: example printf here, will just be a printf in the future
generators/rocket-chip-inclusive-cache/design/craft/inclusivecache/src/SinkD.scala:34:7: note: For more information, see https://github.com/llvm/circt/issues/6970
generators/rocket-chip-inclusive-cache/design/craft/inclusivecache/src/Directory.scala:56:7: warning: module contains 5 printf-encoded verification operation(s), which are deprecated and will be removed in the future
generators/rocket-chip-inclusive-cache/design/craft/inclusivecache/src/Directory.scala:86:10: note: example printf here, will just be a printf in the future
generators/rocket-chip-inclusive-cache/design/craft/inclusivecache/src/Directory.scala:56:7: note: For more information, see https://github.com/llvm/circt/issues/6970
generators/rocket-chip-inclusive-cache/design/craft/inclusivecache/src/ListBuffer.scala:36:7: warning: module contains 1 printf-encoded verification operation(s), which are deprecated and will be removed in the future
generators/rocket-chip-inclusive-cache/design/craft/inclusivecache/src/ListBuffer.scala:86:10: note: example printf here, will just be a printf in the future
generators/rocket-chip-inclusive-cache/design/craft/inclusivecache/src/ListBuffer.scala:36:7: note: For more information, see https://github.com/llvm/circt/issues/6970
generators/rocket-chip-inclusive-cache/design/craft/inclusivecache/src/MSHR.scala:84:7: warning: module contains 70 printf-encoded verification operation(s), which are deprecated and will be removed in the future
generators/rocket-chip-inclusive-cache/design/craft/inclusivecache/src/MSHR.scala:105:14: note: example printf here, will just be a printf in the future
generators/rocket-chip-inclusive-cache/design/craft/inclusivecache/src/MSHR.scala:84:7: note: For more information, see https://github.com/llvm/circt/issues/6970
generators/rocket-chip-inclusive-cache/design/craft/inclusivecache/src/MSHR.scala:84:7: warning: module contains 70 printf-encoded verification operation(s), which are deprecated and will be removed in the future
generators/rocket-chip-inclusive-cache/design/craft/inclusivecache/src/MSHR.scala:105:14: note: example printf here, will just be a printf in the future
generators/rocket-chip-inclusive-cache/design/craft/inclusivecache/src/MSHR.scala:84:7: note: For more information, see https://github.com/llvm/circt/issues/6970
generators/rocket-chip-inclusive-cache/design/craft/inclusivecache/src/MSHR.scala:84:7: warning: module contains 70 printf-encoded verification operation(s), which are deprecated and will be removed in the future
generators/rocket-chip-inclusive-cache/design/craft/inclusivecache/src/MSHR.scala:105:14: note: example printf here, will just be a printf in the future
generators/rocket-chip-inclusive-cache/design/craft/inclusivecache/src/MSHR.scala:84:7: note: For more information, see https://github.com/llvm/circt/issues/6970
generators/rocket-chip-inclusive-cache/design/craft/inclusivecache/src/MSHR.scala:84:7: warning: module contains 70 printf-encoded verification operation(s), which are deprecated and will be removed in the future
generators/rocket-chip-inclusive-cache/design/craft/inclusivecache/src/MSHR.scala:105:14: note: example printf here, will just be a printf in the future
generators/rocket-chip-inclusive-cache/design/craft/inclusivecache/src/MSHR.scala:84:7: note: For more information, see https://github.com/llvm/circt/issues/6970
generators/rocket-chip-inclusive-cache/design/craft/inclusivecache/src/MSHR.scala:84:7: warning: module contains 70 printf-encoded verification operation(s), which are deprecated and will be removed in the future
generators/rocket-chip-inclusive-cache/design/craft/inclusivecache/src/MSHR.scala:105:14: note: example printf here, will just be a printf in the future
generators/rocket-chip-inclusive-cache/design/craft/inclusivecache/src/MSHR.scala:84:7: note: For more information, see https://github.com/llvm/circt/issues/6970
generators/rocket-chip-inclusive-cache/design/craft/inclusivecache/src/MSHR.scala:84:7: warning: module contains 70 printf-encoded verification operation(s), which are deprecated and will be removed in the future
generators/rocket-chip-inclusive-cache/design/craft/inclusivecache/src/MSHR.scala:105:14: note: example printf here, will just be a printf in the future
generators/rocket-chip-inclusive-cache/design/craft/inclusivecache/src/MSHR.scala:84:7: note: For more information, see https://github.com/llvm/circt/issues/6970
generators/rocket-chip-inclusive-cache/design/craft/inclusivecache/src/MSHR.scala:84:7: warning: module contains 70 printf-encoded verification operation(s), which are deprecated and will be removed in the future
generators/rocket-chip-inclusive-cache/design/craft/inclusivecache/src/MSHR.scala:105:14: note: example printf here, will just be a printf in the future
generators/rocket-chip-inclusive-cache/design/craft/inclusivecache/src/MSHR.scala:84:7: note: For more information, see https://github.com/llvm/circt/issues/6970
generators/rocket-chip-inclusive-cache/design/craft/inclusivecache/src/Scheduler.scala:27:7: warning: module contains 3 printf-encoded verification operation(s), which are deprecated and will be removed in the future
generators/rocket-chip-inclusive-cache/design/craft/inclusivecache/src/Scheduler.scala:291:12: note: example printf here, will just be a printf in the future
generators/rocket-chip-inclusive-cache/design/craft/inclusivecache/src/Scheduler.scala:27:7: note: For more information, see https://github.com/llvm/circt/issues/6970
generators/rocket-chip/src/main/scala/tilelink/Monitor.scala:36:7: warning: module contains 210 printf-encoded verification operation(s), which are deprecated and will be removed in the future
generators/rocket-chip/src/main/scala/tilelink/Monitor.scala:45:11: note: example printf here, will just be a printf in the future
generators/rocket-chip/src/main/scala/tilelink/Monitor.scala:36:7: note: For more information, see https://github.com/llvm/circt/issues/6970
generators/rocket-chip/src/main/scala/tilelink/Monitor.scala:36:7: warning: module contains 210 printf-encoded verification operation(s), which are deprecated and will be removed in the future
generators/rocket-chip/src/main/scala/tilelink/Monitor.scala:45:11: note: example printf here, will just be a printf in the future
generators/rocket-chip/src/main/scala/tilelink/Monitor.scala:36:7: note: For more information, see https://github.com/llvm/circt/issues/6970
generators/rocket-chip/src/main/scala/util/IDPool.scala:8:7: warning: module contains 3 printf-encoded verification operation(s), which are deprecated and will be removed in the future
generators/rocket-chip/src/main/scala/util/IDPool.scala:44:10: note: example printf here, will just be a printf in the future
generators/rocket-chip/src/main/scala/util/IDPool.scala:8:7: note: For more information, see https://github.com/llvm/circt/issues/6970
generators/rocket-chip/src/main/scala/tilelink/CacheCork.scala:42:9: warning: module contains 6 printf-encoded verification operation(s), which are deprecated and will be removed in the future
generators/rocket-chip/src/main/scala/tilelink/CacheCork.scala:116:16: note: example printf here, will just be a printf in the future
generators/rocket-chip/src/main/scala/tilelink/CacheCork.scala:42:9: note: For more information, see https://github.com/llvm/circt/issues/6970
generators/rocket-chip/src/main/scala/tilelink/Monitor.scala:36:7: warning: module contains 114 printf-encoded verification operation(s), which are deprecated and will be removed in the future
generators/rocket-chip/src/main/scala/tilelink/Monitor.scala:45:11: note: example printf here, will just be a printf in the future
generators/rocket-chip/src/main/scala/tilelink/Monitor.scala:36:7: note: For more information, see https://github.com/llvm/circt/issues/6970
generators/rocket-chip/src/main/scala/tilelink/Monitor.scala:36:7: warning: module contains 210 printf-encoded verification operation(s), which are deprecated and will be removed in the future
generators/rocket-chip/src/main/scala/tilelink/Monitor.scala:45:11: note: example printf here, will just be a printf in the future
generators/rocket-chip/src/main/scala/tilelink/Monitor.scala:36:7: note: For more information, see https://github.com/llvm/circt/issues/6970
generators/rocket-chip/src/main/scala/tilelink/Monitor.scala:36:7: warning: module contains 114 printf-encoded verification operation(s), which are deprecated and will be removed in the future
generators/rocket-chip/src/main/scala/tilelink/Monitor.scala:45:11: note: example printf here, will just be a printf in the future
generators/rocket-chip/src/main/scala/tilelink/Monitor.scala:36:7: note: For more information, see https://github.com/llvm/circt/issues/6970
generators/rocket-chip/src/main/scala/tilelink/Xbar.scala:74:9: warning: module contains 3 printf-encoded verification operation(s), which are deprecated and will be removed in the future
generators/rocket-chip/src/main/scala/tilelink/Arbiter.scala:22:12: note: example printf here, will just be a printf in the future
generators/rocket-chip/src/main/scala/tilelink/Xbar.scala:74:9: note: For more information, see https://github.com/llvm/circt/issues/6970
generators/rocket-chip/src/main/scala/rocket/TLB.scala:318:7: warning: module contains 1 printf-encoded verification operation(s), which are deprecated and will be removed in the future
generators/rocket-chip/src/main/scala/rocket/TLB.scala:719:13: note: example printf here, will just be a printf in the future
generators/rocket-chip/src/main/scala/rocket/TLB.scala:318:7: note: For more information, see https://github.com/llvm/circt/issues/6970
generators/rocket-chip/src/main/scala/rocket/DCache.scala:120:32: warning: module contains 1 printf-encoded verification operation(s), which are deprecated and will be removed in the future
generators/rocket-chip/src/main/scala/rocket/TLB.scala:719:13: note: example printf here, will just be a printf in the future
generators/rocket-chip/src/main/scala/rocket/DCache.scala:120:32: note: For more information, see https://github.com/llvm/circt/issues/6970
generators/rocket-chip/src/main/scala/rocket/DCache.scala:101:7: warning: module contains 10 printf-encoded verification operation(s), which are deprecated and will be removed in the future
generators/rocket-chip/src/main/scala/rocket/DCache.scala:1186:11: note: example printf here, will just be a printf in the future
generators/rocket-chip/src/main/scala/rocket/DCache.scala:101:7: note: For more information, see https://github.com/llvm/circt/issues/6970
generators/rocket-chip/src/main/scala/rocket/ICache.scala:251:7: warning: module contains 3 printf-encoded verification operation(s), which are deprecated and will be removed in the future
generators/rocket-chip/src/main/scala/rocket/ICache.scala:413:11: note: example printf here, will just be a printf in the future
generators/rocket-chip/src/main/scala/rocket/ICache.scala:251:7: note: For more information, see https://github.com/llvm/circt/issues/6970
generators/rocket-chip/src/main/scala/rocket/TLB.scala:318:7: warning: module contains 1 printf-encoded verification operation(s), which are deprecated and will be removed in the future
generators/rocket-chip/src/main/scala/rocket/TLB.scala:719:13: note: example printf here, will just be a printf in the future
generators/rocket-chip/src/main/scala/rocket/TLB.scala:318:7: note: For more information, see https://github.com/llvm/circt/issues/6970
generators/rocket-chip/src/main/scala/rocket/Frontend.scala:82:7: warning: module contains 3 printf-encoded verification operation(s), which are deprecated and will be removed in the future
generators/rocket-chip/src/main/scala/rocket/Frontend.scala:96:9: note: example printf here, will just be a printf in the future
generators/rocket-chip/src/main/scala/rocket/Frontend.scala:82:7: note: For more information, see https://github.com/llvm/circt/issues/6970
generators/rocket-chip/src/main/scala/tile/FPU.scala:735:7: warning: module contains 3 printf-encoded verification operation(s), which are deprecated and will be removed in the future
generators/rocket-chip/src/main/scala/tile/FPU.scala:822:11: note: example printf here, will just be a printf in the future
generators/rocket-chip/src/main/scala/tile/FPU.scala:735:7: note: For more information, see https://github.com/llvm/circt/issues/6970
generators/rocket-chip/src/main/scala/rocket/PTW.scala:219:7: warning: module contains 5 printf-encoded verification operation(s), which are deprecated and will be removed in the future
generators/rocket-chip/src/main/scala/rocket/PTW.scala:395:9: note: example printf here, will just be a printf in the future
generators/rocket-chip/src/main/scala/rocket/PTW.scala:219:7: note: For more information, see https://github.com/llvm/circt/issues/6970
generators/rocket-chip/src/main/scala/rocket/IBuf.scala:21:7: warning: module contains 1 printf-encoded verification operation(s), which are deprecated and will be removed in the future
generators/rocket-chip/src/main/scala/rocket/IBuf.scala:79:9: note: example printf here, will just be a printf in the future
generators/rocket-chip/src/main/scala/rocket/IBuf.scala:21:7: note: For more information, see https://github.com/llvm/circt/issues/6970
generators/rocket-chip/src/main/scala/rocket/CSR.scala:377:7: warning: module contains 3 printf-encoded verification operation(s), which are deprecated and will be removed in the future
generators/rocket-chip/src/main/scala/rocket/CSR.scala:1021:9: note: example printf here, will just be a printf in the future
generators/rocket-chip/src/main/scala/rocket/CSR.scala:377:7: note: For more information, see https://github.com/llvm/circt/issues/6970
generators/rocket-chip/src/main/scala/util/PlusArg.scala:58:7: warning: module contains 1 printf-encoded verification operation(s), which are deprecated and will be removed in the future
generators/rocket-chip/src/main/scala/util/PlusArg.scala:64:12: note: example printf here, will just be a printf in the future
generators/rocket-chip/src/main/scala/util/PlusArg.scala:58:7: note: For more information, see https://github.com/llvm/circt/issues/6970
generators/rocket-chip/src/main/scala/rocket/RocketCore.scala:153:7: warning: module contains 1 printf-encoded verification operation(s), which are deprecated and will be removed in the future
generators/rocket-chip/src/main/scala/rocket/RocketCore.scala:855:11: note: example printf here, will just be a printf in the future
generators/rocket-chip/src/main/scala/rocket/RocketCore.scala:153:7: note: For more information, see https://github.com/llvm/circt/issues/6970
generators/rocket-chip/src/main/scala/tilelink/Monitor.scala:36:7: warning: module contains 210 printf-encoded verification operation(s), which are deprecated and will be removed in the future
generators/rocket-chip/src/main/scala/tilelink/Monitor.scala:45:11: note: example printf here, will just be a printf in the future
generators/rocket-chip/src/main/scala/tilelink/Monitor.scala:36:7: note: For more information, see https://github.com/llvm/circt/issues/6970
generators/rocket-chip/src/main/scala/tilelink/Monitor.scala:36:7: warning: module contains 112 printf-encoded verification operation(s), which are deprecated and will be removed in the future
generators/rocket-chip/src/main/scala/tilelink/Monitor.scala:45:11: note: example printf here, will just be a printf in the future
generators/rocket-chip/src/main/scala/tilelink/Monitor.scala:36:7: note: For more information, see https://github.com/llvm/circt/issues/6970
generators/rocket-chip/src/main/scala/tilelink/Monitor.scala:36:7: warning: module contains 114 printf-encoded verification operation(s), which are deprecated and will be removed in the future
generators/rocket-chip/src/main/scala/tilelink/Monitor.scala:45:11: note: example printf here, will just be a printf in the future
generators/rocket-chip/src/main/scala/tilelink/Monitor.scala:36:7: note: For more information, see https://github.com/llvm/circt/issues/6970
generators/rocket-chip/src/main/scala/devices/tilelink/Plic.scala:132:9: warning: module contains 4 printf-encoded verification operation(s), which are deprecated and will be removed in the future
generators/rocket-chip/src/main/scala/devices/tilelink/Plic.scala:251:11: note: example printf here, will just be a printf in the future
generators/rocket-chip/src/main/scala/devices/tilelink/Plic.scala:132:9: note: For more information, see https://github.com/llvm/circt/issues/6970
generators/rocket-chip/src/main/scala/tilelink/Monitor.scala:36:7: warning: module contains 112 printf-encoded verification operation(s), which are deprecated and will be removed in the future
generators/rocket-chip/src/main/scala/tilelink/Monitor.scala:45:11: note: example printf here, will just be a printf in the future
generators/rocket-chip/src/main/scala/tilelink/Monitor.scala:36:7: note: For more information, see https://github.com/llvm/circt/issues/6970
generators/rocket-chip/src/main/scala/tilelink/Xbar.scala:74:9: warning: module contains 3 printf-encoded verification operation(s), which are deprecated and will be removed in the future
generators/rocket-chip/src/main/scala/tilelink/Arbiter.scala:22:12: note: example printf here, will just be a printf in the future
generators/rocket-chip/src/main/scala/tilelink/Xbar.scala:74:9: note: For more information, see https://github.com/llvm/circt/issues/6970
generators/rocket-chip/src/main/scala/tilelink/Monitor.scala:36:7: warning: module contains 112 printf-encoded verification operation(s), which are deprecated and will be removed in the future
generators/rocket-chip/src/main/scala/tilelink/Monitor.scala:45:11: note: example printf here, will just be a printf in the future
generators/rocket-chip/src/main/scala/tilelink/Monitor.scala:36:7: note: For more information, see https://github.com/llvm/circt/issues/6970
generators/rocket-chip/src/main/scala/tilelink/Monitor.scala:36:7: warning: module contains 112 printf-encoded verification operation(s), which are deprecated and will be removed in the future
generators/rocket-chip/src/main/scala/tilelink/Monitor.scala:45:11: note: example printf here, will just be a printf in the future
generators/rocket-chip/src/main/scala/tilelink/Monitor.scala:36:7: note: For more information, see https://github.com/llvm/circt/issues/6970
generators/rocket-chip/src/main/scala/tilelink/Monitor.scala:36:7: warning: module contains 112 printf-encoded verification operation(s), which are deprecated and will be removed in the future
generators/rocket-chip/src/main/scala/tilelink/Monitor.scala:45:11: note: example printf here, will just be a printf in the future
generators/rocket-chip/src/main/scala/tilelink/Monitor.scala:36:7: note: For more information, see https://github.com/llvm/circt/issues/6970
generators/rocket-chip/src/main/scala/devices/tilelink/Error.scala:21:9: warning: module contains 3 printf-encoded verification operation(s), which are deprecated and will be removed in the future
generators/rocket-chip/src/main/scala/devices/tilelink/Error.scala:34:12: note: example printf here, will just be a printf in the future
generators/rocket-chip/src/main/scala/devices/tilelink/Error.scala:21:9: note: For more information, see https://github.com/llvm/circt/issues/6970
generators/rocket-chip/src/main/scala/tilelink/Monitor.scala:36:7: warning: module contains 114 printf-encoded verification operation(s), which are deprecated and will be removed in the future
generators/rocket-chip/src/main/scala/tilelink/Monitor.scala:45:11: note: example printf here, will just be a printf in the future
generators/rocket-chip/src/main/scala/tilelink/Monitor.scala:36:7: note: For more information, see https://github.com/llvm/circt/issues/6970
generators/rocket-chip/src/main/scala/devices/debug/SBA.scala:273:9: warning: module contains 1 printf-encoded verification operation(s), which are deprecated and will be removed in the future
generators/rocket-chip/src/main/scala/devices/debug/SBA.scala:373:12: note: example printf here, will just be a printf in the future
generators/rocket-chip/src/main/scala/devices/debug/SBA.scala:273:9: note: For more information, see https://github.com/llvm/circt/issues/6970
generators/rocket-chip/src/main/scala/tilelink/Monitor.scala:36:7: warning: module contains 112 printf-encoded verification operation(s), which are deprecated and will be removed in the future
generators/rocket-chip/src/main/scala/tilelink/Monitor.scala:45:11: note: example printf here, will just be a printf in the future
generators/rocket-chip/src/main/scala/tilelink/Monitor.scala:36:7: note: For more information, see https://github.com/llvm/circt/issues/6970
generators/rocket-chip/src/main/scala/tilelink/Monitor.scala:36:7: warning: module contains 112 printf-encoded verification operation(s), which are deprecated and will be removed in the future
generators/rocket-chip/src/main/scala/tilelink/Monitor.scala:45:11: note: example printf here, will just be a printf in the future
generators/rocket-chip/src/main/scala/tilelink/Monitor.scala:36:7: note: For more information, see https://github.com/llvm/circt/issues/6970
generators/rocket-chip/src/main/scala/devices/debug/Debug.scala:790:9: warning: module contains 5 printf-encoded verification operation(s), which are deprecated and will be removed in the future
generators/rocket-chip/src/main/scala/devices/debug/Debug.scala:1506:15: note: example printf here, will just be a printf in the future
generators/rocket-chip/src/main/scala/devices/debug/Debug.scala:790:9: note: For more information, see https://github.com/llvm/circt/issues/6970
generators/rocket-chip/src/main/scala/tilelink/Monitor.scala:36:7: warning: module contains 112 printf-encoded verification operation(s), which are deprecated and will be removed in the future
generators/rocket-chip/src/main/scala/tilelink/Monitor.scala:45:11: note: example printf here, will just be a printf in the future
generators/rocket-chip/src/main/scala/tilelink/Monitor.scala:36:7: note: For more information, see https://github.com/llvm/circt/issues/6970
generators/rocket-chip/src/main/scala/tilelink/Monitor.scala:36:7: warning: module contains 114 printf-encoded verification operation(s), which are deprecated and will be removed in the future
generators/rocket-chip/src/main/scala/tilelink/Monitor.scala:45:11: note: example printf here, will just be a printf in the future
generators/rocket-chip/src/main/scala/tilelink/Monitor.scala:36:7: note: For more information, see https://github.com/llvm/circt/issues/6970
generators/rocket-chip/src/main/scala/tilelink/SRAM.scala:63:9: warning: module contains 1 printf-encoded verification operation(s), which are deprecated and will be removed in the future
generators/rocket-chip/src/main/scala/tilelink/SRAM.scala:231:12: note: example printf here, will just be a printf in the future
generators/rocket-chip/src/main/scala/tilelink/SRAM.scala:63:9: note: For more information, see https://github.com/llvm/circt/issues/6970
generators/rocket-chip/src/main/scala/tilelink/Monitor.scala:36:7: warning: module contains 114 printf-encoded verification operation(s), which are deprecated and will be removed in the future
generators/rocket-chip/src/main/scala/tilelink/Monitor.scala:45:11: note: example printf here, will just be a printf in the future
generators/rocket-chip/src/main/scala/tilelink/Monitor.scala:36:7: note: For more information, see https://github.com/llvm/circt/issues/6970
generators/rocket-chip/src/main/scala/tilelink/Fragmenter.scala:92:9: warning: module contains 3 printf-encoded verification operation(s), which are deprecated and will be removed in the future
generators/rocket-chip/src/main/scala/tilelink/Fragmenter.scala:214:16: note: example printf here, will just be a printf in the future
generators/rocket-chip/src/main/scala/tilelink/Fragmenter.scala:92:9: note: For more information, see https://github.com/llvm/circt/issues/6970
generators/rocket-chip/src/main/scala/tilelink/Monitor.scala:36:7: warning: module contains 114 printf-encoded verification operation(s), which are deprecated and will be removed in the future
generators/rocket-chip/src/main/scala/tilelink/Monitor.scala:45:11: note: example printf here, will just be a printf in the future
generators/rocket-chip/src/main/scala/tilelink/Monitor.scala:36:7: note: For more information, see https://github.com/llvm/circt/issues/6970
generators/rocket-chip/src/main/scala/tilelink/Monitor.scala:36:7: warning: module contains 112 printf-encoded verification operation(s), which are deprecated and will be removed in the future
generators/rocket-chip/src/main/scala/tilelink/Monitor.scala:45:11: note: example printf here, will just be a printf in the future
generators/rocket-chip/src/main/scala/tilelink/Monitor.scala:36:7: note: For more information, see https://github.com/llvm/circt/issues/6970
generators/rocket-chip/src/main/scala/tilelink/Monitor.scala:36:7: warning: module contains 112 printf-encoded verification operation(s), which are deprecated and will be removed in the future
generators/rocket-chip/src/main/scala/tilelink/Monitor.scala:45:11: note: example printf here, will just be a printf in the future
generators/rocket-chip/src/main/scala/tilelink/Monitor.scala:36:7: note: For more information, see https://github.com/llvm/circt/issues/6970
generators/rocket-chip/src/main/scala/tilelink/Xbar.scala:74:9: warning: module contains 3 printf-encoded verification operation(s), which are deprecated and will be removed in the future
generators/rocket-chip/src/main/scala/tilelink/Arbiter.scala:22:12: note: example printf here, will just be a printf in the future
generators/rocket-chip/src/main/scala/tilelink/Xbar.scala:74:9: note: For more information, see https://github.com/llvm/circt/issues/6970
generators/rocket-chip/src/main/scala/tilelink/Monitor.scala:36:7: warning: module contains 112 printf-encoded verification operation(s), which are deprecated and will be removed in the future
generators/rocket-chip/src/main/scala/tilelink/Monitor.scala:45:11: note: example printf here, will just be a printf in the future
generators/rocket-chip/src/main/scala/tilelink/Monitor.scala:36:7: note: For more information, see https://github.com/llvm/circt/issues/6970
generators/rocket-chip/src/main/scala/tilelink/Monitor.scala:36:7: warning: module contains 112 printf-encoded verification operation(s), which are deprecated and will be removed in the future
generators/rocket-chip/src/main/scala/tilelink/Monitor.scala:45:11: note: example printf here, will just be a printf in the future
generators/rocket-chip/src/main/scala/tilelink/Monitor.scala:36:7: note: For more information, see https://github.com/llvm/circt/issues/6970
generators/rocket-chip/src/main/scala/tilelink/Fragmenter.scala:92:9: warning: module contains 3 printf-encoded verification operation(s), which are deprecated and will be removed in the future
generators/rocket-chip/src/main/scala/tilelink/Fragmenter.scala:214:16: note: example printf here, will just be a printf in the future
generators/rocket-chip/src/main/scala/tilelink/Fragmenter.scala:92:9: note: For more information, see https://github.com/llvm/circt/issues/6970
generators/rocket-chip/src/main/scala/tilelink/Monitor.scala:36:7: warning: module contains 112 printf-encoded verification operation(s), which are deprecated and will be removed in the future
generators/rocket-chip/src/main/scala/tilelink/Monitor.scala:45:11: note: example printf here, will just be a printf in the future
generators/rocket-chip/src/main/scala/tilelink/Monitor.scala:36:7: note: For more information, see https://github.com/llvm/circt/issues/6970
generators/rocket-chip/src/main/scala/tilelink/Monitor.scala:36:7: warning: module contains 112 printf-encoded verification operation(s), which are deprecated and will be removed in the future
generators/rocket-chip/src/main/scala/tilelink/Monitor.scala:45:11: note: example printf here, will just be a printf in the future
generators/rocket-chip/src/main/scala/tilelink/Monitor.scala:36:7: note: For more information, see https://github.com/llvm/circt/issues/6970
generators/rocket-chip/src/main/scala/tilelink/Fragmenter.scala:92:9: warning: module contains 3 printf-encoded verification operation(s), which are deprecated and will be removed in the future
generators/rocket-chip/src/main/scala/tilelink/Fragmenter.scala:214:16: note: example printf here, will just be a printf in the future
generators/rocket-chip/src/main/scala/tilelink/Fragmenter.scala:92:9: note: For more information, see https://github.com/llvm/circt/issues/6970
generators/rocket-chip/src/main/scala/jtag/JtagShifter.scala:137:7: warning: module contains 1 printf-encoded verification operation(s), which are deprecated and will be removed in the future
generators/rocket-chip/src/main/scala/jtag/JtagShifter.scala:185:9: note: example printf here, will just be a printf in the future
generators/rocket-chip/src/main/scala/jtag/JtagShifter.scala:137:7: note: For more information, see https://github.com/llvm/circt/issues/6970
generators/rocket-chip/src/main/scala/jtag/JtagShifter.scala:137:7: warning: module contains 1 printf-encoded verification operation(s), which are deprecated and will be removed in the future
generators/rocket-chip/src/main/scala/jtag/JtagShifter.scala:185:9: note: example printf here, will just be a printf in the future
generators/rocket-chip/src/main/scala/jtag/JtagShifter.scala:137:7: note: For more information, see https://github.com/llvm/circt/issues/6970
generators/rocket-chip/src/main/scala/jtag/JtagShifter.scala:89:7: warning: module contains 1 printf-encoded verification operation(s), which are deprecated and will be removed in the future
generators/rocket-chip/src/main/scala/jtag/JtagShifter.scala:118:9: note: example printf here, will just be a printf in the future
generators/rocket-chip/src/main/scala/jtag/JtagShifter.scala:89:7: note: For more information, see https://github.com/llvm/circt/issues/6970
generators/rocket-chip/src/main/scala/jtag/JtagShifter.scala:137:7: warning: module contains 1 printf-encoded verification operation(s), which are deprecated and will be removed in the future
generators/rocket-chip/src/main/scala/jtag/JtagShifter.scala:185:9: note: example printf here, will just be a printf in the future
generators/rocket-chip/src/main/scala/jtag/JtagShifter.scala:137:7: note: For more information, see https://github.com/llvm/circt/issues/6970
generators/rocket-chip/src/main/scala/jtag/JtagShifter.scala:56:7: warning: module contains 1 printf-encoded verification operation(s), which are deprecated and will be removed in the future
generators/rocket-chip/src/main/scala/jtag/JtagShifter.scala:72:9: note: example printf here, will just be a printf in the future
generators/rocket-chip/src/main/scala/jtag/JtagShifter.scala:56:7: note: For more information, see https://github.com/llvm/circt/issues/6970
generators/rocket-chip/src/main/scala/devices/debug/DebugTransport.scala:73:7: warning: module contains 3 printf-encoded verification operation(s), which are deprecated and will be removed in the future
generators/rocket-chip/src/main/scala/devices/debug/DebugTransport.scala:203:9: note: example printf here, will just be a printf in the future
generators/rocket-chip/src/main/scala/devices/debug/DebugTransport.scala:73:7: note: For more information, see https://github.com/llvm/circt/issues/6970
generators/testchipip/src/main/scala/uart/SimUART.scala:26:7: warning: module contains 1 printf-encoded verification operation(s), which are deprecated and will be removed in the future
generators/testchipip/src/main/scala/uart/SimUART.scala:48:35: note: example printf here, will just be a printf in the future
generators/testchipip/src/main/scala/uart/SimUART.scala:26:7: note: For more information, see https://github.com/llvm/circt/issues/6970
generators/rocket-chip/src/main/scala/tilelink/Monitor.scala:36:7: warning: module contains 114 printf-encoded verification operation(s), which are deprecated and will be removed in the future
generators/rocket-chip/src/main/scala/tilelink/Monitor.scala:45:11: note: example printf here, will just be a printf in the future
generators/rocket-chip/src/main/scala/tilelink/Monitor.scala:36:7: note: For more information, see https://github.com/llvm/circt/issues/6970
generators/testchipip/src/main/scala/tsi/TSIToTileLink.scala:36:7: warning: module contains 1 printf-encoded verification operation(s), which are deprecated and will be removed in the future
generators/testchipip/src/main/scala/tsi/TSIToTileLink.scala:137:15: note: example printf here, will just be a printf in the future
generators/testchipip/src/main/scala/tsi/TSIToTileLink.scala:36:7: note: For more information, see https://github.com/llvm/circt/issues/6970
generators/rocket-chip/src/main/scala/tilelink/Monitor.scala:36:7: warning: module contains 114 printf-encoded verification operation(s), which are deprecated and will be removed in the future
generators/rocket-chip/src/main/scala/tilelink/Monitor.scala:45:11: note: example printf here, will just be a printf in the future
generators/rocket-chip/src/main/scala/tilelink/Monitor.scala:36:7: note: For more information, see https://github.com/llvm/circt/issues/6970
generators/chipyard/src/main/scala/harness/TestHarness.scala:19:7: warning: module contains 2 printf-encoded verification operation(s), which are deprecated and will be removed in the future
generators/rocket-chip/src/main/scala/devices/debug/Periphery.scala:236:11: note: example printf here, will just be a printf in the future
generators/chipyard/src/main/scala/harness/TestHarness.scala:19:7: note: For more information, see https://github.com/llvm/circt/issues/6970
generators/rocket-chip/src/main/scala/prci/ClockDomain.scala:14:9: warning: unprocessed annotation:'freechips.rocketchip.util.RegFieldDescMappingAnnotation' still remaining after LowerToHW
generators/rocket-chip/src/main/scala/rocket/BTB.scala:187:7: warning: unprocessed annotation:'freechips.rocketchip.util.ParamsAnnotation' still remaining after LowerToHW
generators/rocket-chip/src/main/scala/tile/FPU.scala:697:7: warning: unprocessed annotation:'freechips.rocketchip.util.RetimeModuleAnnotation' still remaining after LowerToHW
generators/chipyard/src/main/scala/DigitalTop.scala:47:7: warning: unprocessed annotation:'freechips.rocketchip.util.AddressMapAnnotation' still remaining after LowerToHW
generators/rocket-chip/src/main/scala/util/DescribedSRAM.scala:17:26: warning: unprocessed annotation:'freechips.rocketchip.util.SRAMAnnotation' still remaining after LowerToHW
===-------------------------------------------------------------------------===
                         ... Execution time report ...
===-------------------------------------------------------------------------===
  Total Execution Time: 34.3327 seconds

  ----User Time----  ----Wall Time----  ----Name----
    4.0444 (  4.6%)    4.0444 ( 11.8%)  FIR Parser
    0.3180 (  0.4%)    0.3180 (  0.9%)    Parse annotations
    0.0000 (  0.0%)    0.0000 (  0.0%)    Parse OMIR
    2.7997 (  3.2%)    2.7997 (  8.2%)    Parse modules
    0.7987 (  0.9%)    0.7987 (  2.3%)    Verify circuit
   60.9153 ( 68.7%)   21.3735 ( 62.3%)  'firrtl.circuit' Pipeline
    0.0793 (  0.1%)    0.0793 (  0.2%)    LowerOpenAggs
    0.7240 (  0.8%)    0.7240 (  2.1%)    ResolvePaths
    0.0302 (  0.0%)    0.0302 (  0.1%)      (A) circt::firrtl::InstanceGraph
    0.6938 (  0.8%)    0.6938 (  2.0%)    LowerFIRRTLAnnotations
    0.0247 (  0.0%)    0.0247 (  0.1%)    LowerIntmodules
    0.0243 (  0.0%)    0.0243 (  0.1%)      (A) circt::firrtl::InstanceGraph
    0.6859 (  0.8%)    0.0910 (  0.3%)    'firrtl.module' Pipeline
    0.6318 (  0.7%)    0.0904 (  0.3%)      LowerIntrinsics
    0.8401 (  0.9%)    0.8401 (  2.4%)    LowerSignatures
    0.0002 (  0.0%)    0.0002 (  0.0%)    InjectDUTHierarchy
   13.9785 ( 15.8%)    2.5738 (  7.5%)    'firrtl.module' Pipeline
    2.6324 (  3.0%)    0.5154 (  1.5%)      PassiveWires
    4.1530 (  4.7%)    0.7589 (  2.2%)      DropName
    4.1399 (  4.7%)    0.7903 (  2.3%)      CSE
    0.0151 (  0.0%)    0.0030 (  0.0%)        (A) DominanceInfo
    0.6773 (  0.8%)    0.0954 (  0.3%)      LowerCHIRRTLPass
    2.2653 (  2.6%)    0.4323 (  1.3%)      LowerMatches
    1.4644 (  1.7%)    1.4644 (  4.3%)    InferWidths
    0.0004 (  0.0%)    0.0004 (  0.0%)      (A) SymbolTable
    0.0391 (  0.0%)    0.0391 (  0.1%)      (A) circt::hw::InnerSymbolTableCollection
    0.5757 (  0.6%)    0.5757 (  1.7%)    MemToRegOfVec
    0.8110 (  0.9%)    0.8110 (  2.4%)    InferResets
    0.0222 (  0.0%)    0.0222 (  0.1%)      (A) circt::firrtl::InstanceGraph
    0.6249 (  0.7%)    0.6249 (  1.8%)    DropConst
    0.0089 (  0.0%)    0.0089 (  0.0%)    HoistPassthrough
    1.2594 (  1.4%)    1.2594 (  3.7%)    Dedup
    0.0012 (  0.0%)    0.0012 (  0.0%)      (A) circt::firrtl::NLATable
    0.0004 (  0.0%)    0.0004 (  0.0%)      (A) SymbolTable
    2.0765 (  2.3%)    0.3605 (  1.0%)    'firrtl.module' Pipeline
    2.0714 (  2.3%)    0.3591 (  1.0%)      FlattenMemory
    1.0868 (  1.2%)    1.0868 (  3.2%)    LowerFIRRTLTypes
    0.0001 (  0.0%)    0.0001 (  0.0%)      (A) SymbolTable
    3.0248 (  3.4%)    0.4887 (  1.4%)    'any' Pipeline
    3.0199 (  3.4%)    0.4884 (  1.4%)      ExpandWhens
    5.6380 (  6.4%)    1.0649 (  3.1%)    'firrtl.module' Pipeline
    1.4443 (  1.6%)    0.3322 (  1.0%)      SFCCompat
    2.1309 (  2.4%)    0.3529 (  1.0%)      LayerMerge
    2.0549 (  2.3%)    0.3788 (  1.1%)      LayerSink
    0.0058 (  0.0%)    0.0013 (  0.0%)        (A) DominanceInfo
    0.7648 (  0.9%)    0.7648 (  2.2%)    LowerLayers
    1.3525 (  1.5%)    1.3525 (  3.9%)    Inliner
    0.0002 (  0.0%)    0.0002 (  0.0%)      (A) SymbolTable
    2.2967 (  2.6%)    0.4344 (  1.3%)    'firrtl.module' Pipeline
    2.2914 (  2.6%)    0.4339 (  1.3%)      RandomizeRegisterInit
    1.0325 (  1.2%)    1.0325 (  3.0%)    CheckCombLoops
    0.0205 (  0.0%)    0.0205 (  0.1%)      (A) circt::firrtl::InstanceGraph
   11.8414 ( 13.4%)    1.8611 (  5.4%)    'firrtl.module' Pipeline
   10.9884 ( 12.4%)    1.7481 (  5.1%)      Canonicalizer
    0.8465 (  1.0%)    0.1281 (  0.4%)      InferReadWrite
    0.3063 (  0.3%)    0.3063 (  0.9%)    LowerMemory
    0.0090 (  0.0%)    0.0090 (  0.0%)      (A) circt::firrtl::InstanceGraph
    0.0002 (  0.0%)    0.0002 (  0.0%)      (A) SymbolTable
    0.2900 (  0.3%)    0.2900 (  0.8%)    PrefixModules
    0.0096 (  0.0%)    0.0096 (  0.0%)      (A) circt::firrtl::InstanceGraph
    0.0005 (  0.0%)    0.0005 (  0.0%)      (A) circt::firrtl::NLATable
    1.1496 (  1.3%)    1.1496 (  3.3%)    IMConstProp
    0.0140 (  0.0%)    0.0140 (  0.0%)    HoistPassthrough
    0.0084 (  0.0%)    0.0084 (  0.0%)      (A) circt::firrtl::InstanceGraph
    0.9911 (  1.1%)    0.9911 (  2.9%)  IMDeadCodeElim
    0.0085 (  0.0%)    0.0085 (  0.0%)    (A) circt::firrtl::InstanceGraph
    0.0002 (  0.0%)    0.0002 (  0.0%)    (A) SymbolTable
    0.0139 (  0.0%)    0.0139 (  0.0%)    (A) circt::hw::InnerSymbolTableCollection
    0.0065 (  0.0%)    0.0065 (  0.0%)  'firrtl.circuit' Pipeline
    0.0064 (  0.0%)    0.0064 (  0.0%)    AddSeqMemPorts
    0.0054 (  0.0%)    0.0054 (  0.0%)      (A) circt::firrtl::InstanceGraph
    0.1830 (  0.2%)    0.1830 (  0.5%)  CreateSiFiveMetadata
    0.0057 (  0.0%)    0.0057 (  0.0%)    (A) circt::firrtl::InstanceGraph
    0.6482 (  0.7%)    0.6482 (  1.9%)  'firrtl.circuit' Pipeline
    0.0300 (  0.0%)    0.0300 (  0.1%)    ExtractInstances
    0.0056 (  0.0%)    0.0056 (  0.0%)      (A) circt::firrtl::InstanceGraph
    0.0004 (  0.0%)    0.0004 (  0.0%)      (A) circt::firrtl::NLATable
    0.0004 (  0.0%)    0.0004 (  0.0%)    GrandCentral
    0.1428 (  0.2%)    0.1428 (  0.4%)    BlackBoxReader
    0.4749 (  0.5%)    0.4749 (  1.4%)    SymbolDCE
    0.3872 (  0.4%)    0.3872 (  1.1%)  InnerSymbolDCE
    3.2796 (  3.7%)    1.0012 (  2.9%)  'firrtl.circuit' Pipeline
    2.2784 (  2.6%)    0.2402 (  0.7%)    'firrtl.module' Pipeline
    1.7830 (  2.0%)    0.2003 (  0.6%)      Canonicalizer
    0.4893 (  0.6%)    0.0601 (  0.2%)      RegisterOptimizer
    0.6959 (  0.8%)    0.6959 (  2.0%)    IMConstProp
    0.0058 (  0.0%)    0.0058 (  0.0%)      (A) circt::firrtl::InstanceGraph
    0.7455 (  0.8%)    0.7455 (  2.2%)  IMDeadCodeElim
    0.0059 (  0.0%)    0.0059 (  0.0%)    (A) circt::firrtl::InstanceGraph
    0.0001 (  0.0%)    0.0001 (  0.0%)    (A) SymbolTable
    0.0098 (  0.0%)    0.0098 (  0.0%)    (A) circt::hw::InnerSymbolTableCollection
    2.5067 (  2.8%)    0.9290 (  2.7%)  'firrtl.circuit' Pipeline
    0.0001 (  0.0%)    0.0001 (  0.0%)    EmitOMIR
    1.5172 (  1.7%)    0.1668 (  0.5%)    'firrtl.module' Pipeline
    0.0667 (  0.1%)    0.0153 (  0.0%)      MergeConnections
    1.4311 (  1.6%)    0.1596 (  0.5%)      Vectorization
    0.0360 (  0.0%)    0.0360 (  0.1%)    ResolveTraces
    0.0003 (  0.0%)    0.0003 (  0.0%)      (A) circt::firrtl::NLATable
    0.0096 (  0.0%)    0.0096 (  0.0%)      (A) circt::hw::InnerSymbolTableCollection
    0.2057 (  0.2%)    0.2057 (  0.6%)    LowerXMR
    0.0057 (  0.0%)    0.0057 (  0.0%)      (A) circt::firrtl::InstanceGraph
    0.3722 (  0.4%)    0.3722 (  1.1%)    LowerClasses
    0.0060 (  0.0%)    0.0060 (  0.0%)      (A) circt::firrtl::InstanceGraph
    0.0001 (  0.0%)    0.0001 (  0.0%)      (A) SymbolTable
    0.0034 (  0.0%)    0.0034 (  0.0%)    VerifyObjectFields
    0.0002 (  0.0%)    0.0002 (  0.0%)      (A) SymbolTable
    0.0604 (  0.1%)    0.0062 (  0.0%)    'firrtl.module' Pipeline
    0.0362 (  0.0%)    0.0043 (  0.0%)      Lint
    0.6717 (  0.8%)    0.6717 (  2.0%)  LowerFIRRTLToHW
    0.0063 (  0.0%)    0.0063 (  0.0%)    (A) circt::firrtl::InstanceGraph
    0.0004 (  0.0%)    0.0004 (  0.0%)    (A) circt::firrtl::NLATable
    4.5954 (  5.2%)    0.5072 (  1.5%)  'hw.module' Pipeline
    1.0455 (  1.2%)    0.1243 (  0.4%)    CSE
    0.0019 (  0.0%)    0.0005 (  0.0%)      (A) DominanceInfo
    3.5399 (  4.0%)    0.4047 (  1.2%)    Canonicalizer
    0.0111 (  0.0%)    0.0111 (  0.0%)  VerifyInnerRefNamespace
    0.0008 (  0.0%)    0.0008 (  0.0%)  VerifyObjectFields
    0.0002 (  0.0%)    0.0002 (  0.0%)    (A) SymbolTable
    0.0137 (  0.0%)    0.0137 (  0.0%)  ExternalizeClockGate
    0.1034 (  0.1%)    0.1034 (  0.3%)  LowerSimToSV
    0.4820 (  0.5%)    0.4820 (  1.4%)  LowerSeqToSV
    0.5826 (  0.7%)    0.0597 (  0.2%)  'hw.module' Pipeline
    0.5792 (  0.7%)    0.0592 (  0.2%)    LowerVerifToSV
    0.1241 (  0.1%)    0.1241 (  0.4%)  HWMemSimImpl
    3.0078 (  3.4%)    0.3164 (  0.9%)  'hw.module' Pipeline
    0.9824 (  1.1%)    0.1150 (  0.3%)    CSE
    0.0077 (  0.0%)    0.0053 (  0.0%)      (A) DominanceInfo
    1.2024 (  1.4%)    0.1488 (  0.4%)    Canonicalizer
    0.4862 (  0.5%)    0.0530 (  0.2%)    CSE
    0.0051 (  0.0%)    0.0019 (  0.0%)      (A) DominanceInfo
    0.2977 (  0.3%)    0.0367 (  0.1%)    HWCleanup
    0.0123 (  0.0%)    0.0123 (  0.0%)  VerifyInnerRefNamespace
    0.0008 (  0.0%)    0.0008 (  0.0%)  VerifyObjectFields
    0.0002 (  0.0%)    0.0002 (  0.0%)    (A) SymbolTable
    0.6807 (  0.8%)    0.0718 (  0.2%)  'hw.module' Pipeline
    0.0408 (  0.0%)    0.0050 (  0.0%)    HWLegalizeModules
    0.6322 (  0.7%)    0.0676 (  0.2%)    PrettifyVerilog
    0.1334 (  0.2%)    0.1334 (  0.4%)  StripDebugInfoWithPred
    0.0903 (  0.1%)    0.0903 (  0.3%)  HWExportModuleHierarchy
    0.0002 (  0.0%)    0.0002 (  0.0%)    (A) SymbolTable
    0.0128 (  0.0%)    0.0128 (  0.0%)  VerifyInnerRefNamespace
    0.0007 (  0.0%)    0.0007 (  0.0%)  VerifyObjectFields
    1.0311 (  1.2%)    1.0311 (  3.0%)  ExportSplitVerilog
    2.4435 (  2.8%)    0.4353 (  1.3%)  'builtin.module' Pipeline
    0.1399 (  0.2%)    0.1399 (  0.4%)    HWLowerInstanceChoices
    2.0082 (  2.3%)    0.2066 (  0.6%)    'hw.module' Pipeline
    2.0046 (  2.3%)    0.2061 (  0.6%)      PrepareForEmission
   -0.3353 ( -0.4%)   -0.3353 ( -1.0%)  Rest
   88.6053 (100.0%)   34.3327 (100.0%)  Total
sed -i 's/.*/& /' /work/chipyard/sims/verilator/generated-src/chipyard.harness.TestHarness.RocketConfig/chipyard.harness.TestHarness.RocketConfig.mems.conf # need trailing space for SFC macrocompiler
touch /work/chipyard/sims/verilator/generated-src/chipyard.harness.TestHarness.RocketConfig/gen-collateral/firrtl_black_box_resource_files.f # if there are no BB's then the file might not be generated, instead always generate it
/work/chipyard/scripts/uniquify-module-names.py \
	--model-hier-json /work/chipyard/sims/verilator/generated-src/chipyard.harness.TestHarness.RocketConfig/model_module_hierarchy.json \
	--top-hier-json /work/chipyard/sims/verilator/generated-src/chipyard.harness.TestHarness.RocketConfig/top_module_hierarchy.json \
	--in-all-filelist /work/chipyard/sims/verilator/generated-src/chipyard.harness.TestHarness.RocketConfig/gen-collateral/filelist.f \
	--in-bb-filelist /work/chipyard/sims/verilator/generated-src/chipyard.harness.TestHarness.RocketConfig/gen-collateral/firrtl_black_box_resource_files.f \
	--dut ChipTop \
	--model TestHarness \
	--target-dir /work/chipyard/sims/verilator/generated-src/chipyard.harness.TestHarness.RocketConfig/gen-collateral \
	--out-dut-filelist /work/chipyard/sims/verilator/generated-src/chipyard.harness.TestHarness.RocketConfig/chipyard.harness.TestHarness.RocketConfig.top.f \
	--out-model-filelist /work/chipyard/sims/verilator/generated-src/chipyard.harness.TestHarness.RocketConfig/chipyard.harness.TestHarness.RocketConfig.model.f \
	--out-model-hier-json /work/chipyard/sims/verilator/generated-src/chipyard.harness.TestHarness.RocketConfig/model_module_hierarchy.uniquified.json \
	--gcpath /work/chipyard/sims/verilator/generated-src/chipyard.harness.TestHarness.RocketConfig/gen-collateral
sed -i 's/module\( \+\)plusarg_reader/module\1plusarg_reader_TestHarness_UNIQUIFIED/' /work/chipyard/sims/verilator/generated-src/chipyard.harness.TestHarness.RocketConfig/gen-collateral/plusarg_reader_TestHarness_UNIQUIFIED.v
sed -i 's/\( \*\)plusarg_reader\( \+\)/\1plusarg_reader_TestHarness_UNIQUIFIED\2/' /work/chipyard/sims/verilator/generated-src/chipyard.harness.TestHarness.RocketConfig/gen-collateral/TestHarness.sv
sed -i 's/module\( \+\)plusarg_reader/module\1plusarg_reader_TestHarness_UNIQUIFIED/' /work/chipyard/sims/verilator/generated-src/chipyard.harness.TestHarness.RocketConfig/gen-collateral/plusarg_reader_TestHarness_UNIQUIFIED.v
sed -i 's/module\( \+\)ResetCatchAndSync_d3/module\1ResetCatchAndSync_d3_TestHarness_UNIQUIFIED/' /work/chipyard/sims/verilator/generated-src/chipyard.harness.TestHarness.RocketConfig/gen-collateral/ResetCatchAndSync_d3_TestHarness_UNIQUIFIED.sv
sed -i 's/\( \*\)ResetCatchAndSync_d3\( \+\)/\1ResetCatchAndSync_d3_TestHarness_UNIQUIFIED\2/' /work/chipyard/sims/verilator/generated-src/chipyard.harness.TestHarness.RocketConfig/gen-collateral/TestHarness.sv
sed -i 's/module\( \+\)UARTRx/module\1UARTRx_TestHarness_UNIQUIFIED/' /work/chipyard/sims/verilator/generated-src/chipyard.harness.TestHarness.RocketConfig/gen-collateral/UARTRx_TestHarness_UNIQUIFIED.sv
sed -i 's/\( \*\)UARTRx\( \+\)/\1UARTRx_TestHarness_UNIQUIFIED\2/' /work/chipyard/sims/verilator/generated-src/chipyard.harness.TestHarness.RocketConfig/gen-collateral/UARTAdapter.sv
sed -i 's/module\( \+\)Queue8_UInt8/module\1Queue8_UInt8_TestHarness_UNIQUIFIED/' /work/chipyard/sims/verilator/generated-src/chipyard.harness.TestHarness.RocketConfig/gen-collateral/Queue8_UInt8_TestHarness_UNIQUIFIED.sv
sed -i 's/\( \*\)Queue8_UInt8\( \+\)/\1Queue8_UInt8_TestHarness_UNIQUIFIED\2/' /work/chipyard/sims/verilator/generated-src/chipyard.harness.TestHarness.RocketConfig/gen-collateral/UARTAdapter.sv
sed -i 's/module\( \+\)UARTTx/module\1UARTTx_TestHarness_UNIQUIFIED/' /work/chipyard/sims/verilator/generated-src/chipyard.harness.TestHarness.RocketConfig/gen-collateral/UARTTx_TestHarness_UNIQUIFIED.sv
sed -i 's/\( \*\)UARTTx\( \+\)/\1UARTTx_TestHarness_UNIQUIFIED\2/' /work/chipyard/sims/verilator/generated-src/chipyard.harness.TestHarness.RocketConfig/gen-collateral/UARTAdapter.sv
sed -i 's/module\( \+\)Queue8_UInt8/module\1Queue8_UInt8_TestHarness_UNIQUIFIED/' /work/chipyard/sims/verilator/generated-src/chipyard.harness.TestHarness.RocketConfig/gen-collateral/Queue8_UInt8_TestHarness_UNIQUIFIED.sv
sed -i 's/module\( \+\)DecoupledSerialPhy/module\1DecoupledSerialPhy_TestHarness_UNIQUIFIED/' /work/chipyard/sims/verilator/generated-src/chipyard.harness.TestHarness.RocketConfig/gen-collateral/DecoupledSerialPhy_TestHarness_UNIQUIFIED.sv
sed -i 's/\( \*\)DecoupledSerialPhy\( \+\)/\1DecoupledSerialPhy_TestHarness_UNIQUIFIED\2/' /work/chipyard/sims/verilator/generated-src/chipyard.harness.TestHarness.RocketConfig/gen-collateral/SerialRAM.sv
sed -i 's/module\( \+\)AsyncResetSynchronizerShiftReg_w1_d3_i0/module\1AsyncResetSynchronizerShiftReg_w1_d3_i0_TestHarness_UNIQUIFIED/' /work/chipyard/sims/verilator/generated-src/chipyard.harness.TestHarness.RocketConfig/gen-collateral/AsyncResetSynchronizerShiftReg_w1_d3_i0_TestHarness_UNIQUIFIED.sv
sed -i 's/\( \*\)AsyncResetSynchronizerShiftReg_w1_d3_i0\( \+\)/\1AsyncResetSynchronizerShiftReg_w1_d3_i0_TestHarness_UNIQUIFIED\2/' /work/chipyard/sims/verilator/generated-src/chipyard.harness.TestHarness.RocketConfig/gen-collateral/ResetCatchAndSync_d3_TestHarness_UNIQUIFIED.sv
sed -i 's/module\( \+\)ram_8x8/module\1ram_8x8_TestHarness_UNIQUIFIED/' /work/chipyard/sims/verilator/generated-src/chipyard.harness.TestHarness.RocketConfig/gen-collateral/ram_8x8_TestHarness_UNIQUIFIED.sv
sed -i 's/\( \*\)ram_8x8\( \+\)/\1ram_8x8_TestHarness_UNIQUIFIED\2/' /work/chipyard/sims/verilator/generated-src/chipyard.harness.TestHarness.RocketConfig/gen-collateral/Queue8_UInt8_TestHarness_UNIQUIFIED.sv
sed -i 's/module\( \+\)plusarg_reader/module\1plusarg_reader_TestHarness_UNIQUIFIED/' /work/chipyard/sims/verilator/generated-src/chipyard.harness.TestHarness.RocketConfig/gen-collateral/plusarg_reader_TestHarness_UNIQUIFIED.v
sed -i 's/\( \*\)plusarg_reader\( \+\)/\1plusarg_reader_TestHarness_UNIQUIFIED\2/' /work/chipyard/sims/verilator/generated-src/chipyard.harness.TestHarness.RocketConfig/gen-collateral/UARTTx_TestHarness_UNIQUIFIED.sv
sed -i 's/module\( \+\)plusarg_reader/module\1plusarg_reader_TestHarness_UNIQUIFIED/' /work/chipyard/sims/verilator/generated-src/chipyard.harness.TestHarness.RocketConfig/gen-collateral/plusarg_reader_TestHarness_UNIQUIFIED.v
sed -i 's/module\( \+\)ram_8x8/module\1ram_8x8_TestHarness_UNIQUIFIED/' /work/chipyard/sims/verilator/generated-src/chipyard.harness.TestHarness.RocketConfig/gen-collateral/ram_8x8_TestHarness_UNIQUIFIED.sv
sed -i 's/module\( \+\)GenericDeserializer_TLBeatw10_f32/module\1GenericDeserializer_TLBeatw10_f32_TestHarness_UNIQUIFIED/' /work/chipyard/sims/verilator/generated-src/chipyard.harness.TestHarness.RocketConfig/gen-collateral/GenericDeserializer_TLBeatw10_f32_TestHarness_UNIQUIFIED.sv
sed -i 's/\( \*\)GenericDeserializer_TLBeatw10_f32\( \+\)/\1GenericDeserializer_TLBeatw10_f32_TestHarness_UNIQUIFIED\2/' /work/chipyard/sims/verilator/generated-src/chipyard.harness.TestHarness.RocketConfig/gen-collateral/TLSerdesser_SerialRAM.sv
sed -i 's/module\( \+\)GenericDeserializer_TLBeatw67_f32/module\1GenericDeserializer_TLBeatw67_f32_TestHarness_UNIQUIFIED/' /work/chipyard/sims/verilator/generated-src/chipyard.harness.TestHarness.RocketConfig/gen-collateral/GenericDeserializer_TLBeatw67_f32_TestHarness_UNIQUIFIED.sv
sed -i 's/\( \*\)GenericDeserializer_TLBeatw67_f32\( \+\)/\1GenericDeserializer_TLBeatw67_f32_TestHarness_UNIQUIFIED\2/' /work/chipyard/sims/verilator/generated-src/chipyard.harness.TestHarness.RocketConfig/gen-collateral/TLSerdesser_SerialRAM.sv
sed -i 's/module\( \+\)GenericDeserializer_TLBeatw88_f32/module\1GenericDeserializer_TLBeatw88_f32_TestHarness_UNIQUIFIED/' /work/chipyard/sims/verilator/generated-src/chipyard.harness.TestHarness.RocketConfig/gen-collateral/GenericDeserializer_TLBeatw88_f32_TestHarness_UNIQUIFIED.sv
sed -i 's/\( \*\)GenericDeserializer_TLBeatw88_f32\( \+\)/\1GenericDeserializer_TLBeatw88_f32_TestHarness_UNIQUIFIED\2/' /work/chipyard/sims/verilator/generated-src/chipyard.harness.TestHarness.RocketConfig/gen-collateral/TLSerdesser_SerialRAM.sv
sed -i 's/module\( \+\)GenericDeserializer_TLBeatw87_f32/module\1GenericDeserializer_TLBeatw87_f32_TestHarness_UNIQUIFIED/' /work/chipyard/sims/verilator/generated-src/chipyard.harness.TestHarness.RocketConfig/gen-collateral/GenericDeserializer_TLBeatw87_f32_TestHarness_UNIQUIFIED.sv
sed -i 's/\( \*\)GenericDeserializer_TLBeatw87_f32\( \+\)/\1GenericDeserializer_TLBeatw87_f32_TestHarness_UNIQUIFIED\2/' /work/chipyard/sims/verilator/generated-src/chipyard.harness.TestHarness.RocketConfig/gen-collateral/TLSerdesser_SerialRAM.sv
sed -i 's/module\( \+\)GenericDeserializer_TLBeatw88_f32/module\1GenericDeserializer_TLBeatw88_f32_TestHarness_UNIQUIFIED/' /work/chipyard/sims/verilator/generated-src/chipyard.harness.TestHarness.RocketConfig/gen-collateral/GenericDeserializer_TLBeatw88_f32_TestHarness_UNIQUIFIED.sv
sed -i 's/module\( \+\)AsyncQueue/module\1AsyncQueue_TestHarness_UNIQUIFIED/' /work/chipyard/sims/verilator/generated-src/chipyard.harness.TestHarness.RocketConfig/gen-collateral/AsyncQueue_TestHarness_UNIQUIFIED.sv
sed -i 's/\( \*\)AsyncQueue\( \+\)/\1AsyncQueue_TestHarness_UNIQUIFIED\2/' /work/chipyard/sims/verilator/generated-src/chipyard.harness.TestHarness.RocketConfig/gen-collateral/DecoupledSerialPhy_TestHarness_UNIQUIFIED.sv
sed -i 's/module\( \+\)Queue8_Flit/module\1Queue8_Flit_TestHarness_UNIQUIFIED/' /work/chipyard/sims/verilator/generated-src/chipyard.harness.TestHarness.RocketConfig/gen-collateral/Queue8_Flit_TestHarness_UNIQUIFIED.sv
sed -i 's/\( \*\)Queue8_Flit\( \+\)/\1Queue8_Flit_TestHarness_UNIQUIFIED\2/' /work/chipyard/sims/verilator/generated-src/chipyard.harness.TestHarness.RocketConfig/gen-collateral/DecoupledSerialPhy_TestHarness_UNIQUIFIED.sv
sed -i 's/module\( \+\)FlitToPhit_f32_p32/module\1FlitToPhit_f32_p32_TestHarness_UNIQUIFIED/' /work/chipyard/sims/verilator/generated-src/chipyard.harness.TestHarness.RocketConfig/gen-collateral/FlitToPhit_f32_p32_TestHarness_UNIQUIFIED.sv
sed -i 's/\( \*\)FlitToPhit_f32_p32\( \+\)/\1FlitToPhit_f32_p32_TestHarness_UNIQUIFIED\2/' /work/chipyard/sims/verilator/generated-src/chipyard.harness.TestHarness.RocketConfig/gen-collateral/DecoupledSerialPhy_TestHarness_UNIQUIFIED.sv
sed -i 's/module\( \+\)AsyncQueue/module\1AsyncQueue_TestHarness_UNIQUIFIED/' /work/chipyard/sims/verilator/generated-src/chipyard.harness.TestHarness.RocketConfig/gen-collateral/AsyncQueue_TestHarness_UNIQUIFIED.sv
sed -i 's/module\( \+\)Queue8_Flit/module\1Queue8_Flit_TestHarness_UNIQUIFIED/' /work/chipyard/sims/verilator/generated-src/chipyard.harness.TestHarness.RocketConfig/gen-collateral/Queue8_Flit_TestHarness_UNIQUIFIED.sv
sed -i 's/module\( \+\)FlitToPhit_f32_p32/module\1FlitToPhit_f32_p32_TestHarness_UNIQUIFIED/' /work/chipyard/sims/verilator/generated-src/chipyard.harness.TestHarness.RocketConfig/gen-collateral/FlitToPhit_f32_p32_TestHarness_UNIQUIFIED.sv
sed -i 's/module\( \+\)AsyncQueue/module\1AsyncQueue_TestHarness_UNIQUIFIED/' /work/chipyard/sims/verilator/generated-src/chipyard.harness.TestHarness.RocketConfig/gen-collateral/AsyncQueue_TestHarness_UNIQUIFIED.sv
sed -i 's/module\( \+\)Queue8_Flit/module\1Queue8_Flit_TestHarness_UNIQUIFIED/' /work/chipyard/sims/verilator/generated-src/chipyard.harness.TestHarness.RocketConfig/gen-collateral/Queue8_Flit_TestHarness_UNIQUIFIED.sv
sed -i 's/module\( \+\)FlitToPhit_f32_p32/module\1FlitToPhit_f32_p32_TestHarness_UNIQUIFIED/' /work/chipyard/sims/verilator/generated-src/chipyard.harness.TestHarness.RocketConfig/gen-collateral/FlitToPhit_f32_p32_TestHarness_UNIQUIFIED.sv
sed -i 's/module\( \+\)AsyncQueue/module\1AsyncQueue_TestHarness_UNIQUIFIED/' /work/chipyard/sims/verilator/generated-src/chipyard.harness.TestHarness.RocketConfig/gen-collateral/AsyncQueue_TestHarness_UNIQUIFIED.sv
sed -i 's/module\( \+\)Queue8_Flit/module\1Queue8_Flit_TestHarness_UNIQUIFIED/' /work/chipyard/sims/verilator/generated-src/chipyard.harness.TestHarness.RocketConfig/gen-collateral/Queue8_Flit_TestHarness_UNIQUIFIED.sv
sed -i 's/module\( \+\)FlitToPhit_f32_p32/module\1FlitToPhit_f32_p32_TestHarness_UNIQUIFIED/' /work/chipyard/sims/verilator/generated-src/chipyard.harness.TestHarness.RocketConfig/gen-collateral/FlitToPhit_f32_p32_TestHarness_UNIQUIFIED.sv
sed -i 's/module\( \+\)AsyncQueue/module\1AsyncQueue_TestHarness_UNIQUIFIED/' /work/chipyard/sims/verilator/generated-src/chipyard.harness.TestHarness.RocketConfig/gen-collateral/AsyncQueue_TestHarness_UNIQUIFIED.sv
sed -i 's/module\( \+\)Queue8_Flit/module\1Queue8_Flit_TestHarness_UNIQUIFIED/' /work/chipyard/sims/verilator/generated-src/chipyard.harness.TestHarness.RocketConfig/gen-collateral/Queue8_Flit_TestHarness_UNIQUIFIED.sv
sed -i 's/module\( \+\)FlitToPhit_f32_p32/module\1FlitToPhit_f32_p32_TestHarness_UNIQUIFIED/' /work/chipyard/sims/verilator/generated-src/chipyard.harness.TestHarness.RocketConfig/gen-collateral/FlitToPhit_f32_p32_TestHarness_UNIQUIFIED.sv
sed -i 's/module\( \+\)PhitArbiter_p32_f32_n5/module\1PhitArbiter_p32_f32_n5_TestHarness_UNIQUIFIED/' /work/chipyard/sims/verilator/generated-src/chipyard.harness.TestHarness.RocketConfig/gen-collateral/PhitArbiter_p32_f32_n5_TestHarness_UNIQUIFIED.sv
sed -i 's/\( \*\)PhitArbiter_p32_f32_n5\( \+\)/\1PhitArbiter_p32_f32_n5_TestHarness_UNIQUIFIED\2/' /work/chipyard/sims/verilator/generated-src/chipyard.harness.TestHarness.RocketConfig/gen-collateral/DecoupledSerialPhy_TestHarness_UNIQUIFIED.sv
sed -i 's/module\( \+\)AsyncQueue/module\1AsyncQueue_TestHarness_UNIQUIFIED/' /work/chipyard/sims/verilator/generated-src/chipyard.harness.TestHarness.RocketConfig/gen-collateral/AsyncQueue_TestHarness_UNIQUIFIED.sv
sed -i 's/module\( \+\)PhitToFlit_p32_f32/module\1PhitToFlit_p32_f32_TestHarness_UNIQUIFIED/' /work/chipyard/sims/verilator/generated-src/chipyard.harness.TestHarness.RocketConfig/gen-collateral/PhitToFlit_p32_f32_TestHarness_UNIQUIFIED.sv
sed -i 's/\( \*\)PhitToFlit_p32_f32\( \+\)/\1PhitToFlit_p32_f32_TestHarness_UNIQUIFIED\2/' /work/chipyard/sims/verilator/generated-src/chipyard.harness.TestHarness.RocketConfig/gen-collateral/DecoupledSerialPhy_TestHarness_UNIQUIFIED.sv
sed -i 's/module\( \+\)Queue8_Flit/module\1Queue8_Flit_TestHarness_UNIQUIFIED/' /work/chipyard/sims/verilator/generated-src/chipyard.harness.TestHarness.RocketConfig/gen-collateral/Queue8_Flit_TestHarness_UNIQUIFIED.sv
sed -i 's/module\( \+\)AsyncQueue/module\1AsyncQueue_TestHarness_UNIQUIFIED/' /work/chipyard/sims/verilator/generated-src/chipyard.harness.TestHarness.RocketConfig/gen-collateral/AsyncQueue_TestHarness_UNIQUIFIED.sv
sed -i 's/module\( \+\)PhitToFlit_p32_f32/module\1PhitToFlit_p32_f32_TestHarness_UNIQUIFIED/' /work/chipyard/sims/verilator/generated-src/chipyard.harness.TestHarness.RocketConfig/gen-collateral/PhitToFlit_p32_f32_TestHarness_UNIQUIFIED.sv
sed -i 's/module\( \+\)Queue8_Flit/module\1Queue8_Flit_TestHarness_UNIQUIFIED/' /work/chipyard/sims/verilator/generated-src/chipyard.harness.TestHarness.RocketConfig/gen-collateral/Queue8_Flit_TestHarness_UNIQUIFIED.sv
sed -i 's/module\( \+\)AsyncQueue/module\1AsyncQueue_TestHarness_UNIQUIFIED/' /work/chipyard/sims/verilator/generated-src/chipyard.harness.TestHarness.RocketConfig/gen-collateral/AsyncQueue_TestHarness_UNIQUIFIED.sv
sed -i 's/module\( \+\)PhitToFlit_p32_f32/module\1PhitToFlit_p32_f32_TestHarness_UNIQUIFIED/' /work/chipyard/sims/verilator/generated-src/chipyard.harness.TestHarness.RocketConfig/gen-collateral/PhitToFlit_p32_f32_TestHarness_UNIQUIFIED.sv
sed -i 's/module\( \+\)Queue8_Flit/module\1Queue8_Flit_TestHarness_UNIQUIFIED/' /work/chipyard/sims/verilator/generated-src/chipyard.harness.TestHarness.RocketConfig/gen-collateral/Queue8_Flit_TestHarness_UNIQUIFIED.sv
sed -i 's/module\( \+\)AsyncQueue/module\1AsyncQueue_TestHarness_UNIQUIFIED/' /work/chipyard/sims/verilator/generated-src/chipyard.harness.TestHarness.RocketConfig/gen-collateral/AsyncQueue_TestHarness_UNIQUIFIED.sv
sed -i 's/module\( \+\)PhitToFlit_p32_f32/module\1PhitToFlit_p32_f32_TestHarness_UNIQUIFIED/' /work/chipyard/sims/verilator/generated-src/chipyard.harness.TestHarness.RocketConfig/gen-collateral/PhitToFlit_p32_f32_TestHarness_UNIQUIFIED.sv
sed -i 's/module\( \+\)Queue8_Flit/module\1Queue8_Flit_TestHarness_UNIQUIFIED/' /work/chipyard/sims/verilator/generated-src/chipyard.harness.TestHarness.RocketConfig/gen-collateral/Queue8_Flit_TestHarness_UNIQUIFIED.sv
sed -i 's/module\( \+\)AsyncQueue/module\1AsyncQueue_TestHarness_UNIQUIFIED/' /work/chipyard/sims/verilator/generated-src/chipyard.harness.TestHarness.RocketConfig/gen-collateral/AsyncQueue_TestHarness_UNIQUIFIED.sv
sed -i 's/module\( \+\)PhitToFlit_p32_f32/module\1PhitToFlit_p32_f32_TestHarness_UNIQUIFIED/' /work/chipyard/sims/verilator/generated-src/chipyard.harness.TestHarness.RocketConfig/gen-collateral/PhitToFlit_p32_f32_TestHarness_UNIQUIFIED.sv
sed -i 's/module\( \+\)Queue8_Flit/module\1Queue8_Flit_TestHarness_UNIQUIFIED/' /work/chipyard/sims/verilator/generated-src/chipyard.harness.TestHarness.RocketConfig/gen-collateral/Queue8_Flit_TestHarness_UNIQUIFIED.sv
sed -i 's/module\( \+\)PhitDemux_p32_f32_n5/module\1PhitDemux_p32_f32_n5_TestHarness_UNIQUIFIED/' /work/chipyard/sims/verilator/generated-src/chipyard.harness.TestHarness.RocketConfig/gen-collateral/PhitDemux_p32_f32_n5_TestHarness_UNIQUIFIED.sv
sed -i 's/\( \*\)PhitDemux_p32_f32_n5\( \+\)/\1PhitDemux_p32_f32_n5_TestHarness_UNIQUIFIED\2/' /work/chipyard/sims/verilator/generated-src/chipyard.harness.TestHarness.RocketConfig/gen-collateral/DecoupledSerialPhy_TestHarness_UNIQUIFIED.sv
sed -i 's/module\( \+\)AsyncResetSynchronizerPrimitiveShiftReg_d3_i0/module\1AsyncResetSynchronizerPrimitiveShiftReg_d3_i0_TestHarness_UNIQUIFIED/' /work/chipyard/sims/verilator/generated-src/chipyard.harness.TestHarness.RocketConfig/gen-collateral/AsyncResetSynchronizerPrimitiveShiftReg_d3_i0_TestHarness_UNIQUIFIED.sv
sed -i 's/\( \*\)AsyncResetSynchronizerPrimitiveShiftReg_d3_i0\( \+\)/\1AsyncResetSynchronizerPrimitiveShiftReg_d3_i0_TestHarness_UNIQUIFIED\2/' /work/chipyard/sims/verilator/generated-src/chipyard.harness.TestHarness.RocketConfig/gen-collateral/AsyncResetSynchronizerShiftReg_w1_d3_i0_TestHarness_UNIQUIFIED.sv
sed -i 's/module\( \+\)plusarg_reader/module\1plusarg_reader_TestHarness_UNIQUIFIED/' /work/chipyard/sims/verilator/generated-src/chipyard.harness.TestHarness.RocketConfig/gen-collateral/plusarg_reader_TestHarness_UNIQUIFIED.v
sed -i 's/\( \*\)plusarg_reader\( \+\)/\1plusarg_reader_TestHarness_UNIQUIFIED\2/' /work/chipyard/sims/verilator/generated-src/chipyard.harness.TestHarness.RocketConfig/gen-collateral/TLMonitor_60.sv
sed -i 's/module\( \+\)plusarg_reader/module\1plusarg_reader_TestHarness_UNIQUIFIED/' /work/chipyard/sims/verilator/generated-src/chipyard.harness.TestHarness.RocketConfig/gen-collateral/plusarg_reader_TestHarness_UNIQUIFIED.v
sed -i 's/module\( \+\)plusarg_reader/module\1plusarg_reader_TestHarness_UNIQUIFIED/' /work/chipyard/sims/verilator/generated-src/chipyard.harness.TestHarness.RocketConfig/gen-collateral/plusarg_reader_TestHarness_UNIQUIFIED.v
sed -i 's/\( \*\)plusarg_reader\( \+\)/\1plusarg_reader_TestHarness_UNIQUIFIED\2/' /work/chipyard/sims/verilator/generated-src/chipyard.harness.TestHarness.RocketConfig/gen-collateral/TLMonitor_61.sv
sed -i 's/module\( \+\)plusarg_reader/module\1plusarg_reader_TestHarness_UNIQUIFIED/' /work/chipyard/sims/verilator/generated-src/chipyard.harness.TestHarness.RocketConfig/gen-collateral/plusarg_reader_TestHarness_UNIQUIFIED.v
sed -i 's/module\( \+\)ram_2x79/module\1ram_2x79_TestHarness_UNIQUIFIED/' /work/chipyard/sims/verilator/generated-src/chipyard.harness.TestHarness.RocketConfig/gen-collateral/ram_2x79_TestHarness_UNIQUIFIED.sv
sed -i 's/\( \*\)ram_2x79\( \+\)/\1ram_2x79_TestHarness_UNIQUIFIED\2/' /work/chipyard/sims/verilator/generated-src/chipyard.harness.TestHarness.RocketConfig/gen-collateral/Queue2_TLBundleD_a32d64s1k3z4u.sv
sed -i 's/module\( \+\)AsyncQueueSource_Phit/module\1AsyncQueueSource_Phit_TestHarness_UNIQUIFIED/' /work/chipyard/sims/verilator/generated-src/chipyard.harness.TestHarness.RocketConfig/gen-collateral/AsyncQueueSource_Phit_TestHarness_UNIQUIFIED.sv
sed -i 's/\( \*\)AsyncQueueSource_Phit\( \+\)/\1AsyncQueueSource_Phit_TestHarness_UNIQUIFIED\2/' /work/chipyard/sims/verilator/generated-src/chipyard.harness.TestHarness.RocketConfig/gen-collateral/AsyncQueue_TestHarness_UNIQUIFIED.sv
sed -i 's/module\( \+\)AsyncQueueSink_Phit/module\1AsyncQueueSink_Phit_TestHarness_UNIQUIFIED/' /work/chipyard/sims/verilator/generated-src/chipyard.harness.TestHarness.RocketConfig/gen-collateral/AsyncQueueSink_Phit_TestHarness_UNIQUIFIED.sv
sed -i 's/\( \*\)AsyncQueueSink_Phit\( \+\)/\1AsyncQueueSink_Phit_TestHarness_UNIQUIFIED\2/' /work/chipyard/sims/verilator/generated-src/chipyard.harness.TestHarness.RocketConfig/gen-collateral/AsyncQueue_TestHarness_UNIQUIFIED.sv
sed -i 's/module\( \+\)ram_flit_8x32/module\1ram_flit_8x32_TestHarness_UNIQUIFIED/' /work/chipyard/sims/verilator/generated-src/chipyard.harness.TestHarness.RocketConfig/gen-collateral/ram_flit_8x32_TestHarness_UNIQUIFIED.sv
sed -i 's/\( \*\)ram_flit_8x32\( \+\)/\1ram_flit_8x32_TestHarness_UNIQUIFIED\2/' /work/chipyard/sims/verilator/generated-src/chipyard.harness.TestHarness.RocketConfig/gen-collateral/Queue8_Flit_TestHarness_UNIQUIFIED.sv
sed -i 's/module\( \+\)AsyncQueueSource_Phit/module\1AsyncQueueSource_Phit_TestHarness_UNIQUIFIED/' /work/chipyard/sims/verilator/generated-src/chipyard.harness.TestHarness.RocketConfig/gen-collateral/AsyncQueueSource_Phit_TestHarness_UNIQUIFIED.sv
sed -i 's/module\( \+\)AsyncQueueSink_Phit/module\1AsyncQueueSink_Phit_TestHarness_UNIQUIFIED/' /work/chipyard/sims/verilator/generated-src/chipyard.harness.TestHarness.RocketConfig/gen-collateral/AsyncQueueSink_Phit_TestHarness_UNIQUIFIED.sv
sed -i 's/module\( \+\)ram_flit_8x32/module\1ram_flit_8x32_TestHarness_UNIQUIFIED/' /work/chipyard/sims/verilator/generated-src/chipyard.harness.TestHarness.RocketConfig/gen-collateral/ram_flit_8x32_TestHarness_UNIQUIFIED.sv
sed -i 's/module\( \+\)AsyncQueueSource_Phit/module\1AsyncQueueSource_Phit_TestHarness_UNIQUIFIED/' /work/chipyard/sims/verilator/generated-src/chipyard.harness.TestHarness.RocketConfig/gen-collateral/AsyncQueueSource_Phit_TestHarness_UNIQUIFIED.sv
sed -i 's/module\( \+\)AsyncQueueSink_Phit/module\1AsyncQueueSink_Phit_TestHarness_UNIQUIFIED/' /work/chipyard/sims/verilator/generated-src/chipyard.harness.TestHarness.RocketConfig/gen-collateral/AsyncQueueSink_Phit_TestHarness_UNIQUIFIED.sv
sed -i 's/module\( \+\)ram_flit_8x32/module\1ram_flit_8x32_TestHarness_UNIQUIFIED/' /work/chipyard/sims/verilator/generated-src/chipyard.harness.TestHarness.RocketConfig/gen-collateral/ram_flit_8x32_TestHarness_UNIQUIFIED.sv
sed -i 's/module\( \+\)AsyncQueueSource_Phit/module\1AsyncQueueSource_Phit_TestHarness_UNIQUIFIED/' /work/chipyard/sims/verilator/generated-src/chipyard.harness.TestHarness.RocketConfig/gen-collateral/AsyncQueueSource_Phit_TestHarness_UNIQUIFIED.sv
sed -i 's/module\( \+\)AsyncQueueSink_Phit/module\1AsyncQueueSink_Phit_TestHarness_UNIQUIFIED/' /work/chipyard/sims/verilator/generated-src/chipyard.harness.TestHarness.RocketConfig/gen-collateral/AsyncQueueSink_Phit_TestHarness_UNIQUIFIED.sv
sed -i 's/module\( \+\)ram_flit_8x32/module\1ram_flit_8x32_TestHarness_UNIQUIFIED/' /work/chipyard/sims/verilator/generated-src/chipyard.harness.TestHarness.RocketConfig/gen-collateral/ram_flit_8x32_TestHarness_UNIQUIFIED.sv
sed -i 's/module\( \+\)AsyncQueueSource_Phit/module\1AsyncQueueSource_Phit_TestHarness_UNIQUIFIED/' /work/chipyard/sims/verilator/generated-src/chipyard.harness.TestHarness.RocketConfig/gen-collateral/AsyncQueueSource_Phit_TestHarness_UNIQUIFIED.sv
sed -i 's/module\( \+\)AsyncQueueSink_Phit/module\1AsyncQueueSink_Phit_TestHarness_UNIQUIFIED/' /work/chipyard/sims/verilator/generated-src/chipyard.harness.TestHarness.RocketConfig/gen-collateral/AsyncQueueSink_Phit_TestHarness_UNIQUIFIED.sv
sed -i 's/module\( \+\)ram_flit_8x32/module\1ram_flit_8x32_TestHarness_UNIQUIFIED/' /work/chipyard/sims/verilator/generated-src/chipyard.harness.TestHarness.RocketConfig/gen-collateral/ram_flit_8x32_TestHarness_UNIQUIFIED.sv
sed -i 's/module\( \+\)AsyncQueueSource_Phit/module\1AsyncQueueSource_Phit_TestHarness_UNIQUIFIED/' /work/chipyard/sims/verilator/generated-src/chipyard.harness.TestHarness.RocketConfig/gen-collateral/AsyncQueueSource_Phit_TestHarness_UNIQUIFIED.sv
sed -i 's/module\( \+\)AsyncQueueSink_Phit/module\1AsyncQueueSink_Phit_TestHarness_UNIQUIFIED/' /work/chipyard/sims/verilator/generated-src/chipyard.harness.TestHarness.RocketConfig/gen-collateral/AsyncQueueSink_Phit_TestHarness_UNIQUIFIED.sv
sed -i 's/module\( \+\)ram_flit_8x32/module\1ram_flit_8x32_TestHarness_UNIQUIFIED/' /work/chipyard/sims/verilator/generated-src/chipyard.harness.TestHarness.RocketConfig/gen-collateral/ram_flit_8x32_TestHarness_UNIQUIFIED.sv
sed -i 's/module\( \+\)AsyncQueueSource_Phit/module\1AsyncQueueSource_Phit_TestHarness_UNIQUIFIED/' /work/chipyard/sims/verilator/generated-src/chipyard.harness.TestHarness.RocketConfig/gen-collateral/AsyncQueueSource_Phit_TestHarness_UNIQUIFIED.sv
sed -i 's/module\( \+\)AsyncQueueSink_Phit/module\1AsyncQueueSink_Phit_TestHarness_UNIQUIFIED/' /work/chipyard/sims/verilator/generated-src/chipyard.harness.TestHarness.RocketConfig/gen-collateral/AsyncQueueSink_Phit_TestHarness_UNIQUIFIED.sv
sed -i 's/module\( \+\)ram_flit_8x32/module\1ram_flit_8x32_TestHarness_UNIQUIFIED/' /work/chipyard/sims/verilator/generated-src/chipyard.harness.TestHarness.RocketConfig/gen-collateral/ram_flit_8x32_TestHarness_UNIQUIFIED.sv
sed -i 's/module\( \+\)AsyncQueueSource_Phit/module\1AsyncQueueSource_Phit_TestHarness_UNIQUIFIED/' /work/chipyard/sims/verilator/generated-src/chipyard.harness.TestHarness.RocketConfig/gen-collateral/AsyncQueueSource_Phit_TestHarness_UNIQUIFIED.sv
sed -i 's/module\( \+\)AsyncQueueSink_Phit/module\1AsyncQueueSink_Phit_TestHarness_UNIQUIFIED/' /work/chipyard/sims/verilator/generated-src/chipyard.harness.TestHarness.RocketConfig/gen-collateral/AsyncQueueSink_Phit_TestHarness_UNIQUIFIED.sv
sed -i 's/module\( \+\)ram_flit_8x32/module\1ram_flit_8x32_TestHarness_UNIQUIFIED/' /work/chipyard/sims/verilator/generated-src/chipyard.harness.TestHarness.RocketConfig/gen-collateral/ram_flit_8x32_TestHarness_UNIQUIFIED.sv
sed -i 's/module\( \+\)AsyncQueueSource_Phit/module\1AsyncQueueSource_Phit_TestHarness_UNIQUIFIED/' /work/chipyard/sims/verilator/generated-src/chipyard.harness.TestHarness.RocketConfig/gen-collateral/AsyncQueueSource_Phit_TestHarness_UNIQUIFIED.sv
sed -i 's/module\( \+\)AsyncQueueSink_Phit/module\1AsyncQueueSink_Phit_TestHarness_UNIQUIFIED/' /work/chipyard/sims/verilator/generated-src/chipyard.harness.TestHarness.RocketConfig/gen-collateral/AsyncQueueSink_Phit_TestHarness_UNIQUIFIED.sv
sed -i 's/module\( \+\)ram_flit_8x32/module\1ram_flit_8x32_TestHarness_UNIQUIFIED/' /work/chipyard/sims/verilator/generated-src/chipyard.harness.TestHarness.RocketConfig/gen-collateral/ram_flit_8x32_TestHarness_UNIQUIFIED.sv
sed -i 's/module\( \+\)AsyncQueueSource_Phit/module\1AsyncQueueSource_Phit_TestHarness_UNIQUIFIED/' /work/chipyard/sims/verilator/generated-src/chipyard.harness.TestHarness.RocketConfig/gen-collateral/AsyncQueueSource_Phit_TestHarness_UNIQUIFIED.sv
sed -i 's/module\( \+\)AsyncQueueSink_Phit/module\1AsyncQueueSink_Phit_TestHarness_UNIQUIFIED/' /work/chipyard/sims/verilator/generated-src/chipyard.harness.TestHarness.RocketConfig/gen-collateral/AsyncQueueSink_Phit_TestHarness_UNIQUIFIED.sv
sed -i 's/module\( \+\)ram_flit_8x32/module\1ram_flit_8x32_TestHarness_UNIQUIFIED/' /work/chipyard/sims/verilator/generated-src/chipyard.harness.TestHarness.RocketConfig/gen-collateral/ram_flit_8x32_TestHarness_UNIQUIFIED.sv
sed -i 's/module\( \+\)AsyncResetSynchronizerShiftReg_w4_d3_i0/module\1AsyncResetSynchronizerShiftReg_w4_d3_i0_TestHarness_UNIQUIFIED/' /work/chipyard/sims/verilator/generated-src/chipyard.harness.TestHarness.RocketConfig/gen-collateral/AsyncResetSynchronizerShiftReg_w4_d3_i0_TestHarness_UNIQUIFIED.sv
sed -i 's/\( \*\)AsyncResetSynchronizerShiftReg_w4_d3_i0\( \+\)/\1AsyncResetSynchronizerShiftReg_w4_d3_i0_TestHarness_UNIQUIFIED\2/' /work/chipyard/sims/verilator/generated-src/chipyard.harness.TestHarness.RocketConfig/gen-collateral/AsyncQueueSource_Phit_TestHarness_UNIQUIFIED.sv
sed -i 's/module\( \+\)AsyncValidSync/module\1AsyncValidSync_TestHarness_UNIQUIFIED/' /work/chipyard/sims/verilator/generated-src/chipyard.harness.TestHarness.RocketConfig/gen-collateral/AsyncValidSync_TestHarness_UNIQUIFIED.sv
sed -i 's/\( \*\)AsyncValidSync\( \+\)/\1AsyncValidSync_TestHarness_UNIQUIFIED\2/' /work/chipyard/sims/verilator/generated-src/chipyard.harness.TestHarness.RocketConfig/gen-collateral/AsyncQueueSource_Phit_TestHarness_UNIQUIFIED.sv
sed -i 's/module\( \+\)AsyncValidSync/module\1AsyncValidSync_TestHarness_UNIQUIFIED/' /work/chipyard/sims/verilator/generated-src/chipyard.harness.TestHarness.RocketConfig/gen-collateral/AsyncValidSync_TestHarness_UNIQUIFIED.sv
sed -i 's/module\( \+\)AsyncValidSync/module\1AsyncValidSync_TestHarness_UNIQUIFIED/' /work/chipyard/sims/verilator/generated-src/chipyard.harness.TestHarness.RocketConfig/gen-collateral/AsyncValidSync_TestHarness_UNIQUIFIED.sv
sed -i 's/module\( \+\)AsyncValidSync/module\1AsyncValidSync_TestHarness_UNIQUIFIED/' /work/chipyard/sims/verilator/generated-src/chipyard.harness.TestHarness.RocketConfig/gen-collateral/AsyncValidSync_TestHarness_UNIQUIFIED.sv
sed -i 's/module\( \+\)AsyncResetSynchronizerShiftReg_w4_d3_i0/module\1AsyncResetSynchronizerShiftReg_w4_d3_i0_TestHarness_UNIQUIFIED/' /work/chipyard/sims/verilator/generated-src/chipyard.harness.TestHarness.RocketConfig/gen-collateral/AsyncResetSynchronizerShiftReg_w4_d3_i0_TestHarness_UNIQUIFIED.sv
sed -i 's/\( \*\)AsyncResetSynchronizerShiftReg_w4_d3_i0\( \+\)/\1AsyncResetSynchronizerShiftReg_w4_d3_i0_TestHarness_UNIQUIFIED\2/' /work/chipyard/sims/verilator/generated-src/chipyard.harness.TestHarness.RocketConfig/gen-collateral/AsyncQueueSink_Phit_TestHarness_UNIQUIFIED.sv
sed -i 's/module\( \+\)ClockCrossingReg_w32/module\1ClockCrossingReg_w32_TestHarness_UNIQUIFIED/' /work/chipyard/sims/verilator/generated-src/chipyard.harness.TestHarness.RocketConfig/gen-collateral/ClockCrossingReg_w32_TestHarness_UNIQUIFIED.sv
sed -i 's/\( \*\)ClockCrossingReg_w32\( \+\)/\1ClockCrossingReg_w32_TestHarness_UNIQUIFIED\2/' /work/chipyard/sims/verilator/generated-src/chipyard.harness.TestHarness.RocketConfig/gen-collateral/AsyncQueueSink_Phit_TestHarness_UNIQUIFIED.sv
sed -i 's/module\( \+\)AsyncValidSync/module\1AsyncValidSync_TestHarness_UNIQUIFIED/' /work/chipyard/sims/verilator/generated-src/chipyard.harness.TestHarness.RocketConfig/gen-collateral/AsyncValidSync_TestHarness_UNIQUIFIED.sv
sed -i 's/\( \*\)AsyncValidSync\( \+\)/\1AsyncValidSync_TestHarness_UNIQUIFIED\2/' /work/chipyard/sims/verilator/generated-src/chipyard.harness.TestHarness.RocketConfig/gen-collateral/AsyncQueueSink_Phit_TestHarness_UNIQUIFIED.sv
sed -i 's/module\( \+\)AsyncValidSync/module\1AsyncValidSync_TestHarness_UNIQUIFIED/' /work/chipyard/sims/verilator/generated-src/chipyard.harness.TestHarness.RocketConfig/gen-collateral/AsyncValidSync_TestHarness_UNIQUIFIED.sv
sed -i 's/module\( \+\)AsyncValidSync/module\1AsyncValidSync_TestHarness_UNIQUIFIED/' /work/chipyard/sims/verilator/generated-src/chipyard.harness.TestHarness.RocketConfig/gen-collateral/AsyncValidSync_TestHarness_UNIQUIFIED.sv
sed -i 's/module\( \+\)AsyncValidSync/module\1AsyncValidSync_TestHarness_UNIQUIFIED/' /work/chipyard/sims/verilator/generated-src/chipyard.harness.TestHarness.RocketConfig/gen-collateral/AsyncValidSync_TestHarness_UNIQUIFIED.sv
sed -i 's/module\( \+\)AsyncResetSynchronizerShiftReg_w4_d3_i0/module\1AsyncResetSynchronizerShiftReg_w4_d3_i0_TestHarness_UNIQUIFIED/' /work/chipyard/sims/verilator/generated-src/chipyard.harness.TestHarness.RocketConfig/gen-collateral/AsyncResetSynchronizerShiftReg_w4_d3_i0_TestHarness_UNIQUIFIED.sv
sed -i 's/module\( \+\)AsyncValidSync/module\1AsyncValidSync_TestHarness_UNIQUIFIED/' /work/chipyard/sims/verilator/generated-src/chipyard.harness.TestHarness.RocketConfig/gen-collateral/AsyncValidSync_TestHarness_UNIQUIFIED.sv
sed -i 's/module\( \+\)AsyncValidSync/module\1AsyncValidSync_TestHarness_UNIQUIFIED/' /work/chipyard/sims/verilator/generated-src/chipyard.harness.TestHarness.RocketConfig/gen-collateral/AsyncValidSync_TestHarness_UNIQUIFIED.sv
sed -i 's/module\( \+\)AsyncValidSync/module\1AsyncValidSync_TestHarness_UNIQUIFIED/' /work/chipyard/sims/verilator/generated-src/chipyard.harness.TestHarness.RocketConfig/gen-collateral/AsyncValidSync_TestHarness_UNIQUIFIED.sv
sed -i 's/module\( \+\)AsyncValidSync/module\1AsyncValidSync_TestHarness_UNIQUIFIED/' /work/chipyard/sims/verilator/generated-src/chipyard.harness.TestHarness.RocketConfig/gen-collateral/AsyncValidSync_TestHarness_UNIQUIFIED.sv
sed -i 's/module\( \+\)AsyncResetSynchronizerShiftReg_w4_d3_i0/module\1AsyncResetSynchronizerShiftReg_w4_d3_i0_TestHarness_UNIQUIFIED/' /work/chipyard/sims/verilator/generated-src/chipyard.harness.TestHarness.RocketConfig/gen-collateral/AsyncResetSynchronizerShiftReg_w4_d3_i0_TestHarness_UNIQUIFIED.sv
sed -i 's/module\( \+\)ClockCrossingReg_w32/module\1ClockCrossingReg_w32_TestHarness_UNIQUIFIED/' /work/chipyard/sims/verilator/generated-src/chipyard.harness.TestHarness.RocketConfig/gen-collateral/ClockCrossingReg_w32_TestHarness_UNIQUIFIED.sv
sed -i 's/module\( \+\)AsyncValidSync/module\1AsyncValidSync_TestHarness_UNIQUIFIED/' /work/chipyard/sims/verilator/generated-src/chipyard.harness.TestHarness.RocketConfig/gen-collateral/AsyncValidSync_TestHarness_UNIQUIFIED.sv
sed -i 's/module\( \+\)AsyncValidSync/module\1AsyncValidSync_TestHarness_UNIQUIFIED/' /work/chipyard/sims/verilator/generated-src/chipyard.harness.TestHarness.RocketConfig/gen-collateral/AsyncValidSync_TestHarness_UNIQUIFIED.sv
sed -i 's/module\( \+\)AsyncValidSync/module\1AsyncValidSync_TestHarness_UNIQUIFIED/' /work/chipyard/sims/verilator/generated-src/chipyard.harness.TestHarness.RocketConfig/gen-collateral/AsyncValidSync_TestHarness_UNIQUIFIED.sv
sed -i 's/module\( \+\)AsyncValidSync/module\1AsyncValidSync_TestHarness_UNIQUIFIED/' /work/chipyard/sims/verilator/generated-src/chipyard.harness.TestHarness.RocketConfig/gen-collateral/AsyncValidSync_TestHarness_UNIQUIFIED.sv
sed -i 's/module\( \+\)AsyncResetSynchronizerShiftReg_w4_d3_i0/module\1AsyncResetSynchronizerShiftReg_w4_d3_i0_TestHarness_UNIQUIFIED/' /work/chipyard/sims/verilator/generated-src/chipyard.harness.TestHarness.RocketConfig/gen-collateral/AsyncResetSynchronizerShiftReg_w4_d3_i0_TestHarness_UNIQUIFIED.sv
sed -i 's/module\( \+\)AsyncValidSync/module\1AsyncValidSync_TestHarness_UNIQUIFIED/' /work/chipyard/sims/verilator/generated-src/chipyard.harness.TestHarness.RocketConfig/gen-collateral/AsyncValidSync_TestHarness_UNIQUIFIED.sv
sed -i 's/module\( \+\)AsyncValidSync/module\1AsyncValidSync_TestHarness_UNIQUIFIED/' /work/chipyard/sims/verilator/generated-src/chipyard.harness.TestHarness.RocketConfig/gen-collateral/AsyncValidSync_TestHarness_UNIQUIFIED.sv
sed -i 's/module\( \+\)AsyncValidSync/module\1AsyncValidSync_TestHarness_UNIQUIFIED/' /work/chipyard/sims/verilator/generated-src/chipyard.harness.TestHarness.RocketConfig/gen-collateral/AsyncValidSync_TestHarness_UNIQUIFIED.sv
sed -i 's/module\( \+\)AsyncValidSync/module\1AsyncValidSync_TestHarness_UNIQUIFIED/' /work/chipyard/sims/verilator/generated-src/chipyard.harness.TestHarness.RocketConfig/gen-collateral/AsyncValidSync_TestHarness_UNIQUIFIED.sv
sed -i 's/module\( \+\)AsyncResetSynchronizerShiftReg_w4_d3_i0/module\1AsyncResetSynchronizerShiftReg_w4_d3_i0_TestHarness_UNIQUIFIED/' /work/chipyard/sims/verilator/generated-src/chipyard.harness.TestHarness.RocketConfig/gen-collateral/AsyncResetSynchronizerShiftReg_w4_d3_i0_TestHarness_UNIQUIFIED.sv
sed -i 's/module\( \+\)ClockCrossingReg_w32/module\1ClockCrossingReg_w32_TestHarness_UNIQUIFIED/' /work/chipyard/sims/verilator/generated-src/chipyard.harness.TestHarness.RocketConfig/gen-collateral/ClockCrossingReg_w32_TestHarness_UNIQUIFIED.sv
sed -i 's/module\( \+\)AsyncValidSync/module\1AsyncValidSync_TestHarness_UNIQUIFIED/' /work/chipyard/sims/verilator/generated-src/chipyard.harness.TestHarness.RocketConfig/gen-collateral/AsyncValidSync_TestHarness_UNIQUIFIED.sv
sed -i 's/module\( \+\)AsyncValidSync/module\1AsyncValidSync_TestHarness_UNIQUIFIED/' /work/chipyard/sims/verilator/generated-src/chipyard.harness.TestHarness.RocketConfig/gen-collateral/AsyncValidSync_TestHarness_UNIQUIFIED.sv
sed -i 's/module\( \+\)AsyncValidSync/module\1AsyncValidSync_TestHarness_UNIQUIFIED/' /work/chipyard/sims/verilator/generated-src/chipyard.harness.TestHarness.RocketConfig/gen-collateral/AsyncValidSync_TestHarness_UNIQUIFIED.sv
sed -i 's/module\( \+\)AsyncValidSync/module\1AsyncValidSync_TestHarness_UNIQUIFIED/' /work/chipyard/sims/verilator/generated-src/chipyard.harness.TestHarness.RocketConfig/gen-collateral/AsyncValidSync_TestHarness_UNIQUIFIED.sv
sed -i 's/module\( \+\)AsyncResetSynchronizerShiftReg_w4_d3_i0/module\1AsyncResetSynchronizerShiftReg_w4_d3_i0_TestHarness_UNIQUIFIED/' /work/chipyard/sims/verilator/generated-src/chipyard.harness.TestHarness.RocketConfig/gen-collateral/AsyncResetSynchronizerShiftReg_w4_d3_i0_TestHarness_UNIQUIFIED.sv
sed -i 's/module\( \+\)AsyncValidSync/module\1AsyncValidSync_TestHarness_UNIQUIFIED/' /work/chipyard/sims/verilator/generated-src/chipyard.harness.TestHarness.RocketConfig/gen-collateral/AsyncValidSync_TestHarness_UNIQUIFIED.sv
sed -i 's/module\( \+\)AsyncValidSync/module\1AsyncValidSync_TestHarness_UNIQUIFIED/' /work/chipyard/sims/verilator/generated-src/chipyard.harness.TestHarness.RocketConfig/gen-collateral/AsyncValidSync_TestHarness_UNIQUIFIED.sv
sed -i 's/module\( \+\)AsyncValidSync/module\1AsyncValidSync_TestHarness_UNIQUIFIED/' /work/chipyard/sims/verilator/generated-src/chipyard.harness.TestHarness.RocketConfig/gen-collateral/AsyncValidSync_TestHarness_UNIQUIFIED.sv
sed -i 's/module\( \+\)AsyncValidSync/module\1AsyncValidSync_TestHarness_UNIQUIFIED/' /work/chipyard/sims/verilator/generated-src/chipyard.harness.TestHarness.RocketConfig/gen-collateral/AsyncValidSync_TestHarness_UNIQUIFIED.sv
sed -i 's/module\( \+\)AsyncResetSynchronizerShiftReg_w4_d3_i0/module\1AsyncResetSynchronizerShiftReg_w4_d3_i0_TestHarness_UNIQUIFIED/' /work/chipyard/sims/verilator/generated-src/chipyard.harness.TestHarness.RocketConfig/gen-collateral/AsyncResetSynchronizerShiftReg_w4_d3_i0_TestHarness_UNIQUIFIED.sv
sed -i 's/module\( \+\)ClockCrossingReg_w32/module\1ClockCrossingReg_w32_TestHarness_UNIQUIFIED/' /work/chipyard/sims/verilator/generated-src/chipyard.harness.TestHarness.RocketConfig/gen-collateral/ClockCrossingReg_w32_TestHarness_UNIQUIFIED.sv
sed -i 's/module\( \+\)AsyncValidSync/module\1AsyncValidSync_TestHarness_UNIQUIFIED/' /work/chipyard/sims/verilator/generated-src/chipyard.harness.TestHarness.RocketConfig/gen-collateral/AsyncValidSync_TestHarness_UNIQUIFIED.sv
sed -i 's/module\( \+\)AsyncValidSync/module\1AsyncValidSync_TestHarness_UNIQUIFIED/' /work/chipyard/sims/verilator/generated-src/chipyard.harness.TestHarness.RocketConfig/gen-collateral/AsyncValidSync_TestHarness_UNIQUIFIED.sv
sed -i 's/module\( \+\)AsyncValidSync/module\1AsyncValidSync_TestHarness_UNIQUIFIED/' /work/chipyard/sims/verilator/generated-src/chipyard.harness.TestHarness.RocketConfig/gen-collateral/AsyncValidSync_TestHarness_UNIQUIFIED.sv
sed -i 's/module\( \+\)AsyncValidSync/module\1AsyncValidSync_TestHarness_UNIQUIFIED/' /work/chipyard/sims/verilator/generated-src/chipyard.harness.TestHarness.RocketConfig/gen-collateral/AsyncValidSync_TestHarness_UNIQUIFIED.sv
sed -i 's/module\( \+\)AsyncResetSynchronizerShiftReg_w4_d3_i0/module\1AsyncResetSynchronizerShiftReg_w4_d3_i0_TestHarness_UNIQUIFIED/' /work/chipyard/sims/verilator/generated-src/chipyard.harness.TestHarness.RocketConfig/gen-collateral/AsyncResetSynchronizerShiftReg_w4_d3_i0_TestHarness_UNIQUIFIED.sv
sed -i 's/module\( \+\)AsyncValidSync/module\1AsyncValidSync_TestHarness_UNIQUIFIED/' /work/chipyard/sims/verilator/generated-src/chipyard.harness.TestHarness.RocketConfig/gen-collateral/AsyncValidSync_TestHarness_UNIQUIFIED.sv
sed -i 's/module\( \+\)AsyncValidSync/module\1AsyncValidSync_TestHarness_UNIQUIFIED/' /work/chipyard/sims/verilator/generated-src/chipyard.harness.TestHarness.RocketConfig/gen-collateral/AsyncValidSync_TestHarness_UNIQUIFIED.sv
sed -i 's/module\( \+\)AsyncValidSync/module\1AsyncValidSync_TestHarness_UNIQUIFIED/' /work/chipyard/sims/verilator/generated-src/chipyard.harness.TestHarness.RocketConfig/gen-collateral/AsyncValidSync_TestHarness_UNIQUIFIED.sv
sed -i 's/module\( \+\)AsyncValidSync/module\1AsyncValidSync_TestHarness_UNIQUIFIED/' /work/chipyard/sims/verilator/generated-src/chipyard.harness.TestHarness.RocketConfig/gen-collateral/AsyncValidSync_TestHarness_UNIQUIFIED.sv
sed -i 's/module\( \+\)AsyncResetSynchronizerShiftReg_w4_d3_i0/module\1AsyncResetSynchronizerShiftReg_w4_d3_i0_TestHarness_UNIQUIFIED/' /work/chipyard/sims/verilator/generated-src/chipyard.harness.TestHarness.RocketConfig/gen-collateral/AsyncResetSynchronizerShiftReg_w4_d3_i0_TestHarness_UNIQUIFIED.sv
sed -i 's/module\( \+\)ClockCrossingReg_w32/module\1ClockCrossingReg_w32_TestHarness_UNIQUIFIED/' /work/chipyard/sims/verilator/generated-src/chipyard.harness.TestHarness.RocketConfig/gen-collateral/ClockCrossingReg_w32_TestHarness_UNIQUIFIED.sv
sed -i 's/module\( \+\)AsyncValidSync/module\1AsyncValidSync_TestHarness_UNIQUIFIED/' /work/chipyard/sims/verilator/generated-src/chipyard.harness.TestHarness.RocketConfig/gen-collateral/AsyncValidSync_TestHarness_UNIQUIFIED.sv
sed -i 's/module\( \+\)AsyncValidSync/module\1AsyncValidSync_TestHarness_UNIQUIFIED/' /work/chipyard/sims/verilator/generated-src/chipyard.harness.TestHarness.RocketConfig/gen-collateral/AsyncValidSync_TestHarness_UNIQUIFIED.sv
sed -i 's/module\( \+\)AsyncValidSync/module\1AsyncValidSync_TestHarness_UNIQUIFIED/' /work/chipyard/sims/verilator/generated-src/chipyard.harness.TestHarness.RocketConfig/gen-collateral/AsyncValidSync_TestHarness_UNIQUIFIED.sv
sed -i 's/module\( \+\)AsyncValidSync/module\1AsyncValidSync_TestHarness_UNIQUIFIED/' /work/chipyard/sims/verilator/generated-src/chipyard.harness.TestHarness.RocketConfig/gen-collateral/AsyncValidSync_TestHarness_UNIQUIFIED.sv
sed -i 's/module\( \+\)AsyncResetSynchronizerShiftReg_w4_d3_i0/module\1AsyncResetSynchronizerShiftReg_w4_d3_i0_TestHarness_UNIQUIFIED/' /work/chipyard/sims/verilator/generated-src/chipyard.harness.TestHarness.RocketConfig/gen-collateral/AsyncResetSynchronizerShiftReg_w4_d3_i0_TestHarness_UNIQUIFIED.sv
sed -i 's/module\( \+\)AsyncValidSync/module\1AsyncValidSync_TestHarness_UNIQUIFIED/' /work/chipyard/sims/verilator/generated-src/chipyard.harness.TestHarness.RocketConfig/gen-collateral/AsyncValidSync_TestHarness_UNIQUIFIED.sv
sed -i 's/module\( \+\)AsyncValidSync/module\1AsyncValidSync_TestHarness_UNIQUIFIED/' /work/chipyard/sims/verilator/generated-src/chipyard.harness.TestHarness.RocketConfig/gen-collateral/AsyncValidSync_TestHarness_UNIQUIFIED.sv
sed -i 's/module\( \+\)AsyncValidSync/module\1AsyncValidSync_TestHarness_UNIQUIFIED/' /work/chipyard/sims/verilator/generated-src/chipyard.harness.TestHarness.RocketConfig/gen-collateral/AsyncValidSync_TestHarness_UNIQUIFIED.sv
sed -i 's/module\( \+\)AsyncValidSync/module\1AsyncValidSync_TestHarness_UNIQUIFIED/' /work/chipyard/sims/verilator/generated-src/chipyard.harness.TestHarness.RocketConfig/gen-collateral/AsyncValidSync_TestHarness_UNIQUIFIED.sv
sed -i 's/module\( \+\)AsyncResetSynchronizerShiftReg_w4_d3_i0/module\1AsyncResetSynchronizerShiftReg_w4_d3_i0_TestHarness_UNIQUIFIED/' /work/chipyard/sims/verilator/generated-src/chipyard.harness.TestHarness.RocketConfig/gen-collateral/AsyncResetSynchronizerShiftReg_w4_d3_i0_TestHarness_UNIQUIFIED.sv
sed -i 's/module\( \+\)ClockCrossingReg_w32/module\1ClockCrossingReg_w32_TestHarness_UNIQUIFIED/' /work/chipyard/sims/verilator/generated-src/chipyard.harness.TestHarness.RocketConfig/gen-collateral/ClockCrossingReg_w32_TestHarness_UNIQUIFIED.sv
sed -i 's/module\( \+\)AsyncValidSync/module\1AsyncValidSync_TestHarness_UNIQUIFIED/' /work/chipyard/sims/verilator/generated-src/chipyard.harness.TestHarness.RocketConfig/gen-collateral/AsyncValidSync_TestHarness_UNIQUIFIED.sv
sed -i 's/module\( \+\)AsyncValidSync/module\1AsyncValidSync_TestHarness_UNIQUIFIED/' /work/chipyard/sims/verilator/generated-src/chipyard.harness.TestHarness.RocketConfig/gen-collateral/AsyncValidSync_TestHarness_UNIQUIFIED.sv
sed -i 's/module\( \+\)AsyncValidSync/module\1AsyncValidSync_TestHarness_UNIQUIFIED/' /work/chipyard/sims/verilator/generated-src/chipyard.harness.TestHarness.RocketConfig/gen-collateral/AsyncValidSync_TestHarness_UNIQUIFIED.sv
sed -i 's/module\( \+\)AsyncValidSync/module\1AsyncValidSync_TestHarness_UNIQUIFIED/' /work/chipyard/sims/verilator/generated-src/chipyard.harness.TestHarness.RocketConfig/gen-collateral/AsyncValidSync_TestHarness_UNIQUIFIED.sv
sed -i 's/module\( \+\)AsyncResetSynchronizerShiftReg_w4_d3_i0/module\1AsyncResetSynchronizerShiftReg_w4_d3_i0_TestHarness_UNIQUIFIED/' /work/chipyard/sims/verilator/generated-src/chipyard.harness.TestHarness.RocketConfig/gen-collateral/AsyncResetSynchronizerShiftReg_w4_d3_i0_TestHarness_UNIQUIFIED.sv
sed -i 's/module\( \+\)AsyncValidSync/module\1AsyncValidSync_TestHarness_UNIQUIFIED/' /work/chipyard/sims/verilator/generated-src/chipyard.harness.TestHarness.RocketConfig/gen-collateral/AsyncValidSync_TestHarness_UNIQUIFIED.sv
sed -i 's/module\( \+\)AsyncValidSync/module\1AsyncValidSync_TestHarness_UNIQUIFIED/' /work/chipyard/sims/verilator/generated-src/chipyard.harness.TestHarness.RocketConfig/gen-collateral/AsyncValidSync_TestHarness_UNIQUIFIED.sv
sed -i 's/module\( \+\)AsyncValidSync/module\1AsyncValidSync_TestHarness_UNIQUIFIED/' /work/chipyard/sims/verilator/generated-src/chipyard.harness.TestHarness.RocketConfig/gen-collateral/AsyncValidSync_TestHarness_UNIQUIFIED.sv
sed -i 's/module\( \+\)AsyncValidSync/module\1AsyncValidSync_TestHarness_UNIQUIFIED/' /work/chipyard/sims/verilator/generated-src/chipyard.harness.TestHarness.RocketConfig/gen-collateral/AsyncValidSync_TestHarness_UNIQUIFIED.sv
sed -i 's/module\( \+\)AsyncResetSynchronizerShiftReg_w4_d3_i0/module\1AsyncResetSynchronizerShiftReg_w4_d3_i0_TestHarness_UNIQUIFIED/' /work/chipyard/sims/verilator/generated-src/chipyard.harness.TestHarness.RocketConfig/gen-collateral/AsyncResetSynchronizerShiftReg_w4_d3_i0_TestHarness_UNIQUIFIED.sv
sed -i 's/module\( \+\)ClockCrossingReg_w32/module\1ClockCrossingReg_w32_TestHarness_UNIQUIFIED/' /work/chipyard/sims/verilator/generated-src/chipyard.harness.TestHarness.RocketConfig/gen-collateral/ClockCrossingReg_w32_TestHarness_UNIQUIFIED.sv
sed -i 's/module\( \+\)AsyncValidSync/module\1AsyncValidSync_TestHarness_UNIQUIFIED/' /work/chipyard/sims/verilator/generated-src/chipyard.harness.TestHarness.RocketConfig/gen-collateral/AsyncValidSync_TestHarness_UNIQUIFIED.sv
sed -i 's/module\( \+\)AsyncValidSync/module\1AsyncValidSync_TestHarness_UNIQUIFIED/' /work/chipyard/sims/verilator/generated-src/chipyard.harness.TestHarness.RocketConfig/gen-collateral/AsyncValidSync_TestHarness_UNIQUIFIED.sv
sed -i 's/module\( \+\)AsyncValidSync/module\1AsyncValidSync_TestHarness_UNIQUIFIED/' /work/chipyard/sims/verilator/generated-src/chipyard.harness.TestHarness.RocketConfig/gen-collateral/AsyncValidSync_TestHarness_UNIQUIFIED.sv
sed -i 's/module\( \+\)AsyncValidSync/module\1AsyncValidSync_TestHarness_UNIQUIFIED/' /work/chipyard/sims/verilator/generated-src/chipyard.harness.TestHarness.RocketConfig/gen-collateral/AsyncValidSync_TestHarness_UNIQUIFIED.sv
sed -i 's/module\( \+\)AsyncResetSynchronizerShiftReg_w4_d3_i0/module\1AsyncResetSynchronizerShiftReg_w4_d3_i0_TestHarness_UNIQUIFIED/' /work/chipyard/sims/verilator/generated-src/chipyard.harness.TestHarness.RocketConfig/gen-collateral/AsyncResetSynchronizerShiftReg_w4_d3_i0_TestHarness_UNIQUIFIED.sv
sed -i 's/module\( \+\)AsyncValidSync/module\1AsyncValidSync_TestHarness_UNIQUIFIED/' /work/chipyard/sims/verilator/generated-src/chipyard.harness.TestHarness.RocketConfig/gen-collateral/AsyncValidSync_TestHarness_UNIQUIFIED.sv
sed -i 's/module\( \+\)AsyncValidSync/module\1AsyncValidSync_TestHarness_UNIQUIFIED/' /work/chipyard/sims/verilator/generated-src/chipyard.harness.TestHarness.RocketConfig/gen-collateral/AsyncValidSync_TestHarness_UNIQUIFIED.sv
sed -i 's/module\( \+\)AsyncValidSync/module\1AsyncValidSync_TestHarness_UNIQUIFIED/' /work/chipyard/sims/verilator/generated-src/chipyard.harness.TestHarness.RocketConfig/gen-collateral/AsyncValidSync_TestHarness_UNIQUIFIED.sv
sed -i 's/module\( \+\)AsyncValidSync/module\1AsyncValidSync_TestHarness_UNIQUIFIED/' /work/chipyard/sims/verilator/generated-src/chipyard.harness.TestHarness.RocketConfig/gen-collateral/AsyncValidSync_TestHarness_UNIQUIFIED.sv
sed -i 's/module\( \+\)AsyncResetSynchronizerShiftReg_w4_d3_i0/module\1AsyncResetSynchronizerShiftReg_w4_d3_i0_TestHarness_UNIQUIFIED/' /work/chipyard/sims/verilator/generated-src/chipyard.harness.TestHarness.RocketConfig/gen-collateral/AsyncResetSynchronizerShiftReg_w4_d3_i0_TestHarness_UNIQUIFIED.sv
sed -i 's/module\( \+\)ClockCrossingReg_w32/module\1ClockCrossingReg_w32_TestHarness_UNIQUIFIED/' /work/chipyard/sims/verilator/generated-src/chipyard.harness.TestHarness.RocketConfig/gen-collateral/ClockCrossingReg_w32_TestHarness_UNIQUIFIED.sv
sed -i 's/module\( \+\)AsyncValidSync/module\1AsyncValidSync_TestHarness_UNIQUIFIED/' /work/chipyard/sims/verilator/generated-src/chipyard.harness.TestHarness.RocketConfig/gen-collateral/AsyncValidSync_TestHarness_UNIQUIFIED.sv
sed -i 's/module\( \+\)AsyncValidSync/module\1AsyncValidSync_TestHarness_UNIQUIFIED/' /work/chipyard/sims/verilator/generated-src/chipyard.harness.TestHarness.RocketConfig/gen-collateral/AsyncValidSync_TestHarness_UNIQUIFIED.sv
sed -i 's/module\( \+\)AsyncValidSync/module\1AsyncValidSync_TestHarness_UNIQUIFIED/' /work/chipyard/sims/verilator/generated-src/chipyard.harness.TestHarness.RocketConfig/gen-collateral/AsyncValidSync_TestHarness_UNIQUIFIED.sv
sed -i 's/module\( \+\)AsyncValidSync/module\1AsyncValidSync_TestHarness_UNIQUIFIED/' /work/chipyard/sims/verilator/generated-src/chipyard.harness.TestHarness.RocketConfig/gen-collateral/AsyncValidSync_TestHarness_UNIQUIFIED.sv
sed -i 's/module\( \+\)AsyncResetSynchronizerShiftReg_w4_d3_i0/module\1AsyncResetSynchronizerShiftReg_w4_d3_i0_TestHarness_UNIQUIFIED/' /work/chipyard/sims/verilator/generated-src/chipyard.harness.TestHarness.RocketConfig/gen-collateral/AsyncResetSynchronizerShiftReg_w4_d3_i0_TestHarness_UNIQUIFIED.sv
sed -i 's/module\( \+\)AsyncValidSync/module\1AsyncValidSync_TestHarness_UNIQUIFIED/' /work/chipyard/sims/verilator/generated-src/chipyard.harness.TestHarness.RocketConfig/gen-collateral/AsyncValidSync_TestHarness_UNIQUIFIED.sv
sed -i 's/module\( \+\)AsyncValidSync/module\1AsyncValidSync_TestHarness_UNIQUIFIED/' /work/chipyard/sims/verilator/generated-src/chipyard.harness.TestHarness.RocketConfig/gen-collateral/AsyncValidSync_TestHarness_UNIQUIFIED.sv
sed -i 's/module\( \+\)AsyncValidSync/module\1AsyncValidSync_TestHarness_UNIQUIFIED/' /work/chipyard/sims/verilator/generated-src/chipyard.harness.TestHarness.RocketConfig/gen-collateral/AsyncValidSync_TestHarness_UNIQUIFIED.sv
sed -i 's/module\( \+\)AsyncValidSync/module\1AsyncValidSync_TestHarness_UNIQUIFIED/' /work/chipyard/sims/verilator/generated-src/chipyard.harness.TestHarness.RocketConfig/gen-collateral/AsyncValidSync_TestHarness_UNIQUIFIED.sv
sed -i 's/module\( \+\)AsyncResetSynchronizerShiftReg_w4_d3_i0/module\1AsyncResetSynchronizerShiftReg_w4_d3_i0_TestHarness_UNIQUIFIED/' /work/chipyard/sims/verilator/generated-src/chipyard.harness.TestHarness.RocketConfig/gen-collateral/AsyncResetSynchronizerShiftReg_w4_d3_i0_TestHarness_UNIQUIFIED.sv
sed -i 's/module\( \+\)ClockCrossingReg_w32/module\1ClockCrossingReg_w32_TestHarness_UNIQUIFIED/' /work/chipyard/sims/verilator/generated-src/chipyard.harness.TestHarness.RocketConfig/gen-collateral/ClockCrossingReg_w32_TestHarness_UNIQUIFIED.sv
sed -i 's/module\( \+\)AsyncValidSync/module\1AsyncValidSync_TestHarness_UNIQUIFIED/' /work/chipyard/sims/verilator/generated-src/chipyard.harness.TestHarness.RocketConfig/gen-collateral/AsyncValidSync_TestHarness_UNIQUIFIED.sv
sed -i 's/module\( \+\)AsyncValidSync/module\1AsyncValidSync_TestHarness_UNIQUIFIED/' /work/chipyard/sims/verilator/generated-src/chipyard.harness.TestHarness.RocketConfig/gen-collateral/AsyncValidSync_TestHarness_UNIQUIFIED.sv
sed -i 's/module\( \+\)AsyncValidSync/module\1AsyncValidSync_TestHarness_UNIQUIFIED/' /work/chipyard/sims/verilator/generated-src/chipyard.harness.TestHarness.RocketConfig/gen-collateral/AsyncValidSync_TestHarness_UNIQUIFIED.sv
sed -i 's/module\( \+\)AsyncValidSync/module\1AsyncValidSync_TestHarness_UNIQUIFIED/' /work/chipyard/sims/verilator/generated-src/chipyard.harness.TestHarness.RocketConfig/gen-collateral/AsyncValidSync_TestHarness_UNIQUIFIED.sv
sed -i 's/module\( \+\)AsyncResetSynchronizerShiftReg_w4_d3_i0/module\1AsyncResetSynchronizerShiftReg_w4_d3_i0_TestHarness_UNIQUIFIED/' /work/chipyard/sims/verilator/generated-src/chipyard.harness.TestHarness.RocketConfig/gen-collateral/AsyncResetSynchronizerShiftReg_w4_d3_i0_TestHarness_UNIQUIFIED.sv
sed -i 's/module\( \+\)AsyncValidSync/module\1AsyncValidSync_TestHarness_UNIQUIFIED/' /work/chipyard/sims/verilator/generated-src/chipyard.harness.TestHarness.RocketConfig/gen-collateral/AsyncValidSync_TestHarness_UNIQUIFIED.sv
sed -i 's/module\( \+\)AsyncValidSync/module\1AsyncValidSync_TestHarness_UNIQUIFIED/' /work/chipyard/sims/verilator/generated-src/chipyard.harness.TestHarness.RocketConfig/gen-collateral/AsyncValidSync_TestHarness_UNIQUIFIED.sv
sed -i 's/module\( \+\)AsyncValidSync/module\1AsyncValidSync_TestHarness_UNIQUIFIED/' /work/chipyard/sims/verilator/generated-src/chipyard.harness.TestHarness.RocketConfig/gen-collateral/AsyncValidSync_TestHarness_UNIQUIFIED.sv
sed -i 's/module\( \+\)AsyncValidSync/module\1AsyncValidSync_TestHarness_UNIQUIFIED/' /work/chipyard/sims/verilator/generated-src/chipyard.harness.TestHarness.RocketConfig/gen-collateral/AsyncValidSync_TestHarness_UNIQUIFIED.sv
sed -i 's/module\( \+\)AsyncResetSynchronizerShiftReg_w4_d3_i0/module\1AsyncResetSynchronizerShiftReg_w4_d3_i0_TestHarness_UNIQUIFIED/' /work/chipyard/sims/verilator/generated-src/chipyard.harness.TestHarness.RocketConfig/gen-collateral/AsyncResetSynchronizerShiftReg_w4_d3_i0_TestHarness_UNIQUIFIED.sv
sed -i 's/module\( \+\)ClockCrossingReg_w32/module\1ClockCrossingReg_w32_TestHarness_UNIQUIFIED/' /work/chipyard/sims/verilator/generated-src/chipyard.harness.TestHarness.RocketConfig/gen-collateral/ClockCrossingReg_w32_TestHarness_UNIQUIFIED.sv
sed -i 's/module\( \+\)AsyncValidSync/module\1AsyncValidSync_TestHarness_UNIQUIFIED/' /work/chipyard/sims/verilator/generated-src/chipyard.harness.TestHarness.RocketConfig/gen-collateral/AsyncValidSync_TestHarness_UNIQUIFIED.sv
sed -i 's/module\( \+\)AsyncValidSync/module\1AsyncValidSync_TestHarness_UNIQUIFIED/' /work/chipyard/sims/verilator/generated-src/chipyard.harness.TestHarness.RocketConfig/gen-collateral/AsyncValidSync_TestHarness_UNIQUIFIED.sv
sed -i 's/module\( \+\)AsyncValidSync/module\1AsyncValidSync_TestHarness_UNIQUIFIED/' /work/chipyard/sims/verilator/generated-src/chipyard.harness.TestHarness.RocketConfig/gen-collateral/AsyncValidSync_TestHarness_UNIQUIFIED.sv
sed -i 's/module\( \+\)AsyncValidSync/module\1AsyncValidSync_TestHarness_UNIQUIFIED/' /work/chipyard/sims/verilator/generated-src/chipyard.harness.TestHarness.RocketConfig/gen-collateral/AsyncValidSync_TestHarness_UNIQUIFIED.sv
sed -i 's/module\( \+\)AsyncResetSynchronizerPrimitiveShiftReg_d3_i0/module\1AsyncResetSynchronizerPrimitiveShiftReg_d3_i0_TestHarness_UNIQUIFIED/' /work/chipyard/sims/verilator/generated-src/chipyard.harness.TestHarness.RocketConfig/gen-collateral/AsyncResetSynchronizerPrimitiveShiftReg_d3_i0_TestHarness_UNIQUIFIED.sv
sed -i 's/\( \*\)AsyncResetSynchronizerPrimitiveShiftReg_d3_i0\( \+\)/\1AsyncResetSynchronizerPrimitiveShiftReg_d3_i0_TestHarness_UNIQUIFIED\2/' /work/chipyard/sims/verilator/generated-src/chipyard.harness.TestHarness.RocketConfig/gen-collateral/AsyncResetSynchronizerShiftReg_w4_d3_i0_TestHarness_UNIQUIFIED.sv
sed -i 's/module\( \+\)AsyncResetSynchronizerPrimitiveShiftReg_d3_i0/module\1AsyncResetSynchronizerPrimitiveShiftReg_d3_i0_TestHarness_UNIQUIFIED/' /work/chipyard/sims/verilator/generated-src/chipyard.harness.TestHarness.RocketConfig/gen-collateral/AsyncResetSynchronizerPrimitiveShiftReg_d3_i0_TestHarness_UNIQUIFIED.sv
sed -i 's/module\( \+\)AsyncResetSynchronizerPrimitiveShiftReg_d3_i0/module\1AsyncResetSynchronizerPrimitiveShiftReg_d3_i0_TestHarness_UNIQUIFIED/' /work/chipyard/sims/verilator/generated-src/chipyard.harness.TestHarness.RocketConfig/gen-collateral/AsyncResetSynchronizerPrimitiveShiftReg_d3_i0_TestHarness_UNIQUIFIED.sv
sed -i 's/module\( \+\)AsyncResetSynchronizerPrimitiveShiftReg_d3_i0/module\1AsyncResetSynchronizerPrimitiveShiftReg_d3_i0_TestHarness_UNIQUIFIED/' /work/chipyard/sims/verilator/generated-src/chipyard.harness.TestHarness.RocketConfig/gen-collateral/AsyncResetSynchronizerPrimitiveShiftReg_d3_i0_TestHarness_UNIQUIFIED.sv
sed -i 's/module\( \+\)AsyncResetSynchronizerShiftReg_w1_d3_i0_1/module\1AsyncResetSynchronizerShiftReg_w1_d3_i0_1_TestHarness_UNIQUIFIED/' /work/chipyard/sims/verilator/generated-src/chipyard.harness.TestHarness.RocketConfig/gen-collateral/AsyncResetSynchronizerShiftReg_w1_d3_i0_1_TestHarness_UNIQUIFIED.sv
sed -i 's/\( \*\)AsyncResetSynchronizerShiftReg_w1_d3_i0_1\( \+\)/\1AsyncResetSynchronizerShiftReg_w1_d3_i0_1_TestHarness_UNIQUIFIED\2/' /work/chipyard/sims/verilator/generated-src/chipyard.harness.TestHarness.RocketConfig/gen-collateral/AsyncValidSync_TestHarness_UNIQUIFIED.sv
sed -i 's/module\( \+\)AsyncResetSynchronizerShiftReg_w1_d3_i0_1/module\1AsyncResetSynchronizerShiftReg_w1_d3_i0_1_TestHarness_UNIQUIFIED/' /work/chipyard/sims/verilator/generated-src/chipyard.harness.TestHarness.RocketConfig/gen-collateral/AsyncResetSynchronizerShiftReg_w1_d3_i0_1_TestHarness_UNIQUIFIED.sv
sed -i 's/module\( \+\)AsyncResetSynchronizerShiftReg_w1_d3_i0_1/module\1AsyncResetSynchronizerShiftReg_w1_d3_i0_1_TestHarness_UNIQUIFIED/' /work/chipyard/sims/verilator/generated-src/chipyard.harness.TestHarness.RocketConfig/gen-collateral/AsyncResetSynchronizerShiftReg_w1_d3_i0_1_TestHarness_UNIQUIFIED.sv
sed -i 's/module\( \+\)AsyncResetSynchronizerShiftReg_w1_d3_i0_1/module\1AsyncResetSynchronizerShiftReg_w1_d3_i0_1_TestHarness_UNIQUIFIED/' /work/chipyard/sims/verilator/generated-src/chipyard.harness.TestHarness.RocketConfig/gen-collateral/AsyncResetSynchronizerShiftReg_w1_d3_i0_1_TestHarness_UNIQUIFIED.sv
sed -i 's/module\( \+\)AsyncResetSynchronizerPrimitiveShiftReg_d3_i0/module\1AsyncResetSynchronizerPrimitiveShiftReg_d3_i0_TestHarness_UNIQUIFIED/' /work/chipyard/sims/verilator/generated-src/chipyard.harness.TestHarness.RocketConfig/gen-collateral/AsyncResetSynchronizerPrimitiveShiftReg_d3_i0_TestHarness_UNIQUIFIED.sv
sed -i 's/module\( \+\)AsyncResetSynchronizerPrimitiveShiftReg_d3_i0/module\1AsyncResetSynchronizerPrimitiveShiftReg_d3_i0_TestHarness_UNIQUIFIED/' /work/chipyard/sims/verilator/generated-src/chipyard.harness.TestHarness.RocketConfig/gen-collateral/AsyncResetSynchronizerPrimitiveShiftReg_d3_i0_TestHarness_UNIQUIFIED.sv
sed -i 's/module\( \+\)AsyncResetSynchronizerPrimitiveShiftReg_d3_i0/module\1AsyncResetSynchronizerPrimitiveShiftReg_d3_i0_TestHarness_UNIQUIFIED/' /work/chipyard/sims/verilator/generated-src/chipyard.harness.TestHarness.RocketConfig/gen-collateral/AsyncResetSynchronizerPrimitiveShiftReg_d3_i0_TestHarness_UNIQUIFIED.sv
sed -i 's/module\( \+\)AsyncResetSynchronizerPrimitiveShiftReg_d3_i0/module\1AsyncResetSynchronizerPrimitiveShiftReg_d3_i0_TestHarness_UNIQUIFIED/' /work/chipyard/sims/verilator/generated-src/chipyard.harness.TestHarness.RocketConfig/gen-collateral/AsyncResetSynchronizerPrimitiveShiftReg_d3_i0_TestHarness_UNIQUIFIED.sv
sed -i 's/module\( \+\)AsyncResetSynchronizerShiftReg_w1_d3_i0_1/module\1AsyncResetSynchronizerShiftReg_w1_d3_i0_1_TestHarness_UNIQUIFIED/' /work/chipyard/sims/verilator/generated-src/chipyard.harness.TestHarness.RocketConfig/gen-collateral/AsyncResetSynchronizerShiftReg_w1_d3_i0_1_TestHarness_UNIQUIFIED.sv
sed -i 's/module\( \+\)AsyncResetSynchronizerShiftReg_w1_d3_i0_1/module\1AsyncResetSynchronizerShiftReg_w1_d3_i0_1_TestHarness_UNIQUIFIED/' /work/chipyard/sims/verilator/generated-src/chipyard.harness.TestHarness.RocketConfig/gen-collateral/AsyncResetSynchronizerShiftReg_w1_d3_i0_1_TestHarness_UNIQUIFIED.sv
sed -i 's/module\( \+\)AsyncResetSynchronizerShiftReg_w1_d3_i0_1/module\1AsyncResetSynchronizerShiftReg_w1_d3_i0_1_TestHarness_UNIQUIFIED/' /work/chipyard/sims/verilator/generated-src/chipyard.harness.TestHarness.RocketConfig/gen-collateral/AsyncResetSynchronizerShiftReg_w1_d3_i0_1_TestHarness_UNIQUIFIED.sv
sed -i 's/module\( \+\)AsyncResetSynchronizerShiftReg_w1_d3_i0_1/module\1AsyncResetSynchronizerShiftReg_w1_d3_i0_1_TestHarness_UNIQUIFIED/' /work/chipyard/sims/verilator/generated-src/chipyard.harness.TestHarness.RocketConfig/gen-collateral/AsyncResetSynchronizerShiftReg_w1_d3_i0_1_TestHarness_UNIQUIFIED.sv
sed -i 's/module\( \+\)AsyncResetSynchronizerPrimitiveShiftReg_d3_i0/module\1AsyncResetSynchronizerPrimitiveShiftReg_d3_i0_TestHarness_UNIQUIFIED/' /work/chipyard/sims/verilator/generated-src/chipyard.harness.TestHarness.RocketConfig/gen-collateral/AsyncResetSynchronizerPrimitiveShiftReg_d3_i0_TestHarness_UNIQUIFIED.sv
sed -i 's/module\( \+\)AsyncResetSynchronizerPrimitiveShiftReg_d3_i0/module\1AsyncResetSynchronizerPrimitiveShiftReg_d3_i0_TestHarness_UNIQUIFIED/' /work/chipyard/sims/verilator/generated-src/chipyard.harness.TestHarness.RocketConfig/gen-collateral/AsyncResetSynchronizerPrimitiveShiftReg_d3_i0_TestHarness_UNIQUIFIED.sv
sed -i 's/module\( \+\)AsyncResetSynchronizerPrimitiveShiftReg_d3_i0/module\1AsyncResetSynchronizerPrimitiveShiftReg_d3_i0_TestHarness_UNIQUIFIED/' /work/chipyard/sims/verilator/generated-src/chipyard.harness.TestHarness.RocketConfig/gen-collateral/AsyncResetSynchronizerPrimitiveShiftReg_d3_i0_TestHarness_UNIQUIFIED.sv
sed -i 's/module\( \+\)AsyncResetSynchronizerPrimitiveShiftReg_d3_i0/module\1AsyncResetSynchronizerPrimitiveShiftReg_d3_i0_TestHarness_UNIQUIFIED/' /work/chipyard/sims/verilator/generated-src/chipyard.harness.TestHarness.RocketConfig/gen-collateral/AsyncResetSynchronizerPrimitiveShiftReg_d3_i0_TestHarness_UNIQUIFIED.sv
sed -i 's/module\( \+\)AsyncResetSynchronizerShiftReg_w1_d3_i0_1/module\1AsyncResetSynchronizerShiftReg_w1_d3_i0_1_TestHarness_UNIQUIFIED/' /work/chipyard/sims/verilator/generated-src/chipyard.harness.TestHarness.RocketConfig/gen-collateral/AsyncResetSynchronizerShiftReg_w1_d3_i0_1_TestHarness_UNIQUIFIED.sv
sed -i 's/module\( \+\)AsyncResetSynchronizerShiftReg_w1_d3_i0_1/module\1AsyncResetSynchronizerShiftReg_w1_d3_i0_1_TestHarness_UNIQUIFIED/' /work/chipyard/sims/verilator/generated-src/chipyard.harness.TestHarness.RocketConfig/gen-collateral/AsyncResetSynchronizerShiftReg_w1_d3_i0_1_TestHarness_UNIQUIFIED.sv
sed -i 's/module\( \+\)AsyncResetSynchronizerShiftReg_w1_d3_i0_1/module\1AsyncResetSynchronizerShiftReg_w1_d3_i0_1_TestHarness_UNIQUIFIED/' /work/chipyard/sims/verilator/generated-src/chipyard.harness.TestHarness.RocketConfig/gen-collateral/AsyncResetSynchronizerShiftReg_w1_d3_i0_1_TestHarness_UNIQUIFIED.sv
sed -i 's/module\( \+\)AsyncResetSynchronizerShiftReg_w1_d3_i0_1/module\1AsyncResetSynchronizerShiftReg_w1_d3_i0_1_TestHarness_UNIQUIFIED/' /work/chipyard/sims/verilator/generated-src/chipyard.harness.TestHarness.RocketConfig/gen-collateral/AsyncResetSynchronizerShiftReg_w1_d3_i0_1_TestHarness_UNIQUIFIED.sv
sed -i 's/module\( \+\)AsyncResetSynchronizerPrimitiveShiftReg_d3_i0/module\1AsyncResetSynchronizerPrimitiveShiftReg_d3_i0_TestHarness_UNIQUIFIED/' /work/chipyard/sims/verilator/generated-src/chipyard.harness.TestHarness.RocketConfig/gen-collateral/AsyncResetSynchronizerPrimitiveShiftReg_d3_i0_TestHarness_UNIQUIFIED.sv
sed -i 's/module\( \+\)AsyncResetSynchronizerPrimitiveShiftReg_d3_i0/module\1AsyncResetSynchronizerPrimitiveShiftReg_d3_i0_TestHarness_UNIQUIFIED/' /work/chipyard/sims/verilator/generated-src/chipyard.harness.TestHarness.RocketConfig/gen-collateral/AsyncResetSynchronizerPrimitiveShiftReg_d3_i0_TestHarness_UNIQUIFIED.sv
sed -i 's/module\( \+\)AsyncResetSynchronizerPrimitiveShiftReg_d3_i0/module\1AsyncResetSynchronizerPrimitiveShiftReg_d3_i0_TestHarness_UNIQUIFIED/' /work/chipyard/sims/verilator/generated-src/chipyard.harness.TestHarness.RocketConfig/gen-collateral/AsyncResetSynchronizerPrimitiveShiftReg_d3_i0_TestHarness_UNIQUIFIED.sv
sed -i 's/module\( \+\)AsyncResetSynchronizerPrimitiveShiftReg_d3_i0/module\1AsyncResetSynchronizerPrimitiveShiftReg_d3_i0_TestHarness_UNIQUIFIED/' /work/chipyard/sims/verilator/generated-src/chipyard.harness.TestHarness.RocketConfig/gen-collateral/AsyncResetSynchronizerPrimitiveShiftReg_d3_i0_TestHarness_UNIQUIFIED.sv
sed -i 's/module\( \+\)AsyncResetSynchronizerShiftReg_w1_d3_i0_1/module\1AsyncResetSynchronizerShiftReg_w1_d3_i0_1_TestHarness_UNIQUIFIED/' /work/chipyard/sims/verilator/generated-src/chipyard.harness.TestHarness.RocketConfig/gen-collateral/AsyncResetSynchronizerShiftReg_w1_d3_i0_1_TestHarness_UNIQUIFIED.sv
sed -i 's/module\( \+\)AsyncResetSynchronizerShiftReg_w1_d3_i0_1/module\1AsyncResetSynchronizerShiftReg_w1_d3_i0_1_TestHarness_UNIQUIFIED/' /work/chipyard/sims/verilator/generated-src/chipyard.harness.TestHarness.RocketConfig/gen-collateral/AsyncResetSynchronizerShiftReg_w1_d3_i0_1_TestHarness_UNIQUIFIED.sv
sed -i 's/module\( \+\)AsyncResetSynchronizerShiftReg_w1_d3_i0_1/module\1AsyncResetSynchronizerShiftReg_w1_d3_i0_1_TestHarness_UNIQUIFIED/' /work/chipyard/sims/verilator/generated-src/chipyard.harness.TestHarness.RocketConfig/gen-collateral/AsyncResetSynchronizerShiftReg_w1_d3_i0_1_TestHarness_UNIQUIFIED.sv
sed -i 's/module\( \+\)AsyncResetSynchronizerShiftReg_w1_d3_i0_1/module\1AsyncResetSynchronizerShiftReg_w1_d3_i0_1_TestHarness_UNIQUIFIED/' /work/chipyard/sims/verilator/generated-src/chipyard.harness.TestHarness.RocketConfig/gen-collateral/AsyncResetSynchronizerShiftReg_w1_d3_i0_1_TestHarness_UNIQUIFIED.sv
sed -i 's/module\( \+\)AsyncResetSynchronizerPrimitiveShiftReg_d3_i0/module\1AsyncResetSynchronizerPrimitiveShiftReg_d3_i0_TestHarness_UNIQUIFIED/' /work/chipyard/sims/verilator/generated-src/chipyard.harness.TestHarness.RocketConfig/gen-collateral/AsyncResetSynchronizerPrimitiveShiftReg_d3_i0_TestHarness_UNIQUIFIED.sv
sed -i 's/module\( \+\)AsyncResetSynchronizerPrimitiveShiftReg_d3_i0/module\1AsyncResetSynchronizerPrimitiveShiftReg_d3_i0_TestHarness_UNIQUIFIED/' /work/chipyard/sims/verilator/generated-src/chipyard.harness.TestHarness.RocketConfig/gen-collateral/AsyncResetSynchronizerPrimitiveShiftReg_d3_i0_TestHarness_UNIQUIFIED.sv
sed -i 's/module\( \+\)AsyncResetSynchronizerPrimitiveShiftReg_d3_i0/module\1AsyncResetSynchronizerPrimitiveShiftReg_d3_i0_TestHarness_UNIQUIFIED/' /work/chipyard/sims/verilator/generated-src/chipyard.harness.TestHarness.RocketConfig/gen-collateral/AsyncResetSynchronizerPrimitiveShiftReg_d3_i0_TestHarness_UNIQUIFIED.sv
sed -i 's/module\( \+\)AsyncResetSynchronizerPrimitiveShiftReg_d3_i0/module\1AsyncResetSynchronizerPrimitiveShiftReg_d3_i0_TestHarness_UNIQUIFIED/' /work/chipyard/sims/verilator/generated-src/chipyard.harness.TestHarness.RocketConfig/gen-collateral/AsyncResetSynchronizerPrimitiveShiftReg_d3_i0_TestHarness_UNIQUIFIED.sv
sed -i 's/module\( \+\)AsyncResetSynchronizerShiftReg_w1_d3_i0_1/module\1AsyncResetSynchronizerShiftReg_w1_d3_i0_1_TestHarness_UNIQUIFIED/' /work/chipyard/sims/verilator/generated-src/chipyard.harness.TestHarness.RocketConfig/gen-collateral/AsyncResetSynchronizerShiftReg_w1_d3_i0_1_TestHarness_UNIQUIFIED.sv
sed -i 's/module\( \+\)AsyncResetSynchronizerShiftReg_w1_d3_i0_1/module\1AsyncResetSynchronizerShiftReg_w1_d3_i0_1_TestHarness_UNIQUIFIED/' /work/chipyard/sims/verilator/generated-src/chipyard.harness.TestHarness.RocketConfig/gen-collateral/AsyncResetSynchronizerShiftReg_w1_d3_i0_1_TestHarness_UNIQUIFIED.sv
sed -i 's/module\( \+\)AsyncResetSynchronizerShiftReg_w1_d3_i0_1/module\1AsyncResetSynchronizerShiftReg_w1_d3_i0_1_TestHarness_UNIQUIFIED/' /work/chipyard/sims/verilator/generated-src/chipyard.harness.TestHarness.RocketConfig/gen-collateral/AsyncResetSynchronizerShiftReg_w1_d3_i0_1_TestHarness_UNIQUIFIED.sv
sed -i 's/module\( \+\)AsyncResetSynchronizerShiftReg_w1_d3_i0_1/module\1AsyncResetSynchronizerShiftReg_w1_d3_i0_1_TestHarness_UNIQUIFIED/' /work/chipyard/sims/verilator/generated-src/chipyard.harness.TestHarness.RocketConfig/gen-collateral/AsyncResetSynchronizerShiftReg_w1_d3_i0_1_TestHarness_UNIQUIFIED.sv
sed -i 's/module\( \+\)AsyncResetSynchronizerPrimitiveShiftReg_d3_i0/module\1AsyncResetSynchronizerPrimitiveShiftReg_d3_i0_TestHarness_UNIQUIFIED/' /work/chipyard/sims/verilator/generated-src/chipyard.harness.TestHarness.RocketConfig/gen-collateral/AsyncResetSynchronizerPrimitiveShiftReg_d3_i0_TestHarness_UNIQUIFIED.sv
sed -i 's/module\( \+\)AsyncResetSynchronizerPrimitiveShiftReg_d3_i0/module\1AsyncResetSynchronizerPrimitiveShiftReg_d3_i0_TestHarness_UNIQUIFIED/' /work/chipyard/sims/verilator/generated-src/chipyard.harness.TestHarness.RocketConfig/gen-collateral/AsyncResetSynchronizerPrimitiveShiftReg_d3_i0_TestHarness_UNIQUIFIED.sv
sed -i 's/module\( \+\)AsyncResetSynchronizerPrimitiveShiftReg_d3_i0/module\1AsyncResetSynchronizerPrimitiveShiftReg_d3_i0_TestHarness_UNIQUIFIED/' /work/chipyard/sims/verilator/generated-src/chipyard.harness.TestHarness.RocketConfig/gen-collateral/AsyncResetSynchronizerPrimitiveShiftReg_d3_i0_TestHarness_UNIQUIFIED.sv
sed -i 's/module\( \+\)AsyncResetSynchronizerPrimitiveShiftReg_d3_i0/module\1AsyncResetSynchronizerPrimitiveShiftReg_d3_i0_TestHarness_UNIQUIFIED/' /work/chipyard/sims/verilator/generated-src/chipyard.harness.TestHarness.RocketConfig/gen-collateral/AsyncResetSynchronizerPrimitiveShiftReg_d3_i0_TestHarness_UNIQUIFIED.sv
sed -i 's/module\( \+\)AsyncResetSynchronizerShiftReg_w1_d3_i0_1/module\1AsyncResetSynchronizerShiftReg_w1_d3_i0_1_TestHarness_UNIQUIFIED/' /work/chipyard/sims/verilator/generated-src/chipyard.harness.TestHarness.RocketConfig/gen-collateral/AsyncResetSynchronizerShiftReg_w1_d3_i0_1_TestHarness_UNIQUIFIED.sv
sed -i 's/module\( \+\)AsyncResetSynchronizerShiftReg_w1_d3_i0_1/module\1AsyncResetSynchronizerShiftReg_w1_d3_i0_1_TestHarness_UNIQUIFIED/' /work/chipyard/sims/verilator/generated-src/chipyard.harness.TestHarness.RocketConfig/gen-collateral/AsyncResetSynchronizerShiftReg_w1_d3_i0_1_TestHarness_UNIQUIFIED.sv
sed -i 's/module\( \+\)AsyncResetSynchronizerShiftReg_w1_d3_i0_1/module\1AsyncResetSynchronizerShiftReg_w1_d3_i0_1_TestHarness_UNIQUIFIED/' /work/chipyard/sims/verilator/generated-src/chipyard.harness.TestHarness.RocketConfig/gen-collateral/AsyncResetSynchronizerShiftReg_w1_d3_i0_1_TestHarness_UNIQUIFIED.sv
sed -i 's/module\( \+\)AsyncResetSynchronizerShiftReg_w1_d3_i0_1/module\1AsyncResetSynchronizerShiftReg_w1_d3_i0_1_TestHarness_UNIQUIFIED/' /work/chipyard/sims/verilator/generated-src/chipyard.harness.TestHarness.RocketConfig/gen-collateral/AsyncResetSynchronizerShiftReg_w1_d3_i0_1_TestHarness_UNIQUIFIED.sv
sed -i 's/module\( \+\)AsyncResetSynchronizerPrimitiveShiftReg_d3_i0/module\1AsyncResetSynchronizerPrimitiveShiftReg_d3_i0_TestHarness_UNIQUIFIED/' /work/chipyard/sims/verilator/generated-src/chipyard.harness.TestHarness.RocketConfig/gen-collateral/AsyncResetSynchronizerPrimitiveShiftReg_d3_i0_TestHarness_UNIQUIFIED.sv
sed -i 's/module\( \+\)AsyncResetSynchronizerPrimitiveShiftReg_d3_i0/module\1AsyncResetSynchronizerPrimitiveShiftReg_d3_i0_TestHarness_UNIQUIFIED/' /work/chipyard/sims/verilator/generated-src/chipyard.harness.TestHarness.RocketConfig/gen-collateral/AsyncResetSynchronizerPrimitiveShiftReg_d3_i0_TestHarness_UNIQUIFIED.sv
sed -i 's/module\( \+\)AsyncResetSynchronizerPrimitiveShiftReg_d3_i0/module\1AsyncResetSynchronizerPrimitiveShiftReg_d3_i0_TestHarness_UNIQUIFIED/' /work/chipyard/sims/verilator/generated-src/chipyard.harness.TestHarness.RocketConfig/gen-collateral/AsyncResetSynchronizerPrimitiveShiftReg_d3_i0_TestHarness_UNIQUIFIED.sv
sed -i 's/module\( \+\)AsyncResetSynchronizerPrimitiveShiftReg_d3_i0/module\1AsyncResetSynchronizerPrimitiveShiftReg_d3_i0_TestHarness_UNIQUIFIED/' /work/chipyard/sims/verilator/generated-src/chipyard.harness.TestHarness.RocketConfig/gen-collateral/AsyncResetSynchronizerPrimitiveShiftReg_d3_i0_TestHarness_UNIQUIFIED.sv
sed -i 's/module\( \+\)AsyncResetSynchronizerShiftReg_w1_d3_i0_1/module\1AsyncResetSynchronizerShiftReg_w1_d3_i0_1_TestHarness_UNIQUIFIED/' /work/chipyard/sims/verilator/generated-src/chipyard.harness.TestHarness.RocketConfig/gen-collateral/AsyncResetSynchronizerShiftReg_w1_d3_i0_1_TestHarness_UNIQUIFIED.sv
sed -i 's/module\( \+\)AsyncResetSynchronizerShiftReg_w1_d3_i0_1/module\1AsyncResetSynchronizerShiftReg_w1_d3_i0_1_TestHarness_UNIQUIFIED/' /work/chipyard/sims/verilator/generated-src/chipyard.harness.TestHarness.RocketConfig/gen-collateral/AsyncResetSynchronizerShiftReg_w1_d3_i0_1_TestHarness_UNIQUIFIED.sv
sed -i 's/module\( \+\)AsyncResetSynchronizerShiftReg_w1_d3_i0_1/module\1AsyncResetSynchronizerShiftReg_w1_d3_i0_1_TestHarness_UNIQUIFIED/' /work/chipyard/sims/verilator/generated-src/chipyard.harness.TestHarness.RocketConfig/gen-collateral/AsyncResetSynchronizerShiftReg_w1_d3_i0_1_TestHarness_UNIQUIFIED.sv
sed -i 's/module\( \+\)AsyncResetSynchronizerShiftReg_w1_d3_i0_1/module\1AsyncResetSynchronizerShiftReg_w1_d3_i0_1_TestHarness_UNIQUIFIED/' /work/chipyard/sims/verilator/generated-src/chipyard.harness.TestHarness.RocketConfig/gen-collateral/AsyncResetSynchronizerShiftReg_w1_d3_i0_1_TestHarness_UNIQUIFIED.sv
sed -i 's/module\( \+\)AsyncResetSynchronizerPrimitiveShiftReg_d3_i0/module\1AsyncResetSynchronizerPrimitiveShiftReg_d3_i0_TestHarness_UNIQUIFIED/' /work/chipyard/sims/verilator/generated-src/chipyard.harness.TestHarness.RocketConfig/gen-collateral/AsyncResetSynchronizerPrimitiveShiftReg_d3_i0_TestHarness_UNIQUIFIED.sv
sed -i 's/module\( \+\)AsyncResetSynchronizerPrimitiveShiftReg_d3_i0/module\1AsyncResetSynchronizerPrimitiveShiftReg_d3_i0_TestHarness_UNIQUIFIED/' /work/chipyard/sims/verilator/generated-src/chipyard.harness.TestHarness.RocketConfig/gen-collateral/AsyncResetSynchronizerPrimitiveShiftReg_d3_i0_TestHarness_UNIQUIFIED.sv
sed -i 's/module\( \+\)AsyncResetSynchronizerPrimitiveShiftReg_d3_i0/module\1AsyncResetSynchronizerPrimitiveShiftReg_d3_i0_TestHarness_UNIQUIFIED/' /work/chipyard/sims/verilator/generated-src/chipyard.harness.TestHarness.RocketConfig/gen-collateral/AsyncResetSynchronizerPrimitiveShiftReg_d3_i0_TestHarness_UNIQUIFIED.sv
sed -i 's/module\( \+\)AsyncResetSynchronizerPrimitiveShiftReg_d3_i0/module\1AsyncResetSynchronizerPrimitiveShiftReg_d3_i0_TestHarness_UNIQUIFIED/' /work/chipyard/sims/verilator/generated-src/chipyard.harness.TestHarness.RocketConfig/gen-collateral/AsyncResetSynchronizerPrimitiveShiftReg_d3_i0_TestHarness_UNIQUIFIED.sv
sed -i 's/module\( \+\)AsyncResetSynchronizerShiftReg_w1_d3_i0_1/module\1AsyncResetSynchronizerShiftReg_w1_d3_i0_1_TestHarness_UNIQUIFIED/' /work/chipyard/sims/verilator/generated-src/chipyard.harness.TestHarness.RocketConfig/gen-collateral/AsyncResetSynchronizerShiftReg_w1_d3_i0_1_TestHarness_UNIQUIFIED.sv
sed -i 's/module\( \+\)AsyncResetSynchronizerShiftReg_w1_d3_i0_1/module\1AsyncResetSynchronizerShiftReg_w1_d3_i0_1_TestHarness_UNIQUIFIED/' /work/chipyard/sims/verilator/generated-src/chipyard.harness.TestHarness.RocketConfig/gen-collateral/AsyncResetSynchronizerShiftReg_w1_d3_i0_1_TestHarness_UNIQUIFIED.sv
sed -i 's/module\( \+\)AsyncResetSynchronizerShiftReg_w1_d3_i0_1/module\1AsyncResetSynchronizerShiftReg_w1_d3_i0_1_TestHarness_UNIQUIFIED/' /work/chipyard/sims/verilator/generated-src/chipyard.harness.TestHarness.RocketConfig/gen-collateral/AsyncResetSynchronizerShiftReg_w1_d3_i0_1_TestHarness_UNIQUIFIED.sv
sed -i 's/module\( \+\)AsyncResetSynchronizerShiftReg_w1_d3_i0_1/module\1AsyncResetSynchronizerShiftReg_w1_d3_i0_1_TestHarness_UNIQUIFIED/' /work/chipyard/sims/verilator/generated-src/chipyard.harness.TestHarness.RocketConfig/gen-collateral/AsyncResetSynchronizerShiftReg_w1_d3_i0_1_TestHarness_UNIQUIFIED.sv
sed -i 's/module\( \+\)AsyncResetSynchronizerPrimitiveShiftReg_d3_i0/module\1AsyncResetSynchronizerPrimitiveShiftReg_d3_i0_TestHarness_UNIQUIFIED/' /work/chipyard/sims/verilator/generated-src/chipyard.harness.TestHarness.RocketConfig/gen-collateral/AsyncResetSynchronizerPrimitiveShiftReg_d3_i0_TestHarness_UNIQUIFIED.sv
sed -i 's/module\( \+\)AsyncResetSynchronizerPrimitiveShiftReg_d3_i0/module\1AsyncResetSynchronizerPrimitiveShiftReg_d3_i0_TestHarness_UNIQUIFIED/' /work/chipyard/sims/verilator/generated-src/chipyard.harness.TestHarness.RocketConfig/gen-collateral/AsyncResetSynchronizerPrimitiveShiftReg_d3_i0_TestHarness_UNIQUIFIED.sv
sed -i 's/module\( \+\)AsyncResetSynchronizerPrimitiveShiftReg_d3_i0/module\1AsyncResetSynchronizerPrimitiveShiftReg_d3_i0_TestHarness_UNIQUIFIED/' /work/chipyard/sims/verilator/generated-src/chipyard.harness.TestHarness.RocketConfig/gen-collateral/AsyncResetSynchronizerPrimitiveShiftReg_d3_i0_TestHarness_UNIQUIFIED.sv
sed -i 's/module\( \+\)AsyncResetSynchronizerPrimitiveShiftReg_d3_i0/module\1AsyncResetSynchronizerPrimitiveShiftReg_d3_i0_TestHarness_UNIQUIFIED/' /work/chipyard/sims/verilator/generated-src/chipyard.harness.TestHarness.RocketConfig/gen-collateral/AsyncResetSynchronizerPrimitiveShiftReg_d3_i0_TestHarness_UNIQUIFIED.sv
sed -i 's/module\( \+\)AsyncResetSynchronizerShiftReg_w1_d3_i0_1/module\1AsyncResetSynchronizerShiftReg_w1_d3_i0_1_TestHarness_UNIQUIFIED/' /work/chipyard/sims/verilator/generated-src/chipyard.harness.TestHarness.RocketConfig/gen-collateral/AsyncResetSynchronizerShiftReg_w1_d3_i0_1_TestHarness_UNIQUIFIED.sv
sed -i 's/module\( \+\)AsyncResetSynchronizerShiftReg_w1_d3_i0_1/module\1AsyncResetSynchronizerShiftReg_w1_d3_i0_1_TestHarness_UNIQUIFIED/' /work/chipyard/sims/verilator/generated-src/chipyard.harness.TestHarness.RocketConfig/gen-collateral/AsyncResetSynchronizerShiftReg_w1_d3_i0_1_TestHarness_UNIQUIFIED.sv
sed -i 's/module\( \+\)AsyncResetSynchronizerShiftReg_w1_d3_i0_1/module\1AsyncResetSynchronizerShiftReg_w1_d3_i0_1_TestHarness_UNIQUIFIED/' /work/chipyard/sims/verilator/generated-src/chipyard.harness.TestHarness.RocketConfig/gen-collateral/AsyncResetSynchronizerShiftReg_w1_d3_i0_1_TestHarness_UNIQUIFIED.sv
sed -i 's/module\( \+\)AsyncResetSynchronizerShiftReg_w1_d3_i0_1/module\1AsyncResetSynchronizerShiftReg_w1_d3_i0_1_TestHarness_UNIQUIFIED/' /work/chipyard/sims/verilator/generated-src/chipyard.harness.TestHarness.RocketConfig/gen-collateral/AsyncResetSynchronizerShiftReg_w1_d3_i0_1_TestHarness_UNIQUIFIED.sv
sed -i 's/module\( \+\)AsyncResetSynchronizerPrimitiveShiftReg_d3_i0/module\1AsyncResetSynchronizerPrimitiveShiftReg_d3_i0_TestHarness_UNIQUIFIED/' /work/chipyard/sims/verilator/generated-src/chipyard.harness.TestHarness.RocketConfig/gen-collateral/AsyncResetSynchronizerPrimitiveShiftReg_d3_i0_TestHarness_UNIQUIFIED.sv
sed -i 's/module\( \+\)AsyncResetSynchronizerPrimitiveShiftReg_d3_i0/module\1AsyncResetSynchronizerPrimitiveShiftReg_d3_i0_TestHarness_UNIQUIFIED/' /work/chipyard/sims/verilator/generated-src/chipyard.harness.TestHarness.RocketConfig/gen-collateral/AsyncResetSynchronizerPrimitiveShiftReg_d3_i0_TestHarness_UNIQUIFIED.sv
sed -i 's/module\( \+\)AsyncResetSynchronizerPrimitiveShiftReg_d3_i0/module\1AsyncResetSynchronizerPrimitiveShiftReg_d3_i0_TestHarness_UNIQUIFIED/' /work/chipyard/sims/verilator/generated-src/chipyard.harness.TestHarness.RocketConfig/gen-collateral/AsyncResetSynchronizerPrimitiveShiftReg_d3_i0_TestHarness_UNIQUIFIED.sv
sed -i 's/module\( \+\)AsyncResetSynchronizerPrimitiveShiftReg_d3_i0/module\1AsyncResetSynchronizerPrimitiveShiftReg_d3_i0_TestHarness_UNIQUIFIED/' /work/chipyard/sims/verilator/generated-src/chipyard.harness.TestHarness.RocketConfig/gen-collateral/AsyncResetSynchronizerPrimitiveShiftReg_d3_i0_TestHarness_UNIQUIFIED.sv
sed -i 's/module\( \+\)AsyncResetSynchronizerShiftReg_w1_d3_i0_1/module\1AsyncResetSynchronizerShiftReg_w1_d3_i0_1_TestHarness_UNIQUIFIED/' /work/chipyard/sims/verilator/generated-src/chipyard.harness.TestHarness.RocketConfig/gen-collateral/AsyncResetSynchronizerShiftReg_w1_d3_i0_1_TestHarness_UNIQUIFIED.sv
sed -i 's/module\( \+\)AsyncResetSynchronizerShiftReg_w1_d3_i0_1/module\1AsyncResetSynchronizerShiftReg_w1_d3_i0_1_TestHarness_UNIQUIFIED/' /work/chipyard/sims/verilator/generated-src/chipyard.harness.TestHarness.RocketConfig/gen-collateral/AsyncResetSynchronizerShiftReg_w1_d3_i0_1_TestHarness_UNIQUIFIED.sv
sed -i 's/module\( \+\)AsyncResetSynchronizerShiftReg_w1_d3_i0_1/module\1AsyncResetSynchronizerShiftReg_w1_d3_i0_1_TestHarness_UNIQUIFIED/' /work/chipyard/sims/verilator/generated-src/chipyard.harness.TestHarness.RocketConfig/gen-collateral/AsyncResetSynchronizerShiftReg_w1_d3_i0_1_TestHarness_UNIQUIFIED.sv
sed -i 's/module\( \+\)AsyncResetSynchronizerShiftReg_w1_d3_i0_1/module\1AsyncResetSynchronizerShiftReg_w1_d3_i0_1_TestHarness_UNIQUIFIED/' /work/chipyard/sims/verilator/generated-src/chipyard.harness.TestHarness.RocketConfig/gen-collateral/AsyncResetSynchronizerShiftReg_w1_d3_i0_1_TestHarness_UNIQUIFIED.sv
sed -i 's/module\( \+\)AsyncResetSynchronizerPrimitiveShiftReg_d3_i0/module\1AsyncResetSynchronizerPrimitiveShiftReg_d3_i0_TestHarness_UNIQUIFIED/' /work/chipyard/sims/verilator/generated-src/chipyard.harness.TestHarness.RocketConfig/gen-collateral/AsyncResetSynchronizerPrimitiveShiftReg_d3_i0_TestHarness_UNIQUIFIED.sv
sed -i 's/module\( \+\)AsyncResetSynchronizerPrimitiveShiftReg_d3_i0/module\1AsyncResetSynchronizerPrimitiveShiftReg_d3_i0_TestHarness_UNIQUIFIED/' /work/chipyard/sims/verilator/generated-src/chipyard.harness.TestHarness.RocketConfig/gen-collateral/AsyncResetSynchronizerPrimitiveShiftReg_d3_i0_TestHarness_UNIQUIFIED.sv
sed -i 's/module\( \+\)AsyncResetSynchronizerPrimitiveShiftReg_d3_i0/module\1AsyncResetSynchronizerPrimitiveShiftReg_d3_i0_TestHarness_UNIQUIFIED/' /work/chipyard/sims/verilator/generated-src/chipyard.harness.TestHarness.RocketConfig/gen-collateral/AsyncResetSynchronizerPrimitiveShiftReg_d3_i0_TestHarness_UNIQUIFIED.sv
sed -i 's/module\( \+\)AsyncResetSynchronizerPrimitiveShiftReg_d3_i0/module\1AsyncResetSynchronizerPrimitiveShiftReg_d3_i0_TestHarness_UNIQUIFIED/' /work/chipyard/sims/verilator/generated-src/chipyard.harness.TestHarness.RocketConfig/gen-collateral/AsyncResetSynchronizerPrimitiveShiftReg_d3_i0_TestHarness_UNIQUIFIED.sv
sed -i 's/module\( \+\)AsyncResetSynchronizerShiftReg_w1_d3_i0_1/module\1AsyncResetSynchronizerShiftReg_w1_d3_i0_1_TestHarness_UNIQUIFIED/' /work/chipyard/sims/verilator/generated-src/chipyard.harness.TestHarness.RocketConfig/gen-collateral/AsyncResetSynchronizerShiftReg_w1_d3_i0_1_TestHarness_UNIQUIFIED.sv
sed -i 's/module\( \+\)AsyncResetSynchronizerShiftReg_w1_d3_i0_1/module\1AsyncResetSynchronizerShiftReg_w1_d3_i0_1_TestHarness_UNIQUIFIED/' /work/chipyard/sims/verilator/generated-src/chipyard.harness.TestHarness.RocketConfig/gen-collateral/AsyncResetSynchronizerShiftReg_w1_d3_i0_1_TestHarness_UNIQUIFIED.sv
sed -i 's/module\( \+\)AsyncResetSynchronizerShiftReg_w1_d3_i0_1/module\1AsyncResetSynchronizerShiftReg_w1_d3_i0_1_TestHarness_UNIQUIFIED/' /work/chipyard/sims/verilator/generated-src/chipyard.harness.TestHarness.RocketConfig/gen-collateral/AsyncResetSynchronizerShiftReg_w1_d3_i0_1_TestHarness_UNIQUIFIED.sv
sed -i 's/module\( \+\)AsyncResetSynchronizerShiftReg_w1_d3_i0_1/module\1AsyncResetSynchronizerShiftReg_w1_d3_i0_1_TestHarness_UNIQUIFIED/' /work/chipyard/sims/verilator/generated-src/chipyard.harness.TestHarness.RocketConfig/gen-collateral/AsyncResetSynchronizerShiftReg_w1_d3_i0_1_TestHarness_UNIQUIFIED.sv
sed -i 's/module\( \+\)AsyncResetSynchronizerPrimitiveShiftReg_d3_i0/module\1AsyncResetSynchronizerPrimitiveShiftReg_d3_i0_TestHarness_UNIQUIFIED/' /work/chipyard/sims/verilator/generated-src/chipyard.harness.TestHarness.RocketConfig/gen-collateral/AsyncResetSynchronizerPrimitiveShiftReg_d3_i0_TestHarness_UNIQUIFIED.sv
sed -i 's/module\( \+\)AsyncResetSynchronizerPrimitiveShiftReg_d3_i0/module\1AsyncResetSynchronizerPrimitiveShiftReg_d3_i0_TestHarness_UNIQUIFIED/' /work/chipyard/sims/verilator/generated-src/chipyard.harness.TestHarness.RocketConfig/gen-collateral/AsyncResetSynchronizerPrimitiveShiftReg_d3_i0_TestHarness_UNIQUIFIED.sv
sed -i 's/module\( \+\)AsyncResetSynchronizerPrimitiveShiftReg_d3_i0/module\1AsyncResetSynchronizerPrimitiveShiftReg_d3_i0_TestHarness_UNIQUIFIED/' /work/chipyard/sims/verilator/generated-src/chipyard.harness.TestHarness.RocketConfig/gen-collateral/AsyncResetSynchronizerPrimitiveShiftReg_d3_i0_TestHarness_UNIQUIFIED.sv
sed -i 's/module\( \+\)AsyncResetSynchronizerPrimitiveShiftReg_d3_i0/module\1AsyncResetSynchronizerPrimitiveShiftReg_d3_i0_TestHarness_UNIQUIFIED/' /work/chipyard/sims/verilator/generated-src/chipyard.harness.TestHarness.RocketConfig/gen-collateral/AsyncResetSynchronizerPrimitiveShiftReg_d3_i0_TestHarness_UNIQUIFIED.sv
sed -i 's/module\( \+\)AsyncResetSynchronizerShiftReg_w1_d3_i0_1/module\1AsyncResetSynchronizerShiftReg_w1_d3_i0_1_TestHarness_UNIQUIFIED/' /work/chipyard/sims/verilator/generated-src/chipyard.harness.TestHarness.RocketConfig/gen-collateral/AsyncResetSynchronizerShiftReg_w1_d3_i0_1_TestHarness_UNIQUIFIED.sv
sed -i 's/module\( \+\)AsyncResetSynchronizerShiftReg_w1_d3_i0_1/module\1AsyncResetSynchronizerShiftReg_w1_d3_i0_1_TestHarness_UNIQUIFIED/' /work/chipyard/sims/verilator/generated-src/chipyard.harness.TestHarness.RocketConfig/gen-collateral/AsyncResetSynchronizerShiftReg_w1_d3_i0_1_TestHarness_UNIQUIFIED.sv
sed -i 's/module\( \+\)AsyncResetSynchronizerShiftReg_w1_d3_i0_1/module\1AsyncResetSynchronizerShiftReg_w1_d3_i0_1_TestHarness_UNIQUIFIED/' /work/chipyard/sims/verilator/generated-src/chipyard.harness.TestHarness.RocketConfig/gen-collateral/AsyncResetSynchronizerShiftReg_w1_d3_i0_1_TestHarness_UNIQUIFIED.sv
sed -i 's/module\( \+\)AsyncResetSynchronizerShiftReg_w1_d3_i0_1/module\1AsyncResetSynchronizerShiftReg_w1_d3_i0_1_TestHarness_UNIQUIFIED/' /work/chipyard/sims/verilator/generated-src/chipyard.harness.TestHarness.RocketConfig/gen-collateral/AsyncResetSynchronizerShiftReg_w1_d3_i0_1_TestHarness_UNIQUIFIED.sv
sed -i 's/module\( \+\)AsyncResetSynchronizerPrimitiveShiftReg_d3_i0/module\1AsyncResetSynchronizerPrimitiveShiftReg_d3_i0_TestHarness_UNIQUIFIED/' /work/chipyard/sims/verilator/generated-src/chipyard.harness.TestHarness.RocketConfig/gen-collateral/AsyncResetSynchronizerPrimitiveShiftReg_d3_i0_TestHarness_UNIQUIFIED.sv
sed -i 's/module\( \+\)AsyncResetSynchronizerPrimitiveShiftReg_d3_i0/module\1AsyncResetSynchronizerPrimitiveShiftReg_d3_i0_TestHarness_UNIQUIFIED/' /work/chipyard/sims/verilator/generated-src/chipyard.harness.TestHarness.RocketConfig/gen-collateral/AsyncResetSynchronizerPrimitiveShiftReg_d3_i0_TestHarness_UNIQUIFIED.sv
sed -i 's/module\( \+\)AsyncResetSynchronizerPrimitiveShiftReg_d3_i0/module\1AsyncResetSynchronizerPrimitiveShiftReg_d3_i0_TestHarness_UNIQUIFIED/' /work/chipyard/sims/verilator/generated-src/chipyard.harness.TestHarness.RocketConfig/gen-collateral/AsyncResetSynchronizerPrimitiveShiftReg_d3_i0_TestHarness_UNIQUIFIED.sv
sed -i 's/module\( \+\)AsyncResetSynchronizerPrimitiveShiftReg_d3_i0/module\1AsyncResetSynchronizerPrimitiveShiftReg_d3_i0_TestHarness_UNIQUIFIED/' /work/chipyard/sims/verilator/generated-src/chipyard.harness.TestHarness.RocketConfig/gen-collateral/AsyncResetSynchronizerPrimitiveShiftReg_d3_i0_TestHarness_UNIQUIFIED.sv
sed -i 's/module\( \+\)AsyncResetSynchronizerShiftReg_w1_d3_i0_1/module\1AsyncResetSynchronizerShiftReg_w1_d3_i0_1_TestHarness_UNIQUIFIED/' /work/chipyard/sims/verilator/generated-src/chipyard.harness.TestHarness.RocketConfig/gen-collateral/AsyncResetSynchronizerShiftReg_w1_d3_i0_1_TestHarness_UNIQUIFIED.sv
sed -i 's/module\( \+\)AsyncResetSynchronizerShiftReg_w1_d3_i0_1/module\1AsyncResetSynchronizerShiftReg_w1_d3_i0_1_TestHarness_UNIQUIFIED/' /work/chipyard/sims/verilator/generated-src/chipyard.harness.TestHarness.RocketConfig/gen-collateral/AsyncResetSynchronizerShiftReg_w1_d3_i0_1_TestHarness_UNIQUIFIED.sv
sed -i 's/module\( \+\)AsyncResetSynchronizerShiftReg_w1_d3_i0_1/module\1AsyncResetSynchronizerShiftReg_w1_d3_i0_1_TestHarness_UNIQUIFIED/' /work/chipyard/sims/verilator/generated-src/chipyard.harness.TestHarness.RocketConfig/gen-collateral/AsyncResetSynchronizerShiftReg_w1_d3_i0_1_TestHarness_UNIQUIFIED.sv
sed -i 's/module\( \+\)AsyncResetSynchronizerShiftReg_w1_d3_i0_1/module\1AsyncResetSynchronizerShiftReg_w1_d3_i0_1_TestHarness_UNIQUIFIED/' /work/chipyard/sims/verilator/generated-src/chipyard.harness.TestHarness.RocketConfig/gen-collateral/AsyncResetSynchronizerShiftReg_w1_d3_i0_1_TestHarness_UNIQUIFIED.sv
sed -i 's/module\( \+\)AsyncResetSynchronizerPrimitiveShiftReg_d3_i0/module\1AsyncResetSynchronizerPrimitiveShiftReg_d3_i0_TestHarness_UNIQUIFIED/' /work/chipyard/sims/verilator/generated-src/chipyard.harness.TestHarness.RocketConfig/gen-collateral/AsyncResetSynchronizerPrimitiveShiftReg_d3_i0_TestHarness_UNIQUIFIED.sv
sed -i 's/module\( \+\)AsyncResetSynchronizerPrimitiveShiftReg_d3_i0/module\1AsyncResetSynchronizerPrimitiveShiftReg_d3_i0_TestHarness_UNIQUIFIED/' /work/chipyard/sims/verilator/generated-src/chipyard.harness.TestHarness.RocketConfig/gen-collateral/AsyncResetSynchronizerPrimitiveShiftReg_d3_i0_TestHarness_UNIQUIFIED.sv
sed -i 's/module\( \+\)AsyncResetSynchronizerPrimitiveShiftReg_d3_i0/module\1AsyncResetSynchronizerPrimitiveShiftReg_d3_i0_TestHarness_UNIQUIFIED/' /work/chipyard/sims/verilator/generated-src/chipyard.harness.TestHarness.RocketConfig/gen-collateral/AsyncResetSynchronizerPrimitiveShiftReg_d3_i0_TestHarness_UNIQUIFIED.sv
sed -i 's/module\( \+\)AsyncResetSynchronizerPrimitiveShiftReg_d3_i0/module\1AsyncResetSynchronizerPrimitiveShiftReg_d3_i0_TestHarness_UNIQUIFIED/' /work/chipyard/sims/verilator/generated-src/chipyard.harness.TestHarness.RocketConfig/gen-collateral/AsyncResetSynchronizerPrimitiveShiftReg_d3_i0_TestHarness_UNIQUIFIED.sv
sed -i 's/module\( \+\)AsyncResetSynchronizerShiftReg_w1_d3_i0_1/module\1AsyncResetSynchronizerShiftReg_w1_d3_i0_1_TestHarness_UNIQUIFIED/' /work/chipyard/sims/verilator/generated-src/chipyard.harness.TestHarness.RocketConfig/gen-collateral/AsyncResetSynchronizerShiftReg_w1_d3_i0_1_TestHarness_UNIQUIFIED.sv
sed -i 's/module\( \+\)AsyncResetSynchronizerShiftReg_w1_d3_i0_1/module\1AsyncResetSynchronizerShiftReg_w1_d3_i0_1_TestHarness_UNIQUIFIED/' /work/chipyard/sims/verilator/generated-src/chipyard.harness.TestHarness.RocketConfig/gen-collateral/AsyncResetSynchronizerShiftReg_w1_d3_i0_1_TestHarness_UNIQUIFIED.sv
sed -i 's/module\( \+\)AsyncResetSynchronizerShiftReg_w1_d3_i0_1/module\1AsyncResetSynchronizerShiftReg_w1_d3_i0_1_TestHarness_UNIQUIFIED/' /work/chipyard/sims/verilator/generated-src/chipyard.harness.TestHarness.RocketConfig/gen-collateral/AsyncResetSynchronizerShiftReg_w1_d3_i0_1_TestHarness_UNIQUIFIED.sv
sed -i 's/module\( \+\)AsyncResetSynchronizerShiftReg_w1_d3_i0_1/module\1AsyncResetSynchronizerShiftReg_w1_d3_i0_1_TestHarness_UNIQUIFIED/' /work/chipyard/sims/verilator/generated-src/chipyard.harness.TestHarness.RocketConfig/gen-collateral/AsyncResetSynchronizerShiftReg_w1_d3_i0_1_TestHarness_UNIQUIFIED.sv
sed -i 's/module\( \+\)AsyncResetSynchronizerPrimitiveShiftReg_d3_i0/module\1AsyncResetSynchronizerPrimitiveShiftReg_d3_i0_TestHarness_UNIQUIFIED/' /work/chipyard/sims/verilator/generated-src/chipyard.harness.TestHarness.RocketConfig/gen-collateral/AsyncResetSynchronizerPrimitiveShiftReg_d3_i0_TestHarness_UNIQUIFIED.sv
sed -i 's/module\( \+\)AsyncResetSynchronizerPrimitiveShiftReg_d3_i0/module\1AsyncResetSynchronizerPrimitiveShiftReg_d3_i0_TestHarness_UNIQUIFIED/' /work/chipyard/sims/verilator/generated-src/chipyard.harness.TestHarness.RocketConfig/gen-collateral/AsyncResetSynchronizerPrimitiveShiftReg_d3_i0_TestHarness_UNIQUIFIED.sv
sed -i 's/module\( \+\)AsyncResetSynchronizerPrimitiveShiftReg_d3_i0/module\1AsyncResetSynchronizerPrimitiveShiftReg_d3_i0_TestHarness_UNIQUIFIED/' /work/chipyard/sims/verilator/generated-src/chipyard.harness.TestHarness.RocketConfig/gen-collateral/AsyncResetSynchronizerPrimitiveShiftReg_d3_i0_TestHarness_UNIQUIFIED.sv
sed -i 's/module\( \+\)AsyncResetSynchronizerPrimitiveShiftReg_d3_i0/module\1AsyncResetSynchronizerPrimitiveShiftReg_d3_i0_TestHarness_UNIQUIFIED/' /work/chipyard/sims/verilator/generated-src/chipyard.harness.TestHarness.RocketConfig/gen-collateral/AsyncResetSynchronizerPrimitiveShiftReg_d3_i0_TestHarness_UNIQUIFIED.sv
sed -i 's/module\( \+\)AsyncResetSynchronizerShiftReg_w1_d3_i0_1/module\1AsyncResetSynchronizerShiftReg_w1_d3_i0_1_TestHarness_UNIQUIFIED/' /work/chipyard/sims/verilator/generated-src/chipyard.harness.TestHarness.RocketConfig/gen-collateral/AsyncResetSynchronizerShiftReg_w1_d3_i0_1_TestHarness_UNIQUIFIED.sv
sed -i 's/module\( \+\)AsyncResetSynchronizerShiftReg_w1_d3_i0_1/module\1AsyncResetSynchronizerShiftReg_w1_d3_i0_1_TestHarness_UNIQUIFIED/' /work/chipyard/sims/verilator/generated-src/chipyard.harness.TestHarness.RocketConfig/gen-collateral/AsyncResetSynchronizerShiftReg_w1_d3_i0_1_TestHarness_UNIQUIFIED.sv
sed -i 's/module\( \+\)AsyncResetSynchronizerShiftReg_w1_d3_i0_1/module\1AsyncResetSynchronizerShiftReg_w1_d3_i0_1_TestHarness_UNIQUIFIED/' /work/chipyard/sims/verilator/generated-src/chipyard.harness.TestHarness.RocketConfig/gen-collateral/AsyncResetSynchronizerShiftReg_w1_d3_i0_1_TestHarness_UNIQUIFIED.sv
sed -i 's/module\( \+\)AsyncResetSynchronizerShiftReg_w1_d3_i0_1/module\1AsyncResetSynchronizerShiftReg_w1_d3_i0_1_TestHarness_UNIQUIFIED/' /work/chipyard/sims/verilator/generated-src/chipyard.harness.TestHarness.RocketConfig/gen-collateral/AsyncResetSynchronizerShiftReg_w1_d3_i0_1_TestHarness_UNIQUIFIED.sv
sed -i 's/module\( \+\)AsyncResetSynchronizerPrimitiveShiftReg_d3_i0/module\1AsyncResetSynchronizerPrimitiveShiftReg_d3_i0_TestHarness_UNIQUIFIED/' /work/chipyard/sims/verilator/generated-src/chipyard.harness.TestHarness.RocketConfig/gen-collateral/AsyncResetSynchronizerPrimitiveShiftReg_d3_i0_TestHarness_UNIQUIFIED.sv
sed -i 's/module\( \+\)AsyncResetSynchronizerPrimitiveShiftReg_d3_i0/module\1AsyncResetSynchronizerPrimitiveShiftReg_d3_i0_TestHarness_UNIQUIFIED/' /work/chipyard/sims/verilator/generated-src/chipyard.harness.TestHarness.RocketConfig/gen-collateral/AsyncResetSynchronizerPrimitiveShiftReg_d3_i0_TestHarness_UNIQUIFIED.sv
sed -i 's/module\( \+\)AsyncResetSynchronizerPrimitiveShiftReg_d3_i0/module\1AsyncResetSynchronizerPrimitiveShiftReg_d3_i0_TestHarness_UNIQUIFIED/' /work/chipyard/sims/verilator/generated-src/chipyard.harness.TestHarness.RocketConfig/gen-collateral/AsyncResetSynchronizerPrimitiveShiftReg_d3_i0_TestHarness_UNIQUIFIED.sv
sed -i 's/module\( \+\)AsyncResetSynchronizerPrimitiveShiftReg_d3_i0/module\1AsyncResetSynchronizerPrimitiveShiftReg_d3_i0_TestHarness_UNIQUIFIED/' /work/chipyard/sims/verilator/generated-src/chipyard.harness.TestHarness.RocketConfig/gen-collateral/AsyncResetSynchronizerPrimitiveShiftReg_d3_i0_TestHarness_UNIQUIFIED.sv
sed -i 's/module\( \+\)AsyncResetSynchronizerShiftReg_w1_d3_i0_1/module\1AsyncResetSynchronizerShiftReg_w1_d3_i0_1_TestHarness_UNIQUIFIED/' /work/chipyard/sims/verilator/generated-src/chipyard.harness.TestHarness.RocketConfig/gen-collateral/AsyncResetSynchronizerShiftReg_w1_d3_i0_1_TestHarness_UNIQUIFIED.sv
sed -i 's/module\( \+\)AsyncResetSynchronizerShiftReg_w1_d3_i0_1/module\1AsyncResetSynchronizerShiftReg_w1_d3_i0_1_TestHarness_UNIQUIFIED/' /work/chipyard/sims/verilator/generated-src/chipyard.harness.TestHarness.RocketConfig/gen-collateral/AsyncResetSynchronizerShiftReg_w1_d3_i0_1_TestHarness_UNIQUIFIED.sv
sed -i 's/module\( \+\)AsyncResetSynchronizerShiftReg_w1_d3_i0_1/module\1AsyncResetSynchronizerShiftReg_w1_d3_i0_1_TestHarness_UNIQUIFIED/' /work/chipyard/sims/verilator/generated-src/chipyard.harness.TestHarness.RocketConfig/gen-collateral/AsyncResetSynchronizerShiftReg_w1_d3_i0_1_TestHarness_UNIQUIFIED.sv
sed -i 's/module\( \+\)AsyncResetSynchronizerShiftReg_w1_d3_i0_1/module\1AsyncResetSynchronizerShiftReg_w1_d3_i0_1_TestHarness_UNIQUIFIED/' /work/chipyard/sims/verilator/generated-src/chipyard.harness.TestHarness.RocketConfig/gen-collateral/AsyncResetSynchronizerShiftReg_w1_d3_i0_1_TestHarness_UNIQUIFIED.sv
sed -i 's/module\( \+\)AsyncResetSynchronizerPrimitiveShiftReg_d3_i0/module\1AsyncResetSynchronizerPrimitiveShiftReg_d3_i0_TestHarness_UNIQUIFIED/' /work/chipyard/sims/verilator/generated-src/chipyard.harness.TestHarness.RocketConfig/gen-collateral/AsyncResetSynchronizerPrimitiveShiftReg_d3_i0_TestHarness_UNIQUIFIED.sv
sed -i 's/module\( \+\)AsyncResetSynchronizerPrimitiveShiftReg_d3_i0/module\1AsyncResetSynchronizerPrimitiveShiftReg_d3_i0_TestHarness_UNIQUIFIED/' /work/chipyard/sims/verilator/generated-src/chipyard.harness.TestHarness.RocketConfig/gen-collateral/AsyncResetSynchronizerPrimitiveShiftReg_d3_i0_TestHarness_UNIQUIFIED.sv
sed -i 's/module\( \+\)AsyncResetSynchronizerPrimitiveShiftReg_d3_i0/module\1AsyncResetSynchronizerPrimitiveShiftReg_d3_i0_TestHarness_UNIQUIFIED/' /work/chipyard/sims/verilator/generated-src/chipyard.harness.TestHarness.RocketConfig/gen-collateral/AsyncResetSynchronizerPrimitiveShiftReg_d3_i0_TestHarness_UNIQUIFIED.sv
sed -i 's/module\( \+\)AsyncResetSynchronizerPrimitiveShiftReg_d3_i0/module\1AsyncResetSynchronizerPrimitiveShiftReg_d3_i0_TestHarness_UNIQUIFIED/' /work/chipyard/sims/verilator/generated-src/chipyard.harness.TestHarness.RocketConfig/gen-collateral/AsyncResetSynchronizerPrimitiveShiftReg_d3_i0_TestHarness_UNIQUIFIED.sv
sed -i 's/module\( \+\)AsyncResetSynchronizerShiftReg_w1_d3_i0_1/module\1AsyncResetSynchronizerShiftReg_w1_d3_i0_1_TestHarness_UNIQUIFIED/' /work/chipyard/sims/verilator/generated-src/chipyard.harness.TestHarness.RocketConfig/gen-collateral/AsyncResetSynchronizerShiftReg_w1_d3_i0_1_TestHarness_UNIQUIFIED.sv
sed -i 's/module\( \+\)AsyncResetSynchronizerShiftReg_w1_d3_i0_1/module\1AsyncResetSynchronizerShiftReg_w1_d3_i0_1_TestHarness_UNIQUIFIED/' /work/chipyard/sims/verilator/generated-src/chipyard.harness.TestHarness.RocketConfig/gen-collateral/AsyncResetSynchronizerShiftReg_w1_d3_i0_1_TestHarness_UNIQUIFIED.sv
sed -i 's/module\( \+\)AsyncResetSynchronizerShiftReg_w1_d3_i0_1/module\1AsyncResetSynchronizerShiftReg_w1_d3_i0_1_TestHarness_UNIQUIFIED/' /work/chipyard/sims/verilator/generated-src/chipyard.harness.TestHarness.RocketConfig/gen-collateral/AsyncResetSynchronizerShiftReg_w1_d3_i0_1_TestHarness_UNIQUIFIED.sv
sed -i 's/module\( \+\)AsyncResetSynchronizerShiftReg_w1_d3_i0_1/module\1AsyncResetSynchronizerShiftReg_w1_d3_i0_1_TestHarness_UNIQUIFIED/' /work/chipyard/sims/verilator/generated-src/chipyard.harness.TestHarness.RocketConfig/gen-collateral/AsyncResetSynchronizerShiftReg_w1_d3_i0_1_TestHarness_UNIQUIFIED.sv
sed -i 's/module\( \+\)AsyncResetSynchronizerPrimitiveShiftReg_d3_i0/module\1AsyncResetSynchronizerPrimitiveShiftReg_d3_i0_TestHarness_UNIQUIFIED/' /work/chipyard/sims/verilator/generated-src/chipyard.harness.TestHarness.RocketConfig/gen-collateral/AsyncResetSynchronizerPrimitiveShiftReg_d3_i0_TestHarness_UNIQUIFIED.sv
sed -i 's/module\( \+\)AsyncResetSynchronizerPrimitiveShiftReg_d3_i0/module\1AsyncResetSynchronizerPrimitiveShiftReg_d3_i0_TestHarness_UNIQUIFIED/' /work/chipyard/sims/verilator/generated-src/chipyard.harness.TestHarness.RocketConfig/gen-collateral/AsyncResetSynchronizerPrimitiveShiftReg_d3_i0_TestHarness_UNIQUIFIED.sv
sed -i 's/module\( \+\)AsyncResetSynchronizerPrimitiveShiftReg_d3_i0/module\1AsyncResetSynchronizerPrimitiveShiftReg_d3_i0_TestHarness_UNIQUIFIED/' /work/chipyard/sims/verilator/generated-src/chipyard.harness.TestHarness.RocketConfig/gen-collateral/AsyncResetSynchronizerPrimitiveShiftReg_d3_i0_TestHarness_UNIQUIFIED.sv
sed -i 's/module\( \+\)AsyncResetSynchronizerPrimitiveShiftReg_d3_i0/module\1AsyncResetSynchronizerPrimitiveShiftReg_d3_i0_TestHarness_UNIQUIFIED/' /work/chipyard/sims/verilator/generated-src/chipyard.harness.TestHarness.RocketConfig/gen-collateral/AsyncResetSynchronizerPrimitiveShiftReg_d3_i0_TestHarness_UNIQUIFIED.sv
sed -i 's/module\( \+\)AsyncResetSynchronizerShiftReg_w1_d3_i0_1/module\1AsyncResetSynchronizerShiftReg_w1_d3_i0_1_TestHarness_UNIQUIFIED/' /work/chipyard/sims/verilator/generated-src/chipyard.harness.TestHarness.RocketConfig/gen-collateral/AsyncResetSynchronizerShiftReg_w1_d3_i0_1_TestHarness_UNIQUIFIED.sv
sed -i 's/module\( \+\)AsyncResetSynchronizerShiftReg_w1_d3_i0_1/module\1AsyncResetSynchronizerShiftReg_w1_d3_i0_1_TestHarness_UNIQUIFIED/' /work/chipyard/sims/verilator/generated-src/chipyard.harness.TestHarness.RocketConfig/gen-collateral/AsyncResetSynchronizerShiftReg_w1_d3_i0_1_TestHarness_UNIQUIFIED.sv
sed -i 's/module\( \+\)AsyncResetSynchronizerShiftReg_w1_d3_i0_1/module\1AsyncResetSynchronizerShiftReg_w1_d3_i0_1_TestHarness_UNIQUIFIED/' /work/chipyard/sims/verilator/generated-src/chipyard.harness.TestHarness.RocketConfig/gen-collateral/AsyncResetSynchronizerShiftReg_w1_d3_i0_1_TestHarness_UNIQUIFIED.sv
sed -i 's/module\( \+\)AsyncResetSynchronizerShiftReg_w1_d3_i0_1/module\1AsyncResetSynchronizerShiftReg_w1_d3_i0_1_TestHarness_UNIQUIFIED/' /work/chipyard/sims/verilator/generated-src/chipyard.harness.TestHarness.RocketConfig/gen-collateral/AsyncResetSynchronizerShiftReg_w1_d3_i0_1_TestHarness_UNIQUIFIED.sv
sed -i 's/module\( \+\)AsyncResetSynchronizerPrimitiveShiftReg_d3_i0/module\1AsyncResetSynchronizerPrimitiveShiftReg_d3_i0_TestHarness_UNIQUIFIED/' /work/chipyard/sims/verilator/generated-src/chipyard.harness.TestHarness.RocketConfig/gen-collateral/AsyncResetSynchronizerPrimitiveShiftReg_d3_i0_TestHarness_UNIQUIFIED.sv
sed -i 's/module\( \+\)AsyncResetSynchronizerPrimitiveShiftReg_d3_i0/module\1AsyncResetSynchronizerPrimitiveShiftReg_d3_i0_TestHarness_UNIQUIFIED/' /work/chipyard/sims/verilator/generated-src/chipyard.harness.TestHarness.RocketConfig/gen-collateral/AsyncResetSynchronizerPrimitiveShiftReg_d3_i0_TestHarness_UNIQUIFIED.sv
sed -i 's/module\( \+\)AsyncResetSynchronizerPrimitiveShiftReg_d3_i0/module\1AsyncResetSynchronizerPrimitiveShiftReg_d3_i0_TestHarness_UNIQUIFIED/' /work/chipyard/sims/verilator/generated-src/chipyard.harness.TestHarness.RocketConfig/gen-collateral/AsyncResetSynchronizerPrimitiveShiftReg_d3_i0_TestHarness_UNIQUIFIED.sv
sed -i 's/module\( \+\)AsyncResetSynchronizerPrimitiveShiftReg_d3_i0/module\1AsyncResetSynchronizerPrimitiveShiftReg_d3_i0_TestHarness_UNIQUIFIED/' /work/chipyard/sims/verilator/generated-src/chipyard.harness.TestHarness.RocketConfig/gen-collateral/AsyncResetSynchronizerPrimitiveShiftReg_d3_i0_TestHarness_UNIQUIFIED.sv
sed -i 's/module\( \+\)AsyncResetSynchronizerShiftReg_w1_d3_i0_1/module\1AsyncResetSynchronizerShiftReg_w1_d3_i0_1_TestHarness_UNIQUIFIED/' /work/chipyard/sims/verilator/generated-src/chipyard.harness.TestHarness.RocketConfig/gen-collateral/AsyncResetSynchronizerShiftReg_w1_d3_i0_1_TestHarness_UNIQUIFIED.sv
sed -i 's/module\( \+\)AsyncResetSynchronizerShiftReg_w1_d3_i0_1/module\1AsyncResetSynchronizerShiftReg_w1_d3_i0_1_TestHarness_UNIQUIFIED/' /work/chipyard/sims/verilator/generated-src/chipyard.harness.TestHarness.RocketConfig/gen-collateral/AsyncResetSynchronizerShiftReg_w1_d3_i0_1_TestHarness_UNIQUIFIED.sv
sed -i 's/module\( \+\)AsyncResetSynchronizerShiftReg_w1_d3_i0_1/module\1AsyncResetSynchronizerShiftReg_w1_d3_i0_1_TestHarness_UNIQUIFIED/' /work/chipyard/sims/verilator/generated-src/chipyard.harness.TestHarness.RocketConfig/gen-collateral/AsyncResetSynchronizerShiftReg_w1_d3_i0_1_TestHarness_UNIQUIFIED.sv
sed -i 's/module\( \+\)AsyncResetSynchronizerShiftReg_w1_d3_i0_1/module\1AsyncResetSynchronizerShiftReg_w1_d3_i0_1_TestHarness_UNIQUIFIED/' /work/chipyard/sims/verilator/generated-src/chipyard.harness.TestHarness.RocketConfig/gen-collateral/AsyncResetSynchronizerShiftReg_w1_d3_i0_1_TestHarness_UNIQUIFIED.sv
sed -i 's/module\( \+\)AsyncResetSynchronizerPrimitiveShiftReg_d3_i0/module\1AsyncResetSynchronizerPrimitiveShiftReg_d3_i0_TestHarness_UNIQUIFIED/' /work/chipyard/sims/verilator/generated-src/chipyard.harness.TestHarness.RocketConfig/gen-collateral/AsyncResetSynchronizerPrimitiveShiftReg_d3_i0_TestHarness_UNIQUIFIED.sv
sed -i 's/module\( \+\)AsyncResetSynchronizerPrimitiveShiftReg_d3_i0/module\1AsyncResetSynchronizerPrimitiveShiftReg_d3_i0_TestHarness_UNIQUIFIED/' /work/chipyard/sims/verilator/generated-src/chipyard.harness.TestHarness.RocketConfig/gen-collateral/AsyncResetSynchronizerPrimitiveShiftReg_d3_i0_TestHarness_UNIQUIFIED.sv
sed -i 's/module\( \+\)AsyncResetSynchronizerPrimitiveShiftReg_d3_i0/module\1AsyncResetSynchronizerPrimitiveShiftReg_d3_i0_TestHarness_UNIQUIFIED/' /work/chipyard/sims/verilator/generated-src/chipyard.harness.TestHarness.RocketConfig/gen-collateral/AsyncResetSynchronizerPrimitiveShiftReg_d3_i0_TestHarness_UNIQUIFIED.sv
sed -i 's/module\( \+\)AsyncResetSynchronizerPrimitiveShiftReg_d3_i0/module\1AsyncResetSynchronizerPrimitiveShiftReg_d3_i0_TestHarness_UNIQUIFIED/' /work/chipyard/sims/verilator/generated-src/chipyard.harness.TestHarness.RocketConfig/gen-collateral/AsyncResetSynchronizerPrimitiveShiftReg_d3_i0_TestHarness_UNIQUIFIED.sv
sed -i 's/module\( \+\)AsyncResetSynchronizerShiftReg_w1_d3_i0_1/module\1AsyncResetSynchronizerShiftReg_w1_d3_i0_1_TestHarness_UNIQUIFIED/' /work/chipyard/sims/verilator/generated-src/chipyard.harness.TestHarness.RocketConfig/gen-collateral/AsyncResetSynchronizerShiftReg_w1_d3_i0_1_TestHarness_UNIQUIFIED.sv
sed -i 's/module\( \+\)AsyncResetSynchronizerShiftReg_w1_d3_i0_1/module\1AsyncResetSynchronizerShiftReg_w1_d3_i0_1_TestHarness_UNIQUIFIED/' /work/chipyard/sims/verilator/generated-src/chipyard.harness.TestHarness.RocketConfig/gen-collateral/AsyncResetSynchronizerShiftReg_w1_d3_i0_1_TestHarness_UNIQUIFIED.sv
sed -i 's/module\( \+\)AsyncResetSynchronizerShiftReg_w1_d3_i0_1/module\1AsyncResetSynchronizerShiftReg_w1_d3_i0_1_TestHarness_UNIQUIFIED/' /work/chipyard/sims/verilator/generated-src/chipyard.harness.TestHarness.RocketConfig/gen-collateral/AsyncResetSynchronizerShiftReg_w1_d3_i0_1_TestHarness_UNIQUIFIED.sv
sed -i 's/module\( \+\)AsyncResetSynchronizerShiftReg_w1_d3_i0_1/module\1AsyncResetSynchronizerShiftReg_w1_d3_i0_1_TestHarness_UNIQUIFIED/' /work/chipyard/sims/verilator/generated-src/chipyard.harness.TestHarness.RocketConfig/gen-collateral/AsyncResetSynchronizerShiftReg_w1_d3_i0_1_TestHarness_UNIQUIFIED.sv
sed -i 's/module\( \+\)AsyncResetSynchronizerPrimitiveShiftReg_d3_i0/module\1AsyncResetSynchronizerPrimitiveShiftReg_d3_i0_TestHarness_UNIQUIFIED/' /work/chipyard/sims/verilator/generated-src/chipyard.harness.TestHarness.RocketConfig/gen-collateral/AsyncResetSynchronizerPrimitiveShiftReg_d3_i0_TestHarness_UNIQUIFIED.sv
sed -i 's/\( \*\)AsyncResetSynchronizerPrimitiveShiftReg_d3_i0\( \+\)/\1AsyncResetSynchronizerPrimitiveShiftReg_d3_i0_TestHarness_UNIQUIFIED\2/' /work/chipyard/sims/verilator/generated-src/chipyard.harness.TestHarness.RocketConfig/gen-collateral/AsyncResetSynchronizerShiftReg_w1_d3_i0_1_TestHarness_UNIQUIFIED.sv
sed -i 's/module\( \+\)AsyncResetSynchronizerPrimitiveShiftReg_d3_i0/module\1AsyncResetSynchronizerPrimitiveShiftReg_d3_i0_TestHarness_UNIQUIFIED/' /work/chipyard/sims/verilator/generated-src/chipyard.harness.TestHarness.RocketConfig/gen-collateral/AsyncResetSynchronizerPrimitiveShiftReg_d3_i0_TestHarness_UNIQUIFIED.sv
sed -i 's/module\( \+\)AsyncResetSynchronizerPrimitiveShiftReg_d3_i0/module\1AsyncResetSynchronizerPrimitiveShiftReg_d3_i0_TestHarness_UNIQUIFIED/' /work/chipyard/sims/verilator/generated-src/chipyard.harness.TestHarness.RocketConfig/gen-collateral/AsyncResetSynchronizerPrimitiveShiftReg_d3_i0_TestHarness_UNIQUIFIED.sv
sed -i 's/module\( \+\)AsyncResetSynchronizerPrimitiveShiftReg_d3_i0/module\1AsyncResetSynchronizerPrimitiveShiftReg_d3_i0_TestHarness_UNIQUIFIED/' /work/chipyard/sims/verilator/generated-src/chipyard.harness.TestHarness.RocketConfig/gen-collateral/AsyncResetSynchronizerPrimitiveShiftReg_d3_i0_TestHarness_UNIQUIFIED.sv
sed -i 's/module\( \+\)AsyncResetSynchronizerPrimitiveShiftReg_d3_i0/module\1AsyncResetSynchronizerPrimitiveShiftReg_d3_i0_TestHarness_UNIQUIFIED/' /work/chipyard/sims/verilator/generated-src/chipyard.harness.TestHarness.RocketConfig/gen-collateral/AsyncResetSynchronizerPrimitiveShiftReg_d3_i0_TestHarness_UNIQUIFIED.sv
sed -i 's/module\( \+\)AsyncResetSynchronizerPrimitiveShiftReg_d3_i0/module\1AsyncResetSynchronizerPrimitiveShiftReg_d3_i0_TestHarness_UNIQUIFIED/' /work/chipyard/sims/verilator/generated-src/chipyard.harness.TestHarness.RocketConfig/gen-collateral/AsyncResetSynchronizerPrimitiveShiftReg_d3_i0_TestHarness_UNIQUIFIED.sv
sed -i 's/module\( \+\)AsyncResetSynchronizerPrimitiveShiftReg_d3_i0/module\1AsyncResetSynchronizerPrimitiveShiftReg_d3_i0_TestHarness_UNIQUIFIED/' /work/chipyard/sims/verilator/generated-src/chipyard.harness.TestHarness.RocketConfig/gen-collateral/AsyncResetSynchronizerPrimitiveShiftReg_d3_i0_TestHarness_UNIQUIFIED.sv
sed -i 's/module\( \+\)AsyncResetSynchronizerPrimitiveShiftReg_d3_i0/module\1AsyncResetSynchronizerPrimitiveShiftReg_d3_i0_TestHarness_UNIQUIFIED/' /work/chipyard/sims/verilator/generated-src/chipyard.harness.TestHarness.RocketConfig/gen-collateral/AsyncResetSynchronizerPrimitiveShiftReg_d3_i0_TestHarness_UNIQUIFIED.sv
sed -i 's/module\( \+\)AsyncResetSynchronizerPrimitiveShiftReg_d3_i0/module\1AsyncResetSynchronizerPrimitiveShiftReg_d3_i0_TestHarness_UNIQUIFIED/' /work/chipyard/sims/verilator/generated-src/chipyard.harness.TestHarness.RocketConfig/gen-collateral/AsyncResetSynchronizerPrimitiveShiftReg_d3_i0_TestHarness_UNIQUIFIED.sv
sed -i 's/module\( \+\)AsyncResetSynchronizerPrimitiveShiftReg_d3_i0/module\1AsyncResetSynchronizerPrimitiveShiftReg_d3_i0_TestHarness_UNIQUIFIED/' /work/chipyard/sims/verilator/generated-src/chipyard.harness.TestHarness.RocketConfig/gen-collateral/AsyncResetSynchronizerPrimitiveShiftReg_d3_i0_TestHarness_UNIQUIFIED.sv
sed -i 's/module\( \+\)AsyncResetSynchronizerPrimitiveShiftReg_d3_i0/module\1AsyncResetSynchronizerPrimitiveShiftReg_d3_i0_TestHarness_UNIQUIFIED/' /work/chipyard/sims/verilator/generated-src/chipyard.harness.TestHarness.RocketConfig/gen-collateral/AsyncResetSynchronizerPrimitiveShiftReg_d3_i0_TestHarness_UNIQUIFIED.sv
sed -i 's/module\( \+\)AsyncResetSynchronizerPrimitiveShiftReg_d3_i0/module\1AsyncResetSynchronizerPrimitiveShiftReg_d3_i0_TestHarness_UNIQUIFIED/' /work/chipyard/sims/verilator/generated-src/chipyard.harness.TestHarness.RocketConfig/gen-collateral/AsyncResetSynchronizerPrimitiveShiftReg_d3_i0_TestHarness_UNIQUIFIED.sv
sed -i 's/module\( \+\)AsyncResetSynchronizerPrimitiveShiftReg_d3_i0/module\1AsyncResetSynchronizerPrimitiveShiftReg_d3_i0_TestHarness_UNIQUIFIED/' /work/chipyard/sims/verilator/generated-src/chipyard.harness.TestHarness.RocketConfig/gen-collateral/AsyncResetSynchronizerPrimitiveShiftReg_d3_i0_TestHarness_UNIQUIFIED.sv
sed -i 's/module\( \+\)AsyncResetSynchronizerPrimitiveShiftReg_d3_i0/module\1AsyncResetSynchronizerPrimitiveShiftReg_d3_i0_TestHarness_UNIQUIFIED/' /work/chipyard/sims/verilator/generated-src/chipyard.harness.TestHarness.RocketConfig/gen-collateral/AsyncResetSynchronizerPrimitiveShiftReg_d3_i0_TestHarness_UNIQUIFIED.sv
sed -i 's/module\( \+\)AsyncResetSynchronizerPrimitiveShiftReg_d3_i0/module\1AsyncResetSynchronizerPrimitiveShiftReg_d3_i0_TestHarness_UNIQUIFIED/' /work/chipyard/sims/verilator/generated-src/chipyard.harness.TestHarness.RocketConfig/gen-collateral/AsyncResetSynchronizerPrimitiveShiftReg_d3_i0_TestHarness_UNIQUIFIED.sv
sed -i 's/module\( \+\)AsyncResetSynchronizerPrimitiveShiftReg_d3_i0/module\1AsyncResetSynchronizerPrimitiveShiftReg_d3_i0_TestHarness_UNIQUIFIED/' /work/chipyard/sims/verilator/generated-src/chipyard.harness.TestHarness.RocketConfig/gen-collateral/AsyncResetSynchronizerPrimitiveShiftReg_d3_i0_TestHarness_UNIQUIFIED.sv
sed -i 's/module\( \+\)AsyncResetSynchronizerPrimitiveShiftReg_d3_i0/module\1AsyncResetSynchronizerPrimitiveShiftReg_d3_i0_TestHarness_UNIQUIFIED/' /work/chipyard/sims/verilator/generated-src/chipyard.harness.TestHarness.RocketConfig/gen-collateral/AsyncResetSynchronizerPrimitiveShiftReg_d3_i0_TestHarness_UNIQUIFIED.sv
sed -i 's/module\( \+\)AsyncResetSynchronizerPrimitiveShiftReg_d3_i0/module\1AsyncResetSynchronizerPrimitiveShiftReg_d3_i0_TestHarness_UNIQUIFIED/' /work/chipyard/sims/verilator/generated-src/chipyard.harness.TestHarness.RocketConfig/gen-collateral/AsyncResetSynchronizerPrimitiveShiftReg_d3_i0_TestHarness_UNIQUIFIED.sv
sed -i 's/module\( \+\)AsyncResetSynchronizerPrimitiveShiftReg_d3_i0/module\1AsyncResetSynchronizerPrimitiveShiftReg_d3_i0_TestHarness_UNIQUIFIED/' /work/chipyard/sims/verilator/generated-src/chipyard.harness.TestHarness.RocketConfig/gen-collateral/AsyncResetSynchronizerPrimitiveShiftReg_d3_i0_TestHarness_UNIQUIFIED.sv
sed -i 's/module\( \+\)AsyncResetSynchronizerPrimitiveShiftReg_d3_i0/module\1AsyncResetSynchronizerPrimitiveShiftReg_d3_i0_TestHarness_UNIQUIFIED/' /work/chipyard/sims/verilator/generated-src/chipyard.harness.TestHarness.RocketConfig/gen-collateral/AsyncResetSynchronizerPrimitiveShiftReg_d3_i0_TestHarness_UNIQUIFIED.sv
sed -i 's/module\( \+\)AsyncResetSynchronizerPrimitiveShiftReg_d3_i0/module\1AsyncResetSynchronizerPrimitiveShiftReg_d3_i0_TestHarness_UNIQUIFIED/' /work/chipyard/sims/verilator/generated-src/chipyard.harness.TestHarness.RocketConfig/gen-collateral/AsyncResetSynchronizerPrimitiveShiftReg_d3_i0_TestHarness_UNIQUIFIED.sv
sed -i 's/module\( \+\)AsyncResetSynchronizerPrimitiveShiftReg_d3_i0/module\1AsyncResetSynchronizerPrimitiveShiftReg_d3_i0_TestHarness_UNIQUIFIED/' /work/chipyard/sims/verilator/generated-src/chipyard.harness.TestHarness.RocketConfig/gen-collateral/AsyncResetSynchronizerPrimitiveShiftReg_d3_i0_TestHarness_UNIQUIFIED.sv
sed -i 's/module\( \+\)AsyncResetSynchronizerPrimitiveShiftReg_d3_i0/module\1AsyncResetSynchronizerPrimitiveShiftReg_d3_i0_TestHarness_UNIQUIFIED/' /work/chipyard/sims/verilator/generated-src/chipyard.harness.TestHarness.RocketConfig/gen-collateral/AsyncResetSynchronizerPrimitiveShiftReg_d3_i0_TestHarness_UNIQUIFIED.sv
sed -i 's/module\( \+\)AsyncResetSynchronizerPrimitiveShiftReg_d3_i0/module\1AsyncResetSynchronizerPrimitiveShiftReg_d3_i0_TestHarness_UNIQUIFIED/' /work/chipyard/sims/verilator/generated-src/chipyard.harness.TestHarness.RocketConfig/gen-collateral/AsyncResetSynchronizerPrimitiveShiftReg_d3_i0_TestHarness_UNIQUIFIED.sv
sed -i 's/module\( \+\)AsyncResetSynchronizerPrimitiveShiftReg_d3_i0/module\1AsyncResetSynchronizerPrimitiveShiftReg_d3_i0_TestHarness_UNIQUIFIED/' /work/chipyard/sims/verilator/generated-src/chipyard.harness.TestHarness.RocketConfig/gen-collateral/AsyncResetSynchronizerPrimitiveShiftReg_d3_i0_TestHarness_UNIQUIFIED.sv
sed -i 's/module\( \+\)AsyncResetSynchronizerPrimitiveShiftReg_d3_i0/module\1AsyncResetSynchronizerPrimitiveShiftReg_d3_i0_TestHarness_UNIQUIFIED/' /work/chipyard/sims/verilator/generated-src/chipyard.harness.TestHarness.RocketConfig/gen-collateral/AsyncResetSynchronizerPrimitiveShiftReg_d3_i0_TestHarness_UNIQUIFIED.sv
sed -i 's/module\( \+\)AsyncResetSynchronizerPrimitiveShiftReg_d3_i0/module\1AsyncResetSynchronizerPrimitiveShiftReg_d3_i0_TestHarness_UNIQUIFIED/' /work/chipyard/sims/verilator/generated-src/chipyard.harness.TestHarness.RocketConfig/gen-collateral/AsyncResetSynchronizerPrimitiveShiftReg_d3_i0_TestHarness_UNIQUIFIED.sv
sed -i 's/module\( \+\)AsyncResetSynchronizerPrimitiveShiftReg_d3_i0/module\1AsyncResetSynchronizerPrimitiveShiftReg_d3_i0_TestHarness_UNIQUIFIED/' /work/chipyard/sims/verilator/generated-src/chipyard.harness.TestHarness.RocketConfig/gen-collateral/AsyncResetSynchronizerPrimitiveShiftReg_d3_i0_TestHarness_UNIQUIFIED.sv
sed -i 's/module\( \+\)AsyncResetSynchronizerPrimitiveShiftReg_d3_i0/module\1AsyncResetSynchronizerPrimitiveShiftReg_d3_i0_TestHarness_UNIQUIFIED/' /work/chipyard/sims/verilator/generated-src/chipyard.harness.TestHarness.RocketConfig/gen-collateral/AsyncResetSynchronizerPrimitiveShiftReg_d3_i0_TestHarness_UNIQUIFIED.sv
sed -i 's/module\( \+\)AsyncResetSynchronizerPrimitiveShiftReg_d3_i0/module\1AsyncResetSynchronizerPrimitiveShiftReg_d3_i0_TestHarness_UNIQUIFIED/' /work/chipyard/sims/verilator/generated-src/chipyard.harness.TestHarness.RocketConfig/gen-collateral/AsyncResetSynchronizerPrimitiveShiftReg_d3_i0_TestHarness_UNIQUIFIED.sv
sed -i 's/module\( \+\)AsyncResetSynchronizerPrimitiveShiftReg_d3_i0/module\1AsyncResetSynchronizerPrimitiveShiftReg_d3_i0_TestHarness_UNIQUIFIED/' /work/chipyard/sims/verilator/generated-src/chipyard.harness.TestHarness.RocketConfig/gen-collateral/AsyncResetSynchronizerPrimitiveShiftReg_d3_i0_TestHarness_UNIQUIFIED.sv
sed -i 's/module\( \+\)AsyncResetSynchronizerPrimitiveShiftReg_d3_i0/module\1AsyncResetSynchronizerPrimitiveShiftReg_d3_i0_TestHarness_UNIQUIFIED/' /work/chipyard/sims/verilator/generated-src/chipyard.harness.TestHarness.RocketConfig/gen-collateral/AsyncResetSynchronizerPrimitiveShiftReg_d3_i0_TestHarness_UNIQUIFIED.sv
sed -i 's/module\( \+\)AsyncResetSynchronizerPrimitiveShiftReg_d3_i0/module\1AsyncResetSynchronizerPrimitiveShiftReg_d3_i0_TestHarness_UNIQUIFIED/' /work/chipyard/sims/verilator/generated-src/chipyard.harness.TestHarness.RocketConfig/gen-collateral/AsyncResetSynchronizerPrimitiveShiftReg_d3_i0_TestHarness_UNIQUIFIED.sv
sed -i 's/module\( \+\)AsyncResetSynchronizerPrimitiveShiftReg_d3_i0/module\1AsyncResetSynchronizerPrimitiveShiftReg_d3_i0_TestHarness_UNIQUIFIED/' /work/chipyard/sims/verilator/generated-src/chipyard.harness.TestHarness.RocketConfig/gen-collateral/AsyncResetSynchronizerPrimitiveShiftReg_d3_i0_TestHarness_UNIQUIFIED.sv
sed -i 's/module\( \+\)AsyncResetSynchronizerPrimitiveShiftReg_d3_i0/module\1AsyncResetSynchronizerPrimitiveShiftReg_d3_i0_TestHarness_UNIQUIFIED/' /work/chipyard/sims/verilator/generated-src/chipyard.harness.TestHarness.RocketConfig/gen-collateral/AsyncResetSynchronizerPrimitiveShiftReg_d3_i0_TestHarness_UNIQUIFIED.sv
sed -i 's/module\( \+\)AsyncResetSynchronizerPrimitiveShiftReg_d3_i0/module\1AsyncResetSynchronizerPrimitiveShiftReg_d3_i0_TestHarness_UNIQUIFIED/' /work/chipyard/sims/verilator/generated-src/chipyard.harness.TestHarness.RocketConfig/gen-collateral/AsyncResetSynchronizerPrimitiveShiftReg_d3_i0_TestHarness_UNIQUIFIED.sv
sed -i 's/module\( \+\)AsyncResetSynchronizerPrimitiveShiftReg_d3_i0/module\1AsyncResetSynchronizerPrimitiveShiftReg_d3_i0_TestHarness_UNIQUIFIED/' /work/chipyard/sims/verilator/generated-src/chipyard.harness.TestHarness.RocketConfig/gen-collateral/AsyncResetSynchronizerPrimitiveShiftReg_d3_i0_TestHarness_UNIQUIFIED.sv
sed -i 's/module\( \+\)AsyncResetSynchronizerPrimitiveShiftReg_d3_i0/module\1AsyncResetSynchronizerPrimitiveShiftReg_d3_i0_TestHarness_UNIQUIFIED/' /work/chipyard/sims/verilator/generated-src/chipyard.harness.TestHarness.RocketConfig/gen-collateral/AsyncResetSynchronizerPrimitiveShiftReg_d3_i0_TestHarness_UNIQUIFIED.sv
sed -i 's/module\( \+\)AsyncResetSynchronizerPrimitiveShiftReg_d3_i0/module\1AsyncResetSynchronizerPrimitiveShiftReg_d3_i0_TestHarness_UNIQUIFIED/' /work/chipyard/sims/verilator/generated-src/chipyard.harness.TestHarness.RocketConfig/gen-collateral/AsyncResetSynchronizerPrimitiveShiftReg_d3_i0_TestHarness_UNIQUIFIED.sv
sed -i 's/module\( \+\)AsyncResetSynchronizerPrimitiveShiftReg_d3_i0/module\1AsyncResetSynchronizerPrimitiveShiftReg_d3_i0_TestHarness_UNIQUIFIED/' /work/chipyard/sims/verilator/generated-src/chipyard.harness.TestHarness.RocketConfig/gen-collateral/AsyncResetSynchronizerPrimitiveShiftReg_d3_i0_TestHarness_UNIQUIFIED.sv
sed -i 's/module\( \+\)AsyncResetSynchronizerPrimitiveShiftReg_d3_i0/module\1AsyncResetSynchronizerPrimitiveShiftReg_d3_i0_TestHarness_UNIQUIFIED/' /work/chipyard/sims/verilator/generated-src/chipyard.harness.TestHarness.RocketConfig/gen-collateral/AsyncResetSynchronizerPrimitiveShiftReg_d3_i0_TestHarness_UNIQUIFIED.sv
sed -i 's/module\( \+\)AsyncResetSynchronizerPrimitiveShiftReg_d3_i0/module\1AsyncResetSynchronizerPrimitiveShiftReg_d3_i0_TestHarness_UNIQUIFIED/' /work/chipyard/sims/verilator/generated-src/chipyard.harness.TestHarness.RocketConfig/gen-collateral/AsyncResetSynchronizerPrimitiveShiftReg_d3_i0_TestHarness_UNIQUIFIED.sv
sed -i 's/module\( \+\)AsyncResetSynchronizerPrimitiveShiftReg_d3_i0/module\1AsyncResetSynchronizerPrimitiveShiftReg_d3_i0_TestHarness_UNIQUIFIED/' /work/chipyard/sims/verilator/generated-src/chipyard.harness.TestHarness.RocketConfig/gen-collateral/AsyncResetSynchronizerPrimitiveShiftReg_d3_i0_TestHarness_UNIQUIFIED.sv
sed -i 's/module\( \+\)AsyncResetSynchronizerPrimitiveShiftReg_d3_i0/module\1AsyncResetSynchronizerPrimitiveShiftReg_d3_i0_TestHarness_UNIQUIFIED/' /work/chipyard/sims/verilator/generated-src/chipyard.harness.TestHarness.RocketConfig/gen-collateral/AsyncResetSynchronizerPrimitiveShiftReg_d3_i0_TestHarness_UNIQUIFIED.sv
sed -i 's/module\( \+\)AsyncResetSynchronizerPrimitiveShiftReg_d3_i0/module\1AsyncResetSynchronizerPrimitiveShiftReg_d3_i0_TestHarness_UNIQUIFIED/' /work/chipyard/sims/verilator/generated-src/chipyard.harness.TestHarness.RocketConfig/gen-collateral/AsyncResetSynchronizerPrimitiveShiftReg_d3_i0_TestHarness_UNIQUIFIED.sv
sed -i 's/module\( \+\)AsyncResetSynchronizerPrimitiveShiftReg_d3_i0/module\1AsyncResetSynchronizerPrimitiveShiftReg_d3_i0_TestHarness_UNIQUIFIED/' /work/chipyard/sims/verilator/generated-src/chipyard.harness.TestHarness.RocketConfig/gen-collateral/AsyncResetSynchronizerPrimitiveShiftReg_d3_i0_TestHarness_UNIQUIFIED.sv
sed -i 's/module\( \+\)AsyncResetSynchronizerPrimitiveShiftReg_d3_i0/module\1AsyncResetSynchronizerPrimitiveShiftReg_d3_i0_TestHarness_UNIQUIFIED/' /work/chipyard/sims/verilator/generated-src/chipyard.harness.TestHarness.RocketConfig/gen-collateral/AsyncResetSynchronizerPrimitiveShiftReg_d3_i0_TestHarness_UNIQUIFIED.sv
sed -i 's/module\( \+\)AsyncResetSynchronizerPrimitiveShiftReg_d3_i0/module\1AsyncResetSynchronizerPrimitiveShiftReg_d3_i0_TestHarness_UNIQUIFIED/' /work/chipyard/sims/verilator/generated-src/chipyard.harness.TestHarness.RocketConfig/gen-collateral/AsyncResetSynchronizerPrimitiveShiftReg_d3_i0_TestHarness_UNIQUIFIED.sv
sed -i 's/module\( \+\)AsyncResetSynchronizerPrimitiveShiftReg_d3_i0/module\1AsyncResetSynchronizerPrimitiveShiftReg_d3_i0_TestHarness_UNIQUIFIED/' /work/chipyard/sims/verilator/generated-src/chipyard.harness.TestHarness.RocketConfig/gen-collateral/AsyncResetSynchronizerPrimitiveShiftReg_d3_i0_TestHarness_UNIQUIFIED.sv
sed -i 's/module\( \+\)AsyncResetSynchronizerPrimitiveShiftReg_d3_i0/module\1AsyncResetSynchronizerPrimitiveShiftReg_d3_i0_TestHarness_UNIQUIFIED/' /work/chipyard/sims/verilator/generated-src/chipyard.harness.TestHarness.RocketConfig/gen-collateral/AsyncResetSynchronizerPrimitiveShiftReg_d3_i0_TestHarness_UNIQUIFIED.sv
sed -i 's/module\( \+\)AsyncResetSynchronizerPrimitiveShiftReg_d3_i0/module\1AsyncResetSynchronizerPrimitiveShiftReg_d3_i0_TestHarness_UNIQUIFIED/' /work/chipyard/sims/verilator/generated-src/chipyard.harness.TestHarness.RocketConfig/gen-collateral/AsyncResetSynchronizerPrimitiveShiftReg_d3_i0_TestHarness_UNIQUIFIED.sv
sed -i 's/module\( \+\)AsyncResetSynchronizerPrimitiveShiftReg_d3_i0/module\1AsyncResetSynchronizerPrimitiveShiftReg_d3_i0_TestHarness_UNIQUIFIED/' /work/chipyard/sims/verilator/generated-src/chipyard.harness.TestHarness.RocketConfig/gen-collateral/AsyncResetSynchronizerPrimitiveShiftReg_d3_i0_TestHarness_UNIQUIFIED.sv
sed -i 's/module\( \+\)AsyncResetSynchronizerPrimitiveShiftReg_d3_i0/module\1AsyncResetSynchronizerPrimitiveShiftReg_d3_i0_TestHarness_UNIQUIFIED/' /work/chipyard/sims/verilator/generated-src/chipyard.harness.TestHarness.RocketConfig/gen-collateral/AsyncResetSynchronizerPrimitiveShiftReg_d3_i0_TestHarness_UNIQUIFIED.sv
sed -i 's/module\( \+\)AsyncResetSynchronizerPrimitiveShiftReg_d3_i0/module\1AsyncResetSynchronizerPrimitiveShiftReg_d3_i0_TestHarness_UNIQUIFIED/' /work/chipyard/sims/verilator/generated-src/chipyard.harness.TestHarness.RocketConfig/gen-collateral/AsyncResetSynchronizerPrimitiveShiftReg_d3_i0_TestHarness_UNIQUIFIED.sv
sed -i 's/module\( \+\)AsyncResetSynchronizerPrimitiveShiftReg_d3_i0/module\1AsyncResetSynchronizerPrimitiveShiftReg_d3_i0_TestHarness_UNIQUIFIED/' /work/chipyard/sims/verilator/generated-src/chipyard.harness.TestHarness.RocketConfig/gen-collateral/AsyncResetSynchronizerPrimitiveShiftReg_d3_i0_TestHarness_UNIQUIFIED.sv
sed -i 's/module\( \+\)AsyncResetSynchronizerPrimitiveShiftReg_d3_i0/module\1AsyncResetSynchronizerPrimitiveShiftReg_d3_i0_TestHarness_UNIQUIFIED/' /work/chipyard/sims/verilator/generated-src/chipyard.harness.TestHarness.RocketConfig/gen-collateral/AsyncResetSynchronizerPrimitiveShiftReg_d3_i0_TestHarness_UNIQUIFIED.sv
sed -i 's/module\( \+\)AsyncResetSynchronizerPrimitiveShiftReg_d3_i0/module\1AsyncResetSynchronizerPrimitiveShiftReg_d3_i0_TestHarness_UNIQUIFIED/' /work/chipyard/sims/verilator/generated-src/chipyard.harness.TestHarness.RocketConfig/gen-collateral/AsyncResetSynchronizerPrimitiveShiftReg_d3_i0_TestHarness_UNIQUIFIED.sv
sed -i 's/module\( \+\)AsyncResetSynchronizerPrimitiveShiftReg_d3_i0/module\1AsyncResetSynchronizerPrimitiveShiftReg_d3_i0_TestHarness_UNIQUIFIED/' /work/chipyard/sims/verilator/generated-src/chipyard.harness.TestHarness.RocketConfig/gen-collateral/AsyncResetSynchronizerPrimitiveShiftReg_d3_i0_TestHarness_UNIQUIFIED.sv
sed -i 's/module\( \+\)AsyncResetSynchronizerPrimitiveShiftReg_d3_i0/module\1AsyncResetSynchronizerPrimitiveShiftReg_d3_i0_TestHarness_UNIQUIFIED/' /work/chipyard/sims/verilator/generated-src/chipyard.harness.TestHarness.RocketConfig/gen-collateral/AsyncResetSynchronizerPrimitiveShiftReg_d3_i0_TestHarness_UNIQUIFIED.sv
sed -i 's/module\( \+\)AsyncResetSynchronizerPrimitiveShiftReg_d3_i0/module\1AsyncResetSynchronizerPrimitiveShiftReg_d3_i0_TestHarness_UNIQUIFIED/' /work/chipyard/sims/verilator/generated-src/chipyard.harness.TestHarness.RocketConfig/gen-collateral/AsyncResetSynchronizerPrimitiveShiftReg_d3_i0_TestHarness_UNIQUIFIED.sv
sed -i 's/module\( \+\)AsyncResetSynchronizerPrimitiveShiftReg_d3_i0/module\1AsyncResetSynchronizerPrimitiveShiftReg_d3_i0_TestHarness_UNIQUIFIED/' /work/chipyard/sims/verilator/generated-src/chipyard.harness.TestHarness.RocketConfig/gen-collateral/AsyncResetSynchronizerPrimitiveShiftReg_d3_i0_TestHarness_UNIQUIFIED.sv
sed -i 's/module\( \+\)AsyncResetSynchronizerPrimitiveShiftReg_d3_i0/module\1AsyncResetSynchronizerPrimitiveShiftReg_d3_i0_TestHarness_UNIQUIFIED/' /work/chipyard/sims/verilator/generated-src/chipyard.harness.TestHarness.RocketConfig/gen-collateral/AsyncResetSynchronizerPrimitiveShiftReg_d3_i0_TestHarness_UNIQUIFIED.sv
sed -i 's/module\( \+\)AsyncResetSynchronizerPrimitiveShiftReg_d3_i0/module\1AsyncResetSynchronizerPrimitiveShiftReg_d3_i0_TestHarness_UNIQUIFIED/' /work/chipyard/sims/verilator/generated-src/chipyard.harness.TestHarness.RocketConfig/gen-collateral/AsyncResetSynchronizerPrimitiveShiftReg_d3_i0_TestHarness_UNIQUIFIED.sv
sed -i 's/module\( \+\)AsyncResetSynchronizerPrimitiveShiftReg_d3_i0/module\1AsyncResetSynchronizerPrimitiveShiftReg_d3_i0_TestHarness_UNIQUIFIED/' /work/chipyard/sims/verilator/generated-src/chipyard.harness.TestHarness.RocketConfig/gen-collateral/AsyncResetSynchronizerPrimitiveShiftReg_d3_i0_TestHarness_UNIQUIFIED.sv
sed -i 's/module\( \+\)AsyncResetSynchronizerPrimitiveShiftReg_d3_i0/module\1AsyncResetSynchronizerPrimitiveShiftReg_d3_i0_TestHarness_UNIQUIFIED/' /work/chipyard/sims/verilator/generated-src/chipyard.harness.TestHarness.RocketConfig/gen-collateral/AsyncResetSynchronizerPrimitiveShiftReg_d3_i0_TestHarness_UNIQUIFIED.sv
sed -i 's/module\( \+\)AsyncResetSynchronizerPrimitiveShiftReg_d3_i0/module\1AsyncResetSynchronizerPrimitiveShiftReg_d3_i0_TestHarness_UNIQUIFIED/' /work/chipyard/sims/verilator/generated-src/chipyard.harness.TestHarness.RocketConfig/gen-collateral/AsyncResetSynchronizerPrimitiveShiftReg_d3_i0_TestHarness_UNIQUIFIED.sv
sed -i 's/module\( \+\)AsyncResetSynchronizerPrimitiveShiftReg_d3_i0/module\1AsyncResetSynchronizerPrimitiveShiftReg_d3_i0_TestHarness_UNIQUIFIED/' /work/chipyard/sims/verilator/generated-src/chipyard.harness.TestHarness.RocketConfig/gen-collateral/AsyncResetSynchronizerPrimitiveShiftReg_d3_i0_TestHarness_UNIQUIFIED.sv
sed -i 's/module\( \+\)AsyncResetSynchronizerPrimitiveShiftReg_d3_i0/module\1AsyncResetSynchronizerPrimitiveShiftReg_d3_i0_TestHarness_UNIQUIFIED/' /work/chipyard/sims/verilator/generated-src/chipyard.harness.TestHarness.RocketConfig/gen-collateral/AsyncResetSynchronizerPrimitiveShiftReg_d3_i0_TestHarness_UNIQUIFIED.sv
sed -i 's/module\( \+\)AsyncResetSynchronizerPrimitiveShiftReg_d3_i0/module\1AsyncResetSynchronizerPrimitiveShiftReg_d3_i0_TestHarness_UNIQUIFIED/' /work/chipyard/sims/verilator/generated-src/chipyard.harness.TestHarness.RocketConfig/gen-collateral/AsyncResetSynchronizerPrimitiveShiftReg_d3_i0_TestHarness_UNIQUIFIED.sv
sed -i 's/module\( \+\)AsyncResetSynchronizerPrimitiveShiftReg_d3_i0/module\1AsyncResetSynchronizerPrimitiveShiftReg_d3_i0_TestHarness_UNIQUIFIED/' /work/chipyard/sims/verilator/generated-src/chipyard.harness.TestHarness.RocketConfig/gen-collateral/AsyncResetSynchronizerPrimitiveShiftReg_d3_i0_TestHarness_UNIQUIFIED.sv
sed -i 's/module\( \+\)AsyncResetSynchronizerPrimitiveShiftReg_d3_i0/module\1AsyncResetSynchronizerPrimitiveShiftReg_d3_i0_TestHarness_UNIQUIFIED/' /work/chipyard/sims/verilator/generated-src/chipyard.harness.TestHarness.RocketConfig/gen-collateral/AsyncResetSynchronizerPrimitiveShiftReg_d3_i0_TestHarness_UNIQUIFIED.sv
sed -i 's/module\( \+\)AsyncResetSynchronizerPrimitiveShiftReg_d3_i0/module\1AsyncResetSynchronizerPrimitiveShiftReg_d3_i0_TestHarness_UNIQUIFIED/' /work/chipyard/sims/verilator/generated-src/chipyard.harness.TestHarness.RocketConfig/gen-collateral/AsyncResetSynchronizerPrimitiveShiftReg_d3_i0_TestHarness_UNIQUIFIED.sv
sed -i 's/module\( \+\)AsyncResetSynchronizerPrimitiveShiftReg_d3_i0/module\1AsyncResetSynchronizerPrimitiveShiftReg_d3_i0_TestHarness_UNIQUIFIED/' /work/chipyard/sims/verilator/generated-src/chipyard.harness.TestHarness.RocketConfig/gen-collateral/AsyncResetSynchronizerPrimitiveShiftReg_d3_i0_TestHarness_UNIQUIFIED.sv
sed -i 's/module\( \+\)AsyncResetSynchronizerPrimitiveShiftReg_d3_i0/module\1AsyncResetSynchronizerPrimitiveShiftReg_d3_i0_TestHarness_UNIQUIFIED/' /work/chipyard/sims/verilator/generated-src/chipyard.harness.TestHarness.RocketConfig/gen-collateral/AsyncResetSynchronizerPrimitiveShiftReg_d3_i0_TestHarness_UNIQUIFIED.sv
sed -i 's/module\( \+\)AsyncResetSynchronizerPrimitiveShiftReg_d3_i0/module\1AsyncResetSynchronizerPrimitiveShiftReg_d3_i0_TestHarness_UNIQUIFIED/' /work/chipyard/sims/verilator/generated-src/chipyard.harness.TestHarness.RocketConfig/gen-collateral/AsyncResetSynchronizerPrimitiveShiftReg_d3_i0_TestHarness_UNIQUIFIED.sv
sed -i 's/module\( \+\)AsyncResetSynchronizerPrimitiveShiftReg_d3_i0/module\1AsyncResetSynchronizerPrimitiveShiftReg_d3_i0_TestHarness_UNIQUIFIED/' /work/chipyard/sims/verilator/generated-src/chipyard.harness.TestHarness.RocketConfig/gen-collateral/AsyncResetSynchronizerPrimitiveShiftReg_d3_i0_TestHarness_UNIQUIFIED.sv
sed -i 's/module\( \+\)AsyncResetSynchronizerPrimitiveShiftReg_d3_i0/module\1AsyncResetSynchronizerPrimitiveShiftReg_d3_i0_TestHarness_UNIQUIFIED/' /work/chipyard/sims/verilator/generated-src/chipyard.harness.TestHarness.RocketConfig/gen-collateral/AsyncResetSynchronizerPrimitiveShiftReg_d3_i0_TestHarness_UNIQUIFIED.sv
sed -i 's/module\( \+\)AsyncResetSynchronizerPrimitiveShiftReg_d3_i0/module\1AsyncResetSynchronizerPrimitiveShiftReg_d3_i0_TestHarness_UNIQUIFIED/' /work/chipyard/sims/verilator/generated-src/chipyard.harness.TestHarness.RocketConfig/gen-collateral/AsyncResetSynchronizerPrimitiveShiftReg_d3_i0_TestHarness_UNIQUIFIED.sv
sed -i 's/module\( \+\)AsyncResetSynchronizerPrimitiveShiftReg_d3_i0/module\1AsyncResetSynchronizerPrimitiveShiftReg_d3_i0_TestHarness_UNIQUIFIED/' /work/chipyard/sims/verilator/generated-src/chipyard.harness.TestHarness.RocketConfig/gen-collateral/AsyncResetSynchronizerPrimitiveShiftReg_d3_i0_TestHarness_UNIQUIFIED.sv
sed -i 's/module\( \+\)AsyncResetSynchronizerPrimitiveShiftReg_d3_i0/module\1AsyncResetSynchronizerPrimitiveShiftReg_d3_i0_TestHarness_UNIQUIFIED/' /work/chipyard/sims/verilator/generated-src/chipyard.harness.TestHarness.RocketConfig/gen-collateral/AsyncResetSynchronizerPrimitiveShiftReg_d3_i0_TestHarness_UNIQUIFIED.sv
sed -e 's;^;/work/chipyard/sims/verilator/generated-src/chipyard.harness.TestHarness.RocketConfig/gen-collateral/;' /work/chipyard/sims/verilator/generated-src/chipyard.harness.TestHarness.RocketConfig/gen-collateral/firrtl_black_box_resource_files.f > /work/chipyard/sims/verilator/generated-src/chipyard.harness.TestHarness.RocketConfig/chipyard.harness.TestHarness.RocketConfig.bb.f
sed -i 's/\.\///' /work/chipyard/sims/verilator/generated-src/chipyard.harness.TestHarness.RocketConfig/chipyard.harness.TestHarness.RocketConfig.top.f
sed -i 's/\.\///' /work/chipyard/sims/verilator/generated-src/chipyard.harness.TestHarness.RocketConfig/chipyard.harness.TestHarness.RocketConfig.model.f
sed -i 's/\.\///' /work/chipyard/sims/verilator/generated-src/chipyard.harness.TestHarness.RocketConfig/chipyard.harness.TestHarness.RocketConfig.bb.f
sort -u /work/chipyard/sims/verilator/generated-src/chipyard.harness.TestHarness.RocketConfig/chipyard.harness.TestHarness.RocketConfig.top.f /work/chipyard/sims/verilator/generated-src/chipyard.harness.TestHarness.RocketConfig/chipyard.harness.TestHarness.RocketConfig.model.f /work/chipyard/sims/verilator/generated-src/chipyard.harness.TestHarness.RocketConfig/chipyard.harness.TestHarness.RocketConfig.bb.f > /work/chipyard/sims/verilator/generated-src/chipyard.harness.TestHarness.RocketConfig/chipyard.harness.TestHarness.RocketConfig.all.f
cp -f /work/chipyard/generators/rocket-chip/src/main/resources/vsrc/TestDriver.v /work/chipyard/sims/verilator/generated-src/chipyard.harness.TestHarness.RocketConfig/gen-collateral
/work/chipyard/scripts/split-mems-conf.py \
	--in-smems-conf /work/chipyard/sims/verilator/generated-src/chipyard.harness.TestHarness.RocketConfig/chipyard.harness.TestHarness.RocketConfig.mems.conf \
	--in-model-hrchy-json /work/chipyard/sims/verilator/generated-src/chipyard.harness.TestHarness.RocketConfig/model_module_hierarchy.uniquified.json \
	--dut-module-name ChipTop \
	--model-module-name TestHarness \
	--out-dut-smems-conf /work/chipyard/sims/verilator/generated-src/chipyard.harness.TestHarness.RocketConfig/chipyard.harness.TestHarness.RocketConfig.top.mems.conf \
	--out-model-smems-conf /work/chipyard/sims/verilator/generated-src/chipyard.harness.TestHarness.RocketConfig/chipyard.harness.TestHarness.RocketConfig.model.mems.conf
echo "/work/chipyard/sims/verilator/generated-src/chipyard.harness.TestHarness.RocketConfig/gen-collateral/TestDriver.v" >> /work/chipyard/sims/verilator/generated-src/chipyard.harness.TestHarness.RocketConfig/sim_files.f;
cd /work/chipyard && java -cp /work/chipyard/.classpath_cache/tapeout.jar tapeout.macros.MacroCompiler -n /work/chipyard/sims/verilator/generated-src/chipyard.harness.TestHarness.RocketConfig/chipyard.harness.TestHarness.RocketConfig.top.mems.conf -v /work/chipyard/sims/verilator/generated-src/chipyard.harness.TestHarness.RocketConfig/gen-collateral/chipyard.harness.TestHarness.RocketConfig.top.mems.v -f /work/chipyard/sims/verilator/generated-src/chipyard.harness.TestHarness.RocketConfig/chipyard.harness.TestHarness.RocketConfig.top.mems.fir --mode synflops
cd /work/chipyard && java -cp /work/chipyard/.classpath_cache/tapeout.jar tapeout.macros.MacroCompiler  -n /work/chipyard/sims/verilator/generated-src/chipyard.harness.TestHarness.RocketConfig/chipyard.harness.TestHarness.RocketConfig.model.mems.conf -v /work/chipyard/sims/verilator/generated-src/chipyard.harness.TestHarness.RocketConfig/gen-collateral/chipyard.harness.TestHarness.RocketConfig.model.mems.v -f /work/chipyard/sims/verilator/generated-src/chipyard.harness.TestHarness.RocketConfig/chipyard.harness.TestHarness.RocketConfig.model.mems.fir --mode synflops
Picked up JAVA_TOOL_OPTIONS: -Xmx8G -Xss8M -Djava.io.tmpdir=/work/chipyard/.java_tmp
Picked up JAVA_TOOL_OPTIONS: -Xmx8G -Xss8M -Djava.io.tmpdir=/work/chipyard/.java_tmp
WARNING: Empty *.mems.conf file. No memories generated.
touch /work/chipyard/sims/verilator/generated-src/chipyard.harness.TestHarness.RocketConfig/gen-collateral/chipyard.harness.TestHarness.RocketConfig.model.mems.v /work/chipyard/sims/verilator/generated-src/chipyard.harness.TestHarness.RocketConfig/chipyard.harness.TestHarness.RocketConfig.model.mems.fir
touch /work/chipyard/sims/verilator/generated-src/chipyard.harness.TestHarness.RocketConfig/gen-collateral/chipyard.harness.TestHarness.RocketConfig.top.mems.v /work/chipyard/sims/verilator/generated-src/chipyard.harness.TestHarness.RocketConfig/chipyard.harness.TestHarness.RocketConfig.top.mems.fir
rm -f /work/chipyard/sims/verilator/generated-src/chipyard.harness.TestHarness.RocketConfig/sim_files.common.f
sort -u /work/chipyard/sims/verilator/generated-src/chipyard.harness.TestHarness.RocketConfig/sim_files.f /work/chipyard/sims/verilator/generated-src/chipyard.harness.TestHarness.RocketConfig/chipyard.harness.TestHarness.RocketConfig.all.f | grep -v '.*\.\(svh\|h\)$' >> /work/chipyard/sims/verilator/generated-src/chipyard.harness.TestHarness.RocketConfig/sim_files.common.f
echo "/work/chipyard/sims/verilator/generated-src/chipyard.harness.TestHarness.RocketConfig/gen-collateral/chipyard.harness.TestHarness.RocketConfig.top.mems.v" >> /work/chipyard/sims/verilator/generated-src/chipyard.harness.TestHarness.RocketConfig/sim_files.common.f
echo "/work/chipyard/sims/verilator/generated-src/chipyard.harness.TestHarness.RocketConfig/gen-collateral/chipyard.harness.TestHarness.RocketConfig.model.mems.v" >> /work/chipyard/sims/verilator/generated-src/chipyard.harness.TestHarness.RocketConfig/sim_files.common.f
rm -rf /work/chipyard/sims/verilator/generated-src/chipyard.harness.TestHarness.RocketConfig/chipyard.harness.TestHarness.RocketConfig
mkdir -p /work/chipyard/sims/verilator/generated-src/chipyard.harness.TestHarness.RocketConfig/chipyard.harness.TestHarness.RocketConfig
verilator --main --timing --cc --exe -CFLAGS " -O3 -std=c++17 -I/work/riscv/include -I/work/chipyard/tools/DRAMSim2 -I/work/chipyard/sims/verilator/generated-src/chipyard.harness.TestHarness.RocketConfig/gen-collateral   -DVERILATOR" -LDFLAGS " -L/work/riscv/lib -Wl,-rpath,/work/riscv/lib -L/work/chipyard/sims/verilator -L/work/chipyard/tools/DRAMSim2 -lriscv -lfesvr -ldramsim "   --threads 1 --threads-dpi all -O3 --x-assign fast --x-initial fast --output-split 10000 --output-split-cfuncs 100 --assert -Wno-fatal --timescale 1ns/1ps --max-num-width 1048576 +define+CLOCK_PERIOD=1.0 +define+RESET_DELAY=777.7 +define+PRINTF_COND=TestDriver.printf_cond +define+STOP_COND=!TestDriver.reset +define+MODEL=TestHarness +define+RANDOMIZE_MEM_INIT +define+RANDOMIZE_REG_INIT +define+RANDOMIZE_GARBAGE_ASSIGN +define+RANDOMIZE_INVALID_ASSIGN +define+VERILATOR --top-module TestDriver --vpi  -f /work/chipyard/sims/verilator/generated-src/chipyard.harness.TestHarness.RocketConfig/sim_files.common.f  -o /work/chipyard/sims/verilator/simulator-chipyard.harness-RocketConfig -Mdir /work/chipyard/sims/verilator/generated-src/chipyard.harness.TestHarness.RocketConfig/chipyard.harness.TestHarness.RocketConfig
%Warning-REDEFMACRO: Redefining existing define: 'VERILATOR', with different value: ''
                     ... Location of previous definition, with value: '1'
                     ... For warning description see https://verilator.org/warn/REDEFMACRO?v=5.020
                     ... Use "/* verilator lint_off REDEFMACRO */" and lint_on around source to disable this message.
%Warning-WIDTHTRUNC: /work/chipyard/sims/verilator/generated-src/chipyard.harness.TestHarness.RocketConfig/gen-collateral/ram_data_3x64.sv:26:24: Bit extraction of var[63:0] requires 6 bit index, not 7 bits.
                                                                                                                                                : ... note: In instance 'TestDriver.testHarness.chiptop0.system.coh_wrapper.l2.inclusive_cache_bank_sched.sourceD.queue.ram_data_ext'
   26 |             _RANDOM_MEM[j +: 32] = $random;  
      |                        ^
%Warning-WIDTHTRUNC: /work/chipyard/sims/verilator/generated-src/chipyard.harness.TestHarness.RocketConfig/gen-collateral/ram_2x117.sv:26:24: Bit extraction of var[127:0] requires 7 bit index, not 8 bits.
                                                                                                                                            : ... note: In instance 'TestDriver.testHarness.chiptop0.system.coh_wrapper.l2.inclusive_cache_bank_sched.sourceA.io_a_q.ram_ext'
   26 |             _RANDOM_MEM[j +: 32] = $random;  
      |                        ^
%Warning-WIDTHTRUNC: /work/chipyard/sims/verilator/generated-src/chipyard.harness.TestHarness.RocketConfig/gen-collateral/ram_2x112.sv:26:24: Bit extraction of var[127:0] requires 7 bit index, not 8 bits.
                                                                                                                                            : ... note: In instance 'TestDriver.testHarness.chiptop0.system.coh_wrapper.l2.inclusive_cache_bank_sched.sinkC.c_q.ram_ext'
   26 |             _RANDOM_MEM[j +: 32] = $random;  
      |                        ^
%Warning-WIDTHTRUNC: /work/chipyard/sims/verilator/generated-src/chipyard.harness.TestHarness.RocketConfig/gen-collateral/ram_12x109.sv:26:24: Bit extraction of var[127:0] requires 7 bit index, not 8 bits.
                                                                                                                                             : ... note: In instance 'TestDriver.testHarness.chiptop0.system.coh_wrapper.l2.inclusive_cache_bank_sched.sourceC.queue.ram_ext'
   26 |             _RANDOM_MEM[j +: 32] = $random;  
      |                        ^
%Warning-WIDTHTRUNC: /work/chipyard/sims/verilator/generated-src/chipyard.harness.TestHarness.RocketConfig/gen-collateral/ram_2x119.sv:26:24: Bit extraction of var[127:0] requires 7 bit index, not 8 bits.
                                                                                                                                            : ... note: In instance 'TestDriver.testHarness.chiptop0.system.fbus.coupler_from_port_named_serial_tl_0_in.buffer.nodeOut_a_q.ram_ext'
   26 |             _RANDOM_MEM[j +: 32] = $random;  
      |                        ^
%Warning-WIDTHTRUNC: /work/chipyard/sims/verilator/generated-src/chipyard.harness.TestHarness.RocketConfig/gen-collateral/ram_2x110.sv:26:24: Bit extraction of var[127:0] requires 7 bit index, not 8 bits.
                                                                                                                                            : ... note: In instance 'TestDriver.testHarness.chiptop0.system.cbus.coupler_to_prci_ctrl.buffer.nodeOut_a_q.ram_ext'
   26 |             _RANDOM_MEM[j +: 32] = $random;  
      |                        ^
%Warning-WIDTHTRUNC: /work/chipyard/sims/verilator/generated-src/chipyard.harness.TestHarness.RocketConfig/gen-collateral/ram_2x104.sv:26:24: Bit extraction of var[127:0] requires 7 bit index, not 8 bits.
                                                                                                                                            : ... note: In instance 'TestDriver.testHarness.chiptop0.system.cbus.wrapped_error_device.buffer.nodeOut_a_q.ram_ext'
   26 |             _RANDOM_MEM[j +: 32] = $random;  
      |                        ^
%Warning-WIDTHTRUNC: /work/chipyard/sims/verilator/generated-src/chipyard.harness.TestHarness.RocketConfig/gen-collateral/data_33x44.sv:26:24: Bit extraction of var[63:0] requires 6 bit index, not 7 bits.
                                                                                                                                             : ... note: In instance 'TestDriver.testHarness.chiptop0.system.coh_wrapper.l2.inclusive_cache_bank_sched.requests.data_ext'
   26 |             _RANDOM_MEM[j +: 32] = $random;  
      |                        ^
%Warning-WIDTHEXPAND: /work/chipyard/sims/verilator/generated-src/chipyard.harness.TestHarness.RocketConfig/gen-collateral/Atomics.sv:91:45: Operator COND expects 32 or 4 bits on the Conditional True, but Conditional True's VARREF 'select' generates 2 bits.
                                                                                                                                           : ... note: In instance 'TestDriver.testHarness.chiptop0.system.coh_wrapper.l2.inclusive_cache_bank_sched.sourceD.atomics'
   91 |   assign io_data_out = {_GEN_8[io_a_mask[7] ? select : 2'h0], _GEN_9[io_a_mask[6] ? select : 2'h0], _GEN_6[io_a_mask[5] ? select : 2'h0], _GEN_7[io_a_mask[4] ? select : 2'h0], _GEN_4[io_a_mask[3] ? select : 2'h0], _GEN_5[io_a_mask[2] ? select : 2'h0], _GEN_2[io_a_mask[1] ? select : 2'h0], _GEN_3[io_a_mask[0] ? select : 2'h0]};  
      |                                             ^
%Warning-WIDTHEXPAND: /work/chipyard/sims/verilator/generated-src/chipyard.harness.TestHarness.RocketConfig/gen-collateral/Atomics.sv:91:45: Operator COND expects 32 or 4 bits on the Conditional False, but Conditional False's CONST '2'h0' generates 2 bits.
                                                                                                                                           : ... note: In instance 'TestDriver.testHarness.chiptop0.system.coh_wrapper.l2.inclusive_cache_bank_sched.sourceD.atomics'
   91 |   assign io_data_out = {_GEN_8[io_a_mask[7] ? select : 2'h0], _GEN_9[io_a_mask[6] ? select : 2'h0], _GEN_6[io_a_mask[5] ? select : 2'h0], _GEN_7[io_a_mask[4] ? select : 2'h0], _GEN_4[io_a_mask[3] ? select : 2'h0], _GEN_5[io_a_mask[2] ? select : 2'h0], _GEN_2[io_a_mask[1] ? select : 2'h0], _GEN_3[io_a_mask[0] ? select : 2'h0]};  
      |                                             ^
%Warning-WIDTHEXPAND: /work/chipyard/sims/verilator/generated-src/chipyard.harness.TestHarness.RocketConfig/gen-collateral/Atomics.sv:91:83: Operator COND expects 32 or 4 bits on the Conditional True, but Conditional True's VARREF 'select' generates 2 bits.
                                                                                                                                           : ... note: In instance 'TestDriver.testHarness.chiptop0.system.coh_wrapper.l2.inclusive_cache_bank_sched.sourceD.atomics'
   91 |   assign io_data_out = {_GEN_8[io_a_mask[7] ? select : 2'h0], _GEN_9[io_a_mask[6] ? select : 2'h0], _GEN_6[io_a_mask[5] ? select : 2'h0], _GEN_7[io_a_mask[4] ? select : 2'h0], _GEN_4[io_a_mask[3] ? select : 2'h0], _GEN_5[io_a_mask[2] ? select : 2'h0], _GEN_2[io_a_mask[1] ? select : 2'h0], _GEN_3[io_a_mask[0] ? select : 2'h0]};  
      |                                                                                   ^
%Warning-WIDTHEXPAND: /work/chipyard/sims/verilator/generated-src/chipyard.harness.TestHarness.RocketConfig/gen-collateral/Atomics.sv:91:83: Operator COND expects 32 or 4 bits on the Conditional False, but Conditional False's CONST '2'h0' generates 2 bits.
                                                                                                                                           : ... note: In instance 'TestDriver.testHarness.chiptop0.system.coh_wrapper.l2.inclusive_cache_bank_sched.sourceD.atomics'
   91 |   assign io_data_out = {_GEN_8[io_a_mask[7] ? select : 2'h0], _GEN_9[io_a_mask[6] ? select : 2'h0], _GEN_6[io_a_mask[5] ? select : 2'h0], _GEN_7[io_a_mask[4] ? select : 2'h0], _GEN_4[io_a_mask[3] ? select : 2'h0], _GEN_5[io_a_mask[2] ? select : 2'h0], _GEN_2[io_a_mask[1] ? select : 2'h0], _GEN_3[io_a_mask[0] ? select : 2'h0]};  
      |                                                                                   ^
%Warning-WIDTHEXPAND: /work/chipyard/sims/verilator/generated-src/chipyard.harness.TestHarness.RocketConfig/gen-collateral/Atomics.sv:91:121: Operator COND expects 32 or 4 bits on the Conditional True, but Conditional True's VARREF 'select' generates 2 bits.
                                                                                                                                            : ... note: In instance 'TestDriver.testHarness.chiptop0.system.coh_wrapper.l2.inclusive_cache_bank_sched.sourceD.atomics'
   91 |   assign io_data_out = {_GEN_8[io_a_mask[7] ? select : 2'h0], _GEN_9[io_a_mask[6] ? select : 2'h0], _GEN_6[io_a_mask[5] ? select : 2'h0], _GEN_7[io_a_mask[4] ? select : 2'h0], _GEN_4[io_a_mask[3] ? select : 2'h0], _GEN_5[io_a_mask[2] ? select : 2'h0], _GEN_2[io_a_mask[1] ? select : 2'h0], _GEN_3[io_a_mask[0] ? select : 2'h0]};  
      |                                                                                                                         ^
%Warning-WIDTHEXPAND: /work/chipyard/sims/verilator/generated-src/chipyard.harness.TestHarness.RocketConfig/gen-collateral/Atomics.sv:91:121: Operator COND expects 32 or 4 bits on the Conditional False, but Conditional False's CONST '2'h0' generates 2 bits.
                                                                                                                                            : ... note: In instance 'TestDriver.testHarness.chiptop0.system.coh_wrapper.l2.inclusive_cache_bank_sched.sourceD.atomics'
   91 |   assign io_data_out = {_GEN_8[io_a_mask[7] ? select : 2'h0], _GEN_9[io_a_mask[6] ? select : 2'h0], _GEN_6[io_a_mask[5] ? select : 2'h0], _GEN_7[io_a_mask[4] ? select : 2'h0], _GEN_4[io_a_mask[3] ? select : 2'h0], _GEN_5[io_a_mask[2] ? select : 2'h0], _GEN_2[io_a_mask[1] ? select : 2'h0], _GEN_3[io_a_mask[0] ? select : 2'h0]};  
      |                                                                                                                         ^
%Warning-WIDTHEXPAND: /work/chipyard/sims/verilator/generated-src/chipyard.harness.TestHarness.RocketConfig/gen-collateral/Atomics.sv:91:159: Operator COND expects 32 or 4 bits on the Conditional True, but Conditional True's VARREF 'select' generates 2 bits.
                                                                                                                                            : ... note: In instance 'TestDriver.testHarness.chiptop0.system.coh_wrapper.l2.inclusive_cache_bank_sched.sourceD.atomics'
   91 |   assign io_data_out = {_GEN_8[io_a_mask[7] ? select : 2'h0], _GEN_9[io_a_mask[6] ? select : 2'h0], _GEN_6[io_a_mask[5] ? select : 2'h0], _GEN_7[io_a_mask[4] ? select : 2'h0], _GEN_4[io_a_mask[3] ? select : 2'h0], _GEN_5[io_a_mask[2] ? select : 2'h0], _GEN_2[io_a_mask[1] ? select : 2'h0], _GEN_3[io_a_mask[0] ? select : 2'h0]};  
      |                                                                                                                                                               ^
%Warning-WIDTHEXPAND: /work/chipyard/sims/verilator/generated-src/chipyard.harness.TestHarness.RocketConfig/gen-collateral/Atomics.sv:91:159: Operator COND expects 32 or 4 bits on the Conditional False, but Conditional False's CONST '2'h0' generates 2 bits.
                                                                                                                                            : ... note: In instance 'TestDriver.testHarness.chiptop0.system.coh_wrapper.l2.inclusive_cache_bank_sched.sourceD.atomics'
   91 |   assign io_data_out = {_GEN_8[io_a_mask[7] ? select : 2'h0], _GEN_9[io_a_mask[6] ? select : 2'h0], _GEN_6[io_a_mask[5] ? select : 2'h0], _GEN_7[io_a_mask[4] ? select : 2'h0], _GEN_4[io_a_mask[3] ? select : 2'h0], _GEN_5[io_a_mask[2] ? select : 2'h0], _GEN_2[io_a_mask[1] ? select : 2'h0], _GEN_3[io_a_mask[0] ? select : 2'h0]};  
      |                                                                                                                                                               ^
%Warning-WIDTHEXPAND: /work/chipyard/sims/verilator/generated-src/chipyard.harness.TestHarness.RocketConfig/gen-collateral/Atomics.sv:91:197: Operator COND expects 32 or 4 bits on the Conditional True, but Conditional True's VARREF 'select' generates 2 bits.
                                                                                                                                            : ... note: In instance 'TestDriver.testHarness.chiptop0.system.coh_wrapper.l2.inclusive_cache_bank_sched.sourceD.atomics'
   91 |   assign io_data_out = {_GEN_8[io_a_mask[7] ? select : 2'h0], _GEN_9[io_a_mask[6] ? select : 2'h0], _GEN_6[io_a_mask[5] ? select : 2'h0], _GEN_7[io_a_mask[4] ? select : 2'h0], _GEN_4[io_a_mask[3] ? select : 2'h0], _GEN_5[io_a_mask[2] ? select : 2'h0], _GEN_2[io_a_mask[1] ? select : 2'h0], _GEN_3[io_a_mask[0] ? select : 2'h0]};  
      |                                                                                                                                                                                                     ^
%Warning-WIDTHEXPAND: /work/chipyard/sims/verilator/generated-src/chipyard.harness.TestHarness.RocketConfig/gen-collateral/Atomics.sv:91:197: Operator COND expects 32 or 4 bits on the Conditional False, but Conditional False's CONST '2'h0' generates 2 bits.
                                                                                                                                            : ... note: In instance 'TestDriver.testHarness.chiptop0.system.coh_wrapper.l2.inclusive_cache_bank_sched.sourceD.atomics'
   91 |   assign io_data_out = {_GEN_8[io_a_mask[7] ? select : 2'h0], _GEN_9[io_a_mask[6] ? select : 2'h0], _GEN_6[io_a_mask[5] ? select : 2'h0], _GEN_7[io_a_mask[4] ? select : 2'h0], _GEN_4[io_a_mask[3] ? select : 2'h0], _GEN_5[io_a_mask[2] ? select : 2'h0], _GEN_2[io_a_mask[1] ? select : 2'h0], _GEN_3[io_a_mask[0] ? select : 2'h0]};  
      |                                                                                                                                                                                                     ^
%Warning-WIDTHEXPAND: /work/chipyard/sims/verilator/generated-src/chipyard.harness.TestHarness.RocketConfig/gen-collateral/Atomics.sv:91:235: Operator COND expects 32 or 4 bits on the Conditional True, but Conditional True's VARREF 'select' generates 2 bits.
                                                                                                                                            : ... note: In instance 'TestDriver.testHarness.chiptop0.system.coh_wrapper.l2.inclusive_cache_bank_sched.sourceD.atomics'
   91 |   assign io_data_out = {_GEN_8[io_a_mask[7] ? select : 2'h0], _GEN_9[io_a_mask[6] ? select : 2'h0], _GEN_6[io_a_mask[5] ? select : 2'h0], _GEN_7[io_a_mask[4] ? select : 2'h0], _GEN_4[io_a_mask[3] ? select : 2'h0], _GEN_5[io_a_mask[2] ? select : 2'h0], _GEN_2[io_a_mask[1] ? select : 2'h0], _GEN_3[io_a_mask[0] ? select : 2'h0]};  
      |                                                                                                                                                                                                                                           ^
%Warning-WIDTHEXPAND: /work/chipyard/sims/verilator/generated-src/chipyard.harness.TestHarness.RocketConfig/gen-collateral/Atomics.sv:91:235: Operator COND expects 32 or 4 bits on the Conditional False, but Conditional False's CONST '2'h0' generates 2 bits.
                                                                                                                                            : ... note: In instance 'TestDriver.testHarness.chiptop0.system.coh_wrapper.l2.inclusive_cache_bank_sched.sourceD.atomics'
   91 |   assign io_data_out = {_GEN_8[io_a_mask[7] ? select : 2'h0], _GEN_9[io_a_mask[6] ? select : 2'h0], _GEN_6[io_a_mask[5] ? select : 2'h0], _GEN_7[io_a_mask[4] ? select : 2'h0], _GEN_4[io_a_mask[3] ? select : 2'h0], _GEN_5[io_a_mask[2] ? select : 2'h0], _GEN_2[io_a_mask[1] ? select : 2'h0], _GEN_3[io_a_mask[0] ? select : 2'h0]};  
      |                                                                                                                                                                                                                                           ^
%Warning-WIDTHEXPAND: /work/chipyard/sims/verilator/generated-src/chipyard.harness.TestHarness.RocketConfig/gen-collateral/Atomics.sv:91:273: Operator COND expects 32 or 4 bits on the Conditional True, but Conditional True's VARREF 'select' generates 2 bits.
                                                                                                                                            : ... note: In instance 'TestDriver.testHarness.chiptop0.system.coh_wrapper.l2.inclusive_cache_bank_sched.sourceD.atomics'
   91 |   assign io_data_out = {_GEN_8[io_a_mask[7] ? select : 2'h0], _GEN_9[io_a_mask[6] ? select : 2'h0], _GEN_6[io_a_mask[5] ? select : 2'h0], _GEN_7[io_a_mask[4] ? select : 2'h0], _GEN_4[io_a_mask[3] ? select : 2'h0], _GEN_5[io_a_mask[2] ? select : 2'h0], _GEN_2[io_a_mask[1] ? select : 2'h0], _GEN_3[io_a_mask[0] ? select : 2'h0]};  
      |                                                                                                                                                                                                                                                                                 ^
%Warning-WIDTHEXPAND: /work/chipyard/sims/verilator/generated-src/chipyard.harness.TestHarness.RocketConfig/gen-collateral/Atomics.sv:91:273: Operator COND expects 32 or 4 bits on the Conditional False, but Conditional False's CONST '2'h0' generates 2 bits.
                                                                                                                                            : ... note: In instance 'TestDriver.testHarness.chiptop0.system.coh_wrapper.l2.inclusive_cache_bank_sched.sourceD.atomics'
   91 |   assign io_data_out = {_GEN_8[io_a_mask[7] ? select : 2'h0], _GEN_9[io_a_mask[6] ? select : 2'h0], _GEN_6[io_a_mask[5] ? select : 2'h0], _GEN_7[io_a_mask[4] ? select : 2'h0], _GEN_4[io_a_mask[3] ? select : 2'h0], _GEN_5[io_a_mask[2] ? select : 2'h0], _GEN_2[io_a_mask[1] ? select : 2'h0], _GEN_3[io_a_mask[0] ? select : 2'h0]};  
      |                                                                                                                                                                                                                                                                                 ^
%Warning-WIDTHEXPAND: /work/chipyard/sims/verilator/generated-src/chipyard.harness.TestHarness.RocketConfig/gen-collateral/Atomics.sv:91:311: Operator COND expects 32 or 4 bits on the Conditional True, but Conditional True's VARREF 'select' generates 2 bits.
                                                                                                                                            : ... note: In instance 'TestDriver.testHarness.chiptop0.system.coh_wrapper.l2.inclusive_cache_bank_sched.sourceD.atomics'
   91 |   assign io_data_out = {_GEN_8[io_a_mask[7] ? select : 2'h0], _GEN_9[io_a_mask[6] ? select : 2'h0], _GEN_6[io_a_mask[5] ? select : 2'h0], _GEN_7[io_a_mask[4] ? select : 2'h0], _GEN_4[io_a_mask[3] ? select : 2'h0], _GEN_5[io_a_mask[2] ? select : 2'h0], _GEN_2[io_a_mask[1] ? select : 2'h0], _GEN_3[io_a_mask[0] ? select : 2'h0]};  
      |                                                                                                                                                                                                                                                                                                                       ^
%Warning-WIDTHEXPAND: /work/chipyard/sims/verilator/generated-src/chipyard.harness.TestHarness.RocketConfig/gen-collateral/Atomics.sv:91:311: Operator COND expects 32 or 4 bits on the Conditional False, but Conditional False's CONST '2'h0' generates 2 bits.
                                                                                                                                            : ... note: In instance 'TestDriver.testHarness.chiptop0.system.coh_wrapper.l2.inclusive_cache_bank_sched.sourceD.atomics'
   91 |   assign io_data_out = {_GEN_8[io_a_mask[7] ? select : 2'h0], _GEN_9[io_a_mask[6] ? select : 2'h0], _GEN_6[io_a_mask[5] ? select : 2'h0], _GEN_7[io_a_mask[4] ? select : 2'h0], _GEN_4[io_a_mask[3] ? select : 2'h0], _GEN_5[io_a_mask[2] ? select : 2'h0], _GEN_2[io_a_mask[1] ? select : 2'h0], _GEN_3[io_a_mask[0] ? select : 2'h0]};  
      |                                                                                                                                                                                                                                                                                                                       ^
%Warning-WIDTHTRUNC: /work/chipyard/sims/verilator/generated-src/chipyard.harness.TestHarness.RocketConfig/gen-collateral/rf_31x64.sv:30:24: Bit extraction of var[63:0] requires 6 bit index, not 7 bits.
                                                                                                                                           : ... note: In instance 'TestDriver.testHarness.chiptop0.system.tile_prci_domain.element_reset_domain_rockettile.core.rf_ext'
   30 |             _RANDOM_MEM[j +: 32] = $random;  
      |                        ^
%Warning-WIDTHTRUNC: /work/chipyard/sims/verilator/generated-src/chipyard.harness.TestHarness.RocketConfig/gen-collateral/ram_2x52.sv:26:24: Bit extraction of var[63:0] requires 6 bit index, not 7 bits.
                                                                                                                                           : ... note: In instance 'TestDriver.testHarness.chiptop0.system.tile_prci_domain.buffer.nodeIn_b_q.ram_ext'
   26 |             _RANDOM_MEM[j +: 32] = $random;  
      |                        ^
%Warning-WIDTHTRUNC: /work/chipyard/sims/verilator/generated-src/chipyard.harness.TestHarness.RocketConfig/gen-collateral/ram_2x120.sv:26:24: Bit extraction of var[127:0] requires 7 bit index, not 8 bits.
                                                                                                                                            : ... note: In instance 'TestDriver.testHarness.chiptop0.system.fbus.buffer.nodeOut_a_q.ram_ext'
   26 |             _RANDOM_MEM[j +: 32] = $random;  
      |                        ^
%Warning-WIDTHTRUNC: /work/chipyard/sims/verilator/generated-src/chipyard.harness.TestHarness.RocketConfig/gen-collateral/ram_2x118.sv:26:24: Bit extraction of var[127:0] requires 7 bit index, not 8 bits.
                                                                                                                                            : ... note: In instance 'TestDriver.testHarness.chiptop0.system.pbus.buffer_1.nodeOut_a_q.ram_ext'
   26 |             _RANDOM_MEM[j +: 32] = $random;  
      |                        ^
%Warning-WIDTHTRUNC: /work/chipyard/sims/verilator/generated-src/chipyard.harness.TestHarness.RocketConfig/gen-collateral/ram_2x114.sv:26:24: Bit extraction of var[127:0] requires 7 bit index, not 8 bits.
                                                                                                                                            : ... note: In instance 'TestDriver.testHarness.chiptop0.system.bank.buffer.nodeOut_a_q.ram_ext'
   26 |             _RANDOM_MEM[j +: 32] = $random;  
      |                        ^
%Warning-WIDTHTRUNC: /work/chipyard/sims/verilator/generated-src/chipyard.harness.TestHarness.RocketConfig/gen-collateral/ram_2x109.sv:26:24: Bit extraction of var[127:0] requires 7 bit index, not 8 bits.
                                                                                                                                            : ... note: In instance 'TestDriver.testHarness.chiptop0.system.tile_prci_domain.buffer.nodeOut_c_q.ram_ext'
   26 |             _RANDOM_MEM[j +: 32] = $random;  
      |                        ^
%Warning-WIDTHEXPAND: /work/chipyard/sims/verilator/generated-src/chipyard.harness.TestHarness.RocketConfig/gen-collateral/BTB.sv:987:40: Operator COND expects 32 or 5 bits on the Conditional True, but Conditional True's VARREF 'tgtPages_0' generates 3 bits.
                                                                                                                                        : ... note: In instance 'TestDriver.testHarness.chiptop0.system.tile_prci_domain.element_reset_domain_rockettile.frontend.btb'
%Warning-WIDTHEXPAND: /work/chipyard/sims/verilator/generated-src/chipyard.harness.TestHarness.RocketConfig/gen-collateral/BTB.sv:987:40: Operator COND expects 32 or 5 bits on the Conditional False, but Conditional False's CONST '3'h0' generates 3 bits.
                                                                                                                                        : ... note: In instance 'TestDriver.testHarness.chiptop0.system.tile_prci_domain.element_reset_domain_rockettile.frontend.btb'
%Warning-WIDTHEXPAND: /work/chipyard/sims/verilator/generated-src/chipyard.harness.TestHarness.RocketConfig/gen-collateral/BTB.sv:987:90: Operator COND expects 32 or 5 bits on the Conditional True, but Conditional True's VARREF 'tgtPages_1' generates 3 bits.
                                                                                                                                        : ... note: In instance 'TestDriver.testHarness.chiptop0.system.tile_prci_domain.element_reset_domain_rockettile.frontend.btb'
%Warning-WIDTHEXPAND: /work/chipyard/sims/verilator/generated-src/chipyard.harness.TestHarness.RocketConfig/gen-collateral/BTB.sv:987:90: Operator COND expects 32 or 5 bits on the Conditional False, but Conditional False's CONST '3'h0' generates 3 bits.
                                                                                                                                        : ... note: In instance 'TestDriver.testHarness.chiptop0.system.tile_prci_domain.element_reset_domain_rockettile.frontend.btb'
%Warning-WIDTHEXPAND: /work/chipyard/sims/verilator/generated-src/chipyard.harness.TestHarness.RocketConfig/gen-collateral/BTB.sv:987:140: Operator COND expects 32 or 5 bits on the Conditional True, but Conditional True's VARREF 'tgtPages_2' generates 3 bits.
                                                                                                                                         : ... note: In instance 'TestDriver.testHarness.chiptop0.system.tile_prci_domain.element_reset_domain_rockettile.frontend.btb'
%Warning-WIDTHEXPAND: /work/chipyard/sims/verilator/generated-src/chipyard.harness.TestHarness.RocketConfig/gen-collateral/BTB.sv:987:140: Operator COND expects 32 or 5 bits on the Conditional False, but Conditional False's CONST '3'h0' generates 3 bits.
                                                                                                                                         : ... note: In instance 'TestDriver.testHarness.chiptop0.system.tile_prci_domain.element_reset_domain_rockettile.frontend.btb'
%Warning-WIDTHEXPAND: /work/chipyard/sims/verilator/generated-src/chipyard.harness.TestHarness.RocketConfig/gen-collateral/BTB.sv:987:190: Operator COND expects 32 or 5 bits on the Conditional True, but Conditional True's VARREF 'tgtPages_3' generates 3 bits.
                                                                                                                                         : ... note: In instance 'TestDriver.testHarness.chiptop0.system.tile_prci_domain.element_reset_domain_rockettile.frontend.btb'
%Warning-WIDTHEXPAND: /work/chipyard/sims/verilator/generated-src/chipyard.harness.TestHarness.RocketConfig/gen-collateral/BTB.sv:987:190: Operator COND expects 32 or 5 bits on the Conditional False, but Conditional False's CONST '3'h0' generates 3 bits.
                                                                                                                                         : ... note: In instance 'TestDriver.testHarness.chiptop0.system.tile_prci_domain.element_reset_domain_rockettile.frontend.btb'
%Warning-WIDTHEXPAND: /work/chipyard/sims/verilator/generated-src/chipyard.harness.TestHarness.RocketConfig/gen-collateral/BTB.sv:987:240: Operator COND expects 32 or 5 bits on the Conditional True, but Conditional True's VARREF 'tgtPages_4' generates 3 bits.
                                                                                                                                         : ... note: In instance 'TestDriver.testHarness.chiptop0.system.tile_prci_domain.element_reset_domain_rockettile.frontend.btb'
%Warning-WIDTHEXPAND: /work/chipyard/sims/verilator/generated-src/chipyard.harness.TestHarness.RocketConfig/gen-collateral/BTB.sv:987:240: Operator COND expects 32 or 5 bits on the Conditional False, but Conditional False's CONST '3'h0' generates 3 bits.
                                                                                                                                         : ... note: In instance 'TestDriver.testHarness.chiptop0.system.tile_prci_domain.element_reset_domain_rockettile.frontend.btb'
%Warning-WIDTHEXPAND: /work/chipyard/sims/verilator/generated-src/chipyard.harness.TestHarness.RocketConfig/gen-collateral/BTB.sv:987:290: Operator COND expects 32 or 5 bits on the Conditional True, but Conditional True's VARREF 'tgtPages_5' generates 3 bits.
                                                                                                                                         : ... note: In instance 'TestDriver.testHarness.chiptop0.system.tile_prci_domain.element_reset_domain_rockettile.frontend.btb'
%Warning-WIDTHEXPAND: /work/chipyard/sims/verilator/generated-src/chipyard.harness.TestHarness.RocketConfig/gen-collateral/BTB.sv:987:290: Operator COND expects 32 or 5 bits on the Conditional False, but Conditional False's CONST '3'h0' generates 3 bits.
                                                                                                                                         : ... note: In instance 'TestDriver.testHarness.chiptop0.system.tile_prci_domain.element_reset_domain_rockettile.frontend.btb'
%Warning-WIDTHEXPAND: /work/chipyard/sims/verilator/generated-src/chipyard.harness.TestHarness.RocketConfig/gen-collateral/BTB.sv:987:340: Operator COND expects 32 or 5 bits on the Conditional True, but Conditional True's VARREF 'tgtPages_6' generates 3 bits.
                                                                                                                                         : ... note: In instance 'TestDriver.testHarness.chiptop0.system.tile_prci_domain.element_reset_domain_rockettile.frontend.btb'
%Warning-WIDTHEXPAND: /work/chipyard/sims/verilator/generated-src/chipyard.harness.TestHarness.RocketConfig/gen-collateral/BTB.sv:987:340: Operator COND expects 32 or 5 bits on the Conditional False, but Conditional False's CONST '3'h0' generates 3 bits.
                                                                                                                                         : ... note: In instance 'TestDriver.testHarness.chiptop0.system.tile_prci_domain.element_reset_domain_rockettile.frontend.btb'
%Warning-WIDTHEXPAND: /work/chipyard/sims/verilator/generated-src/chipyard.harness.TestHarness.RocketConfig/gen-collateral/BTB.sv:987:390: Operator COND expects 32 or 5 bits on the Conditional True, but Conditional True's VARREF 'tgtPages_7' generates 3 bits.
                                                                                                                                         : ... note: In instance 'TestDriver.testHarness.chiptop0.system.tile_prci_domain.element_reset_domain_rockettile.frontend.btb'
%Warning-WIDTHEXPAND: /work/chipyard/sims/verilator/generated-src/chipyard.harness.TestHarness.RocketConfig/gen-collateral/BTB.sv:987:390: Operator COND expects 32 or 5 bits on the Conditional False, but Conditional False's CONST '3'h0' generates 3 bits.
                                                                                                                                         : ... note: In instance 'TestDriver.testHarness.chiptop0.system.tile_prci_domain.element_reset_domain_rockettile.frontend.btb'
%Warning-WIDTHEXPAND: /work/chipyard/sims/verilator/generated-src/chipyard.harness.TestHarness.RocketConfig/gen-collateral/BTB.sv:987:440: Operator COND expects 32 or 5 bits on the Conditional True, but Conditional True's VARREF 'tgtPages_8' generates 3 bits.
                                                                                                                                         : ... note: In instance 'TestDriver.testHarness.chiptop0.system.tile_prci_domain.element_reset_domain_rockettile.frontend.btb'
%Warning-WIDTHEXPAND: /work/chipyard/sims/verilator/generated-src/chipyard.harness.TestHarness.RocketConfig/gen-collateral/BTB.sv:987:440: Operator COND expects 32 or 5 bits on the Conditional False, but Conditional False's CONST '3'h0' generates 3 bits.
                                                                                                                                         : ... note: In instance 'TestDriver.testHarness.chiptop0.system.tile_prci_domain.element_reset_domain_rockettile.frontend.btb'
%Warning-WIDTHEXPAND: /work/chipyard/sims/verilator/generated-src/chipyard.harness.TestHarness.RocketConfig/gen-collateral/BTB.sv:987:490: Operator COND expects 32 or 5 bits on the Conditional True, but Conditional True's VARREF 'tgtPages_9' generates 3 bits.
                                                                                                                                         : ... note: In instance 'TestDriver.testHarness.chiptop0.system.tile_prci_domain.element_reset_domain_rockettile.frontend.btb'
%Warning-WIDTHEXPAND: /work/chipyard/sims/verilator/generated-src/chipyard.harness.TestHarness.RocketConfig/gen-collateral/BTB.sv:987:490: Operator COND expects 32 or 5 bits on the Conditional False, but Conditional False's CONST '3'h0' generates 3 bits.
                                                                                                                                         : ... note: In instance 'TestDriver.testHarness.chiptop0.system.tile_prci_domain.element_reset_domain_rockettile.frontend.btb'
%Warning-WIDTHEXPAND: /work/chipyard/sims/verilator/generated-src/chipyard.harness.TestHarness.RocketConfig/gen-collateral/BTB.sv:987:541: Operator COND expects 32 or 5 bits on the Conditional True, but Conditional True's VARREF 'tgtPages_10' generates 3 bits.
                                                                                                                                         : ... note: In instance 'TestDriver.testHarness.chiptop0.system.tile_prci_domain.element_reset_domain_rockettile.frontend.btb'
%Warning-WIDTHEXPAND: /work/chipyard/sims/verilator/generated-src/chipyard.harness.TestHarness.RocketConfig/gen-collateral/BTB.sv:987:541: Operator COND expects 32 or 5 bits on the Conditional False, but Conditional False's CONST '3'h0' generates 3 bits.
                                                                                                                                         : ... note: In instance 'TestDriver.testHarness.chiptop0.system.tile_prci_domain.element_reset_domain_rockettile.frontend.btb'
%Warning-WIDTHEXPAND: /work/chipyard/sims/verilator/generated-src/chipyard.harness.TestHarness.RocketConfig/gen-collateral/BTB.sv:987:593: Operator COND expects 32 or 5 bits on the Conditional True, but Conditional True's VARREF 'tgtPages_11' generates 3 bits.
                                                                                                                                         : ... note: In instance 'TestDriver.testHarness.chiptop0.system.tile_prci_domain.element_reset_domain_rockettile.frontend.btb'
%Warning-WIDTHEXPAND: /work/chipyard/sims/verilator/generated-src/chipyard.harness.TestHarness.RocketConfig/gen-collateral/BTB.sv:987:593: Operator COND expects 32 or 5 bits on the Conditional False, but Conditional False's CONST '3'h0' generates 3 bits.
                                                                                                                                         : ... note: In instance 'TestDriver.testHarness.chiptop0.system.tile_prci_domain.element_reset_domain_rockettile.frontend.btb'
%Warning-WIDTHEXPAND: /work/chipyard/sims/verilator/generated-src/chipyard.harness.TestHarness.RocketConfig/gen-collateral/BTB.sv:987:645: Operator COND expects 32 or 5 bits on the Conditional True, but Conditional True's VARREF 'tgtPages_12' generates 3 bits.
                                                                                                                                         : ... note: In instance 'TestDriver.testHarness.chiptop0.system.tile_prci_domain.element_reset_domain_rockettile.frontend.btb'
%Warning-WIDTHEXPAND: /work/chipyard/sims/verilator/generated-src/chipyard.harness.TestHarness.RocketConfig/gen-collateral/BTB.sv:987:645: Operator COND expects 32 or 5 bits on the Conditional False, but Conditional False's CONST '3'h0' generates 3 bits.
                                                                                                                                         : ... note: In instance 'TestDriver.testHarness.chiptop0.system.tile_prci_domain.element_reset_domain_rockettile.frontend.btb'
%Warning-WIDTHEXPAND: /work/chipyard/sims/verilator/generated-src/chipyard.harness.TestHarness.RocketConfig/gen-collateral/BTB.sv:987:697: Operator COND expects 32 or 5 bits on the Conditional True, but Conditional True's VARREF 'tgtPages_13' generates 3 bits.
                                                                                                                                         : ... note: In instance 'TestDriver.testHarness.chiptop0.system.tile_prci_domain.element_reset_domain_rockettile.frontend.btb'
%Warning-WIDTHEXPAND: /work/chipyard/sims/verilator/generated-src/chipyard.harness.TestHarness.RocketConfig/gen-collateral/BTB.sv:987:697: Operator COND expects 32 or 5 bits on the Conditional False, but Conditional False's CONST '3'h0' generates 3 bits.
                                                                                                                                         : ... note: In instance 'TestDriver.testHarness.chiptop0.system.tile_prci_domain.element_reset_domain_rockettile.frontend.btb'
%Warning-WIDTHEXPAND: /work/chipyard/sims/verilator/generated-src/chipyard.harness.TestHarness.RocketConfig/gen-collateral/BTB.sv:987:749: Operator COND expects 32 or 5 bits on the Conditional True, but Conditional True's VARREF 'tgtPages_14' generates 3 bits.
                                                                                                                                         : ... note: In instance 'TestDriver.testHarness.chiptop0.system.tile_prci_domain.element_reset_domain_rockettile.frontend.btb'
%Warning-WIDTHEXPAND: /work/chipyard/sims/verilator/generated-src/chipyard.harness.TestHarness.RocketConfig/gen-collateral/BTB.sv:987:749: Operator COND expects 32 or 5 bits on the Conditional False, but Conditional False's CONST '3'h0' generates 3 bits.
                                                                                                                                         : ... note: In instance 'TestDriver.testHarness.chiptop0.system.tile_prci_domain.element_reset_domain_rockettile.frontend.btb'
%Warning-WIDTHEXPAND: /work/chipyard/sims/verilator/generated-src/chipyard.harness.TestHarness.RocketConfig/gen-collateral/BTB.sv:987:801: Operator COND expects 32 or 5 bits on the Conditional True, but Conditional True's VARREF 'tgtPages_15' generates 3 bits.
                                                                                                                                         : ... note: In instance 'TestDriver.testHarness.chiptop0.system.tile_prci_domain.element_reset_domain_rockettile.frontend.btb'
%Warning-WIDTHEXPAND: /work/chipyard/sims/verilator/generated-src/chipyard.harness.TestHarness.RocketConfig/gen-collateral/BTB.sv:987:801: Operator COND expects 32 or 5 bits on the Conditional False, but Conditional False's CONST '3'h0' generates 3 bits.
                                                                                                                                         : ... note: In instance 'TestDriver.testHarness.chiptop0.system.tile_prci_domain.element_reset_domain_rockettile.frontend.btb'
%Warning-WIDTHEXPAND: /work/chipyard/sims/verilator/generated-src/chipyard.harness.TestHarness.RocketConfig/gen-collateral/BTB.sv:987:853: Operator COND expects 32 or 5 bits on the Conditional True, but Conditional True's VARREF 'tgtPages_16' generates 3 bits.
                                                                                                                                         : ... note: In instance 'TestDriver.testHarness.chiptop0.system.tile_prci_domain.element_reset_domain_rockettile.frontend.btb'
%Warning-WIDTHEXPAND: /work/chipyard/sims/verilator/generated-src/chipyard.harness.TestHarness.RocketConfig/gen-collateral/BTB.sv:987:853: Operator COND expects 32 or 5 bits on the Conditional False, but Conditional False's CONST '3'h0' generates 3 bits.
                                                                                                                                         : ... note: In instance 'TestDriver.testHarness.chiptop0.system.tile_prci_domain.element_reset_domain_rockettile.frontend.btb'
%Warning-WIDTHEXPAND: /work/chipyard/sims/verilator/generated-src/chipyard.harness.TestHarness.RocketConfig/gen-collateral/BTB.sv:987:905: Operator COND expects 32 or 5 bits on the Conditional True, but Conditional True's VARREF 'tgtPages_17' generates 3 bits.
                                                                                                                                         : ... note: In instance 'TestDriver.testHarness.chiptop0.system.tile_prci_domain.element_reset_domain_rockettile.frontend.btb'
%Warning-WIDTHEXPAND: /work/chipyard/sims/verilator/generated-src/chipyard.harness.TestHarness.RocketConfig/gen-collateral/BTB.sv:987:905: Operator COND expects 32 or 5 bits on the Conditional False, but Conditional False's CONST '3'h0' generates 3 bits.
                                                                                                                                         : ... note: In instance 'TestDriver.testHarness.chiptop0.system.tile_prci_domain.element_reset_domain_rockettile.frontend.btb'
%Warning-WIDTHEXPAND: /work/chipyard/sims/verilator/generated-src/chipyard.harness.TestHarness.RocketConfig/gen-collateral/BTB.sv:987:957: Operator COND expects 32 or 5 bits on the Conditional True, but Conditional True's VARREF 'tgtPages_18' generates 3 bits.
                                                                                                                                         : ... note: In instance 'TestDriver.testHarness.chiptop0.system.tile_prci_domain.element_reset_domain_rockettile.frontend.btb'
%Warning-WIDTHEXPAND: /work/chipyard/sims/verilator/generated-src/chipyard.harness.TestHarness.RocketConfig/gen-collateral/BTB.sv:987:957: Operator COND expects 32 or 5 bits on the Conditional False, but Conditional False's CONST '3'h0' generates 3 bits.
                                                                                                                                         : ... note: In instance 'TestDriver.testHarness.chiptop0.system.tile_prci_domain.element_reset_domain_rockettile.frontend.btb'
%Warning-WIDTHEXPAND: /work/chipyard/sims/verilator/generated-src/chipyard.harness.TestHarness.RocketConfig/gen-collateral/BTB.sv:987:1009: Operator COND expects 32 or 5 bits on the Conditional True, but Conditional True's VARREF 'tgtPages_19' generates 3 bits.
                                                                                                                                          : ... note: In instance 'TestDriver.testHarness.chiptop0.system.tile_prci_domain.element_reset_domain_rockettile.frontend.btb'
%Warning-WIDTHEXPAND: /work/chipyard/sims/verilator/generated-src/chipyard.harness.TestHarness.RocketConfig/gen-collateral/BTB.sv:987:1009: Operator COND expects 32 or 5 bits on the Conditional False, but Conditional False's CONST '3'h0' generates 3 bits.
                                                                                                                                          : ... note: In instance 'TestDriver.testHarness.chiptop0.system.tile_prci_domain.element_reset_domain_rockettile.frontend.btb'
%Warning-WIDTHEXPAND: /work/chipyard/sims/verilator/generated-src/chipyard.harness.TestHarness.RocketConfig/gen-collateral/BTB.sv:987:1061: Operator COND expects 32 or 5 bits on the Conditional True, but Conditional True's VARREF 'tgtPages_20' generates 3 bits.
                                                                                                                                          : ... note: In instance 'TestDriver.testHarness.chiptop0.system.tile_prci_domain.element_reset_domain_rockettile.frontend.btb'
%Warning-WIDTHEXPAND: /work/chipyard/sims/verilator/generated-src/chipyard.harness.TestHarness.RocketConfig/gen-collateral/BTB.sv:987:1061: Operator COND expects 32 or 5 bits on the Conditional False, but Conditional False's CONST '3'h0' generates 3 bits.
                                                                                                                                          : ... note: In instance 'TestDriver.testHarness.chiptop0.system.tile_prci_domain.element_reset_domain_rockettile.frontend.btb'
%Warning-WIDTHEXPAND: /work/chipyard/sims/verilator/generated-src/chipyard.harness.TestHarness.RocketConfig/gen-collateral/BTB.sv:987:1113: Operator COND expects 32 or 5 bits on the Conditional True, but Conditional True's VARREF 'tgtPages_21' generates 3 bits.
                                                                                                                                          : ... note: In instance 'TestDriver.testHarness.chiptop0.system.tile_prci_domain.element_reset_domain_rockettile.frontend.btb'
%Warning-WIDTHEXPAND: /work/chipyard/sims/verilator/generated-src/chipyard.harness.TestHarness.RocketConfig/gen-collateral/BTB.sv:987:1113: Operator COND expects 32 or 5 bits on the Conditional False, but Conditional False's CONST '3'h0' generates 3 bits.
                                                                                                                                          : ... note: In instance 'TestDriver.testHarness.chiptop0.system.tile_prci_domain.element_reset_domain_rockettile.frontend.btb'
%Warning-WIDTHEXPAND: /work/chipyard/sims/verilator/generated-src/chipyard.harness.TestHarness.RocketConfig/gen-collateral/BTB.sv:987:1165: Operator COND expects 32 or 5 bits on the Conditional True, but Conditional True's VARREF 'tgtPages_22' generates 3 bits.
                                                                                                                                          : ... note: In instance 'TestDriver.testHarness.chiptop0.system.tile_prci_domain.element_reset_domain_rockettile.frontend.btb'
%Warning-WIDTHEXPAND: /work/chipyard/sims/verilator/generated-src/chipyard.harness.TestHarness.RocketConfig/gen-collateral/BTB.sv:987:1165: Operator COND expects 32 or 5 bits on the Conditional False, but Conditional False's CONST '3'h0' generates 3 bits.
                                                                                                                                          : ... note: In instance 'TestDriver.testHarness.chiptop0.system.tile_prci_domain.element_reset_domain_rockettile.frontend.btb'
%Warning-WIDTHEXPAND: /work/chipyard/sims/verilator/generated-src/chipyard.harness.TestHarness.RocketConfig/gen-collateral/BTB.sv:987:1217: Operator COND expects 32 or 5 bits on the Conditional True, but Conditional True's VARREF 'tgtPages_23' generates 3 bits.
                                                                                                                                          : ... note: In instance 'TestDriver.testHarness.chiptop0.system.tile_prci_domain.element_reset_domain_rockettile.frontend.btb'
%Warning-WIDTHEXPAND: /work/chipyard/sims/verilator/generated-src/chipyard.harness.TestHarness.RocketConfig/gen-collateral/BTB.sv:987:1217: Operator COND expects 32 or 5 bits on the Conditional False, but Conditional False's CONST '3'h0' generates 3 bits.
                                                                                                                                          : ... note: In instance 'TestDriver.testHarness.chiptop0.system.tile_prci_domain.element_reset_domain_rockettile.frontend.btb'
%Warning-WIDTHEXPAND: /work/chipyard/sims/verilator/generated-src/chipyard.harness.TestHarness.RocketConfig/gen-collateral/BTB.sv:987:1269: Operator COND expects 32 or 5 bits on the Conditional True, but Conditional True's VARREF 'tgtPages_24' generates 3 bits.
                                                                                                                                          : ... note: In instance 'TestDriver.testHarness.chiptop0.system.tile_prci_domain.element_reset_domain_rockettile.frontend.btb'
%Warning-WIDTHEXPAND: /work/chipyard/sims/verilator/generated-src/chipyard.harness.TestHarness.RocketConfig/gen-collateral/BTB.sv:987:1269: Operator COND expects 32 or 5 bits on the Conditional False, but Conditional False's CONST '3'h0' generates 3 bits.
                                                                                                                                          : ... note: In instance 'TestDriver.testHarness.chiptop0.system.tile_prci_domain.element_reset_domain_rockettile.frontend.btb'
%Warning-WIDTHEXPAND: /work/chipyard/sims/verilator/generated-src/chipyard.harness.TestHarness.RocketConfig/gen-collateral/BTB.sv:987:1321: Operator COND expects 32 or 5 bits on the Conditional True, but Conditional True's VARREF 'tgtPages_25' generates 3 bits.
                                                                                                                                          : ... note: In instance 'TestDriver.testHarness.chiptop0.system.tile_prci_domain.element_reset_domain_rockettile.frontend.btb'
%Warning-WIDTHEXPAND: /work/chipyard/sims/verilator/generated-src/chipyard.harness.TestHarness.RocketConfig/gen-collateral/BTB.sv:987:1321: Operator COND expects 32 or 5 bits on the Conditional False, but Conditional False's CONST '3'h0' generates 3 bits.
                                                                                                                                          : ... note: In instance 'TestDriver.testHarness.chiptop0.system.tile_prci_domain.element_reset_domain_rockettile.frontend.btb'
%Warning-WIDTHEXPAND: /work/chipyard/sims/verilator/generated-src/chipyard.harness.TestHarness.RocketConfig/gen-collateral/BTB.sv:987:1373: Operator COND expects 32 or 5 bits on the Conditional True, but Conditional True's VARREF 'tgtPages_26' generates 3 bits.
                                                                                                                                          : ... note: In instance 'TestDriver.testHarness.chiptop0.system.tile_prci_domain.element_reset_domain_rockettile.frontend.btb'
%Warning-WIDTHEXPAND: /work/chipyard/sims/verilator/generated-src/chipyard.harness.TestHarness.RocketConfig/gen-collateral/BTB.sv:987:1373: Operator COND expects 32 or 5 bits on the Conditional False, but Conditional False's CONST '3'h0' generates 3 bits.
                                                                                                                                          : ... note: In instance 'TestDriver.testHarness.chiptop0.system.tile_prci_domain.element_reset_domain_rockettile.frontend.btb'
%Warning-WIDTHEXPAND: /work/chipyard/sims/verilator/generated-src/chipyard.harness.TestHarness.RocketConfig/gen-collateral/BTB.sv:987:1425: Operator COND expects 32 or 5 bits on the Conditional True, but Conditional True's VARREF 'tgtPages_27' generates 3 bits.
                                                                                                                                          : ... note: In instance 'TestDriver.testHarness.chiptop0.system.tile_prci_domain.element_reset_domain_rockettile.frontend.btb'
%Warning-WIDTHEXPAND: /work/chipyard/sims/verilator/generated-src/chipyard.harness.TestHarness.RocketConfig/gen-collateral/BTB.sv:987:1425: Operator COND expects 32 or 5 bits on the Conditional False, but Conditional False's CONST '3'h0' generates 3 bits.
                                                                                                                                          : ... note: In instance 'TestDriver.testHarness.chiptop0.system.tile_prci_domain.element_reset_domain_rockettile.frontend.btb'
%Warning-WIDTHEXPAND: /work/chipyard/sims/verilator/generated-src/chipyard.harness.TestHarness.RocketConfig/gen-collateral/AsyncQueueSink_Phit.sv:127:27: Operator XOR expects 32 or 6 bits on the LHS, but LHS's VARREF '_index_T' generates 3 bits.
                                                                                                                                                        : ... note: In instance 'TestDriver.testHarness.chiptop0.system.serial_tl_domain.phy.in_phits_in_async_4.sink'
  127 |     .io_d  (_GEN[_index_T ^ {ridx_incremented[3], 2'h0}]),  
      |                           ^
%Warning-WIDTHEXPAND: /work/chipyard/sims/verilator/generated-src/chipyard.harness.TestHarness.RocketConfig/gen-collateral/AsyncQueueSink_Phit.sv:127:27: Operator XOR expects 32 or 6 bits on the RHS, but RHS's REPLICATE generates 3 bits.
                                                                                                                                                        : ... note: In instance 'TestDriver.testHarness.chiptop0.system.serial_tl_domain.phy.in_phits_in_async_4.sink'
  127 |     .io_d  (_GEN[_index_T ^ {ridx_incremented[3], 2'h0}]),  
      |                           ^
%Warning-WIDTHEXPAND: /work/chipyard/sims/verilator/generated-src/chipyard.harness.TestHarness.RocketConfig/gen-collateral/TLWidthWidget1.sv:241:56: Operator COND expects 32 or 4 bits on the Conditional True, but Conditional True's VARREF 'repeat_sel_sel_sources_0' generates 3 bits.
                                                                                                                                                   : ... note: In instance 'TestDriver.testHarness.chiptop0.system.fbus.coupler_from_debug_sb.widget'
  241 |   assign auto_anon_in_d_bits_data = _GEN[(repeat_first ? repeat_sel_sel_sources_0 : repeat_sel_hold_r) & _repeat_limit_T[2:0] | repeat_count];  
      |                                                        ^
%Warning-WIDTHEXPAND: /work/chipyard/sims/verilator/generated-src/chipyard.harness.TestHarness.RocketConfig/gen-collateral/TLWidthWidget1.sv:241:56: Operator COND expects 32 or 4 bits on the Conditional False, but Conditional False's VARREF 'repeat_sel_hold_r' generates 3 bits.
                                                                                                                                                   : ... note: In instance 'TestDriver.testHarness.chiptop0.system.fbus.coupler_from_debug_sb.widget'
  241 |   assign auto_anon_in_d_bits_data = _GEN[(repeat_first ? repeat_sel_sel_sources_0 : repeat_sel_hold_r) & _repeat_limit_T[2:0] | repeat_count];  
      |                                                        ^
%Warning-WIDTHEXPAND: /work/chipyard/sims/verilator/generated-src/chipyard.harness.TestHarness.RocketConfig/gen-collateral/TLWidthWidget1.sv:241:104: Operator AND expects 32 or 4 bits on the RHS, but RHS's SEL generates 3 bits.
                                                                                                                                                    : ... note: In instance 'TestDriver.testHarness.chiptop0.system.fbus.coupler_from_debug_sb.widget'
  241 |   assign auto_anon_in_d_bits_data = _GEN[(repeat_first ? repeat_sel_sel_sources_0 : repeat_sel_hold_r) & _repeat_limit_T[2:0] | repeat_count];  
      |                                                                                                        ^
%Warning-WIDTHEXPAND: /work/chipyard/sims/verilator/generated-src/chipyard.harness.TestHarness.RocketConfig/gen-collateral/TLWidthWidget1.sv:241:127: Operator OR expects 32 or 4 bits on the RHS, but RHS's VARREF 'repeat_count' generates 3 bits.
                                                                                                                                                    : ... note: In instance 'TestDriver.testHarness.chiptop0.system.fbus.coupler_from_debug_sb.widget'
  241 |   assign auto_anon_in_d_bits_data = _GEN[(repeat_first ? repeat_sel_sel_sources_0 : repeat_sel_hold_r) & _repeat_limit_T[2:0] | repeat_count];  
      |                                                                                                                               ^
%Warning-WIDTHEXPAND: /work/chipyard/sims/verilator/generated-src/chipyard.harness.TestHarness.RocketConfig/gen-collateral/Rocket.sv:1244:43: Operator COND expects 32 or 7 bits on the Conditional True, but Conditional True's CONST '2'h3' generates 2 bits.
                                                                                                                                            : ... note: In instance 'TestDriver.testHarness.chiptop0.system.tile_prci_domain.element_reset_domain_rockettile.core'
 1244 |       mem_reg_rs2 <= _GEN_15[ex_ctrl_rocc ? 2'h3 : ex_reg_mem_size];  
      |                                           ^
%Warning-WIDTHEXPAND: /work/chipyard/sims/verilator/generated-src/chipyard.harness.TestHarness.RocketConfig/gen-collateral/Rocket.sv:1244:43: Operator COND expects 32 or 7 bits on the Conditional False, but Conditional False's VARREF 'ex_reg_mem_size' generates 2 bits.
                                                                                                                                            : ... note: In instance 'TestDriver.testHarness.chiptop0.system.tile_prci_domain.element_reset_domain_rockettile.core'
 1244 |       mem_reg_rs2 <= _GEN_15[ex_ctrl_rocc ? 2'h3 : ex_reg_mem_size];  
      |                                           ^
%Warning-WIDTHTRUNC: /work/chipyard/sims/verilator/generated-src/chipyard.harness.TestHarness.RocketConfig/gen-collateral/ram_2x116.sv:26:24: Bit extraction of var[127:0] requires 7 bit index, not 8 bits.
                                                                                                                                            : ... note: In instance 'TestDriver.testHarness.ram.buffer.nodeOut_a_q.ram_ext'
   26 |             _RANDOM_MEM[j +: 32] = $random;  
      |                        ^
%Warning-WIDTHEXPAND: /work/chipyard/sims/verilator/generated-src/chipyard.harness.TestHarness.RocketConfig/gen-collateral/SimDRAM.v:163:19: Operator FUNCREF 'memory_init' expects 64 bits on the Function Argument, but Function Argument's VARREF 'MEM_BASE' generates 40 bits.
                                                                                                                                           : ... note: In instance 'TestDriver.testHarness.simdram'
  163 |         channel = memory_init(CHIP_ID, MEM_SIZE, WORD_SIZE, LINE_SIZE, ID_BITS, CLOCK_HZ, MEM_BASE);
      |                   ^~~~~~~~~~~
%Warning-LATCH: /work/chipyard/sims/verilator/generated-src/chipyard.harness.TestHarness.RocketConfig/gen-collateral/EICG_wrapper.v:12:3: Latch inferred for signal 'TestDriver.testHarness.chiptop0.gated_clock_debug_clock_gate.en_latched' (not all control paths of combinational always assign a value)
                                                                                                                                        : ... Suggest use of always_latch for intentional latches
   12 |   always @(*) begin
      |   ^~~~~~
touch /work/chipyard/sims/verilator/generated-src/chipyard.harness.TestHarness.RocketConfig/chipyard.harness.TestHarness.RocketConfig/VTestDriver.mk
make VM_PARALLEL_BUILDS=1 -C /work/chipyard/sims/verilator/generated-src/chipyard.harness.TestHarness.RocketConfig/chipyard.harness.TestHarness.RocketConfig -f VTestDriver.mk
make[1]: Entering directory '/work/chipyard/sims/verilator/generated-src/chipyard.harness.TestHarness.RocketConfig/chipyard.harness.TestHarness.RocketConfig'
g++  -I.  -MMD -I/usr/share/verilator/include -I/usr/share/verilator/include/vltstd -DVM_COVERAGE=0 -DVM_SC=0 -DVM_TRACE=0 -DVM_TRACE_FST=0 -DVM_TRACE_VCD=0 -faligned-new -fcf-protection=none -Wno-bool-operation -Wno-overloaded-virtual -Wno-shadow -Wno-sign-compare -Wno-uninitialized -Wno-unused-but-set-parameter -Wno-unused-but-set-variable -Wno-unused-parameter -Wno-unused-variable     -O3 -std=c++17 -I/work/riscv/include -I/work/chipyard/tools/DRAMSim2 -I/work/chipyard/sims/verilator/generated-src/chipyard.harness.TestHarness.RocketConfig/gen-collateral   -DVERILATOR -DVL_TIME_CONTEXT   -fcoroutines -Os -c -o SimDRAM.o /work/chipyard/sims/verilator/generated-src/chipyard.harness.TestHarness.RocketConfig/gen-collateral/SimDRAM.cc
g++  -I.  -MMD -I/usr/share/verilator/include -I/usr/share/verilator/include/vltstd -DVM_COVERAGE=0 -DVM_SC=0 -DVM_TRACE=0 -DVM_TRACE_FST=0 -DVM_TRACE_VCD=0 -faligned-new -fcf-protection=none -Wno-bool-operation -Wno-overloaded-virtual -Wno-shadow -Wno-sign-compare -Wno-uninitialized -Wno-unused-but-set-parameter -Wno-unused-but-set-variable -Wno-unused-parameter -Wno-unused-variable     -O3 -std=c++17 -I/work/riscv/include -I/work/chipyard/tools/DRAMSim2 -I/work/chipyard/sims/verilator/generated-src/chipyard.harness.TestHarness.RocketConfig/gen-collateral   -DVERILATOR -DVL_TIME_CONTEXT   -fcoroutines -Os -c -o SimJTAG.o /work/chipyard/sims/verilator/generated-src/chipyard.harness.TestHarness.RocketConfig/gen-collateral/SimJTAG.cc
g++  -I.  -MMD -I/usr/share/verilator/include -I/usr/share/verilator/include/vltstd -DVM_COVERAGE=0 -DVM_SC=0 -DVM_TRACE=0 -DVM_TRACE_FST=0 -DVM_TRACE_VCD=0 -faligned-new -fcf-protection=none -Wno-bool-operation -Wno-overloaded-virtual -Wno-shadow -Wno-sign-compare -Wno-uninitialized -Wno-unused-but-set-parameter -Wno-unused-but-set-variable -Wno-unused-parameter -Wno-unused-variable     -O3 -std=c++17 -I/work/riscv/include -I/work/chipyard/tools/DRAMSim2 -I/work/chipyard/sims/verilator/generated-src/chipyard.harness.TestHarness.RocketConfig/gen-collateral   -DVERILATOR -DVL_TIME_CONTEXT   -fcoroutines -Os -c -o SimTSI.o /work/chipyard/sims/verilator/generated-src/chipyard.harness.TestHarness.RocketConfig/gen-collateral/SimTSI.cc
g++  -I.  -MMD -I/usr/share/verilator/include -I/usr/share/verilator/include/vltstd -DVM_COVERAGE=0 -DVM_SC=0 -DVM_TRACE=0 -DVM_TRACE_FST=0 -DVM_TRACE_VCD=0 -faligned-new -fcf-protection=none -Wno-bool-operation -Wno-overloaded-virtual -Wno-shadow -Wno-sign-compare -Wno-uninitialized -Wno-unused-but-set-parameter -Wno-unused-but-set-variable -Wno-unused-parameter -Wno-unused-variable     -O3 -std=c++17 -I/work/riscv/include -I/work/chipyard/tools/DRAMSim2 -I/work/chipyard/sims/verilator/generated-src/chipyard.harness.TestHarness.RocketConfig/gen-collateral   -DVERILATOR -DVL_TIME_CONTEXT   -fcoroutines -Os -c -o SimUART.o /work/chipyard/sims/verilator/generated-src/chipyard.harness.TestHarness.RocketConfig/gen-collateral/SimUART.cc
g++  -I.  -MMD -I/usr/share/verilator/include -I/usr/share/verilator/include/vltstd -DVM_COVERAGE=0 -DVM_SC=0 -DVM_TRACE=0 -DVM_TRACE_FST=0 -DVM_TRACE_VCD=0 -faligned-new -fcf-protection=none -Wno-bool-operation -Wno-overloaded-virtual -Wno-shadow -Wno-sign-compare -Wno-uninitialized -Wno-unused-but-set-parameter -Wno-unused-but-set-variable -Wno-unused-parameter -Wno-unused-variable     -O3 -std=c++17 -I/work/riscv/include -I/work/chipyard/tools/DRAMSim2 -I/work/chipyard/sims/verilator/generated-src/chipyard.harness.TestHarness.RocketConfig/gen-collateral   -DVERILATOR -DVL_TIME_CONTEXT   -fcoroutines -Os -c -o mm.o /work/chipyard/sims/verilator/generated-src/chipyard.harness.TestHarness.RocketConfig/gen-collateral/mm.cc
g++  -I.  -MMD -I/usr/share/verilator/include -I/usr/share/verilator/include/vltstd -DVM_COVERAGE=0 -DVM_SC=0 -DVM_TRACE=0 -DVM_TRACE_FST=0 -DVM_TRACE_VCD=0 -faligned-new -fcf-protection=none -Wno-bool-operation -Wno-overloaded-virtual -Wno-shadow -Wno-sign-compare -Wno-uninitialized -Wno-unused-but-set-parameter -Wno-unused-but-set-variable -Wno-unused-parameter -Wno-unused-variable     -O3 -std=c++17 -I/work/riscv/include -I/work/chipyard/tools/DRAMSim2 -I/work/chipyard/sims/verilator/generated-src/chipyard.harness.TestHarness.RocketConfig/gen-collateral   -DVERILATOR -DVL_TIME_CONTEXT   -fcoroutines -Os -c -o mm_dramsim2.o /work/chipyard/sims/verilator/generated-src/chipyard.harness.TestHarness.RocketConfig/gen-collateral/mm_dramsim2.cc
g++  -I.  -MMD -I/usr/share/verilator/include -I/usr/share/verilator/include/vltstd -DVM_COVERAGE=0 -DVM_SC=0 -DVM_TRACE=0 -DVM_TRACE_FST=0 -DVM_TRACE_VCD=0 -faligned-new -fcf-protection=none -Wno-bool-operation -Wno-overloaded-virtual -Wno-shadow -Wno-sign-compare -Wno-uninitialized -Wno-unused-but-set-parameter -Wno-unused-but-set-variable -Wno-unused-parameter -Wno-unused-variable     -O3 -std=c++17 -I/work/riscv/include -I/work/chipyard/tools/DRAMSim2 -I/work/chipyard/sims/verilator/generated-src/chipyard.harness.TestHarness.RocketConfig/gen-collateral   -DVERILATOR -DVL_TIME_CONTEXT   -fcoroutines -Os -c -o remote_bitbang.o /work/chipyard/sims/verilator/generated-src/chipyard.harness.TestHarness.RocketConfig/gen-collateral/remote_bitbang.cc
g++  -I.  -MMD -I/usr/share/verilator/include -I/usr/share/verilator/include/vltstd -DVM_COVERAGE=0 -DVM_SC=0 -DVM_TRACE=0 -DVM_TRACE_FST=0 -DVM_TRACE_VCD=0 -faligned-new -fcf-protection=none -Wno-bool-operation -Wno-overloaded-virtual -Wno-shadow -Wno-sign-compare -Wno-uninitialized -Wno-unused-but-set-parameter -Wno-unused-but-set-variable -Wno-unused-parameter -Wno-unused-variable     -O3 -std=c++17 -I/work/riscv/include -I/work/chipyard/tools/DRAMSim2 -I/work/chipyard/sims/verilator/generated-src/chipyard.harness.TestHarness.RocketConfig/gen-collateral   -DVERILATOR -DVL_TIME_CONTEXT   -fcoroutines -Os -c -o testchip_htif.o /work/chipyard/sims/verilator/generated-src/chipyard.harness.TestHarness.RocketConfig/gen-collateral/testchip_htif.cc
g++  -I.  -MMD -I/usr/share/verilator/include -I/usr/share/verilator/include/vltstd -DVM_COVERAGE=0 -DVM_SC=0 -DVM_TRACE=0 -DVM_TRACE_FST=0 -DVM_TRACE_VCD=0 -faligned-new -fcf-protection=none -Wno-bool-operation -Wno-overloaded-virtual -Wno-shadow -Wno-sign-compare -Wno-uninitialized -Wno-unused-but-set-parameter -Wno-unused-but-set-variable -Wno-unused-parameter -Wno-unused-variable     -O3 -std=c++17 -I/work/riscv/include -I/work/chipyard/tools/DRAMSim2 -I/work/chipyard/sims/verilator/generated-src/chipyard.harness.TestHarness.RocketConfig/gen-collateral   -DVERILATOR -DVL_TIME_CONTEXT   -fcoroutines -Os -c -o testchip_tsi.o /work/chipyard/sims/verilator/generated-src/chipyard.harness.TestHarness.RocketConfig/gen-collateral/testchip_tsi.cc
g++  -I.  -MMD -I/usr/share/verilator/include -I/usr/share/verilator/include/vltstd -DVM_COVERAGE=0 -DVM_SC=0 -DVM_TRACE=0 -DVM_TRACE_FST=0 -DVM_TRACE_VCD=0 -faligned-new -fcf-protection=none -Wno-bool-operation -Wno-overloaded-virtual -Wno-shadow -Wno-sign-compare -Wno-uninitialized -Wno-unused-but-set-parameter -Wno-unused-but-set-variable -Wno-unused-parameter -Wno-unused-variable     -O3 -std=c++17 -I/work/riscv/include -I/work/chipyard/tools/DRAMSim2 -I/work/chipyard/sims/verilator/generated-src/chipyard.harness.TestHarness.RocketConfig/gen-collateral   -DVERILATOR -DVL_TIME_CONTEXT   -fcoroutines -Os -c -o uart.o /work/chipyard/sims/verilator/generated-src/chipyard.harness.TestHarness.RocketConfig/gen-collateral/uart.cc
/work/chipyard/sims/verilator/generated-src/chipyard.harness.TestHarness.RocketConfig/gen-collateral/uart.cc:7: warning: "_XOPEN_SOURCE" redefined
    7 | #define _XOPEN_SOURCE
      | 
In file included from /usr/include/signal.h:25,
                 from /work/chipyard/sims/verilator/generated-src/chipyard.harness.TestHarness.RocketConfig/gen-collateral/uart.h:4,
                 from /work/chipyard/sims/verilator/generated-src/chipyard.harness.TestHarness.RocketConfig/gen-collateral/uart.cc:3:
/usr/include/features.h:216: note: this is the location of the previous definition
  216 | # define _XOPEN_SOURCE  700
      | 
/work/chipyard/sims/verilator/generated-src/chipyard.harness.TestHarness.RocketConfig/gen-collateral/SimDRAM.cc: In function ‘void* memory_init(int, long long int, long long int, long long int, long long int, long long int, long long int)’:
/work/chipyard/sims/verilator/generated-src/chipyard.harness.TestHarness.RocketConfig/gen-collateral/SimDRAM.cc:81:52: warning: narrowing conversion of ‘mem_size’ from ‘long long int’ to ‘size_t’ {aka ‘long unsigned int’} [-Wnarrowing]
   81 |       backing_mem_data[chip_id][mem_base] = {data, mem_size};
      |                                                    ^~~~~~~~
g++ -Os  -I.  -MMD -I/usr/share/verilator/include -I/usr/share/verilator/include/vltstd -DVM_COVERAGE=0 -DVM_SC=0 -DVM_TRACE=0 -DVM_TRACE_FST=0 -DVM_TRACE_VCD=0 -faligned-new -fcf-protection=none -Wno-bool-operation -Wno-overloaded-virtual -Wno-shadow -Wno-sign-compare -Wno-uninitialized -Wno-unused-but-set-parameter -Wno-unused-but-set-variable -Wno-unused-parameter -Wno-unused-variable     -O3 -std=c++17 -I/work/riscv/include -I/work/chipyard/tools/DRAMSim2 -I/work/chipyard/sims/verilator/generated-src/chipyard.harness.TestHarness.RocketConfig/gen-collateral   -DVERILATOR -DVL_TIME_CONTEXT   -fcoroutines -c -o verilated.o /usr/share/verilator/include/verilated.cpp
g++ -Os  -I.  -MMD -I/usr/share/verilator/include -I/usr/share/verilator/include/vltstd -DVM_COVERAGE=0 -DVM_SC=0 -DVM_TRACE=0 -DVM_TRACE_FST=0 -DVM_TRACE_VCD=0 -faligned-new -fcf-protection=none -Wno-bool-operation -Wno-overloaded-virtual -Wno-shadow -Wno-sign-compare -Wno-uninitialized -Wno-unused-but-set-parameter -Wno-unused-but-set-variable -Wno-unused-parameter -Wno-unused-variable     -O3 -std=c++17 -I/work/riscv/include -I/work/chipyard/tools/DRAMSim2 -I/work/chipyard/sims/verilator/generated-src/chipyard.harness.TestHarness.RocketConfig/gen-collateral   -DVERILATOR -DVL_TIME_CONTEXT   -fcoroutines -c -o verilated_dpi.o /usr/share/verilator/include/verilated_dpi.cpp
g++ -Os  -I.  -MMD -I/usr/share/verilator/include -I/usr/share/verilator/include/vltstd -DVM_COVERAGE=0 -DVM_SC=0 -DVM_TRACE=0 -DVM_TRACE_FST=0 -DVM_TRACE_VCD=0 -faligned-new -fcf-protection=none -Wno-bool-operation -Wno-overloaded-virtual -Wno-shadow -Wno-sign-compare -Wno-uninitialized -Wno-unused-but-set-parameter -Wno-unused-but-set-variable -Wno-unused-parameter -Wno-unused-variable     -O3 -std=c++17 -I/work/riscv/include -I/work/chipyard/tools/DRAMSim2 -I/work/chipyard/sims/verilator/generated-src/chipyard.harness.TestHarness.RocketConfig/gen-collateral   -DVERILATOR -DVL_TIME_CONTEXT   -fcoroutines -c -o verilated_vpi.o /usr/share/verilator/include/verilated_vpi.cpp
g++ -Os  -I.  -MMD -I/usr/share/verilator/include -I/usr/share/verilator/include/vltstd -DVM_COVERAGE=0 -DVM_SC=0 -DVM_TRACE=0 -DVM_TRACE_FST=0 -DVM_TRACE_VCD=0 -faligned-new -fcf-protection=none -Wno-bool-operation -Wno-overloaded-virtual -Wno-shadow -Wno-sign-compare -Wno-uninitialized -Wno-unused-but-set-parameter -Wno-unused-but-set-variable -Wno-unused-parameter -Wno-unused-variable     -O3 -std=c++17 -I/work/riscv/include -I/work/chipyard/tools/DRAMSim2 -I/work/chipyard/sims/verilator/generated-src/chipyard.harness.TestHarness.RocketConfig/gen-collateral   -DVERILATOR -DVL_TIME_CONTEXT   -fcoroutines -c -o verilated_timing.o /usr/share/verilator/include/verilated_timing.cpp
g++ -Os  -I.  -MMD -I/usr/share/verilator/include -I/usr/share/verilator/include/vltstd -DVM_COVERAGE=0 -DVM_SC=0 -DVM_TRACE=0 -DVM_TRACE_FST=0 -DVM_TRACE_VCD=0 -faligned-new -fcf-protection=none -Wno-bool-operation -Wno-overloaded-virtual -Wno-shadow -Wno-sign-compare -Wno-uninitialized -Wno-unused-but-set-parameter -Wno-unused-but-set-variable -Wno-unused-parameter -Wno-unused-variable     -O3 -std=c++17 -I/work/riscv/include -I/work/chipyard/tools/DRAMSim2 -I/work/chipyard/sims/verilator/generated-src/chipyard.harness.TestHarness.RocketConfig/gen-collateral   -DVERILATOR -DVL_TIME_CONTEXT   -fcoroutines -c -o verilated_threads.o /usr/share/verilator/include/verilated_threads.cpp
g++ -Os  -I.  -MMD -I/usr/share/verilator/include -I/usr/share/verilator/include/vltstd -DVM_COVERAGE=0 -DVM_SC=0 -DVM_TRACE=0 -DVM_TRACE_FST=0 -DVM_TRACE_VCD=0 -faligned-new -fcf-protection=none -Wno-bool-operation -Wno-overloaded-virtual -Wno-shadow -Wno-sign-compare -Wno-uninitialized -Wno-unused-but-set-parameter -Wno-unused-but-set-variable -Wno-unused-parameter -Wno-unused-variable     -O3 -std=c++17 -I/work/riscv/include -I/work/chipyard/tools/DRAMSim2 -I/work/chipyard/sims/verilator/generated-src/chipyard.harness.TestHarness.RocketConfig/gen-collateral   -DVERILATOR -DVL_TIME_CONTEXT   -fcoroutines -x c++-header VTestDriver__pch.h -o VTestDriver__pch.h.fast.gch
g++   -I.  -MMD -I/usr/share/verilator/include -I/usr/share/verilator/include/vltstd -DVM_COVERAGE=0 -DVM_SC=0 -DVM_TRACE=0 -DVM_TRACE_FST=0 -DVM_TRACE_VCD=0 -faligned-new -fcf-protection=none -Wno-bool-operation -Wno-overloaded-virtual -Wno-shadow -Wno-sign-compare -Wno-uninitialized -Wno-unused-but-set-parameter -Wno-unused-but-set-variable -Wno-unused-parameter -Wno-unused-variable     -O3 -std=c++17 -I/work/riscv/include -I/work/chipyard/tools/DRAMSim2 -I/work/chipyard/sims/verilator/generated-src/chipyard.harness.TestHarness.RocketConfig/gen-collateral   -DVERILATOR -DVL_TIME_CONTEXT   -fcoroutines -x c++-header VTestDriver__pch.h -o VTestDriver__pch.h.slow.gch
echo "" > VTestDriver__ALL.verilator_deplist.tmp
g++ -Os  -I.  -MMD -I/usr/share/verilator/include -I/usr/share/verilator/include/vltstd -DVM_COVERAGE=0 -DVM_SC=0 -DVM_TRACE=0 -DVM_TRACE_FST=0 -DVM_TRACE_VCD=0 -faligned-new -fcf-protection=none -Wno-bool-operation -Wno-overloaded-virtual -Wno-shadow -Wno-sign-compare -Wno-uninitialized -Wno-unused-but-set-parameter -Wno-unused-but-set-variable -Wno-unused-parameter -Wno-unused-variable     -O3 -std=c++17 -I/work/riscv/include -I/work/chipyard/tools/DRAMSim2 -I/work/chipyard/sims/verilator/generated-src/chipyard.harness.TestHarness.RocketConfig/gen-collateral   -DVERILATOR -DVL_TIME_CONTEXT   -fcoroutines -include VTestDriver__pch.h.fast -c -o VTestDriver.o VTestDriver.cpp
g++ -Os  -I.  -MMD -I/usr/share/verilator/include -I/usr/share/verilator/include/vltstd -DVM_COVERAGE=0 -DVM_SC=0 -DVM_TRACE=0 -DVM_TRACE_FST=0 -DVM_TRACE_VCD=0 -faligned-new -fcf-protection=none -Wno-bool-operation -Wno-overloaded-virtual -Wno-shadow -Wno-sign-compare -Wno-uninitialized -Wno-unused-but-set-parameter -Wno-unused-but-set-variable -Wno-unused-parameter -Wno-unused-variable     -O3 -std=c++17 -I/work/riscv/include -I/work/chipyard/tools/DRAMSim2 -I/work/chipyard/sims/verilator/generated-src/chipyard.harness.TestHarness.RocketConfig/gen-collateral   -DVERILATOR -DVL_TIME_CONTEXT   -fcoroutines -include VTestDriver__pch.h.fast -c -o VTestDriver___024root__DepSet_h662e1026__0.o VTestDriver___024root__DepSet_h662e1026__0.cpp
g++ -Os  -I.  -MMD -I/usr/share/verilator/include -I/usr/share/verilator/include/vltstd -DVM_COVERAGE=0 -DVM_SC=0 -DVM_TRACE=0 -DVM_TRACE_FST=0 -DVM_TRACE_VCD=0 -faligned-new -fcf-protection=none -Wno-bool-operation -Wno-overloaded-virtual -Wno-shadow -Wno-sign-compare -Wno-uninitialized -Wno-unused-but-set-parameter -Wno-unused-but-set-variable -Wno-unused-parameter -Wno-unused-variable     -O3 -std=c++17 -I/work/riscv/include -I/work/chipyard/tools/DRAMSim2 -I/work/chipyard/sims/verilator/generated-src/chipyard.harness.TestHarness.RocketConfig/gen-collateral   -DVERILATOR -DVL_TIME_CONTEXT   -fcoroutines -include VTestDriver__pch.h.fast -c -o VTestDriver___024root__DepSet_h662e1026__1.o VTestDriver___024root__DepSet_h662e1026__1.cpp
g++ -Os  -I.  -MMD -I/usr/share/verilator/include -I/usr/share/verilator/include/vltstd -DVM_COVERAGE=0 -DVM_SC=0 -DVM_TRACE=0 -DVM_TRACE_FST=0 -DVM_TRACE_VCD=0 -faligned-new -fcf-protection=none -Wno-bool-operation -Wno-overloaded-virtual -Wno-shadow -Wno-sign-compare -Wno-uninitialized -Wno-unused-but-set-parameter -Wno-unused-but-set-variable -Wno-unused-parameter -Wno-unused-variable     -O3 -std=c++17 -I/work/riscv/include -I/work/chipyard/tools/DRAMSim2 -I/work/chipyard/sims/verilator/generated-src/chipyard.harness.TestHarness.RocketConfig/gen-collateral   -DVERILATOR -DVL_TIME_CONTEXT   -fcoroutines -include VTestDriver__pch.h.fast -c -o VTestDriver___024root__DepSet_h662e1026__2.o VTestDriver___024root__DepSet_h662e1026__2.cpp
g++ -Os  -I.  -MMD -I/usr/share/verilator/include -I/usr/share/verilator/include/vltstd -DVM_COVERAGE=0 -DVM_SC=0 -DVM_TRACE=0 -DVM_TRACE_FST=0 -DVM_TRACE_VCD=0 -faligned-new -fcf-protection=none -Wno-bool-operation -Wno-overloaded-virtual -Wno-shadow -Wno-sign-compare -Wno-uninitialized -Wno-unused-but-set-parameter -Wno-unused-but-set-variable -Wno-unused-parameter -Wno-unused-variable     -O3 -std=c++17 -I/work/riscv/include -I/work/chipyard/tools/DRAMSim2 -I/work/chipyard/sims/verilator/generated-src/chipyard.harness.TestHarness.RocketConfig/gen-collateral   -DVERILATOR -DVL_TIME_CONTEXT   -fcoroutines -include VTestDriver__pch.h.fast -c -o VTestDriver___024root__DepSet_h662e1026__3.o VTestDriver___024root__DepSet_h662e1026__3.cpp
g++ -Os  -I.  -MMD -I/usr/share/verilator/include -I/usr/share/verilator/include/vltstd -DVM_COVERAGE=0 -DVM_SC=0 -DVM_TRACE=0 -DVM_TRACE_FST=0 -DVM_TRACE_VCD=0 -faligned-new -fcf-protection=none -Wno-bool-operation -Wno-overloaded-virtual -Wno-shadow -Wno-sign-compare -Wno-uninitialized -Wno-unused-but-set-parameter -Wno-unused-but-set-variable -Wno-unused-parameter -Wno-unused-variable     -O3 -std=c++17 -I/work/riscv/include -I/work/chipyard/tools/DRAMSim2 -I/work/chipyard/sims/verilator/generated-src/chipyard.harness.TestHarness.RocketConfig/gen-collateral   -DVERILATOR -DVL_TIME_CONTEXT   -fcoroutines -include VTestDriver__pch.h.fast -c -o VTestDriver___024root__DepSet_h662e1026__4.o VTestDriver___024root__DepSet_h662e1026__4.cpp
g++ -Os  -I.  -MMD -I/usr/share/verilator/include -I/usr/share/verilator/include/vltstd -DVM_COVERAGE=0 -DVM_SC=0 -DVM_TRACE=0 -DVM_TRACE_FST=0 -DVM_TRACE_VCD=0 -faligned-new -fcf-protection=none -Wno-bool-operation -Wno-overloaded-virtual -Wno-shadow -Wno-sign-compare -Wno-uninitialized -Wno-unused-but-set-parameter -Wno-unused-but-set-variable -Wno-unused-parameter -Wno-unused-variable     -O3 -std=c++17 -I/work/riscv/include -I/work/chipyard/tools/DRAMSim2 -I/work/chipyard/sims/verilator/generated-src/chipyard.harness.TestHarness.RocketConfig/gen-collateral   -DVERILATOR -DVL_TIME_CONTEXT   -fcoroutines -include VTestDriver__pch.h.fast -c -o VTestDriver___024root__DepSet_h662e1026__5.o VTestDriver___024root__DepSet_h662e1026__5.cpp
g++ -Os  -I.  -MMD -I/usr/share/verilator/include -I/usr/share/verilator/include/vltstd -DVM_COVERAGE=0 -DVM_SC=0 -DVM_TRACE=0 -DVM_TRACE_FST=0 -DVM_TRACE_VCD=0 -faligned-new -fcf-protection=none -Wno-bool-operation -Wno-overloaded-virtual -Wno-shadow -Wno-sign-compare -Wno-uninitialized -Wno-unused-but-set-parameter -Wno-unused-but-set-variable -Wno-unused-parameter -Wno-unused-variable     -O3 -std=c++17 -I/work/riscv/include -I/work/chipyard/tools/DRAMSim2 -I/work/chipyard/sims/verilator/generated-src/chipyard.harness.TestHarness.RocketConfig/gen-collateral   -DVERILATOR -DVL_TIME_CONTEXT   -fcoroutines -include VTestDriver__pch.h.fast -c -o VTestDriver___024root__DepSet_h662e1026__6.o VTestDriver___024root__DepSet_h662e1026__6.cpp
g++ -Os  -I.  -MMD -I/usr/share/verilator/include -I/usr/share/verilator/include/vltstd -DVM_COVERAGE=0 -DVM_SC=0 -DVM_TRACE=0 -DVM_TRACE_FST=0 -DVM_TRACE_VCD=0 -faligned-new -fcf-protection=none -Wno-bool-operation -Wno-overloaded-virtual -Wno-shadow -Wno-sign-compare -Wno-uninitialized -Wno-unused-but-set-parameter -Wno-unused-but-set-variable -Wno-unused-parameter -Wno-unused-variable     -O3 -std=c++17 -I/work/riscv/include -I/work/chipyard/tools/DRAMSim2 -I/work/chipyard/sims/verilator/generated-src/chipyard.harness.TestHarness.RocketConfig/gen-collateral   -DVERILATOR -DVL_TIME_CONTEXT   -fcoroutines -include VTestDriver__pch.h.fast -c -o VTestDriver___024root__DepSet_h662e1026__7.o VTestDriver___024root__DepSet_h662e1026__7.cpp
g++ -Os  -I.  -MMD -I/usr/share/verilator/include -I/usr/share/verilator/include/vltstd -DVM_COVERAGE=0 -DVM_SC=0 -DVM_TRACE=0 -DVM_TRACE_FST=0 -DVM_TRACE_VCD=0 -faligned-new -fcf-protection=none -Wno-bool-operation -Wno-overloaded-virtual -Wno-shadow -Wno-sign-compare -Wno-uninitialized -Wno-unused-but-set-parameter -Wno-unused-but-set-variable -Wno-unused-parameter -Wno-unused-variable     -O3 -std=c++17 -I/work/riscv/include -I/work/chipyard/tools/DRAMSim2 -I/work/chipyard/sims/verilator/generated-src/chipyard.harness.TestHarness.RocketConfig/gen-collateral   -DVERILATOR -DVL_TIME_CONTEXT   -fcoroutines -include VTestDriver__pch.h.fast -c -o VTestDriver___024root__DepSet_h662e1026__8.o VTestDriver___024root__DepSet_h662e1026__8.cpp
g++ -Os  -I.  -MMD -I/usr/share/verilator/include -I/usr/share/verilator/include/vltstd -DVM_COVERAGE=0 -DVM_SC=0 -DVM_TRACE=0 -DVM_TRACE_FST=0 -DVM_TRACE_VCD=0 -faligned-new -fcf-protection=none -Wno-bool-operation -Wno-overloaded-virtual -Wno-shadow -Wno-sign-compare -Wno-uninitialized -Wno-unused-but-set-parameter -Wno-unused-but-set-variable -Wno-unused-parameter -Wno-unused-variable     -O3 -std=c++17 -I/work/riscv/include -I/work/chipyard/tools/DRAMSim2 -I/work/chipyard/sims/verilator/generated-src/chipyard.harness.TestHarness.RocketConfig/gen-collateral   -DVERILATOR -DVL_TIME_CONTEXT   -fcoroutines -include VTestDriver__pch.h.fast -c -o VTestDriver___024root__DepSet_h662e1026__9.o VTestDriver___024root__DepSet_h662e1026__9.cpp
g++ -Os  -I.  -MMD -I/usr/share/verilator/include -I/usr/share/verilator/include/vltstd -DVM_COVERAGE=0 -DVM_SC=0 -DVM_TRACE=0 -DVM_TRACE_FST=0 -DVM_TRACE_VCD=0 -faligned-new -fcf-protection=none -Wno-bool-operation -Wno-overloaded-virtual -Wno-shadow -Wno-sign-compare -Wno-uninitialized -Wno-unused-but-set-parameter -Wno-unused-but-set-variable -Wno-unused-parameter -Wno-unused-variable     -O3 -std=c++17 -I/work/riscv/include -I/work/chipyard/tools/DRAMSim2 -I/work/chipyard/sims/verilator/generated-src/chipyard.harness.TestHarness.RocketConfig/gen-collateral   -DVERILATOR -DVL_TIME_CONTEXT   -fcoroutines -include VTestDriver__pch.h.fast -c -o VTestDriver___024root__DepSet_h662e1026__10.o VTestDriver___024root__DepSet_h662e1026__10.cpp
g++ -Os  -I.  -MMD -I/usr/share/verilator/include -I/usr/share/verilator/include/vltstd -DVM_COVERAGE=0 -DVM_SC=0 -DVM_TRACE=0 -DVM_TRACE_FST=0 -DVM_TRACE_VCD=0 -faligned-new -fcf-protection=none -Wno-bool-operation -Wno-overloaded-virtual -Wno-shadow -Wno-sign-compare -Wno-uninitialized -Wno-unused-but-set-parameter -Wno-unused-but-set-variable -Wno-unused-parameter -Wno-unused-variable     -O3 -std=c++17 -I/work/riscv/include -I/work/chipyard/tools/DRAMSim2 -I/work/chipyard/sims/verilator/generated-src/chipyard.harness.TestHarness.RocketConfig/gen-collateral   -DVERILATOR -DVL_TIME_CONTEXT   -fcoroutines -include VTestDriver__pch.h.fast -c -o VTestDriver___024root__DepSet_h662e1026__11.o VTestDriver___024root__DepSet_h662e1026__11.cpp
g++ -Os  -I.  -MMD -I/usr/share/verilator/include -I/usr/share/verilator/include/vltstd -DVM_COVERAGE=0 -DVM_SC=0 -DVM_TRACE=0 -DVM_TRACE_FST=0 -DVM_TRACE_VCD=0 -faligned-new -fcf-protection=none -Wno-bool-operation -Wno-overloaded-virtual -Wno-shadow -Wno-sign-compare -Wno-uninitialized -Wno-unused-but-set-parameter -Wno-unused-but-set-variable -Wno-unused-parameter -Wno-unused-variable     -O3 -std=c++17 -I/work/riscv/include -I/work/chipyard/tools/DRAMSim2 -I/work/chipyard/sims/verilator/generated-src/chipyard.harness.TestHarness.RocketConfig/gen-collateral   -DVERILATOR -DVL_TIME_CONTEXT   -fcoroutines -include VTestDriver__pch.h.fast -c -o VTestDriver___024root__DepSet_h662e1026__12.o VTestDriver___024root__DepSet_h662e1026__12.cpp
g++ -Os  -I.  -MMD -I/usr/share/verilator/include -I/usr/share/verilator/include/vltstd -DVM_COVERAGE=0 -DVM_SC=0 -DVM_TRACE=0 -DVM_TRACE_FST=0 -DVM_TRACE_VCD=0 -faligned-new -fcf-protection=none -Wno-bool-operation -Wno-overloaded-virtual -Wno-shadow -Wno-sign-compare -Wno-uninitialized -Wno-unused-but-set-parameter -Wno-unused-but-set-variable -Wno-unused-parameter -Wno-unused-variable     -O3 -std=c++17 -I/work/riscv/include -I/work/chipyard/tools/DRAMSim2 -I/work/chipyard/sims/verilator/generated-src/chipyard.harness.TestHarness.RocketConfig/gen-collateral   -DVERILATOR -DVL_TIME_CONTEXT   -fcoroutines -include VTestDriver__pch.h.fast -c -o VTestDriver___024root__DepSet_h662e1026__13.o VTestDriver___024root__DepSet_h662e1026__13.cpp
g++ -Os  -I.  -MMD -I/usr/share/verilator/include -I/usr/share/verilator/include/vltstd -DVM_COVERAGE=0 -DVM_SC=0 -DVM_TRACE=0 -DVM_TRACE_FST=0 -DVM_TRACE_VCD=0 -faligned-new -fcf-protection=none -Wno-bool-operation -Wno-overloaded-virtual -Wno-shadow -Wno-sign-compare -Wno-uninitialized -Wno-unused-but-set-parameter -Wno-unused-but-set-variable -Wno-unused-parameter -Wno-unused-variable     -O3 -std=c++17 -I/work/riscv/include -I/work/chipyard/tools/DRAMSim2 -I/work/chipyard/sims/verilator/generated-src/chipyard.harness.TestHarness.RocketConfig/gen-collateral   -DVERILATOR -DVL_TIME_CONTEXT   -fcoroutines -include VTestDriver__pch.h.fast -c -o VTestDriver___024root__DepSet_h662e1026__14.o VTestDriver___024root__DepSet_h662e1026__14.cpp
g++ -Os  -I.  -MMD -I/usr/share/verilator/include -I/usr/share/verilator/include/vltstd -DVM_COVERAGE=0 -DVM_SC=0 -DVM_TRACE=0 -DVM_TRACE_FST=0 -DVM_TRACE_VCD=0 -faligned-new -fcf-protection=none -Wno-bool-operation -Wno-overloaded-virtual -Wno-shadow -Wno-sign-compare -Wno-uninitialized -Wno-unused-but-set-parameter -Wno-unused-but-set-variable -Wno-unused-parameter -Wno-unused-variable     -O3 -std=c++17 -I/work/riscv/include -I/work/chipyard/tools/DRAMSim2 -I/work/chipyard/sims/verilator/generated-src/chipyard.harness.TestHarness.RocketConfig/gen-collateral   -DVERILATOR -DVL_TIME_CONTEXT   -fcoroutines -include VTestDriver__pch.h.fast -c -o VTestDriver___024root__DepSet_h662e1026__15.o VTestDriver___024root__DepSet_h662e1026__15.cpp
g++ -Os  -I.  -MMD -I/usr/share/verilator/include -I/usr/share/verilator/include/vltstd -DVM_COVERAGE=0 -DVM_SC=0 -DVM_TRACE=0 -DVM_TRACE_FST=0 -DVM_TRACE_VCD=0 -faligned-new -fcf-protection=none -Wno-bool-operation -Wno-overloaded-virtual -Wno-shadow -Wno-sign-compare -Wno-uninitialized -Wno-unused-but-set-parameter -Wno-unused-but-set-variable -Wno-unused-parameter -Wno-unused-variable     -O3 -std=c++17 -I/work/riscv/include -I/work/chipyard/tools/DRAMSim2 -I/work/chipyard/sims/verilator/generated-src/chipyard.harness.TestHarness.RocketConfig/gen-collateral   -DVERILATOR -DVL_TIME_CONTEXT   -fcoroutines -include VTestDriver__pch.h.fast -c -o VTestDriver___024root__DepSet_h662e1026__16.o VTestDriver___024root__DepSet_h662e1026__16.cpp
g++ -Os  -I.  -MMD -I/usr/share/verilator/include -I/usr/share/verilator/include/vltstd -DVM_COVERAGE=0 -DVM_SC=0 -DVM_TRACE=0 -DVM_TRACE_FST=0 -DVM_TRACE_VCD=0 -faligned-new -fcf-protection=none -Wno-bool-operation -Wno-overloaded-virtual -Wno-shadow -Wno-sign-compare -Wno-uninitialized -Wno-unused-but-set-parameter -Wno-unused-but-set-variable -Wno-unused-parameter -Wno-unused-variable     -O3 -std=c++17 -I/work/riscv/include -I/work/chipyard/tools/DRAMSim2 -I/work/chipyard/sims/verilator/generated-src/chipyard.harness.TestHarness.RocketConfig/gen-collateral   -DVERILATOR -DVL_TIME_CONTEXT   -fcoroutines -include VTestDriver__pch.h.fast -c -o VTestDriver___024root__DepSet_h662e1026__17.o VTestDriver___024root__DepSet_h662e1026__17.cpp
g++ -Os  -I.  -MMD -I/usr/share/verilator/include -I/usr/share/verilator/include/vltstd -DVM_COVERAGE=0 -DVM_SC=0 -DVM_TRACE=0 -DVM_TRACE_FST=0 -DVM_TRACE_VCD=0 -faligned-new -fcf-protection=none -Wno-bool-operation -Wno-overloaded-virtual -Wno-shadow -Wno-sign-compare -Wno-uninitialized -Wno-unused-but-set-parameter -Wno-unused-but-set-variable -Wno-unused-parameter -Wno-unused-variable     -O3 -std=c++17 -I/work/riscv/include -I/work/chipyard/tools/DRAMSim2 -I/work/chipyard/sims/verilator/generated-src/chipyard.harness.TestHarness.RocketConfig/gen-collateral   -DVERILATOR -DVL_TIME_CONTEXT   -fcoroutines -include VTestDriver__pch.h.fast -c -o VTestDriver___024root__DepSet_h662e1026__18.o VTestDriver___024root__DepSet_h662e1026__18.cpp
g++ -Os  -I.  -MMD -I/usr/share/verilator/include -I/usr/share/verilator/include/vltstd -DVM_COVERAGE=0 -DVM_SC=0 -DVM_TRACE=0 -DVM_TRACE_FST=0 -DVM_TRACE_VCD=0 -faligned-new -fcf-protection=none -Wno-bool-operation -Wno-overloaded-virtual -Wno-shadow -Wno-sign-compare -Wno-uninitialized -Wno-unused-but-set-parameter -Wno-unused-but-set-variable -Wno-unused-parameter -Wno-unused-variable     -O3 -std=c++17 -I/work/riscv/include -I/work/chipyard/tools/DRAMSim2 -I/work/chipyard/sims/verilator/generated-src/chipyard.harness.TestHarness.RocketConfig/gen-collateral   -DVERILATOR -DVL_TIME_CONTEXT   -fcoroutines -include VTestDriver__pch.h.fast -c -o VTestDriver___024root__DepSet_h662e1026__19.o VTestDriver___024root__DepSet_h662e1026__19.cpp
g++ -Os  -I.  -MMD -I/usr/share/verilator/include -I/usr/share/verilator/include/vltstd -DVM_COVERAGE=0 -DVM_SC=0 -DVM_TRACE=0 -DVM_TRACE_FST=0 -DVM_TRACE_VCD=0 -faligned-new -fcf-protection=none -Wno-bool-operation -Wno-overloaded-virtual -Wno-shadow -Wno-sign-compare -Wno-uninitialized -Wno-unused-but-set-parameter -Wno-unused-but-set-variable -Wno-unused-parameter -Wno-unused-variable     -O3 -std=c++17 -I/work/riscv/include -I/work/chipyard/tools/DRAMSim2 -I/work/chipyard/sims/verilator/generated-src/chipyard.harness.TestHarness.RocketConfig/gen-collateral   -DVERILATOR -DVL_TIME_CONTEXT   -fcoroutines -include VTestDriver__pch.h.fast -c -o VTestDriver___024root__DepSet_h662e1026__20.o VTestDriver___024root__DepSet_h662e1026__20.cpp
g++ -Os  -I.  -MMD -I/usr/share/verilator/include -I/usr/share/verilator/include/vltstd -DVM_COVERAGE=0 -DVM_SC=0 -DVM_TRACE=0 -DVM_TRACE_FST=0 -DVM_TRACE_VCD=0 -faligned-new -fcf-protection=none -Wno-bool-operation -Wno-overloaded-virtual -Wno-shadow -Wno-sign-compare -Wno-uninitialized -Wno-unused-but-set-parameter -Wno-unused-but-set-variable -Wno-unused-parameter -Wno-unused-variable     -O3 -std=c++17 -I/work/riscv/include -I/work/chipyard/tools/DRAMSim2 -I/work/chipyard/sims/verilator/generated-src/chipyard.harness.TestHarness.RocketConfig/gen-collateral   -DVERILATOR -DVL_TIME_CONTEXT   -fcoroutines -include VTestDriver__pch.h.fast -c -o VTestDriver___024root__DepSet_h662e1026__21.o VTestDriver___024root__DepSet_h662e1026__21.cpp
g++ -Os  -I.  -MMD -I/usr/share/verilator/include -I/usr/share/verilator/include/vltstd -DVM_COVERAGE=0 -DVM_SC=0 -DVM_TRACE=0 -DVM_TRACE_FST=0 -DVM_TRACE_VCD=0 -faligned-new -fcf-protection=none -Wno-bool-operation -Wno-overloaded-virtual -Wno-shadow -Wno-sign-compare -Wno-uninitialized -Wno-unused-but-set-parameter -Wno-unused-but-set-variable -Wno-unused-parameter -Wno-unused-variable     -O3 -std=c++17 -I/work/riscv/include -I/work/chipyard/tools/DRAMSim2 -I/work/chipyard/sims/verilator/generated-src/chipyard.harness.TestHarness.RocketConfig/gen-collateral   -DVERILATOR -DVL_TIME_CONTEXT   -fcoroutines -include VTestDriver__pch.h.fast -c -o VTestDriver___024root__DepSet_h662e1026__22.o VTestDriver___024root__DepSet_h662e1026__22.cpp
g++ -Os  -I.  -MMD -I/usr/share/verilator/include -I/usr/share/verilator/include/vltstd -DVM_COVERAGE=0 -DVM_SC=0 -DVM_TRACE=0 -DVM_TRACE_FST=0 -DVM_TRACE_VCD=0 -faligned-new -fcf-protection=none -Wno-bool-operation -Wno-overloaded-virtual -Wno-shadow -Wno-sign-compare -Wno-uninitialized -Wno-unused-but-set-parameter -Wno-unused-but-set-variable -Wno-unused-parameter -Wno-unused-variable     -O3 -std=c++17 -I/work/riscv/include -I/work/chipyard/tools/DRAMSim2 -I/work/chipyard/sims/verilator/generated-src/chipyard.harness.TestHarness.RocketConfig/gen-collateral   -DVERILATOR -DVL_TIME_CONTEXT   -fcoroutines -include VTestDriver__pch.h.fast -c -o VTestDriver___024root__DepSet_h662e1026__23.o VTestDriver___024root__DepSet_h662e1026__23.cpp
g++ -Os  -I.  -MMD -I/usr/share/verilator/include -I/usr/share/verilator/include/vltstd -DVM_COVERAGE=0 -DVM_SC=0 -DVM_TRACE=0 -DVM_TRACE_FST=0 -DVM_TRACE_VCD=0 -faligned-new -fcf-protection=none -Wno-bool-operation -Wno-overloaded-virtual -Wno-shadow -Wno-sign-compare -Wno-uninitialized -Wno-unused-but-set-parameter -Wno-unused-but-set-variable -Wno-unused-parameter -Wno-unused-variable     -O3 -std=c++17 -I/work/riscv/include -I/work/chipyard/tools/DRAMSim2 -I/work/chipyard/sims/verilator/generated-src/chipyard.harness.TestHarness.RocketConfig/gen-collateral   -DVERILATOR -DVL_TIME_CONTEXT   -fcoroutines -include VTestDriver__pch.h.fast -c -o VTestDriver___024root__DepSet_h662e1026__24.o VTestDriver___024root__DepSet_h662e1026__24.cpp
g++ -Os  -I.  -MMD -I/usr/share/verilator/include -I/usr/share/verilator/include/vltstd -DVM_COVERAGE=0 -DVM_SC=0 -DVM_TRACE=0 -DVM_TRACE_FST=0 -DVM_TRACE_VCD=0 -faligned-new -fcf-protection=none -Wno-bool-operation -Wno-overloaded-virtual -Wno-shadow -Wno-sign-compare -Wno-uninitialized -Wno-unused-but-set-parameter -Wno-unused-but-set-variable -Wno-unused-parameter -Wno-unused-variable     -O3 -std=c++17 -I/work/riscv/include -I/work/chipyard/tools/DRAMSim2 -I/work/chipyard/sims/verilator/generated-src/chipyard.harness.TestHarness.RocketConfig/gen-collateral   -DVERILATOR -DVL_TIME_CONTEXT   -fcoroutines -include VTestDriver__pch.h.fast -c -o VTestDriver___024root__DepSet_h662e1026__25.o VTestDriver___024root__DepSet_h662e1026__25.cpp
g++ -Os  -I.  -MMD -I/usr/share/verilator/include -I/usr/share/verilator/include/vltstd -DVM_COVERAGE=0 -DVM_SC=0 -DVM_TRACE=0 -DVM_TRACE_FST=0 -DVM_TRACE_VCD=0 -faligned-new -fcf-protection=none -Wno-bool-operation -Wno-overloaded-virtual -Wno-shadow -Wno-sign-compare -Wno-uninitialized -Wno-unused-but-set-parameter -Wno-unused-but-set-variable -Wno-unused-parameter -Wno-unused-variable     -O3 -std=c++17 -I/work/riscv/include -I/work/chipyard/tools/DRAMSim2 -I/work/chipyard/sims/verilator/generated-src/chipyard.harness.TestHarness.RocketConfig/gen-collateral   -DVERILATOR -DVL_TIME_CONTEXT   -fcoroutines -include VTestDriver__pch.h.fast -c -o VTestDriver___024root__DepSet_h662e1026__26.o VTestDriver___024root__DepSet_h662e1026__26.cpp
g++ -Os  -I.  -MMD -I/usr/share/verilator/include -I/usr/share/verilator/include/vltstd -DVM_COVERAGE=0 -DVM_SC=0 -DVM_TRACE=0 -DVM_TRACE_FST=0 -DVM_TRACE_VCD=0 -faligned-new -fcf-protection=none -Wno-bool-operation -Wno-overloaded-virtual -Wno-shadow -Wno-sign-compare -Wno-uninitialized -Wno-unused-but-set-parameter -Wno-unused-but-set-variable -Wno-unused-parameter -Wno-unused-variable     -O3 -std=c++17 -I/work/riscv/include -I/work/chipyard/tools/DRAMSim2 -I/work/chipyard/sims/verilator/generated-src/chipyard.harness.TestHarness.RocketConfig/gen-collateral   -DVERILATOR -DVL_TIME_CONTEXT   -fcoroutines -include VTestDriver__pch.h.fast -c -o VTestDriver___024root__DepSet_h662e1026__27.o VTestDriver___024root__DepSet_h662e1026__27.cpp
g++ -Os  -I.  -MMD -I/usr/share/verilator/include -I/usr/share/verilator/include/vltstd -DVM_COVERAGE=0 -DVM_SC=0 -DVM_TRACE=0 -DVM_TRACE_FST=0 -DVM_TRACE_VCD=0 -faligned-new -fcf-protection=none -Wno-bool-operation -Wno-overloaded-virtual -Wno-shadow -Wno-sign-compare -Wno-uninitialized -Wno-unused-but-set-parameter -Wno-unused-but-set-variable -Wno-unused-parameter -Wno-unused-variable     -O3 -std=c++17 -I/work/riscv/include -I/work/chipyard/tools/DRAMSim2 -I/work/chipyard/sims/verilator/generated-src/chipyard.harness.TestHarness.RocketConfig/gen-collateral   -DVERILATOR -DVL_TIME_CONTEXT   -fcoroutines -include VTestDriver__pch.h.fast -c -o VTestDriver___024root__DepSet_h662e1026__28.o VTestDriver___024root__DepSet_h662e1026__28.cpp
g++ -Os  -I.  -MMD -I/usr/share/verilator/include -I/usr/share/verilator/include/vltstd -DVM_COVERAGE=0 -DVM_SC=0 -DVM_TRACE=0 -DVM_TRACE_FST=0 -DVM_TRACE_VCD=0 -faligned-new -fcf-protection=none -Wno-bool-operation -Wno-overloaded-virtual -Wno-shadow -Wno-sign-compare -Wno-uninitialized -Wno-unused-but-set-parameter -Wno-unused-but-set-variable -Wno-unused-parameter -Wno-unused-variable     -O3 -std=c++17 -I/work/riscv/include -I/work/chipyard/tools/DRAMSim2 -I/work/chipyard/sims/verilator/generated-src/chipyard.harness.TestHarness.RocketConfig/gen-collateral   -DVERILATOR -DVL_TIME_CONTEXT   -fcoroutines -include VTestDriver__pch.h.fast -c -o VTestDriver___024root__DepSet_h662e1026__29.o VTestDriver___024root__DepSet_h662e1026__29.cpp
g++ -Os  -I.  -MMD -I/usr/share/verilator/include -I/usr/share/verilator/include/vltstd -DVM_COVERAGE=0 -DVM_SC=0 -DVM_TRACE=0 -DVM_TRACE_FST=0 -DVM_TRACE_VCD=0 -faligned-new -fcf-protection=none -Wno-bool-operation -Wno-overloaded-virtual -Wno-shadow -Wno-sign-compare -Wno-uninitialized -Wno-unused-but-set-parameter -Wno-unused-but-set-variable -Wno-unused-parameter -Wno-unused-variable     -O3 -std=c++17 -I/work/riscv/include -I/work/chipyard/tools/DRAMSim2 -I/work/chipyard/sims/verilator/generated-src/chipyard.harness.TestHarness.RocketConfig/gen-collateral   -DVERILATOR -DVL_TIME_CONTEXT   -fcoroutines -include VTestDriver__pch.h.fast -c -o VTestDriver___024root__DepSet_h662e1026__30.o VTestDriver___024root__DepSet_h662e1026__30.cpp
g++ -Os  -I.  -MMD -I/usr/share/verilator/include -I/usr/share/verilator/include/vltstd -DVM_COVERAGE=0 -DVM_SC=0 -DVM_TRACE=0 -DVM_TRACE_FST=0 -DVM_TRACE_VCD=0 -faligned-new -fcf-protection=none -Wno-bool-operation -Wno-overloaded-virtual -Wno-shadow -Wno-sign-compare -Wno-uninitialized -Wno-unused-but-set-parameter -Wno-unused-but-set-variable -Wno-unused-parameter -Wno-unused-variable     -O3 -std=c++17 -I/work/riscv/include -I/work/chipyard/tools/DRAMSim2 -I/work/chipyard/sims/verilator/generated-src/chipyard.harness.TestHarness.RocketConfig/gen-collateral   -DVERILATOR -DVL_TIME_CONTEXT   -fcoroutines -include VTestDriver__pch.h.fast -c -o VTestDriver___024root__DepSet_h662e1026__31.o VTestDriver___024root__DepSet_h662e1026__31.cpp
g++ -Os  -I.  -MMD -I/usr/share/verilator/include -I/usr/share/verilator/include/vltstd -DVM_COVERAGE=0 -DVM_SC=0 -DVM_TRACE=0 -DVM_TRACE_FST=0 -DVM_TRACE_VCD=0 -faligned-new -fcf-protection=none -Wno-bool-operation -Wno-overloaded-virtual -Wno-shadow -Wno-sign-compare -Wno-uninitialized -Wno-unused-but-set-parameter -Wno-unused-but-set-variable -Wno-unused-parameter -Wno-unused-variable     -O3 -std=c++17 -I/work/riscv/include -I/work/chipyard/tools/DRAMSim2 -I/work/chipyard/sims/verilator/generated-src/chipyard.harness.TestHarness.RocketConfig/gen-collateral   -DVERILATOR -DVL_TIME_CONTEXT   -fcoroutines -include VTestDriver__pch.h.fast -c -o VTestDriver___024root__DepSet_h662e1026__32.o VTestDriver___024root__DepSet_h662e1026__32.cpp
g++ -Os  -I.  -MMD -I/usr/share/verilator/include -I/usr/share/verilator/include/vltstd -DVM_COVERAGE=0 -DVM_SC=0 -DVM_TRACE=0 -DVM_TRACE_FST=0 -DVM_TRACE_VCD=0 -faligned-new -fcf-protection=none -Wno-bool-operation -Wno-overloaded-virtual -Wno-shadow -Wno-sign-compare -Wno-uninitialized -Wno-unused-but-set-parameter -Wno-unused-but-set-variable -Wno-unused-parameter -Wno-unused-variable     -O3 -std=c++17 -I/work/riscv/include -I/work/chipyard/tools/DRAMSim2 -I/work/chipyard/sims/verilator/generated-src/chipyard.harness.TestHarness.RocketConfig/gen-collateral   -DVERILATOR -DVL_TIME_CONTEXT   -fcoroutines -include VTestDriver__pch.h.fast -c -o VTestDriver___024root__DepSet_h662e1026__33.o VTestDriver___024root__DepSet_h662e1026__33.cpp
g++ -Os  -I.  -MMD -I/usr/share/verilator/include -I/usr/share/verilator/include/vltstd -DVM_COVERAGE=0 -DVM_SC=0 -DVM_TRACE=0 -DVM_TRACE_FST=0 -DVM_TRACE_VCD=0 -faligned-new -fcf-protection=none -Wno-bool-operation -Wno-overloaded-virtual -Wno-shadow -Wno-sign-compare -Wno-uninitialized -Wno-unused-but-set-parameter -Wno-unused-but-set-variable -Wno-unused-parameter -Wno-unused-variable     -O3 -std=c++17 -I/work/riscv/include -I/work/chipyard/tools/DRAMSim2 -I/work/chipyard/sims/verilator/generated-src/chipyard.harness.TestHarness.RocketConfig/gen-collateral   -DVERILATOR -DVL_TIME_CONTEXT   -fcoroutines -include VTestDriver__pch.h.fast -c -o VTestDriver___024root__DepSet_h662e1026__34.o VTestDriver___024root__DepSet_h662e1026__34.cpp
g++ -Os  -I.  -MMD -I/usr/share/verilator/include -I/usr/share/verilator/include/vltstd -DVM_COVERAGE=0 -DVM_SC=0 -DVM_TRACE=0 -DVM_TRACE_FST=0 -DVM_TRACE_VCD=0 -faligned-new -fcf-protection=none -Wno-bool-operation -Wno-overloaded-virtual -Wno-shadow -Wno-sign-compare -Wno-uninitialized -Wno-unused-but-set-parameter -Wno-unused-but-set-variable -Wno-unused-parameter -Wno-unused-variable     -O3 -std=c++17 -I/work/riscv/include -I/work/chipyard/tools/DRAMSim2 -I/work/chipyard/sims/verilator/generated-src/chipyard.harness.TestHarness.RocketConfig/gen-collateral   -DVERILATOR -DVL_TIME_CONTEXT   -fcoroutines -include VTestDriver__pch.h.fast -c -o VTestDriver___024root__DepSet_h662e1026__35.o VTestDriver___024root__DepSet_h662e1026__35.cpp
g++ -Os  -I.  -MMD -I/usr/share/verilator/include -I/usr/share/verilator/include/vltstd -DVM_COVERAGE=0 -DVM_SC=0 -DVM_TRACE=0 -DVM_TRACE_FST=0 -DVM_TRACE_VCD=0 -faligned-new -fcf-protection=none -Wno-bool-operation -Wno-overloaded-virtual -Wno-shadow -Wno-sign-compare -Wno-uninitialized -Wno-unused-but-set-parameter -Wno-unused-but-set-variable -Wno-unused-parameter -Wno-unused-variable     -O3 -std=c++17 -I/work/riscv/include -I/work/chipyard/tools/DRAMSim2 -I/work/chipyard/sims/verilator/generated-src/chipyard.harness.TestHarness.RocketConfig/gen-collateral   -DVERILATOR -DVL_TIME_CONTEXT   -fcoroutines -include VTestDriver__pch.h.fast -c -o VTestDriver___024root__DepSet_h662e1026__36.o VTestDriver___024root__DepSet_h662e1026__36.cpp
g++ -Os  -I.  -MMD -I/usr/share/verilator/include -I/usr/share/verilator/include/vltstd -DVM_COVERAGE=0 -DVM_SC=0 -DVM_TRACE=0 -DVM_TRACE_FST=0 -DVM_TRACE_VCD=0 -faligned-new -fcf-protection=none -Wno-bool-operation -Wno-overloaded-virtual -Wno-shadow -Wno-sign-compare -Wno-uninitialized -Wno-unused-but-set-parameter -Wno-unused-but-set-variable -Wno-unused-parameter -Wno-unused-variable     -O3 -std=c++17 -I/work/riscv/include -I/work/chipyard/tools/DRAMSim2 -I/work/chipyard/sims/verilator/generated-src/chipyard.harness.TestHarness.RocketConfig/gen-collateral   -DVERILATOR -DVL_TIME_CONTEXT   -fcoroutines -include VTestDriver__pch.h.fast -c -o VTestDriver___024root__DepSet_h662e1026__37.o VTestDriver___024root__DepSet_h662e1026__37.cpp
g++ -Os  -I.  -MMD -I/usr/share/verilator/include -I/usr/share/verilator/include/vltstd -DVM_COVERAGE=0 -DVM_SC=0 -DVM_TRACE=0 -DVM_TRACE_FST=0 -DVM_TRACE_VCD=0 -faligned-new -fcf-protection=none -Wno-bool-operation -Wno-overloaded-virtual -Wno-shadow -Wno-sign-compare -Wno-uninitialized -Wno-unused-but-set-parameter -Wno-unused-but-set-variable -Wno-unused-parameter -Wno-unused-variable     -O3 -std=c++17 -I/work/riscv/include -I/work/chipyard/tools/DRAMSim2 -I/work/chipyard/sims/verilator/generated-src/chipyard.harness.TestHarness.RocketConfig/gen-collateral   -DVERILATOR -DVL_TIME_CONTEXT   -fcoroutines -include VTestDriver__pch.h.fast -c -o VTestDriver___024root__DepSet_h662e1026__38.o VTestDriver___024root__DepSet_h662e1026__38.cpp
g++ -Os  -I.  -MMD -I/usr/share/verilator/include -I/usr/share/verilator/include/vltstd -DVM_COVERAGE=0 -DVM_SC=0 -DVM_TRACE=0 -DVM_TRACE_FST=0 -DVM_TRACE_VCD=0 -faligned-new -fcf-protection=none -Wno-bool-operation -Wno-overloaded-virtual -Wno-shadow -Wno-sign-compare -Wno-uninitialized -Wno-unused-but-set-parameter -Wno-unused-but-set-variable -Wno-unused-parameter -Wno-unused-variable     -O3 -std=c++17 -I/work/riscv/include -I/work/chipyard/tools/DRAMSim2 -I/work/chipyard/sims/verilator/generated-src/chipyard.harness.TestHarness.RocketConfig/gen-collateral   -DVERILATOR -DVL_TIME_CONTEXT   -fcoroutines -include VTestDriver__pch.h.fast -c -o VTestDriver___024root__DepSet_h662e1026__39.o VTestDriver___024root__DepSet_h662e1026__39.cpp
g++ -Os  -I.  -MMD -I/usr/share/verilator/include -I/usr/share/verilator/include/vltstd -DVM_COVERAGE=0 -DVM_SC=0 -DVM_TRACE=0 -DVM_TRACE_FST=0 -DVM_TRACE_VCD=0 -faligned-new -fcf-protection=none -Wno-bool-operation -Wno-overloaded-virtual -Wno-shadow -Wno-sign-compare -Wno-uninitialized -Wno-unused-but-set-parameter -Wno-unused-but-set-variable -Wno-unused-parameter -Wno-unused-variable     -O3 -std=c++17 -I/work/riscv/include -I/work/chipyard/tools/DRAMSim2 -I/work/chipyard/sims/verilator/generated-src/chipyard.harness.TestHarness.RocketConfig/gen-collateral   -DVERILATOR -DVL_TIME_CONTEXT   -fcoroutines -include VTestDriver__pch.h.fast -c -o VTestDriver___024root__DepSet_h662e1026__40.o VTestDriver___024root__DepSet_h662e1026__40.cpp
g++ -Os  -I.  -MMD -I/usr/share/verilator/include -I/usr/share/verilator/include/vltstd -DVM_COVERAGE=0 -DVM_SC=0 -DVM_TRACE=0 -DVM_TRACE_FST=0 -DVM_TRACE_VCD=0 -faligned-new -fcf-protection=none -Wno-bool-operation -Wno-overloaded-virtual -Wno-shadow -Wno-sign-compare -Wno-uninitialized -Wno-unused-but-set-parameter -Wno-unused-but-set-variable -Wno-unused-parameter -Wno-unused-variable     -O3 -std=c++17 -I/work/riscv/include -I/work/chipyard/tools/DRAMSim2 -I/work/chipyard/sims/verilator/generated-src/chipyard.harness.TestHarness.RocketConfig/gen-collateral   -DVERILATOR -DVL_TIME_CONTEXT   -fcoroutines -include VTestDriver__pch.h.fast -c -o VTestDriver___024root__DepSet_h662e1026__41.o VTestDriver___024root__DepSet_h662e1026__41.cpp
g++ -Os  -I.  -MMD -I/usr/share/verilator/include -I/usr/share/verilator/include/vltstd -DVM_COVERAGE=0 -DVM_SC=0 -DVM_TRACE=0 -DVM_TRACE_FST=0 -DVM_TRACE_VCD=0 -faligned-new -fcf-protection=none -Wno-bool-operation -Wno-overloaded-virtual -Wno-shadow -Wno-sign-compare -Wno-uninitialized -Wno-unused-but-set-parameter -Wno-unused-but-set-variable -Wno-unused-parameter -Wno-unused-variable     -O3 -std=c++17 -I/work/riscv/include -I/work/chipyard/tools/DRAMSim2 -I/work/chipyard/sims/verilator/generated-src/chipyard.harness.TestHarness.RocketConfig/gen-collateral   -DVERILATOR -DVL_TIME_CONTEXT   -fcoroutines -include VTestDriver__pch.h.fast -c -o VTestDriver___024root__DepSet_h662e1026__42.o VTestDriver___024root__DepSet_h662e1026__42.cpp
g++ -Os  -I.  -MMD -I/usr/share/verilator/include -I/usr/share/verilator/include/vltstd -DVM_COVERAGE=0 -DVM_SC=0 -DVM_TRACE=0 -DVM_TRACE_FST=0 -DVM_TRACE_VCD=0 -faligned-new -fcf-protection=none -Wno-bool-operation -Wno-overloaded-virtual -Wno-shadow -Wno-sign-compare -Wno-uninitialized -Wno-unused-but-set-parameter -Wno-unused-but-set-variable -Wno-unused-parameter -Wno-unused-variable     -O3 -std=c++17 -I/work/riscv/include -I/work/chipyard/tools/DRAMSim2 -I/work/chipyard/sims/verilator/generated-src/chipyard.harness.TestHarness.RocketConfig/gen-collateral   -DVERILATOR -DVL_TIME_CONTEXT   -fcoroutines -include VTestDriver__pch.h.fast -c -o VTestDriver___024root__DepSet_h662e1026__43.o VTestDriver___024root__DepSet_h662e1026__43.cpp
g++ -Os  -I.  -MMD -I/usr/share/verilator/include -I/usr/share/verilator/include/vltstd -DVM_COVERAGE=0 -DVM_SC=0 -DVM_TRACE=0 -DVM_TRACE_FST=0 -DVM_TRACE_VCD=0 -faligned-new -fcf-protection=none -Wno-bool-operation -Wno-overloaded-virtual -Wno-shadow -Wno-sign-compare -Wno-uninitialized -Wno-unused-but-set-parameter -Wno-unused-but-set-variable -Wno-unused-parameter -Wno-unused-variable     -O3 -std=c++17 -I/work/riscv/include -I/work/chipyard/tools/DRAMSim2 -I/work/chipyard/sims/verilator/generated-src/chipyard.harness.TestHarness.RocketConfig/gen-collateral   -DVERILATOR -DVL_TIME_CONTEXT   -fcoroutines -include VTestDriver__pch.h.fast -c -o VTestDriver___024root__DepSet_h662e1026__44.o VTestDriver___024root__DepSet_h662e1026__44.cpp
g++ -Os  -I.  -MMD -I/usr/share/verilator/include -I/usr/share/verilator/include/vltstd -DVM_COVERAGE=0 -DVM_SC=0 -DVM_TRACE=0 -DVM_TRACE_FST=0 -DVM_TRACE_VCD=0 -faligned-new -fcf-protection=none -Wno-bool-operation -Wno-overloaded-virtual -Wno-shadow -Wno-sign-compare -Wno-uninitialized -Wno-unused-but-set-parameter -Wno-unused-but-set-variable -Wno-unused-parameter -Wno-unused-variable     -O3 -std=c++17 -I/work/riscv/include -I/work/chipyard/tools/DRAMSim2 -I/work/chipyard/sims/verilator/generated-src/chipyard.harness.TestHarness.RocketConfig/gen-collateral   -DVERILATOR -DVL_TIME_CONTEXT   -fcoroutines -include VTestDriver__pch.h.fast -c -o VTestDriver___024root__DepSet_h662e1026__45.o VTestDriver___024root__DepSet_h662e1026__45.cpp
g++ -Os  -I.  -MMD -I/usr/share/verilator/include -I/usr/share/verilator/include/vltstd -DVM_COVERAGE=0 -DVM_SC=0 -DVM_TRACE=0 -DVM_TRACE_FST=0 -DVM_TRACE_VCD=0 -faligned-new -fcf-protection=none -Wno-bool-operation -Wno-overloaded-virtual -Wno-shadow -Wno-sign-compare -Wno-uninitialized -Wno-unused-but-set-parameter -Wno-unused-but-set-variable -Wno-unused-parameter -Wno-unused-variable     -O3 -std=c++17 -I/work/riscv/include -I/work/chipyard/tools/DRAMSim2 -I/work/chipyard/sims/verilator/generated-src/chipyard.harness.TestHarness.RocketConfig/gen-collateral   -DVERILATOR -DVL_TIME_CONTEXT   -fcoroutines -include VTestDriver__pch.h.fast -c -o VTestDriver___024root__DepSet_h662e1026__46.o VTestDriver___024root__DepSet_h662e1026__46.cpp
g++ -Os  -I.  -MMD -I/usr/share/verilator/include -I/usr/share/verilator/include/vltstd -DVM_COVERAGE=0 -DVM_SC=0 -DVM_TRACE=0 -DVM_TRACE_FST=0 -DVM_TRACE_VCD=0 -faligned-new -fcf-protection=none -Wno-bool-operation -Wno-overloaded-virtual -Wno-shadow -Wno-sign-compare -Wno-uninitialized -Wno-unused-but-set-parameter -Wno-unused-but-set-variable -Wno-unused-parameter -Wno-unused-variable     -O3 -std=c++17 -I/work/riscv/include -I/work/chipyard/tools/DRAMSim2 -I/work/chipyard/sims/verilator/generated-src/chipyard.harness.TestHarness.RocketConfig/gen-collateral   -DVERILATOR -DVL_TIME_CONTEXT   -fcoroutines -include VTestDriver__pch.h.fast -c -o VTestDriver___024root__DepSet_h662e1026__47.o VTestDriver___024root__DepSet_h662e1026__47.cpp
g++ -Os  -I.  -MMD -I/usr/share/verilator/include -I/usr/share/verilator/include/vltstd -DVM_COVERAGE=0 -DVM_SC=0 -DVM_TRACE=0 -DVM_TRACE_FST=0 -DVM_TRACE_VCD=0 -faligned-new -fcf-protection=none -Wno-bool-operation -Wno-overloaded-virtual -Wno-shadow -Wno-sign-compare -Wno-uninitialized -Wno-unused-but-set-parameter -Wno-unused-but-set-variable -Wno-unused-parameter -Wno-unused-variable     -O3 -std=c++17 -I/work/riscv/include -I/work/chipyard/tools/DRAMSim2 -I/work/chipyard/sims/verilator/generated-src/chipyard.harness.TestHarness.RocketConfig/gen-collateral   -DVERILATOR -DVL_TIME_CONTEXT   -fcoroutines -include VTestDriver__pch.h.fast -c -o VTestDriver___024root__DepSet_h662e1026__48.o VTestDriver___024root__DepSet_h662e1026__48.cpp
g++ -Os  -I.  -MMD -I/usr/share/verilator/include -I/usr/share/verilator/include/vltstd -DVM_COVERAGE=0 -DVM_SC=0 -DVM_TRACE=0 -DVM_TRACE_FST=0 -DVM_TRACE_VCD=0 -faligned-new -fcf-protection=none -Wno-bool-operation -Wno-overloaded-virtual -Wno-shadow -Wno-sign-compare -Wno-uninitialized -Wno-unused-but-set-parameter -Wno-unused-but-set-variable -Wno-unused-parameter -Wno-unused-variable     -O3 -std=c++17 -I/work/riscv/include -I/work/chipyard/tools/DRAMSim2 -I/work/chipyard/sims/verilator/generated-src/chipyard.harness.TestHarness.RocketConfig/gen-collateral   -DVERILATOR -DVL_TIME_CONTEXT   -fcoroutines -include VTestDriver__pch.h.fast -c -o VTestDriver___024root__DepSet_h662e1026__49.o VTestDriver___024root__DepSet_h662e1026__49.cpp
g++ -Os  -I.  -MMD -I/usr/share/verilator/include -I/usr/share/verilator/include/vltstd -DVM_COVERAGE=0 -DVM_SC=0 -DVM_TRACE=0 -DVM_TRACE_FST=0 -DVM_TRACE_VCD=0 -faligned-new -fcf-protection=none -Wno-bool-operation -Wno-overloaded-virtual -Wno-shadow -Wno-sign-compare -Wno-uninitialized -Wno-unused-but-set-parameter -Wno-unused-but-set-variable -Wno-unused-parameter -Wno-unused-variable     -O3 -std=c++17 -I/work/riscv/include -I/work/chipyard/tools/DRAMSim2 -I/work/chipyard/sims/verilator/generated-src/chipyard.harness.TestHarness.RocketConfig/gen-collateral   -DVERILATOR -DVL_TIME_CONTEXT   -fcoroutines -include VTestDriver__pch.h.fast -c -o VTestDriver___024root__DepSet_h662e1026__50.o VTestDriver___024root__DepSet_h662e1026__50.cpp
g++ -Os  -I.  -MMD -I/usr/share/verilator/include -I/usr/share/verilator/include/vltstd -DVM_COVERAGE=0 -DVM_SC=0 -DVM_TRACE=0 -DVM_TRACE_FST=0 -DVM_TRACE_VCD=0 -faligned-new -fcf-protection=none -Wno-bool-operation -Wno-overloaded-virtual -Wno-shadow -Wno-sign-compare -Wno-uninitialized -Wno-unused-but-set-parameter -Wno-unused-but-set-variable -Wno-unused-parameter -Wno-unused-variable     -O3 -std=c++17 -I/work/riscv/include -I/work/chipyard/tools/DRAMSim2 -I/work/chipyard/sims/verilator/generated-src/chipyard.harness.TestHarness.RocketConfig/gen-collateral   -DVERILATOR -DVL_TIME_CONTEXT   -fcoroutines -include VTestDriver__pch.h.fast -c -o VTestDriver___024root__DepSet_h662e1026__51.o VTestDriver___024root__DepSet_h662e1026__51.cpp
g++ -Os  -I.  -MMD -I/usr/share/verilator/include -I/usr/share/verilator/include/vltstd -DVM_COVERAGE=0 -DVM_SC=0 -DVM_TRACE=0 -DVM_TRACE_FST=0 -DVM_TRACE_VCD=0 -faligned-new -fcf-protection=none -Wno-bool-operation -Wno-overloaded-virtual -Wno-shadow -Wno-sign-compare -Wno-uninitialized -Wno-unused-but-set-parameter -Wno-unused-but-set-variable -Wno-unused-parameter -Wno-unused-variable     -O3 -std=c++17 -I/work/riscv/include -I/work/chipyard/tools/DRAMSim2 -I/work/chipyard/sims/verilator/generated-src/chipyard.harness.TestHarness.RocketConfig/gen-collateral   -DVERILATOR -DVL_TIME_CONTEXT   -fcoroutines -include VTestDriver__pch.h.fast -c -o VTestDriver___024root__DepSet_h662e1026__52.o VTestDriver___024root__DepSet_h662e1026__52.cpp
g++ -Os  -I.  -MMD -I/usr/share/verilator/include -I/usr/share/verilator/include/vltstd -DVM_COVERAGE=0 -DVM_SC=0 -DVM_TRACE=0 -DVM_TRACE_FST=0 -DVM_TRACE_VCD=0 -faligned-new -fcf-protection=none -Wno-bool-operation -Wno-overloaded-virtual -Wno-shadow -Wno-sign-compare -Wno-uninitialized -Wno-unused-but-set-parameter -Wno-unused-but-set-variable -Wno-unused-parameter -Wno-unused-variable     -O3 -std=c++17 -I/work/riscv/include -I/work/chipyard/tools/DRAMSim2 -I/work/chipyard/sims/verilator/generated-src/chipyard.harness.TestHarness.RocketConfig/gen-collateral   -DVERILATOR -DVL_TIME_CONTEXT   -fcoroutines -include VTestDriver__pch.h.fast -c -o VTestDriver___024root__DepSet_h662e1026__53.o VTestDriver___024root__DepSet_h662e1026__53.cpp
g++ -Os  -I.  -MMD -I/usr/share/verilator/include -I/usr/share/verilator/include/vltstd -DVM_COVERAGE=0 -DVM_SC=0 -DVM_TRACE=0 -DVM_TRACE_FST=0 -DVM_TRACE_VCD=0 -faligned-new -fcf-protection=none -Wno-bool-operation -Wno-overloaded-virtual -Wno-shadow -Wno-sign-compare -Wno-uninitialized -Wno-unused-but-set-parameter -Wno-unused-but-set-variable -Wno-unused-parameter -Wno-unused-variable     -O3 -std=c++17 -I/work/riscv/include -I/work/chipyard/tools/DRAMSim2 -I/work/chipyard/sims/verilator/generated-src/chipyard.harness.TestHarness.RocketConfig/gen-collateral   -DVERILATOR -DVL_TIME_CONTEXT   -fcoroutines -include VTestDriver__pch.h.fast -c -o VTestDriver___024root__DepSet_h662e1026__54.o VTestDriver___024root__DepSet_h662e1026__54.cpp
g++ -Os  -I.  -MMD -I/usr/share/verilator/include -I/usr/share/verilator/include/vltstd -DVM_COVERAGE=0 -DVM_SC=0 -DVM_TRACE=0 -DVM_TRACE_FST=0 -DVM_TRACE_VCD=0 -faligned-new -fcf-protection=none -Wno-bool-operation -Wno-overloaded-virtual -Wno-shadow -Wno-sign-compare -Wno-uninitialized -Wno-unused-but-set-parameter -Wno-unused-but-set-variable -Wno-unused-parameter -Wno-unused-variable     -O3 -std=c++17 -I/work/riscv/include -I/work/chipyard/tools/DRAMSim2 -I/work/chipyard/sims/verilator/generated-src/chipyard.harness.TestHarness.RocketConfig/gen-collateral   -DVERILATOR -DVL_TIME_CONTEXT   -fcoroutines -include VTestDriver__pch.h.fast -c -o VTestDriver___024root__DepSet_h662e1026__55.o VTestDriver___024root__DepSet_h662e1026__55.cpp
g++ -Os  -I.  -MMD -I/usr/share/verilator/include -I/usr/share/verilator/include/vltstd -DVM_COVERAGE=0 -DVM_SC=0 -DVM_TRACE=0 -DVM_TRACE_FST=0 -DVM_TRACE_VCD=0 -faligned-new -fcf-protection=none -Wno-bool-operation -Wno-overloaded-virtual -Wno-shadow -Wno-sign-compare -Wno-uninitialized -Wno-unused-but-set-parameter -Wno-unused-but-set-variable -Wno-unused-parameter -Wno-unused-variable     -O3 -std=c++17 -I/work/riscv/include -I/work/chipyard/tools/DRAMSim2 -I/work/chipyard/sims/verilator/generated-src/chipyard.harness.TestHarness.RocketConfig/gen-collateral   -DVERILATOR -DVL_TIME_CONTEXT   -fcoroutines -include VTestDriver__pch.h.fast -c -o VTestDriver___024root__DepSet_h662e1026__56.o VTestDriver___024root__DepSet_h662e1026__56.cpp
g++ -Os  -I.  -MMD -I/usr/share/verilator/include -I/usr/share/verilator/include/vltstd -DVM_COVERAGE=0 -DVM_SC=0 -DVM_TRACE=0 -DVM_TRACE_FST=0 -DVM_TRACE_VCD=0 -faligned-new -fcf-protection=none -Wno-bool-operation -Wno-overloaded-virtual -Wno-shadow -Wno-sign-compare -Wno-uninitialized -Wno-unused-but-set-parameter -Wno-unused-but-set-variable -Wno-unused-parameter -Wno-unused-variable     -O3 -std=c++17 -I/work/riscv/include -I/work/chipyard/tools/DRAMSim2 -I/work/chipyard/sims/verilator/generated-src/chipyard.harness.TestHarness.RocketConfig/gen-collateral   -DVERILATOR -DVL_TIME_CONTEXT   -fcoroutines -include VTestDriver__pch.h.fast -c -o VTestDriver___024root__DepSet_h662e1026__57.o VTestDriver___024root__DepSet_h662e1026__57.cpp
g++ -Os  -I.  -MMD -I/usr/share/verilator/include -I/usr/share/verilator/include/vltstd -DVM_COVERAGE=0 -DVM_SC=0 -DVM_TRACE=0 -DVM_TRACE_FST=0 -DVM_TRACE_VCD=0 -faligned-new -fcf-protection=none -Wno-bool-operation -Wno-overloaded-virtual -Wno-shadow -Wno-sign-compare -Wno-uninitialized -Wno-unused-but-set-parameter -Wno-unused-but-set-variable -Wno-unused-parameter -Wno-unused-variable     -O3 -std=c++17 -I/work/riscv/include -I/work/chipyard/tools/DRAMSim2 -I/work/chipyard/sims/verilator/generated-src/chipyard.harness.TestHarness.RocketConfig/gen-collateral   -DVERILATOR -DVL_TIME_CONTEXT   -fcoroutines -include VTestDriver__pch.h.fast -c -o VTestDriver___024root__DepSet_hbb6e3b65__0.o VTestDriver___024root__DepSet_hbb6e3b65__0.cpp
g++ -Os  -I.  -MMD -I/usr/share/verilator/include -I/usr/share/verilator/include/vltstd -DVM_COVERAGE=0 -DVM_SC=0 -DVM_TRACE=0 -DVM_TRACE_FST=0 -DVM_TRACE_VCD=0 -faligned-new -fcf-protection=none -Wno-bool-operation -Wno-overloaded-virtual -Wno-shadow -Wno-sign-compare -Wno-uninitialized -Wno-unused-but-set-parameter -Wno-unused-but-set-variable -Wno-unused-parameter -Wno-unused-variable     -O3 -std=c++17 -I/work/riscv/include -I/work/chipyard/tools/DRAMSim2 -I/work/chipyard/sims/verilator/generated-src/chipyard.harness.TestHarness.RocketConfig/gen-collateral   -DVERILATOR -DVL_TIME_CONTEXT   -fcoroutines -include VTestDriver__pch.h.fast -c -o VTestDriver___024root__DepSet_hbb6e3b65__1.o VTestDriver___024root__DepSet_hbb6e3b65__1.cpp
g++ -Os  -I.  -MMD -I/usr/share/verilator/include -I/usr/share/verilator/include/vltstd -DVM_COVERAGE=0 -DVM_SC=0 -DVM_TRACE=0 -DVM_TRACE_FST=0 -DVM_TRACE_VCD=0 -faligned-new -fcf-protection=none -Wno-bool-operation -Wno-overloaded-virtual -Wno-shadow -Wno-sign-compare -Wno-uninitialized -Wno-unused-but-set-parameter -Wno-unused-but-set-variable -Wno-unused-parameter -Wno-unused-variable     -O3 -std=c++17 -I/work/riscv/include -I/work/chipyard/tools/DRAMSim2 -I/work/chipyard/sims/verilator/generated-src/chipyard.harness.TestHarness.RocketConfig/gen-collateral   -DVERILATOR -DVL_TIME_CONTEXT   -fcoroutines -include VTestDriver__pch.h.fast -c -o VTestDriver___024root__DepSet_hbb6e3b65__2.o VTestDriver___024root__DepSet_hbb6e3b65__2.cpp
g++ -Os  -I.  -MMD -I/usr/share/verilator/include -I/usr/share/verilator/include/vltstd -DVM_COVERAGE=0 -DVM_SC=0 -DVM_TRACE=0 -DVM_TRACE_FST=0 -DVM_TRACE_VCD=0 -faligned-new -fcf-protection=none -Wno-bool-operation -Wno-overloaded-virtual -Wno-shadow -Wno-sign-compare -Wno-uninitialized -Wno-unused-but-set-parameter -Wno-unused-but-set-variable -Wno-unused-parameter -Wno-unused-variable     -O3 -std=c++17 -I/work/riscv/include -I/work/chipyard/tools/DRAMSim2 -I/work/chipyard/sims/verilator/generated-src/chipyard.harness.TestHarness.RocketConfig/gen-collateral   -DVERILATOR -DVL_TIME_CONTEXT   -fcoroutines -include VTestDriver__pch.h.fast -c -o VTestDriver___024root__DepSet_hbb6e3b65__3.o VTestDriver___024root__DepSet_hbb6e3b65__3.cpp
g++ -Os  -I.  -MMD -I/usr/share/verilator/include -I/usr/share/verilator/include/vltstd -DVM_COVERAGE=0 -DVM_SC=0 -DVM_TRACE=0 -DVM_TRACE_FST=0 -DVM_TRACE_VCD=0 -faligned-new -fcf-protection=none -Wno-bool-operation -Wno-overloaded-virtual -Wno-shadow -Wno-sign-compare -Wno-uninitialized -Wno-unused-but-set-parameter -Wno-unused-but-set-variable -Wno-unused-parameter -Wno-unused-variable     -O3 -std=c++17 -I/work/riscv/include -I/work/chipyard/tools/DRAMSim2 -I/work/chipyard/sims/verilator/generated-src/chipyard.harness.TestHarness.RocketConfig/gen-collateral   -DVERILATOR -DVL_TIME_CONTEXT   -fcoroutines -include VTestDriver__pch.h.fast -c -o VTestDriver___024root__DepSet_hbb6e3b65__4.o VTestDriver___024root__DepSet_hbb6e3b65__4.cpp
g++ -Os  -I.  -MMD -I/usr/share/verilator/include -I/usr/share/verilator/include/vltstd -DVM_COVERAGE=0 -DVM_SC=0 -DVM_TRACE=0 -DVM_TRACE_FST=0 -DVM_TRACE_VCD=0 -faligned-new -fcf-protection=none -Wno-bool-operation -Wno-overloaded-virtual -Wno-shadow -Wno-sign-compare -Wno-uninitialized -Wno-unused-but-set-parameter -Wno-unused-but-set-variable -Wno-unused-parameter -Wno-unused-variable     -O3 -std=c++17 -I/work/riscv/include -I/work/chipyard/tools/DRAMSim2 -I/work/chipyard/sims/verilator/generated-src/chipyard.harness.TestHarness.RocketConfig/gen-collateral   -DVERILATOR -DVL_TIME_CONTEXT   -fcoroutines -include VTestDriver__pch.h.fast -c -o VTestDriver___024root__DepSet_hbb6e3b65__5.o VTestDriver___024root__DepSet_hbb6e3b65__5.cpp
g++ -Os  -I.  -MMD -I/usr/share/verilator/include -I/usr/share/verilator/include/vltstd -DVM_COVERAGE=0 -DVM_SC=0 -DVM_TRACE=0 -DVM_TRACE_FST=0 -DVM_TRACE_VCD=0 -faligned-new -fcf-protection=none -Wno-bool-operation -Wno-overloaded-virtual -Wno-shadow -Wno-sign-compare -Wno-uninitialized -Wno-unused-but-set-parameter -Wno-unused-but-set-variable -Wno-unused-parameter -Wno-unused-variable     -O3 -std=c++17 -I/work/riscv/include -I/work/chipyard/tools/DRAMSim2 -I/work/chipyard/sims/verilator/generated-src/chipyard.harness.TestHarness.RocketConfig/gen-collateral   -DVERILATOR -DVL_TIME_CONTEXT   -fcoroutines -include VTestDriver__pch.h.fast -c -o VTestDriver___024root__DepSet_hbb6e3b65__6.o VTestDriver___024root__DepSet_hbb6e3b65__6.cpp
g++ -Os  -I.  -MMD -I/usr/share/verilator/include -I/usr/share/verilator/include/vltstd -DVM_COVERAGE=0 -DVM_SC=0 -DVM_TRACE=0 -DVM_TRACE_FST=0 -DVM_TRACE_VCD=0 -faligned-new -fcf-protection=none -Wno-bool-operation -Wno-overloaded-virtual -Wno-shadow -Wno-sign-compare -Wno-uninitialized -Wno-unused-but-set-parameter -Wno-unused-but-set-variable -Wno-unused-parameter -Wno-unused-variable     -O3 -std=c++17 -I/work/riscv/include -I/work/chipyard/tools/DRAMSim2 -I/work/chipyard/sims/verilator/generated-src/chipyard.harness.TestHarness.RocketConfig/gen-collateral   -DVERILATOR -DVL_TIME_CONTEXT   -fcoroutines -include VTestDriver__pch.h.fast -c -o VTestDriver___024root__DepSet_hbb6e3b65__7.o VTestDriver___024root__DepSet_hbb6e3b65__7.cpp
g++ -Os  -I.  -MMD -I/usr/share/verilator/include -I/usr/share/verilator/include/vltstd -DVM_COVERAGE=0 -DVM_SC=0 -DVM_TRACE=0 -DVM_TRACE_FST=0 -DVM_TRACE_VCD=0 -faligned-new -fcf-protection=none -Wno-bool-operation -Wno-overloaded-virtual -Wno-shadow -Wno-sign-compare -Wno-uninitialized -Wno-unused-but-set-parameter -Wno-unused-but-set-variable -Wno-unused-parameter -Wno-unused-variable     -O3 -std=c++17 -I/work/riscv/include -I/work/chipyard/tools/DRAMSim2 -I/work/chipyard/sims/verilator/generated-src/chipyard.harness.TestHarness.RocketConfig/gen-collateral   -DVERILATOR -DVL_TIME_CONTEXT   -fcoroutines -include VTestDriver__pch.h.fast -c -o VTestDriver___024root__DepSet_hbb6e3b65__8.o VTestDriver___024root__DepSet_hbb6e3b65__8.cpp
g++ -Os  -I.  -MMD -I/usr/share/verilator/include -I/usr/share/verilator/include/vltstd -DVM_COVERAGE=0 -DVM_SC=0 -DVM_TRACE=0 -DVM_TRACE_FST=0 -DVM_TRACE_VCD=0 -faligned-new -fcf-protection=none -Wno-bool-operation -Wno-overloaded-virtual -Wno-shadow -Wno-sign-compare -Wno-uninitialized -Wno-unused-but-set-parameter -Wno-unused-but-set-variable -Wno-unused-parameter -Wno-unused-variable     -O3 -std=c++17 -I/work/riscv/include -I/work/chipyard/tools/DRAMSim2 -I/work/chipyard/sims/verilator/generated-src/chipyard.harness.TestHarness.RocketConfig/gen-collateral   -DVERILATOR -DVL_TIME_CONTEXT   -fcoroutines -include VTestDriver__pch.h.fast -c -o VTestDriver___024root__DepSet_hbb6e3b65__9.o VTestDriver___024root__DepSet_hbb6e3b65__9.cpp
g++ -Os  -I.  -MMD -I/usr/share/verilator/include -I/usr/share/verilator/include/vltstd -DVM_COVERAGE=0 -DVM_SC=0 -DVM_TRACE=0 -DVM_TRACE_FST=0 -DVM_TRACE_VCD=0 -faligned-new -fcf-protection=none -Wno-bool-operation -Wno-overloaded-virtual -Wno-shadow -Wno-sign-compare -Wno-uninitialized -Wno-unused-but-set-parameter -Wno-unused-but-set-variable -Wno-unused-parameter -Wno-unused-variable     -O3 -std=c++17 -I/work/riscv/include -I/work/chipyard/tools/DRAMSim2 -I/work/chipyard/sims/verilator/generated-src/chipyard.harness.TestHarness.RocketConfig/gen-collateral   -DVERILATOR -DVL_TIME_CONTEXT   -fcoroutines -include VTestDriver__pch.h.fast -c -o VTestDriver___024root__DepSet_hbb6e3b65__10.o VTestDriver___024root__DepSet_hbb6e3b65__10.cpp
g++ -Os  -I.  -MMD -I/usr/share/verilator/include -I/usr/share/verilator/include/vltstd -DVM_COVERAGE=0 -DVM_SC=0 -DVM_TRACE=0 -DVM_TRACE_FST=0 -DVM_TRACE_VCD=0 -faligned-new -fcf-protection=none -Wno-bool-operation -Wno-overloaded-virtual -Wno-shadow -Wno-sign-compare -Wno-uninitialized -Wno-unused-but-set-parameter -Wno-unused-but-set-variable -Wno-unused-parameter -Wno-unused-variable     -O3 -std=c++17 -I/work/riscv/include -I/work/chipyard/tools/DRAMSim2 -I/work/chipyard/sims/verilator/generated-src/chipyard.harness.TestHarness.RocketConfig/gen-collateral   -DVERILATOR -DVL_TIME_CONTEXT   -fcoroutines -include VTestDriver__pch.h.fast -c -o VTestDriver___024root__DepSet_hbb6e3b65__11.o VTestDriver___024root__DepSet_hbb6e3b65__11.cpp
g++ -Os  -I.  -MMD -I/usr/share/verilator/include -I/usr/share/verilator/include/vltstd -DVM_COVERAGE=0 -DVM_SC=0 -DVM_TRACE=0 -DVM_TRACE_FST=0 -DVM_TRACE_VCD=0 -faligned-new -fcf-protection=none -Wno-bool-operation -Wno-overloaded-virtual -Wno-shadow -Wno-sign-compare -Wno-uninitialized -Wno-unused-but-set-parameter -Wno-unused-but-set-variable -Wno-unused-parameter -Wno-unused-variable     -O3 -std=c++17 -I/work/riscv/include -I/work/chipyard/tools/DRAMSim2 -I/work/chipyard/sims/verilator/generated-src/chipyard.harness.TestHarness.RocketConfig/gen-collateral   -DVERILATOR -DVL_TIME_CONTEXT   -fcoroutines -include VTestDriver__pch.h.fast -c -o VTestDriver___024root__DepSet_hbb6e3b65__12.o VTestDriver___024root__DepSet_hbb6e3b65__12.cpp
g++ -Os  -I.  -MMD -I/usr/share/verilator/include -I/usr/share/verilator/include/vltstd -DVM_COVERAGE=0 -DVM_SC=0 -DVM_TRACE=0 -DVM_TRACE_FST=0 -DVM_TRACE_VCD=0 -faligned-new -fcf-protection=none -Wno-bool-operation -Wno-overloaded-virtual -Wno-shadow -Wno-sign-compare -Wno-uninitialized -Wno-unused-but-set-parameter -Wno-unused-but-set-variable -Wno-unused-parameter -Wno-unused-variable     -O3 -std=c++17 -I/work/riscv/include -I/work/chipyard/tools/DRAMSim2 -I/work/chipyard/sims/verilator/generated-src/chipyard.harness.TestHarness.RocketConfig/gen-collateral   -DVERILATOR -DVL_TIME_CONTEXT   -fcoroutines -include VTestDriver__pch.h.fast -c -o VTestDriver___024root__DepSet_hbb6e3b65__13.o VTestDriver___024root__DepSet_hbb6e3b65__13.cpp
g++ -Os  -I.  -MMD -I/usr/share/verilator/include -I/usr/share/verilator/include/vltstd -DVM_COVERAGE=0 -DVM_SC=0 -DVM_TRACE=0 -DVM_TRACE_FST=0 -DVM_TRACE_VCD=0 -faligned-new -fcf-protection=none -Wno-bool-operation -Wno-overloaded-virtual -Wno-shadow -Wno-sign-compare -Wno-uninitialized -Wno-unused-but-set-parameter -Wno-unused-but-set-variable -Wno-unused-parameter -Wno-unused-variable     -O3 -std=c++17 -I/work/riscv/include -I/work/chipyard/tools/DRAMSim2 -I/work/chipyard/sims/verilator/generated-src/chipyard.harness.TestHarness.RocketConfig/gen-collateral   -DVERILATOR -DVL_TIME_CONTEXT   -fcoroutines -include VTestDriver__pch.h.fast -c -o VTestDriver___024root__DepSet_hbb6e3b65__14.o VTestDriver___024root__DepSet_hbb6e3b65__14.cpp
g++ -Os  -I.  -MMD -I/usr/share/verilator/include -I/usr/share/verilator/include/vltstd -DVM_COVERAGE=0 -DVM_SC=0 -DVM_TRACE=0 -DVM_TRACE_FST=0 -DVM_TRACE_VCD=0 -faligned-new -fcf-protection=none -Wno-bool-operation -Wno-overloaded-virtual -Wno-shadow -Wno-sign-compare -Wno-uninitialized -Wno-unused-but-set-parameter -Wno-unused-but-set-variable -Wno-unused-parameter -Wno-unused-variable     -O3 -std=c++17 -I/work/riscv/include -I/work/chipyard/tools/DRAMSim2 -I/work/chipyard/sims/verilator/generated-src/chipyard.harness.TestHarness.RocketConfig/gen-collateral   -DVERILATOR -DVL_TIME_CONTEXT   -fcoroutines -include VTestDriver__pch.h.fast -c -o VTestDriver___024root__DepSet_hbb6e3b65__15.o VTestDriver___024root__DepSet_hbb6e3b65__15.cpp
g++ -Os  -I.  -MMD -I/usr/share/verilator/include -I/usr/share/verilator/include/vltstd -DVM_COVERAGE=0 -DVM_SC=0 -DVM_TRACE=0 -DVM_TRACE_FST=0 -DVM_TRACE_VCD=0 -faligned-new -fcf-protection=none -Wno-bool-operation -Wno-overloaded-virtual -Wno-shadow -Wno-sign-compare -Wno-uninitialized -Wno-unused-but-set-parameter -Wno-unused-but-set-variable -Wno-unused-parameter -Wno-unused-variable     -O3 -std=c++17 -I/work/riscv/include -I/work/chipyard/tools/DRAMSim2 -I/work/chipyard/sims/verilator/generated-src/chipyard.harness.TestHarness.RocketConfig/gen-collateral   -DVERILATOR -DVL_TIME_CONTEXT   -fcoroutines -include VTestDriver__pch.h.fast -c -o VTestDriver___024root__DepSet_hbb6e3b65__16.o VTestDriver___024root__DepSet_hbb6e3b65__16.cpp
g++ -Os  -I.  -MMD -I/usr/share/verilator/include -I/usr/share/verilator/include/vltstd -DVM_COVERAGE=0 -DVM_SC=0 -DVM_TRACE=0 -DVM_TRACE_FST=0 -DVM_TRACE_VCD=0 -faligned-new -fcf-protection=none -Wno-bool-operation -Wno-overloaded-virtual -Wno-shadow -Wno-sign-compare -Wno-uninitialized -Wno-unused-but-set-parameter -Wno-unused-but-set-variable -Wno-unused-parameter -Wno-unused-variable     -O3 -std=c++17 -I/work/riscv/include -I/work/chipyard/tools/DRAMSim2 -I/work/chipyard/sims/verilator/generated-src/chipyard.harness.TestHarness.RocketConfig/gen-collateral   -DVERILATOR -DVL_TIME_CONTEXT   -fcoroutines -include VTestDriver__pch.h.fast -c -o VTestDriver___024root__DepSet_hbb6e3b65__17.o VTestDriver___024root__DepSet_hbb6e3b65__17.cpp
g++ -Os  -I.  -MMD -I/usr/share/verilator/include -I/usr/share/verilator/include/vltstd -DVM_COVERAGE=0 -DVM_SC=0 -DVM_TRACE=0 -DVM_TRACE_FST=0 -DVM_TRACE_VCD=0 -faligned-new -fcf-protection=none -Wno-bool-operation -Wno-overloaded-virtual -Wno-shadow -Wno-sign-compare -Wno-uninitialized -Wno-unused-but-set-parameter -Wno-unused-but-set-variable -Wno-unused-parameter -Wno-unused-variable     -O3 -std=c++17 -I/work/riscv/include -I/work/chipyard/tools/DRAMSim2 -I/work/chipyard/sims/verilator/generated-src/chipyard.harness.TestHarness.RocketConfig/gen-collateral   -DVERILATOR -DVL_TIME_CONTEXT   -fcoroutines -include VTestDriver__pch.h.fast -c -o VTestDriver___024root__DepSet_hbb6e3b65__18.o VTestDriver___024root__DepSet_hbb6e3b65__18.cpp
g++ -Os  -I.  -MMD -I/usr/share/verilator/include -I/usr/share/verilator/include/vltstd -DVM_COVERAGE=0 -DVM_SC=0 -DVM_TRACE=0 -DVM_TRACE_FST=0 -DVM_TRACE_VCD=0 -faligned-new -fcf-protection=none -Wno-bool-operation -Wno-overloaded-virtual -Wno-shadow -Wno-sign-compare -Wno-uninitialized -Wno-unused-but-set-parameter -Wno-unused-but-set-variable -Wno-unused-parameter -Wno-unused-variable     -O3 -std=c++17 -I/work/riscv/include -I/work/chipyard/tools/DRAMSim2 -I/work/chipyard/sims/verilator/generated-src/chipyard.harness.TestHarness.RocketConfig/gen-collateral   -DVERILATOR -DVL_TIME_CONTEXT   -fcoroutines -include VTestDriver__pch.h.fast -c -o VTestDriver___024root__DepSet_hbb6e3b65__19.o VTestDriver___024root__DepSet_hbb6e3b65__19.cpp
g++ -Os  -I.  -MMD -I/usr/share/verilator/include -I/usr/share/verilator/include/vltstd -DVM_COVERAGE=0 -DVM_SC=0 -DVM_TRACE=0 -DVM_TRACE_FST=0 -DVM_TRACE_VCD=0 -faligned-new -fcf-protection=none -Wno-bool-operation -Wno-overloaded-virtual -Wno-shadow -Wno-sign-compare -Wno-uninitialized -Wno-unused-but-set-parameter -Wno-unused-but-set-variable -Wno-unused-parameter -Wno-unused-variable     -O3 -std=c++17 -I/work/riscv/include -I/work/chipyard/tools/DRAMSim2 -I/work/chipyard/sims/verilator/generated-src/chipyard.harness.TestHarness.RocketConfig/gen-collateral   -DVERILATOR -DVL_TIME_CONTEXT   -fcoroutines -include VTestDriver__pch.h.fast -c -o VTestDriver___024root__DepSet_hbb6e3b65__20.o VTestDriver___024root__DepSet_hbb6e3b65__20.cpp
g++ -Os  -I.  -MMD -I/usr/share/verilator/include -I/usr/share/verilator/include/vltstd -DVM_COVERAGE=0 -DVM_SC=0 -DVM_TRACE=0 -DVM_TRACE_FST=0 -DVM_TRACE_VCD=0 -faligned-new -fcf-protection=none -Wno-bool-operation -Wno-overloaded-virtual -Wno-shadow -Wno-sign-compare -Wno-uninitialized -Wno-unused-but-set-parameter -Wno-unused-but-set-variable -Wno-unused-parameter -Wno-unused-variable     -O3 -std=c++17 -I/work/riscv/include -I/work/chipyard/tools/DRAMSim2 -I/work/chipyard/sims/verilator/generated-src/chipyard.harness.TestHarness.RocketConfig/gen-collateral   -DVERILATOR -DVL_TIME_CONTEXT   -fcoroutines -include VTestDriver__pch.h.fast -c -o VTestDriver___024root__DepSet_hbb6e3b65__21.o VTestDriver___024root__DepSet_hbb6e3b65__21.cpp
g++ -Os  -I.  -MMD -I/usr/share/verilator/include -I/usr/share/verilator/include/vltstd -DVM_COVERAGE=0 -DVM_SC=0 -DVM_TRACE=0 -DVM_TRACE_FST=0 -DVM_TRACE_VCD=0 -faligned-new -fcf-protection=none -Wno-bool-operation -Wno-overloaded-virtual -Wno-shadow -Wno-sign-compare -Wno-uninitialized -Wno-unused-but-set-parameter -Wno-unused-but-set-variable -Wno-unused-parameter -Wno-unused-variable     -O3 -std=c++17 -I/work/riscv/include -I/work/chipyard/tools/DRAMSim2 -I/work/chipyard/sims/verilator/generated-src/chipyard.harness.TestHarness.RocketConfig/gen-collateral   -DVERILATOR -DVL_TIME_CONTEXT   -fcoroutines -include VTestDriver__pch.h.fast -c -o VTestDriver___024root__DepSet_hbb6e3b65__22.o VTestDriver___024root__DepSet_hbb6e3b65__22.cpp
g++ -Os  -I.  -MMD -I/usr/share/verilator/include -I/usr/share/verilator/include/vltstd -DVM_COVERAGE=0 -DVM_SC=0 -DVM_TRACE=0 -DVM_TRACE_FST=0 -DVM_TRACE_VCD=0 -faligned-new -fcf-protection=none -Wno-bool-operation -Wno-overloaded-virtual -Wno-shadow -Wno-sign-compare -Wno-uninitialized -Wno-unused-but-set-parameter -Wno-unused-but-set-variable -Wno-unused-parameter -Wno-unused-variable     -O3 -std=c++17 -I/work/riscv/include -I/work/chipyard/tools/DRAMSim2 -I/work/chipyard/sims/verilator/generated-src/chipyard.harness.TestHarness.RocketConfig/gen-collateral   -DVERILATOR -DVL_TIME_CONTEXT   -fcoroutines -include VTestDriver__pch.h.fast -c -o VTestDriver___024root__DepSet_hbb6e3b65__23.o VTestDriver___024root__DepSet_hbb6e3b65__23.cpp
g++ -Os  -I.  -MMD -I/usr/share/verilator/include -I/usr/share/verilator/include/vltstd -DVM_COVERAGE=0 -DVM_SC=0 -DVM_TRACE=0 -DVM_TRACE_FST=0 -DVM_TRACE_VCD=0 -faligned-new -fcf-protection=none -Wno-bool-operation -Wno-overloaded-virtual -Wno-shadow -Wno-sign-compare -Wno-uninitialized -Wno-unused-but-set-parameter -Wno-unused-but-set-variable -Wno-unused-parameter -Wno-unused-variable     -O3 -std=c++17 -I/work/riscv/include -I/work/chipyard/tools/DRAMSim2 -I/work/chipyard/sims/verilator/generated-src/chipyard.harness.TestHarness.RocketConfig/gen-collateral   -DVERILATOR -DVL_TIME_CONTEXT   -fcoroutines -include VTestDriver__pch.h.fast -c -o VTestDriver___024root__DepSet_hbb6e3b65__24.o VTestDriver___024root__DepSet_hbb6e3b65__24.cpp
g++ -Os  -I.  -MMD -I/usr/share/verilator/include -I/usr/share/verilator/include/vltstd -DVM_COVERAGE=0 -DVM_SC=0 -DVM_TRACE=0 -DVM_TRACE_FST=0 -DVM_TRACE_VCD=0 -faligned-new -fcf-protection=none -Wno-bool-operation -Wno-overloaded-virtual -Wno-shadow -Wno-sign-compare -Wno-uninitialized -Wno-unused-but-set-parameter -Wno-unused-but-set-variable -Wno-unused-parameter -Wno-unused-variable     -O3 -std=c++17 -I/work/riscv/include -I/work/chipyard/tools/DRAMSim2 -I/work/chipyard/sims/verilator/generated-src/chipyard.harness.TestHarness.RocketConfig/gen-collateral   -DVERILATOR -DVL_TIME_CONTEXT   -fcoroutines -include VTestDriver__pch.h.fast -c -o VTestDriver___024root__DepSet_hbb6e3b65__25.o VTestDriver___024root__DepSet_hbb6e3b65__25.cpp
g++ -Os  -I.  -MMD -I/usr/share/verilator/include -I/usr/share/verilator/include/vltstd -DVM_COVERAGE=0 -DVM_SC=0 -DVM_TRACE=0 -DVM_TRACE_FST=0 -DVM_TRACE_VCD=0 -faligned-new -fcf-protection=none -Wno-bool-operation -Wno-overloaded-virtual -Wno-shadow -Wno-sign-compare -Wno-uninitialized -Wno-unused-but-set-parameter -Wno-unused-but-set-variable -Wno-unused-parameter -Wno-unused-variable     -O3 -std=c++17 -I/work/riscv/include -I/work/chipyard/tools/DRAMSim2 -I/work/chipyard/sims/verilator/generated-src/chipyard.harness.TestHarness.RocketConfig/gen-collateral   -DVERILATOR -DVL_TIME_CONTEXT   -fcoroutines -include VTestDriver__pch.h.fast -c -o VTestDriver___024root__DepSet_hbb6e3b65__26.o VTestDriver___024root__DepSet_hbb6e3b65__26.cpp
g++ -Os  -I.  -MMD -I/usr/share/verilator/include -I/usr/share/verilator/include/vltstd -DVM_COVERAGE=0 -DVM_SC=0 -DVM_TRACE=0 -DVM_TRACE_FST=0 -DVM_TRACE_VCD=0 -faligned-new -fcf-protection=none -Wno-bool-operation -Wno-overloaded-virtual -Wno-shadow -Wno-sign-compare -Wno-uninitialized -Wno-unused-but-set-parameter -Wno-unused-but-set-variable -Wno-unused-parameter -Wno-unused-variable     -O3 -std=c++17 -I/work/riscv/include -I/work/chipyard/tools/DRAMSim2 -I/work/chipyard/sims/verilator/generated-src/chipyard.harness.TestHarness.RocketConfig/gen-collateral   -DVERILATOR -DVL_TIME_CONTEXT   -fcoroutines -include VTestDriver__pch.h.fast -c -o VTestDriver___024root__DepSet_hbb6e3b65__27.o VTestDriver___024root__DepSet_hbb6e3b65__27.cpp
g++ -Os  -I.  -MMD -I/usr/share/verilator/include -I/usr/share/verilator/include/vltstd -DVM_COVERAGE=0 -DVM_SC=0 -DVM_TRACE=0 -DVM_TRACE_FST=0 -DVM_TRACE_VCD=0 -faligned-new -fcf-protection=none -Wno-bool-operation -Wno-overloaded-virtual -Wno-shadow -Wno-sign-compare -Wno-uninitialized -Wno-unused-but-set-parameter -Wno-unused-but-set-variable -Wno-unused-parameter -Wno-unused-variable     -O3 -std=c++17 -I/work/riscv/include -I/work/chipyard/tools/DRAMSim2 -I/work/chipyard/sims/verilator/generated-src/chipyard.harness.TestHarness.RocketConfig/gen-collateral   -DVERILATOR -DVL_TIME_CONTEXT   -fcoroutines -include VTestDriver__pch.h.fast -c -o VTestDriver___024root__DepSet_hbb6e3b65__28.o VTestDriver___024root__DepSet_hbb6e3b65__28.cpp
g++ -Os  -I.  -MMD -I/usr/share/verilator/include -I/usr/share/verilator/include/vltstd -DVM_COVERAGE=0 -DVM_SC=0 -DVM_TRACE=0 -DVM_TRACE_FST=0 -DVM_TRACE_VCD=0 -faligned-new -fcf-protection=none -Wno-bool-operation -Wno-overloaded-virtual -Wno-shadow -Wno-sign-compare -Wno-uninitialized -Wno-unused-but-set-parameter -Wno-unused-but-set-variable -Wno-unused-parameter -Wno-unused-variable     -O3 -std=c++17 -I/work/riscv/include -I/work/chipyard/tools/DRAMSim2 -I/work/chipyard/sims/verilator/generated-src/chipyard.harness.TestHarness.RocketConfig/gen-collateral   -DVERILATOR -DVL_TIME_CONTEXT   -fcoroutines -include VTestDriver__pch.h.fast -c -o VTestDriver___024root__DepSet_hbb6e3b65__29.o VTestDriver___024root__DepSet_hbb6e3b65__29.cpp
g++ -Os  -I.  -MMD -I/usr/share/verilator/include -I/usr/share/verilator/include/vltstd -DVM_COVERAGE=0 -DVM_SC=0 -DVM_TRACE=0 -DVM_TRACE_FST=0 -DVM_TRACE_VCD=0 -faligned-new -fcf-protection=none -Wno-bool-operation -Wno-overloaded-virtual -Wno-shadow -Wno-sign-compare -Wno-uninitialized -Wno-unused-but-set-parameter -Wno-unused-but-set-variable -Wno-unused-parameter -Wno-unused-variable     -O3 -std=c++17 -I/work/riscv/include -I/work/chipyard/tools/DRAMSim2 -I/work/chipyard/sims/verilator/generated-src/chipyard.harness.TestHarness.RocketConfig/gen-collateral   -DVERILATOR -DVL_TIME_CONTEXT   -fcoroutines -include VTestDriver__pch.h.fast -c -o VTestDriver___024root__DepSet_hbb6e3b65__30.o VTestDriver___024root__DepSet_hbb6e3b65__30.cpp
g++ -Os  -I.  -MMD -I/usr/share/verilator/include -I/usr/share/verilator/include/vltstd -DVM_COVERAGE=0 -DVM_SC=0 -DVM_TRACE=0 -DVM_TRACE_FST=0 -DVM_TRACE_VCD=0 -faligned-new -fcf-protection=none -Wno-bool-operation -Wno-overloaded-virtual -Wno-shadow -Wno-sign-compare -Wno-uninitialized -Wno-unused-but-set-parameter -Wno-unused-but-set-variable -Wno-unused-parameter -Wno-unused-variable     -O3 -std=c++17 -I/work/riscv/include -I/work/chipyard/tools/DRAMSim2 -I/work/chipyard/sims/verilator/generated-src/chipyard.harness.TestHarness.RocketConfig/gen-collateral   -DVERILATOR -DVL_TIME_CONTEXT   -fcoroutines -include VTestDriver__pch.h.fast -c -o VTestDriver___024root__DepSet_hbb6e3b65__31.o VTestDriver___024root__DepSet_hbb6e3b65__31.cpp
g++ -Os  -I.  -MMD -I/usr/share/verilator/include -I/usr/share/verilator/include/vltstd -DVM_COVERAGE=0 -DVM_SC=0 -DVM_TRACE=0 -DVM_TRACE_FST=0 -DVM_TRACE_VCD=0 -faligned-new -fcf-protection=none -Wno-bool-operation -Wno-overloaded-virtual -Wno-shadow -Wno-sign-compare -Wno-uninitialized -Wno-unused-but-set-parameter -Wno-unused-but-set-variable -Wno-unused-parameter -Wno-unused-variable     -O3 -std=c++17 -I/work/riscv/include -I/work/chipyard/tools/DRAMSim2 -I/work/chipyard/sims/verilator/generated-src/chipyard.harness.TestHarness.RocketConfig/gen-collateral   -DVERILATOR -DVL_TIME_CONTEXT   -fcoroutines -include VTestDriver__pch.h.fast -c -o VTestDriver___024root__DepSet_hbb6e3b65__32.o VTestDriver___024root__DepSet_hbb6e3b65__32.cpp
g++ -Os  -I.  -MMD -I/usr/share/verilator/include -I/usr/share/verilator/include/vltstd -DVM_COVERAGE=0 -DVM_SC=0 -DVM_TRACE=0 -DVM_TRACE_FST=0 -DVM_TRACE_VCD=0 -faligned-new -fcf-protection=none -Wno-bool-operation -Wno-overloaded-virtual -Wno-shadow -Wno-sign-compare -Wno-uninitialized -Wno-unused-but-set-parameter -Wno-unused-but-set-variable -Wno-unused-parameter -Wno-unused-variable     -O3 -std=c++17 -I/work/riscv/include -I/work/chipyard/tools/DRAMSim2 -I/work/chipyard/sims/verilator/generated-src/chipyard.harness.TestHarness.RocketConfig/gen-collateral   -DVERILATOR -DVL_TIME_CONTEXT   -fcoroutines -include VTestDriver__pch.h.fast -c -o VTestDriver___024root__DepSet_hbb6e3b65__33.o VTestDriver___024root__DepSet_hbb6e3b65__33.cpp
g++ -Os  -I.  -MMD -I/usr/share/verilator/include -I/usr/share/verilator/include/vltstd -DVM_COVERAGE=0 -DVM_SC=0 -DVM_TRACE=0 -DVM_TRACE_FST=0 -DVM_TRACE_VCD=0 -faligned-new -fcf-protection=none -Wno-bool-operation -Wno-overloaded-virtual -Wno-shadow -Wno-sign-compare -Wno-uninitialized -Wno-unused-but-set-parameter -Wno-unused-but-set-variable -Wno-unused-parameter -Wno-unused-variable     -O3 -std=c++17 -I/work/riscv/include -I/work/chipyard/tools/DRAMSim2 -I/work/chipyard/sims/verilator/generated-src/chipyard.harness.TestHarness.RocketConfig/gen-collateral   -DVERILATOR -DVL_TIME_CONTEXT   -fcoroutines -include VTestDriver__pch.h.fast -c -o VTestDriver___024root__DepSet_hbb6e3b65__34.o VTestDriver___024root__DepSet_hbb6e3b65__34.cpp
g++ -Os  -I.  -MMD -I/usr/share/verilator/include -I/usr/share/verilator/include/vltstd -DVM_COVERAGE=0 -DVM_SC=0 -DVM_TRACE=0 -DVM_TRACE_FST=0 -DVM_TRACE_VCD=0 -faligned-new -fcf-protection=none -Wno-bool-operation -Wno-overloaded-virtual -Wno-shadow -Wno-sign-compare -Wno-uninitialized -Wno-unused-but-set-parameter -Wno-unused-but-set-variable -Wno-unused-parameter -Wno-unused-variable     -O3 -std=c++17 -I/work/riscv/include -I/work/chipyard/tools/DRAMSim2 -I/work/chipyard/sims/verilator/generated-src/chipyard.harness.TestHarness.RocketConfig/gen-collateral   -DVERILATOR -DVL_TIME_CONTEXT   -fcoroutines -include VTestDriver__pch.h.fast -c -o VTestDriver___024unit__DepSet_hf172cd27__0.o VTestDriver___024unit__DepSet_hf172cd27__0.cpp
g++ -Os  -I.  -MMD -I/usr/share/verilator/include -I/usr/share/verilator/include/vltstd -DVM_COVERAGE=0 -DVM_SC=0 -DVM_TRACE=0 -DVM_TRACE_FST=0 -DVM_TRACE_VCD=0 -faligned-new -fcf-protection=none -Wno-bool-operation -Wno-overloaded-virtual -Wno-shadow -Wno-sign-compare -Wno-uninitialized -Wno-unused-but-set-parameter -Wno-unused-but-set-variable -Wno-unused-parameter -Wno-unused-variable     -O3 -std=c++17 -I/work/riscv/include -I/work/chipyard/tools/DRAMSim2 -I/work/chipyard/sims/verilator/generated-src/chipyard.harness.TestHarness.RocketConfig/gen-collateral   -DVERILATOR -DVL_TIME_CONTEXT   -fcoroutines -include VTestDriver__pch.h.fast -c -o VTestDriver__main.o VTestDriver__main.cpp
g++ -Os  -I.  -MMD -I/usr/share/verilator/include -I/usr/share/verilator/include/vltstd -DVM_COVERAGE=0 -DVM_SC=0 -DVM_TRACE=0 -DVM_TRACE_FST=0 -DVM_TRACE_VCD=0 -faligned-new -fcf-protection=none -Wno-bool-operation -Wno-overloaded-virtual -Wno-shadow -Wno-sign-compare -Wno-uninitialized -Wno-unused-but-set-parameter -Wno-unused-but-set-variable -Wno-unused-parameter -Wno-unused-variable     -O3 -std=c++17 -I/work/riscv/include -I/work/chipyard/tools/DRAMSim2 -I/work/chipyard/sims/verilator/generated-src/chipyard.harness.TestHarness.RocketConfig/gen-collateral   -DVERILATOR -DVL_TIME_CONTEXT   -fcoroutines -include VTestDriver__pch.h.fast -c -o VTestDriver__Dpi.o VTestDriver__Dpi.cpp
g++   -I.  -MMD -I/usr/share/verilator/include -I/usr/share/verilator/include/vltstd -DVM_COVERAGE=0 -DVM_SC=0 -DVM_TRACE=0 -DVM_TRACE_FST=0 -DVM_TRACE_VCD=0 -faligned-new -fcf-protection=none -Wno-bool-operation -Wno-overloaded-virtual -Wno-shadow -Wno-sign-compare -Wno-uninitialized -Wno-unused-but-set-parameter -Wno-unused-but-set-variable -Wno-unused-parameter -Wno-unused-variable     -O3 -std=c++17 -I/work/riscv/include -I/work/chipyard/tools/DRAMSim2 -I/work/chipyard/sims/verilator/generated-src/chipyard.harness.TestHarness.RocketConfig/gen-collateral   -DVERILATOR -DVL_TIME_CONTEXT   -fcoroutines -include VTestDriver__pch.h.slow -c -o VTestDriver__ConstPool_0.o VTestDriver__ConstPool_0.cpp
g++   -I.  -MMD -I/usr/share/verilator/include -I/usr/share/verilator/include/vltstd -DVM_COVERAGE=0 -DVM_SC=0 -DVM_TRACE=0 -DVM_TRACE_FST=0 -DVM_TRACE_VCD=0 -faligned-new -fcf-protection=none -Wno-bool-operation -Wno-overloaded-virtual -Wno-shadow -Wno-sign-compare -Wno-uninitialized -Wno-unused-but-set-parameter -Wno-unused-but-set-variable -Wno-unused-parameter -Wno-unused-variable     -O3 -std=c++17 -I/work/riscv/include -I/work/chipyard/tools/DRAMSim2 -I/work/chipyard/sims/verilator/generated-src/chipyard.harness.TestHarness.RocketConfig/gen-collateral   -DVERILATOR -DVL_TIME_CONTEXT   -fcoroutines -include VTestDriver__pch.h.slow -c -o VTestDriver___024root__Slow.o VTestDriver___024root__Slow.cpp
g++   -I.  -MMD -I/usr/share/verilator/include -I/usr/share/verilator/include/vltstd -DVM_COVERAGE=0 -DVM_SC=0 -DVM_TRACE=0 -DVM_TRACE_FST=0 -DVM_TRACE_VCD=0 -faligned-new -fcf-protection=none -Wno-bool-operation -Wno-overloaded-virtual -Wno-shadow -Wno-sign-compare -Wno-uninitialized -Wno-unused-but-set-parameter -Wno-unused-but-set-variable -Wno-unused-parameter -Wno-unused-variable     -O3 -std=c++17 -I/work/riscv/include -I/work/chipyard/tools/DRAMSim2 -I/work/chipyard/sims/verilator/generated-src/chipyard.harness.TestHarness.RocketConfig/gen-collateral   -DVERILATOR -DVL_TIME_CONTEXT   -fcoroutines -include VTestDriver__pch.h.slow -c -o VTestDriver___024root__DepSet_h662e1026__0__Slow.o VTestDriver___024root__DepSet_h662e1026__0__Slow.cpp
g++   -I.  -MMD -I/usr/share/verilator/include -I/usr/share/verilator/include/vltstd -DVM_COVERAGE=0 -DVM_SC=0 -DVM_TRACE=0 -DVM_TRACE_FST=0 -DVM_TRACE_VCD=0 -faligned-new -fcf-protection=none -Wno-bool-operation -Wno-overloaded-virtual -Wno-shadow -Wno-sign-compare -Wno-uninitialized -Wno-unused-but-set-parameter -Wno-unused-but-set-variable -Wno-unused-parameter -Wno-unused-variable     -O3 -std=c++17 -I/work/riscv/include -I/work/chipyard/tools/DRAMSim2 -I/work/chipyard/sims/verilator/generated-src/chipyard.harness.TestHarness.RocketConfig/gen-collateral   -DVERILATOR -DVL_TIME_CONTEXT   -fcoroutines -include VTestDriver__pch.h.slow -c -o VTestDriver___024root__DepSet_hbb6e3b65__0__Slow.o VTestDriver___024root__DepSet_hbb6e3b65__0__Slow.cpp
g++   -I.  -MMD -I/usr/share/verilator/include -I/usr/share/verilator/include/vltstd -DVM_COVERAGE=0 -DVM_SC=0 -DVM_TRACE=0 -DVM_TRACE_FST=0 -DVM_TRACE_VCD=0 -faligned-new -fcf-protection=none -Wno-bool-operation -Wno-overloaded-virtual -Wno-shadow -Wno-sign-compare -Wno-uninitialized -Wno-unused-but-set-parameter -Wno-unused-but-set-variable -Wno-unused-parameter -Wno-unused-variable     -O3 -std=c++17 -I/work/riscv/include -I/work/chipyard/tools/DRAMSim2 -I/work/chipyard/sims/verilator/generated-src/chipyard.harness.TestHarness.RocketConfig/gen-collateral   -DVERILATOR -DVL_TIME_CONTEXT   -fcoroutines -include VTestDriver__pch.h.slow -c -o VTestDriver___024root__DepSet_hbb6e3b65__1__Slow.o VTestDriver___024root__DepSet_hbb6e3b65__1__Slow.cpp
g++   -I.  -MMD -I/usr/share/verilator/include -I/usr/share/verilator/include/vltstd -DVM_COVERAGE=0 -DVM_SC=0 -DVM_TRACE=0 -DVM_TRACE_FST=0 -DVM_TRACE_VCD=0 -faligned-new -fcf-protection=none -Wno-bool-operation -Wno-overloaded-virtual -Wno-shadow -Wno-sign-compare -Wno-uninitialized -Wno-unused-but-set-parameter -Wno-unused-but-set-variable -Wno-unused-parameter -Wno-unused-variable     -O3 -std=c++17 -I/work/riscv/include -I/work/chipyard/tools/DRAMSim2 -I/work/chipyard/sims/verilator/generated-src/chipyard.harness.TestHarness.RocketConfig/gen-collateral   -DVERILATOR -DVL_TIME_CONTEXT   -fcoroutines -include VTestDriver__pch.h.slow -c -o VTestDriver___024root__DepSet_hbb6e3b65__2__Slow.o VTestDriver___024root__DepSet_hbb6e3b65__2__Slow.cpp
g++   -I.  -MMD -I/usr/share/verilator/include -I/usr/share/verilator/include/vltstd -DVM_COVERAGE=0 -DVM_SC=0 -DVM_TRACE=0 -DVM_TRACE_FST=0 -DVM_TRACE_VCD=0 -faligned-new -fcf-protection=none -Wno-bool-operation -Wno-overloaded-virtual -Wno-shadow -Wno-sign-compare -Wno-uninitialized -Wno-unused-but-set-parameter -Wno-unused-but-set-variable -Wno-unused-parameter -Wno-unused-variable     -O3 -std=c++17 -I/work/riscv/include -I/work/chipyard/tools/DRAMSim2 -I/work/chipyard/sims/verilator/generated-src/chipyard.harness.TestHarness.RocketConfig/gen-collateral   -DVERILATOR -DVL_TIME_CONTEXT   -fcoroutines -include VTestDriver__pch.h.slow -c -o VTestDriver___024root__DepSet_hbb6e3b65__3__Slow.o VTestDriver___024root__DepSet_hbb6e3b65__3__Slow.cpp
g++   -I.  -MMD -I/usr/share/verilator/include -I/usr/share/verilator/include/vltstd -DVM_COVERAGE=0 -DVM_SC=0 -DVM_TRACE=0 -DVM_TRACE_FST=0 -DVM_TRACE_VCD=0 -faligned-new -fcf-protection=none -Wno-bool-operation -Wno-overloaded-virtual -Wno-shadow -Wno-sign-compare -Wno-uninitialized -Wno-unused-but-set-parameter -Wno-unused-but-set-variable -Wno-unused-parameter -Wno-unused-variable     -O3 -std=c++17 -I/work/riscv/include -I/work/chipyard/tools/DRAMSim2 -I/work/chipyard/sims/verilator/generated-src/chipyard.harness.TestHarness.RocketConfig/gen-collateral   -DVERILATOR -DVL_TIME_CONTEXT   -fcoroutines -include VTestDriver__pch.h.slow -c -o VTestDriver___024root__DepSet_hbb6e3b65__4__Slow.o VTestDriver___024root__DepSet_hbb6e3b65__4__Slow.cpp
g++   -I.  -MMD -I/usr/share/verilator/include -I/usr/share/verilator/include/vltstd -DVM_COVERAGE=0 -DVM_SC=0 -DVM_TRACE=0 -DVM_TRACE_FST=0 -DVM_TRACE_VCD=0 -faligned-new -fcf-protection=none -Wno-bool-operation -Wno-overloaded-virtual -Wno-shadow -Wno-sign-compare -Wno-uninitialized -Wno-unused-but-set-parameter -Wno-unused-but-set-variable -Wno-unused-parameter -Wno-unused-variable     -O3 -std=c++17 -I/work/riscv/include -I/work/chipyard/tools/DRAMSim2 -I/work/chipyard/sims/verilator/generated-src/chipyard.harness.TestHarness.RocketConfig/gen-collateral   -DVERILATOR -DVL_TIME_CONTEXT   -fcoroutines -include VTestDriver__pch.h.slow -c -o VTestDriver___024root__DepSet_hbb6e3b65__5__Slow.o VTestDriver___024root__DepSet_hbb6e3b65__5__Slow.cpp
g++   -I.  -MMD -I/usr/share/verilator/include -I/usr/share/verilator/include/vltstd -DVM_COVERAGE=0 -DVM_SC=0 -DVM_TRACE=0 -DVM_TRACE_FST=0 -DVM_TRACE_VCD=0 -faligned-new -fcf-protection=none -Wno-bool-operation -Wno-overloaded-virtual -Wno-shadow -Wno-sign-compare -Wno-uninitialized -Wno-unused-but-set-parameter -Wno-unused-but-set-variable -Wno-unused-parameter -Wno-unused-variable     -O3 -std=c++17 -I/work/riscv/include -I/work/chipyard/tools/DRAMSim2 -I/work/chipyard/sims/verilator/generated-src/chipyard.harness.TestHarness.RocketConfig/gen-collateral   -DVERILATOR -DVL_TIME_CONTEXT   -fcoroutines -include VTestDriver__pch.h.slow -c -o VTestDriver___024root__DepSet_hbb6e3b65__6__Slow.o VTestDriver___024root__DepSet_hbb6e3b65__6__Slow.cpp
g++   -I.  -MMD -I/usr/share/verilator/include -I/usr/share/verilator/include/vltstd -DVM_COVERAGE=0 -DVM_SC=0 -DVM_TRACE=0 -DVM_TRACE_FST=0 -DVM_TRACE_VCD=0 -faligned-new -fcf-protection=none -Wno-bool-operation -Wno-overloaded-virtual -Wno-shadow -Wno-sign-compare -Wno-uninitialized -Wno-unused-but-set-parameter -Wno-unused-but-set-variable -Wno-unused-parameter -Wno-unused-variable     -O3 -std=c++17 -I/work/riscv/include -I/work/chipyard/tools/DRAMSim2 -I/work/chipyard/sims/verilator/generated-src/chipyard.harness.TestHarness.RocketConfig/gen-collateral   -DVERILATOR -DVL_TIME_CONTEXT   -fcoroutines -include VTestDriver__pch.h.slow -c -o VTestDriver___024root__DepSet_hbb6e3b65__7__Slow.o VTestDriver___024root__DepSet_hbb6e3b65__7__Slow.cpp
g++   -I.  -MMD -I/usr/share/verilator/include -I/usr/share/verilator/include/vltstd -DVM_COVERAGE=0 -DVM_SC=0 -DVM_TRACE=0 -DVM_TRACE_FST=0 -DVM_TRACE_VCD=0 -faligned-new -fcf-protection=none -Wno-bool-operation -Wno-overloaded-virtual -Wno-shadow -Wno-sign-compare -Wno-uninitialized -Wno-unused-but-set-parameter -Wno-unused-but-set-variable -Wno-unused-parameter -Wno-unused-variable     -O3 -std=c++17 -I/work/riscv/include -I/work/chipyard/tools/DRAMSim2 -I/work/chipyard/sims/verilator/generated-src/chipyard.harness.TestHarness.RocketConfig/gen-collateral   -DVERILATOR -DVL_TIME_CONTEXT   -fcoroutines -include VTestDriver__pch.h.slow -c -o VTestDriver___024root__DepSet_hbb6e3b65__8__Slow.o VTestDriver___024root__DepSet_hbb6e3b65__8__Slow.cpp
g++   -I.  -MMD -I/usr/share/verilator/include -I/usr/share/verilator/include/vltstd -DVM_COVERAGE=0 -DVM_SC=0 -DVM_TRACE=0 -DVM_TRACE_FST=0 -DVM_TRACE_VCD=0 -faligned-new -fcf-protection=none -Wno-bool-operation -Wno-overloaded-virtual -Wno-shadow -Wno-sign-compare -Wno-uninitialized -Wno-unused-but-set-parameter -Wno-unused-but-set-variable -Wno-unused-parameter -Wno-unused-variable     -O3 -std=c++17 -I/work/riscv/include -I/work/chipyard/tools/DRAMSim2 -I/work/chipyard/sims/verilator/generated-src/chipyard.harness.TestHarness.RocketConfig/gen-collateral   -DVERILATOR -DVL_TIME_CONTEXT   -fcoroutines -include VTestDriver__pch.h.slow -c -o VTestDriver___024root__DepSet_hbb6e3b65__9__Slow.o VTestDriver___024root__DepSet_hbb6e3b65__9__Slow.cpp
g++   -I.  -MMD -I/usr/share/verilator/include -I/usr/share/verilator/include/vltstd -DVM_COVERAGE=0 -DVM_SC=0 -DVM_TRACE=0 -DVM_TRACE_FST=0 -DVM_TRACE_VCD=0 -faligned-new -fcf-protection=none -Wno-bool-operation -Wno-overloaded-virtual -Wno-shadow -Wno-sign-compare -Wno-uninitialized -Wno-unused-but-set-parameter -Wno-unused-but-set-variable -Wno-unused-parameter -Wno-unused-variable     -O3 -std=c++17 -I/work/riscv/include -I/work/chipyard/tools/DRAMSim2 -I/work/chipyard/sims/verilator/generated-src/chipyard.harness.TestHarness.RocketConfig/gen-collateral   -DVERILATOR -DVL_TIME_CONTEXT   -fcoroutines -include VTestDriver__pch.h.slow -c -o VTestDriver___024root__DepSet_hbb6e3b65__10__Slow.o VTestDriver___024root__DepSet_hbb6e3b65__10__Slow.cpp
g++   -I.  -MMD -I/usr/share/verilator/include -I/usr/share/verilator/include/vltstd -DVM_COVERAGE=0 -DVM_SC=0 -DVM_TRACE=0 -DVM_TRACE_FST=0 -DVM_TRACE_VCD=0 -faligned-new -fcf-protection=none -Wno-bool-operation -Wno-overloaded-virtual -Wno-shadow -Wno-sign-compare -Wno-uninitialized -Wno-unused-but-set-parameter -Wno-unused-but-set-variable -Wno-unused-parameter -Wno-unused-variable     -O3 -std=c++17 -I/work/riscv/include -I/work/chipyard/tools/DRAMSim2 -I/work/chipyard/sims/verilator/generated-src/chipyard.harness.TestHarness.RocketConfig/gen-collateral   -DVERILATOR -DVL_TIME_CONTEXT   -fcoroutines -include VTestDriver__pch.h.slow -c -o VTestDriver___024root__DepSet_hbb6e3b65__11__Slow.o VTestDriver___024root__DepSet_hbb6e3b65__11__Slow.cpp
g++   -I.  -MMD -I/usr/share/verilator/include -I/usr/share/verilator/include/vltstd -DVM_COVERAGE=0 -DVM_SC=0 -DVM_TRACE=0 -DVM_TRACE_FST=0 -DVM_TRACE_VCD=0 -faligned-new -fcf-protection=none -Wno-bool-operation -Wno-overloaded-virtual -Wno-shadow -Wno-sign-compare -Wno-uninitialized -Wno-unused-but-set-parameter -Wno-unused-but-set-variable -Wno-unused-parameter -Wno-unused-variable     -O3 -std=c++17 -I/work/riscv/include -I/work/chipyard/tools/DRAMSim2 -I/work/chipyard/sims/verilator/generated-src/chipyard.harness.TestHarness.RocketConfig/gen-collateral   -DVERILATOR -DVL_TIME_CONTEXT   -fcoroutines -include VTestDriver__pch.h.slow -c -o VTestDriver___024root__DepSet_hbb6e3b65__12__Slow.o VTestDriver___024root__DepSet_hbb6e3b65__12__Slow.cpp
g++   -I.  -MMD -I/usr/share/verilator/include -I/usr/share/verilator/include/vltstd -DVM_COVERAGE=0 -DVM_SC=0 -DVM_TRACE=0 -DVM_TRACE_FST=0 -DVM_TRACE_VCD=0 -faligned-new -fcf-protection=none -Wno-bool-operation -Wno-overloaded-virtual -Wno-shadow -Wno-sign-compare -Wno-uninitialized -Wno-unused-but-set-parameter -Wno-unused-but-set-variable -Wno-unused-parameter -Wno-unused-variable     -O3 -std=c++17 -I/work/riscv/include -I/work/chipyard/tools/DRAMSim2 -I/work/chipyard/sims/verilator/generated-src/chipyard.harness.TestHarness.RocketConfig/gen-collateral   -DVERILATOR -DVL_TIME_CONTEXT   -fcoroutines -include VTestDriver__pch.h.slow -c -o VTestDriver___024root__DepSet_hbb6e3b65__13__Slow.o VTestDriver___024root__DepSet_hbb6e3b65__13__Slow.cpp
g++   -I.  -MMD -I/usr/share/verilator/include -I/usr/share/verilator/include/vltstd -DVM_COVERAGE=0 -DVM_SC=0 -DVM_TRACE=0 -DVM_TRACE_FST=0 -DVM_TRACE_VCD=0 -faligned-new -fcf-protection=none -Wno-bool-operation -Wno-overloaded-virtual -Wno-shadow -Wno-sign-compare -Wno-uninitialized -Wno-unused-but-set-parameter -Wno-unused-but-set-variable -Wno-unused-parameter -Wno-unused-variable     -O3 -std=c++17 -I/work/riscv/include -I/work/chipyard/tools/DRAMSim2 -I/work/chipyard/sims/verilator/generated-src/chipyard.harness.TestHarness.RocketConfig/gen-collateral   -DVERILATOR -DVL_TIME_CONTEXT   -fcoroutines -include VTestDriver__pch.h.slow -c -o VTestDriver___024root__DepSet_hbb6e3b65__14__Slow.o VTestDriver___024root__DepSet_hbb6e3b65__14__Slow.cpp
g++   -I.  -MMD -I/usr/share/verilator/include -I/usr/share/verilator/include/vltstd -DVM_COVERAGE=0 -DVM_SC=0 -DVM_TRACE=0 -DVM_TRACE_FST=0 -DVM_TRACE_VCD=0 -faligned-new -fcf-protection=none -Wno-bool-operation -Wno-overloaded-virtual -Wno-shadow -Wno-sign-compare -Wno-uninitialized -Wno-unused-but-set-parameter -Wno-unused-but-set-variable -Wno-unused-parameter -Wno-unused-variable     -O3 -std=c++17 -I/work/riscv/include -I/work/chipyard/tools/DRAMSim2 -I/work/chipyard/sims/verilator/generated-src/chipyard.harness.TestHarness.RocketConfig/gen-collateral   -DVERILATOR -DVL_TIME_CONTEXT   -fcoroutines -include VTestDriver__pch.h.slow -c -o VTestDriver___024root__DepSet_hbb6e3b65__15__Slow.o VTestDriver___024root__DepSet_hbb6e3b65__15__Slow.cpp
g++   -I.  -MMD -I/usr/share/verilator/include -I/usr/share/verilator/include/vltstd -DVM_COVERAGE=0 -DVM_SC=0 -DVM_TRACE=0 -DVM_TRACE_FST=0 -DVM_TRACE_VCD=0 -faligned-new -fcf-protection=none -Wno-bool-operation -Wno-overloaded-virtual -Wno-shadow -Wno-sign-compare -Wno-uninitialized -Wno-unused-but-set-parameter -Wno-unused-but-set-variable -Wno-unused-parameter -Wno-unused-variable     -O3 -std=c++17 -I/work/riscv/include -I/work/chipyard/tools/DRAMSim2 -I/work/chipyard/sims/verilator/generated-src/chipyard.harness.TestHarness.RocketConfig/gen-collateral   -DVERILATOR -DVL_TIME_CONTEXT   -fcoroutines -include VTestDriver__pch.h.slow -c -o VTestDriver___024root__DepSet_hbb6e3b65__16__Slow.o VTestDriver___024root__DepSet_hbb6e3b65__16__Slow.cpp
g++   -I.  -MMD -I/usr/share/verilator/include -I/usr/share/verilator/include/vltstd -DVM_COVERAGE=0 -DVM_SC=0 -DVM_TRACE=0 -DVM_TRACE_FST=0 -DVM_TRACE_VCD=0 -faligned-new -fcf-protection=none -Wno-bool-operation -Wno-overloaded-virtual -Wno-shadow -Wno-sign-compare -Wno-uninitialized -Wno-unused-but-set-parameter -Wno-unused-but-set-variable -Wno-unused-parameter -Wno-unused-variable     -O3 -std=c++17 -I/work/riscv/include -I/work/chipyard/tools/DRAMSim2 -I/work/chipyard/sims/verilator/generated-src/chipyard.harness.TestHarness.RocketConfig/gen-collateral   -DVERILATOR -DVL_TIME_CONTEXT   -fcoroutines -include VTestDriver__pch.h.slow -c -o VTestDriver___024root__DepSet_hbb6e3b65__17__Slow.o VTestDriver___024root__DepSet_hbb6e3b65__17__Slow.cpp
g++   -I.  -MMD -I/usr/share/verilator/include -I/usr/share/verilator/include/vltstd -DVM_COVERAGE=0 -DVM_SC=0 -DVM_TRACE=0 -DVM_TRACE_FST=0 -DVM_TRACE_VCD=0 -faligned-new -fcf-protection=none -Wno-bool-operation -Wno-overloaded-virtual -Wno-shadow -Wno-sign-compare -Wno-uninitialized -Wno-unused-but-set-parameter -Wno-unused-but-set-variable -Wno-unused-parameter -Wno-unused-variable     -O3 -std=c++17 -I/work/riscv/include -I/work/chipyard/tools/DRAMSim2 -I/work/chipyard/sims/verilator/generated-src/chipyard.harness.TestHarness.RocketConfig/gen-collateral   -DVERILATOR -DVL_TIME_CONTEXT   -fcoroutines -include VTestDriver__pch.h.slow -c -o VTestDriver___024root__DepSet_hbb6e3b65__18__Slow.o VTestDriver___024root__DepSet_hbb6e3b65__18__Slow.cpp
g++   -I.  -MMD -I/usr/share/verilator/include -I/usr/share/verilator/include/vltstd -DVM_COVERAGE=0 -DVM_SC=0 -DVM_TRACE=0 -DVM_TRACE_FST=0 -DVM_TRACE_VCD=0 -faligned-new -fcf-protection=none -Wno-bool-operation -Wno-overloaded-virtual -Wno-shadow -Wno-sign-compare -Wno-uninitialized -Wno-unused-but-set-parameter -Wno-unused-but-set-variable -Wno-unused-parameter -Wno-unused-variable     -O3 -std=c++17 -I/work/riscv/include -I/work/chipyard/tools/DRAMSim2 -I/work/chipyard/sims/verilator/generated-src/chipyard.harness.TestHarness.RocketConfig/gen-collateral   -DVERILATOR -DVL_TIME_CONTEXT   -fcoroutines -include VTestDriver__pch.h.slow -c -o VTestDriver___024root__DepSet_hbb6e3b65__19__Slow.o VTestDriver___024root__DepSet_hbb6e3b65__19__Slow.cpp
g++   -I.  -MMD -I/usr/share/verilator/include -I/usr/share/verilator/include/vltstd -DVM_COVERAGE=0 -DVM_SC=0 -DVM_TRACE=0 -DVM_TRACE_FST=0 -DVM_TRACE_VCD=0 -faligned-new -fcf-protection=none -Wno-bool-operation -Wno-overloaded-virtual -Wno-shadow -Wno-sign-compare -Wno-uninitialized -Wno-unused-but-set-parameter -Wno-unused-but-set-variable -Wno-unused-parameter -Wno-unused-variable     -O3 -std=c++17 -I/work/riscv/include -I/work/chipyard/tools/DRAMSim2 -I/work/chipyard/sims/verilator/generated-src/chipyard.harness.TestHarness.RocketConfig/gen-collateral   -DVERILATOR -DVL_TIME_CONTEXT   -fcoroutines -include VTestDriver__pch.h.slow -c -o VTestDriver___024root__DepSet_hbb6e3b65__20__Slow.o VTestDriver___024root__DepSet_hbb6e3b65__20__Slow.cpp
g++   -I.  -MMD -I/usr/share/verilator/include -I/usr/share/verilator/include/vltstd -DVM_COVERAGE=0 -DVM_SC=0 -DVM_TRACE=0 -DVM_TRACE_FST=0 -DVM_TRACE_VCD=0 -faligned-new -fcf-protection=none -Wno-bool-operation -Wno-overloaded-virtual -Wno-shadow -Wno-sign-compare -Wno-uninitialized -Wno-unused-but-set-parameter -Wno-unused-but-set-variable -Wno-unused-parameter -Wno-unused-variable     -O3 -std=c++17 -I/work/riscv/include -I/work/chipyard/tools/DRAMSim2 -I/work/chipyard/sims/verilator/generated-src/chipyard.harness.TestHarness.RocketConfig/gen-collateral   -DVERILATOR -DVL_TIME_CONTEXT   -fcoroutines -include VTestDriver__pch.h.slow -c -o VTestDriver___024root__DepSet_hbb6e3b65__21__Slow.o VTestDriver___024root__DepSet_hbb6e3b65__21__Slow.cpp
g++   -I.  -MMD -I/usr/share/verilator/include -I/usr/share/verilator/include/vltstd -DVM_COVERAGE=0 -DVM_SC=0 -DVM_TRACE=0 -DVM_TRACE_FST=0 -DVM_TRACE_VCD=0 -faligned-new -fcf-protection=none -Wno-bool-operation -Wno-overloaded-virtual -Wno-shadow -Wno-sign-compare -Wno-uninitialized -Wno-unused-but-set-parameter -Wno-unused-but-set-variable -Wno-unused-parameter -Wno-unused-variable     -O3 -std=c++17 -I/work/riscv/include -I/work/chipyard/tools/DRAMSim2 -I/work/chipyard/sims/verilator/generated-src/chipyard.harness.TestHarness.RocketConfig/gen-collateral   -DVERILATOR -DVL_TIME_CONTEXT   -fcoroutines -include VTestDriver__pch.h.slow -c -o VTestDriver___024root__DepSet_hbb6e3b65__22__Slow.o VTestDriver___024root__DepSet_hbb6e3b65__22__Slow.cpp
g++   -I.  -MMD -I/usr/share/verilator/include -I/usr/share/verilator/include/vltstd -DVM_COVERAGE=0 -DVM_SC=0 -DVM_TRACE=0 -DVM_TRACE_FST=0 -DVM_TRACE_VCD=0 -faligned-new -fcf-protection=none -Wno-bool-operation -Wno-overloaded-virtual -Wno-shadow -Wno-sign-compare -Wno-uninitialized -Wno-unused-but-set-parameter -Wno-unused-but-set-variable -Wno-unused-parameter -Wno-unused-variable     -O3 -std=c++17 -I/work/riscv/include -I/work/chipyard/tools/DRAMSim2 -I/work/chipyard/sims/verilator/generated-src/chipyard.harness.TestHarness.RocketConfig/gen-collateral   -DVERILATOR -DVL_TIME_CONTEXT   -fcoroutines -include VTestDriver__pch.h.slow -c -o VTestDriver___024root__DepSet_hbb6e3b65__23__Slow.o VTestDriver___024root__DepSet_hbb6e3b65__23__Slow.cpp
g++   -I.  -MMD -I/usr/share/verilator/include -I/usr/share/verilator/include/vltstd -DVM_COVERAGE=0 -DVM_SC=0 -DVM_TRACE=0 -DVM_TRACE_FST=0 -DVM_TRACE_VCD=0 -faligned-new -fcf-protection=none -Wno-bool-operation -Wno-overloaded-virtual -Wno-shadow -Wno-sign-compare -Wno-uninitialized -Wno-unused-but-set-parameter -Wno-unused-but-set-variable -Wno-unused-parameter -Wno-unused-variable     -O3 -std=c++17 -I/work/riscv/include -I/work/chipyard/tools/DRAMSim2 -I/work/chipyard/sims/verilator/generated-src/chipyard.harness.TestHarness.RocketConfig/gen-collateral   -DVERILATOR -DVL_TIME_CONTEXT   -fcoroutines -include VTestDriver__pch.h.slow -c -o VTestDriver___024root__DepSet_hbb6e3b65__24__Slow.o VTestDriver___024root__DepSet_hbb6e3b65__24__Slow.cpp
g++   -I.  -MMD -I/usr/share/verilator/include -I/usr/share/verilator/include/vltstd -DVM_COVERAGE=0 -DVM_SC=0 -DVM_TRACE=0 -DVM_TRACE_FST=0 -DVM_TRACE_VCD=0 -faligned-new -fcf-protection=none -Wno-bool-operation -Wno-overloaded-virtual -Wno-shadow -Wno-sign-compare -Wno-uninitialized -Wno-unused-but-set-parameter -Wno-unused-but-set-variable -Wno-unused-parameter -Wno-unused-variable     -O3 -std=c++17 -I/work/riscv/include -I/work/chipyard/tools/DRAMSim2 -I/work/chipyard/sims/verilator/generated-src/chipyard.harness.TestHarness.RocketConfig/gen-collateral   -DVERILATOR -DVL_TIME_CONTEXT   -fcoroutines -include VTestDriver__pch.h.slow -c -o VTestDriver___024root__DepSet_hbb6e3b65__25__Slow.o VTestDriver___024root__DepSet_hbb6e3b65__25__Slow.cpp
g++   -I.  -MMD -I/usr/share/verilator/include -I/usr/share/verilator/include/vltstd -DVM_COVERAGE=0 -DVM_SC=0 -DVM_TRACE=0 -DVM_TRACE_FST=0 -DVM_TRACE_VCD=0 -faligned-new -fcf-protection=none -Wno-bool-operation -Wno-overloaded-virtual -Wno-shadow -Wno-sign-compare -Wno-uninitialized -Wno-unused-but-set-parameter -Wno-unused-but-set-variable -Wno-unused-parameter -Wno-unused-variable     -O3 -std=c++17 -I/work/riscv/include -I/work/chipyard/tools/DRAMSim2 -I/work/chipyard/sims/verilator/generated-src/chipyard.harness.TestHarness.RocketConfig/gen-collateral   -DVERILATOR -DVL_TIME_CONTEXT   -fcoroutines -include VTestDriver__pch.h.slow -c -o VTestDriver___024root__DepSet_hbb6e3b65__26__Slow.o VTestDriver___024root__DepSet_hbb6e3b65__26__Slow.cpp
g++   -I.  -MMD -I/usr/share/verilator/include -I/usr/share/verilator/include/vltstd -DVM_COVERAGE=0 -DVM_SC=0 -DVM_TRACE=0 -DVM_TRACE_FST=0 -DVM_TRACE_VCD=0 -faligned-new -fcf-protection=none -Wno-bool-operation -Wno-overloaded-virtual -Wno-shadow -Wno-sign-compare -Wno-uninitialized -Wno-unused-but-set-parameter -Wno-unused-but-set-variable -Wno-unused-parameter -Wno-unused-variable     -O3 -std=c++17 -I/work/riscv/include -I/work/chipyard/tools/DRAMSim2 -I/work/chipyard/sims/verilator/generated-src/chipyard.harness.TestHarness.RocketConfig/gen-collateral   -DVERILATOR -DVL_TIME_CONTEXT   -fcoroutines -include VTestDriver__pch.h.slow -c -o VTestDriver___024root__DepSet_hbb6e3b65__27__Slow.o VTestDriver___024root__DepSet_hbb6e3b65__27__Slow.cpp
g++   -I.  -MMD -I/usr/share/verilator/include -I/usr/share/verilator/include/vltstd -DVM_COVERAGE=0 -DVM_SC=0 -DVM_TRACE=0 -DVM_TRACE_FST=0 -DVM_TRACE_VCD=0 -faligned-new -fcf-protection=none -Wno-bool-operation -Wno-overloaded-virtual -Wno-shadow -Wno-sign-compare -Wno-uninitialized -Wno-unused-but-set-parameter -Wno-unused-but-set-variable -Wno-unused-parameter -Wno-unused-variable     -O3 -std=c++17 -I/work/riscv/include -I/work/chipyard/tools/DRAMSim2 -I/work/chipyard/sims/verilator/generated-src/chipyard.harness.TestHarness.RocketConfig/gen-collateral   -DVERILATOR -DVL_TIME_CONTEXT   -fcoroutines -include VTestDriver__pch.h.slow -c -o VTestDriver___024root__DepSet_hbb6e3b65__28__Slow.o VTestDriver___024root__DepSet_hbb6e3b65__28__Slow.cpp
g++   -I.  -MMD -I/usr/share/verilator/include -I/usr/share/verilator/include/vltstd -DVM_COVERAGE=0 -DVM_SC=0 -DVM_TRACE=0 -DVM_TRACE_FST=0 -DVM_TRACE_VCD=0 -faligned-new -fcf-protection=none -Wno-bool-operation -Wno-overloaded-virtual -Wno-shadow -Wno-sign-compare -Wno-uninitialized -Wno-unused-but-set-parameter -Wno-unused-but-set-variable -Wno-unused-parameter -Wno-unused-variable     -O3 -std=c++17 -I/work/riscv/include -I/work/chipyard/tools/DRAMSim2 -I/work/chipyard/sims/verilator/generated-src/chipyard.harness.TestHarness.RocketConfig/gen-collateral   -DVERILATOR -DVL_TIME_CONTEXT   -fcoroutines -include VTestDriver__pch.h.slow -c -o VTestDriver___024root__DepSet_hbb6e3b65__29__Slow.o VTestDriver___024root__DepSet_hbb6e3b65__29__Slow.cpp
g++   -I.  -MMD -I/usr/share/verilator/include -I/usr/share/verilator/include/vltstd -DVM_COVERAGE=0 -DVM_SC=0 -DVM_TRACE=0 -DVM_TRACE_FST=0 -DVM_TRACE_VCD=0 -faligned-new -fcf-protection=none -Wno-bool-operation -Wno-overloaded-virtual -Wno-shadow -Wno-sign-compare -Wno-uninitialized -Wno-unused-but-set-parameter -Wno-unused-but-set-variable -Wno-unused-parameter -Wno-unused-variable     -O3 -std=c++17 -I/work/riscv/include -I/work/chipyard/tools/DRAMSim2 -I/work/chipyard/sims/verilator/generated-src/chipyard.harness.TestHarness.RocketConfig/gen-collateral   -DVERILATOR -DVL_TIME_CONTEXT   -fcoroutines -include VTestDriver__pch.h.slow -c -o VTestDriver___024root__DepSet_hbb6e3b65__30__Slow.o VTestDriver___024root__DepSet_hbb6e3b65__30__Slow.cpp
g++   -I.  -MMD -I/usr/share/verilator/include -I/usr/share/verilator/include/vltstd -DVM_COVERAGE=0 -DVM_SC=0 -DVM_TRACE=0 -DVM_TRACE_FST=0 -DVM_TRACE_VCD=0 -faligned-new -fcf-protection=none -Wno-bool-operation -Wno-overloaded-virtual -Wno-shadow -Wno-sign-compare -Wno-uninitialized -Wno-unused-but-set-parameter -Wno-unused-but-set-variable -Wno-unused-parameter -Wno-unused-variable     -O3 -std=c++17 -I/work/riscv/include -I/work/chipyard/tools/DRAMSim2 -I/work/chipyard/sims/verilator/generated-src/chipyard.harness.TestHarness.RocketConfig/gen-collateral   -DVERILATOR -DVL_TIME_CONTEXT   -fcoroutines -include VTestDriver__pch.h.slow -c -o VTestDriver___024root__DepSet_hbb6e3b65__31__Slow.o VTestDriver___024root__DepSet_hbb6e3b65__31__Slow.cpp
g++   -I.  -MMD -I/usr/share/verilator/include -I/usr/share/verilator/include/vltstd -DVM_COVERAGE=0 -DVM_SC=0 -DVM_TRACE=0 -DVM_TRACE_FST=0 -DVM_TRACE_VCD=0 -faligned-new -fcf-protection=none -Wno-bool-operation -Wno-overloaded-virtual -Wno-shadow -Wno-sign-compare -Wno-uninitialized -Wno-unused-but-set-parameter -Wno-unused-but-set-variable -Wno-unused-parameter -Wno-unused-variable     -O3 -std=c++17 -I/work/riscv/include -I/work/chipyard/tools/DRAMSim2 -I/work/chipyard/sims/verilator/generated-src/chipyard.harness.TestHarness.RocketConfig/gen-collateral   -DVERILATOR -DVL_TIME_CONTEXT   -fcoroutines -include VTestDriver__pch.h.slow -c -o VTestDriver___024root__DepSet_hbb6e3b65__32__Slow.o VTestDriver___024root__DepSet_hbb6e3b65__32__Slow.cpp
g++   -I.  -MMD -I/usr/share/verilator/include -I/usr/share/verilator/include/vltstd -DVM_COVERAGE=0 -DVM_SC=0 -DVM_TRACE=0 -DVM_TRACE_FST=0 -DVM_TRACE_VCD=0 -faligned-new -fcf-protection=none -Wno-bool-operation -Wno-overloaded-virtual -Wno-shadow -Wno-sign-compare -Wno-uninitialized -Wno-unused-but-set-parameter -Wno-unused-but-set-variable -Wno-unused-parameter -Wno-unused-variable     -O3 -std=c++17 -I/work/riscv/include -I/work/chipyard/tools/DRAMSim2 -I/work/chipyard/sims/verilator/generated-src/chipyard.harness.TestHarness.RocketConfig/gen-collateral   -DVERILATOR -DVL_TIME_CONTEXT   -fcoroutines -include VTestDriver__pch.h.slow -c -o VTestDriver___024unit__Slow.o VTestDriver___024unit__Slow.cpp
g++   -I.  -MMD -I/usr/share/verilator/include -I/usr/share/verilator/include/vltstd -DVM_COVERAGE=0 -DVM_SC=0 -DVM_TRACE=0 -DVM_TRACE_FST=0 -DVM_TRACE_VCD=0 -faligned-new -fcf-protection=none -Wno-bool-operation -Wno-overloaded-virtual -Wno-shadow -Wno-sign-compare -Wno-uninitialized -Wno-unused-but-set-parameter -Wno-unused-but-set-variable -Wno-unused-parameter -Wno-unused-variable     -O3 -std=c++17 -I/work/riscv/include -I/work/chipyard/tools/DRAMSim2 -I/work/chipyard/sims/verilator/generated-src/chipyard.harness.TestHarness.RocketConfig/gen-collateral   -DVERILATOR -DVL_TIME_CONTEXT   -fcoroutines -include VTestDriver__pch.h.slow -c -o VTestDriver___024unit__DepSet_h44496666__0__Slow.o VTestDriver___024unit__DepSet_h44496666__0__Slow.cpp
g++   -I.  -MMD -I/usr/share/verilator/include -I/usr/share/verilator/include/vltstd -DVM_COVERAGE=0 -DVM_SC=0 -DVM_TRACE=0 -DVM_TRACE_FST=0 -DVM_TRACE_VCD=0 -faligned-new -fcf-protection=none -Wno-bool-operation -Wno-overloaded-virtual -Wno-shadow -Wno-sign-compare -Wno-uninitialized -Wno-unused-but-set-parameter -Wno-unused-but-set-variable -Wno-unused-parameter -Wno-unused-variable     -O3 -std=c++17 -I/work/riscv/include -I/work/chipyard/tools/DRAMSim2 -I/work/chipyard/sims/verilator/generated-src/chipyard.harness.TestHarness.RocketConfig/gen-collateral   -DVERILATOR -DVL_TIME_CONTEXT   -fcoroutines -include VTestDriver__pch.h.slow -c -o VTestDriver__Syms.o VTestDriver__Syms.cpp
g++   -I.  -MMD -I/usr/share/verilator/include -I/usr/share/verilator/include/vltstd -DVM_COVERAGE=0 -DVM_SC=0 -DVM_TRACE=0 -DVM_TRACE_FST=0 -DVM_TRACE_VCD=0 -faligned-new -fcf-protection=none -Wno-bool-operation -Wno-overloaded-virtual -Wno-shadow -Wno-sign-compare -Wno-uninitialized -Wno-unused-but-set-parameter -Wno-unused-but-set-variable -Wno-unused-parameter -Wno-unused-variable     -O3 -std=c++17 -I/work/riscv/include -I/work/chipyard/tools/DRAMSim2 -I/work/chipyard/sims/verilator/generated-src/chipyard.harness.TestHarness.RocketConfig/gen-collateral   -DVERILATOR -DVL_TIME_CONTEXT   -fcoroutines -include VTestDriver__pch.h.slow -c -o VTestDriver__Syms__1.o VTestDriver__Syms__1.cpp
Archive ar -rcs VTestDriver__ALL.a VTestDriver.o VTestDriver___024root__DepSet_h662e1026__0.o VTestDriver___024root__DepSet_h662e1026__1.o VTestDriver___024root__DepSet_h662e1026__2.o VTestDriver___024root__DepSet_h662e1026__3.o VTestDriver___024root__DepSet_h662e1026__4.o VTestDriver___024root__DepSet_h662e1026__5.o VTestDriver___024root__DepSet_h662e1026__6.o VTestDriver___024root__DepSet_h662e1026__7.o VTestDriver___024root__DepSet_h662e1026__8.o VTestDriver___024root__DepSet_h662e1026__9.o VTestDriver___024root__DepSet_h662e1026__10.o VTestDriver___024root__DepSet_h662e1026__11.o VTestDriver___024root__DepSet_h662e1026__12.o VTestDriver___024root__DepSet_h662e1026__13.o VTestDriver___024root__DepSet_h662e1026__14.o VTestDriver___024root__DepSet_h662e1026__15.o VTestDriver___024root__DepSet_h662e1026__16.o VTestDriver___024root__DepSet_h662e1026__17.o VTestDriver___024root__DepSet_h662e1026__18.o VTestDriver___024root__DepSet_h662e1026__19.o VTestDriver___024root__DepSet_h662e1026__20.o VTestDriver___024root__DepSet_h662e1026__21.o VTestDriver___024root__DepSet_h662e1026__22.o VTestDriver___024root__DepSet_h662e1026__23.o VTestDriver___024root__DepSet_h662e1026__24.o VTestDriver___024root__DepSet_h662e1026__25.o VTestDriver___024root__DepSet_h662e1026__26.o VTestDriver___024root__DepSet_h662e1026__27.o VTestDriver___024root__DepSet_h662e1026__28.o VTestDriver___024root__DepSet_h662e1026__29.o VTestDriver___024root__DepSet_h662e1026__30.o VTestDriver___024root__DepSet_h662e1026__31.o VTestDriver___024root__DepSet_h662e1026__32.o VTestDriver___024root__DepSet_h662e1026__33.o VTestDriver___024root__DepSet_h662e1026__34.o VTestDriver___024root__DepSet_h662e1026__35.o VTestDriver___024root__DepSet_h662e1026__36.o VTestDriver___024root__DepSet_h662e1026__37.o VTestDriver___024root__DepSet_h662e1026__38.o VTestDriver___024root__DepSet_h662e1026__39.o VTestDriver___024root__DepSet_h662e1026__40.o VTestDriver___024root__DepSet_h662e1026__41.o VTestDriver___024root__DepSet_h662e1026__42.o VTestDriver___024root__DepSet_h662e1026__43.o VTestDriver___024root__DepSet_h662e1026__44.o VTestDriver___024root__DepSet_h662e1026__45.o VTestDriver___024root__DepSet_h662e1026__46.o VTestDriver___024root__DepSet_h662e1026__47.o VTestDriver___024root__DepSet_h662e1026__48.o VTestDriver___024root__DepSet_h662e1026__49.o VTestDriver___024root__DepSet_h662e1026__50.o VTestDriver___024root__DepSet_h662e1026__51.o VTestDriver___024root__DepSet_h662e1026__52.o VTestDriver___024root__DepSet_h662e1026__53.o VTestDriver___024root__DepSet_h662e1026__54.o VTestDriver___024root__DepSet_h662e1026__55.o VTestDriver___024root__DepSet_h662e1026__56.o VTestDriver___024root__DepSet_h662e1026__57.o VTestDriver___024root__DepSet_hbb6e3b65__0.o VTestDriver___024root__DepSet_hbb6e3b65__1.o VTestDriver___024root__DepSet_hbb6e3b65__2.o VTestDriver___024root__DepSet_hbb6e3b65__3.o VTestDriver___024root__DepSet_hbb6e3b65__4.o VTestDriver___024root__DepSet_hbb6e3b65__5.o VTestDriver___024root__DepSet_hbb6e3b65__6.o VTestDriver___024root__DepSet_hbb6e3b65__7.o VTestDriver___024root__DepSet_hbb6e3b65__8.o VTestDriver___024root__DepSet_hbb6e3b65__9.o VTestDriver___024root__DepSet_hbb6e3b65__10.o VTestDriver___024root__DepSet_hbb6e3b65__11.o VTestDriver___024root__DepSet_hbb6e3b65__12.o VTestDriver___024root__DepSet_hbb6e3b65__13.o VTestDriver___024root__DepSet_hbb6e3b65__14.o VTestDriver___024root__DepSet_hbb6e3b65__15.o VTestDriver___024root__DepSet_hbb6e3b65__16.o VTestDriver___024root__DepSet_hbb6e3b65__17.o VTestDriver___024root__DepSet_hbb6e3b65__18.o VTestDriver___024root__DepSet_hbb6e3b65__19.o VTestDriver___024root__DepSet_hbb6e3b65__20.o VTestDriver___024root__DepSet_hbb6e3b65__21.o VTestDriver___024root__DepSet_hbb6e3b65__22.o VTestDriver___024root__DepSet_hbb6e3b65__23.o VTestDriver___024root__DepSet_hbb6e3b65__24.o VTestDriver___024root__DepSet_hbb6e3b65__25.o VTestDriver___024root__DepSet_hbb6e3b65__26.o VTestDriver___024root__DepSet_hbb6e3b65__27.o VTestDriver___024root__DepSet_hbb6e3b65__28.o VTestDriver___024root__DepSet_hbb6e3b65__29.o VTestDriver___024root__DepSet_hbb6e3b65__30.o VTestDriver___024root__DepSet_hbb6e3b65__31.o VTestDriver___024root__DepSet_hbb6e3b65__32.o VTestDriver___024root__DepSet_hbb6e3b65__33.o VTestDriver___024root__DepSet_hbb6e3b65__34.o VTestDriver___024unit__DepSet_hf172cd27__0.o VTestDriver__main.o VTestDriver__Dpi.o VTestDriver__ConstPool_0.o VTestDriver___024root__Slow.o VTestDriver___024root__DepSet_h662e1026__0__Slow.o VTestDriver___024root__DepSet_hbb6e3b65__0__Slow.o VTestDriver___024root__DepSet_hbb6e3b65__1__Slow.o VTestDriver___024root__DepSet_hbb6e3b65__2__Slow.o VTestDriver___024root__DepSet_hbb6e3b65__3__Slow.o VTestDriver___024root__DepSet_hbb6e3b65__4__Slow.o VTestDriver___024root__DepSet_hbb6e3b65__5__Slow.o VTestDriver___024root__DepSet_hbb6e3b65__6__Slow.o VTestDriver___024root__DepSet_hbb6e3b65__7__Slow.o VTestDriver___024root__DepSet_hbb6e3b65__8__Slow.o VTestDriver___024root__DepSet_hbb6e3b65__9__Slow.o VTestDriver___024root__DepSet_hbb6e3b65__10__Slow.o VTestDriver___024root__DepSet_hbb6e3b65__11__Slow.o VTestDriver___024root__DepSet_hbb6e3b65__12__Slow.o VTestDriver___024root__DepSet_hbb6e3b65__13__Slow.o VTestDriver___024root__DepSet_hbb6e3b65__14__Slow.o VTestDriver___024root__DepSet_hbb6e3b65__15__Slow.o VTestDriver___024root__DepSet_hbb6e3b65__16__Slow.o VTestDriver___024root__DepSet_hbb6e3b65__17__Slow.o VTestDriver___024root__DepSet_hbb6e3b65__18__Slow.o VTestDriver___024root__DepSet_hbb6e3b65__19__Slow.o VTestDriver___024root__DepSet_hbb6e3b65__20__Slow.o VTestDriver___024root__DepSet_hbb6e3b65__21__Slow.o VTestDriver___024root__DepSet_hbb6e3b65__22__Slow.o VTestDriver___024root__DepSet_hbb6e3b65__23__Slow.o VTestDriver___024root__DepSet_hbb6e3b65__24__Slow.o VTestDriver___024root__DepSet_hbb6e3b65__25__Slow.o VTestDriver___024root__DepSet_hbb6e3b65__26__Slow.o VTestDriver___024root__DepSet_hbb6e3b65__27__Slow.o VTestDriver___024root__DepSet_hbb6e3b65__28__Slow.o VTestDriver___024root__DepSet_hbb6e3b65__29__Slow.o VTestDriver___024root__DepSet_hbb6e3b65__30__Slow.o VTestDriver___024root__DepSet_hbb6e3b65__31__Slow.o VTestDriver___024root__DepSet_hbb6e3b65__32__Slow.o VTestDriver___024unit__Slow.o VTestDriver___024unit__DepSet_h44496666__0__Slow.o VTestDriver__Syms.o VTestDriver__Syms__1.o
g++     SimDRAM.o SimJTAG.o SimTSI.o SimUART.o mm.o mm_dramsim2.o remote_bitbang.o testchip_htif.o testchip_tsi.o uart.o verilated.o verilated_dpi.o verilated_vpi.o verilated_timing.o verilated_threads.o VTestDriver__ALL.a   -L/work/riscv/lib -Wl,-rpath,/work/riscv/lib -L/work/chipyard/sims/verilator -L/work/chipyard/tools/DRAMSim2 -lriscv -lfesvr -ldramsim  -pthread -lpthread -latomic   -o /work/chipyard/sims/verilator/simulator-chipyard.harness-RocketConfig
rm VTestDriver__ALL.verilator_deplist.tmp
make[1]: Leaving directory '/work/chipyard/sims/verilator/generated-src/chipyard.harness.TestHarness.RocketConfig/chipyard.harness.TestHarness.RocketConfig'

real	1m5.922s
user	4m38.169s
sys	0m6.684s
=== make exit: 0 ===
-rwxr-xr-x 1 dev dev 10624608 Jun 11 06:11 simulator-chipyard.harness-RocketConfig
