!!!!! WARNING: No conda environment detected. Did you activate the conda environment (e.x. 'conda activate base')?
 ========== BEGINNING STEP 3: Building toolchain collateral ==========
Installing extra toolchain utilities/tests to /work/riscv
==>  Installing Spike
=>  Starting riscv-isa-sim build
==>  Initializing riscv-isa-sim submodule
+ git submodule update --init --recursive /work/chipyard/toolchains/riscv-tools/riscv-isa-sim
Cloning into '/work/chipyard/toolchains/riscv-tools/riscv-isa-sim'...
Submodule path 'toolchains/riscv-tools/riscv-isa-sim': checked out 'de5094a1a901d77ff44f89b38e00fefa15d4018e'
==>  cd /work/chipyard/toolchains/riscv-tools/riscv-isa-sim
+ mkdir -p build
==>  Configuring riscv-isa-sim
+ cd build
+ ../configure --prefix=/work/riscv --with-boost=no --with-boost-asio=no --with-boost-regex=no
checking build system type... aarch64-unknown-linux-gnu
checking host system type... aarch64-unknown-linux-gnu
checking for gcc... gcc
checking whether the C compiler works... yes
checking for C compiler default output file name... a.out
checking for suffix of executables... 
checking whether we are cross compiling... no
checking for suffix of object files... o
checking whether the compiler supports GNU C... yes
checking whether gcc accepts -g... yes
checking for gcc option to enable C11 features... none needed
checking for g++... g++
checking whether the compiler supports GNU C++... yes
checking whether g++ accepts -g... yes
checking for g++ option to enable C++11 features... none needed
checking for ar... ar
checking for ranlib... ranlib
checking for dtc... /usr/bin/dtc
checking for stdio.h... yes
checking for stdlib.h... yes
checking for string.h... yes
checking for inttypes.h... yes
checking for stdint.h... yes
checking for strings.h... yes
checking for sys/stat.h... yes
checking for sys/types.h... yes
checking for unistd.h... yes
checking whether byte ordering is bigendian... no
checking for a BSD-compatible install... /usr/bin/install -c
checking for grep that handles long lines and -e... /usr/bin/grep
checking for egrep... /usr/bin/grep -E
checking for __int128_t... yes
checking whether the linker accepts -Wl,--export-dynamic... yes
checking whether C++ compiler accepts -relocatable-pch... no
configure: configuring default subproject : fesvr
checking for pthread_create in -lpthread... yes
checking for struct statx.stx_ino... yes
checking for struct statx.stx_mnt_id... yes
configure: configuring default subproject : riscv
checking for main in -lboost_system... no
checking for main in -lboost_regex... no
checking for library containing dlopen... none required
checking for pthread_create in -lpthread... (cached) yes
configure: configuring default subproject : disasm
configure: configuring default subproject : customext
configure: configuring default subproject : fdt
configure: configuring default subproject : softfloat
configure: configuring default subproject : spike_main
configure: configuring default subproject : spike_dasm
configure: creating ./config.status
config.status: creating fesvr.mk
config.status: creating riscv.mk
config.status: creating disasm.mk
config.status: creating customext.mk
config.status: creating fdt.mk
config.status: creating softfloat.mk
config.status: creating spike_main.mk
config.status: creating spike_dasm.mk
config.status: creating Makefile
config.status: creating riscv-fesvr.pc
config.status: creating riscv-disasm.pc
config.status: creating riscv-riscv.pc
config.status: creating config.h
==>  Building riscv-isa-sim
+ /usr/bin/gmake -C build
gmake: Entering directory '/work/chipyard/toolchains/riscv-tools/riscv-isa-sim/build'
g++ -MMD -MP  -DPREFIX=\"/work/riscv\" -Wall -Wno-unused -Wno-nonportable-include-path -g -O2 -fPIC -std=c++2a -g -O2   -iquote . -I.. -iquote ../fesvr -iquote ../riscv -iquote ../disasm -iquote ../customext -iquote ../fdt -iquote ../softfloat -iquote ../spike_main -iquote ../spike_dasm    -c ../fesvr/elfloader.cc
g++ -MMD -MP  -DPREFIX=\"/work/riscv\" -Wall -Wno-unused -Wno-nonportable-include-path -g -O2 -fPIC -std=c++2a -g -O2   -iquote . -I.. -iquote ../fesvr -iquote ../riscv -iquote ../disasm -iquote ../customext -iquote ../fdt -iquote ../softfloat -iquote ../spike_main -iquote ../spike_dasm    -c ../fesvr/htif.cc
g++ -MMD -MP  -DPREFIX=\"/work/riscv\" -Wall -Wno-unused -Wno-nonportable-include-path -g -O2 -fPIC -std=c++2a -g -O2   -iquote . -I.. -iquote ../fesvr -iquote ../riscv -iquote ../disasm -iquote ../customext -iquote ../fdt -iquote ../softfloat -iquote ../spike_main -iquote ../spike_dasm    -c ../fesvr/memif.cc
g++ -MMD -MP  -DPREFIX=\"/work/riscv\" -Wall -Wno-unused -Wno-nonportable-include-path -g -O2 -fPIC -std=c++2a -g -O2   -iquote . -I.. -iquote ../fesvr -iquote ../riscv -iquote ../disasm -iquote ../customext -iquote ../fdt -iquote ../softfloat -iquote ../spike_main -iquote ../spike_dasm    -c ../fesvr/dtm.cc
g++ -MMD -MP  -DPREFIX=\"/work/riscv\" -Wall -Wno-unused -Wno-nonportable-include-path -g -O2 -fPIC -std=c++2a -g -O2   -iquote . -I.. -iquote ../fesvr -iquote ../riscv -iquote ../disasm -iquote ../customext -iquote ../fdt -iquote ../softfloat -iquote ../spike_main -iquote ../spike_dasm    -c ../fesvr/syscall.cc
g++ -MMD -MP  -DPREFIX=\"/work/riscv\" -Wall -Wno-unused -Wno-nonportable-include-path -g -O2 -fPIC -std=c++2a -g -O2   -iquote . -I.. -iquote ../fesvr -iquote ../riscv -iquote ../disasm -iquote ../customext -iquote ../fdt -iquote ../softfloat -iquote ../spike_main -iquote ../spike_dasm    -c ../fesvr/device.cc
g++ -MMD -MP  -DPREFIX=\"/work/riscv\" -Wall -Wno-unused -Wno-nonportable-include-path -g -O2 -fPIC -std=c++2a -g -O2   -iquote . -I.. -iquote ../fesvr -iquote ../riscv -iquote ../disasm -iquote ../customext -iquote ../fdt -iquote ../softfloat -iquote ../spike_main -iquote ../spike_dasm    -c ../fesvr/rfb.cc
g++ -MMD -MP  -DPREFIX=\"/work/riscv\" -Wall -Wno-unused -Wno-nonportable-include-path -g -O2 -fPIC -std=c++2a -g -O2   -iquote . -I.. -iquote ../fesvr -iquote ../riscv -iquote ../disasm -iquote ../customext -iquote ../fdt -iquote ../softfloat -iquote ../spike_main -iquote ../spike_dasm    -c ../fesvr/context.cc
In file included from ../riscv/trap.h:7,
                 from ../fesvr/htif.cc:9:
../riscv/encoding.h:3022:9: warning: ISO C++11 requires whitespace after the macro name
 3022 | #define INSN_FIELD_RS2=RS1 0x1f00000
      |         ^~~~~~~~~~~~~~
../riscv/encoding.h:3022: warning: "INSN_FIELD_RS2" redefined
 3022 | #define INSN_FIELD_RS2=RS1 0x1f00000
      | 
../riscv/encoding.h:2919: note: this is the location of the previous definition
 2919 | #define INSN_FIELD_RS2 0x1f00000
      | 
g++ -MMD -MP  -DPREFIX=\"/work/riscv\" -Wall -Wno-unused -Wno-nonportable-include-path -g -O2 -fPIC -std=c++2a -g -O2   -iquote . -I.. -iquote ../fesvr -iquote ../riscv -iquote ../disasm -iquote ../customext -iquote ../fdt -iquote ../softfloat -iquote ../spike_main -iquote ../spike_dasm    -c ../fesvr/htif_pthread.cc
g++ -MMD -MP  -DPREFIX=\"/work/riscv\" -Wall -Wno-unused -Wno-nonportable-include-path -g -O2 -fPIC -std=c++2a -g -O2   -iquote . -I.. -iquote ../fesvr -iquote ../riscv -iquote ../disasm -iquote ../customext -iquote ../fdt -iquote ../softfloat -iquote ../spike_main -iquote ../spike_dasm    -c ../fesvr/htif_hexwriter.cc
g++ -MMD -MP  -DPREFIX=\"/work/riscv\" -Wall -Wno-unused -Wno-nonportable-include-path -g -O2 -fPIC -std=c++2a -g -O2   -iquote . -I.. -iquote ../fesvr -iquote ../riscv -iquote ../disasm -iquote ../customext -iquote ../fdt -iquote ../softfloat -iquote ../spike_main -iquote ../spike_dasm    -c ../fesvr/dummy.cc
g++ -MMD -MP  -DPREFIX=\"/work/riscv\" -Wall -Wno-unused -Wno-nonportable-include-path -g -O2 -fPIC -std=c++2a -g -O2   -iquote . -I.. -iquote ../fesvr -iquote ../riscv -iquote ../disasm -iquote ../customext -iquote ../fdt -iquote ../softfloat -iquote ../spike_main -iquote ../spike_dasm    -c ../fesvr/option_parser.cc
g++ -MMD -MP  -DPREFIX=\"/work/riscv\" -Wall -Wno-unused -Wno-nonportable-include-path -g -O2 -fPIC -std=c++2a -g -O2   -iquote . -I.. -iquote ../fesvr -iquote ../riscv -iquote ../disasm -iquote ../customext -iquote ../fdt -iquote ../softfloat -iquote ../spike_main -iquote ../spike_dasm    -c ../fesvr/term.cc
g++ -MMD -MP  -DPREFIX=\"/work/riscv\" -Wall -Wno-unused -Wno-nonportable-include-path -g -O2 -fPIC -std=c++2a -g -O2   -iquote . -I.. -iquote ../fesvr -iquote ../riscv -iquote ../disasm -iquote ../customext -iquote ../fdt -iquote ../softfloat -iquote ../spike_main -iquote ../spike_dasm    -c ../fesvr/tsi.cc
for insn in add addi addiw addw and andi auipc beq bge bgeu blt bltu bne jal jalr lb lbu ld lh lhu lui lw lwu or ori sb sd sh sll slli slliw sllw slt slti sltiu sltu sra srai sraiw sraw srl srli srliw srlw sub subw sw xor xori fence fence_i c_add c_addi c_addi4spn c_addw c_and c_andi c_beqz c_bnez c_ebreak c_fld c_fldsp c_flw c_flwsp c_fsd c_fsdsp c_fsw c_fswsp c_j c_jal c_jalr c_jr c_li c_lui c_ld c_ldsp c_lw c_lwsp c_mv c_or c_slli c_srai c_srli c_sub c_subw c_sd c_sdsp c_sw c_swsp c_xor fadd_s fclass_s fcvt_l_s fcvt_lu_s fcvt_s_l fcvt_s_lu fcvt_s_w fcvt_s_wu fcvt_w_s fcvt_wu_s fdiv_s feq_s fle_s flt_s flw fmadd_s fmax_s fmin_s fmsub_s fmul_s fmv_w_x fmv_x_w fnmadd_s fnmsub_s fsgnj_s fsgnjn_s fsgnjx_s fsqrt_s fsub_s fsw fadd_d fclass_d fcvt_d_l fcvt_d_lu fcvt_d_q fcvt_d_s fcvt_d_w fcvt_d_wu fcvt_l_d fcvt_lu_d fcvt_s_d fcvt_w_d fcvt_wu_d fdiv_d feq_d fld fle_d flt_d fmadd_d fmax_d fmin_d fmsub_d fmul_d fmv_d_x fmv_x_d fnmadd_d fnmsub_d fsd fsgnj_d fsgnjn_d fsgnjx_d fsqrt_d fsub_d div divu divuw divw mul mulh mulhsu mulhu mulw rem remu remuw remw add_uw andn sh1add sh1add_uw sh2add sh2add_uw sh3add sh3add_uw clmul clmulh clmulr clz clzw ctz ctzw gorci grevi max maxu min minu orn pack packh packw cpop cpopw rol rolw ror rori roriw rorw bclr bclri bext bexti binv binvi bset bseti sext_b sext_h shfli slli_uw unshfli xnor xperm4 xperm8 amoadd_d amoadd_w amoand_d amoand_w amomax_d amomaxu_d amomaxu_w amomax_w amomin_d amominu_d amominu_w amomin_w amoor_d amoor_w amoswap_d amoswap_w amoxor_d amoxor_w lr_d lr_w sc_d sc_w vfadd_vf vfadd_vv vfclass_v vfcvt_f_x_v vfcvt_f_xu_v vfcvt_rtz_x_f_v vfcvt_rtz_xu_f_v vfcvt_x_f_v vfcvt_xu_f_v vfdiv_vf vfdiv_vv vfmacc_vf vfmacc_vv vfmadd_vf vfmadd_vv vfmax_vf vfmax_vv vfmerge_vfm vfmin_vf vfmin_vv vfmsac_vf vfmsac_vv vfmsub_vf vfmsub_vv vfmul_vf vfmul_vv vfmv_f_s vfmv_s_f vfmv_v_f vfncvt_f_f_w vfncvt_f_x_w vfncvt_f_xu_w vfncvt_rod_f_f_w vfncvt_rtz_x_f_w vfncvt_rtz_xu_f_w vfncvt_x_f_w vfncvt_xu_f_w vfnmacc_vf vfnmacc_vv vfnmadd_vf vfnmadd_vv vfnmsac_vf vfnmsac_vv vfnmsub_vf vfnmsub_vv vfrdiv_vf vfredmax_vs vfredmin_vs vfredosum_vs vfredusum_vs vfrec7_v vfrsub_vf vfrsqrt7_v vfsgnj_vf vfsgnj_vv vfsgnjn_vf vfsgnjn_vv vfsgnjx_vf vfsgnjx_vv vfsqrt_v vfslide1down_vf vfslide1up_vf vfsub_vf vfsub_vv vfwadd_vf vfwadd_vv vfwadd_wf vfwadd_wv vfwcvt_f_f_v vfwcvt_f_x_v vfwcvt_f_xu_v vfwcvt_rtz_x_f_v vfwcvt_rtz_xu_f_v vfwcvt_x_f_v vfwcvt_xu_f_v vfwmacc_vf vfwmacc_vv vfwmsac_vf vfwmsac_vv vfwmul_vf vfwmul_vv vfwnmacc_vf vfwnmacc_vv vfwnmsac_vf vfwnmsac_vv vfwredosum_vs vfwredusum_vs vfwsub_vf vfwsub_vv vfwsub_wf vfwsub_wv vmfeq_vf vmfeq_vv vmfge_vf vmfgt_vf vmfle_vf vmfle_vv vmflt_vf vmflt_vv vmfne_vf vmfne_vv vaadd_vv vaaddu_vv vaadd_vx vaaddu_vx vadc_vim vadc_vvm vadc_vxm vadd_vi vadd_vv vadd_vx vand_vi vand_vv vand_vx vasub_vv vasubu_vv vasub_vx vasubu_vx vcompress_vm vcpop_m vdiv_vv vdiv_vx vdivu_vv vdivu_vx vid_v viota_m vmacc_vv vmacc_vx vmadc_vv vmadc_vx vmadc_vi vmadc_vim vmadc_vvm vmadc_vxm vmadd_vv vmadd_vx vmand_mm vmandn_mm vmax_vv vmax_vx vmaxu_vv vmaxu_vx vmerge_vim vmerge_vvm vmerge_vxm vfirst_m vmin_vv vmin_vx vminu_vv vminu_vx vmnand_mm vmnor_mm vmor_mm vmorn_mm vmsbc_vv vmsbc_vx vmsbc_vvm vmsbc_vxm vmsbf_m vmseq_vi vmseq_vv vmseq_vx vmsgt_vi vmsgt_vx vmsgtu_vi vmsgtu_vx vmsif_m vmsle_vi vmsle_vv vmsle_vx vmsleu_vi vmsleu_vv vmsleu_vx vmslt_vv vmslt_vx vmsltu_vv vmsltu_vx vmsne_vi vmsne_vv vmsne_vx vmsof_m vmul_vv vmul_vx vmulh_vv vmulh_vx vmulhsu_vv vmulhsu_vx vmulhu_vv vmulhu_vx vmv_s_x vmv_v_i vmv_v_v vmv_v_x vmv_x_s vmv1r_v vmv2r_v vmv4r_v vmv8r_v vmxnor_mm vmxor_mm vnclip_wi vnclip_wv vnclip_wx vnclipu_wi vnclipu_wv vnclipu_wx vnmsac_vv vnmsac_vx vnmsub_vv vnmsub_vx vnsra_wi vnsra_wv vnsra_wx vnsrl_wi vnsrl_wv vnsrl_wx vor_vi vor_vv vor_vx vredand_vs vredmax_vs vredmaxu_vs vredmin_vs vredminu_vs vredor_vs vredsum_vs vredxor_vs vrem_vv vrem_vx vremu_vv vremu_vx vrgather_vi vrgather_vv vrgather_vx vrgatherei16_vv vrsub_vi vrsub_vx vsadd_vi vsadd_vv vsadd_vx vsaddu_vi vsaddu_vv vsaddu_vx vsbc_vvm vsbc_vxm vsext_vf2 vsext_vf4 vsext_vf8 vslide1down_vx vslide1up_vx vslidedown_vi vslidedown_vx vslideup_vi vslideup_vx vsll_vi vsll_vv vsll_vx vsmul_vv vsmul_vx vsra_vi vsra_vv vsra_vx vsrl_vi vsrl_vv vsrl_vx vssra_vi vssra_vv vssra_vx vssrl_vi vssrl_vv vssrl_vx vssub_vv vssub_vx vssubu_vv vssubu_vx vsub_vv vsub_vx vwadd_vv vwadd_vx vwadd_wv vwadd_wx vwaddu_vv vwaddu_vx vwaddu_wv vwaddu_wx vwmacc_vv vwmacc_vx vwmaccsu_vv vwmaccsu_vx vwmaccu_vv vwmaccu_vx vwmaccus_vx vwmul_vv vwmul_vx vwmulsu_vv vwmulsu_vx vwmulu_vv vwmulu_vx vwredsum_vs vwredsumu_vs vwsub_vv vwsub_vx vwsub_wv vwsub_wx vwsubu_vv vwsubu_vx vwsubu_wv vwsubu_wx vxor_vi vxor_vv vxor_vx vzext_vf2 vzext_vf4 vzext_vf8 vsetivli vsetvli vsetvl vlm_v vle8_v vle16_v vle32_v vle64_v vloxei8_v vloxei16_v vloxei32_v vloxei64_v vlse8_v vlse16_v vlse32_v vlse64_v vluxei8_v vluxei16_v vluxei32_v vluxei64_v vle8ff_v vle16ff_v vle32ff_v vle64ff_v vl1re8_v vl2re8_v vl4re8_v vl8re8_v vl1re16_v vl2re16_v vl4re16_v vl8re16_v vl1re32_v vl2re32_v vl4re32_v vl8re32_v vl1re64_v vl2re64_v vl4re64_v vl8re64_v vsm_v vse8_v vse16_v vse32_v vse64_v vsse8_v vsoxei8_v vsoxei16_v vsoxei32_v vsoxei64_v vsse16_v vsse32_v vsse64_v vsuxei8_v vsuxei16_v vsuxei32_v vsuxei64_v vs1r_v vs2r_v vs4r_v vs8r_v fcvt_bf16_s fcvt_s_bf16 vfncvtbf16_f_f_w vfwcvtbf16_f_f_v vfwmaccbf16_vv vfwmaccbf16_vf cbo_clean cbo_flush cbo_inval cbo_zero fli_d fmaxm_d fminm_d fround_d froundnx_d fmvh_x_d fmvp_d_x fcvtmod_w_d fleq_d fltq_d fli_s fmaxm_s fminm_s fround_s froundnx_s fleq_s fltq_s hfence_gvma hfence_vvma hlv_b hlv_bu hlv_h hlv_hu hlvx_hu hlv_w hlv_wu hlvx_wu hlv_d hsv_b hsv_h hsv_w hsv_d aes32dsi aes32dsmi aes32esi aes32esmi aes64ds aes64dsm aes64es aes64esm aes64ks1i aes64ks2 aes64im sha256sig0 sha256sig1 sha256sum0 sha256sum1 sha512sig0 sha512sig0h sha512sig0l sha512sig1 sha512sig1h sha512sig1l sha512sum0 sha512sum0r sha512sum1 sha512sum1r sm3p0 sm3p1 sm4ed sm4ks fadd_q fclass_q fcvt_l_q fcvt_lu_q fcvt_q_d fcvt_q_l fcvt_q_lu fcvt_q_s fcvt_q_w fcvt_q_wu fcvt_s_q fcvt_w_q fcvt_wu_q fdiv_q feq_q fle_q flq flt_q fmadd_q fmax_q fmin_q fmsub_q fmul_q fnmadd_q fnmsub_q fsgnj_q fsgnjn_q fsgnjx_q fsq fsqrt_q fsub_q fli_q fmaxm_q fminm_q fround_q froundnx_q fmvh_x_q fmvp_q_x fleq_q fltq_q amocas_w amocas_d amocas_q amoadd_b amoand_b amomax_b amomaxu_b amomin_b amominu_b amoor_b amoswap_b amoxor_b amocas_b amoadd_h amoand_h amomax_h amomaxu_h amomin_h amominu_h amoor_h amoswap_h amoxor_h amocas_h wrs_sto wrs_nto lb_aq lh_aq lw_aq ld_aq sb_rl sh_rl sw_rl sd_rl c_zext_b c_zext_h c_zext_w c_sext_b c_sext_h c_not c_mul c_lbu c_lhu c_lh c_sb c_sh cm_push cm_pop cm_popret cm_popretz cm_mva01s cm_mvsa01 cm_jalt fadd_h fclass_h fcvt_l_h fcvt_lu_h fcvt_d_h fcvt_h_d fcvt_h_l fcvt_h_lu fcvt_h_q fcvt_h_s fcvt_h_w fcvt_h_wu fcvt_q_h fcvt_s_h fcvt_w_h fcvt_wu_h fdiv_h feq_h fle_h flh flt_h fmadd_h fmax_h fmin_h fmsub_h fmul_h fmv_h_x fmv_x_h fnmadd_h fnmsub_h fsgnj_h fsgnjn_h fsgnjx_h fsh fsqrt_h fsub_h fli_h fmaxm_h fminm_h fround_h froundnx_h fleq_h fltq_h czero_eqz czero_nez vandn_vv vandn_vx vbrev8_v vbrev_v vclz_v vcpop_v vctz_v vrev8_v vrol_vv vrol_vx vror_vi vror_vv vror_vx vwsll_vi vwsll_vv vwsll_vx vclmul_vv vclmul_vx vclmulh_vv vclmulh_vx vghsh_vv vgmul_vv vaesdf_vs vaesdf_vv vaesdm_vs vaesdm_vv vaesef_vs vaesef_vv vaesem_vs vaesem_vv vaeskf1_vi vaeskf2_vi vaesz_vs vsha2cl_vv vsha2ch_vv vsha2ms_vv vsm4k_vi vsm4r_vs vsm4r_vv vsm3c_vi vsm3me_vv csrrc csrrci csrrs csrrsi csrrw csrrwi dret ebreak ecall mret sfence_vma sret wfi mnret sfence_w_inval sfence_inval_ir sinval_vma hinval_vvma hinval_gvma mop_r_N mop_rr_N c_mop_N lpad sspush_x1 sspush_x5 sspopchk_x1 sspopchk_x5 ssrdp ssamoswap_w ssamoswap_d c_sspush_x1 c_sspopchk_x5 ; do \
	printf 'DEFINE_INSN(%s)\n' "${insn}" ; \
done > insn_list.h.tmp
mv insn_list.h.tmp insn_list.h
g++ -MMD -MP  -DPREFIX=\"/work/riscv\" -Wall -Wno-unused -Wno-nonportable-include-path -g -O2 -fPIC -std=c++2a -g -O2   -iquote . -I.. -iquote ../fesvr -iquote ../riscv -iquote ../disasm -iquote ../customext -iquote ../fdt -iquote ../softfloat -iquote ../spike_main -iquote ../spike_dasm  -x c++-header ../riscv/insn_template.h -c -o insn_template.h.gch
In file included from ../riscv/decode_macros.h:8,
                 from ../riscv/insn_template.h:3:
../riscv/encoding.h:3022:9: warning: ISO C++11 requires whitespace after the macro name
 3022 | #define INSN_FIELD_RS2=RS1 0x1f00000
      |         ^~~~~~~~~~~~~~
../riscv/encoding.h:3022: warning: "INSN_FIELD_RS2" redefined
 3022 | #define INSN_FIELD_RS2=RS1 0x1f00000
      | 
../riscv/encoding.h:2919: note: this is the location of the previous definition
 2919 | #define INSN_FIELD_RS2 0x1f00000
      | 
sed 's/NAME/add/' ../riscv/insn_template.cc | sed 's/OPCODE/ MATCH_ADD/' > add.cc
sed 's/NAME/addi/' ../riscv/insn_template.cc | sed 's/OPCODE/ MATCH_ADDI/' > addi.cc
sed 's/NAME/addiw/' ../riscv/insn_template.cc | sed 's/OPCODE/ MATCH_ADDIW/' > addiw.cc
sed 's/NAME/addw/' ../riscv/insn_template.cc | sed 's/OPCODE/ MATCH_ADDW/' > addw.cc
sed 's/NAME/and/' ../riscv/insn_template.cc | sed 's/OPCODE/ MATCH_AND/' > and.cc
sed 's/NAME/andi/' ../riscv/insn_template.cc | sed 's/OPCODE/ MATCH_ANDI/' > andi.cc
sed 's/NAME/auipc/' ../riscv/insn_template.cc | sed 's/OPCODE/ MATCH_AUIPC/' > auipc.cc
sed 's/NAME/beq/' ../riscv/insn_template.cc | sed 's/OPCODE/ MATCH_BEQ/' > beq.cc
sed 's/NAME/bge/' ../riscv/insn_template.cc | sed 's/OPCODE/ MATCH_BGE/' > bge.cc
sed 's/NAME/bgeu/' ../riscv/insn_template.cc | sed 's/OPCODE/ MATCH_BGEU/' > bgeu.cc
sed 's/NAME/blt/' ../riscv/insn_template.cc | sed 's/OPCODE/ MATCH_BLT/' > blt.cc
sed 's/NAME/bltu/' ../riscv/insn_template.cc | sed 's/OPCODE/ MATCH_BLTU/' > bltu.cc
sed 's/NAME/bne/' ../riscv/insn_template.cc | sed 's/OPCODE/ MATCH_BNE/' > bne.cc
sed 's/NAME/jal/' ../riscv/insn_template.cc | sed 's/OPCODE/ MATCH_JAL/' > jal.cc
sed 's/NAME/jalr/' ../riscv/insn_template.cc | sed 's/OPCODE/ MATCH_JALR/' > jalr.cc
sed 's/NAME/lb/' ../riscv/insn_template.cc | sed 's/OPCODE/ MATCH_LB/' > lb.cc
sed 's/NAME/lbu/' ../riscv/insn_template.cc | sed 's/OPCODE/ MATCH_LBU/' > lbu.cc
sed 's/NAME/ld/' ../riscv/insn_template.cc | sed 's/OPCODE/ MATCH_LD/' > ld.cc
sed 's/NAME/lh/' ../riscv/insn_template.cc | sed 's/OPCODE/ MATCH_LH/' > lh.cc
sed 's/NAME/lhu/' ../riscv/insn_template.cc | sed 's/OPCODE/ MATCH_LHU/' > lhu.cc
sed 's/NAME/lui/' ../riscv/insn_template.cc | sed 's/OPCODE/ MATCH_LUI/' > lui.cc
sed 's/NAME/lw/' ../riscv/insn_template.cc | sed 's/OPCODE/ MATCH_LW/' > lw.cc
sed 's/NAME/lwu/' ../riscv/insn_template.cc | sed 's/OPCODE/ MATCH_LWU/' > lwu.cc
sed 's/NAME/or/' ../riscv/insn_template.cc | sed 's/OPCODE/ MATCH_OR/' > or.cc
sed 's/NAME/ori/' ../riscv/insn_template.cc | sed 's/OPCODE/ MATCH_ORI/' > ori.cc
sed 's/NAME/sb/' ../riscv/insn_template.cc | sed 's/OPCODE/ MATCH_SB/' > sb.cc
sed 's/NAME/sd/' ../riscv/insn_template.cc | sed 's/OPCODE/ MATCH_SD/' > sd.cc
sed 's/NAME/sh/' ../riscv/insn_template.cc | sed 's/OPCODE/ MATCH_SH/' > sh.cc
sed 's/NAME/sll/' ../riscv/insn_template.cc | sed 's/OPCODE/ MATCH_SLL/' > sll.cc
sed 's/NAME/slli/' ../riscv/insn_template.cc | sed 's/OPCODE/ MATCH_SLLI/' > slli.cc
sed 's/NAME/slliw/' ../riscv/insn_template.cc | sed 's/OPCODE/ MATCH_SLLIW/' > slliw.cc
sed 's/NAME/sllw/' ../riscv/insn_template.cc | sed 's/OPCODE/ MATCH_SLLW/' > sllw.cc
sed 's/NAME/slt/' ../riscv/insn_template.cc | sed 's/OPCODE/ MATCH_SLT/' > slt.cc
sed 's/NAME/slti/' ../riscv/insn_template.cc | sed 's/OPCODE/ MATCH_SLTI/' > slti.cc
sed 's/NAME/sltiu/' ../riscv/insn_template.cc | sed 's/OPCODE/ MATCH_SLTIU/' > sltiu.cc
sed 's/NAME/sltu/' ../riscv/insn_template.cc | sed 's/OPCODE/ MATCH_SLTU/' > sltu.cc
sed 's/NAME/sra/' ../riscv/insn_template.cc | sed 's/OPCODE/ MATCH_SRA/' > sra.cc
sed 's/NAME/srai/' ../riscv/insn_template.cc | sed 's/OPCODE/ MATCH_SRAI/' > srai.cc
sed 's/NAME/sraiw/' ../riscv/insn_template.cc | sed 's/OPCODE/ MATCH_SRAIW/' > sraiw.cc
sed 's/NAME/sraw/' ../riscv/insn_template.cc | sed 's/OPCODE/ MATCH_SRAW/' > sraw.cc
sed 's/NAME/srl/' ../riscv/insn_template.cc | sed 's/OPCODE/ MATCH_SRL/' > srl.cc
sed 's/NAME/srli/' ../riscv/insn_template.cc | sed 's/OPCODE/ MATCH_SRLI/' > srli.cc
sed 's/NAME/srliw/' ../riscv/insn_template.cc | sed 's/OPCODE/ MATCH_SRLIW/' > srliw.cc
sed 's/NAME/srlw/' ../riscv/insn_template.cc | sed 's/OPCODE/ MATCH_SRLW/' > srlw.cc
sed 's/NAME/sub/' ../riscv/insn_template.cc | sed 's/OPCODE/ MATCH_SUB/' > sub.cc
sed 's/NAME/subw/' ../riscv/insn_template.cc | sed 's/OPCODE/ MATCH_SUBW/' > subw.cc
sed 's/NAME/sw/' ../riscv/insn_template.cc | sed 's/OPCODE/ MATCH_SW/' > sw.cc
sed 's/NAME/xor/' ../riscv/insn_template.cc | sed 's/OPCODE/ MATCH_XOR/' > xor.cc
sed 's/NAME/xori/' ../riscv/insn_template.cc | sed 's/OPCODE/ MATCH_XORI/' > xori.cc
sed 's/NAME/fence/' ../riscv/insn_template.cc | sed 's/OPCODE/ MATCH_FENCE/' > fence.cc
sed 's/NAME/fence_i/' ../riscv/insn_template.cc | sed 's/OPCODE/ MATCH_FENCE_I/' > fence_i.cc
sed 's/NAME/c_add/' ../riscv/insn_template.cc | sed 's/OPCODE/ MATCH_C_ADD/' > c_add.cc
sed 's/NAME/c_addi/' ../riscv/insn_template.cc | sed 's/OPCODE/ MATCH_C_ADDI/' > c_addi.cc
sed 's/NAME/c_addi4spn/' ../riscv/insn_template.cc | sed 's/OPCODE/ MATCH_C_ADDI4SPN/' > c_addi4spn.cc
sed 's/NAME/c_addw/' ../riscv/insn_template.cc | sed 's/OPCODE/ MATCH_C_ADDW/' > c_addw.cc
sed 's/NAME/c_and/' ../riscv/insn_template.cc | sed 's/OPCODE/ MATCH_C_AND/' > c_and.cc
sed 's/NAME/c_andi/' ../riscv/insn_template.cc | sed 's/OPCODE/ MATCH_C_ANDI/' > c_andi.cc
sed 's/NAME/c_beqz/' ../riscv/insn_template.cc | sed 's/OPCODE/ MATCH_C_BEQZ/' > c_beqz.cc
sed 's/NAME/c_bnez/' ../riscv/insn_template.cc | sed 's/OPCODE/ MATCH_C_BNEZ/' > c_bnez.cc
sed 's/NAME/c_ebreak/' ../riscv/insn_template.cc | sed 's/OPCODE/ MATCH_C_EBREAK/' > c_ebreak.cc
sed 's/NAME/c_fld/' ../riscv/insn_template.cc | sed 's/OPCODE/ MATCH_C_FLD/' > c_fld.cc
sed 's/NAME/c_fldsp/' ../riscv/insn_template.cc | sed 's/OPCODE/ MATCH_C_FLDSP/' > c_fldsp.cc
sed 's/NAME/c_flw/' ../riscv/insn_template.cc | sed 's/OPCODE/ MATCH_C_FLW/' > c_flw.cc
sed 's/NAME/c_flwsp/' ../riscv/insn_template.cc | sed 's/OPCODE/ MATCH_C_FLWSP/' > c_flwsp.cc
sed 's/NAME/c_fsd/' ../riscv/insn_template.cc | sed 's/OPCODE/ MATCH_C_FSD/' > c_fsd.cc
sed 's/NAME/c_fsdsp/' ../riscv/insn_template.cc | sed 's/OPCODE/ MATCH_C_FSDSP/' > c_fsdsp.cc
sed 's/NAME/c_fsw/' ../riscv/insn_template.cc | sed 's/OPCODE/ MATCH_C_FSW/' > c_fsw.cc
sed 's/NAME/c_fswsp/' ../riscv/insn_template.cc | sed 's/OPCODE/ MATCH_C_FSWSP/' > c_fswsp.cc
sed 's/NAME/c_j/' ../riscv/insn_template.cc | sed 's/OPCODE/ MATCH_C_J/' > c_j.cc
sed 's/NAME/c_jal/' ../riscv/insn_template.cc | sed 's/OPCODE/ MATCH_C_JAL/' > c_jal.cc
sed 's/NAME/c_jalr/' ../riscv/insn_template.cc | sed 's/OPCODE/ MATCH_C_JALR/' > c_jalr.cc
sed 's/NAME/c_jr/' ../riscv/insn_template.cc | sed 's/OPCODE/ MATCH_C_JR/' > c_jr.cc
sed 's/NAME/c_li/' ../riscv/insn_template.cc | sed 's/OPCODE/ MATCH_C_LI/' > c_li.cc
sed 's/NAME/c_lui/' ../riscv/insn_template.cc | sed 's/OPCODE/ MATCH_C_LUI/' > c_lui.cc
sed 's/NAME/c_ld/' ../riscv/insn_template.cc | sed 's/OPCODE/ MATCH_C_LD/' > c_ld.cc
sed 's/NAME/c_ldsp/' ../riscv/insn_template.cc | sed 's/OPCODE/ MATCH_C_LDSP/' > c_ldsp.cc
sed 's/NAME/c_lw/' ../riscv/insn_template.cc | sed 's/OPCODE/ MATCH_C_LW/' > c_lw.cc
sed 's/NAME/c_lwsp/' ../riscv/insn_template.cc | sed 's/OPCODE/ MATCH_C_LWSP/' > c_lwsp.cc
sed 's/NAME/c_mv/' ../riscv/insn_template.cc | sed 's/OPCODE/ MATCH_C_MV/' > c_mv.cc
sed 's/NAME/c_or/' ../riscv/insn_template.cc | sed 's/OPCODE/ MATCH_C_OR/' > c_or.cc
sed 's/NAME/c_slli/' ../riscv/insn_template.cc | sed 's/OPCODE/ MATCH_C_SLLI/' > c_slli.cc
sed 's/NAME/c_srai/' ../riscv/insn_template.cc | sed 's/OPCODE/ MATCH_C_SRAI/' > c_srai.cc
sed 's/NAME/c_srli/' ../riscv/insn_template.cc | sed 's/OPCODE/ MATCH_C_SRLI/' > c_srli.cc
sed 's/NAME/c_sub/' ../riscv/insn_template.cc | sed 's/OPCODE/ MATCH_C_SUB/' > c_sub.cc
sed 's/NAME/c_subw/' ../riscv/insn_template.cc | sed 's/OPCODE/ MATCH_C_SUBW/' > c_subw.cc
sed 's/NAME/c_sd/' ../riscv/insn_template.cc | sed 's/OPCODE/ MATCH_C_SD/' > c_sd.cc
sed 's/NAME/c_sdsp/' ../riscv/insn_template.cc | sed 's/OPCODE/ MATCH_C_SDSP/' > c_sdsp.cc
sed 's/NAME/c_sw/' ../riscv/insn_template.cc | sed 's/OPCODE/ MATCH_C_SW/' > c_sw.cc
sed 's/NAME/c_swsp/' ../riscv/insn_template.cc | sed 's/OPCODE/ MATCH_C_SWSP/' > c_swsp.cc
sed 's/NAME/c_xor/' ../riscv/insn_template.cc | sed 's/OPCODE/ MATCH_C_XOR/' > c_xor.cc
sed 's/NAME/fadd_s/' ../riscv/insn_template.cc | sed 's/OPCODE/ MATCH_FADD_S/' > fadd_s.cc
sed 's/NAME/fclass_s/' ../riscv/insn_template.cc | sed 's/OPCODE/ MATCH_FCLASS_S/' > fclass_s.cc
sed 's/NAME/fcvt_l_s/' ../riscv/insn_template.cc | sed 's/OPCODE/ MATCH_FCVT_L_S/' > fcvt_l_s.cc
sed 's/NAME/fcvt_lu_s/' ../riscv/insn_template.cc | sed 's/OPCODE/ MATCH_FCVT_LU_S/' > fcvt_lu_s.cc
sed 's/NAME/fcvt_s_l/' ../riscv/insn_template.cc | sed 's/OPCODE/ MATCH_FCVT_S_L/' > fcvt_s_l.cc
sed 's/NAME/fcvt_s_lu/' ../riscv/insn_template.cc | sed 's/OPCODE/ MATCH_FCVT_S_LU/' > fcvt_s_lu.cc
sed 's/NAME/fcvt_s_w/' ../riscv/insn_template.cc | sed 's/OPCODE/ MATCH_FCVT_S_W/' > fcvt_s_w.cc
sed 's/NAME/fcvt_s_wu/' ../riscv/insn_template.cc | sed 's/OPCODE/ MATCH_FCVT_S_WU/' > fcvt_s_wu.cc
sed 's/NAME/fcvt_w_s/' ../riscv/insn_template.cc | sed 's/OPCODE/ MATCH_FCVT_W_S/' > fcvt_w_s.cc
sed 's/NAME/fcvt_wu_s/' ../riscv/insn_template.cc | sed 's/OPCODE/ MATCH_FCVT_WU_S/' > fcvt_wu_s.cc
sed 's/NAME/fdiv_s/' ../riscv/insn_template.cc | sed 's/OPCODE/ MATCH_FDIV_S/' > fdiv_s.cc
sed 's/NAME/feq_s/' ../riscv/insn_template.cc | sed 's/OPCODE/ MATCH_FEQ_S/' > feq_s.cc
sed 's/NAME/fle_s/' ../riscv/insn_template.cc | sed 's/OPCODE/ MATCH_FLE_S/' > fle_s.cc
sed 's/NAME/flt_s/' ../riscv/insn_template.cc | sed 's/OPCODE/ MATCH_FLT_S/' > flt_s.cc
sed 's/NAME/flw/' ../riscv/insn_template.cc | sed 's/OPCODE/ MATCH_FLW/' > flw.cc
sed 's/NAME/fmadd_s/' ../riscv/insn_template.cc | sed 's/OPCODE/ MATCH_FMADD_S/' > fmadd_s.cc
sed 's/NAME/fmax_s/' ../riscv/insn_template.cc | sed 's/OPCODE/ MATCH_FMAX_S/' > fmax_s.cc
sed 's/NAME/fmin_s/' ../riscv/insn_template.cc | sed 's/OPCODE/ MATCH_FMIN_S/' > fmin_s.cc
sed 's/NAME/fmsub_s/' ../riscv/insn_template.cc | sed 's/OPCODE/ MATCH_FMSUB_S/' > fmsub_s.cc
sed 's/NAME/fmul_s/' ../riscv/insn_template.cc | sed 's/OPCODE/ MATCH_FMUL_S/' > fmul_s.cc
sed 's/NAME/fmv_w_x/' ../riscv/insn_template.cc | sed 's/OPCODE/ MATCH_FMV_W_X/' > fmv_w_x.cc
sed 's/NAME/fmv_x_w/' ../riscv/insn_template.cc | sed 's/OPCODE/ MATCH_FMV_X_W/' > fmv_x_w.cc
sed 's/NAME/fnmadd_s/' ../riscv/insn_template.cc | sed 's/OPCODE/ MATCH_FNMADD_S/' > fnmadd_s.cc
sed 's/NAME/fnmsub_s/' ../riscv/insn_template.cc | sed 's/OPCODE/ MATCH_FNMSUB_S/' > fnmsub_s.cc
sed 's/NAME/fsgnj_s/' ../riscv/insn_template.cc | sed 's/OPCODE/ MATCH_FSGNJ_S/' > fsgnj_s.cc
sed 's/NAME/fsgnjn_s/' ../riscv/insn_template.cc | sed 's/OPCODE/ MATCH_FSGNJN_S/' > fsgnjn_s.cc
sed 's/NAME/fsgnjx_s/' ../riscv/insn_template.cc | sed 's/OPCODE/ MATCH_FSGNJX_S/' > fsgnjx_s.cc
sed 's/NAME/fsqrt_s/' ../riscv/insn_template.cc | sed 's/OPCODE/ MATCH_FSQRT_S/' > fsqrt_s.cc
sed 's/NAME/fsub_s/' ../riscv/insn_template.cc | sed 's/OPCODE/ MATCH_FSUB_S/' > fsub_s.cc
sed 's/NAME/fsw/' ../riscv/insn_template.cc | sed 's/OPCODE/ MATCH_FSW/' > fsw.cc
sed 's/NAME/fadd_d/' ../riscv/insn_template.cc | sed 's/OPCODE/ MATCH_FADD_D/' > fadd_d.cc
sed 's/NAME/fclass_d/' ../riscv/insn_template.cc | sed 's/OPCODE/ MATCH_FCLASS_D/' > fclass_d.cc
sed 's/NAME/fcvt_d_l/' ../riscv/insn_template.cc | sed 's/OPCODE/ MATCH_FCVT_D_L/' > fcvt_d_l.cc
sed 's/NAME/fcvt_d_lu/' ../riscv/insn_template.cc | sed 's/OPCODE/ MATCH_FCVT_D_LU/' > fcvt_d_lu.cc
sed 's/NAME/fcvt_d_q/' ../riscv/insn_template.cc | sed 's/OPCODE/ MATCH_FCVT_D_Q/' > fcvt_d_q.cc
sed 's/NAME/fcvt_d_s/' ../riscv/insn_template.cc | sed 's/OPCODE/ MATCH_FCVT_D_S/' > fcvt_d_s.cc
sed 's/NAME/fcvt_d_w/' ../riscv/insn_template.cc | sed 's/OPCODE/ MATCH_FCVT_D_W/' > fcvt_d_w.cc
sed 's/NAME/fcvt_d_wu/' ../riscv/insn_template.cc | sed 's/OPCODE/ MATCH_FCVT_D_WU/' > fcvt_d_wu.cc
sed 's/NAME/fcvt_l_d/' ../riscv/insn_template.cc | sed 's/OPCODE/ MATCH_FCVT_L_D/' > fcvt_l_d.cc
sed 's/NAME/fcvt_lu_d/' ../riscv/insn_template.cc | sed 's/OPCODE/ MATCH_FCVT_LU_D/' > fcvt_lu_d.cc
sed 's/NAME/fcvt_s_d/' ../riscv/insn_template.cc | sed 's/OPCODE/ MATCH_FCVT_S_D/' > fcvt_s_d.cc
sed 's/NAME/fcvt_w_d/' ../riscv/insn_template.cc | sed 's/OPCODE/ MATCH_FCVT_W_D/' > fcvt_w_d.cc
sed 's/NAME/fcvt_wu_d/' ../riscv/insn_template.cc | sed 's/OPCODE/ MATCH_FCVT_WU_D/' > fcvt_wu_d.cc
sed 's/NAME/fdiv_d/' ../riscv/insn_template.cc | sed 's/OPCODE/ MATCH_FDIV_D/' > fdiv_d.cc
sed 's/NAME/feq_d/' ../riscv/insn_template.cc | sed 's/OPCODE/ MATCH_FEQ_D/' > feq_d.cc
sed 's/NAME/fld/' ../riscv/insn_template.cc | sed 's/OPCODE/ MATCH_FLD/' > fld.cc
sed 's/NAME/fle_d/' ../riscv/insn_template.cc | sed 's/OPCODE/ MATCH_FLE_D/' > fle_d.cc
sed 's/NAME/flt_d/' ../riscv/insn_template.cc | sed 's/OPCODE/ MATCH_FLT_D/' > flt_d.cc
sed 's/NAME/fmadd_d/' ../riscv/insn_template.cc | sed 's/OPCODE/ MATCH_FMADD_D/' > fmadd_d.cc
sed 's/NAME/fmax_d/' ../riscv/insn_template.cc | sed 's/OPCODE/ MATCH_FMAX_D/' > fmax_d.cc
sed 's/NAME/fmin_d/' ../riscv/insn_template.cc | sed 's/OPCODE/ MATCH_FMIN_D/' > fmin_d.cc
sed 's/NAME/fmsub_d/' ../riscv/insn_template.cc | sed 's/OPCODE/ MATCH_FMSUB_D/' > fmsub_d.cc
sed 's/NAME/fmul_d/' ../riscv/insn_template.cc | sed 's/OPCODE/ MATCH_FMUL_D/' > fmul_d.cc
sed 's/NAME/fmv_d_x/' ../riscv/insn_template.cc | sed 's/OPCODE/ MATCH_FMV_D_X/' > fmv_d_x.cc
sed 's/NAME/fmv_x_d/' ../riscv/insn_template.cc | sed 's/OPCODE/ MATCH_FMV_X_D/' > fmv_x_d.cc
sed 's/NAME/fnmadd_d/' ../riscv/insn_template.cc | sed 's/OPCODE/ MATCH_FNMADD_D/' > fnmadd_d.cc
sed 's/NAME/fnmsub_d/' ../riscv/insn_template.cc | sed 's/OPCODE/ MATCH_FNMSUB_D/' > fnmsub_d.cc
sed 's/NAME/fsd/' ../riscv/insn_template.cc | sed 's/OPCODE/ MATCH_FSD/' > fsd.cc
sed 's/NAME/fsgnj_d/' ../riscv/insn_template.cc | sed 's/OPCODE/ MATCH_FSGNJ_D/' > fsgnj_d.cc
sed 's/NAME/fsgnjn_d/' ../riscv/insn_template.cc | sed 's/OPCODE/ MATCH_FSGNJN_D/' > fsgnjn_d.cc
sed 's/NAME/fsgnjx_d/' ../riscv/insn_template.cc | sed 's/OPCODE/ MATCH_FSGNJX_D/' > fsgnjx_d.cc
sed 's/NAME/fsqrt_d/' ../riscv/insn_template.cc | sed 's/OPCODE/ MATCH_FSQRT_D/' > fsqrt_d.cc
sed 's/NAME/fsub_d/' ../riscv/insn_template.cc | sed 's/OPCODE/ MATCH_FSUB_D/' > fsub_d.cc
sed 's/NAME/div/' ../riscv/insn_template.cc | sed 's/OPCODE/ MATCH_DIV/' > div.cc
sed 's/NAME/divu/' ../riscv/insn_template.cc | sed 's/OPCODE/ MATCH_DIVU/' > divu.cc
sed 's/NAME/divuw/' ../riscv/insn_template.cc | sed 's/OPCODE/ MATCH_DIVUW/' > divuw.cc
sed 's/NAME/divw/' ../riscv/insn_template.cc | sed 's/OPCODE/ MATCH_DIVW/' > divw.cc
sed 's/NAME/mul/' ../riscv/insn_template.cc | sed 's/OPCODE/ MATCH_MUL/' > mul.cc
sed 's/NAME/mulh/' ../riscv/insn_template.cc | sed 's/OPCODE/ MATCH_MULH/' > mulh.cc
sed 's/NAME/mulhsu/' ../riscv/insn_template.cc | sed 's/OPCODE/ MATCH_MULHSU/' > mulhsu.cc
sed 's/NAME/mulhu/' ../riscv/insn_template.cc | sed 's/OPCODE/ MATCH_MULHU/' > mulhu.cc
sed 's/NAME/mulw/' ../riscv/insn_template.cc | sed 's/OPCODE/ MATCH_MULW/' > mulw.cc
sed 's/NAME/rem/' ../riscv/insn_template.cc | sed 's/OPCODE/ MATCH_REM/' > rem.cc
sed 's/NAME/remu/' ../riscv/insn_template.cc | sed 's/OPCODE/ MATCH_REMU/' > remu.cc
sed 's/NAME/remuw/' ../riscv/insn_template.cc | sed 's/OPCODE/ MATCH_REMUW/' > remuw.cc
sed 's/NAME/remw/' ../riscv/insn_template.cc | sed 's/OPCODE/ MATCH_REMW/' > remw.cc
sed 's/NAME/add_uw/' ../riscv/insn_template.cc | sed 's/OPCODE/ MATCH_ADD_UW/' > add_uw.cc
sed 's/NAME/andn/' ../riscv/insn_template.cc | sed 's/OPCODE/ MATCH_ANDN/' > andn.cc
sed 's/NAME/sh1add/' ../riscv/insn_template.cc | sed 's/OPCODE/ MATCH_SH1ADD/' > sh1add.cc
sed 's/NAME/sh1add_uw/' ../riscv/insn_template.cc | sed 's/OPCODE/ MATCH_SH1ADD_UW/' > sh1add_uw.cc
sed 's/NAME/sh2add/' ../riscv/insn_template.cc | sed 's/OPCODE/ MATCH_SH2ADD/' > sh2add.cc
sed 's/NAME/sh2add_uw/' ../riscv/insn_template.cc | sed 's/OPCODE/ MATCH_SH2ADD_UW/' > sh2add_uw.cc
sed 's/NAME/sh3add/' ../riscv/insn_template.cc | sed 's/OPCODE/ MATCH_SH3ADD/' > sh3add.cc
sed 's/NAME/sh3add_uw/' ../riscv/insn_template.cc | sed 's/OPCODE/ MATCH_SH3ADD_UW/' > sh3add_uw.cc
sed 's/NAME/clmul/' ../riscv/insn_template.cc | sed 's/OPCODE/ MATCH_CLMUL/' > clmul.cc
sed 's/NAME/clmulh/' ../riscv/insn_template.cc | sed 's/OPCODE/ MATCH_CLMULH/' > clmulh.cc
sed 's/NAME/clmulr/' ../riscv/insn_template.cc | sed 's/OPCODE/ MATCH_CLMULR/' > clmulr.cc
sed 's/NAME/clz/' ../riscv/insn_template.cc | sed 's/OPCODE/ MATCH_CLZ/' > clz.cc
sed 's/NAME/clzw/' ../riscv/insn_template.cc | sed 's/OPCODE/ MATCH_CLZW/' > clzw.cc
sed 's/NAME/ctz/' ../riscv/insn_template.cc | sed 's/OPCODE/ MATCH_CTZ/' > ctz.cc
sed 's/NAME/ctzw/' ../riscv/insn_template.cc | sed 's/OPCODE/ MATCH_CTZW/' > ctzw.cc
sed 's/NAME/gorci/' ../riscv/insn_template.cc | sed 's/OPCODE/ MATCH_GORCI/' > gorci.cc
sed 's/NAME/grevi/' ../riscv/insn_template.cc | sed 's/OPCODE/ MATCH_GREVI/' > grevi.cc
sed 's/NAME/max/' ../riscv/insn_template.cc | sed 's/OPCODE/ MATCH_MAX/' > max.cc
sed 's/NAME/maxu/' ../riscv/insn_template.cc | sed 's/OPCODE/ MATCH_MAXU/' > maxu.cc
sed 's/NAME/min/' ../riscv/insn_template.cc | sed 's/OPCODE/ MATCH_MIN/' > min.cc
sed 's/NAME/minu/' ../riscv/insn_template.cc | sed 's/OPCODE/ MATCH_MINU/' > minu.cc
sed 's/NAME/orn/' ../riscv/insn_template.cc | sed 's/OPCODE/ MATCH_ORN/' > orn.cc
sed 's/NAME/pack/' ../riscv/insn_template.cc | sed 's/OPCODE/ MATCH_PACK/' > pack.cc
sed 's/NAME/packh/' ../riscv/insn_template.cc | sed 's/OPCODE/ MATCH_PACKH/' > packh.cc
sed 's/NAME/packw/' ../riscv/insn_template.cc | sed 's/OPCODE/ MATCH_PACKW/' > packw.cc
sed 's/NAME/cpop/' ../riscv/insn_template.cc | sed 's/OPCODE/ MATCH_CPOP/' > cpop.cc
sed 's/NAME/cpopw/' ../riscv/insn_template.cc | sed 's/OPCODE/ MATCH_CPOPW/' > cpopw.cc
sed 's/NAME/rol/' ../riscv/insn_template.cc | sed 's/OPCODE/ MATCH_ROL/' > rol.cc
sed 's/NAME/rolw/' ../riscv/insn_template.cc | sed 's/OPCODE/ MATCH_ROLW/' > rolw.cc
sed 's/NAME/ror/' ../riscv/insn_template.cc | sed 's/OPCODE/ MATCH_ROR/' > ror.cc
sed 's/NAME/rori/' ../riscv/insn_template.cc | sed 's/OPCODE/ MATCH_RORI/' > rori.cc
sed 's/NAME/roriw/' ../riscv/insn_template.cc | sed 's/OPCODE/ MATCH_RORIW/' > roriw.cc
sed 's/NAME/rorw/' ../riscv/insn_template.cc | sed 's/OPCODE/ MATCH_RORW/' > rorw.cc
sed 's/NAME/bclr/' ../riscv/insn_template.cc | sed 's/OPCODE/ MATCH_BCLR/' > bclr.cc
sed 's/NAME/bclri/' ../riscv/insn_template.cc | sed 's/OPCODE/ MATCH_BCLRI/' > bclri.cc
sed 's/NAME/bext/' ../riscv/insn_template.cc | sed 's/OPCODE/ MATCH_BEXT/' > bext.cc
sed 's/NAME/bexti/' ../riscv/insn_template.cc | sed 's/OPCODE/ MATCH_BEXTI/' > bexti.cc
sed 's/NAME/binv/' ../riscv/insn_template.cc | sed 's/OPCODE/ MATCH_BINV/' > binv.cc
sed 's/NAME/binvi/' ../riscv/insn_template.cc | sed 's/OPCODE/ MATCH_BINVI/' > binvi.cc
sed 's/NAME/bset/' ../riscv/insn_template.cc | sed 's/OPCODE/ MATCH_BSET/' > bset.cc
sed 's/NAME/bseti/' ../riscv/insn_template.cc | sed 's/OPCODE/ MATCH_BSETI/' > bseti.cc
sed 's/NAME/sext_b/' ../riscv/insn_template.cc | sed 's/OPCODE/ MATCH_SEXT_B/' > sext_b.cc
sed 's/NAME/sext_h/' ../riscv/insn_template.cc | sed 's/OPCODE/ MATCH_SEXT_H/' > sext_h.cc
sed 's/NAME/shfli/' ../riscv/insn_template.cc | sed 's/OPCODE/ MATCH_SHFLI/' > shfli.cc
sed 's/NAME/slli_uw/' ../riscv/insn_template.cc | sed 's/OPCODE/ MATCH_SLLI_UW/' > slli_uw.cc
sed 's/NAME/unshfli/' ../riscv/insn_template.cc | sed 's/OPCODE/ MATCH_UNSHFLI/' > unshfli.cc
sed 's/NAME/xnor/' ../riscv/insn_template.cc | sed 's/OPCODE/ MATCH_XNOR/' > xnor.cc
sed 's/NAME/xperm4/' ../riscv/insn_template.cc | sed 's/OPCODE/ MATCH_XPERM4/' > xperm4.cc
sed 's/NAME/xperm8/' ../riscv/insn_template.cc | sed 's/OPCODE/ MATCH_XPERM8/' > xperm8.cc
sed 's/NAME/amoadd_d/' ../riscv/insn_template.cc | sed 's/OPCODE/ MATCH_AMOADD_D/' > amoadd_d.cc
sed 's/NAME/amoadd_w/' ../riscv/insn_template.cc | sed 's/OPCODE/ MATCH_AMOADD_W/' > amoadd_w.cc
sed 's/NAME/amoand_d/' ../riscv/insn_template.cc | sed 's/OPCODE/ MATCH_AMOAND_D/' > amoand_d.cc
sed 's/NAME/amoand_w/' ../riscv/insn_template.cc | sed 's/OPCODE/ MATCH_AMOAND_W/' > amoand_w.cc
sed 's/NAME/amomax_d/' ../riscv/insn_template.cc | sed 's/OPCODE/ MATCH_AMOMAX_D/' > amomax_d.cc
sed 's/NAME/amomaxu_d/' ../riscv/insn_template.cc | sed 's/OPCODE/ MATCH_AMOMAXU_D/' > amomaxu_d.cc
sed 's/NAME/amomaxu_w/' ../riscv/insn_template.cc | sed 's/OPCODE/ MATCH_AMOMAXU_W/' > amomaxu_w.cc
sed 's/NAME/amomax_w/' ../riscv/insn_template.cc | sed 's/OPCODE/ MATCH_AMOMAX_W/' > amomax_w.cc
sed 's/NAME/amomin_d/' ../riscv/insn_template.cc | sed 's/OPCODE/ MATCH_AMOMIN_D/' > amomin_d.cc
sed 's/NAME/amominu_d/' ../riscv/insn_template.cc | sed 's/OPCODE/ MATCH_AMOMINU_D/' > amominu_d.cc
sed 's/NAME/amominu_w/' ../riscv/insn_template.cc | sed 's/OPCODE/ MATCH_AMOMINU_W/' > amominu_w.cc
sed 's/NAME/amomin_w/' ../riscv/insn_template.cc | sed 's/OPCODE/ MATCH_AMOMIN_W/' > amomin_w.cc
sed 's/NAME/amoor_d/' ../riscv/insn_template.cc | sed 's/OPCODE/ MATCH_AMOOR_D/' > amoor_d.cc
sed 's/NAME/amoor_w/' ../riscv/insn_template.cc | sed 's/OPCODE/ MATCH_AMOOR_W/' > amoor_w.cc
sed 's/NAME/amoswap_d/' ../riscv/insn_template.cc | sed 's/OPCODE/ MATCH_AMOSWAP_D/' > amoswap_d.cc
sed 's/NAME/amoswap_w/' ../riscv/insn_template.cc | sed 's/OPCODE/ MATCH_AMOSWAP_W/' > amoswap_w.cc
sed 's/NAME/amoxor_d/' ../riscv/insn_template.cc | sed 's/OPCODE/ MATCH_AMOXOR_D/' > amoxor_d.cc
sed 's/NAME/amoxor_w/' ../riscv/insn_template.cc | sed 's/OPCODE/ MATCH_AMOXOR_W/' > amoxor_w.cc
sed 's/NAME/lr_d/' ../riscv/insn_template.cc | sed 's/OPCODE/ MATCH_LR_D/' > lr_d.cc
sed 's/NAME/lr_w/' ../riscv/insn_template.cc | sed 's/OPCODE/ MATCH_LR_W/' > lr_w.cc
sed 's/NAME/sc_d/' ../riscv/insn_template.cc | sed 's/OPCODE/ MATCH_SC_D/' > sc_d.cc
sed 's/NAME/sc_w/' ../riscv/insn_template.cc | sed 's/OPCODE/ MATCH_SC_W/' > sc_w.cc
sed 's/NAME/vfadd_vf/' ../riscv/insn_template.cc | sed 's/OPCODE/ MATCH_VFADD_VF/' > vfadd_vf.cc
sed 's/NAME/vfadd_vv/' ../riscv/insn_template.cc | sed 's/OPCODE/ MATCH_VFADD_VV/' > vfadd_vv.cc
sed 's/NAME/vfclass_v/' ../riscv/insn_template.cc | sed 's/OPCODE/ MATCH_VFCLASS_V/' > vfclass_v.cc
sed 's/NAME/vfcvt_f_x_v/' ../riscv/insn_template.cc | sed 's/OPCODE/ MATCH_VFCVT_F_X_V/' > vfcvt_f_x_v.cc
sed 's/NAME/vfcvt_f_xu_v/' ../riscv/insn_template.cc | sed 's/OPCODE/ MATCH_VFCVT_F_XU_V/' > vfcvt_f_xu_v.cc
sed 's/NAME/vfcvt_rtz_x_f_v/' ../riscv/insn_template.cc | sed 's/OPCODE/ MATCH_VFCVT_RTZ_X_F_V/' > vfcvt_rtz_x_f_v.cc
sed 's/NAME/vfcvt_rtz_xu_f_v/' ../riscv/insn_template.cc | sed 's/OPCODE/ MATCH_VFCVT_RTZ_XU_F_V/' > vfcvt_rtz_xu_f_v.cc
sed 's/NAME/vfcvt_x_f_v/' ../riscv/insn_template.cc | sed 's/OPCODE/ MATCH_VFCVT_X_F_V/' > vfcvt_x_f_v.cc
sed 's/NAME/vfcvt_xu_f_v/' ../riscv/insn_template.cc | sed 's/OPCODE/ MATCH_VFCVT_XU_F_V/' > vfcvt_xu_f_v.cc
sed 's/NAME/vfdiv_vf/' ../riscv/insn_template.cc | sed 's/OPCODE/ MATCH_VFDIV_VF/' > vfdiv_vf.cc
sed 's/NAME/vfdiv_vv/' ../riscv/insn_template.cc | sed 's/OPCODE/ MATCH_VFDIV_VV/' > vfdiv_vv.cc
sed 's/NAME/vfmacc_vf/' ../riscv/insn_template.cc | sed 's/OPCODE/ MATCH_VFMACC_VF/' > vfmacc_vf.cc
sed 's/NAME/vfmacc_vv/' ../riscv/insn_template.cc | sed 's/OPCODE/ MATCH_VFMACC_VV/' > vfmacc_vv.cc
sed 's/NAME/vfmadd_vf/' ../riscv/insn_template.cc | sed 's/OPCODE/ MATCH_VFMADD_VF/' > vfmadd_vf.cc
sed 's/NAME/vfmadd_vv/' ../riscv/insn_template.cc | sed 's/OPCODE/ MATCH_VFMADD_VV/' > vfmadd_vv.cc
cc1plus: note: unrecognized command-line option ‘-Wno-nonportable-include-path’ may have been intended to silence earlier diagnostics
sed 's/NAME/vfmax_vf/' ../riscv/insn_template.cc | sed 's/OPCODE/ MATCH_VFMAX_VF/' > vfmax_vf.cc
sed 's/NAME/vfmax_vv/' ../riscv/insn_template.cc | sed 's/OPCODE/ MATCH_VFMAX_VV/' > vfmax_vv.cc
sed 's/NAME/vfmerge_vfm/' ../riscv/insn_template.cc | sed 's/OPCODE/ MATCH_VFMERGE_VFM/' > vfmerge_vfm.cc
sed 's/NAME/vfmin_vf/' ../riscv/insn_template.cc | sed 's/OPCODE/ MATCH_VFMIN_VF/' > vfmin_vf.cc
sed 's/NAME/vfmin_vv/' ../riscv/insn_template.cc | sed 's/OPCODE/ MATCH_VFMIN_VV/' > vfmin_vv.cc
sed 's/NAME/vfmsac_vf/' ../riscv/insn_template.cc | sed 's/OPCODE/ MATCH_VFMSAC_VF/' > vfmsac_vf.cc
sed 's/NAME/vfmsac_vv/' ../riscv/insn_template.cc | sed 's/OPCODE/ MATCH_VFMSAC_VV/' > vfmsac_vv.cc
sed 's/NAME/vfmsub_vf/' ../riscv/insn_template.cc | sed 's/OPCODE/ MATCH_VFMSUB_VF/' > vfmsub_vf.cc
sed 's/NAME/vfmsub_vv/' ../riscv/insn_template.cc | sed 's/OPCODE/ MATCH_VFMSUB_VV/' > vfmsub_vv.cc
sed 's/NAME/vfmul_vf/' ../riscv/insn_template.cc | sed 's/OPCODE/ MATCH_VFMUL_VF/' > vfmul_vf.cc
sed 's/NAME/vfmul_vv/' ../riscv/insn_template.cc | sed 's/OPCODE/ MATCH_VFMUL_VV/' > vfmul_vv.cc
sed 's/NAME/vfmv_f_s/' ../riscv/insn_template.cc | sed 's/OPCODE/ MATCH_VFMV_F_S/' > vfmv_f_s.cc
sed 's/NAME/vfmv_s_f/' ../riscv/insn_template.cc | sed 's/OPCODE/ MATCH_VFMV_S_F/' > vfmv_s_f.cc
sed 's/NAME/vfmv_v_f/' ../riscv/insn_template.cc | sed 's/OPCODE/ MATCH_VFMV_V_F/' > vfmv_v_f.cc
sed 's/NAME/vfncvt_f_f_w/' ../riscv/insn_template.cc | sed 's/OPCODE/ MATCH_VFNCVT_F_F_W/' > vfncvt_f_f_w.cc
sed 's/NAME/vfncvt_f_x_w/' ../riscv/insn_template.cc | sed 's/OPCODE/ MATCH_VFNCVT_F_X_W/' > vfncvt_f_x_w.cc
sed 's/NAME/vfncvt_f_xu_w/' ../riscv/insn_template.cc | sed 's/OPCODE/ MATCH_VFNCVT_F_XU_W/' > vfncvt_f_xu_w.cc
sed 's/NAME/vfncvt_rod_f_f_w/' ../riscv/insn_template.cc | sed 's/OPCODE/ MATCH_VFNCVT_ROD_F_F_W/' > vfncvt_rod_f_f_w.cc
sed 's/NAME/vfncvt_rtz_x_f_w/' ../riscv/insn_template.cc | sed 's/OPCODE/ MATCH_VFNCVT_RTZ_X_F_W/' > vfncvt_rtz_x_f_w.cc
sed 's/NAME/vfncvt_rtz_xu_f_w/' ../riscv/insn_template.cc | sed 's/OPCODE/ MATCH_VFNCVT_RTZ_XU_F_W/' > vfncvt_rtz_xu_f_w.cc
sed 's/NAME/vfncvt_x_f_w/' ../riscv/insn_template.cc | sed 's/OPCODE/ MATCH_VFNCVT_X_F_W/' > vfncvt_x_f_w.cc
sed 's/NAME/vfncvt_xu_f_w/' ../riscv/insn_template.cc | sed 's/OPCODE/ MATCH_VFNCVT_XU_F_W/' > vfncvt_xu_f_w.cc
sed 's/NAME/vfnmacc_vf/' ../riscv/insn_template.cc | sed 's/OPCODE/ MATCH_VFNMACC_VF/' > vfnmacc_vf.cc
sed 's/NAME/vfnmacc_vv/' ../riscv/insn_template.cc | sed 's/OPCODE/ MATCH_VFNMACC_VV/' > vfnmacc_vv.cc
sed 's/NAME/vfnmadd_vf/' ../riscv/insn_template.cc | sed 's/OPCODE/ MATCH_VFNMADD_VF/' > vfnmadd_vf.cc
sed 's/NAME/vfnmadd_vv/' ../riscv/insn_template.cc | sed 's/OPCODE/ MATCH_VFNMADD_VV/' > vfnmadd_vv.cc
sed 's/NAME/vfnmsac_vf/' ../riscv/insn_template.cc | sed 's/OPCODE/ MATCH_VFNMSAC_VF/' > vfnmsac_vf.cc
sed 's/NAME/vfnmsac_vv/' ../riscv/insn_template.cc | sed 's/OPCODE/ MATCH_VFNMSAC_VV/' > vfnmsac_vv.cc
sed 's/NAME/vfnmsub_vf/' ../riscv/insn_template.cc | sed 's/OPCODE/ MATCH_VFNMSUB_VF/' > vfnmsub_vf.cc
sed 's/NAME/vfnmsub_vv/' ../riscv/insn_template.cc | sed 's/OPCODE/ MATCH_VFNMSUB_VV/' > vfnmsub_vv.cc
sed 's/NAME/vfrdiv_vf/' ../riscv/insn_template.cc | sed 's/OPCODE/ MATCH_VFRDIV_VF/' > vfrdiv_vf.cc
sed 's/NAME/vfredmax_vs/' ../riscv/insn_template.cc | sed 's/OPCODE/ MATCH_VFREDMAX_VS/' > vfredmax_vs.cc
sed 's/NAME/vfredmin_vs/' ../riscv/insn_template.cc | sed 's/OPCODE/ MATCH_VFREDMIN_VS/' > vfredmin_vs.cc
sed 's/NAME/vfredosum_vs/' ../riscv/insn_template.cc | sed 's/OPCODE/ MATCH_VFREDOSUM_VS/' > vfredosum_vs.cc
sed 's/NAME/vfredusum_vs/' ../riscv/insn_template.cc | sed 's/OPCODE/ MATCH_VFREDUSUM_VS/' > vfredusum_vs.cc
sed 's/NAME/vfrec7_v/' ../riscv/insn_template.cc | sed 's/OPCODE/ MATCH_VFREC7_V/' > vfrec7_v.cc
sed 's/NAME/vfrsub_vf/' ../riscv/insn_template.cc | sed 's/OPCODE/ MATCH_VFRSUB_VF/' > vfrsub_vf.cc
sed 's/NAME/vfrsqrt7_v/' ../riscv/insn_template.cc | sed 's/OPCODE/ MATCH_VFRSQRT7_V/' > vfrsqrt7_v.cc
sed 's/NAME/vfsgnj_vf/' ../riscv/insn_template.cc | sed 's/OPCODE/ MATCH_VFSGNJ_VF/' > vfsgnj_vf.cc
sed 's/NAME/vfsgnj_vv/' ../riscv/insn_template.cc | sed 's/OPCODE/ MATCH_VFSGNJ_VV/' > vfsgnj_vv.cc
sed 's/NAME/vfsgnjn_vf/' ../riscv/insn_template.cc | sed 's/OPCODE/ MATCH_VFSGNJN_VF/' > vfsgnjn_vf.cc
sed 's/NAME/vfsgnjn_vv/' ../riscv/insn_template.cc | sed 's/OPCODE/ MATCH_VFSGNJN_VV/' > vfsgnjn_vv.cc
sed 's/NAME/vfsgnjx_vf/' ../riscv/insn_template.cc | sed 's/OPCODE/ MATCH_VFSGNJX_VF/' > vfsgnjx_vf.cc
sed 's/NAME/vfsgnjx_vv/' ../riscv/insn_template.cc | sed 's/OPCODE/ MATCH_VFSGNJX_VV/' > vfsgnjx_vv.cc
sed 's/NAME/vfsqrt_v/' ../riscv/insn_template.cc | sed 's/OPCODE/ MATCH_VFSQRT_V/' > vfsqrt_v.cc
sed 's/NAME/vfslide1down_vf/' ../riscv/insn_template.cc | sed 's/OPCODE/ MATCH_VFSLIDE1DOWN_VF/' > vfslide1down_vf.cc
sed 's/NAME/vfslide1up_vf/' ../riscv/insn_template.cc | sed 's/OPCODE/ MATCH_VFSLIDE1UP_VF/' > vfslide1up_vf.cc
sed 's/NAME/vfsub_vf/' ../riscv/insn_template.cc | sed 's/OPCODE/ MATCH_VFSUB_VF/' > vfsub_vf.cc
sed 's/NAME/vfsub_vv/' ../riscv/insn_template.cc | sed 's/OPCODE/ MATCH_VFSUB_VV/' > vfsub_vv.cc
sed 's/NAME/vfwadd_vf/' ../riscv/insn_template.cc | sed 's/OPCODE/ MATCH_VFWADD_VF/' > vfwadd_vf.cc
sed 's/NAME/vfwadd_vv/' ../riscv/insn_template.cc | sed 's/OPCODE/ MATCH_VFWADD_VV/' > vfwadd_vv.cc
sed 's/NAME/vfwadd_wf/' ../riscv/insn_template.cc | sed 's/OPCODE/ MATCH_VFWADD_WF/' > vfwadd_wf.cc
sed 's/NAME/vfwadd_wv/' ../riscv/insn_template.cc | sed 's/OPCODE/ MATCH_VFWADD_WV/' > vfwadd_wv.cc
sed 's/NAME/vfwcvt_f_f_v/' ../riscv/insn_template.cc | sed 's/OPCODE/ MATCH_VFWCVT_F_F_V/' > vfwcvt_f_f_v.cc
sed 's/NAME/vfwcvt_f_x_v/' ../riscv/insn_template.cc | sed 's/OPCODE/ MATCH_VFWCVT_F_X_V/' > vfwcvt_f_x_v.cc
sed 's/NAME/vfwcvt_f_xu_v/' ../riscv/insn_template.cc | sed 's/OPCODE/ MATCH_VFWCVT_F_XU_V/' > vfwcvt_f_xu_v.cc
sed 's/NAME/vfwcvt_rtz_x_f_v/' ../riscv/insn_template.cc | sed 's/OPCODE/ MATCH_VFWCVT_RTZ_X_F_V/' > vfwcvt_rtz_x_f_v.cc
sed 's/NAME/vfwcvt_rtz_xu_f_v/' ../riscv/insn_template.cc | sed 's/OPCODE/ MATCH_VFWCVT_RTZ_XU_F_V/' > vfwcvt_rtz_xu_f_v.cc
sed 's/NAME/vfwcvt_x_f_v/' ../riscv/insn_template.cc | sed 's/OPCODE/ MATCH_VFWCVT_X_F_V/' > vfwcvt_x_f_v.cc
sed 's/NAME/vfwcvt_xu_f_v/' ../riscv/insn_template.cc | sed 's/OPCODE/ MATCH_VFWCVT_XU_F_V/' > vfwcvt_xu_f_v.cc
sed 's/NAME/vfwmacc_vf/' ../riscv/insn_template.cc | sed 's/OPCODE/ MATCH_VFWMACC_VF/' > vfwmacc_vf.cc
sed 's/NAME/vfwmacc_vv/' ../riscv/insn_template.cc | sed 's/OPCODE/ MATCH_VFWMACC_VV/' > vfwmacc_vv.cc
sed 's/NAME/vfwmsac_vf/' ../riscv/insn_template.cc | sed 's/OPCODE/ MATCH_VFWMSAC_VF/' > vfwmsac_vf.cc
sed 's/NAME/vfwmsac_vv/' ../riscv/insn_template.cc | sed 's/OPCODE/ MATCH_VFWMSAC_VV/' > vfwmsac_vv.cc
sed 's/NAME/vfwmul_vf/' ../riscv/insn_template.cc | sed 's/OPCODE/ MATCH_VFWMUL_VF/' > vfwmul_vf.cc
sed 's/NAME/vfwmul_vv/' ../riscv/insn_template.cc | sed 's/OPCODE/ MATCH_VFWMUL_VV/' > vfwmul_vv.cc
sed 's/NAME/vfwnmacc_vf/' ../riscv/insn_template.cc | sed 's/OPCODE/ MATCH_VFWNMACC_VF/' > vfwnmacc_vf.cc
sed 's/NAME/vfwnmacc_vv/' ../riscv/insn_template.cc | sed 's/OPCODE/ MATCH_VFWNMACC_VV/' > vfwnmacc_vv.cc
sed 's/NAME/vfwnmsac_vf/' ../riscv/insn_template.cc | sed 's/OPCODE/ MATCH_VFWNMSAC_VF/' > vfwnmsac_vf.cc
sed 's/NAME/vfwnmsac_vv/' ../riscv/insn_template.cc | sed 's/OPCODE/ MATCH_VFWNMSAC_VV/' > vfwnmsac_vv.cc
sed 's/NAME/vfwredosum_vs/' ../riscv/insn_template.cc | sed 's/OPCODE/ MATCH_VFWREDOSUM_VS/' > vfwredosum_vs.cc
sed 's/NAME/vfwredusum_vs/' ../riscv/insn_template.cc | sed 's/OPCODE/ MATCH_VFWREDUSUM_VS/' > vfwredusum_vs.cc
sed 's/NAME/vfwsub_vf/' ../riscv/insn_template.cc | sed 's/OPCODE/ MATCH_VFWSUB_VF/' > vfwsub_vf.cc
sed 's/NAME/vfwsub_vv/' ../riscv/insn_template.cc | sed 's/OPCODE/ MATCH_VFWSUB_VV/' > vfwsub_vv.cc
sed 's/NAME/vfwsub_wf/' ../riscv/insn_template.cc | sed 's/OPCODE/ MATCH_VFWSUB_WF/' > vfwsub_wf.cc
sed 's/NAME/vfwsub_wv/' ../riscv/insn_template.cc | sed 's/OPCODE/ MATCH_VFWSUB_WV/' > vfwsub_wv.cc
sed 's/NAME/vmfeq_vf/' ../riscv/insn_template.cc | sed 's/OPCODE/ MATCH_VMFEQ_VF/' > vmfeq_vf.cc
sed 's/NAME/vmfeq_vv/' ../riscv/insn_template.cc | sed 's/OPCODE/ MATCH_VMFEQ_VV/' > vmfeq_vv.cc
sed 's/NAME/vmfge_vf/' ../riscv/insn_template.cc | sed 's/OPCODE/ MATCH_VMFGE_VF/' > vmfge_vf.cc
sed 's/NAME/vmfgt_vf/' ../riscv/insn_template.cc | sed 's/OPCODE/ MATCH_VMFGT_VF/' > vmfgt_vf.cc
sed 's/NAME/vmfle_vf/' ../riscv/insn_template.cc | sed 's/OPCODE/ MATCH_VMFLE_VF/' > vmfle_vf.cc
sed 's/NAME/vmfle_vv/' ../riscv/insn_template.cc | sed 's/OPCODE/ MATCH_VMFLE_VV/' > vmfle_vv.cc
sed 's/NAME/vmflt_vf/' ../riscv/insn_template.cc | sed 's/OPCODE/ MATCH_VMFLT_VF/' > vmflt_vf.cc
sed 's/NAME/vmflt_vv/' ../riscv/insn_template.cc | sed 's/OPCODE/ MATCH_VMFLT_VV/' > vmflt_vv.cc
sed 's/NAME/vmfne_vf/' ../riscv/insn_template.cc | sed 's/OPCODE/ MATCH_VMFNE_VF/' > vmfne_vf.cc
sed 's/NAME/vmfne_vv/' ../riscv/insn_template.cc | sed 's/OPCODE/ MATCH_VMFNE_VV/' > vmfne_vv.cc
sed 's/NAME/vaadd_vv/' ../riscv/insn_template.cc | sed 's/OPCODE/ MATCH_VAADD_VV/' > vaadd_vv.cc
sed 's/NAME/vaaddu_vv/' ../riscv/insn_template.cc | sed 's/OPCODE/ MATCH_VAADDU_VV/' > vaaddu_vv.cc
sed 's/NAME/vaadd_vx/' ../riscv/insn_template.cc | sed 's/OPCODE/ MATCH_VAADD_VX/' > vaadd_vx.cc
sed 's/NAME/vaaddu_vx/' ../riscv/insn_template.cc | sed 's/OPCODE/ MATCH_VAADDU_VX/' > vaaddu_vx.cc
sed 's/NAME/vadc_vim/' ../riscv/insn_template.cc | sed 's/OPCODE/ MATCH_VADC_VIM/' > vadc_vim.cc
sed 's/NAME/vadc_vvm/' ../riscv/insn_template.cc | sed 's/OPCODE/ MATCH_VADC_VVM/' > vadc_vvm.cc
sed 's/NAME/vadc_vxm/' ../riscv/insn_template.cc | sed 's/OPCODE/ MATCH_VADC_VXM/' > vadc_vxm.cc
sed 's/NAME/vadd_vi/' ../riscv/insn_template.cc | sed 's/OPCODE/ MATCH_VADD_VI/' > vadd_vi.cc
sed 's/NAME/vadd_vv/' ../riscv/insn_template.cc | sed 's/OPCODE/ MATCH_VADD_VV/' > vadd_vv.cc
sed 's/NAME/vadd_vx/' ../riscv/insn_template.cc | sed 's/OPCODE/ MATCH_VADD_VX/' > vadd_vx.cc
sed 's/NAME/vand_vi/' ../riscv/insn_template.cc | sed 's/OPCODE/ MATCH_VAND_VI/' > vand_vi.cc
sed 's/NAME/vand_vv/' ../riscv/insn_template.cc | sed 's/OPCODE/ MATCH_VAND_VV/' > vand_vv.cc
sed 's/NAME/vand_vx/' ../riscv/insn_template.cc | sed 's/OPCODE/ MATCH_VAND_VX/' > vand_vx.cc
sed 's/NAME/vasub_vv/' ../riscv/insn_template.cc | sed 's/OPCODE/ MATCH_VASUB_VV/' > vasub_vv.cc
sed 's/NAME/vasubu_vv/' ../riscv/insn_template.cc | sed 's/OPCODE/ MATCH_VASUBU_VV/' > vasubu_vv.cc
sed 's/NAME/vasub_vx/' ../riscv/insn_template.cc | sed 's/OPCODE/ MATCH_VASUB_VX/' > vasub_vx.cc
sed 's/NAME/vasubu_vx/' ../riscv/insn_template.cc | sed 's/OPCODE/ MATCH_VASUBU_VX/' > vasubu_vx.cc
sed 's/NAME/vcompress_vm/' ../riscv/insn_template.cc | sed 's/OPCODE/ MATCH_VCOMPRESS_VM/' > vcompress_vm.cc
sed 's/NAME/vcpop_m/' ../riscv/insn_template.cc | sed 's/OPCODE/ MATCH_VCPOP_M/' > vcpop_m.cc
sed 's/NAME/vdiv_vv/' ../riscv/insn_template.cc | sed 's/OPCODE/ MATCH_VDIV_VV/' > vdiv_vv.cc
sed 's/NAME/vdiv_vx/' ../riscv/insn_template.cc | sed 's/OPCODE/ MATCH_VDIV_VX/' > vdiv_vx.cc
sed 's/NAME/vdivu_vv/' ../riscv/insn_template.cc | sed 's/OPCODE/ MATCH_VDIVU_VV/' > vdivu_vv.cc
sed 's/NAME/vdivu_vx/' ../riscv/insn_template.cc | sed 's/OPCODE/ MATCH_VDIVU_VX/' > vdivu_vx.cc
sed 's/NAME/vid_v/' ../riscv/insn_template.cc | sed 's/OPCODE/ MATCH_VID_V/' > vid_v.cc
sed 's/NAME/viota_m/' ../riscv/insn_template.cc | sed 's/OPCODE/ MATCH_VIOTA_M/' > viota_m.cc
sed 's/NAME/vmacc_vv/' ../riscv/insn_template.cc | sed 's/OPCODE/ MATCH_VMACC_VV/' > vmacc_vv.cc
sed 's/NAME/vmacc_vx/' ../riscv/insn_template.cc | sed 's/OPCODE/ MATCH_VMACC_VX/' > vmacc_vx.cc
sed 's/NAME/vmadc_vv/' ../riscv/insn_template.cc | sed 's/OPCODE/ MATCH_VMADC_VV/' > vmadc_vv.cc
sed 's/NAME/vmadc_vx/' ../riscv/insn_template.cc | sed 's/OPCODE/ MATCH_VMADC_VX/' > vmadc_vx.cc
sed 's/NAME/vmadc_vi/' ../riscv/insn_template.cc | sed 's/OPCODE/ MATCH_VMADC_VI/' > vmadc_vi.cc
sed 's/NAME/vmadc_vim/' ../riscv/insn_template.cc | sed 's/OPCODE/ MATCH_VMADC_VIM/' > vmadc_vim.cc
sed 's/NAME/vmadc_vvm/' ../riscv/insn_template.cc | sed 's/OPCODE/ MATCH_VMADC_VVM/' > vmadc_vvm.cc
sed 's/NAME/vmadc_vxm/' ../riscv/insn_template.cc | sed 's/OPCODE/ MATCH_VMADC_VXM/' > vmadc_vxm.cc
sed 's/NAME/vmadd_vv/' ../riscv/insn_template.cc | sed 's/OPCODE/ MATCH_VMADD_VV/' > vmadd_vv.cc
sed 's/NAME/vmadd_vx/' ../riscv/insn_template.cc | sed 's/OPCODE/ MATCH_VMADD_VX/' > vmadd_vx.cc
sed 's/NAME/vmand_mm/' ../riscv/insn_template.cc | sed 's/OPCODE/ MATCH_VMAND_MM/' > vmand_mm.cc
sed 's/NAME/vmandn_mm/' ../riscv/insn_template.cc | sed 's/OPCODE/ MATCH_VMANDN_MM/' > vmandn_mm.cc
sed 's/NAME/vmax_vv/' ../riscv/insn_template.cc | sed 's/OPCODE/ MATCH_VMAX_VV/' > vmax_vv.cc
sed 's/NAME/vmax_vx/' ../riscv/insn_template.cc | sed 's/OPCODE/ MATCH_VMAX_VX/' > vmax_vx.cc
sed 's/NAME/vmaxu_vv/' ../riscv/insn_template.cc | sed 's/OPCODE/ MATCH_VMAXU_VV/' > vmaxu_vv.cc
sed 's/NAME/vmaxu_vx/' ../riscv/insn_template.cc | sed 's/OPCODE/ MATCH_VMAXU_VX/' > vmaxu_vx.cc
sed 's/NAME/vmerge_vim/' ../riscv/insn_template.cc | sed 's/OPCODE/ MATCH_VMERGE_VIM/' > vmerge_vim.cc
sed 's/NAME/vmerge_vvm/' ../riscv/insn_template.cc | sed 's/OPCODE/ MATCH_VMERGE_VVM/' > vmerge_vvm.cc
sed 's/NAME/vmerge_vxm/' ../riscv/insn_template.cc | sed 's/OPCODE/ MATCH_VMERGE_VXM/' > vmerge_vxm.cc
sed 's/NAME/vfirst_m/' ../riscv/insn_template.cc | sed 's/OPCODE/ MATCH_VFIRST_M/' > vfirst_m.cc
sed 's/NAME/vmin_vv/' ../riscv/insn_template.cc | sed 's/OPCODE/ MATCH_VMIN_VV/' > vmin_vv.cc
sed 's/NAME/vmin_vx/' ../riscv/insn_template.cc | sed 's/OPCODE/ MATCH_VMIN_VX/' > vmin_vx.cc
sed 's/NAME/vminu_vv/' ../riscv/insn_template.cc | sed 's/OPCODE/ MATCH_VMINU_VV/' > vminu_vv.cc
sed 's/NAME/vminu_vx/' ../riscv/insn_template.cc | sed 's/OPCODE/ MATCH_VMINU_VX/' > vminu_vx.cc
sed 's/NAME/vmnand_mm/' ../riscv/insn_template.cc | sed 's/OPCODE/ MATCH_VMNAND_MM/' > vmnand_mm.cc
sed 's/NAME/vmnor_mm/' ../riscv/insn_template.cc | sed 's/OPCODE/ MATCH_VMNOR_MM/' > vmnor_mm.cc
sed 's/NAME/vmor_mm/' ../riscv/insn_template.cc | sed 's/OPCODE/ MATCH_VMOR_MM/' > vmor_mm.cc
sed 's/NAME/vmorn_mm/' ../riscv/insn_template.cc | sed 's/OPCODE/ MATCH_VMORN_MM/' > vmorn_mm.cc
sed 's/NAME/vmsbc_vv/' ../riscv/insn_template.cc | sed 's/OPCODE/ MATCH_VMSBC_VV/' > vmsbc_vv.cc
sed 's/NAME/vmsbc_vx/' ../riscv/insn_template.cc | sed 's/OPCODE/ MATCH_VMSBC_VX/' > vmsbc_vx.cc
sed 's/NAME/vmsbc_vvm/' ../riscv/insn_template.cc | sed 's/OPCODE/ MATCH_VMSBC_VVM/' > vmsbc_vvm.cc
sed 's/NAME/vmsbc_vxm/' ../riscv/insn_template.cc | sed 's/OPCODE/ MATCH_VMSBC_VXM/' > vmsbc_vxm.cc
sed 's/NAME/vmsbf_m/' ../riscv/insn_template.cc | sed 's/OPCODE/ MATCH_VMSBF_M/' > vmsbf_m.cc
sed 's/NAME/vmseq_vi/' ../riscv/insn_template.cc | sed 's/OPCODE/ MATCH_VMSEQ_VI/' > vmseq_vi.cc
sed 's/NAME/vmseq_vv/' ../riscv/insn_template.cc | sed 's/OPCODE/ MATCH_VMSEQ_VV/' > vmseq_vv.cc
sed 's/NAME/vmseq_vx/' ../riscv/insn_template.cc | sed 's/OPCODE/ MATCH_VMSEQ_VX/' > vmseq_vx.cc
sed 's/NAME/vmsgt_vi/' ../riscv/insn_template.cc | sed 's/OPCODE/ MATCH_VMSGT_VI/' > vmsgt_vi.cc
sed 's/NAME/vmsgt_vx/' ../riscv/insn_template.cc | sed 's/OPCODE/ MATCH_VMSGT_VX/' > vmsgt_vx.cc
sed 's/NAME/vmsgtu_vi/' ../riscv/insn_template.cc | sed 's/OPCODE/ MATCH_VMSGTU_VI/' > vmsgtu_vi.cc
sed 's/NAME/vmsgtu_vx/' ../riscv/insn_template.cc | sed 's/OPCODE/ MATCH_VMSGTU_VX/' > vmsgtu_vx.cc
sed 's/NAME/vmsif_m/' ../riscv/insn_template.cc | sed 's/OPCODE/ MATCH_VMSIF_M/' > vmsif_m.cc
sed 's/NAME/vmsle_vi/' ../riscv/insn_template.cc | sed 's/OPCODE/ MATCH_VMSLE_VI/' > vmsle_vi.cc
sed 's/NAME/vmsle_vv/' ../riscv/insn_template.cc | sed 's/OPCODE/ MATCH_VMSLE_VV/' > vmsle_vv.cc
sed 's/NAME/vmsle_vx/' ../riscv/insn_template.cc | sed 's/OPCODE/ MATCH_VMSLE_VX/' > vmsle_vx.cc
sed 's/NAME/vmsleu_vi/' ../riscv/insn_template.cc | sed 's/OPCODE/ MATCH_VMSLEU_VI/' > vmsleu_vi.cc
sed 's/NAME/vmsleu_vv/' ../riscv/insn_template.cc | sed 's/OPCODE/ MATCH_VMSLEU_VV/' > vmsleu_vv.cc
sed 's/NAME/vmsleu_vx/' ../riscv/insn_template.cc | sed 's/OPCODE/ MATCH_VMSLEU_VX/' > vmsleu_vx.cc
sed 's/NAME/vmslt_vv/' ../riscv/insn_template.cc | sed 's/OPCODE/ MATCH_VMSLT_VV/' > vmslt_vv.cc
sed 's/NAME/vmslt_vx/' ../riscv/insn_template.cc | sed 's/OPCODE/ MATCH_VMSLT_VX/' > vmslt_vx.cc
sed 's/NAME/vmsltu_vv/' ../riscv/insn_template.cc | sed 's/OPCODE/ MATCH_VMSLTU_VV/' > vmsltu_vv.cc
sed 's/NAME/vmsltu_vx/' ../riscv/insn_template.cc | sed 's/OPCODE/ MATCH_VMSLTU_VX/' > vmsltu_vx.cc
sed 's/NAME/vmsne_vi/' ../riscv/insn_template.cc | sed 's/OPCODE/ MATCH_VMSNE_VI/' > vmsne_vi.cc
sed 's/NAME/vmsne_vv/' ../riscv/insn_template.cc | sed 's/OPCODE/ MATCH_VMSNE_VV/' > vmsne_vv.cc
sed 's/NAME/vmsne_vx/' ../riscv/insn_template.cc | sed 's/OPCODE/ MATCH_VMSNE_VX/' > vmsne_vx.cc
sed 's/NAME/vmsof_m/' ../riscv/insn_template.cc | sed 's/OPCODE/ MATCH_VMSOF_M/' > vmsof_m.cc
sed 's/NAME/vmul_vv/' ../riscv/insn_template.cc | sed 's/OPCODE/ MATCH_VMUL_VV/' > vmul_vv.cc
sed 's/NAME/vmul_vx/' ../riscv/insn_template.cc | sed 's/OPCODE/ MATCH_VMUL_VX/' > vmul_vx.cc
sed 's/NAME/vmulh_vv/' ../riscv/insn_template.cc | sed 's/OPCODE/ MATCH_VMULH_VV/' > vmulh_vv.cc
sed 's/NAME/vmulh_vx/' ../riscv/insn_template.cc | sed 's/OPCODE/ MATCH_VMULH_VX/' > vmulh_vx.cc
sed 's/NAME/vmulhsu_vv/' ../riscv/insn_template.cc | sed 's/OPCODE/ MATCH_VMULHSU_VV/' > vmulhsu_vv.cc
sed 's/NAME/vmulhsu_vx/' ../riscv/insn_template.cc | sed 's/OPCODE/ MATCH_VMULHSU_VX/' > vmulhsu_vx.cc
sed 's/NAME/vmulhu_vv/' ../riscv/insn_template.cc | sed 's/OPCODE/ MATCH_VMULHU_VV/' > vmulhu_vv.cc
sed 's/NAME/vmulhu_vx/' ../riscv/insn_template.cc | sed 's/OPCODE/ MATCH_VMULHU_VX/' > vmulhu_vx.cc
sed 's/NAME/vmv_s_x/' ../riscv/insn_template.cc | sed 's/OPCODE/ MATCH_VMV_S_X/' > vmv_s_x.cc
sed 's/NAME/vmv_v_i/' ../riscv/insn_template.cc | sed 's/OPCODE/ MATCH_VMV_V_I/' > vmv_v_i.cc
sed 's/NAME/vmv_v_v/' ../riscv/insn_template.cc | sed 's/OPCODE/ MATCH_VMV_V_V/' > vmv_v_v.cc
sed 's/NAME/vmv_v_x/' ../riscv/insn_template.cc | sed 's/OPCODE/ MATCH_VMV_V_X/' > vmv_v_x.cc
sed 's/NAME/vmv_x_s/' ../riscv/insn_template.cc | sed 's/OPCODE/ MATCH_VMV_X_S/' > vmv_x_s.cc
sed 's/NAME/vmv1r_v/' ../riscv/insn_template.cc | sed 's/OPCODE/ MATCH_VMV1R_V/' > vmv1r_v.cc
sed 's/NAME/vmv2r_v/' ../riscv/insn_template.cc | sed 's/OPCODE/ MATCH_VMV2R_V/' > vmv2r_v.cc
sed 's/NAME/vmv4r_v/' ../riscv/insn_template.cc | sed 's/OPCODE/ MATCH_VMV4R_V/' > vmv4r_v.cc
sed 's/NAME/vmv8r_v/' ../riscv/insn_template.cc | sed 's/OPCODE/ MATCH_VMV8R_V/' > vmv8r_v.cc
sed 's/NAME/vmxnor_mm/' ../riscv/insn_template.cc | sed 's/OPCODE/ MATCH_VMXNOR_MM/' > vmxnor_mm.cc
sed 's/NAME/vmxor_mm/' ../riscv/insn_template.cc | sed 's/OPCODE/ MATCH_VMXOR_MM/' > vmxor_mm.cc
sed 's/NAME/vnclip_wi/' ../riscv/insn_template.cc | sed 's/OPCODE/ MATCH_VNCLIP_WI/' > vnclip_wi.cc
sed 's/NAME/vnclip_wv/' ../riscv/insn_template.cc | sed 's/OPCODE/ MATCH_VNCLIP_WV/' > vnclip_wv.cc
sed 's/NAME/vnclip_wx/' ../riscv/insn_template.cc | sed 's/OPCODE/ MATCH_VNCLIP_WX/' > vnclip_wx.cc
sed 's/NAME/vnclipu_wi/' ../riscv/insn_template.cc | sed 's/OPCODE/ MATCH_VNCLIPU_WI/' > vnclipu_wi.cc
sed 's/NAME/vnclipu_wv/' ../riscv/insn_template.cc | sed 's/OPCODE/ MATCH_VNCLIPU_WV/' > vnclipu_wv.cc
sed 's/NAME/vnclipu_wx/' ../riscv/insn_template.cc | sed 's/OPCODE/ MATCH_VNCLIPU_WX/' > vnclipu_wx.cc
sed 's/NAME/vnmsac_vv/' ../riscv/insn_template.cc | sed 's/OPCODE/ MATCH_VNMSAC_VV/' > vnmsac_vv.cc
sed 's/NAME/vnmsac_vx/' ../riscv/insn_template.cc | sed 's/OPCODE/ MATCH_VNMSAC_VX/' > vnmsac_vx.cc
sed 's/NAME/vnmsub_vv/' ../riscv/insn_template.cc | sed 's/OPCODE/ MATCH_VNMSUB_VV/' > vnmsub_vv.cc
sed 's/NAME/vnmsub_vx/' ../riscv/insn_template.cc | sed 's/OPCODE/ MATCH_VNMSUB_VX/' > vnmsub_vx.cc
sed 's/NAME/vnsra_wi/' ../riscv/insn_template.cc | sed 's/OPCODE/ MATCH_VNSRA_WI/' > vnsra_wi.cc
sed 's/NAME/vnsra_wv/' ../riscv/insn_template.cc | sed 's/OPCODE/ MATCH_VNSRA_WV/' > vnsra_wv.cc
sed 's/NAME/vnsra_wx/' ../riscv/insn_template.cc | sed 's/OPCODE/ MATCH_VNSRA_WX/' > vnsra_wx.cc
sed 's/NAME/vnsrl_wi/' ../riscv/insn_template.cc | sed 's/OPCODE/ MATCH_VNSRL_WI/' > vnsrl_wi.cc
sed 's/NAME/vnsrl_wv/' ../riscv/insn_template.cc | sed 's/OPCODE/ MATCH_VNSRL_WV/' > vnsrl_wv.cc
sed 's/NAME/vnsrl_wx/' ../riscv/insn_template.cc | sed 's/OPCODE/ MATCH_VNSRL_WX/' > vnsrl_wx.cc
sed 's/NAME/vor_vi/' ../riscv/insn_template.cc | sed 's/OPCODE/ MATCH_VOR_VI/' > vor_vi.cc
sed 's/NAME/vor_vv/' ../riscv/insn_template.cc | sed 's/OPCODE/ MATCH_VOR_VV/' > vor_vv.cc
sed 's/NAME/vor_vx/' ../riscv/insn_template.cc | sed 's/OPCODE/ MATCH_VOR_VX/' > vor_vx.cc
sed 's/NAME/vredand_vs/' ../riscv/insn_template.cc | sed 's/OPCODE/ MATCH_VREDAND_VS/' > vredand_vs.cc
sed 's/NAME/vredmax_vs/' ../riscv/insn_template.cc | sed 's/OPCODE/ MATCH_VREDMAX_VS/' > vredmax_vs.cc
sed 's/NAME/vredmaxu_vs/' ../riscv/insn_template.cc | sed 's/OPCODE/ MATCH_VREDMAXU_VS/' > vredmaxu_vs.cc
sed 's/NAME/vredmin_vs/' ../riscv/insn_template.cc | sed 's/OPCODE/ MATCH_VREDMIN_VS/' > vredmin_vs.cc
sed 's/NAME/vredminu_vs/' ../riscv/insn_template.cc | sed 's/OPCODE/ MATCH_VREDMINU_VS/' > vredminu_vs.cc
sed 's/NAME/vredor_vs/' ../riscv/insn_template.cc | sed 's/OPCODE/ MATCH_VREDOR_VS/' > vredor_vs.cc
sed 's/NAME/vredsum_vs/' ../riscv/insn_template.cc | sed 's/OPCODE/ MATCH_VREDSUM_VS/' > vredsum_vs.cc
sed 's/NAME/vredxor_vs/' ../riscv/insn_template.cc | sed 's/OPCODE/ MATCH_VREDXOR_VS/' > vredxor_vs.cc
sed 's/NAME/vrem_vv/' ../riscv/insn_template.cc | sed 's/OPCODE/ MATCH_VREM_VV/' > vrem_vv.cc
sed 's/NAME/vrem_vx/' ../riscv/insn_template.cc | sed 's/OPCODE/ MATCH_VREM_VX/' > vrem_vx.cc
sed 's/NAME/vremu_vv/' ../riscv/insn_template.cc | sed 's/OPCODE/ MATCH_VREMU_VV/' > vremu_vv.cc
sed 's/NAME/vremu_vx/' ../riscv/insn_template.cc | sed 's/OPCODE/ MATCH_VREMU_VX/' > vremu_vx.cc
sed 's/NAME/vrgather_vi/' ../riscv/insn_template.cc | sed 's/OPCODE/ MATCH_VRGATHER_VI/' > vrgather_vi.cc
sed 's/NAME/vrgather_vv/' ../riscv/insn_template.cc | sed 's/OPCODE/ MATCH_VRGATHER_VV/' > vrgather_vv.cc
sed 's/NAME/vrgather_vx/' ../riscv/insn_template.cc | sed 's/OPCODE/ MATCH_VRGATHER_VX/' > vrgather_vx.cc
sed 's/NAME/vrgatherei16_vv/' ../riscv/insn_template.cc | sed 's/OPCODE/ MATCH_VRGATHEREI16_VV/' > vrgatherei16_vv.cc
sed 's/NAME/vrsub_vi/' ../riscv/insn_template.cc | sed 's/OPCODE/ MATCH_VRSUB_VI/' > vrsub_vi.cc
sed 's/NAME/vrsub_vx/' ../riscv/insn_template.cc | sed 's/OPCODE/ MATCH_VRSUB_VX/' > vrsub_vx.cc
sed 's/NAME/vsadd_vi/' ../riscv/insn_template.cc | sed 's/OPCODE/ MATCH_VSADD_VI/' > vsadd_vi.cc
sed 's/NAME/vsadd_vv/' ../riscv/insn_template.cc | sed 's/OPCODE/ MATCH_VSADD_VV/' > vsadd_vv.cc
sed 's/NAME/vsadd_vx/' ../riscv/insn_template.cc | sed 's/OPCODE/ MATCH_VSADD_VX/' > vsadd_vx.cc
sed 's/NAME/vsaddu_vi/' ../riscv/insn_template.cc | sed 's/OPCODE/ MATCH_VSADDU_VI/' > vsaddu_vi.cc
sed 's/NAME/vsaddu_vv/' ../riscv/insn_template.cc | sed 's/OPCODE/ MATCH_VSADDU_VV/' > vsaddu_vv.cc
sed 's/NAME/vsaddu_vx/' ../riscv/insn_template.cc | sed 's/OPCODE/ MATCH_VSADDU_VX/' > vsaddu_vx.cc
sed 's/NAME/vsbc_vvm/' ../riscv/insn_template.cc | sed 's/OPCODE/ MATCH_VSBC_VVM/' > vsbc_vvm.cc
sed 's/NAME/vsbc_vxm/' ../riscv/insn_template.cc | sed 's/OPCODE/ MATCH_VSBC_VXM/' > vsbc_vxm.cc
sed 's/NAME/vsext_vf2/' ../riscv/insn_template.cc | sed 's/OPCODE/ MATCH_VSEXT_VF2/' > vsext_vf2.cc
sed 's/NAME/vsext_vf4/' ../riscv/insn_template.cc | sed 's/OPCODE/ MATCH_VSEXT_VF4/' > vsext_vf4.cc
sed 's/NAME/vsext_vf8/' ../riscv/insn_template.cc | sed 's/OPCODE/ MATCH_VSEXT_VF8/' > vsext_vf8.cc
sed 's/NAME/vslide1down_vx/' ../riscv/insn_template.cc | sed 's/OPCODE/ MATCH_VSLIDE1DOWN_VX/' > vslide1down_vx.cc
sed 's/NAME/vslide1up_vx/' ../riscv/insn_template.cc | sed 's/OPCODE/ MATCH_VSLIDE1UP_VX/' > vslide1up_vx.cc
sed 's/NAME/vslidedown_vi/' ../riscv/insn_template.cc | sed 's/OPCODE/ MATCH_VSLIDEDOWN_VI/' > vslidedown_vi.cc
sed 's/NAME/vslidedown_vx/' ../riscv/insn_template.cc | sed 's/OPCODE/ MATCH_VSLIDEDOWN_VX/' > vslidedown_vx.cc
sed 's/NAME/vslideup_vi/' ../riscv/insn_template.cc | sed 's/OPCODE/ MATCH_VSLIDEUP_VI/' > vslideup_vi.cc
sed 's/NAME/vslideup_vx/' ../riscv/insn_template.cc | sed 's/OPCODE/ MATCH_VSLIDEUP_VX/' > vslideup_vx.cc
sed 's/NAME/vsll_vi/' ../riscv/insn_template.cc | sed 's/OPCODE/ MATCH_VSLL_VI/' > vsll_vi.cc
sed 's/NAME/vsll_vv/' ../riscv/insn_template.cc | sed 's/OPCODE/ MATCH_VSLL_VV/' > vsll_vv.cc
sed 's/NAME/vsll_vx/' ../riscv/insn_template.cc | sed 's/OPCODE/ MATCH_VSLL_VX/' > vsll_vx.cc
sed 's/NAME/vsmul_vv/' ../riscv/insn_template.cc | sed 's/OPCODE/ MATCH_VSMUL_VV/' > vsmul_vv.cc
sed 's/NAME/vsmul_vx/' ../riscv/insn_template.cc | sed 's/OPCODE/ MATCH_VSMUL_VX/' > vsmul_vx.cc
sed 's/NAME/vsra_vi/' ../riscv/insn_template.cc | sed 's/OPCODE/ MATCH_VSRA_VI/' > vsra_vi.cc
sed 's/NAME/vsra_vv/' ../riscv/insn_template.cc | sed 's/OPCODE/ MATCH_VSRA_VV/' > vsra_vv.cc
sed 's/NAME/vsra_vx/' ../riscv/insn_template.cc | sed 's/OPCODE/ MATCH_VSRA_VX/' > vsra_vx.cc
sed 's/NAME/vsrl_vi/' ../riscv/insn_template.cc | sed 's/OPCODE/ MATCH_VSRL_VI/' > vsrl_vi.cc
sed 's/NAME/vsrl_vv/' ../riscv/insn_template.cc | sed 's/OPCODE/ MATCH_VSRL_VV/' > vsrl_vv.cc
sed 's/NAME/vsrl_vx/' ../riscv/insn_template.cc | sed 's/OPCODE/ MATCH_VSRL_VX/' > vsrl_vx.cc
sed 's/NAME/vssra_vi/' ../riscv/insn_template.cc | sed 's/OPCODE/ MATCH_VSSRA_VI/' > vssra_vi.cc
sed 's/NAME/vssra_vv/' ../riscv/insn_template.cc | sed 's/OPCODE/ MATCH_VSSRA_VV/' > vssra_vv.cc
sed 's/NAME/vssra_vx/' ../riscv/insn_template.cc | sed 's/OPCODE/ MATCH_VSSRA_VX/' > vssra_vx.cc
sed 's/NAME/vssrl_vi/' ../riscv/insn_template.cc | sed 's/OPCODE/ MATCH_VSSRL_VI/' > vssrl_vi.cc
sed 's/NAME/vssrl_vv/' ../riscv/insn_template.cc | sed 's/OPCODE/ MATCH_VSSRL_VV/' > vssrl_vv.cc
sed 's/NAME/vssrl_vx/' ../riscv/insn_template.cc | sed 's/OPCODE/ MATCH_VSSRL_VX/' > vssrl_vx.cc
sed 's/NAME/vssub_vv/' ../riscv/insn_template.cc | sed 's/OPCODE/ MATCH_VSSUB_VV/' > vssub_vv.cc
sed 's/NAME/vssub_vx/' ../riscv/insn_template.cc | sed 's/OPCODE/ MATCH_VSSUB_VX/' > vssub_vx.cc
sed 's/NAME/vssubu_vv/' ../riscv/insn_template.cc | sed 's/OPCODE/ MATCH_VSSUBU_VV/' > vssubu_vv.cc
sed 's/NAME/vssubu_vx/' ../riscv/insn_template.cc | sed 's/OPCODE/ MATCH_VSSUBU_VX/' > vssubu_vx.cc
sed 's/NAME/vsub_vv/' ../riscv/insn_template.cc | sed 's/OPCODE/ MATCH_VSUB_VV/' > vsub_vv.cc
sed 's/NAME/vsub_vx/' ../riscv/insn_template.cc | sed 's/OPCODE/ MATCH_VSUB_VX/' > vsub_vx.cc
sed 's/NAME/vwadd_vv/' ../riscv/insn_template.cc | sed 's/OPCODE/ MATCH_VWADD_VV/' > vwadd_vv.cc
sed 's/NAME/vwadd_vx/' ../riscv/insn_template.cc | sed 's/OPCODE/ MATCH_VWADD_VX/' > vwadd_vx.cc
sed 's/NAME/vwadd_wv/' ../riscv/insn_template.cc | sed 's/OPCODE/ MATCH_VWADD_WV/' > vwadd_wv.cc
sed 's/NAME/vwadd_wx/' ../riscv/insn_template.cc | sed 's/OPCODE/ MATCH_VWADD_WX/' > vwadd_wx.cc
sed 's/NAME/vwaddu_vv/' ../riscv/insn_template.cc | sed 's/OPCODE/ MATCH_VWADDU_VV/' > vwaddu_vv.cc
sed 's/NAME/vwaddu_vx/' ../riscv/insn_template.cc | sed 's/OPCODE/ MATCH_VWADDU_VX/' > vwaddu_vx.cc
sed 's/NAME/vwaddu_wv/' ../riscv/insn_template.cc | sed 's/OPCODE/ MATCH_VWADDU_WV/' > vwaddu_wv.cc
sed 's/NAME/vwaddu_wx/' ../riscv/insn_template.cc | sed 's/OPCODE/ MATCH_VWADDU_WX/' > vwaddu_wx.cc
sed 's/NAME/vwmacc_vv/' ../riscv/insn_template.cc | sed 's/OPCODE/ MATCH_VWMACC_VV/' > vwmacc_vv.cc
sed 's/NAME/vwmacc_vx/' ../riscv/insn_template.cc | sed 's/OPCODE/ MATCH_VWMACC_VX/' > vwmacc_vx.cc
sed 's/NAME/vwmaccsu_vv/' ../riscv/insn_template.cc | sed 's/OPCODE/ MATCH_VWMACCSU_VV/' > vwmaccsu_vv.cc
sed 's/NAME/vwmaccsu_vx/' ../riscv/insn_template.cc | sed 's/OPCODE/ MATCH_VWMACCSU_VX/' > vwmaccsu_vx.cc
sed 's/NAME/vwmaccu_vv/' ../riscv/insn_template.cc | sed 's/OPCODE/ MATCH_VWMACCU_VV/' > vwmaccu_vv.cc
sed 's/NAME/vwmaccu_vx/' ../riscv/insn_template.cc | sed 's/OPCODE/ MATCH_VWMACCU_VX/' > vwmaccu_vx.cc
sed 's/NAME/vwmaccus_vx/' ../riscv/insn_template.cc | sed 's/OPCODE/ MATCH_VWMACCUS_VX/' > vwmaccus_vx.cc
sed 's/NAME/vwmul_vv/' ../riscv/insn_template.cc | sed 's/OPCODE/ MATCH_VWMUL_VV/' > vwmul_vv.cc
sed 's/NAME/vwmul_vx/' ../riscv/insn_template.cc | sed 's/OPCODE/ MATCH_VWMUL_VX/' > vwmul_vx.cc
sed 's/NAME/vwmulsu_vv/' ../riscv/insn_template.cc | sed 's/OPCODE/ MATCH_VWMULSU_VV/' > vwmulsu_vv.cc
sed 's/NAME/vwmulsu_vx/' ../riscv/insn_template.cc | sed 's/OPCODE/ MATCH_VWMULSU_VX/' > vwmulsu_vx.cc
sed 's/NAME/vwmulu_vv/' ../riscv/insn_template.cc | sed 's/OPCODE/ MATCH_VWMULU_VV/' > vwmulu_vv.cc
sed 's/NAME/vwmulu_vx/' ../riscv/insn_template.cc | sed 's/OPCODE/ MATCH_VWMULU_VX/' > vwmulu_vx.cc
sed 's/NAME/vwredsum_vs/' ../riscv/insn_template.cc | sed 's/OPCODE/ MATCH_VWREDSUM_VS/' > vwredsum_vs.cc
sed 's/NAME/vwredsumu_vs/' ../riscv/insn_template.cc | sed 's/OPCODE/ MATCH_VWREDSUMU_VS/' > vwredsumu_vs.cc
sed 's/NAME/vwsub_vv/' ../riscv/insn_template.cc | sed 's/OPCODE/ MATCH_VWSUB_VV/' > vwsub_vv.cc
sed 's/NAME/vwsub_vx/' ../riscv/insn_template.cc | sed 's/OPCODE/ MATCH_VWSUB_VX/' > vwsub_vx.cc
sed 's/NAME/vwsub_wv/' ../riscv/insn_template.cc | sed 's/OPCODE/ MATCH_VWSUB_WV/' > vwsub_wv.cc
sed 's/NAME/vwsub_wx/' ../riscv/insn_template.cc | sed 's/OPCODE/ MATCH_VWSUB_WX/' > vwsub_wx.cc
sed 's/NAME/vwsubu_vv/' ../riscv/insn_template.cc | sed 's/OPCODE/ MATCH_VWSUBU_VV/' > vwsubu_vv.cc
sed 's/NAME/vwsubu_vx/' ../riscv/insn_template.cc | sed 's/OPCODE/ MATCH_VWSUBU_VX/' > vwsubu_vx.cc
sed 's/NAME/vwsubu_wv/' ../riscv/insn_template.cc | sed 's/OPCODE/ MATCH_VWSUBU_WV/' > vwsubu_wv.cc
sed 's/NAME/vwsubu_wx/' ../riscv/insn_template.cc | sed 's/OPCODE/ MATCH_VWSUBU_WX/' > vwsubu_wx.cc
sed 's/NAME/vxor_vi/' ../riscv/insn_template.cc | sed 's/OPCODE/ MATCH_VXOR_VI/' > vxor_vi.cc
sed 's/NAME/vxor_vv/' ../riscv/insn_template.cc | sed 's/OPCODE/ MATCH_VXOR_VV/' > vxor_vv.cc
sed 's/NAME/vxor_vx/' ../riscv/insn_template.cc | sed 's/OPCODE/ MATCH_VXOR_VX/' > vxor_vx.cc
sed 's/NAME/vzext_vf2/' ../riscv/insn_template.cc | sed 's/OPCODE/ MATCH_VZEXT_VF2/' > vzext_vf2.cc
sed 's/NAME/vzext_vf4/' ../riscv/insn_template.cc | sed 's/OPCODE/ MATCH_VZEXT_VF4/' > vzext_vf4.cc
sed 's/NAME/vzext_vf8/' ../riscv/insn_template.cc | sed 's/OPCODE/ MATCH_VZEXT_VF8/' > vzext_vf8.cc
sed 's/NAME/vsetivli/' ../riscv/insn_template.cc | sed 's/OPCODE/ MATCH_VSETIVLI/' > vsetivli.cc
sed 's/NAME/vsetvli/' ../riscv/insn_template.cc | sed 's/OPCODE/ MATCH_VSETVLI/' > vsetvli.cc
sed 's/NAME/vsetvl/' ../riscv/insn_template.cc | sed 's/OPCODE/ MATCH_VSETVL/' > vsetvl.cc
sed 's/NAME/vlm_v/' ../riscv/insn_template.cc | sed 's/OPCODE/ MATCH_VLM_V/' > vlm_v.cc
sed 's/NAME/vle8_v/' ../riscv/insn_template.cc | sed 's/OPCODE/ MATCH_VLE8_V/' > vle8_v.cc
sed 's/NAME/vle16_v/' ../riscv/insn_template.cc | sed 's/OPCODE/ MATCH_VLE16_V/' > vle16_v.cc
sed 's/NAME/vle32_v/' ../riscv/insn_template.cc | sed 's/OPCODE/ MATCH_VLE32_V/' > vle32_v.cc
sed 's/NAME/vle64_v/' ../riscv/insn_template.cc | sed 's/OPCODE/ MATCH_VLE64_V/' > vle64_v.cc
sed 's/NAME/vloxei8_v/' ../riscv/insn_template.cc | sed 's/OPCODE/ MATCH_VLOXEI8_V/' > vloxei8_v.cc
sed 's/NAME/vloxei16_v/' ../riscv/insn_template.cc | sed 's/OPCODE/ MATCH_VLOXEI16_V/' > vloxei16_v.cc
sed 's/NAME/vloxei32_v/' ../riscv/insn_template.cc | sed 's/OPCODE/ MATCH_VLOXEI32_V/' > vloxei32_v.cc
sed 's/NAME/vloxei64_v/' ../riscv/insn_template.cc | sed 's/OPCODE/ MATCH_VLOXEI64_V/' > vloxei64_v.cc
sed 's/NAME/vlse8_v/' ../riscv/insn_template.cc | sed 's/OPCODE/ MATCH_VLSE8_V/' > vlse8_v.cc
sed 's/NAME/vlse16_v/' ../riscv/insn_template.cc | sed 's/OPCODE/ MATCH_VLSE16_V/' > vlse16_v.cc
sed 's/NAME/vlse32_v/' ../riscv/insn_template.cc | sed 's/OPCODE/ MATCH_VLSE32_V/' > vlse32_v.cc
sed 's/NAME/vlse64_v/' ../riscv/insn_template.cc | sed 's/OPCODE/ MATCH_VLSE64_V/' > vlse64_v.cc
sed 's/NAME/vluxei8_v/' ../riscv/insn_template.cc | sed 's/OPCODE/ MATCH_VLUXEI8_V/' > vluxei8_v.cc
sed 's/NAME/vluxei16_v/' ../riscv/insn_template.cc | sed 's/OPCODE/ MATCH_VLUXEI16_V/' > vluxei16_v.cc
sed 's/NAME/vluxei32_v/' ../riscv/insn_template.cc | sed 's/OPCODE/ MATCH_VLUXEI32_V/' > vluxei32_v.cc
sed 's/NAME/vluxei64_v/' ../riscv/insn_template.cc | sed 's/OPCODE/ MATCH_VLUXEI64_V/' > vluxei64_v.cc
sed 's/NAME/vle8ff_v/' ../riscv/insn_template.cc | sed 's/OPCODE/ MATCH_VLE8FF_V/' > vle8ff_v.cc
sed 's/NAME/vle16ff_v/' ../riscv/insn_template.cc | sed 's/OPCODE/ MATCH_VLE16FF_V/' > vle16ff_v.cc
sed 's/NAME/vle32ff_v/' ../riscv/insn_template.cc | sed 's/OPCODE/ MATCH_VLE32FF_V/' > vle32ff_v.cc
sed 's/NAME/vle64ff_v/' ../riscv/insn_template.cc | sed 's/OPCODE/ MATCH_VLE64FF_V/' > vle64ff_v.cc
sed 's/NAME/vl1re8_v/' ../riscv/insn_template.cc | sed 's/OPCODE/ MATCH_VL1RE8_V/' > vl1re8_v.cc
sed 's/NAME/vl2re8_v/' ../riscv/insn_template.cc | sed 's/OPCODE/ MATCH_VL2RE8_V/' > vl2re8_v.cc
sed 's/NAME/vl4re8_v/' ../riscv/insn_template.cc | sed 's/OPCODE/ MATCH_VL4RE8_V/' > vl4re8_v.cc
sed 's/NAME/vl8re8_v/' ../riscv/insn_template.cc | sed 's/OPCODE/ MATCH_VL8RE8_V/' > vl8re8_v.cc
sed 's/NAME/vl1re16_v/' ../riscv/insn_template.cc | sed 's/OPCODE/ MATCH_VL1RE16_V/' > vl1re16_v.cc
sed 's/NAME/vl2re16_v/' ../riscv/insn_template.cc | sed 's/OPCODE/ MATCH_VL2RE16_V/' > vl2re16_v.cc
sed 's/NAME/vl4re16_v/' ../riscv/insn_template.cc | sed 's/OPCODE/ MATCH_VL4RE16_V/' > vl4re16_v.cc
sed 's/NAME/vl8re16_v/' ../riscv/insn_template.cc | sed 's/OPCODE/ MATCH_VL8RE16_V/' > vl8re16_v.cc
sed 's/NAME/vl1re32_v/' ../riscv/insn_template.cc | sed 's/OPCODE/ MATCH_VL1RE32_V/' > vl1re32_v.cc
sed 's/NAME/vl2re32_v/' ../riscv/insn_template.cc | sed 's/OPCODE/ MATCH_VL2RE32_V/' > vl2re32_v.cc
sed 's/NAME/vl4re32_v/' ../riscv/insn_template.cc | sed 's/OPCODE/ MATCH_VL4RE32_V/' > vl4re32_v.cc
sed 's/NAME/vl8re32_v/' ../riscv/insn_template.cc | sed 's/OPCODE/ MATCH_VL8RE32_V/' > vl8re32_v.cc
sed 's/NAME/vl1re64_v/' ../riscv/insn_template.cc | sed 's/OPCODE/ MATCH_VL1RE64_V/' > vl1re64_v.cc
sed 's/NAME/vl2re64_v/' ../riscv/insn_template.cc | sed 's/OPCODE/ MATCH_VL2RE64_V/' > vl2re64_v.cc
sed 's/NAME/vl4re64_v/' ../riscv/insn_template.cc | sed 's/OPCODE/ MATCH_VL4RE64_V/' > vl4re64_v.cc
sed 's/NAME/vl8re64_v/' ../riscv/insn_template.cc | sed 's/OPCODE/ MATCH_VL8RE64_V/' > vl8re64_v.cc
sed 's/NAME/vsm_v/' ../riscv/insn_template.cc | sed 's/OPCODE/ MATCH_VSM_V/' > vsm_v.cc
sed 's/NAME/vse8_v/' ../riscv/insn_template.cc | sed 's/OPCODE/ MATCH_VSE8_V/' > vse8_v.cc
sed 's/NAME/vse16_v/' ../riscv/insn_template.cc | sed 's/OPCODE/ MATCH_VSE16_V/' > vse16_v.cc
sed 's/NAME/vse32_v/' ../riscv/insn_template.cc | sed 's/OPCODE/ MATCH_VSE32_V/' > vse32_v.cc
sed 's/NAME/vse64_v/' ../riscv/insn_template.cc | sed 's/OPCODE/ MATCH_VSE64_V/' > vse64_v.cc
sed 's/NAME/vsse8_v/' ../riscv/insn_template.cc | sed 's/OPCODE/ MATCH_VSSE8_V/' > vsse8_v.cc
sed 's/NAME/vsoxei8_v/' ../riscv/insn_template.cc | sed 's/OPCODE/ MATCH_VSOXEI8_V/' > vsoxei8_v.cc
sed 's/NAME/vsoxei16_v/' ../riscv/insn_template.cc | sed 's/OPCODE/ MATCH_VSOXEI16_V/' > vsoxei16_v.cc
sed 's/NAME/vsoxei32_v/' ../riscv/insn_template.cc | sed 's/OPCODE/ MATCH_VSOXEI32_V/' > vsoxei32_v.cc
sed 's/NAME/vsoxei64_v/' ../riscv/insn_template.cc | sed 's/OPCODE/ MATCH_VSOXEI64_V/' > vsoxei64_v.cc
sed 's/NAME/vsse16_v/' ../riscv/insn_template.cc | sed 's/OPCODE/ MATCH_VSSE16_V/' > vsse16_v.cc
sed 's/NAME/vsse32_v/' ../riscv/insn_template.cc | sed 's/OPCODE/ MATCH_VSSE32_V/' > vsse32_v.cc
sed 's/NAME/vsse64_v/' ../riscv/insn_template.cc | sed 's/OPCODE/ MATCH_VSSE64_V/' > vsse64_v.cc
sed 's/NAME/vsuxei8_v/' ../riscv/insn_template.cc | sed 's/OPCODE/ MATCH_VSUXEI8_V/' > vsuxei8_v.cc
sed 's/NAME/vsuxei16_v/' ../riscv/insn_template.cc | sed 's/OPCODE/ MATCH_VSUXEI16_V/' > vsuxei16_v.cc
sed 's/NAME/vsuxei32_v/' ../riscv/insn_template.cc | sed 's/OPCODE/ MATCH_VSUXEI32_V/' > vsuxei32_v.cc
sed 's/NAME/vsuxei64_v/' ../riscv/insn_template.cc | sed 's/OPCODE/ MATCH_VSUXEI64_V/' > vsuxei64_v.cc
sed 's/NAME/vs1r_v/' ../riscv/insn_template.cc | sed 's/OPCODE/ MATCH_VS1R_V/' > vs1r_v.cc
sed 's/NAME/vs2r_v/' ../riscv/insn_template.cc | sed 's/OPCODE/ MATCH_VS2R_V/' > vs2r_v.cc
sed 's/NAME/vs4r_v/' ../riscv/insn_template.cc | sed 's/OPCODE/ MATCH_VS4R_V/' > vs4r_v.cc
sed 's/NAME/vs8r_v/' ../riscv/insn_template.cc | sed 's/OPCODE/ MATCH_VS8R_V/' > vs8r_v.cc
sed 's/NAME/fcvt_bf16_s/' ../riscv/insn_template.cc | sed 's/OPCODE/ MATCH_FCVT_BF16_S/' > fcvt_bf16_s.cc
sed 's/NAME/fcvt_s_bf16/' ../riscv/insn_template.cc | sed 's/OPCODE/ MATCH_FCVT_S_BF16/' > fcvt_s_bf16.cc
sed 's/NAME/vfncvtbf16_f_f_w/' ../riscv/insn_template.cc | sed 's/OPCODE/ MATCH_VFNCVTBF16_F_F_W/' > vfncvtbf16_f_f_w.cc
sed 's/NAME/vfwcvtbf16_f_f_v/' ../riscv/insn_template.cc | sed 's/OPCODE/ MATCH_VFWCVTBF16_F_F_V/' > vfwcvtbf16_f_f_v.cc
sed 's/NAME/vfwmaccbf16_vv/' ../riscv/insn_template.cc | sed 's/OPCODE/ MATCH_VFWMACCBF16_VV/' > vfwmaccbf16_vv.cc
sed 's/NAME/vfwmaccbf16_vf/' ../riscv/insn_template.cc | sed 's/OPCODE/ MATCH_VFWMACCBF16_VF/' > vfwmaccbf16_vf.cc
sed 's/NAME/cbo_clean/' ../riscv/insn_template.cc | sed 's/OPCODE/ MATCH_CBO_CLEAN/' > cbo_clean.cc
sed 's/NAME/cbo_flush/' ../riscv/insn_template.cc | sed 's/OPCODE/ MATCH_CBO_FLUSH/' > cbo_flush.cc
sed 's/NAME/cbo_inval/' ../riscv/insn_template.cc | sed 's/OPCODE/ MATCH_CBO_INVAL/' > cbo_inval.cc
sed 's/NAME/cbo_zero/' ../riscv/insn_template.cc | sed 's/OPCODE/ MATCH_CBO_ZERO/' > cbo_zero.cc
sed 's/NAME/fli_d/' ../riscv/insn_template.cc | sed 's/OPCODE/ MATCH_FLI_D/' > fli_d.cc
sed 's/NAME/fmaxm_d/' ../riscv/insn_template.cc | sed 's/OPCODE/ MATCH_FMAXM_D/' > fmaxm_d.cc
sed 's/NAME/fminm_d/' ../riscv/insn_template.cc | sed 's/OPCODE/ MATCH_FMINM_D/' > fminm_d.cc
sed 's/NAME/fround_d/' ../riscv/insn_template.cc | sed 's/OPCODE/ MATCH_FROUND_D/' > fround_d.cc
sed 's/NAME/froundnx_d/' ../riscv/insn_template.cc | sed 's/OPCODE/ MATCH_FROUNDNX_D/' > froundnx_d.cc
sed 's/NAME/fmvh_x_d/' ../riscv/insn_template.cc | sed 's/OPCODE/ MATCH_FMVH_X_D/' > fmvh_x_d.cc
sed 's/NAME/fmvp_d_x/' ../riscv/insn_template.cc | sed 's/OPCODE/ MATCH_FMVP_D_X/' > fmvp_d_x.cc
sed 's/NAME/fcvtmod_w_d/' ../riscv/insn_template.cc | sed 's/OPCODE/ MATCH_FCVTMOD_W_D/' > fcvtmod_w_d.cc
sed 's/NAME/fleq_d/' ../riscv/insn_template.cc | sed 's/OPCODE/ MATCH_FLEQ_D/' > fleq_d.cc
sed 's/NAME/fltq_d/' ../riscv/insn_template.cc | sed 's/OPCODE/ MATCH_FLTQ_D/' > fltq_d.cc
sed 's/NAME/fli_s/' ../riscv/insn_template.cc | sed 's/OPCODE/ MATCH_FLI_S/' > fli_s.cc
sed 's/NAME/fmaxm_s/' ../riscv/insn_template.cc | sed 's/OPCODE/ MATCH_FMAXM_S/' > fmaxm_s.cc
sed 's/NAME/fminm_s/' ../riscv/insn_template.cc | sed 's/OPCODE/ MATCH_FMINM_S/' > fminm_s.cc
sed 's/NAME/fround_s/' ../riscv/insn_template.cc | sed 's/OPCODE/ MATCH_FROUND_S/' > fround_s.cc
sed 's/NAME/froundnx_s/' ../riscv/insn_template.cc | sed 's/OPCODE/ MATCH_FROUNDNX_S/' > froundnx_s.cc
sed 's/NAME/fleq_s/' ../riscv/insn_template.cc | sed 's/OPCODE/ MATCH_FLEQ_S/' > fleq_s.cc
sed 's/NAME/fltq_s/' ../riscv/insn_template.cc | sed 's/OPCODE/ MATCH_FLTQ_S/' > fltq_s.cc
sed 's/NAME/hfence_gvma/' ../riscv/insn_template.cc | sed 's/OPCODE/ MATCH_HFENCE_GVMA/' > hfence_gvma.cc
sed 's/NAME/hfence_vvma/' ../riscv/insn_template.cc | sed 's/OPCODE/ MATCH_HFENCE_VVMA/' > hfence_vvma.cc
sed 's/NAME/hlv_b/' ../riscv/insn_template.cc | sed 's/OPCODE/ MATCH_HLV_B/' > hlv_b.cc
sed 's/NAME/hlv_bu/' ../riscv/insn_template.cc | sed 's/OPCODE/ MATCH_HLV_BU/' > hlv_bu.cc
sed 's/NAME/hlv_h/' ../riscv/insn_template.cc | sed 's/OPCODE/ MATCH_HLV_H/' > hlv_h.cc
sed 's/NAME/hlv_hu/' ../riscv/insn_template.cc | sed 's/OPCODE/ MATCH_HLV_HU/' > hlv_hu.cc
sed 's/NAME/hlvx_hu/' ../riscv/insn_template.cc | sed 's/OPCODE/ MATCH_HLVX_HU/' > hlvx_hu.cc
sed 's/NAME/hlv_w/' ../riscv/insn_template.cc | sed 's/OPCODE/ MATCH_HLV_W/' > hlv_w.cc
sed 's/NAME/hlv_wu/' ../riscv/insn_template.cc | sed 's/OPCODE/ MATCH_HLV_WU/' > hlv_wu.cc
sed 's/NAME/hlvx_wu/' ../riscv/insn_template.cc | sed 's/OPCODE/ MATCH_HLVX_WU/' > hlvx_wu.cc
sed 's/NAME/hlv_d/' ../riscv/insn_template.cc | sed 's/OPCODE/ MATCH_HLV_D/' > hlv_d.cc
sed 's/NAME/hsv_b/' ../riscv/insn_template.cc | sed 's/OPCODE/ MATCH_HSV_B/' > hsv_b.cc
sed 's/NAME/hsv_h/' ../riscv/insn_template.cc | sed 's/OPCODE/ MATCH_HSV_H/' > hsv_h.cc
sed 's/NAME/hsv_w/' ../riscv/insn_template.cc | sed 's/OPCODE/ MATCH_HSV_W/' > hsv_w.cc
sed 's/NAME/hsv_d/' ../riscv/insn_template.cc | sed 's/OPCODE/ MATCH_HSV_D/' > hsv_d.cc
sed 's/NAME/aes32dsi/' ../riscv/insn_template.cc | sed 's/OPCODE/ MATCH_AES32DSI/' > aes32dsi.cc
sed 's/NAME/aes32dsmi/' ../riscv/insn_template.cc | sed 's/OPCODE/ MATCH_AES32DSMI/' > aes32dsmi.cc
sed 's/NAME/aes32esi/' ../riscv/insn_template.cc | sed 's/OPCODE/ MATCH_AES32ESI/' > aes32esi.cc
sed 's/NAME/aes32esmi/' ../riscv/insn_template.cc | sed 's/OPCODE/ MATCH_AES32ESMI/' > aes32esmi.cc
sed 's/NAME/aes64ds/' ../riscv/insn_template.cc | sed 's/OPCODE/ MATCH_AES64DS/' > aes64ds.cc
sed 's/NAME/aes64dsm/' ../riscv/insn_template.cc | sed 's/OPCODE/ MATCH_AES64DSM/' > aes64dsm.cc
sed 's/NAME/aes64es/' ../riscv/insn_template.cc | sed 's/OPCODE/ MATCH_AES64ES/' > aes64es.cc
sed 's/NAME/aes64esm/' ../riscv/insn_template.cc | sed 's/OPCODE/ MATCH_AES64ESM/' > aes64esm.cc
sed 's/NAME/aes64ks1i/' ../riscv/insn_template.cc | sed 's/OPCODE/ MATCH_AES64KS1I/' > aes64ks1i.cc
sed 's/NAME/aes64ks2/' ../riscv/insn_template.cc | sed 's/OPCODE/ MATCH_AES64KS2/' > aes64ks2.cc
sed 's/NAME/aes64im/' ../riscv/insn_template.cc | sed 's/OPCODE/ MATCH_AES64IM/' > aes64im.cc
sed 's/NAME/sha256sig0/' ../riscv/insn_template.cc | sed 's/OPCODE/ MATCH_SHA256SIG0/' > sha256sig0.cc
sed 's/NAME/sha256sig1/' ../riscv/insn_template.cc | sed 's/OPCODE/ MATCH_SHA256SIG1/' > sha256sig1.cc
sed 's/NAME/sha256sum0/' ../riscv/insn_template.cc | sed 's/OPCODE/ MATCH_SHA256SUM0/' > sha256sum0.cc
sed 's/NAME/sha256sum1/' ../riscv/insn_template.cc | sed 's/OPCODE/ MATCH_SHA256SUM1/' > sha256sum1.cc
sed 's/NAME/sha512sig0/' ../riscv/insn_template.cc | sed 's/OPCODE/ MATCH_SHA512SIG0/' > sha512sig0.cc
sed 's/NAME/sha512sig0h/' ../riscv/insn_template.cc | sed 's/OPCODE/ MATCH_SHA512SIG0H/' > sha512sig0h.cc
sed 's/NAME/sha512sig0l/' ../riscv/insn_template.cc | sed 's/OPCODE/ MATCH_SHA512SIG0L/' > sha512sig0l.cc
sed 's/NAME/sha512sig1/' ../riscv/insn_template.cc | sed 's/OPCODE/ MATCH_SHA512SIG1/' > sha512sig1.cc
sed 's/NAME/sha512sig1h/' ../riscv/insn_template.cc | sed 's/OPCODE/ MATCH_SHA512SIG1H/' > sha512sig1h.cc
sed 's/NAME/sha512sig1l/' ../riscv/insn_template.cc | sed 's/OPCODE/ MATCH_SHA512SIG1L/' > sha512sig1l.cc
sed 's/NAME/sha512sum0/' ../riscv/insn_template.cc | sed 's/OPCODE/ MATCH_SHA512SUM0/' > sha512sum0.cc
sed 's/NAME/sha512sum0r/' ../riscv/insn_template.cc | sed 's/OPCODE/ MATCH_SHA512SUM0R/' > sha512sum0r.cc
sed 's/NAME/sha512sum1/' ../riscv/insn_template.cc | sed 's/OPCODE/ MATCH_SHA512SUM1/' > sha512sum1.cc
sed 's/NAME/sha512sum1r/' ../riscv/insn_template.cc | sed 's/OPCODE/ MATCH_SHA512SUM1R/' > sha512sum1r.cc
sed 's/NAME/sm3p0/' ../riscv/insn_template.cc | sed 's/OPCODE/ MATCH_SM3P0/' > sm3p0.cc
sed 's/NAME/sm3p1/' ../riscv/insn_template.cc | sed 's/OPCODE/ MATCH_SM3P1/' > sm3p1.cc
sed 's/NAME/sm4ed/' ../riscv/insn_template.cc | sed 's/OPCODE/ MATCH_SM4ED/' > sm4ed.cc
sed 's/NAME/sm4ks/' ../riscv/insn_template.cc | sed 's/OPCODE/ MATCH_SM4KS/' > sm4ks.cc
sed 's/NAME/fadd_q/' ../riscv/insn_template.cc | sed 's/OPCODE/ MATCH_FADD_Q/' > fadd_q.cc
sed 's/NAME/fclass_q/' ../riscv/insn_template.cc | sed 's/OPCODE/ MATCH_FCLASS_Q/' > fclass_q.cc
sed 's/NAME/fcvt_l_q/' ../riscv/insn_template.cc | sed 's/OPCODE/ MATCH_FCVT_L_Q/' > fcvt_l_q.cc
sed 's/NAME/fcvt_lu_q/' ../riscv/insn_template.cc | sed 's/OPCODE/ MATCH_FCVT_LU_Q/' > fcvt_lu_q.cc
sed 's/NAME/fcvt_q_d/' ../riscv/insn_template.cc | sed 's/OPCODE/ MATCH_FCVT_Q_D/' > fcvt_q_d.cc
sed 's/NAME/fcvt_q_l/' ../riscv/insn_template.cc | sed 's/OPCODE/ MATCH_FCVT_Q_L/' > fcvt_q_l.cc
sed 's/NAME/fcvt_q_lu/' ../riscv/insn_template.cc | sed 's/OPCODE/ MATCH_FCVT_Q_LU/' > fcvt_q_lu.cc
sed 's/NAME/fcvt_q_s/' ../riscv/insn_template.cc | sed 's/OPCODE/ MATCH_FCVT_Q_S/' > fcvt_q_s.cc
sed 's/NAME/fcvt_q_w/' ../riscv/insn_template.cc | sed 's/OPCODE/ MATCH_FCVT_Q_W/' > fcvt_q_w.cc
sed 's/NAME/fcvt_q_wu/' ../riscv/insn_template.cc | sed 's/OPCODE/ MATCH_FCVT_Q_WU/' > fcvt_q_wu.cc
sed 's/NAME/fcvt_s_q/' ../riscv/insn_template.cc | sed 's/OPCODE/ MATCH_FCVT_S_Q/' > fcvt_s_q.cc
sed 's/NAME/fcvt_w_q/' ../riscv/insn_template.cc | sed 's/OPCODE/ MATCH_FCVT_W_Q/' > fcvt_w_q.cc
sed 's/NAME/fcvt_wu_q/' ../riscv/insn_template.cc | sed 's/OPCODE/ MATCH_FCVT_WU_Q/' > fcvt_wu_q.cc
sed 's/NAME/fdiv_q/' ../riscv/insn_template.cc | sed 's/OPCODE/ MATCH_FDIV_Q/' > fdiv_q.cc
sed 's/NAME/feq_q/' ../riscv/insn_template.cc | sed 's/OPCODE/ MATCH_FEQ_Q/' > feq_q.cc
sed 's/NAME/fle_q/' ../riscv/insn_template.cc | sed 's/OPCODE/ MATCH_FLE_Q/' > fle_q.cc
sed 's/NAME/flq/' ../riscv/insn_template.cc | sed 's/OPCODE/ MATCH_FLQ/' > flq.cc
sed 's/NAME/flt_q/' ../riscv/insn_template.cc | sed 's/OPCODE/ MATCH_FLT_Q/' > flt_q.cc
sed 's/NAME/fmadd_q/' ../riscv/insn_template.cc | sed 's/OPCODE/ MATCH_FMADD_Q/' > fmadd_q.cc
sed 's/NAME/fmax_q/' ../riscv/insn_template.cc | sed 's/OPCODE/ MATCH_FMAX_Q/' > fmax_q.cc
sed 's/NAME/fmin_q/' ../riscv/insn_template.cc | sed 's/OPCODE/ MATCH_FMIN_Q/' > fmin_q.cc
sed 's/NAME/fmsub_q/' ../riscv/insn_template.cc | sed 's/OPCODE/ MATCH_FMSUB_Q/' > fmsub_q.cc
sed 's/NAME/fmul_q/' ../riscv/insn_template.cc | sed 's/OPCODE/ MATCH_FMUL_Q/' > fmul_q.cc
sed 's/NAME/fnmadd_q/' ../riscv/insn_template.cc | sed 's/OPCODE/ MATCH_FNMADD_Q/' > fnmadd_q.cc
sed 's/NAME/fnmsub_q/' ../riscv/insn_template.cc | sed 's/OPCODE/ MATCH_FNMSUB_Q/' > fnmsub_q.cc
sed 's/NAME/fsgnj_q/' ../riscv/insn_template.cc | sed 's/OPCODE/ MATCH_FSGNJ_Q/' > fsgnj_q.cc
sed 's/NAME/fsgnjn_q/' ../riscv/insn_template.cc | sed 's/OPCODE/ MATCH_FSGNJN_Q/' > fsgnjn_q.cc
sed 's/NAME/fsgnjx_q/' ../riscv/insn_template.cc | sed 's/OPCODE/ MATCH_FSGNJX_Q/' > fsgnjx_q.cc
sed 's/NAME/fsq/' ../riscv/insn_template.cc | sed 's/OPCODE/ MATCH_FSQ/' > fsq.cc
sed 's/NAME/fsqrt_q/' ../riscv/insn_template.cc | sed 's/OPCODE/ MATCH_FSQRT_Q/' > fsqrt_q.cc
sed 's/NAME/fsub_q/' ../riscv/insn_template.cc | sed 's/OPCODE/ MATCH_FSUB_Q/' > fsub_q.cc
sed 's/NAME/fli_q/' ../riscv/insn_template.cc | sed 's/OPCODE/ MATCH_FLI_Q/' > fli_q.cc
sed 's/NAME/fmaxm_q/' ../riscv/insn_template.cc | sed 's/OPCODE/ MATCH_FMAXM_Q/' > fmaxm_q.cc
sed 's/NAME/fminm_q/' ../riscv/insn_template.cc | sed 's/OPCODE/ MATCH_FMINM_Q/' > fminm_q.cc
sed 's/NAME/fround_q/' ../riscv/insn_template.cc | sed 's/OPCODE/ MATCH_FROUND_Q/' > fround_q.cc
sed 's/NAME/froundnx_q/' ../riscv/insn_template.cc | sed 's/OPCODE/ MATCH_FROUNDNX_Q/' > froundnx_q.cc
sed 's/NAME/fmvh_x_q/' ../riscv/insn_template.cc | sed 's/OPCODE/ MATCH_FMVH_X_Q/' > fmvh_x_q.cc
sed 's/NAME/fmvp_q_x/' ../riscv/insn_template.cc | sed 's/OPCODE/ MATCH_FMVP_Q_X/' > fmvp_q_x.cc
sed 's/NAME/fleq_q/' ../riscv/insn_template.cc | sed 's/OPCODE/ MATCH_FLEQ_Q/' > fleq_q.cc
sed 's/NAME/fltq_q/' ../riscv/insn_template.cc | sed 's/OPCODE/ MATCH_FLTQ_Q/' > fltq_q.cc
sed 's/NAME/amocas_w/' ../riscv/insn_template.cc | sed 's/OPCODE/ MATCH_AMOCAS_W/' > amocas_w.cc
sed 's/NAME/amocas_d/' ../riscv/insn_template.cc | sed 's/OPCODE/ MATCH_AMOCAS_D/' > amocas_d.cc
sed 's/NAME/amocas_q/' ../riscv/insn_template.cc | sed 's/OPCODE/ MATCH_AMOCAS_Q/' > amocas_q.cc
sed 's/NAME/amoadd_b/' ../riscv/insn_template.cc | sed 's/OPCODE/ MATCH_AMOADD_B/' > amoadd_b.cc
sed 's/NAME/amoand_b/' ../riscv/insn_template.cc | sed 's/OPCODE/ MATCH_AMOAND_B/' > amoand_b.cc
sed 's/NAME/amomax_b/' ../riscv/insn_template.cc | sed 's/OPCODE/ MATCH_AMOMAX_B/' > amomax_b.cc
sed 's/NAME/amomaxu_b/' ../riscv/insn_template.cc | sed 's/OPCODE/ MATCH_AMOMAXU_B/' > amomaxu_b.cc
sed 's/NAME/amomin_b/' ../riscv/insn_template.cc | sed 's/OPCODE/ MATCH_AMOMIN_B/' > amomin_b.cc
sed 's/NAME/amominu_b/' ../riscv/insn_template.cc | sed 's/OPCODE/ MATCH_AMOMINU_B/' > amominu_b.cc
sed 's/NAME/amoor_b/' ../riscv/insn_template.cc | sed 's/OPCODE/ MATCH_AMOOR_B/' > amoor_b.cc
sed 's/NAME/amoswap_b/' ../riscv/insn_template.cc | sed 's/OPCODE/ MATCH_AMOSWAP_B/' > amoswap_b.cc
sed 's/NAME/amoxor_b/' ../riscv/insn_template.cc | sed 's/OPCODE/ MATCH_AMOXOR_B/' > amoxor_b.cc
sed 's/NAME/amocas_b/' ../riscv/insn_template.cc | sed 's/OPCODE/ MATCH_AMOCAS_B/' > amocas_b.cc
sed 's/NAME/amoadd_h/' ../riscv/insn_template.cc | sed 's/OPCODE/ MATCH_AMOADD_H/' > amoadd_h.cc
sed 's/NAME/amoand_h/' ../riscv/insn_template.cc | sed 's/OPCODE/ MATCH_AMOAND_H/' > amoand_h.cc
sed 's/NAME/amomax_h/' ../riscv/insn_template.cc | sed 's/OPCODE/ MATCH_AMOMAX_H/' > amomax_h.cc
sed 's/NAME/amomaxu_h/' ../riscv/insn_template.cc | sed 's/OPCODE/ MATCH_AMOMAXU_H/' > amomaxu_h.cc
sed 's/NAME/amomin_h/' ../riscv/insn_template.cc | sed 's/OPCODE/ MATCH_AMOMIN_H/' > amomin_h.cc
sed 's/NAME/amominu_h/' ../riscv/insn_template.cc | sed 's/OPCODE/ MATCH_AMOMINU_H/' > amominu_h.cc
sed 's/NAME/amoor_h/' ../riscv/insn_template.cc | sed 's/OPCODE/ MATCH_AMOOR_H/' > amoor_h.cc
sed 's/NAME/amoswap_h/' ../riscv/insn_template.cc | sed 's/OPCODE/ MATCH_AMOSWAP_H/' > amoswap_h.cc
sed 's/NAME/amoxor_h/' ../riscv/insn_template.cc | sed 's/OPCODE/ MATCH_AMOXOR_H/' > amoxor_h.cc
sed 's/NAME/amocas_h/' ../riscv/insn_template.cc | sed 's/OPCODE/ MATCH_AMOCAS_H/' > amocas_h.cc
sed 's/NAME/wrs_sto/' ../riscv/insn_template.cc | sed 's/OPCODE/ MATCH_WRS_STO/' > wrs_sto.cc
sed 's/NAME/wrs_nto/' ../riscv/insn_template.cc | sed 's/OPCODE/ MATCH_WRS_NTO/' > wrs_nto.cc
sed 's/NAME/lb_aq/' ../riscv/insn_template.cc | sed 's/OPCODE/ MATCH_LB_AQ/' > lb_aq.cc
sed 's/NAME/lh_aq/' ../riscv/insn_template.cc | sed 's/OPCODE/ MATCH_LH_AQ/' > lh_aq.cc
sed 's/NAME/lw_aq/' ../riscv/insn_template.cc | sed 's/OPCODE/ MATCH_LW_AQ/' > lw_aq.cc
sed 's/NAME/ld_aq/' ../riscv/insn_template.cc | sed 's/OPCODE/ MATCH_LD_AQ/' > ld_aq.cc
sed 's/NAME/sb_rl/' ../riscv/insn_template.cc | sed 's/OPCODE/ MATCH_SB_RL/' > sb_rl.cc
sed 's/NAME/sh_rl/' ../riscv/insn_template.cc | sed 's/OPCODE/ MATCH_SH_RL/' > sh_rl.cc
sed 's/NAME/sw_rl/' ../riscv/insn_template.cc | sed 's/OPCODE/ MATCH_SW_RL/' > sw_rl.cc
sed 's/NAME/sd_rl/' ../riscv/insn_template.cc | sed 's/OPCODE/ MATCH_SD_RL/' > sd_rl.cc
sed 's/NAME/c_zext_b/' ../riscv/insn_template.cc | sed 's/OPCODE/ MATCH_C_ZEXT_B/' > c_zext_b.cc
sed 's/NAME/c_zext_h/' ../riscv/insn_template.cc | sed 's/OPCODE/ MATCH_C_ZEXT_H/' > c_zext_h.cc
sed 's/NAME/c_zext_w/' ../riscv/insn_template.cc | sed 's/OPCODE/ MATCH_C_ZEXT_W/' > c_zext_w.cc
sed 's/NAME/c_sext_b/' ../riscv/insn_template.cc | sed 's/OPCODE/ MATCH_C_SEXT_B/' > c_sext_b.cc
sed 's/NAME/c_sext_h/' ../riscv/insn_template.cc | sed 's/OPCODE/ MATCH_C_SEXT_H/' > c_sext_h.cc
sed 's/NAME/c_not/' ../riscv/insn_template.cc | sed 's/OPCODE/ MATCH_C_NOT/' > c_not.cc
sed 's/NAME/c_mul/' ../riscv/insn_template.cc | sed 's/OPCODE/ MATCH_C_MUL/' > c_mul.cc
sed 's/NAME/c_lbu/' ../riscv/insn_template.cc | sed 's/OPCODE/ MATCH_C_LBU/' > c_lbu.cc
sed 's/NAME/c_lhu/' ../riscv/insn_template.cc | sed 's/OPCODE/ MATCH_C_LHU/' > c_lhu.cc
sed 's/NAME/c_lh/' ../riscv/insn_template.cc | sed 's/OPCODE/ MATCH_C_LH/' > c_lh.cc
sed 's/NAME/c_sb/' ../riscv/insn_template.cc | sed 's/OPCODE/ MATCH_C_SB/' > c_sb.cc
sed 's/NAME/c_sh/' ../riscv/insn_template.cc | sed 's/OPCODE/ MATCH_C_SH/' > c_sh.cc
sed 's/NAME/cm_push/' ../riscv/insn_template.cc | sed 's/OPCODE/ MATCH_CM_PUSH/' > cm_push.cc
sed 's/NAME/cm_pop/' ../riscv/insn_template.cc | sed 's/OPCODE/ MATCH_CM_POP/' > cm_pop.cc
sed 's/NAME/cm_popret/' ../riscv/insn_template.cc | sed 's/OPCODE/ MATCH_CM_POPRET/' > cm_popret.cc
sed 's/NAME/cm_popretz/' ../riscv/insn_template.cc | sed 's/OPCODE/ MATCH_CM_POPRETZ/' > cm_popretz.cc
sed 's/NAME/cm_mva01s/' ../riscv/insn_template.cc | sed 's/OPCODE/ MATCH_CM_MVA01S/' > cm_mva01s.cc
sed 's/NAME/cm_mvsa01/' ../riscv/insn_template.cc | sed 's/OPCODE/ MATCH_CM_MVSA01/' > cm_mvsa01.cc
sed 's/NAME/cm_jalt/' ../riscv/insn_template.cc | sed 's/OPCODE/ MATCH_CM_JALT/' > cm_jalt.cc
sed 's/NAME/fadd_h/' ../riscv/insn_template.cc | sed 's/OPCODE/ MATCH_FADD_H/' > fadd_h.cc
sed 's/NAME/fclass_h/' ../riscv/insn_template.cc | sed 's/OPCODE/ MATCH_FCLASS_H/' > fclass_h.cc
sed 's/NAME/fcvt_l_h/' ../riscv/insn_template.cc | sed 's/OPCODE/ MATCH_FCVT_L_H/' > fcvt_l_h.cc
sed 's/NAME/fcvt_lu_h/' ../riscv/insn_template.cc | sed 's/OPCODE/ MATCH_FCVT_LU_H/' > fcvt_lu_h.cc
sed 's/NAME/fcvt_d_h/' ../riscv/insn_template.cc | sed 's/OPCODE/ MATCH_FCVT_D_H/' > fcvt_d_h.cc
sed 's/NAME/fcvt_h_d/' ../riscv/insn_template.cc | sed 's/OPCODE/ MATCH_FCVT_H_D/' > fcvt_h_d.cc
sed 's/NAME/fcvt_h_l/' ../riscv/insn_template.cc | sed 's/OPCODE/ MATCH_FCVT_H_L/' > fcvt_h_l.cc
sed 's/NAME/fcvt_h_lu/' ../riscv/insn_template.cc | sed 's/OPCODE/ MATCH_FCVT_H_LU/' > fcvt_h_lu.cc
sed 's/NAME/fcvt_h_q/' ../riscv/insn_template.cc | sed 's/OPCODE/ MATCH_FCVT_H_Q/' > fcvt_h_q.cc
sed 's/NAME/fcvt_h_s/' ../riscv/insn_template.cc | sed 's/OPCODE/ MATCH_FCVT_H_S/' > fcvt_h_s.cc
sed 's/NAME/fcvt_h_w/' ../riscv/insn_template.cc | sed 's/OPCODE/ MATCH_FCVT_H_W/' > fcvt_h_w.cc
sed 's/NAME/fcvt_h_wu/' ../riscv/insn_template.cc | sed 's/OPCODE/ MATCH_FCVT_H_WU/' > fcvt_h_wu.cc
sed 's/NAME/fcvt_q_h/' ../riscv/insn_template.cc | sed 's/OPCODE/ MATCH_FCVT_Q_H/' > fcvt_q_h.cc
sed 's/NAME/fcvt_s_h/' ../riscv/insn_template.cc | sed 's/OPCODE/ MATCH_FCVT_S_H/' > fcvt_s_h.cc
sed 's/NAME/fcvt_w_h/' ../riscv/insn_template.cc | sed 's/OPCODE/ MATCH_FCVT_W_H/' > fcvt_w_h.cc
sed 's/NAME/fcvt_wu_h/' ../riscv/insn_template.cc | sed 's/OPCODE/ MATCH_FCVT_WU_H/' > fcvt_wu_h.cc
sed 's/NAME/fdiv_h/' ../riscv/insn_template.cc | sed 's/OPCODE/ MATCH_FDIV_H/' > fdiv_h.cc
sed 's/NAME/feq_h/' ../riscv/insn_template.cc | sed 's/OPCODE/ MATCH_FEQ_H/' > feq_h.cc
sed 's/NAME/fle_h/' ../riscv/insn_template.cc | sed 's/OPCODE/ MATCH_FLE_H/' > fle_h.cc
sed 's/NAME/flh/' ../riscv/insn_template.cc | sed 's/OPCODE/ MATCH_FLH/' > flh.cc
sed 's/NAME/flt_h/' ../riscv/insn_template.cc | sed 's/OPCODE/ MATCH_FLT_H/' > flt_h.cc
sed 's/NAME/fmadd_h/' ../riscv/insn_template.cc | sed 's/OPCODE/ MATCH_FMADD_H/' > fmadd_h.cc
sed 's/NAME/fmax_h/' ../riscv/insn_template.cc | sed 's/OPCODE/ MATCH_FMAX_H/' > fmax_h.cc
sed 's/NAME/fmin_h/' ../riscv/insn_template.cc | sed 's/OPCODE/ MATCH_FMIN_H/' > fmin_h.cc
sed 's/NAME/fmsub_h/' ../riscv/insn_template.cc | sed 's/OPCODE/ MATCH_FMSUB_H/' > fmsub_h.cc
sed 's/NAME/fmul_h/' ../riscv/insn_template.cc | sed 's/OPCODE/ MATCH_FMUL_H/' > fmul_h.cc
sed 's/NAME/fmv_h_x/' ../riscv/insn_template.cc | sed 's/OPCODE/ MATCH_FMV_H_X/' > fmv_h_x.cc
sed 's/NAME/fmv_x_h/' ../riscv/insn_template.cc | sed 's/OPCODE/ MATCH_FMV_X_H/' > fmv_x_h.cc
sed 's/NAME/fnmadd_h/' ../riscv/insn_template.cc | sed 's/OPCODE/ MATCH_FNMADD_H/' > fnmadd_h.cc
sed 's/NAME/fnmsub_h/' ../riscv/insn_template.cc | sed 's/OPCODE/ MATCH_FNMSUB_H/' > fnmsub_h.cc
sed 's/NAME/fsgnj_h/' ../riscv/insn_template.cc | sed 's/OPCODE/ MATCH_FSGNJ_H/' > fsgnj_h.cc
sed 's/NAME/fsgnjn_h/' ../riscv/insn_template.cc | sed 's/OPCODE/ MATCH_FSGNJN_H/' > fsgnjn_h.cc
sed 's/NAME/fsgnjx_h/' ../riscv/insn_template.cc | sed 's/OPCODE/ MATCH_FSGNJX_H/' > fsgnjx_h.cc
sed 's/NAME/fsh/' ../riscv/insn_template.cc | sed 's/OPCODE/ MATCH_FSH/' > fsh.cc
sed 's/NAME/fsqrt_h/' ../riscv/insn_template.cc | sed 's/OPCODE/ MATCH_FSQRT_H/' > fsqrt_h.cc
sed 's/NAME/fsub_h/' ../riscv/insn_template.cc | sed 's/OPCODE/ MATCH_FSUB_H/' > fsub_h.cc
sed 's/NAME/fli_h/' ../riscv/insn_template.cc | sed 's/OPCODE/ MATCH_FLI_H/' > fli_h.cc
sed 's/NAME/fmaxm_h/' ../riscv/insn_template.cc | sed 's/OPCODE/ MATCH_FMAXM_H/' > fmaxm_h.cc
sed 's/NAME/fminm_h/' ../riscv/insn_template.cc | sed 's/OPCODE/ MATCH_FMINM_H/' > fminm_h.cc
sed 's/NAME/fround_h/' ../riscv/insn_template.cc | sed 's/OPCODE/ MATCH_FROUND_H/' > fround_h.cc
sed 's/NAME/froundnx_h/' ../riscv/insn_template.cc | sed 's/OPCODE/ MATCH_FROUNDNX_H/' > froundnx_h.cc
sed 's/NAME/fleq_h/' ../riscv/insn_template.cc | sed 's/OPCODE/ MATCH_FLEQ_H/' > fleq_h.cc
sed 's/NAME/fltq_h/' ../riscv/insn_template.cc | sed 's/OPCODE/ MATCH_FLTQ_H/' > fltq_h.cc
sed 's/NAME/czero_eqz/' ../riscv/insn_template.cc | sed 's/OPCODE/ MATCH_CZERO_EQZ/' > czero_eqz.cc
sed 's/NAME/czero_nez/' ../riscv/insn_template.cc | sed 's/OPCODE/ MATCH_CZERO_NEZ/' > czero_nez.cc
sed 's/NAME/vandn_vv/' ../riscv/insn_template.cc | sed 's/OPCODE/ MATCH_VANDN_VV/' > vandn_vv.cc
sed 's/NAME/vandn_vx/' ../riscv/insn_template.cc | sed 's/OPCODE/ MATCH_VANDN_VX/' > vandn_vx.cc
sed 's/NAME/vbrev8_v/' ../riscv/insn_template.cc | sed 's/OPCODE/ MATCH_VBREV8_V/' > vbrev8_v.cc
sed 's/NAME/vbrev_v/' ../riscv/insn_template.cc | sed 's/OPCODE/ MATCH_VBREV_V/' > vbrev_v.cc
sed 's/NAME/vclz_v/' ../riscv/insn_template.cc | sed 's/OPCODE/ MATCH_VCLZ_V/' > vclz_v.cc
sed 's/NAME/vcpop_v/' ../riscv/insn_template.cc | sed 's/OPCODE/ MATCH_VCPOP_V/' > vcpop_v.cc
sed 's/NAME/vctz_v/' ../riscv/insn_template.cc | sed 's/OPCODE/ MATCH_VCTZ_V/' > vctz_v.cc
sed 's/NAME/vrev8_v/' ../riscv/insn_template.cc | sed 's/OPCODE/ MATCH_VREV8_V/' > vrev8_v.cc
sed 's/NAME/vrol_vv/' ../riscv/insn_template.cc | sed 's/OPCODE/ MATCH_VROL_VV/' > vrol_vv.cc
sed 's/NAME/vrol_vx/' ../riscv/insn_template.cc | sed 's/OPCODE/ MATCH_VROL_VX/' > vrol_vx.cc
sed 's/NAME/vror_vi/' ../riscv/insn_template.cc | sed 's/OPCODE/ MATCH_VROR_VI/' > vror_vi.cc
sed 's/NAME/vror_vv/' ../riscv/insn_template.cc | sed 's/OPCODE/ MATCH_VROR_VV/' > vror_vv.cc
sed 's/NAME/vror_vx/' ../riscv/insn_template.cc | sed 's/OPCODE/ MATCH_VROR_VX/' > vror_vx.cc
sed 's/NAME/vwsll_vi/' ../riscv/insn_template.cc | sed 's/OPCODE/ MATCH_VWSLL_VI/' > vwsll_vi.cc
sed 's/NAME/vwsll_vv/' ../riscv/insn_template.cc | sed 's/OPCODE/ MATCH_VWSLL_VV/' > vwsll_vv.cc
sed 's/NAME/vwsll_vx/' ../riscv/insn_template.cc | sed 's/OPCODE/ MATCH_VWSLL_VX/' > vwsll_vx.cc
sed 's/NAME/vclmul_vv/' ../riscv/insn_template.cc | sed 's/OPCODE/ MATCH_VCLMUL_VV/' > vclmul_vv.cc
sed 's/NAME/vclmul_vx/' ../riscv/insn_template.cc | sed 's/OPCODE/ MATCH_VCLMUL_VX/' > vclmul_vx.cc
sed 's/NAME/vclmulh_vv/' ../riscv/insn_template.cc | sed 's/OPCODE/ MATCH_VCLMULH_VV/' > vclmulh_vv.cc
sed 's/NAME/vclmulh_vx/' ../riscv/insn_template.cc | sed 's/OPCODE/ MATCH_VCLMULH_VX/' > vclmulh_vx.cc
sed 's/NAME/vghsh_vv/' ../riscv/insn_template.cc | sed 's/OPCODE/ MATCH_VGHSH_VV/' > vghsh_vv.cc
sed 's/NAME/vgmul_vv/' ../riscv/insn_template.cc | sed 's/OPCODE/ MATCH_VGMUL_VV/' > vgmul_vv.cc
sed 's/NAME/vaesdf_vs/' ../riscv/insn_template.cc | sed 's/OPCODE/ MATCH_VAESDF_VS/' > vaesdf_vs.cc
sed 's/NAME/vaesdf_vv/' ../riscv/insn_template.cc | sed 's/OPCODE/ MATCH_VAESDF_VV/' > vaesdf_vv.cc
sed 's/NAME/vaesdm_vs/' ../riscv/insn_template.cc | sed 's/OPCODE/ MATCH_VAESDM_VS/' > vaesdm_vs.cc
sed 's/NAME/vaesdm_vv/' ../riscv/insn_template.cc | sed 's/OPCODE/ MATCH_VAESDM_VV/' > vaesdm_vv.cc
sed 's/NAME/vaesef_vs/' ../riscv/insn_template.cc | sed 's/OPCODE/ MATCH_VAESEF_VS/' > vaesef_vs.cc
sed 's/NAME/vaesef_vv/' ../riscv/insn_template.cc | sed 's/OPCODE/ MATCH_VAESEF_VV/' > vaesef_vv.cc
sed 's/NAME/vaesem_vs/' ../riscv/insn_template.cc | sed 's/OPCODE/ MATCH_VAESEM_VS/' > vaesem_vs.cc
sed 's/NAME/vaesem_vv/' ../riscv/insn_template.cc | sed 's/OPCODE/ MATCH_VAESEM_VV/' > vaesem_vv.cc
sed 's/NAME/vaeskf1_vi/' ../riscv/insn_template.cc | sed 's/OPCODE/ MATCH_VAESKF1_VI/' > vaeskf1_vi.cc
sed 's/NAME/vaeskf2_vi/' ../riscv/insn_template.cc | sed 's/OPCODE/ MATCH_VAESKF2_VI/' > vaeskf2_vi.cc
sed 's/NAME/vaesz_vs/' ../riscv/insn_template.cc | sed 's/OPCODE/ MATCH_VAESZ_VS/' > vaesz_vs.cc
sed 's/NAME/vsha2cl_vv/' ../riscv/insn_template.cc | sed 's/OPCODE/ MATCH_VSHA2CL_VV/' > vsha2cl_vv.cc
sed 's/NAME/vsha2ch_vv/' ../riscv/insn_template.cc | sed 's/OPCODE/ MATCH_VSHA2CH_VV/' > vsha2ch_vv.cc
sed 's/NAME/vsha2ms_vv/' ../riscv/insn_template.cc | sed 's/OPCODE/ MATCH_VSHA2MS_VV/' > vsha2ms_vv.cc
sed 's/NAME/vsm4k_vi/' ../riscv/insn_template.cc | sed 's/OPCODE/ MATCH_VSM4K_VI/' > vsm4k_vi.cc
sed 's/NAME/vsm4r_vs/' ../riscv/insn_template.cc | sed 's/OPCODE/ MATCH_VSM4R_VS/' > vsm4r_vs.cc
sed 's/NAME/vsm4r_vv/' ../riscv/insn_template.cc | sed 's/OPCODE/ MATCH_VSM4R_VV/' > vsm4r_vv.cc
sed 's/NAME/vsm3c_vi/' ../riscv/insn_template.cc | sed 's/OPCODE/ MATCH_VSM3C_VI/' > vsm3c_vi.cc
sed 's/NAME/vsm3me_vv/' ../riscv/insn_template.cc | sed 's/OPCODE/ MATCH_VSM3ME_VV/' > vsm3me_vv.cc
sed 's/NAME/csrrc/' ../riscv/insn_template.cc | sed 's/OPCODE/ MATCH_CSRRC/' > csrrc.cc
sed 's/NAME/csrrci/' ../riscv/insn_template.cc | sed 's/OPCODE/ MATCH_CSRRCI/' > csrrci.cc
sed 's/NAME/csrrs/' ../riscv/insn_template.cc | sed 's/OPCODE/ MATCH_CSRRS/' > csrrs.cc
sed 's/NAME/csrrsi/' ../riscv/insn_template.cc | sed 's/OPCODE/ MATCH_CSRRSI/' > csrrsi.cc
sed 's/NAME/csrrw/' ../riscv/insn_template.cc | sed 's/OPCODE/ MATCH_CSRRW/' > csrrw.cc
sed 's/NAME/csrrwi/' ../riscv/insn_template.cc | sed 's/OPCODE/ MATCH_CSRRWI/' > csrrwi.cc
sed 's/NAME/dret/' ../riscv/insn_template.cc | sed 's/OPCODE/ MATCH_DRET/' > dret.cc
sed 's/NAME/ebreak/' ../riscv/insn_template.cc | sed 's/OPCODE/ MATCH_EBREAK/' > ebreak.cc
sed 's/NAME/ecall/' ../riscv/insn_template.cc | sed 's/OPCODE/ MATCH_ECALL/' > ecall.cc
sed 's/NAME/mret/' ../riscv/insn_template.cc | sed 's/OPCODE/ MATCH_MRET/' > mret.cc
sed 's/NAME/sfence_vma/' ../riscv/insn_template.cc | sed 's/OPCODE/ MATCH_SFENCE_VMA/' > sfence_vma.cc
sed 's/NAME/sret/' ../riscv/insn_template.cc | sed 's/OPCODE/ MATCH_SRET/' > sret.cc
sed 's/NAME/wfi/' ../riscv/insn_template.cc | sed 's/OPCODE/ MATCH_WFI/' > wfi.cc
sed 's/NAME/mnret/' ../riscv/insn_template.cc | sed 's/OPCODE/ MATCH_MNRET/' > mnret.cc
sed 's/NAME/sfence_w_inval/' ../riscv/insn_template.cc | sed 's/OPCODE/ MATCH_SFENCE_W_INVAL/' > sfence_w_inval.cc
sed 's/NAME/sfence_inval_ir/' ../riscv/insn_template.cc | sed 's/OPCODE/ MATCH_SFENCE_INVAL_IR/' > sfence_inval_ir.cc
sed 's/NAME/sinval_vma/' ../riscv/insn_template.cc | sed 's/OPCODE/ MATCH_SINVAL_VMA/' > sinval_vma.cc
sed 's/NAME/hinval_vvma/' ../riscv/insn_template.cc | sed 's/OPCODE/ MATCH_HINVAL_VVMA/' > hinval_vvma.cc
sed 's/NAME/hinval_gvma/' ../riscv/insn_template.cc | sed 's/OPCODE/ MATCH_HINVAL_GVMA/' > hinval_gvma.cc
sed 's/NAME/mop_r_N/' ../riscv/insn_template.cc | sed 's/OPCODE/ MATCH_MOP_R_N/' > mop_r_N.cc
sed 's/NAME/mop_rr_N/' ../riscv/insn_template.cc | sed 's/OPCODE/ MATCH_MOP_RR_N/' > mop_rr_N.cc
sed 's/NAME/c_mop_N/' ../riscv/insn_template.cc | sed 's/OPCODE/ MATCH_C_MOP_N/' > c_mop_N.cc
sed 's/NAME/lpad/' ../riscv/insn_template.cc | sed 's/OPCODE/ MATCH_LPAD/' > lpad.cc
sed 's/NAME/sspush_x1/' ../riscv/insn_template.cc | sed 's/OPCODE/ MATCH_SSPUSH_X1/' > sspush_x1.cc
sed 's/NAME/sspush_x5/' ../riscv/insn_template.cc | sed 's/OPCODE/ MATCH_SSPUSH_X5/' > sspush_x5.cc
sed 's/NAME/sspopchk_x1/' ../riscv/insn_template.cc | sed 's/OPCODE/ MATCH_SSPOPCHK_X1/' > sspopchk_x1.cc
sed 's/NAME/sspopchk_x5/' ../riscv/insn_template.cc | sed 's/OPCODE/ MATCH_SSPOPCHK_X5/' > sspopchk_x5.cc
sed 's/NAME/ssrdp/' ../riscv/insn_template.cc | sed 's/OPCODE/ MATCH_SSRDP/' > ssrdp.cc
sed 's/NAME/ssamoswap_w/' ../riscv/insn_template.cc | sed 's/OPCODE/ MATCH_SSAMOSWAP_W/' > ssamoswap_w.cc
sed 's/NAME/ssamoswap_d/' ../riscv/insn_template.cc | sed 's/OPCODE/ MATCH_SSAMOSWAP_D/' > ssamoswap_d.cc
sed 's/NAME/c_sspush_x1/' ../riscv/insn_template.cc | sed 's/OPCODE/ MATCH_C_SSPUSH_X1/' > c_sspush_x1.cc
sed 's/NAME/c_sspopchk_x5/' ../riscv/insn_template.cc | sed 's/OPCODE/ MATCH_C_SSPOPCHK_X5/' > c_sspopchk_x5.cc
gmake: Circular libriscv.so <- libriscv.so dependency dropped.
gcc -MMD -MP  -DPREFIX=\"/work/riscv\" -Wall -Wno-unused -Wno-nonportable-include-path -g -O2 -fPIC -g -O2   -iquote . -I.. -iquote ../fesvr -iquote ../riscv -iquote ../disasm -iquote ../customext -iquote ../fdt -iquote ../softfloat -iquote ../spike_main -iquote ../spike_dasm  -c ../softfloat/bf16_add.c
gcc -MMD -MP  -DPREFIX=\"/work/riscv\" -Wall -Wno-unused -Wno-nonportable-include-path -g -O2 -fPIC -g -O2   -iquote . -I.. -iquote ../fesvr -iquote ../riscv -iquote ../disasm -iquote ../customext -iquote ../fdt -iquote ../softfloat -iquote ../spike_main -iquote ../spike_dasm  -c ../softfloat/bf16_div.c
gcc -MMD -MP  -DPREFIX=\"/work/riscv\" -Wall -Wno-unused -Wno-nonportable-include-path -g -O2 -fPIC -g -O2   -iquote . -I.. -iquote ../fesvr -iquote ../riscv -iquote ../disasm -iquote ../customext -iquote ../fdt -iquote ../softfloat -iquote ../spike_main -iquote ../spike_dasm  -c ../softfloat/bf16_mul.c
gcc -MMD -MP  -DPREFIX=\"/work/riscv\" -Wall -Wno-unused -Wno-nonportable-include-path -g -O2 -fPIC -g -O2   -iquote . -I.. -iquote ../fesvr -iquote ../riscv -iquote ../disasm -iquote ../customext -iquote ../fdt -iquote ../softfloat -iquote ../spike_main -iquote ../spike_dasm  -c ../softfloat/bf16_mulAdd.c
gcc -MMD -MP  -DPREFIX=\"/work/riscv\" -Wall -Wno-unused -Wno-nonportable-include-path -g -O2 -fPIC -g -O2   -iquote . -I.. -iquote ../fesvr -iquote ../riscv -iquote ../disasm -iquote ../customext -iquote ../fdt -iquote ../softfloat -iquote ../spike_main -iquote ../spike_dasm  -c ../softfloat/bf16_sqrt.c
gcc -MMD -MP  -DPREFIX=\"/work/riscv\" -Wall -Wno-unused -Wno-nonportable-include-path -g -O2 -fPIC -g -O2   -iquote . -I.. -iquote ../fesvr -iquote ../riscv -iquote ../disasm -iquote ../customext -iquote ../fdt -iquote ../softfloat -iquote ../spike_main -iquote ../spike_dasm  -c ../softfloat/bf16_sub.c
gcc -MMD -MP  -DPREFIX=\"/work/riscv\" -Wall -Wno-unused -Wno-nonportable-include-path -g -O2 -fPIC -g -O2   -iquote . -I.. -iquote ../fesvr -iquote ../riscv -iquote ../disasm -iquote ../customext -iquote ../fdt -iquote ../softfloat -iquote ../spike_main -iquote ../spike_dasm  -c ../softfloat/bf16_to_f32.c
gcc -MMD -MP  -DPREFIX=\"/work/riscv\" -Wall -Wno-unused -Wno-nonportable-include-path -g -O2 -fPIC -g -O2   -iquote . -I.. -iquote ../fesvr -iquote ../riscv -iquote ../disasm -iquote ../customext -iquote ../fdt -iquote ../softfloat -iquote ../spike_main -iquote ../spike_dasm  -c ../softfloat/bf16_to_f64.c
gcc -MMD -MP  -DPREFIX=\"/work/riscv\" -Wall -Wno-unused -Wno-nonportable-include-path -g -O2 -fPIC -g -O2   -iquote . -I.. -iquote ../fesvr -iquote ../riscv -iquote ../disasm -iquote ../customext -iquote ../fdt -iquote ../softfloat -iquote ../spike_main -iquote ../spike_dasm  -c ../softfloat/f128_add.c
gcc -MMD -MP  -DPREFIX=\"/work/riscv\" -Wall -Wno-unused -Wno-nonportable-include-path -g -O2 -fPIC -g -O2   -iquote . -I.. -iquote ../fesvr -iquote ../riscv -iquote ../disasm -iquote ../customext -iquote ../fdt -iquote ../softfloat -iquote ../spike_main -iquote ../spike_dasm  -c ../softfloat/f128_classify.c
gcc -MMD -MP  -DPREFIX=\"/work/riscv\" -Wall -Wno-unused -Wno-nonportable-include-path -g -O2 -fPIC -g -O2   -iquote . -I.. -iquote ../fesvr -iquote ../riscv -iquote ../disasm -iquote ../customext -iquote ../fdt -iquote ../softfloat -iquote ../spike_main -iquote ../spike_dasm  -c ../softfloat/f128_div.c
gcc -MMD -MP  -DPREFIX=\"/work/riscv\" -Wall -Wno-unused -Wno-nonportable-include-path -g -O2 -fPIC -g -O2   -iquote . -I.. -iquote ../fesvr -iquote ../riscv -iquote ../disasm -iquote ../customext -iquote ../fdt -iquote ../softfloat -iquote ../spike_main -iquote ../spike_dasm  -c ../softfloat/f128_eq.c
gcc -MMD -MP  -DPREFIX=\"/work/riscv\" -Wall -Wno-unused -Wno-nonportable-include-path -g -O2 -fPIC -g -O2   -iquote . -I.. -iquote ../fesvr -iquote ../riscv -iquote ../disasm -iquote ../customext -iquote ../fdt -iquote ../softfloat -iquote ../spike_main -iquote ../spike_dasm  -c ../softfloat/f128_eq_signaling.c
gcc -MMD -MP  -DPREFIX=\"/work/riscv\" -Wall -Wno-unused -Wno-nonportable-include-path -g -O2 -fPIC -g -O2   -iquote . -I.. -iquote ../fesvr -iquote ../riscv -iquote ../disasm -iquote ../customext -iquote ../fdt -iquote ../softfloat -iquote ../spike_main -iquote ../spike_dasm  -c ../softfloat/f128_isSignalingNaN.c
gcc -MMD -MP  -DPREFIX=\"/work/riscv\" -Wall -Wno-unused -Wno-nonportable-include-path -g -O2 -fPIC -g -O2   -iquote . -I.. -iquote ../fesvr -iquote ../riscv -iquote ../disasm -iquote ../customext -iquote ../fdt -iquote ../softfloat -iquote ../spike_main -iquote ../spike_dasm  -c ../softfloat/f128_le.c
gcc -MMD -MP  -DPREFIX=\"/work/riscv\" -Wall -Wno-unused -Wno-nonportable-include-path -g -O2 -fPIC -g -O2   -iquote . -I.. -iquote ../fesvr -iquote ../riscv -iquote ../disasm -iquote ../customext -iquote ../fdt -iquote ../softfloat -iquote ../spike_main -iquote ../spike_dasm  -c ../softfloat/f128_le_quiet.c
gcc -MMD -MP  -DPREFIX=\"/work/riscv\" -Wall -Wno-unused -Wno-nonportable-include-path -g -O2 -fPIC -g -O2   -iquote . -I.. -iquote ../fesvr -iquote ../riscv -iquote ../disasm -iquote ../customext -iquote ../fdt -iquote ../softfloat -iquote ../spike_main -iquote ../spike_dasm  -c ../softfloat/f128_lt.c
gcc -MMD -MP  -DPREFIX=\"/work/riscv\" -Wall -Wno-unused -Wno-nonportable-include-path -g -O2 -fPIC -g -O2   -iquote . -I.. -iquote ../fesvr -iquote ../riscv -iquote ../disasm -iquote ../customext -iquote ../fdt -iquote ../softfloat -iquote ../spike_main -iquote ../spike_dasm  -c ../softfloat/f128_lt_quiet.c
gcc -MMD -MP  -DPREFIX=\"/work/riscv\" -Wall -Wno-unused -Wno-nonportable-include-path -g -O2 -fPIC -g -O2   -iquote . -I.. -iquote ../fesvr -iquote ../riscv -iquote ../disasm -iquote ../customext -iquote ../fdt -iquote ../softfloat -iquote ../spike_main -iquote ../spike_dasm  -c ../softfloat/f128_mulAdd.c
gcc -MMD -MP  -DPREFIX=\"/work/riscv\" -Wall -Wno-unused -Wno-nonportable-include-path -g -O2 -fPIC -g -O2   -iquote . -I.. -iquote ../fesvr -iquote ../riscv -iquote ../disasm -iquote ../customext -iquote ../fdt -iquote ../softfloat -iquote ../spike_main -iquote ../spike_dasm  -c ../softfloat/f128_mul.c
gcc -MMD -MP  -DPREFIX=\"/work/riscv\" -Wall -Wno-unused -Wno-nonportable-include-path -g -O2 -fPIC -g -O2   -iquote . -I.. -iquote ../fesvr -iquote ../riscv -iquote ../disasm -iquote ../customext -iquote ../fdt -iquote ../softfloat -iquote ../spike_main -iquote ../spike_dasm  -c ../softfloat/f128_rem.c
gcc -MMD -MP  -DPREFIX=\"/work/riscv\" -Wall -Wno-unused -Wno-nonportable-include-path -g -O2 -fPIC -g -O2   -iquote . -I.. -iquote ../fesvr -iquote ../riscv -iquote ../disasm -iquote ../customext -iquote ../fdt -iquote ../softfloat -iquote ../spike_main -iquote ../spike_dasm  -c ../softfloat/f128_roundToInt.c
gcc -MMD -MP  -DPREFIX=\"/work/riscv\" -Wall -Wno-unused -Wno-nonportable-include-path -g -O2 -fPIC -g -O2   -iquote . -I.. -iquote ../fesvr -iquote ../riscv -iquote ../disasm -iquote ../customext -iquote ../fdt -iquote ../softfloat -iquote ../spike_main -iquote ../spike_dasm  -c ../softfloat/f128_sqrt.c
gcc -MMD -MP  -DPREFIX=\"/work/riscv\" -Wall -Wno-unused -Wno-nonportable-include-path -g -O2 -fPIC -g -O2   -iquote . -I.. -iquote ../fesvr -iquote ../riscv -iquote ../disasm -iquote ../customext -iquote ../fdt -iquote ../softfloat -iquote ../spike_main -iquote ../spike_dasm  -c ../softfloat/f128_sub.c
gcc -MMD -MP  -DPREFIX=\"/work/riscv\" -Wall -Wno-unused -Wno-nonportable-include-path -g -O2 -fPIC -g -O2   -iquote . -I.. -iquote ../fesvr -iquote ../riscv -iquote ../disasm -iquote ../customext -iquote ../fdt -iquote ../softfloat -iquote ../spike_main -iquote ../spike_dasm  -c ../softfloat/f128_to_f16.c
gcc -MMD -MP  -DPREFIX=\"/work/riscv\" -Wall -Wno-unused -Wno-nonportable-include-path -g -O2 -fPIC -g -O2   -iquote . -I.. -iquote ../fesvr -iquote ../riscv -iquote ../disasm -iquote ../customext -iquote ../fdt -iquote ../softfloat -iquote ../spike_main -iquote ../spike_dasm  -c ../softfloat/f128_to_f32.c
gcc -MMD -MP  -DPREFIX=\"/work/riscv\" -Wall -Wno-unused -Wno-nonportable-include-path -g -O2 -fPIC -g -O2   -iquote . -I.. -iquote ../fesvr -iquote ../riscv -iquote ../disasm -iquote ../customext -iquote ../fdt -iquote ../softfloat -iquote ../spike_main -iquote ../spike_dasm  -c ../softfloat/f128_to_f64.c
gcc -MMD -MP  -DPREFIX=\"/work/riscv\" -Wall -Wno-unused -Wno-nonportable-include-path -g -O2 -fPIC -g -O2   -iquote . -I.. -iquote ../fesvr -iquote ../riscv -iquote ../disasm -iquote ../customext -iquote ../fdt -iquote ../softfloat -iquote ../spike_main -iquote ../spike_dasm  -c ../softfloat/f128_to_i32.c
gcc -MMD -MP  -DPREFIX=\"/work/riscv\" -Wall -Wno-unused -Wno-nonportable-include-path -g -O2 -fPIC -g -O2   -iquote . -I.. -iquote ../fesvr -iquote ../riscv -iquote ../disasm -iquote ../customext -iquote ../fdt -iquote ../softfloat -iquote ../spike_main -iquote ../spike_dasm  -c ../softfloat/f128_to_i32_r_minMag.c
gcc -MMD -MP  -DPREFIX=\"/work/riscv\" -Wall -Wno-unused -Wno-nonportable-include-path -g -O2 -fPIC -g -O2   -iquote . -I.. -iquote ../fesvr -iquote ../riscv -iquote ../disasm -iquote ../customext -iquote ../fdt -iquote ../softfloat -iquote ../spike_main -iquote ../spike_dasm  -c ../softfloat/f128_to_i64.c
gcc -MMD -MP  -DPREFIX=\"/work/riscv\" -Wall -Wno-unused -Wno-nonportable-include-path -g -O2 -fPIC -g -O2   -iquote . -I.. -iquote ../fesvr -iquote ../riscv -iquote ../disasm -iquote ../customext -iquote ../fdt -iquote ../softfloat -iquote ../spike_main -iquote ../spike_dasm  -c ../softfloat/f128_to_i64_r_minMag.c
gcc -MMD -MP  -DPREFIX=\"/work/riscv\" -Wall -Wno-unused -Wno-nonportable-include-path -g -O2 -fPIC -g -O2   -iquote . -I.. -iquote ../fesvr -iquote ../riscv -iquote ../disasm -iquote ../customext -iquote ../fdt -iquote ../softfloat -iquote ../spike_main -iquote ../spike_dasm  -c ../softfloat/f128_to_ui32.c
gcc -MMD -MP  -DPREFIX=\"/work/riscv\" -Wall -Wno-unused -Wno-nonportable-include-path -g -O2 -fPIC -g -O2   -iquote . -I.. -iquote ../fesvr -iquote ../riscv -iquote ../disasm -iquote ../customext -iquote ../fdt -iquote ../softfloat -iquote ../spike_main -iquote ../spike_dasm  -c ../softfloat/f128_to_ui32_r_minMag.c
gcc -MMD -MP  -DPREFIX=\"/work/riscv\" -Wall -Wno-unused -Wno-nonportable-include-path -g -O2 -fPIC -g -O2   -iquote . -I.. -iquote ../fesvr -iquote ../riscv -iquote ../disasm -iquote ../customext -iquote ../fdt -iquote ../softfloat -iquote ../spike_main -iquote ../spike_dasm  -c ../softfloat/f128_to_ui64.c
gcc -MMD -MP  -DPREFIX=\"/work/riscv\" -Wall -Wno-unused -Wno-nonportable-include-path -g -O2 -fPIC -g -O2   -iquote . -I.. -iquote ../fesvr -iquote ../riscv -iquote ../disasm -iquote ../customext -iquote ../fdt -iquote ../softfloat -iquote ../spike_main -iquote ../spike_dasm  -c ../softfloat/f128_to_ui64_r_minMag.c
gcc -MMD -MP  -DPREFIX=\"/work/riscv\" -Wall -Wno-unused -Wno-nonportable-include-path -g -O2 -fPIC -g -O2   -iquote . -I.. -iquote ../fesvr -iquote ../riscv -iquote ../disasm -iquote ../customext -iquote ../fdt -iquote ../softfloat -iquote ../spike_main -iquote ../spike_dasm  -c ../softfloat/f16_add.c
gcc -MMD -MP  -DPREFIX=\"/work/riscv\" -Wall -Wno-unused -Wno-nonportable-include-path -g -O2 -fPIC -g -O2   -iquote . -I.. -iquote ../fesvr -iquote ../riscv -iquote ../disasm -iquote ../customext -iquote ../fdt -iquote ../softfloat -iquote ../spike_main -iquote ../spike_dasm  -c ../softfloat/f16_classify.c
gcc -MMD -MP  -DPREFIX=\"/work/riscv\" -Wall -Wno-unused -Wno-nonportable-include-path -g -O2 -fPIC -g -O2   -iquote . -I.. -iquote ../fesvr -iquote ../riscv -iquote ../disasm -iquote ../customext -iquote ../fdt -iquote ../softfloat -iquote ../spike_main -iquote ../spike_dasm  -c ../softfloat/f16_div.c
gcc -MMD -MP  -DPREFIX=\"/work/riscv\" -Wall -Wno-unused -Wno-nonportable-include-path -g -O2 -fPIC -g -O2   -iquote . -I.. -iquote ../fesvr -iquote ../riscv -iquote ../disasm -iquote ../customext -iquote ../fdt -iquote ../softfloat -iquote ../spike_main -iquote ../spike_dasm  -c ../softfloat/f16_eq.c
gcc -MMD -MP  -DPREFIX=\"/work/riscv\" -Wall -Wno-unused -Wno-nonportable-include-path -g -O2 -fPIC -g -O2   -iquote . -I.. -iquote ../fesvr -iquote ../riscv -iquote ../disasm -iquote ../customext -iquote ../fdt -iquote ../softfloat -iquote ../spike_main -iquote ../spike_dasm  -c ../softfloat/f16_eq_signaling.c
gcc -MMD -MP  -DPREFIX=\"/work/riscv\" -Wall -Wno-unused -Wno-nonportable-include-path -g -O2 -fPIC -g -O2   -iquote . -I.. -iquote ../fesvr -iquote ../riscv -iquote ../disasm -iquote ../customext -iquote ../fdt -iquote ../softfloat -iquote ../spike_main -iquote ../spike_dasm  -c ../softfloat/f16_isSignalingNaN.c
gcc -MMD -MP  -DPREFIX=\"/work/riscv\" -Wall -Wno-unused -Wno-nonportable-include-path -g -O2 -fPIC -g -O2   -iquote . -I.. -iquote ../fesvr -iquote ../riscv -iquote ../disasm -iquote ../customext -iquote ../fdt -iquote ../softfloat -iquote ../spike_main -iquote ../spike_dasm  -c ../softfloat/f16_le.c
gcc -MMD -MP  -DPREFIX=\"/work/riscv\" -Wall -Wno-unused -Wno-nonportable-include-path -g -O2 -fPIC -g -O2   -iquote . -I.. -iquote ../fesvr -iquote ../riscv -iquote ../disasm -iquote ../customext -iquote ../fdt -iquote ../softfloat -iquote ../spike_main -iquote ../spike_dasm  -c ../softfloat/f16_le_quiet.c
gcc -MMD -MP  -DPREFIX=\"/work/riscv\" -Wall -Wno-unused -Wno-nonportable-include-path -g -O2 -fPIC -g -O2   -iquote . -I.. -iquote ../fesvr -iquote ../riscv -iquote ../disasm -iquote ../customext -iquote ../fdt -iquote ../softfloat -iquote ../spike_main -iquote ../spike_dasm  -c ../softfloat/f16_lt.c
gcc -MMD -MP  -DPREFIX=\"/work/riscv\" -Wall -Wno-unused -Wno-nonportable-include-path -g -O2 -fPIC -g -O2   -iquote . -I.. -iquote ../fesvr -iquote ../riscv -iquote ../disasm -iquote ../customext -iquote ../fdt -iquote ../softfloat -iquote ../spike_main -iquote ../spike_dasm  -c ../softfloat/f16_lt_quiet.c
gcc -MMD -MP  -DPREFIX=\"/work/riscv\" -Wall -Wno-unused -Wno-nonportable-include-path -g -O2 -fPIC -g -O2   -iquote . -I.. -iquote ../fesvr -iquote ../riscv -iquote ../disasm -iquote ../customext -iquote ../fdt -iquote ../softfloat -iquote ../spike_main -iquote ../spike_dasm  -c ../softfloat/f16_mulAdd.c
gcc -MMD -MP  -DPREFIX=\"/work/riscv\" -Wall -Wno-unused -Wno-nonportable-include-path -g -O2 -fPIC -g -O2   -iquote . -I.. -iquote ../fesvr -iquote ../riscv -iquote ../disasm -iquote ../customext -iquote ../fdt -iquote ../softfloat -iquote ../spike_main -iquote ../spike_dasm  -c ../softfloat/f16_mul.c
gcc -MMD -MP  -DPREFIX=\"/work/riscv\" -Wall -Wno-unused -Wno-nonportable-include-path -g -O2 -fPIC -g -O2   -iquote . -I.. -iquote ../fesvr -iquote ../riscv -iquote ../disasm -iquote ../customext -iquote ../fdt -iquote ../softfloat -iquote ../spike_main -iquote ../spike_dasm  -c ../softfloat/f16_rem.c
gcc -MMD -MP  -DPREFIX=\"/work/riscv\" -Wall -Wno-unused -Wno-nonportable-include-path -g -O2 -fPIC -g -O2   -iquote . -I.. -iquote ../fesvr -iquote ../riscv -iquote ../disasm -iquote ../customext -iquote ../fdt -iquote ../softfloat -iquote ../spike_main -iquote ../spike_dasm  -c ../softfloat/f16_roundToInt.c
gcc -MMD -MP  -DPREFIX=\"/work/riscv\" -Wall -Wno-unused -Wno-nonportable-include-path -g -O2 -fPIC -g -O2   -iquote . -I.. -iquote ../fesvr -iquote ../riscv -iquote ../disasm -iquote ../customext -iquote ../fdt -iquote ../softfloat -iquote ../spike_main -iquote ../spike_dasm  -c ../softfloat/f16_sqrt.c
gcc -MMD -MP  -DPREFIX=\"/work/riscv\" -Wall -Wno-unused -Wno-nonportable-include-path -g -O2 -fPIC -g -O2   -iquote . -I.. -iquote ../fesvr -iquote ../riscv -iquote ../disasm -iquote ../customext -iquote ../fdt -iquote ../softfloat -iquote ../spike_main -iquote ../spike_dasm  -c ../softfloat/f16_sub.c
gcc -MMD -MP  -DPREFIX=\"/work/riscv\" -Wall -Wno-unused -Wno-nonportable-include-path -g -O2 -fPIC -g -O2   -iquote . -I.. -iquote ../fesvr -iquote ../riscv -iquote ../disasm -iquote ../customext -iquote ../fdt -iquote ../softfloat -iquote ../spike_main -iquote ../spike_dasm  -c ../softfloat/f16_to_f128.c
gcc -MMD -MP  -DPREFIX=\"/work/riscv\" -Wall -Wno-unused -Wno-nonportable-include-path -g -O2 -fPIC -g -O2   -iquote . -I.. -iquote ../fesvr -iquote ../riscv -iquote ../disasm -iquote ../customext -iquote ../fdt -iquote ../softfloat -iquote ../spike_main -iquote ../spike_dasm  -c ../softfloat/f16_to_f32.c
gcc -MMD -MP  -DPREFIX=\"/work/riscv\" -Wall -Wno-unused -Wno-nonportable-include-path -g -O2 -fPIC -g -O2   -iquote . -I.. -iquote ../fesvr -iquote ../riscv -iquote ../disasm -iquote ../customext -iquote ../fdt -iquote ../softfloat -iquote ../spike_main -iquote ../spike_dasm  -c ../softfloat/f16_to_f64.c
gcc -MMD -MP  -DPREFIX=\"/work/riscv\" -Wall -Wno-unused -Wno-nonportable-include-path -g -O2 -fPIC -g -O2   -iquote . -I.. -iquote ../fesvr -iquote ../riscv -iquote ../disasm -iquote ../customext -iquote ../fdt -iquote ../softfloat -iquote ../spike_main -iquote ../spike_dasm  -c ../softfloat/f16_to_i8.c
gcc -MMD -MP  -DPREFIX=\"/work/riscv\" -Wall -Wno-unused -Wno-nonportable-include-path -g -O2 -fPIC -g -O2   -iquote . -I.. -iquote ../fesvr -iquote ../riscv -iquote ../disasm -iquote ../customext -iquote ../fdt -iquote ../softfloat -iquote ../spike_main -iquote ../spike_dasm  -c ../softfloat/f16_to_i16.c
gcc -MMD -MP  -DPREFIX=\"/work/riscv\" -Wall -Wno-unused -Wno-nonportable-include-path -g -O2 -fPIC -g -O2   -iquote . -I.. -iquote ../fesvr -iquote ../riscv -iquote ../disasm -iquote ../customext -iquote ../fdt -iquote ../softfloat -iquote ../spike_main -iquote ../spike_dasm  -c ../softfloat/f16_to_i32.c
gcc -MMD -MP  -DPREFIX=\"/work/riscv\" -Wall -Wno-unused -Wno-nonportable-include-path -g -O2 -fPIC -g -O2   -iquote . -I.. -iquote ../fesvr -iquote ../riscv -iquote ../disasm -iquote ../customext -iquote ../fdt -iquote ../softfloat -iquote ../spike_main -iquote ../spike_dasm  -c ../softfloat/f16_to_i32_r_minMag.c
gcc -MMD -MP  -DPREFIX=\"/work/riscv\" -Wall -Wno-unused -Wno-nonportable-include-path -g -O2 -fPIC -g -O2   -iquote . -I.. -iquote ../fesvr -iquote ../riscv -iquote ../disasm -iquote ../customext -iquote ../fdt -iquote ../softfloat -iquote ../spike_main -iquote ../spike_dasm  -c ../softfloat/f16_to_i64.c
gcc -MMD -MP  -DPREFIX=\"/work/riscv\" -Wall -Wno-unused -Wno-nonportable-include-path -g -O2 -fPIC -g -O2   -iquote . -I.. -iquote ../fesvr -iquote ../riscv -iquote ../disasm -iquote ../customext -iquote ../fdt -iquote ../softfloat -iquote ../spike_main -iquote ../spike_dasm  -c ../softfloat/f16_to_i64_r_minMag.c
gcc -MMD -MP  -DPREFIX=\"/work/riscv\" -Wall -Wno-unused -Wno-nonportable-include-path -g -O2 -fPIC -g -O2   -iquote . -I.. -iquote ../fesvr -iquote ../riscv -iquote ../disasm -iquote ../customext -iquote ../fdt -iquote ../softfloat -iquote ../spike_main -iquote ../spike_dasm  -c ../softfloat/f16_to_ui8.c
gcc -MMD -MP  -DPREFIX=\"/work/riscv\" -Wall -Wno-unused -Wno-nonportable-include-path -g -O2 -fPIC -g -O2   -iquote . -I.. -iquote ../fesvr -iquote ../riscv -iquote ../disasm -iquote ../customext -iquote ../fdt -iquote ../softfloat -iquote ../spike_main -iquote ../spike_dasm  -c ../softfloat/f16_to_ui16.c
gcc -MMD -MP  -DPREFIX=\"/work/riscv\" -Wall -Wno-unused -Wno-nonportable-include-path -g -O2 -fPIC -g -O2   -iquote . -I.. -iquote ../fesvr -iquote ../riscv -iquote ../disasm -iquote ../customext -iquote ../fdt -iquote ../softfloat -iquote ../spike_main -iquote ../spike_dasm  -c ../softfloat/f16_to_ui32.c
gcc -MMD -MP  -DPREFIX=\"/work/riscv\" -Wall -Wno-unused -Wno-nonportable-include-path -g -O2 -fPIC -g -O2   -iquote . -I.. -iquote ../fesvr -iquote ../riscv -iquote ../disasm -iquote ../customext -iquote ../fdt -iquote ../softfloat -iquote ../spike_main -iquote ../spike_dasm  -c ../softfloat/f16_to_ui32_r_minMag.c
gcc -MMD -MP  -DPREFIX=\"/work/riscv\" -Wall -Wno-unused -Wno-nonportable-include-path -g -O2 -fPIC -g -O2   -iquote . -I.. -iquote ../fesvr -iquote ../riscv -iquote ../disasm -iquote ../customext -iquote ../fdt -iquote ../softfloat -iquote ../spike_main -iquote ../spike_dasm  -c ../softfloat/f16_to_ui64.c
gcc -MMD -MP  -DPREFIX=\"/work/riscv\" -Wall -Wno-unused -Wno-nonportable-include-path -g -O2 -fPIC -g -O2   -iquote . -I.. -iquote ../fesvr -iquote ../riscv -iquote ../disasm -iquote ../customext -iquote ../fdt -iquote ../softfloat -iquote ../spike_main -iquote ../spike_dasm  -c ../softfloat/f16_to_ui64_r_minMag.c
gcc -MMD -MP  -DPREFIX=\"/work/riscv\" -Wall -Wno-unused -Wno-nonportable-include-path -g -O2 -fPIC -g -O2   -iquote . -I.. -iquote ../fesvr -iquote ../riscv -iquote ../disasm -iquote ../customext -iquote ../fdt -iquote ../softfloat -iquote ../spike_main -iquote ../spike_dasm  -c ../softfloat/f32_add.c
gcc -MMD -MP  -DPREFIX=\"/work/riscv\" -Wall -Wno-unused -Wno-nonportable-include-path -g -O2 -fPIC -g -O2   -iquote . -I.. -iquote ../fesvr -iquote ../riscv -iquote ../disasm -iquote ../customext -iquote ../fdt -iquote ../softfloat -iquote ../spike_main -iquote ../spike_dasm  -c ../softfloat/f32_classify.c
gcc -MMD -MP  -DPREFIX=\"/work/riscv\" -Wall -Wno-unused -Wno-nonportable-include-path -g -O2 -fPIC -g -O2   -iquote . -I.. -iquote ../fesvr -iquote ../riscv -iquote ../disasm -iquote ../customext -iquote ../fdt -iquote ../softfloat -iquote ../spike_main -iquote ../spike_dasm  -c ../softfloat/f32_div.c
gcc -MMD -MP  -DPREFIX=\"/work/riscv\" -Wall -Wno-unused -Wno-nonportable-include-path -g -O2 -fPIC -g -O2   -iquote . -I.. -iquote ../fesvr -iquote ../riscv -iquote ../disasm -iquote ../customext -iquote ../fdt -iquote ../softfloat -iquote ../spike_main -iquote ../spike_dasm  -c ../softfloat/f32_eq.c
gcc -MMD -MP  -DPREFIX=\"/work/riscv\" -Wall -Wno-unused -Wno-nonportable-include-path -g -O2 -fPIC -g -O2   -iquote . -I.. -iquote ../fesvr -iquote ../riscv -iquote ../disasm -iquote ../customext -iquote ../fdt -iquote ../softfloat -iquote ../spike_main -iquote ../spike_dasm  -c ../softfloat/f32_eq_signaling.c
gcc -MMD -MP  -DPREFIX=\"/work/riscv\" -Wall -Wno-unused -Wno-nonportable-include-path -g -O2 -fPIC -g -O2   -iquote . -I.. -iquote ../fesvr -iquote ../riscv -iquote ../disasm -iquote ../customext -iquote ../fdt -iquote ../softfloat -iquote ../spike_main -iquote ../spike_dasm  -c ../softfloat/f32_isSignalingNaN.c
gcc -MMD -MP  -DPREFIX=\"/work/riscv\" -Wall -Wno-unused -Wno-nonportable-include-path -g -O2 -fPIC -g -O2   -iquote . -I.. -iquote ../fesvr -iquote ../riscv -iquote ../disasm -iquote ../customext -iquote ../fdt -iquote ../softfloat -iquote ../spike_main -iquote ../spike_dasm  -c ../softfloat/f32_le.c
gcc -MMD -MP  -DPREFIX=\"/work/riscv\" -Wall -Wno-unused -Wno-nonportable-include-path -g -O2 -fPIC -g -O2   -iquote . -I.. -iquote ../fesvr -iquote ../riscv -iquote ../disasm -iquote ../customext -iquote ../fdt -iquote ../softfloat -iquote ../spike_main -iquote ../spike_dasm  -c ../softfloat/f32_le_quiet.c
gcc -MMD -MP  -DPREFIX=\"/work/riscv\" -Wall -Wno-unused -Wno-nonportable-include-path -g -O2 -fPIC -g -O2   -iquote . -I.. -iquote ../fesvr -iquote ../riscv -iquote ../disasm -iquote ../customext -iquote ../fdt -iquote ../softfloat -iquote ../spike_main -iquote ../spike_dasm  -c ../softfloat/f32_lt.c
gcc -MMD -MP  -DPREFIX=\"/work/riscv\" -Wall -Wno-unused -Wno-nonportable-include-path -g -O2 -fPIC -g -O2   -iquote . -I.. -iquote ../fesvr -iquote ../riscv -iquote ../disasm -iquote ../customext -iquote ../fdt -iquote ../softfloat -iquote ../spike_main -iquote ../spike_dasm  -c ../softfloat/f32_lt_quiet.c
gcc -MMD -MP  -DPREFIX=\"/work/riscv\" -Wall -Wno-unused -Wno-nonportable-include-path -g -O2 -fPIC -g -O2   -iquote . -I.. -iquote ../fesvr -iquote ../riscv -iquote ../disasm -iquote ../customext -iquote ../fdt -iquote ../softfloat -iquote ../spike_main -iquote ../spike_dasm  -c ../softfloat/f32_mulAdd.c
gcc -MMD -MP  -DPREFIX=\"/work/riscv\" -Wall -Wno-unused -Wno-nonportable-include-path -g -O2 -fPIC -g -O2   -iquote . -I.. -iquote ../fesvr -iquote ../riscv -iquote ../disasm -iquote ../customext -iquote ../fdt -iquote ../softfloat -iquote ../spike_main -iquote ../spike_dasm  -c ../softfloat/f32_mul.c
gcc -MMD -MP  -DPREFIX=\"/work/riscv\" -Wall -Wno-unused -Wno-nonportable-include-path -g -O2 -fPIC -g -O2   -iquote . -I.. -iquote ../fesvr -iquote ../riscv -iquote ../disasm -iquote ../customext -iquote ../fdt -iquote ../softfloat -iquote ../spike_main -iquote ../spike_dasm  -c ../softfloat/f32_rem.c
gcc -MMD -MP  -DPREFIX=\"/work/riscv\" -Wall -Wno-unused -Wno-nonportable-include-path -g -O2 -fPIC -g -O2   -iquote . -I.. -iquote ../fesvr -iquote ../riscv -iquote ../disasm -iquote ../customext -iquote ../fdt -iquote ../softfloat -iquote ../spike_main -iquote ../spike_dasm  -c ../softfloat/f32_roundToInt.c
gcc -MMD -MP  -DPREFIX=\"/work/riscv\" -Wall -Wno-unused -Wno-nonportable-include-path -g -O2 -fPIC -g -O2   -iquote . -I.. -iquote ../fesvr -iquote ../riscv -iquote ../disasm -iquote ../customext -iquote ../fdt -iquote ../softfloat -iquote ../spike_main -iquote ../spike_dasm  -c ../softfloat/f32_sqrt.c
gcc -MMD -MP  -DPREFIX=\"/work/riscv\" -Wall -Wno-unused -Wno-nonportable-include-path -g -O2 -fPIC -g -O2   -iquote . -I.. -iquote ../fesvr -iquote ../riscv -iquote ../disasm -iquote ../customext -iquote ../fdt -iquote ../softfloat -iquote ../spike_main -iquote ../spike_dasm  -c ../softfloat/f32_sub.c
gcc -MMD -MP  -DPREFIX=\"/work/riscv\" -Wall -Wno-unused -Wno-nonportable-include-path -g -O2 -fPIC -g -O2   -iquote . -I.. -iquote ../fesvr -iquote ../riscv -iquote ../disasm -iquote ../customext -iquote ../fdt -iquote ../softfloat -iquote ../spike_main -iquote ../spike_dasm  -c ../softfloat/f32_to_bf16.c
gcc -MMD -MP  -DPREFIX=\"/work/riscv\" -Wall -Wno-unused -Wno-nonportable-include-path -g -O2 -fPIC -g -O2   -iquote . -I.. -iquote ../fesvr -iquote ../riscv -iquote ../disasm -iquote ../customext -iquote ../fdt -iquote ../softfloat -iquote ../spike_main -iquote ../spike_dasm  -c ../softfloat/f32_to_f128.c
gcc -MMD -MP  -DPREFIX=\"/work/riscv\" -Wall -Wno-unused -Wno-nonportable-include-path -g -O2 -fPIC -g -O2   -iquote . -I.. -iquote ../fesvr -iquote ../riscv -iquote ../disasm -iquote ../customext -iquote ../fdt -iquote ../softfloat -iquote ../spike_main -iquote ../spike_dasm  -c ../softfloat/f32_to_f16.c
gcc -MMD -MP  -DPREFIX=\"/work/riscv\" -Wall -Wno-unused -Wno-nonportable-include-path -g -O2 -fPIC -g -O2   -iquote . -I.. -iquote ../fesvr -iquote ../riscv -iquote ../disasm -iquote ../customext -iquote ../fdt -iquote ../softfloat -iquote ../spike_main -iquote ../spike_dasm  -c ../softfloat/f32_to_f64.c
gcc -MMD -MP  -DPREFIX=\"/work/riscv\" -Wall -Wno-unused -Wno-nonportable-include-path -g -O2 -fPIC -g -O2   -iquote . -I.. -iquote ../fesvr -iquote ../riscv -iquote ../disasm -iquote ../customext -iquote ../fdt -iquote ../softfloat -iquote ../spike_main -iquote ../spike_dasm  -c ../softfloat/f32_to_i16.c
gcc -MMD -MP  -DPREFIX=\"/work/riscv\" -Wall -Wno-unused -Wno-nonportable-include-path -g -O2 -fPIC -g -O2   -iquote . -I.. -iquote ../fesvr -iquote ../riscv -iquote ../disasm -iquote ../customext -iquote ../fdt -iquote ../softfloat -iquote ../spike_main -iquote ../spike_dasm  -c ../softfloat/f32_to_i32.c
gcc -MMD -MP  -DPREFIX=\"/work/riscv\" -Wall -Wno-unused -Wno-nonportable-include-path -g -O2 -fPIC -g -O2   -iquote . -I.. -iquote ../fesvr -iquote ../riscv -iquote ../disasm -iquote ../customext -iquote ../fdt -iquote ../softfloat -iquote ../spike_main -iquote ../spike_dasm  -c ../softfloat/f32_to_i32_r_minMag.c
gcc -MMD -MP  -DPREFIX=\"/work/riscv\" -Wall -Wno-unused -Wno-nonportable-include-path -g -O2 -fPIC -g -O2   -iquote . -I.. -iquote ../fesvr -iquote ../riscv -iquote ../disasm -iquote ../customext -iquote ../fdt -iquote ../softfloat -iquote ../spike_main -iquote ../spike_dasm  -c ../softfloat/f32_to_i64.c
gcc -MMD -MP  -DPREFIX=\"/work/riscv\" -Wall -Wno-unused -Wno-nonportable-include-path -g -O2 -fPIC -g -O2   -iquote . -I.. -iquote ../fesvr -iquote ../riscv -iquote ../disasm -iquote ../customext -iquote ../fdt -iquote ../softfloat -iquote ../spike_main -iquote ../spike_dasm  -c ../softfloat/f32_to_i64_r_minMag.c
gcc -MMD -MP  -DPREFIX=\"/work/riscv\" -Wall -Wno-unused -Wno-nonportable-include-path -g -O2 -fPIC -g -O2   -iquote . -I.. -iquote ../fesvr -iquote ../riscv -iquote ../disasm -iquote ../customext -iquote ../fdt -iquote ../softfloat -iquote ../spike_main -iquote ../spike_dasm  -c ../softfloat/f32_to_ui16.c
gcc -MMD -MP  -DPREFIX=\"/work/riscv\" -Wall -Wno-unused -Wno-nonportable-include-path -g -O2 -fPIC -g -O2   -iquote . -I.. -iquote ../fesvr -iquote ../riscv -iquote ../disasm -iquote ../customext -iquote ../fdt -iquote ../softfloat -iquote ../spike_main -iquote ../spike_dasm  -c ../softfloat/f32_to_ui32.c
gcc -MMD -MP  -DPREFIX=\"/work/riscv\" -Wall -Wno-unused -Wno-nonportable-include-path -g -O2 -fPIC -g -O2   -iquote . -I.. -iquote ../fesvr -iquote ../riscv -iquote ../disasm -iquote ../customext -iquote ../fdt -iquote ../softfloat -iquote ../spike_main -iquote ../spike_dasm  -c ../softfloat/f32_to_ui32_r_minMag.c
gcc -MMD -MP  -DPREFIX=\"/work/riscv\" -Wall -Wno-unused -Wno-nonportable-include-path -g -O2 -fPIC -g -O2   -iquote . -I.. -iquote ../fesvr -iquote ../riscv -iquote ../disasm -iquote ../customext -iquote ../fdt -iquote ../softfloat -iquote ../spike_main -iquote ../spike_dasm  -c ../softfloat/f32_to_ui64.c
gcc -MMD -MP  -DPREFIX=\"/work/riscv\" -Wall -Wno-unused -Wno-nonportable-include-path -g -O2 -fPIC -g -O2   -iquote . -I.. -iquote ../fesvr -iquote ../riscv -iquote ../disasm -iquote ../customext -iquote ../fdt -iquote ../softfloat -iquote ../spike_main -iquote ../spike_dasm  -c ../softfloat/f32_to_ui64_r_minMag.c
gcc -MMD -MP  -DPREFIX=\"/work/riscv\" -Wall -Wno-unused -Wno-nonportable-include-path -g -O2 -fPIC -g -O2   -iquote . -I.. -iquote ../fesvr -iquote ../riscv -iquote ../disasm -iquote ../customext -iquote ../fdt -iquote ../softfloat -iquote ../spike_main -iquote ../spike_dasm  -c ../softfloat/f64_add.c
gcc -MMD -MP  -DPREFIX=\"/work/riscv\" -Wall -Wno-unused -Wno-nonportable-include-path -g -O2 -fPIC -g -O2   -iquote . -I.. -iquote ../fesvr -iquote ../riscv -iquote ../disasm -iquote ../customext -iquote ../fdt -iquote ../softfloat -iquote ../spike_main -iquote ../spike_dasm  -c ../softfloat/f64_classify.c
gcc -MMD -MP  -DPREFIX=\"/work/riscv\" -Wall -Wno-unused -Wno-nonportable-include-path -g -O2 -fPIC -g -O2   -iquote . -I.. -iquote ../fesvr -iquote ../riscv -iquote ../disasm -iquote ../customext -iquote ../fdt -iquote ../softfloat -iquote ../spike_main -iquote ../spike_dasm  -c ../softfloat/f64_div.c
gcc -MMD -MP  -DPREFIX=\"/work/riscv\" -Wall -Wno-unused -Wno-nonportable-include-path -g -O2 -fPIC -g -O2   -iquote . -I.. -iquote ../fesvr -iquote ../riscv -iquote ../disasm -iquote ../customext -iquote ../fdt -iquote ../softfloat -iquote ../spike_main -iquote ../spike_dasm  -c ../softfloat/f64_eq.c
cc1plus: note: unrecognized command-line option ‘-Wno-nonportable-include-path’ may have been intended to silence earlier diagnostics
gcc -MMD -MP  -DPREFIX=\"/work/riscv\" -Wall -Wno-unused -Wno-nonportable-include-path -g -O2 -fPIC -g -O2   -iquote . -I.. -iquote ../fesvr -iquote ../riscv -iquote ../disasm -iquote ../customext -iquote ../fdt -iquote ../softfloat -iquote ../spike_main -iquote ../spike_dasm  -c ../softfloat/f64_eq_signaling.c
gcc -MMD -MP  -DPREFIX=\"/work/riscv\" -Wall -Wno-unused -Wno-nonportable-include-path -g -O2 -fPIC -g -O2   -iquote . -I.. -iquote ../fesvr -iquote ../riscv -iquote ../disasm -iquote ../customext -iquote ../fdt -iquote ../softfloat -iquote ../spike_main -iquote ../spike_dasm  -c ../softfloat/f64_isSignalingNaN.c
gcc -MMD -MP  -DPREFIX=\"/work/riscv\" -Wall -Wno-unused -Wno-nonportable-include-path -g -O2 -fPIC -g -O2   -iquote . -I.. -iquote ../fesvr -iquote ../riscv -iquote ../disasm -iquote ../customext -iquote ../fdt -iquote ../softfloat -iquote ../spike_main -iquote ../spike_dasm  -c ../softfloat/f64_le.c
gcc -MMD -MP  -DPREFIX=\"/work/riscv\" -Wall -Wno-unused -Wno-nonportable-include-path -g -O2 -fPIC -g -O2   -iquote . -I.. -iquote ../fesvr -iquote ../riscv -iquote ../disasm -iquote ../customext -iquote ../fdt -iquote ../softfloat -iquote ../spike_main -iquote ../spike_dasm  -c ../softfloat/f64_le_quiet.c
gcc -MMD -MP  -DPREFIX=\"/work/riscv\" -Wall -Wno-unused -Wno-nonportable-include-path -g -O2 -fPIC -g -O2   -iquote . -I.. -iquote ../fesvr -iquote ../riscv -iquote ../disasm -iquote ../customext -iquote ../fdt -iquote ../softfloat -iquote ../spike_main -iquote ../spike_dasm  -c ../softfloat/f64_lt.c
gcc -MMD -MP  -DPREFIX=\"/work/riscv\" -Wall -Wno-unused -Wno-nonportable-include-path -g -O2 -fPIC -g -O2   -iquote . -I.. -iquote ../fesvr -iquote ../riscv -iquote ../disasm -iquote ../customext -iquote ../fdt -iquote ../softfloat -iquote ../spike_main -iquote ../spike_dasm  -c ../softfloat/f64_lt_quiet.c
gcc -MMD -MP  -DPREFIX=\"/work/riscv\" -Wall -Wno-unused -Wno-nonportable-include-path -g -O2 -fPIC -g -O2   -iquote . -I.. -iquote ../fesvr -iquote ../riscv -iquote ../disasm -iquote ../customext -iquote ../fdt -iquote ../softfloat -iquote ../spike_main -iquote ../spike_dasm  -c ../softfloat/f64_mulAdd.c
gcc -MMD -MP  -DPREFIX=\"/work/riscv\" -Wall -Wno-unused -Wno-nonportable-include-path -g -O2 -fPIC -g -O2   -iquote . -I.. -iquote ../fesvr -iquote ../riscv -iquote ../disasm -iquote ../customext -iquote ../fdt -iquote ../softfloat -iquote ../spike_main -iquote ../spike_dasm  -c ../softfloat/f64_mul.c
gcc -MMD -MP  -DPREFIX=\"/work/riscv\" -Wall -Wno-unused -Wno-nonportable-include-path -g -O2 -fPIC -g -O2   -iquote . -I.. -iquote ../fesvr -iquote ../riscv -iquote ../disasm -iquote ../customext -iquote ../fdt -iquote ../softfloat -iquote ../spike_main -iquote ../spike_dasm  -c ../softfloat/f64_rem.c
gcc -MMD -MP  -DPREFIX=\"/work/riscv\" -Wall -Wno-unused -Wno-nonportable-include-path -g -O2 -fPIC -g -O2   -iquote . -I.. -iquote ../fesvr -iquote ../riscv -iquote ../disasm -iquote ../customext -iquote ../fdt -iquote ../softfloat -iquote ../spike_main -iquote ../spike_dasm  -c ../softfloat/f64_roundToInt.c
gcc -MMD -MP  -DPREFIX=\"/work/riscv\" -Wall -Wno-unused -Wno-nonportable-include-path -g -O2 -fPIC -g -O2   -iquote . -I.. -iquote ../fesvr -iquote ../riscv -iquote ../disasm -iquote ../customext -iquote ../fdt -iquote ../softfloat -iquote ../spike_main -iquote ../spike_dasm  -c ../softfloat/f64_sqrt.c
gcc -MMD -MP  -DPREFIX=\"/work/riscv\" -Wall -Wno-unused -Wno-nonportable-include-path -g -O2 -fPIC -g -O2   -iquote . -I.. -iquote ../fesvr -iquote ../riscv -iquote ../disasm -iquote ../customext -iquote ../fdt -iquote ../softfloat -iquote ../spike_main -iquote ../spike_dasm  -c ../softfloat/f64_sub.c
gcc -MMD -MP  -DPREFIX=\"/work/riscv\" -Wall -Wno-unused -Wno-nonportable-include-path -g -O2 -fPIC -g -O2   -iquote . -I.. -iquote ../fesvr -iquote ../riscv -iquote ../disasm -iquote ../customext -iquote ../fdt -iquote ../softfloat -iquote ../spike_main -iquote ../spike_dasm  -c ../softfloat/f64_to_bf16.c
gcc -MMD -MP  -DPREFIX=\"/work/riscv\" -Wall -Wno-unused -Wno-nonportable-include-path -g -O2 -fPIC -g -O2   -iquote . -I.. -iquote ../fesvr -iquote ../riscv -iquote ../disasm -iquote ../customext -iquote ../fdt -iquote ../softfloat -iquote ../spike_main -iquote ../spike_dasm  -c ../softfloat/f64_to_f128.c
gcc -MMD -MP  -DPREFIX=\"/work/riscv\" -Wall -Wno-unused -Wno-nonportable-include-path -g -O2 -fPIC -g -O2   -iquote . -I.. -iquote ../fesvr -iquote ../riscv -iquote ../disasm -iquote ../customext -iquote ../fdt -iquote ../softfloat -iquote ../spike_main -iquote ../spike_dasm  -c ../softfloat/f64_to_f16.c
gcc -MMD -MP  -DPREFIX=\"/work/riscv\" -Wall -Wno-unused -Wno-nonportable-include-path -g -O2 -fPIC -g -O2   -iquote . -I.. -iquote ../fesvr -iquote ../riscv -iquote ../disasm -iquote ../customext -iquote ../fdt -iquote ../softfloat -iquote ../spike_main -iquote ../spike_dasm  -c ../softfloat/f64_to_f32.c
gcc -MMD -MP  -DPREFIX=\"/work/riscv\" -Wall -Wno-unused -Wno-nonportable-include-path -g -O2 -fPIC -g -O2   -iquote . -I.. -iquote ../fesvr -iquote ../riscv -iquote ../disasm -iquote ../customext -iquote ../fdt -iquote ../softfloat -iquote ../spike_main -iquote ../spike_dasm  -c ../softfloat/f64_to_i32.c
gcc -MMD -MP  -DPREFIX=\"/work/riscv\" -Wall -Wno-unused -Wno-nonportable-include-path -g -O2 -fPIC -g -O2   -iquote . -I.. -iquote ../fesvr -iquote ../riscv -iquote ../disasm -iquote ../customext -iquote ../fdt -iquote ../softfloat -iquote ../spike_main -iquote ../spike_dasm  -c ../softfloat/f64_to_i32_r_minMag.c
gcc -MMD -MP  -DPREFIX=\"/work/riscv\" -Wall -Wno-unused -Wno-nonportable-include-path -g -O2 -fPIC -g -O2   -iquote . -I.. -iquote ../fesvr -iquote ../riscv -iquote ../disasm -iquote ../customext -iquote ../fdt -iquote ../softfloat -iquote ../spike_main -iquote ../spike_dasm  -c ../softfloat/f64_to_i64.c
gcc -MMD -MP  -DPREFIX=\"/work/riscv\" -Wall -Wno-unused -Wno-nonportable-include-path -g -O2 -fPIC -g -O2   -iquote . -I.. -iquote ../fesvr -iquote ../riscv -iquote ../disasm -iquote ../customext -iquote ../fdt -iquote ../softfloat -iquote ../spike_main -iquote ../spike_dasm  -c ../softfloat/f64_to_i64_r_minMag.c
gcc -MMD -MP  -DPREFIX=\"/work/riscv\" -Wall -Wno-unused -Wno-nonportable-include-path -g -O2 -fPIC -g -O2   -iquote . -I.. -iquote ../fesvr -iquote ../riscv -iquote ../disasm -iquote ../customext -iquote ../fdt -iquote ../softfloat -iquote ../spike_main -iquote ../spike_dasm  -c ../softfloat/f64_to_ui32.c
gcc -MMD -MP  -DPREFIX=\"/work/riscv\" -Wall -Wno-unused -Wno-nonportable-include-path -g -O2 -fPIC -g -O2   -iquote . -I.. -iquote ../fesvr -iquote ../riscv -iquote ../disasm -iquote ../customext -iquote ../fdt -iquote ../softfloat -iquote ../spike_main -iquote ../spike_dasm  -c ../softfloat/f64_to_ui32_r_minMag.c
gcc -MMD -MP  -DPREFIX=\"/work/riscv\" -Wall -Wno-unused -Wno-nonportable-include-path -g -O2 -fPIC -g -O2   -iquote . -I.. -iquote ../fesvr -iquote ../riscv -iquote ../disasm -iquote ../customext -iquote ../fdt -iquote ../softfloat -iquote ../spike_main -iquote ../spike_dasm  -c ../softfloat/f64_to_ui64.c
gcc -MMD -MP  -DPREFIX=\"/work/riscv\" -Wall -Wno-unused -Wno-nonportable-include-path -g -O2 -fPIC -g -O2   -iquote . -I.. -iquote ../fesvr -iquote ../riscv -iquote ../disasm -iquote ../customext -iquote ../fdt -iquote ../softfloat -iquote ../spike_main -iquote ../spike_dasm  -c ../softfloat/f64_to_ui64_r_minMag.c
gcc -MMD -MP  -DPREFIX=\"/work/riscv\" -Wall -Wno-unused -Wno-nonportable-include-path -g -O2 -fPIC -g -O2   -iquote . -I.. -iquote ../fesvr -iquote ../riscv -iquote ../disasm -iquote ../customext -iquote ../fdt -iquote ../softfloat -iquote ../spike_main -iquote ../spike_dasm  -c ../softfloat/fall_maxmin.c
gcc -MMD -MP  -DPREFIX=\"/work/riscv\" -Wall -Wno-unused -Wno-nonportable-include-path -g -O2 -fPIC -g -O2   -iquote . -I.. -iquote ../fesvr -iquote ../riscv -iquote ../disasm -iquote ../customext -iquote ../fdt -iquote ../softfloat -iquote ../spike_main -iquote ../spike_dasm  -c ../softfloat/fall_reciprocal.c
gcc -MMD -MP  -DPREFIX=\"/work/riscv\" -Wall -Wno-unused -Wno-nonportable-include-path -g -O2 -fPIC -g -O2   -iquote . -I.. -iquote ../fesvr -iquote ../riscv -iquote ../disasm -iquote ../customext -iquote ../fdt -iquote ../softfloat -iquote ../spike_main -iquote ../spike_dasm  -c ../softfloat/i32_to_f128.c
gcc -MMD -MP  -DPREFIX=\"/work/riscv\" -Wall -Wno-unused -Wno-nonportable-include-path -g -O2 -fPIC -g -O2   -iquote . -I.. -iquote ../fesvr -iquote ../riscv -iquote ../disasm -iquote ../customext -iquote ../fdt -iquote ../softfloat -iquote ../spike_main -iquote ../spike_dasm  -c ../softfloat/i32_to_f16.c
gcc -MMD -MP  -DPREFIX=\"/work/riscv\" -Wall -Wno-unused -Wno-nonportable-include-path -g -O2 -fPIC -g -O2   -iquote . -I.. -iquote ../fesvr -iquote ../riscv -iquote ../disasm -iquote ../customext -iquote ../fdt -iquote ../softfloat -iquote ../spike_main -iquote ../spike_dasm  -c ../softfloat/i32_to_f32.c
gcc -MMD -MP  -DPREFIX=\"/work/riscv\" -Wall -Wno-unused -Wno-nonportable-include-path -g -O2 -fPIC -g -O2   -iquote . -I.. -iquote ../fesvr -iquote ../riscv -iquote ../disasm -iquote ../customext -iquote ../fdt -iquote ../softfloat -iquote ../spike_main -iquote ../spike_dasm  -c ../softfloat/i32_to_f64.c
gcc -MMD -MP  -DPREFIX=\"/work/riscv\" -Wall -Wno-unused -Wno-nonportable-include-path -g -O2 -fPIC -g -O2   -iquote . -I.. -iquote ../fesvr -iquote ../riscv -iquote ../disasm -iquote ../customext -iquote ../fdt -iquote ../softfloat -iquote ../spike_main -iquote ../spike_dasm  -c ../softfloat/i64_to_f128.c
gcc -MMD -MP  -DPREFIX=\"/work/riscv\" -Wall -Wno-unused -Wno-nonportable-include-path -g -O2 -fPIC -g -O2   -iquote . -I.. -iquote ../fesvr -iquote ../riscv -iquote ../disasm -iquote ../customext -iquote ../fdt -iquote ../softfloat -iquote ../spike_main -iquote ../spike_dasm  -c ../softfloat/i64_to_f16.c
gcc -MMD -MP  -DPREFIX=\"/work/riscv\" -Wall -Wno-unused -Wno-nonportable-include-path -g -O2 -fPIC -g -O2   -iquote . -I.. -iquote ../fesvr -iquote ../riscv -iquote ../disasm -iquote ../customext -iquote ../fdt -iquote ../softfloat -iquote ../spike_main -iquote ../spike_dasm  -c ../softfloat/i64_to_f32.c
gcc -MMD -MP  -DPREFIX=\"/work/riscv\" -Wall -Wno-unused -Wno-nonportable-include-path -g -O2 -fPIC -g -O2   -iquote . -I.. -iquote ../fesvr -iquote ../riscv -iquote ../disasm -iquote ../customext -iquote ../fdt -iquote ../softfloat -iquote ../spike_main -iquote ../spike_dasm  -c ../softfloat/i64_to_f64.c
gcc -MMD -MP  -DPREFIX=\"/work/riscv\" -Wall -Wno-unused -Wno-nonportable-include-path -g -O2 -fPIC -g -O2   -iquote . -I.. -iquote ../fesvr -iquote ../riscv -iquote ../disasm -iquote ../customext -iquote ../fdt -iquote ../softfloat -iquote ../spike_main -iquote ../spike_dasm  -c ../softfloat/s_add128.c
gcc -MMD -MP  -DPREFIX=\"/work/riscv\" -Wall -Wno-unused -Wno-nonportable-include-path -g -O2 -fPIC -g -O2   -iquote . -I.. -iquote ../fesvr -iquote ../riscv -iquote ../disasm -iquote ../customext -iquote ../fdt -iquote ../softfloat -iquote ../spike_main -iquote ../spike_dasm  -c ../softfloat/s_add256M.c
gcc -MMD -MP  -DPREFIX=\"/work/riscv\" -Wall -Wno-unused -Wno-nonportable-include-path -g -O2 -fPIC -g -O2   -iquote . -I.. -iquote ../fesvr -iquote ../riscv -iquote ../disasm -iquote ../customext -iquote ../fdt -iquote ../softfloat -iquote ../spike_main -iquote ../spike_dasm  -c ../softfloat/s_addCarryM.c
gcc -MMD -MP  -DPREFIX=\"/work/riscv\" -Wall -Wno-unused -Wno-nonportable-include-path -g -O2 -fPIC -g -O2   -iquote . -I.. -iquote ../fesvr -iquote ../riscv -iquote ../disasm -iquote ../customext -iquote ../fdt -iquote ../softfloat -iquote ../spike_main -iquote ../spike_dasm  -c ../softfloat/s_addComplCarryM.c
gcc -MMD -MP  -DPREFIX=\"/work/riscv\" -Wall -Wno-unused -Wno-nonportable-include-path -g -O2 -fPIC -g -O2   -iquote . -I.. -iquote ../fesvr -iquote ../riscv -iquote ../disasm -iquote ../customext -iquote ../fdt -iquote ../softfloat -iquote ../spike_main -iquote ../spike_dasm  -c ../softfloat/s_addMagsF128.c
gcc -MMD -MP  -DPREFIX=\"/work/riscv\" -Wall -Wno-unused -Wno-nonportable-include-path -g -O2 -fPIC -g -O2   -iquote . -I.. -iquote ../fesvr -iquote ../riscv -iquote ../disasm -iquote ../customext -iquote ../fdt -iquote ../softfloat -iquote ../spike_main -iquote ../spike_dasm  -c ../softfloat/s_addMagsF16.c
gcc -MMD -MP  -DPREFIX=\"/work/riscv\" -Wall -Wno-unused -Wno-nonportable-include-path -g -O2 -fPIC -g -O2   -iquote . -I.. -iquote ../fesvr -iquote ../riscv -iquote ../disasm -iquote ../customext -iquote ../fdt -iquote ../softfloat -iquote ../spike_main -iquote ../spike_dasm  -c ../softfloat/s_addMagsF32.c
gcc -MMD -MP  -DPREFIX=\"/work/riscv\" -Wall -Wno-unused -Wno-nonportable-include-path -g -O2 -fPIC -g -O2   -iquote . -I.. -iquote ../fesvr -iquote ../riscv -iquote ../disasm -iquote ../customext -iquote ../fdt -iquote ../softfloat -iquote ../spike_main -iquote ../spike_dasm  -c ../softfloat/s_addMagsF64.c
gcc -MMD -MP  -DPREFIX=\"/work/riscv\" -Wall -Wno-unused -Wno-nonportable-include-path -g -O2 -fPIC -g -O2   -iquote . -I.. -iquote ../fesvr -iquote ../riscv -iquote ../disasm -iquote ../customext -iquote ../fdt -iquote ../softfloat -iquote ../spike_main -iquote ../spike_dasm  -c ../softfloat/s_addM.c
gcc -MMD -MP  -DPREFIX=\"/work/riscv\" -Wall -Wno-unused -Wno-nonportable-include-path -g -O2 -fPIC -g -O2   -iquote . -I.. -iquote ../fesvr -iquote ../riscv -iquote ../disasm -iquote ../customext -iquote ../fdt -iquote ../softfloat -iquote ../spike_main -iquote ../spike_dasm  -c ../softfloat/s_approxRecip_1Ks.c
gcc -MMD -MP  -DPREFIX=\"/work/riscv\" -Wall -Wno-unused -Wno-nonportable-include-path -g -O2 -fPIC -g -O2   -iquote . -I.. -iquote ../fesvr -iquote ../riscv -iquote ../disasm -iquote ../customext -iquote ../fdt -iquote ../softfloat -iquote ../spike_main -iquote ../spike_dasm  -c ../softfloat/s_approxRecip32_1.c
gcc -MMD -MP  -DPREFIX=\"/work/riscv\" -Wall -Wno-unused -Wno-nonportable-include-path -g -O2 -fPIC -g -O2   -iquote . -I.. -iquote ../fesvr -iquote ../riscv -iquote ../disasm -iquote ../customext -iquote ../fdt -iquote ../softfloat -iquote ../spike_main -iquote ../spike_dasm  -c ../softfloat/s_approxRecipSqrt_1Ks.c
gcc -MMD -MP  -DPREFIX=\"/work/riscv\" -Wall -Wno-unused -Wno-nonportable-include-path -g -O2 -fPIC -g -O2   -iquote . -I.. -iquote ../fesvr -iquote ../riscv -iquote ../disasm -iquote ../customext -iquote ../fdt -iquote ../softfloat -iquote ../spike_main -iquote ../spike_dasm  -c ../softfloat/s_approxRecipSqrt32_1.c
gcc -MMD -MP  -DPREFIX=\"/work/riscv\" -Wall -Wno-unused -Wno-nonportable-include-path -g -O2 -fPIC -g -O2   -iquote . -I.. -iquote ../fesvr -iquote ../riscv -iquote ../disasm -iquote ../customext -iquote ../fdt -iquote ../softfloat -iquote ../spike_main -iquote ../spike_dasm  -c ../softfloat/s_commonNaNToF32UI.c
gcc -MMD -MP  -DPREFIX=\"/work/riscv\" -Wall -Wno-unused -Wno-nonportable-include-path -g -O2 -fPIC -g -O2   -iquote . -I.. -iquote ../fesvr -iquote ../riscv -iquote ../disasm -iquote ../customext -iquote ../fdt -iquote ../softfloat -iquote ../spike_main -iquote ../spike_dasm  -c ../softfloat/s_commonNaNToF64UI.c
gcc -MMD -MP  -DPREFIX=\"/work/riscv\" -Wall -Wno-unused -Wno-nonportable-include-path -g -O2 -fPIC -g -O2   -iquote . -I.. -iquote ../fesvr -iquote ../riscv -iquote ../disasm -iquote ../customext -iquote ../fdt -iquote ../softfloat -iquote ../spike_main -iquote ../spike_dasm  -c ../softfloat/s_compare128M.c
gcc -MMD -MP  -DPREFIX=\"/work/riscv\" -Wall -Wno-unused -Wno-nonportable-include-path -g -O2 -fPIC -g -O2   -iquote . -I.. -iquote ../fesvr -iquote ../riscv -iquote ../disasm -iquote ../customext -iquote ../fdt -iquote ../softfloat -iquote ../spike_main -iquote ../spike_dasm  -c ../softfloat/s_compare96M.c
gcc -MMD -MP  -DPREFIX=\"/work/riscv\" -Wall -Wno-unused -Wno-nonportable-include-path -g -O2 -fPIC -g -O2   -iquote . -I.. -iquote ../fesvr -iquote ../riscv -iquote ../disasm -iquote ../customext -iquote ../fdt -iquote ../softfloat -iquote ../spike_main -iquote ../spike_dasm  -c ../softfloat/s_countLeadingZeros16.c
gcc -MMD -MP  -DPREFIX=\"/work/riscv\" -Wall -Wno-unused -Wno-nonportable-include-path -g -O2 -fPIC -g -O2   -iquote . -I.. -iquote ../fesvr -iquote ../riscv -iquote ../disasm -iquote ../customext -iquote ../fdt -iquote ../softfloat -iquote ../spike_main -iquote ../spike_dasm  -c ../softfloat/s_countLeadingZeros32.c
gcc -MMD -MP  -DPREFIX=\"/work/riscv\" -Wall -Wno-unused -Wno-nonportable-include-path -g -O2 -fPIC -g -O2   -iquote . -I.. -iquote ../fesvr -iquote ../riscv -iquote ../disasm -iquote ../customext -iquote ../fdt -iquote ../softfloat -iquote ../spike_main -iquote ../spike_dasm  -c ../softfloat/s_countLeadingZeros64.c
gcc -MMD -MP  -DPREFIX=\"/work/riscv\" -Wall -Wno-unused -Wno-nonportable-include-path -g -O2 -fPIC -g -O2   -iquote . -I.. -iquote ../fesvr -iquote ../riscv -iquote ../disasm -iquote ../customext -iquote ../fdt -iquote ../softfloat -iquote ../spike_main -iquote ../spike_dasm  -c ../softfloat/s_countLeadingZeros8.c
gcc -MMD -MP  -DPREFIX=\"/work/riscv\" -Wall -Wno-unused -Wno-nonportable-include-path -g -O2 -fPIC -g -O2   -iquote . -I.. -iquote ../fesvr -iquote ../riscv -iquote ../disasm -iquote ../customext -iquote ../fdt -iquote ../softfloat -iquote ../spike_main -iquote ../spike_dasm  -c ../softfloat/s_eq128.c
gcc -MMD -MP  -DPREFIX=\"/work/riscv\" -Wall -Wno-unused -Wno-nonportable-include-path -g -O2 -fPIC -g -O2   -iquote . -I.. -iquote ../fesvr -iquote ../riscv -iquote ../disasm -iquote ../customext -iquote ../fdt -iquote ../softfloat -iquote ../spike_main -iquote ../spike_dasm  -c ../softfloat/s_f32UIToCommonNaN.c
gcc -MMD -MP  -DPREFIX=\"/work/riscv\" -Wall -Wno-unused -Wno-nonportable-include-path -g -O2 -fPIC -g -O2   -iquote . -I.. -iquote ../fesvr -iquote ../riscv -iquote ../disasm -iquote ../customext -iquote ../fdt -iquote ../softfloat -iquote ../spike_main -iquote ../spike_dasm  -c ../softfloat/s_f64UIToCommonNaN.c
gcc -MMD -MP  -DPREFIX=\"/work/riscv\" -Wall -Wno-unused -Wno-nonportable-include-path -g -O2 -fPIC -g -O2   -iquote . -I.. -iquote ../fesvr -iquote ../riscv -iquote ../disasm -iquote ../customext -iquote ../fdt -iquote ../softfloat -iquote ../spike_main -iquote ../spike_dasm  -c ../softfloat/s_le128.c
gcc -MMD -MP  -DPREFIX=\"/work/riscv\" -Wall -Wno-unused -Wno-nonportable-include-path -g -O2 -fPIC -g -O2   -iquote . -I.. -iquote ../fesvr -iquote ../riscv -iquote ../disasm -iquote ../customext -iquote ../fdt -iquote ../softfloat -iquote ../spike_main -iquote ../spike_dasm  -c ../softfloat/s_lt128.c
gcc -MMD -MP  -DPREFIX=\"/work/riscv\" -Wall -Wno-unused -Wno-nonportable-include-path -g -O2 -fPIC -g -O2   -iquote . -I.. -iquote ../fesvr -iquote ../riscv -iquote ../disasm -iquote ../customext -iquote ../fdt -iquote ../softfloat -iquote ../spike_main -iquote ../spike_dasm  -c ../softfloat/s_mul128By32.c
gcc -MMD -MP  -DPREFIX=\"/work/riscv\" -Wall -Wno-unused -Wno-nonportable-include-path -g -O2 -fPIC -g -O2   -iquote . -I.. -iquote ../fesvr -iquote ../riscv -iquote ../disasm -iquote ../customext -iquote ../fdt -iquote ../softfloat -iquote ../spike_main -iquote ../spike_dasm  -c ../softfloat/s_mul128MTo256M.c
gcc -MMD -MP  -DPREFIX=\"/work/riscv\" -Wall -Wno-unused -Wno-nonportable-include-path -g -O2 -fPIC -g -O2   -iquote . -I.. -iquote ../fesvr -iquote ../riscv -iquote ../disasm -iquote ../customext -iquote ../fdt -iquote ../softfloat -iquote ../spike_main -iquote ../spike_dasm  -c ../softfloat/s_mul128To256M.c
gcc -MMD -MP  -DPREFIX=\"/work/riscv\" -Wall -Wno-unused -Wno-nonportable-include-path -g -O2 -fPIC -g -O2   -iquote . -I.. -iquote ../fesvr -iquote ../riscv -iquote ../disasm -iquote ../customext -iquote ../fdt -iquote ../softfloat -iquote ../spike_main -iquote ../spike_dasm  -c ../softfloat/s_mul64ByShifted32To128.c
gcc -MMD -MP  -DPREFIX=\"/work/riscv\" -Wall -Wno-unused -Wno-nonportable-include-path -g -O2 -fPIC -g -O2   -iquote . -I.. -iquote ../fesvr -iquote ../riscv -iquote ../disasm -iquote ../customext -iquote ../fdt -iquote ../softfloat -iquote ../spike_main -iquote ../spike_dasm  -c ../softfloat/s_mul64To128.c
gcc -MMD -MP  -DPREFIX=\"/work/riscv\" -Wall -Wno-unused -Wno-nonportable-include-path -g -O2 -fPIC -g -O2   -iquote . -I.. -iquote ../fesvr -iquote ../riscv -iquote ../disasm -iquote ../customext -iquote ../fdt -iquote ../softfloat -iquote ../spike_main -iquote ../spike_dasm  -c ../softfloat/s_mul64To128M.c
gcc -MMD -MP  -DPREFIX=\"/work/riscv\" -Wall -Wno-unused -Wno-nonportable-include-path -g -O2 -fPIC -g -O2   -iquote . -I.. -iquote ../fesvr -iquote ../riscv -iquote ../disasm -iquote ../customext -iquote ../fdt -iquote ../softfloat -iquote ../spike_main -iquote ../spike_dasm  -c ../softfloat/s_mulAddF128.c
gcc -MMD -MP  -DPREFIX=\"/work/riscv\" -Wall -Wno-unused -Wno-nonportable-include-path -g -O2 -fPIC -g -O2   -iquote . -I.. -iquote ../fesvr -iquote ../riscv -iquote ../disasm -iquote ../customext -iquote ../fdt -iquote ../softfloat -iquote ../spike_main -iquote ../spike_dasm  -c ../softfloat/s_mulAddF16.c
gcc -MMD -MP  -DPREFIX=\"/work/riscv\" -Wall -Wno-unused -Wno-nonportable-include-path -g -O2 -fPIC -g -O2   -iquote . -I.. -iquote ../fesvr -iquote ../riscv -iquote ../disasm -iquote ../customext -iquote ../fdt -iquote ../softfloat -iquote ../spike_main -iquote ../spike_dasm  -c ../softfloat/s_mulAddF32.c
gcc -MMD -MP  -DPREFIX=\"/work/riscv\" -Wall -Wno-unused -Wno-nonportable-include-path -g -O2 -fPIC -g -O2   -iquote . -I.. -iquote ../fesvr -iquote ../riscv -iquote ../disasm -iquote ../customext -iquote ../fdt -iquote ../softfloat -iquote ../spike_main -iquote ../spike_dasm  -c ../softfloat/s_mulAddF64.c
gcc -MMD -MP  -DPREFIX=\"/work/riscv\" -Wall -Wno-unused -Wno-nonportable-include-path -g -O2 -fPIC -g -O2   -iquote . -I.. -iquote ../fesvr -iquote ../riscv -iquote ../disasm -iquote ../customext -iquote ../fdt -iquote ../softfloat -iquote ../spike_main -iquote ../spike_dasm  -c ../softfloat/s_negXM.c
gcc -MMD -MP  -DPREFIX=\"/work/riscv\" -Wall -Wno-unused -Wno-nonportable-include-path -g -O2 -fPIC -g -O2   -iquote . -I.. -iquote ../fesvr -iquote ../riscv -iquote ../disasm -iquote ../customext -iquote ../fdt -iquote ../softfloat -iquote ../spike_main -iquote ../spike_dasm  -c ../softfloat/s_normRoundPackToF128.c
gcc -MMD -MP  -DPREFIX=\"/work/riscv\" -Wall -Wno-unused -Wno-nonportable-include-path -g -O2 -fPIC -g -O2   -iquote . -I.. -iquote ../fesvr -iquote ../riscv -iquote ../disasm -iquote ../customext -iquote ../fdt -iquote ../softfloat -iquote ../spike_main -iquote ../spike_dasm  -c ../softfloat/s_normRoundPackToF16.c
gcc -MMD -MP  -DPREFIX=\"/work/riscv\" -Wall -Wno-unused -Wno-nonportable-include-path -g -O2 -fPIC -g -O2   -iquote . -I.. -iquote ../fesvr -iquote ../riscv -iquote ../disasm -iquote ../customext -iquote ../fdt -iquote ../softfloat -iquote ../spike_main -iquote ../spike_dasm  -c ../softfloat/s_normRoundPackToF32.c
gcc -MMD -MP  -DPREFIX=\"/work/riscv\" -Wall -Wno-unused -Wno-nonportable-include-path -g -O2 -fPIC -g -O2   -iquote . -I.. -iquote ../fesvr -iquote ../riscv -iquote ../disasm -iquote ../customext -iquote ../fdt -iquote ../softfloat -iquote ../spike_main -iquote ../spike_dasm  -c ../softfloat/s_normRoundPackToF64.c
gcc -MMD -MP  -DPREFIX=\"/work/riscv\" -Wall -Wno-unused -Wno-nonportable-include-path -g -O2 -fPIC -g -O2   -iquote . -I.. -iquote ../fesvr -iquote ../riscv -iquote ../disasm -iquote ../customext -iquote ../fdt -iquote ../softfloat -iquote ../spike_main -iquote ../spike_dasm  -c ../softfloat/s_normSubnormalF128Sig.c
gcc -MMD -MP  -DPREFIX=\"/work/riscv\" -Wall -Wno-unused -Wno-nonportable-include-path -g -O2 -fPIC -g -O2   -iquote . -I.. -iquote ../fesvr -iquote ../riscv -iquote ../disasm -iquote ../customext -iquote ../fdt -iquote ../softfloat -iquote ../spike_main -iquote ../spike_dasm  -c ../softfloat/s_normSubnormalF16Sig.c
gcc -MMD -MP  -DPREFIX=\"/work/riscv\" -Wall -Wno-unused -Wno-nonportable-include-path -g -O2 -fPIC -g -O2   -iquote . -I.. -iquote ../fesvr -iquote ../riscv -iquote ../disasm -iquote ../customext -iquote ../fdt -iquote ../softfloat -iquote ../spike_main -iquote ../spike_dasm  -c ../softfloat/s_normSubnormalF32Sig.c
gcc -MMD -MP  -DPREFIX=\"/work/riscv\" -Wall -Wno-unused -Wno-nonportable-include-path -g -O2 -fPIC -g -O2   -iquote . -I.. -iquote ../fesvr -iquote ../riscv -iquote ../disasm -iquote ../customext -iquote ../fdt -iquote ../softfloat -iquote ../spike_main -iquote ../spike_dasm  -c ../softfloat/s_normSubnormalF64Sig.c
gcc -MMD -MP  -DPREFIX=\"/work/riscv\" -Wall -Wno-unused -Wno-nonportable-include-path -g -O2 -fPIC -g -O2   -iquote . -I.. -iquote ../fesvr -iquote ../riscv -iquote ../disasm -iquote ../customext -iquote ../fdt -iquote ../softfloat -iquote ../spike_main -iquote ../spike_dasm  -c ../softfloat/softfloat_raiseFlags.c
gcc -MMD -MP  -DPREFIX=\"/work/riscv\" -Wall -Wno-unused -Wno-nonportable-include-path -g -O2 -fPIC -g -O2   -iquote . -I.. -iquote ../fesvr -iquote ../riscv -iquote ../disasm -iquote ../customext -iquote ../fdt -iquote ../softfloat -iquote ../spike_main -iquote ../spike_dasm  -c ../softfloat/softfloat_state.c
gcc -MMD -MP  -DPREFIX=\"/work/riscv\" -Wall -Wno-unused -Wno-nonportable-include-path -g -O2 -fPIC -g -O2   -iquote . -I.. -iquote ../fesvr -iquote ../riscv -iquote ../disasm -iquote ../customext -iquote ../fdt -iquote ../softfloat -iquote ../spike_main -iquote ../spike_dasm  -c ../softfloat/s_propagateNaNF16UI.c
gcc -MMD -MP  -DPREFIX=\"/work/riscv\" -Wall -Wno-unused -Wno-nonportable-include-path -g -O2 -fPIC -g -O2   -iquote . -I.. -iquote ../fesvr -iquote ../riscv -iquote ../disasm -iquote ../customext -iquote ../fdt -iquote ../softfloat -iquote ../spike_main -iquote ../spike_dasm  -c ../softfloat/s_propagateNaNF32UI.c
gcc -MMD -MP  -DPREFIX=\"/work/riscv\" -Wall -Wno-unused -Wno-nonportable-include-path -g -O2 -fPIC -g -O2   -iquote . -I.. -iquote ../fesvr -iquote ../riscv -iquote ../disasm -iquote ../customext -iquote ../fdt -iquote ../softfloat -iquote ../spike_main -iquote ../spike_dasm  -c ../softfloat/s_propagateNaNF64UI.c
gcc -MMD -MP  -DPREFIX=\"/work/riscv\" -Wall -Wno-unused -Wno-nonportable-include-path -g -O2 -fPIC -g -O2   -iquote . -I.. -iquote ../fesvr -iquote ../riscv -iquote ../disasm -iquote ../customext -iquote ../fdt -iquote ../softfloat -iquote ../spike_main -iquote ../spike_dasm  -c ../softfloat/s_propagateNaNF128UI.c
gcc -MMD -MP  -DPREFIX=\"/work/riscv\" -Wall -Wno-unused -Wno-nonportable-include-path -g -O2 -fPIC -g -O2   -iquote . -I.. -iquote ../fesvr -iquote ../riscv -iquote ../disasm -iquote ../customext -iquote ../fdt -iquote ../softfloat -iquote ../spike_main -iquote ../spike_dasm  -c ../softfloat/s_remStepMBy32.c
gcc -MMD -MP  -DPREFIX=\"/work/riscv\" -Wall -Wno-unused -Wno-nonportable-include-path -g -O2 -fPIC -g -O2   -iquote . -I.. -iquote ../fesvr -iquote ../riscv -iquote ../disasm -iquote ../customext -iquote ../fdt -iquote ../softfloat -iquote ../spike_main -iquote ../spike_dasm  -c ../softfloat/s_roundMToI64.c
gcc -MMD -MP  -DPREFIX=\"/work/riscv\" -Wall -Wno-unused -Wno-nonportable-include-path -g -O2 -fPIC -g -O2   -iquote . -I.. -iquote ../fesvr -iquote ../riscv -iquote ../disasm -iquote ../customext -iquote ../fdt -iquote ../softfloat -iquote ../spike_main -iquote ../spike_dasm  -c ../softfloat/s_roundMToUI64.c
gcc -MMD -MP  -DPREFIX=\"/work/riscv\" -Wall -Wno-unused -Wno-nonportable-include-path -g -O2 -fPIC -g -O2   -iquote . -I.. -iquote ../fesvr -iquote ../riscv -iquote ../disasm -iquote ../customext -iquote ../fdt -iquote ../softfloat -iquote ../spike_main -iquote ../spike_dasm  -c ../softfloat/s_roundPackMToI64.c
gcc -MMD -MP  -DPREFIX=\"/work/riscv\" -Wall -Wno-unused -Wno-nonportable-include-path -g -O2 -fPIC -g -O2   -iquote . -I.. -iquote ../fesvr -iquote ../riscv -iquote ../disasm -iquote ../customext -iquote ../fdt -iquote ../softfloat -iquote ../spike_main -iquote ../spike_dasm  -c ../softfloat/s_roundPackMToUI64.c
gcc -MMD -MP  -DPREFIX=\"/work/riscv\" -Wall -Wno-unused -Wno-nonportable-include-path -g -O2 -fPIC -g -O2   -iquote . -I.. -iquote ../fesvr -iquote ../riscv -iquote ../disasm -iquote ../customext -iquote ../fdt -iquote ../softfloat -iquote ../spike_main -iquote ../spike_dasm  -c ../softfloat/s_roundPackToBF16.c
gcc -MMD -MP  -DPREFIX=\"/work/riscv\" -Wall -Wno-unused -Wno-nonportable-include-path -g -O2 -fPIC -g -O2   -iquote . -I.. -iquote ../fesvr -iquote ../riscv -iquote ../disasm -iquote ../customext -iquote ../fdt -iquote ../softfloat -iquote ../spike_main -iquote ../spike_dasm  -c ../softfloat/s_roundPackToF128.c
gcc -MMD -MP  -DPREFIX=\"/work/riscv\" -Wall -Wno-unused -Wno-nonportable-include-path -g -O2 -fPIC -g -O2   -iquote . -I.. -iquote ../fesvr -iquote ../riscv -iquote ../disasm -iquote ../customext -iquote ../fdt -iquote ../softfloat -iquote ../spike_main -iquote ../spike_dasm  -c ../softfloat/s_roundPackToF16.c
gcc -MMD -MP  -DPREFIX=\"/work/riscv\" -Wall -Wno-unused -Wno-nonportable-include-path -g -O2 -fPIC -g -O2   -iquote . -I.. -iquote ../fesvr -iquote ../riscv -iquote ../disasm -iquote ../customext -iquote ../fdt -iquote ../softfloat -iquote ../spike_main -iquote ../spike_dasm  -c ../softfloat/s_roundPackToF32.c
gcc -MMD -MP  -DPREFIX=\"/work/riscv\" -Wall -Wno-unused -Wno-nonportable-include-path -g -O2 -fPIC -g -O2   -iquote . -I.. -iquote ../fesvr -iquote ../riscv -iquote ../disasm -iquote ../customext -iquote ../fdt -iquote ../softfloat -iquote ../spike_main -iquote ../spike_dasm  -c ../softfloat/s_roundPackToF64.c
gcc -MMD -MP  -DPREFIX=\"/work/riscv\" -Wall -Wno-unused -Wno-nonportable-include-path -g -O2 -fPIC -g -O2   -iquote . -I.. -iquote ../fesvr -iquote ../riscv -iquote ../disasm -iquote ../customext -iquote ../fdt -iquote ../softfloat -iquote ../spike_main -iquote ../spike_dasm  -c ../softfloat/s_roundPackToI32.c
gcc -MMD -MP  -DPREFIX=\"/work/riscv\" -Wall -Wno-unused -Wno-nonportable-include-path -g -O2 -fPIC -g -O2   -iquote . -I.. -iquote ../fesvr -iquote ../riscv -iquote ../disasm -iquote ../customext -iquote ../fdt -iquote ../softfloat -iquote ../spike_main -iquote ../spike_dasm  -c ../softfloat/s_roundPackToI64.c
gcc -MMD -MP  -DPREFIX=\"/work/riscv\" -Wall -Wno-unused -Wno-nonportable-include-path -g -O2 -fPIC -g -O2   -iquote . -I.. -iquote ../fesvr -iquote ../riscv -iquote ../disasm -iquote ../customext -iquote ../fdt -iquote ../softfloat -iquote ../spike_main -iquote ../spike_dasm  -c ../softfloat/s_roundPackToUI32.c
gcc -MMD -MP  -DPREFIX=\"/work/riscv\" -Wall -Wno-unused -Wno-nonportable-include-path -g -O2 -fPIC -g -O2   -iquote . -I.. -iquote ../fesvr -iquote ../riscv -iquote ../disasm -iquote ../customext -iquote ../fdt -iquote ../softfloat -iquote ../spike_main -iquote ../spike_dasm  -c ../softfloat/s_roundPackToUI64.c
gcc -MMD -MP  -DPREFIX=\"/work/riscv\" -Wall -Wno-unused -Wno-nonportable-include-path -g -O2 -fPIC -g -O2   -iquote . -I.. -iquote ../fesvr -iquote ../riscv -iquote ../disasm -iquote ../customext -iquote ../fdt -iquote ../softfloat -iquote ../spike_main -iquote ../spike_dasm  -c ../softfloat/s_roundToI32.c
gcc -MMD -MP  -DPREFIX=\"/work/riscv\" -Wall -Wno-unused -Wno-nonportable-include-path -g -O2 -fPIC -g -O2   -iquote . -I.. -iquote ../fesvr -iquote ../riscv -iquote ../disasm -iquote ../customext -iquote ../fdt -iquote ../softfloat -iquote ../spike_main -iquote ../spike_dasm  -c ../softfloat/s_roundToI64.c
gcc -MMD -MP  -DPREFIX=\"/work/riscv\" -Wall -Wno-unused -Wno-nonportable-include-path -g -O2 -fPIC -g -O2   -iquote . -I.. -iquote ../fesvr -iquote ../riscv -iquote ../disasm -iquote ../customext -iquote ../fdt -iquote ../softfloat -iquote ../spike_main -iquote ../spike_dasm  -c ../softfloat/s_roundToUI32.c
gcc -MMD -MP  -DPREFIX=\"/work/riscv\" -Wall -Wno-unused -Wno-nonportable-include-path -g -O2 -fPIC -g -O2   -iquote . -I.. -iquote ../fesvr -iquote ../riscv -iquote ../disasm -iquote ../customext -iquote ../fdt -iquote ../softfloat -iquote ../spike_main -iquote ../spike_dasm  -c ../softfloat/s_roundToUI64.c
gcc -MMD -MP  -DPREFIX=\"/work/riscv\" -Wall -Wno-unused -Wno-nonportable-include-path -g -O2 -fPIC -g -O2   -iquote . -I.. -iquote ../fesvr -iquote ../riscv -iquote ../disasm -iquote ../customext -iquote ../fdt -iquote ../softfloat -iquote ../spike_main -iquote ../spike_dasm  -c ../softfloat/s_shiftRightJam128.c
gcc -MMD -MP  -DPREFIX=\"/work/riscv\" -Wall -Wno-unused -Wno-nonportable-include-path -g -O2 -fPIC -g -O2   -iquote . -I.. -iquote ../fesvr -iquote ../riscv -iquote ../disasm -iquote ../customext -iquote ../fdt -iquote ../softfloat -iquote ../spike_main -iquote ../spike_dasm  -c ../softfloat/s_shiftRightJam128Extra.c
gcc -MMD -MP  -DPREFIX=\"/work/riscv\" -Wall -Wno-unused -Wno-nonportable-include-path -g -O2 -fPIC -g -O2   -iquote . -I.. -iquote ../fesvr -iquote ../riscv -iquote ../disasm -iquote ../customext -iquote ../fdt -iquote ../softfloat -iquote ../spike_main -iquote ../spike_dasm  -c ../softfloat/s_shiftRightJam256M.c
gcc -MMD -MP  -DPREFIX=\"/work/riscv\" -Wall -Wno-unused -Wno-nonportable-include-path -g -O2 -fPIC -g -O2   -iquote . -I.. -iquote ../fesvr -iquote ../riscv -iquote ../disasm -iquote ../customext -iquote ../fdt -iquote ../softfloat -iquote ../spike_main -iquote ../spike_dasm  -c ../softfloat/s_shiftRightJam32.c
gcc -MMD -MP  -DPREFIX=\"/work/riscv\" -Wall -Wno-unused -Wno-nonportable-include-path -g -O2 -fPIC -g -O2   -iquote . -I.. -iquote ../fesvr -iquote ../riscv -iquote ../disasm -iquote ../customext -iquote ../fdt -iquote ../softfloat -iquote ../spike_main -iquote ../spike_dasm  -c ../softfloat/s_shiftRightJam64.c
gcc -MMD -MP  -DPREFIX=\"/work/riscv\" -Wall -Wno-unused -Wno-nonportable-include-path -g -O2 -fPIC -g -O2   -iquote . -I.. -iquote ../fesvr -iquote ../riscv -iquote ../disasm -iquote ../customext -iquote ../fdt -iquote ../softfloat -iquote ../spike_main -iquote ../spike_dasm  -c ../softfloat/s_shiftRightJam64Extra.c
gcc -MMD -MP  -DPREFIX=\"/work/riscv\" -Wall -Wno-unused -Wno-nonportable-include-path -g -O2 -fPIC -g -O2   -iquote . -I.. -iquote ../fesvr -iquote ../riscv -iquote ../disasm -iquote ../customext -iquote ../fdt -iquote ../softfloat -iquote ../spike_main -iquote ../spike_dasm  -c ../softfloat/s_shortShiftLeft128.c
gcc -MMD -MP  -DPREFIX=\"/work/riscv\" -Wall -Wno-unused -Wno-nonportable-include-path -g -O2 -fPIC -g -O2   -iquote . -I.. -iquote ../fesvr -iquote ../riscv -iquote ../disasm -iquote ../customext -iquote ../fdt -iquote ../softfloat -iquote ../spike_main -iquote ../spike_dasm  -c ../softfloat/s_shortShiftLeft64To96M.c
gcc -MMD -MP  -DPREFIX=\"/work/riscv\" -Wall -Wno-unused -Wno-nonportable-include-path -g -O2 -fPIC -g -O2   -iquote . -I.. -iquote ../fesvr -iquote ../riscv -iquote ../disasm -iquote ../customext -iquote ../fdt -iquote ../softfloat -iquote ../spike_main -iquote ../spike_dasm  -c ../softfloat/s_shortShiftRight128.c
gcc -MMD -MP  -DPREFIX=\"/work/riscv\" -Wall -Wno-unused -Wno-nonportable-include-path -g -O2 -fPIC -g -O2   -iquote . -I.. -iquote ../fesvr -iquote ../riscv -iquote ../disasm -iquote ../customext -iquote ../fdt -iquote ../softfloat -iquote ../spike_main -iquote ../spike_dasm  -c ../softfloat/s_shortShiftRightExtendM.c
gcc -MMD -MP  -DPREFIX=\"/work/riscv\" -Wall -Wno-unused -Wno-nonportable-include-path -g -O2 -fPIC -g -O2   -iquote . -I.. -iquote ../fesvr -iquote ../riscv -iquote ../disasm -iquote ../customext -iquote ../fdt -iquote ../softfloat -iquote ../spike_main -iquote ../spike_dasm  -c ../softfloat/s_shortShiftRightJam128.c
gcc -MMD -MP  -DPREFIX=\"/work/riscv\" -Wall -Wno-unused -Wno-nonportable-include-path -g -O2 -fPIC -g -O2   -iquote . -I.. -iquote ../fesvr -iquote ../riscv -iquote ../disasm -iquote ../customext -iquote ../fdt -iquote ../softfloat -iquote ../spike_main -iquote ../spike_dasm  -c ../softfloat/s_shortShiftRightJam128Extra.c
gcc -MMD -MP  -DPREFIX=\"/work/riscv\" -Wall -Wno-unused -Wno-nonportable-include-path -g -O2 -fPIC -g -O2   -iquote . -I.. -iquote ../fesvr -iquote ../riscv -iquote ../disasm -iquote ../customext -iquote ../fdt -iquote ../softfloat -iquote ../spike_main -iquote ../spike_dasm  -c ../softfloat/s_shortShiftRightJam64.c
gcc -MMD -MP  -DPREFIX=\"/work/riscv\" -Wall -Wno-unused -Wno-nonportable-include-path -g -O2 -fPIC -g -O2   -iquote . -I.. -iquote ../fesvr -iquote ../riscv -iquote ../disasm -iquote ../customext -iquote ../fdt -iquote ../softfloat -iquote ../spike_main -iquote ../spike_dasm  -c ../softfloat/s_shortShiftRightJam64Extra.c
gcc -MMD -MP  -DPREFIX=\"/work/riscv\" -Wall -Wno-unused -Wno-nonportable-include-path -g -O2 -fPIC -g -O2   -iquote . -I.. -iquote ../fesvr -iquote ../riscv -iquote ../disasm -iquote ../customext -iquote ../fdt -iquote ../softfloat -iquote ../spike_main -iquote ../spike_dasm  -c ../softfloat/s_shortShiftRightM.c
gcc -MMD -MP  -DPREFIX=\"/work/riscv\" -Wall -Wno-unused -Wno-nonportable-include-path -g -O2 -fPIC -g -O2   -iquote . -I.. -iquote ../fesvr -iquote ../riscv -iquote ../disasm -iquote ../customext -iquote ../fdt -iquote ../softfloat -iquote ../spike_main -iquote ../spike_dasm  -c ../softfloat/s_sub128.c
gcc -MMD -MP  -DPREFIX=\"/work/riscv\" -Wall -Wno-unused -Wno-nonportable-include-path -g -O2 -fPIC -g -O2   -iquote . -I.. -iquote ../fesvr -iquote ../riscv -iquote ../disasm -iquote ../customext -iquote ../fdt -iquote ../softfloat -iquote ../spike_main -iquote ../spike_dasm  -c ../softfloat/s_sub1XM.c
gcc -MMD -MP  -DPREFIX=\"/work/riscv\" -Wall -Wno-unused -Wno-nonportable-include-path -g -O2 -fPIC -g -O2   -iquote . -I.. -iquote ../fesvr -iquote ../riscv -iquote ../disasm -iquote ../customext -iquote ../fdt -iquote ../softfloat -iquote ../spike_main -iquote ../spike_dasm  -c ../softfloat/s_sub256M.c
gcc -MMD -MP  -DPREFIX=\"/work/riscv\" -Wall -Wno-unused -Wno-nonportable-include-path -g -O2 -fPIC -g -O2   -iquote . -I.. -iquote ../fesvr -iquote ../riscv -iquote ../disasm -iquote ../customext -iquote ../fdt -iquote ../softfloat -iquote ../spike_main -iquote ../spike_dasm  -c ../softfloat/s_subMagsF128.c
gcc -MMD -MP  -DPREFIX=\"/work/riscv\" -Wall -Wno-unused -Wno-nonportable-include-path -g -O2 -fPIC -g -O2   -iquote . -I.. -iquote ../fesvr -iquote ../riscv -iquote ../disasm -iquote ../customext -iquote ../fdt -iquote ../softfloat -iquote ../spike_main -iquote ../spike_dasm  -c ../softfloat/s_subMagsF16.c
gcc -MMD -MP  -DPREFIX=\"/work/riscv\" -Wall -Wno-unused -Wno-nonportable-include-path -g -O2 -fPIC -g -O2   -iquote . -I.. -iquote ../fesvr -iquote ../riscv -iquote ../disasm -iquote ../customext -iquote ../fdt -iquote ../softfloat -iquote ../spike_main -iquote ../spike_dasm  -c ../softfloat/s_subMagsF32.c
gcc -MMD -MP  -DPREFIX=\"/work/riscv\" -Wall -Wno-unused -Wno-nonportable-include-path -g -O2 -fPIC -g -O2   -iquote . -I.. -iquote ../fesvr -iquote ../riscv -iquote ../disasm -iquote ../customext -iquote ../fdt -iquote ../softfloat -iquote ../spike_main -iquote ../spike_dasm  -c ../softfloat/s_subMagsF64.c
gcc -MMD -MP  -DPREFIX=\"/work/riscv\" -Wall -Wno-unused -Wno-nonportable-include-path -g -O2 -fPIC -g -O2   -iquote . -I.. -iquote ../fesvr -iquote ../riscv -iquote ../disasm -iquote ../customext -iquote ../fdt -iquote ../softfloat -iquote ../spike_main -iquote ../spike_dasm  -c ../softfloat/s_subM.c
gcc -MMD -MP  -DPREFIX=\"/work/riscv\" -Wall -Wno-unused -Wno-nonportable-include-path -g -O2 -fPIC -g -O2   -iquote . -I.. -iquote ../fesvr -iquote ../riscv -iquote ../disasm -iquote ../customext -iquote ../fdt -iquote ../softfloat -iquote ../spike_main -iquote ../spike_dasm  -c ../softfloat/ui32_to_f128.c
gcc -MMD -MP  -DPREFIX=\"/work/riscv\" -Wall -Wno-unused -Wno-nonportable-include-path -g -O2 -fPIC -g -O2   -iquote . -I.. -iquote ../fesvr -iquote ../riscv -iquote ../disasm -iquote ../customext -iquote ../fdt -iquote ../softfloat -iquote ../spike_main -iquote ../spike_dasm  -c ../softfloat/ui32_to_f16.c
gcc -MMD -MP  -DPREFIX=\"/work/riscv\" -Wall -Wno-unused -Wno-nonportable-include-path -g -O2 -fPIC -g -O2   -iquote . -I.. -iquote ../fesvr -iquote ../riscv -iquote ../disasm -iquote ../customext -iquote ../fdt -iquote ../softfloat -iquote ../spike_main -iquote ../spike_dasm  -c ../softfloat/ui32_to_f32.c
gcc -MMD -MP  -DPREFIX=\"/work/riscv\" -Wall -Wno-unused -Wno-nonportable-include-path -g -O2 -fPIC -g -O2   -iquote . -I.. -iquote ../fesvr -iquote ../riscv -iquote ../disasm -iquote ../customext -iquote ../fdt -iquote ../softfloat -iquote ../spike_main -iquote ../spike_dasm  -c ../softfloat/ui32_to_f64.c
gcc -MMD -MP  -DPREFIX=\"/work/riscv\" -Wall -Wno-unused -Wno-nonportable-include-path -g -O2 -fPIC -g -O2   -iquote . -I.. -iquote ../fesvr -iquote ../riscv -iquote ../disasm -iquote ../customext -iquote ../fdt -iquote ../softfloat -iquote ../spike_main -iquote ../spike_dasm  -c ../softfloat/ui64_to_f128.c
gcc -MMD -MP  -DPREFIX=\"/work/riscv\" -Wall -Wno-unused -Wno-nonportable-include-path -g -O2 -fPIC -g -O2   -iquote . -I.. -iquote ../fesvr -iquote ../riscv -iquote ../disasm -iquote ../customext -iquote ../fdt -iquote ../softfloat -iquote ../spike_main -iquote ../spike_dasm  -c ../softfloat/ui64_to_f16.c
gcc -MMD -MP  -DPREFIX=\"/work/riscv\" -Wall -Wno-unused -Wno-nonportable-include-path -g -O2 -fPIC -g -O2   -iquote . -I.. -iquote ../fesvr -iquote ../riscv -iquote ../disasm -iquote ../customext -iquote ../fdt -iquote ../softfloat -iquote ../spike_main -iquote ../spike_dasm  -c ../softfloat/ui64_to_f32.c
gcc -MMD -MP  -DPREFIX=\"/work/riscv\" -Wall -Wno-unused -Wno-nonportable-include-path -g -O2 -fPIC -g -O2   -iquote . -I.. -iquote ../fesvr -iquote ../riscv -iquote ../disasm -iquote ../customext -iquote ../fdt -iquote ../softfloat -iquote ../spike_main -iquote ../spike_dasm  -c ../softfloat/ui64_to_f64.c
g++ -MMD -MP  -DPREFIX=\"/work/riscv\" -Wall -Wno-unused -Wno-nonportable-include-path -g -O2 -fPIC -std=c++2a -g -O2   -iquote . -I.. -iquote ../fesvr -iquote ../riscv -iquote ../disasm -iquote ../customext -iquote ../fdt -iquote ../softfloat -iquote ../spike_main -iquote ../spike_dasm    -c ../disasm/disasm.cc
g++ -MMD -MP  -DPREFIX=\"/work/riscv\" -Wall -Wno-unused -Wno-nonportable-include-path -g -O2 -fPIC -std=c++2a -g -O2   -iquote . -I.. -iquote ../fesvr -iquote ../riscv -iquote ../disasm -iquote ../customext -iquote ../fdt -iquote ../softfloat -iquote ../spike_main -iquote ../spike_dasm    -c ../disasm/isa_parser.cc
g++ -MMD -MP  -DPREFIX=\"/work/riscv\" -Wall -Wno-unused -Wno-nonportable-include-path -g -O2 -fPIC -std=c++2a -g -O2   -iquote . -I.. -iquote ../fesvr -iquote ../riscv -iquote ../disasm -iquote ../customext -iquote ../fdt -iquote ../softfloat -iquote ../spike_main -iquote ../spike_dasm    -c ../disasm/regnames.cc
gcc -MMD -MP  -DPREFIX=\"/work/riscv\" -Wall -Wno-unused -Wno-nonportable-include-path -g -O2 -fPIC -g -O2   -iquote . -I.. -iquote ../fesvr -iquote ../riscv -iquote ../disasm -iquote ../customext -iquote ../fdt -iquote ../softfloat -iquote ../spike_main -iquote ../spike_dasm -I../fdt -c ../fdt/fdt.c
gcc -MMD -MP  -DPREFIX=\"/work/riscv\" -Wall -Wno-unused -Wno-nonportable-include-path -g -O2 -fPIC -g -O2   -iquote . -I.. -iquote ../fesvr -iquote ../riscv -iquote ../disasm -iquote ../customext -iquote ../fdt -iquote ../softfloat -iquote ../spike_main -iquote ../spike_dasm -I../fdt -c ../fdt/fdt_ro.c
gcc -MMD -MP  -DPREFIX=\"/work/riscv\" -Wall -Wno-unused -Wno-nonportable-include-path -g -O2 -fPIC -g -O2   -iquote . -I.. -iquote ../fesvr -iquote ../riscv -iquote ../disasm -iquote ../customext -iquote ../fdt -iquote ../softfloat -iquote ../spike_main -iquote ../spike_dasm -I../fdt -c ../fdt/fdt_wip.c
gcc -MMD -MP  -DPREFIX=\"/work/riscv\" -Wall -Wno-unused -Wno-nonportable-include-path -g -O2 -fPIC -g -O2   -iquote . -I.. -iquote ../fesvr -iquote ../riscv -iquote ../disasm -iquote ../customext -iquote ../fdt -iquote ../softfloat -iquote ../spike_main -iquote ../spike_dasm -I../fdt -c ../fdt/fdt_sw.c
gcc -MMD -MP  -DPREFIX=\"/work/riscv\" -Wall -Wno-unused -Wno-nonportable-include-path -g -O2 -fPIC -g -O2   -iquote . -I.. -iquote ../fesvr -iquote ../riscv -iquote ../disasm -iquote ../customext -iquote ../fdt -iquote ../softfloat -iquote ../spike_main -iquote ../spike_dasm -I../fdt -c ../fdt/fdt_rw.c
gcc -MMD -MP  -DPREFIX=\"/work/riscv\" -Wall -Wno-unused -Wno-nonportable-include-path -g -O2 -fPIC -g -O2   -iquote . -I.. -iquote ../fesvr -iquote ../riscv -iquote ../disasm -iquote ../customext -iquote ../fdt -iquote ../softfloat -iquote ../spike_main -iquote ../spike_dasm -I../fdt -c ../fdt/fdt_strerror.c
In file included from ../riscv/decode_macros.h:8,
                 from ../disasm/disasm.cc:4:
../riscv/encoding.h:3022:9: warning: ISO C++11 requires whitespace after the macro name
 3022 | #define INSN_FIELD_RS2=RS1 0x1f00000
      |         ^~~~~~~~~~~~~~
../riscv/encoding.h:3022: warning: "INSN_FIELD_RS2" redefined
 3022 | #define INSN_FIELD_RS2=RS1 0x1f00000
      | 
../riscv/encoding.h:2919: note: this is the location of the previous definition
 2919 | #define INSN_FIELD_RS2 0x1f00000
      | 
In file included from ../disasm/regnames.cc:29:
../riscv/encoding.h:3022:9: warning: ISO C++11 requires whitespace after the macro name
 3022 | #define INSN_FIELD_RS2=RS1 0x1f00000
      |         ^~~~~~~~~~~~~~
../riscv/encoding.h:3022: warning: "INSN_FIELD_RS2" redefined
 3022 | #define INSN_FIELD_RS2=RS1 0x1f00000
      | 
../riscv/encoding.h:2919: note: this is the location of the previous definition
 2919 | #define INSN_FIELD_RS2 0x1f00000
      | 
gcc -MMD -MP  -DPREFIX=\"/work/riscv\" -Wall -Wno-unused -Wno-nonportable-include-path -g -O2 -fPIC -g -O2   -iquote . -I.. -iquote ../fesvr -iquote ../riscv -iquote ../disasm -iquote ../customext -iquote ../fdt -iquote ../softfloat -iquote ../spike_main -iquote ../spike_dasm -I../fdt -c ../fdt/fdt_empty_tree.c
gcc -MMD -MP  -DPREFIX=\"/work/riscv\" -Wall -Wno-unused -Wno-nonportable-include-path -g -O2 -fPIC -g -O2   -iquote . -I.. -iquote ../fesvr -iquote ../riscv -iquote ../disasm -iquote ../customext -iquote ../fdt -iquote ../softfloat -iquote ../spike_main -iquote ../spike_dasm -I../fdt -c ../fdt/fdt_addresses.c
gcc -MMD -MP  -DPREFIX=\"/work/riscv\" -Wall -Wno-unused -Wno-nonportable-include-path -g -O2 -fPIC -g -O2   -iquote . -I.. -iquote ../fesvr -iquote ../riscv -iquote ../disasm -iquote ../customext -iquote ../fdt -iquote ../softfloat -iquote ../spike_main -iquote ../spike_dasm -I../fdt -c ../fdt/fdt_overlay.c
g++ -MMD -MP  -DPREFIX=\"/work/riscv\" -Wall -Wno-unused -Wno-nonportable-include-path -g -O2 -fPIC -std=c++2a -g -O2   -iquote . -I.. -iquote ../fesvr -iquote ../riscv -iquote ../disasm -iquote ../customext -iquote ../fdt -iquote ../softfloat -iquote ../spike_main -iquote ../spike_dasm    -c ../customext/dummy_rocc.cc
g++ -MMD -MP  -DPREFIX=\"/work/riscv\" -Wall -Wno-unused -Wno-nonportable-include-path -g -O2 -fPIC -std=c++2a -g -O2   -iquote . -I.. -iquote ../fesvr -iquote ../riscv -iquote ../disasm -iquote ../customext -iquote ../fdt -iquote ../softfloat -iquote ../spike_main -iquote ../spike_dasm    -c ../customext/cflush.cc
gmake: Circular libcustomext.so <- libcustomext.so dependency dropped.
In file included from ../riscv/trap.h:7,
                 from ../riscv/processor.h:6,
                 from ../riscv/extension.h:6,
                 from ../riscv/rocc.h:4,
                 from ../customext/dummy_rocc.cc:1:
../riscv/encoding.h:3022:9: warning: ISO C++11 requires whitespace after the macro name
 3022 | #define INSN_FIELD_RS2=RS1 0x1f00000
      |         ^~~~~~~~~~~~~~
../riscv/encoding.h:3022: warning: "INSN_FIELD_RS2" redefined
 3022 | #define INSN_FIELD_RS2=RS1 0x1f00000
      | 
../riscv/encoding.h:2919: note: this is the location of the previous definition
 2919 | #define INSN_FIELD_RS2 0x1f00000
      | 
In file included from ../riscv/trap.h:7,
                 from ../riscv/processor.h:6,
                 from ../riscv/extension.h:6,
                 from ../customext/cflush.cc:2:
../riscv/encoding.h:3022:9: warning: ISO C++11 requires whitespace after the macro name
 3022 | #define INSN_FIELD_RS2=RS1 0x1f00000
      |         ^~~~~~~~~~~~~~
../riscv/encoding.h:3022: warning: "INSN_FIELD_RS2" redefined
 3022 | #define INSN_FIELD_RS2=RS1 0x1f00000
      | 
../riscv/encoding.h:2919: note: this is the location of the previous definition
 2919 | #define INSN_FIELD_RS2 0x1f00000
      | 
echo "int _spike_main( int arg ) { return arg; }" > _spike_main.cc
gmake: Circular libsoftfloat.so <- libsoftfloat.so dependency dropped.
g++ -L. -Wl,--export-dynamic   -Wl,-rpath,/work/riscv/lib  -shared -o libsoftfloat.so  bf16_add.o bf16_div.o bf16_mul.o bf16_mulAdd.o bf16_sqrt.o bf16_sub.o bf16_to_f32.o bf16_to_f64.o f128_add.o f128_classify.o f128_div.o f128_eq.o f128_eq_signaling.o f128_isSignalingNaN.o f128_le.o f128_le_quiet.o f128_lt.o f128_lt_quiet.o f128_mulAdd.o f128_mul.o f128_rem.o f128_roundToInt.o f128_sqrt.o f128_sub.o f128_to_f16.o f128_to_f32.o f128_to_f64.o f128_to_i32.o f128_to_i32_r_minMag.o f128_to_i64.o f128_to_i64_r_minMag.o f128_to_ui32.o f128_to_ui32_r_minMag.o f128_to_ui64.o f128_to_ui64_r_minMag.o f16_add.o f16_classify.o f16_div.o f16_eq.o f16_eq_signaling.o f16_isSignalingNaN.o f16_le.o f16_le_quiet.o f16_lt.o f16_lt_quiet.o f16_mulAdd.o f16_mul.o f16_rem.o f16_roundToInt.o f16_sqrt.o f16_sub.o f16_to_f128.o f16_to_f32.o f16_to_f64.o f16_to_i8.o f16_to_i16.o f16_to_i32.o f16_to_i32_r_minMag.o f16_to_i64.o f16_to_i64_r_minMag.o f16_to_ui8.o f16_to_ui16.o f16_to_ui32.o f16_to_ui32_r_minMag.o f16_to_ui64.o f16_to_ui64_r_minMag.o f32_add.o f32_classify.o f32_div.o f32_eq.o f32_eq_signaling.o f32_isSignalingNaN.o f32_le.o f32_le_quiet.o f32_lt.o f32_lt_quiet.o f32_mulAdd.o f32_mul.o f32_rem.o f32_roundToInt.o f32_sqrt.o f32_sub.o f32_to_bf16.o f32_to_f128.o f32_to_f16.o f32_to_f64.o f32_to_i16.o f32_to_i32.o f32_to_i32_r_minMag.o f32_to_i64.o f32_to_i64_r_minMag.o f32_to_ui16.o f32_to_ui32.o f32_to_ui32_r_minMag.o f32_to_ui64.o f32_to_ui64_r_minMag.o f64_add.o f64_classify.o f64_div.o f64_eq.o f64_eq_signaling.o f64_isSignalingNaN.o f64_le.o f64_le_quiet.o f64_lt.o f64_lt_quiet.o f64_mulAdd.o f64_mul.o f64_rem.o f64_roundToInt.o f64_sqrt.o f64_sub.o f64_to_bf16.o f64_to_f128.o f64_to_f16.o f64_to_f32.o f64_to_i32.o f64_to_i32_r_minMag.o f64_to_i64.o f64_to_i64_r_minMag.o f64_to_ui32.o f64_to_ui32_r_minMag.o f64_to_ui64.o f64_to_ui64_r_minMag.o fall_maxmin.o fall_reciprocal.o i32_to_f128.o i32_to_f16.o i32_to_f32.o i32_to_f64.o i64_to_f128.o i64_to_f16.o i64_to_f32.o i64_to_f64.o s_add128.o s_add256M.o s_addCarryM.o s_addComplCarryM.o s_addMagsF128.o s_addMagsF16.o s_addMagsF32.o s_addMagsF64.o s_addM.o s_approxRecip_1Ks.o s_approxRecip32_1.o s_approxRecipSqrt_1Ks.o s_approxRecipSqrt32_1.o s_commonNaNToF32UI.o s_commonNaNToF64UI.o s_compare128M.o s_compare96M.o s_countLeadingZeros16.o s_countLeadingZeros32.o s_countLeadingZeros64.o s_countLeadingZeros8.o s_eq128.o s_f32UIToCommonNaN.o s_f64UIToCommonNaN.o s_le128.o s_lt128.o s_mul128By32.o s_mul128MTo256M.o s_mul128To256M.o s_mul64ByShifted32To128.o s_mul64To128.o s_mul64To128M.o s_mulAddF128.o s_mulAddF16.o s_mulAddF32.o s_mulAddF64.o s_negXM.o s_normRoundPackToF128.o s_normRoundPackToF16.o s_normRoundPackToF32.o s_normRoundPackToF64.o s_normSubnormalF128Sig.o s_normSubnormalF16Sig.o s_normSubnormalF32Sig.o s_normSubnormalF64Sig.o softfloat_raiseFlags.o softfloat_state.o s_propagateNaNF16UI.o s_propagateNaNF32UI.o s_propagateNaNF64UI.o s_propagateNaNF128UI.o s_remStepMBy32.o s_roundMToI64.o s_roundMToUI64.o s_roundPackMToI64.o s_roundPackMToUI64.o s_roundPackToBF16.o s_roundPackToF128.o s_roundPackToF16.o s_roundPackToF32.o s_roundPackToF64.o s_roundPackToI32.o s_roundPackToI64.o s_roundPackToUI32.o s_roundPackToUI64.o s_roundToI32.o s_roundToI64.o s_roundToUI32.o s_roundToUI64.o s_shiftRightJam128.o s_shiftRightJam128Extra.o s_shiftRightJam256M.o s_shiftRightJam32.o s_shiftRightJam64.o s_shiftRightJam64Extra.o s_shortShiftLeft128.o s_shortShiftLeft64To96M.o s_shortShiftRight128.o s_shortShiftRightExtendM.o s_shortShiftRightJam128.o s_shortShiftRightJam128Extra.o s_shortShiftRightJam64.o s_shortShiftRightJam64Extra.o s_shortShiftRightM.o s_sub128.o s_sub1XM.o s_sub256M.o s_subMagsF128.o s_subMagsF16.o s_subMagsF32.o s_subMagsF64.o s_subM.o ui32_to_f128.o ui32_to_f16.o ui32_to_f32.o ui32_to_f64.o ui64_to_f128.o ui64_to_f16.o ui64_to_f32.o ui64_to_f64.o  -lpthread -lpthread   
g++ -MMD -MP  -DPREFIX=\"/work/riscv\" -Wall -Wno-unused -Wno-nonportable-include-path -g -O2 -fPIC -std=c++2a -g -O2   -iquote . -I.. -iquote ../fesvr -iquote ../riscv -iquote ../disasm -iquote ../customext -iquote ../fdt -iquote ../softfloat -iquote ../spike_main -iquote ../spike_dasm  -c ../fesvr/elf2hex.cc
g++ -MMD -MP  -DPREFIX=\"/work/riscv\" -Wall -Wno-unused -Wno-nonportable-include-path -g -O2 -fPIC -std=c++2a -g -O2   -iquote . -I.. -iquote ../fesvr -iquote ../riscv -iquote ../disasm -iquote ../customext -iquote ../fdt -iquote ../softfloat -iquote ../spike_main -iquote ../spike_dasm  -c ../spike_main/spike.cc
g++ -MMD -MP  -DPREFIX=\"/work/riscv\" -Wall -Wno-unused -Wno-nonportable-include-path -g -O2 -fPIC -std=c++2a -g -O2   -iquote . -I.. -iquote ../fesvr -iquote ../riscv -iquote ../disasm -iquote ../customext -iquote ../fdt -iquote ../softfloat -iquote ../spike_main -iquote ../spike_dasm  -c ../spike_main/spike-log-parser.cc
In file included from ../riscv/trap.h:7,
                 from ../riscv/processor.h:6,
                 from ../riscv/sim.h:10,
                 from ../spike_main/spike.cc:5:
../riscv/encoding.h:3022:9: warning: ISO C++11 requires whitespace after the macro name
 3022 | #define INSN_FIELD_RS2=RS1 0x1f00000
      |         ^~~~~~~~~~~~~~
../riscv/encoding.h:3022: warning: "INSN_FIELD_RS2" redefined
 3022 | #define INSN_FIELD_RS2=RS1 0x1f00000
      | 
../riscv/encoding.h:2919: note: this is the location of the previous definition
 2919 | #define INSN_FIELD_RS2 0x1f00000
      | 
In file included from ../riscv/trap.h:7,
                 from ../riscv/processor.h:6,
                 from ../riscv/extension.h:6,
                 from ../spike_main/spike-log-parser.cc:15:
../riscv/encoding.h:3022:9: warning: ISO C++11 requires whitespace after the macro name
 3022 | #define INSN_FIELD_RS2=RS1 0x1f00000
      |         ^~~~~~~~~~~~~~
../riscv/encoding.h:3022: warning: "INSN_FIELD_RS2" redefined
 3022 | #define INSN_FIELD_RS2=RS1 0x1f00000
      | 
../riscv/encoding.h:2919: note: this is the location of the previous definition
 2919 | #define INSN_FIELD_RS2 0x1f00000
      | 
cc1plus: note: unrecognized command-line option ‘-Wno-nonportable-include-path’ may have been intended to silence earlier diagnostics
g++ -MMD -MP  -DPREFIX=\"/work/riscv\" -Wall -Wno-unused -Wno-nonportable-include-path -g -O2 -fPIC -std=c++2a -g -O2   -iquote . -I.. -iquote ../fesvr -iquote ../riscv -iquote ../disasm -iquote ../customext -iquote ../fdt -iquote ../softfloat -iquote ../spike_main -iquote ../spike_dasm  -c ../spike_main/xspike.cc
g++ -MMD -MP  -DPREFIX=\"/work/riscv\" -Wall -Wno-unused -Wno-nonportable-include-path -g -O2 -fPIC -std=c++2a -g -O2   -iquote . -I.. -iquote ../fesvr -iquote ../riscv -iquote ../disasm -iquote ../customext -iquote ../fdt -iquote ../softfloat -iquote ../spike_main -iquote ../spike_dasm  -c ../spike_main/termios-xspike.cc
In file included from ../riscv/sim.h:9:
../riscv/log_file.h:34:42: warning: ignoring attributes on template argument ‘int (*)(FILE*)’ [-Wignored-attributes]
   34 |   std::unique_ptr<FILE, decltype(&fclose)> wrapped_file;
      |                                          ^
g++ -MMD -MP  -DPREFIX=\"/work/riscv\" -Wall -Wno-unused -Wno-nonportable-include-path -g -O2 -fPIC -std=c++2a -g -O2   -iquote . -I.. -iquote ../fesvr -iquote ../riscv -iquote ../disasm -iquote ../customext -iquote ../fdt -iquote ../softfloat -iquote ../spike_main -iquote ../spike_dasm  -c ../spike_dasm/spike-dasm.cc
g++ -MMD -MP  -DPREFIX=\"/work/riscv\" -Wall -Wno-unused -Wno-nonportable-include-path -g -O2 -fPIC -std=c++2a -g -O2   -iquote . -I.. -iquote ../fesvr -iquote ../riscv -iquote ../disasm -iquote ../customext -iquote ../fdt -iquote ../softfloat -iquote ../spike_main -iquote ../spike_dasm    -c ../spike_dasm/spike_dasm_option_parser.cc
In file included from ../riscv/trap.h:7,
                 from ../riscv/processor.h:6,
                 from ../riscv/extension.h:6,
                 from ../spike_dasm/spike-dasm.cc:10:
../riscv/encoding.h:3022:9: warning: ISO C++11 requires whitespace after the macro name
 3022 | #define INSN_FIELD_RS2=RS1 0x1f00000
      |         ^~~~~~~~~~~~~~
../riscv/encoding.h:3022: warning: "INSN_FIELD_RS2" redefined
 3022 | #define INSN_FIELD_RS2=RS1 0x1f00000
      | 
../riscv/encoding.h:2919: note: this is the location of the previous definition
 2919 | #define INSN_FIELD_RS2 0x1f00000
      | 
cc1plus: note: unrecognized command-line option ‘-Wno-nonportable-include-path’ may have been intended to silence earlier diagnostics
rm -f libfesvr.a
ar rcs libfesvr.a elfloader.o htif.o memif.o dtm.o syscall.o device.o rfb.o context.o htif_pthread.o htif_hexwriter.o dummy.o option_parser.o term.o tsi.o
g++ -MMD -MP  -DPREFIX=\"/work/riscv\" -Wall -Wno-unused -Wno-nonportable-include-path -g -O2 -fPIC -std=c++2a -g -O2   -iquote . -I.. -iquote ../fesvr -iquote ../riscv -iquote ../disasm -iquote ../customext -iquote ../fdt -iquote ../softfloat -iquote ../spike_main -iquote ../spike_dasm   -fPIC -I../fdt -c ../riscv/processor.cc
In file included from ../riscv/trap.h:7,
                 from ../riscv/processor.h:6,
                 from ../riscv/processor.cc:4:
../riscv/encoding.h:3022:9: warning: ISO C++11 requires whitespace after the macro name
 3022 | #define INSN_FIELD_RS2=RS1 0x1f00000
      |         ^~~~~~~~~~~~~~
../riscv/encoding.h:3022: warning: "INSN_FIELD_RS2" redefined
 3022 | #define INSN_FIELD_RS2=RS1 0x1f00000
      | 
../riscv/encoding.h:2919: note: this is the location of the previous definition
 2919 | #define INSN_FIELD_RS2 0x1f00000
      | 
g++ -MMD -MP  -DPREFIX=\"/work/riscv\" -Wall -Wno-unused -Wno-nonportable-include-path -g -O2 -fPIC -std=c++2a -g -O2   -iquote . -I.. -iquote ../fesvr -iquote ../riscv -iquote ../disasm -iquote ../customext -iquote ../fdt -iquote ../softfloat -iquote ../spike_main -iquote ../spike_dasm   -fPIC -I../fdt -c ../riscv/execute.cc
cc1plus: note: unrecognized command-line option ‘-Wno-nonportable-include-path’ may have been intended to silence earlier diagnostics
In file included from ../riscv/trap.h:7,
                 from ../riscv/processor.h:6,
                 from ../riscv/execute.cc:4:
../riscv/encoding.h:3022:9: warning: ISO C++11 requires whitespace after the macro name
 3022 | #define INSN_FIELD_RS2=RS1 0x1f00000
      |         ^~~~~~~~~~~~~~
../riscv/encoding.h:3022: warning: "INSN_FIELD_RS2" redefined
 3022 | #define INSN_FIELD_RS2=RS1 0x1f00000
      | 
../riscv/encoding.h:2919: note: this is the location of the previous definition
 2919 | #define INSN_FIELD_RS2 0x1f00000
      | 
g++ -MMD -MP  -DPREFIX=\"/work/riscv\" -Wall -Wno-unused -Wno-nonportable-include-path -g -O2 -fPIC -std=c++2a -g -O2   -iquote . -I.. -iquote ../fesvr -iquote ../riscv -iquote ../disasm -iquote ../customext -iquote ../fdt -iquote ../softfloat -iquote ../spike_main -iquote ../spike_dasm   -fPIC -I../fdt -c ../riscv/dts.cc
g++ -MMD -MP  -DPREFIX=\"/work/riscv\" -Wall -Wno-unused -Wno-nonportable-include-path -g -O2 -fPIC -std=c++2a -g -O2   -iquote . -I.. -iquote ../fesvr -iquote ../riscv -iquote ../disasm -iquote ../customext -iquote ../fdt -iquote ../softfloat -iquote ../spike_main -iquote ../spike_dasm   -fPIC -I../fdt -c ../riscv/sim.cc
In file included from ../riscv/trap.h:7,
                 from ../riscv/processor.h:6,
                 from ../riscv/dts.h:6,
                 from ../riscv/dts.cc:4:
../riscv/encoding.h:3022:9: warning: ISO C++11 requires whitespace after the macro name
 3022 | #define INSN_FIELD_RS2=RS1 0x1f00000
      |         ^~~~~~~~~~~~~~
../riscv/encoding.h:3022: warning: "INSN_FIELD_RS2" redefined
 3022 | #define INSN_FIELD_RS2=RS1 0x1f00000
      | 
../riscv/encoding.h:2919: note: this is the location of the previous definition
 2919 | #define INSN_FIELD_RS2 0x1f00000
      | 
In file included from ../riscv/trap.h:7,
                 from ../riscv/processor.h:6,
                 from ../riscv/sim.h:10,
                 from ../riscv/sim.cc:4:
../riscv/encoding.h:3022:9: warning: ISO C++11 requires whitespace after the macro name
 3022 | #define INSN_FIELD_RS2=RS1 0x1f00000
      |         ^~~~~~~~~~~~~~
../riscv/encoding.h:3022: warning: "INSN_FIELD_RS2" redefined
 3022 | #define INSN_FIELD_RS2=RS1 0x1f00000
      | 
../riscv/encoding.h:2919: note: this is the location of the previous definition
 2919 | #define INSN_FIELD_RS2 0x1f00000
      | 
In file included from ../riscv/sim.h:9:
../riscv/log_file.h:34:42: warning: ignoring attributes on template argument ‘int (*)(FILE*)’ [-Wignored-attributes]
   34 |   std::unique_ptr<FILE, decltype(&fclose)> wrapped_file;
      |                                          ^
cc1plus: note: unrecognized command-line option ‘-Wno-nonportable-include-path’ may have been intended to silence earlier diagnostics
g++ -MMD -MP  -DPREFIX=\"/work/riscv\" -Wall -Wno-unused -Wno-nonportable-include-path -g -O2 -fPIC -std=c++2a -g -O2   -iquote . -I.. -iquote ../fesvr -iquote ../riscv -iquote ../disasm -iquote ../customext -iquote ../fdt -iquote ../softfloat -iquote ../spike_main -iquote ../spike_dasm   -fPIC -I../fdt -c ../riscv/interactive.cc
In file included from ../riscv/trap.h:7,
                 from ../riscv/processor.h:6,
                 from ../riscv/sim.h:10,
                 from ../riscv/interactive.cc:4:
../riscv/encoding.h:3022:9: warning: ISO C++11 requires whitespace after the macro name
 3022 | #define INSN_FIELD_RS2=RS1 0x1f00000
      |         ^~~~~~~~~~~~~~
../riscv/encoding.h:3022: warning: "INSN_FIELD_RS2" redefined
 3022 | #define INSN_FIELD_RS2=RS1 0x1f00000
      | 
../riscv/encoding.h:2919: note: this is the location of the previous definition
 2919 | #define INSN_FIELD_RS2 0x1f00000
      | 
cc1plus: note: unrecognized command-line option ‘-Wno-nonportable-include-path’ may have been intended to silence earlier diagnostics
cc1plus: note: unrecognized command-line option ‘-Wno-nonportable-include-path’ may have been intended to silence earlier diagnostics
g++ -MMD -MP  -DPREFIX=\"/work/riscv\" -Wall -Wno-unused -Wno-nonportable-include-path -g -O2 -fPIC -std=c++2a -g -O2   -iquote . -I.. -iquote ../fesvr -iquote ../riscv -iquote ../disasm -iquote ../customext -iquote ../fdt -iquote ../softfloat -iquote ../spike_main -iquote ../spike_dasm   -fPIC -I../fdt -c ../riscv/cachesim.cc
g++ -MMD -MP  -DPREFIX=\"/work/riscv\" -Wall -Wno-unused -Wno-nonportable-include-path -g -O2 -fPIC -std=c++2a -g -O2   -iquote . -I.. -iquote ../fesvr -iquote ../riscv -iquote ../disasm -iquote ../customext -iquote ../fdt -iquote ../softfloat -iquote ../spike_main -iquote ../spike_dasm   -fPIC -I../fdt -c ../riscv/mmu.cc
In file included from ../riscv/sim.h:9:
../riscv/log_file.h:34:42: warning: ignoring attributes on template argument ‘int (*)(FILE*)’ [-Wignored-attributes]
   34 |   std::unique_ptr<FILE, decltype(&fclose)> wrapped_file;
      |                                          ^
In file included from ../riscv/trap.h:7,
                 from ../riscv/mmu.h:7,
                 from ../riscv/mmu.cc:4:
../riscv/encoding.h:3022:9: warning: ISO C++11 requires whitespace after the macro name
 3022 | #define INSN_FIELD_RS2=RS1 0x1f00000
      |         ^~~~~~~~~~~~~~
../riscv/encoding.h:3022: warning: "INSN_FIELD_RS2" redefined
 3022 | #define INSN_FIELD_RS2=RS1 0x1f00000
      | 
../riscv/encoding.h:2919: note: this is the location of the previous definition
 2919 | #define INSN_FIELD_RS2 0x1f00000
      | 
g++ -MMD -MP  -DPREFIX=\"/work/riscv\" -Wall -Wno-unused -Wno-nonportable-include-path -g -O2 -fPIC -std=c++2a -g -O2   -iquote . -I.. -iquote ../fesvr -iquote ../riscv -iquote ../disasm -iquote ../customext -iquote ../fdt -iquote ../softfloat -iquote ../spike_main -iquote ../spike_dasm   -fPIC -I../fdt -c ../riscv/extension.cc
In file included from ../riscv/trap.h:7,
                 from ../riscv/processor.h:6,
                 from ../riscv/extension.h:6,
                 from ../riscv/extension.cc:3:
../riscv/encoding.h:3022:9: warning: ISO C++11 requires whitespace after the macro name
 3022 | #define INSN_FIELD_RS2=RS1 0x1f00000
      |         ^~~~~~~~~~~~~~
../riscv/encoding.h:3022: warning: "INSN_FIELD_RS2" redefined
 3022 | #define INSN_FIELD_RS2=RS1 0x1f00000
      | 
../riscv/encoding.h:2919: note: this is the location of the previous definition
 2919 | #define INSN_FIELD_RS2 0x1f00000
      | 
cc1plus: note: unrecognized command-line option ‘-Wno-nonportable-include-path’ may have been intended to silence earlier diagnostics
g++ -MMD -MP  -DPREFIX=\"/work/riscv\" -Wall -Wno-unused -Wno-nonportable-include-path -g -O2 -fPIC -std=c++2a -g -O2   -iquote . -I.. -iquote ../fesvr -iquote ../riscv -iquote ../disasm -iquote ../customext -iquote ../fdt -iquote ../softfloat -iquote ../spike_main -iquote ../spike_dasm   -fPIC -I../fdt -c ../riscv/extensions.cc
In file included from ../riscv/trap.h:7,
                 from ../riscv/processor.h:6,
                 from ../riscv/extension.h:6,
                 from ../riscv/extensions.cc:3:
../riscv/encoding.h:3022:9: warning: ISO C++11 requires whitespace after the macro name
 3022 | #define INSN_FIELD_RS2=RS1 0x1f00000
      |         ^~~~~~~~~~~~~~
../riscv/encoding.h:3022: warning: "INSN_FIELD_RS2" redefined
 3022 | #define INSN_FIELD_RS2=RS1 0x1f00000
      | 
../riscv/encoding.h:2919: note: this is the location of the previous definition
 2919 | #define INSN_FIELD_RS2 0x1f00000
      | 
cc1plus: note: unrecognized command-line option ‘-Wno-nonportable-include-path’ may have been intended to silence earlier diagnostics
cc1plus: note: unrecognized command-line option ‘-Wno-nonportable-include-path’ may have been intended to silence earlier diagnostics
g++ -MMD -MP  -DPREFIX=\"/work/riscv\" -Wall -Wno-unused -Wno-nonportable-include-path -g -O2 -fPIC -std=c++2a -g -O2   -iquote . -I.. -iquote ../fesvr -iquote ../riscv -iquote ../disasm -iquote ../customext -iquote ../fdt -iquote ../softfloat -iquote ../spike_main -iquote ../spike_dasm   -fPIC -I../fdt -c ../riscv/rocc.cc
In file included from ../riscv/decode_macros.h:8,
                 from ../riscv/rocc.cc:4:
../riscv/encoding.h:3022:9: warning: ISO C++11 requires whitespace after the macro name
 3022 | #define INSN_FIELD_RS2=RS1 0x1f00000
      |         ^~~~~~~~~~~~~~
../riscv/encoding.h:3022: warning: "INSN_FIELD_RS2" redefined
 3022 | #define INSN_FIELD_RS2=RS1 0x1f00000
      | 
../riscv/encoding.h:2919: note: this is the location of the previous definition
 2919 | #define INSN_FIELD_RS2 0x1f00000
      | 
g++ -MMD -MP  -DPREFIX=\"/work/riscv\" -Wall -Wno-unused -Wno-nonportable-include-path -g -O2 -fPIC -std=c++2a -g -O2   -iquote . -I.. -iquote ../fesvr -iquote ../riscv -iquote ../disasm -iquote ../customext -iquote ../fdt -iquote ../softfloat -iquote ../spike_main -iquote ../spike_dasm   -fPIC -I../fdt -c ../riscv/devices.cc
cc1plus: note: unrecognized command-line option ‘-Wno-nonportable-include-path’ may have been intended to silence earlier diagnostics
g++ -MMD -MP  -DPREFIX=\"/work/riscv\" -Wall -Wno-unused -Wno-nonportable-include-path -g -O2 -fPIC -std=c++2a -g -O2   -iquote . -I.. -iquote ../fesvr -iquote ../riscv -iquote ../disasm -iquote ../customext -iquote ../fdt -iquote ../softfloat -iquote ../spike_main -iquote ../spike_dasm   -fPIC -I../fdt -c ../riscv/rom.cc
In file included from ../riscv/trap.h:7,
                 from ../riscv/mmu.h:7,
                 from ../riscv/devices.cc:2:
../riscv/encoding.h:3022:9: warning: ISO C++11 requires whitespace after the macro name
 3022 | #define INSN_FIELD_RS2=RS1 0x1f00000
      |         ^~~~~~~~~~~~~~
../riscv/encoding.h:3022: warning: "INSN_FIELD_RS2" redefined
 3022 | #define INSN_FIELD_RS2=RS1 0x1f00000
      | 
../riscv/encoding.h:2919: note: this is the location of the previous definition
 2919 | #define INSN_FIELD_RS2 0x1f00000
      | 
g++ -MMD -MP  -DPREFIX=\"/work/riscv\" -Wall -Wno-unused -Wno-nonportable-include-path -g -O2 -fPIC -std=c++2a -g -O2   -iquote . -I.. -iquote ../fesvr -iquote ../riscv -iquote ../disasm -iquote ../customext -iquote ../fdt -iquote ../softfloat -iquote ../spike_main -iquote ../spike_dasm   -fPIC -I../fdt -c ../riscv/clint.cc
In file included from ../riscv/trap.h:7,
                 from ../riscv/processor.h:6,
                 from ../riscv/clint.cc:4:
../riscv/encoding.h:3022:9: warning: ISO C++11 requires whitespace after the macro name
 3022 | #define INSN_FIELD_RS2=RS1 0x1f00000
      |         ^~~~~~~~~~~~~~
../riscv/encoding.h:3022: warning: "INSN_FIELD_RS2" redefined
 3022 | #define INSN_FIELD_RS2=RS1 0x1f00000
      | 
../riscv/encoding.h:2919: note: this is the location of the previous definition
 2919 | #define INSN_FIELD_RS2 0x1f00000
      | 
cc1plus: note: unrecognized command-line option ‘-Wno-nonportable-include-path’ may have been intended to silence earlier diagnostics
g++ -MMD -MP  -DPREFIX=\"/work/riscv\" -Wall -Wno-unused -Wno-nonportable-include-path -g -O2 -fPIC -std=c++2a -g -O2   -iquote . -I.. -iquote ../fesvr -iquote ../riscv -iquote ../disasm -iquote ../customext -iquote ../fdt -iquote ../softfloat -iquote ../spike_main -iquote ../spike_dasm   -fPIC -I../fdt -c ../riscv/plic.cc
In file included from ../riscv/trap.h:7,
                 from ../riscv/processor.h:6,
                 from ../riscv/plic.cc:4:
../riscv/encoding.h:3022:9: warning: ISO C++11 requires whitespace after the macro name
 3022 | #define INSN_FIELD_RS2=RS1 0x1f00000
      |         ^~~~~~~~~~~~~~
../riscv/encoding.h:3022: warning: "INSN_FIELD_RS2" redefined
 3022 | #define INSN_FIELD_RS2=RS1 0x1f00000
      | 
../riscv/encoding.h:2919: note: this is the location of the previous definition
 2919 | #define INSN_FIELD_RS2 0x1f00000
      | 
cc1plus: note: unrecognized command-line option ‘-Wno-nonportable-include-path’ may have been intended to silence earlier diagnostics
g++ -MMD -MP  -DPREFIX=\"/work/riscv\" -Wall -Wno-unused -Wno-nonportable-include-path -g -O2 -fPIC -std=c++2a -g -O2   -iquote . -I.. -iquote ../fesvr -iquote ../riscv -iquote ../disasm -iquote ../customext -iquote ../fdt -iquote ../softfloat -iquote ../spike_main -iquote ../spike_dasm   -fPIC -I../fdt -c ../riscv/ns16550.cc
In file included from ../riscv/trap.h:7,
                 from ../riscv/processor.h:6,
                 from ../riscv/ns16550.cc:4:
../riscv/encoding.h:3022:9: warning: ISO C++11 requires whitespace after the macro name
 3022 | #define INSN_FIELD_RS2=RS1 0x1f00000
      |         ^~~~~~~~~~~~~~
../riscv/encoding.h:3022: warning: "INSN_FIELD_RS2" redefined
 3022 | #define INSN_FIELD_RS2=RS1 0x1f00000
      | 
../riscv/encoding.h:2919: note: this is the location of the previous definition
 2919 | #define INSN_FIELD_RS2 0x1f00000
      | 
cc1plus: note: unrecognized command-line option ‘-Wno-nonportable-include-path’ may have been intended to silence earlier diagnostics
g++ -MMD -MP  -DPREFIX=\"/work/riscv\" -Wall -Wno-unused -Wno-nonportable-include-path -g -O2 -fPIC -std=c++2a -g -O2   -iquote . -I.. -iquote ../fesvr -iquote ../riscv -iquote ../disasm -iquote ../customext -iquote ../fdt -iquote ../softfloat -iquote ../spike_main -iquote ../spike_dasm   -fPIC -I../fdt -c ../riscv/debug_module.cc
In file included from ../riscv/opcodes.h:1,
                 from ../riscv/debug_module.cc:7:
../riscv/encoding.h:3022:9: warning: ISO C++11 requires whitespace after the macro name
 3022 | #define INSN_FIELD_RS2=RS1 0x1f00000
      |         ^~~~~~~~~~~~~~
../riscv/encoding.h:3022: warning: "INSN_FIELD_RS2" redefined
 3022 | #define INSN_FIELD_RS2=RS1 0x1f00000
      | 
../riscv/encoding.h:2919: note: this is the location of the previous definition
 2919 | #define INSN_FIELD_RS2 0x1f00000
      | 
In file included from ../riscv/sim.h:9,
                 from ../riscv/clint.cc:6:
../riscv/log_file.h:34:42: warning: ignoring attributes on template argument ‘int (*)(FILE*)’ [-Wignored-attributes]
   34 |   std::unique_ptr<FILE, decltype(&fclose)> wrapped_file;
      |                                          ^
cc1plus: note: unrecognized command-line option ‘-Wno-nonportable-include-path’ may have been intended to silence earlier diagnostics
In file included from ../riscv/sim.h:9,
                 from ../riscv/plic.cc:6:
../riscv/log_file.h:34:42: warning: ignoring attributes on template argument ‘int (*)(FILE*)’ [-Wignored-attributes]
   34 |   std::unique_ptr<FILE, decltype(&fclose)> wrapped_file;
      |                                          ^
In file included from ../riscv/sim.h:9,
                 from ../riscv/ns16550.cc:7:
../riscv/log_file.h:34:42: warning: ignoring attributes on template argument ‘int (*)(FILE*)’ [-Wignored-attributes]
   34 |   std::unique_ptr<FILE, decltype(&fclose)> wrapped_file;
      |                                          ^
g++ -MMD -MP  -DPREFIX=\"/work/riscv\" -Wall -Wno-unused -Wno-nonportable-include-path -g -O2 -fPIC -std=c++2a -g -O2   -iquote . -I.. -iquote ../fesvr -iquote ../riscv -iquote ../disasm -iquote ../customext -iquote ../fdt -iquote ../softfloat -iquote ../spike_main -iquote ../spike_dasm   -fPIC -I../fdt -c ../riscv/remote_bitbang.cc
cc1plus: note: unrecognized command-line option ‘-Wno-nonportable-include-path’ may have been intended to silence earlier diagnostics
cc1plus: note: unrecognized command-line option ‘-Wno-nonportable-include-path’ may have been intended to silence earlier diagnostics
g++ -MMD -MP  -DPREFIX=\"/work/riscv\" -Wall -Wno-unused -Wno-nonportable-include-path -g -O2 -fPIC -std=c++2a -g -O2   -iquote . -I.. -iquote ../fesvr -iquote ../riscv -iquote ../disasm -iquote ../customext -iquote ../fdt -iquote ../softfloat -iquote ../spike_main -iquote ../spike_dasm   -fPIC -I../fdt -c ../riscv/jtag_dtm.cc
g++ -MMD -MP  -DPREFIX=\"/work/riscv\" -Wall -Wno-unused -Wno-nonportable-include-path -g -O2 -fPIC -std=c++2a -g -O2   -iquote . -I.. -iquote ../fesvr -iquote ../riscv -iquote ../disasm -iquote ../customext -iquote ../fdt -iquote ../softfloat -iquote ../spike_main -iquote ../spike_dasm   -fPIC -I../fdt -c ../riscv/csrs.cc
In file included from ../riscv/csrs.h:6,
                 from ../riscv/csrs.cc:6:
../riscv/encoding.h:3022:9: warning: ISO C++11 requires whitespace after the macro name
 3022 | #define INSN_FIELD_RS2=RS1 0x1f00000
      |         ^~~~~~~~~~~~~~
../riscv/encoding.h:3022: warning: "INSN_FIELD_RS2" redefined
 3022 | #define INSN_FIELD_RS2=RS1 0x1f00000
      | 
../riscv/encoding.h:2919: note: this is the location of the previous definition
 2919 | #define INSN_FIELD_RS2 0x1f00000
      | 
cc1plus: note: unrecognized command-line option ‘-Wno-nonportable-include-path’ may have been intended to silence earlier diagnostics
g++ -MMD -MP  -DPREFIX=\"/work/riscv\" -Wall -Wno-unused -Wno-nonportable-include-path -g -O2 -fPIC -std=c++2a -g -O2   -iquote . -I.. -iquote ../fesvr -iquote ../riscv -iquote ../disasm -iquote ../customext -iquote ../fdt -iquote ../softfloat -iquote ../spike_main -iquote ../spike_dasm   -fPIC -I../fdt -c ../riscv/csr_init.cc
g++ -MMD -MP  -DPREFIX=\"/work/riscv\" -Wall -Wno-unused -Wno-nonportable-include-path -g -O2 -fPIC -std=c++2a -g -O2   -iquote . -I.. -iquote ../fesvr -iquote ../riscv -iquote ../disasm -iquote ../customext -iquote ../fdt -iquote ../softfloat -iquote ../spike_main -iquote ../spike_dasm   -fPIC -I../fdt -c ../riscv/triggers.cc
In file included from ../riscv/trap.h:7,
                 from ../riscv/processor.h:6,
                 from ../riscv/csr_init.cc:1:
../riscv/encoding.h:3022:9: warning: ISO C++11 requires whitespace after the macro name
 3022 | #define INSN_FIELD_RS2=RS1 0x1f00000
      |         ^~~~~~~~~~~~~~
../riscv/encoding.h:3022: warning: "INSN_FIELD_RS2" redefined
 3022 | #define INSN_FIELD_RS2=RS1 0x1f00000
      | 
../riscv/encoding.h:2919: note: this is the location of the previous definition
 2919 | #define INSN_FIELD_RS2 0x1f00000
      | 
In file included from ../riscv/trap.h:7,
                 from ../riscv/processor.h:6,
                 from ../riscv/triggers.cc:3:
../riscv/encoding.h:3022:9: warning: ISO C++11 requires whitespace after the macro name
 3022 | #define INSN_FIELD_RS2=RS1 0x1f00000
      |         ^~~~~~~~~~~~~~
../riscv/encoding.h:3022: warning: "INSN_FIELD_RS2" redefined
 3022 | #define INSN_FIELD_RS2=RS1 0x1f00000
      | 
../riscv/encoding.h:2919: note: this is the location of the previous definition
 2919 | #define INSN_FIELD_RS2 0x1f00000
      | 
cc1plus: note: unrecognized command-line option ‘-Wno-nonportable-include-path’ may have been intended to silence earlier diagnostics
g++ -MMD -MP  -DPREFIX=\"/work/riscv\" -Wall -Wno-unused -Wno-nonportable-include-path -g -O2 -fPIC -std=c++2a -g -O2   -iquote . -I.. -iquote ../fesvr -iquote ../riscv -iquote ../disasm -iquote ../customext -iquote ../fdt -iquote ../softfloat -iquote ../spike_main -iquote ../spike_dasm   -fPIC -I../fdt -c ../riscv/vector_unit.cc
cc1plus: note: unrecognized command-line option ‘-Wno-nonportable-include-path’ may have been intended to silence earlier diagnostics
In file included from ../riscv/csrs.h:6,
                 from ../riscv/vector_unit.h:9,
                 from ../riscv/vector_unit.cc:4:
../riscv/encoding.h:3022:9: warning: ISO C++11 requires whitespace after the macro name
 3022 | #define INSN_FIELD_RS2=RS1 0x1f00000
      |         ^~~~~~~~~~~~~~
../riscv/encoding.h:3022: warning: "INSN_FIELD_RS2" redefined
 3022 | #define INSN_FIELD_RS2=RS1 0x1f00000
      | 
../riscv/encoding.h:2919: note: this is the location of the previous definition
 2919 | #define INSN_FIELD_RS2 0x1f00000
      | 
g++ -MMD -MP  -DPREFIX=\"/work/riscv\" -Wall -Wno-unused -Wno-nonportable-include-path -g -O2 -fPIC -std=c++2a -g -O2   -iquote . -I.. -iquote ../fesvr -iquote ../riscv -iquote ../disasm -iquote ../customext -iquote ../fdt -iquote ../softfloat -iquote ../spike_main -iquote ../spike_dasm   -fPIC -I../fdt -c ../riscv/socketif.cc
g++ -MMD -MP  -DPREFIX=\"/work/riscv\" -Wall -Wno-unused -Wno-nonportable-include-path -g -O2 -fPIC -std=c++2a -g -O2   -iquote . -I.. -iquote ../fesvr -iquote ../riscv -iquote ../disasm -iquote ../customext -iquote ../fdt -iquote ../softfloat -iquote ../spike_main -iquote ../spike_dasm   -fPIC -I../fdt -c ../riscv/cfg.cc
In file included from ../riscv/trap.h:7,
                 from ../riscv/mmu.h:7,
                 from ../riscv/cfg.cc:5:
../riscv/encoding.h:3022:9: warning: ISO C++11 requires whitespace after the macro name
 3022 | #define INSN_FIELD_RS2=RS1 0x1f00000
      |         ^~~~~~~~~~~~~~
../riscv/encoding.h:3022: warning: "INSN_FIELD_RS2" redefined
 3022 | #define INSN_FIELD_RS2=RS1 0x1f00000
      | 
../riscv/encoding.h:2919: note: this is the location of the previous definition
 2919 | #define INSN_FIELD_RS2 0x1f00000
      | 
cc1plus: note: unrecognized command-line option ‘-Wno-nonportable-include-path’ may have been intended to silence earlier diagnostics
g++ -MMD -MP  -DPREFIX=\"/work/riscv\" -Wall -Wno-unused -Wno-nonportable-include-path -g -O2 -fPIC -std=c++2a -g -O2   -iquote . -I.. -iquote ../fesvr -iquote ../riscv -iquote ../disasm -iquote ../customext -iquote ../fdt -iquote ../softfloat -iquote ../spike_main -iquote ../spike_dasm   -fPIC -I../fdt -c add.cc
g++ -MMD -MP  -DPREFIX=\"/work/riscv\" -Wall -Wno-unused -Wno-nonportable-include-path -g -O2 -fPIC -std=c++2a -g -O2   -iquote . -I.. -iquote ../fesvr -iquote ../riscv -iquote ../disasm -iquote ../customext -iquote ../fdt -iquote ../softfloat -iquote ../spike_main -iquote ../spike_dasm   -fPIC -I../fdt -c addi.cc
g++ -MMD -MP  -DPREFIX=\"/work/riscv\" -Wall -Wno-unused -Wno-nonportable-include-path -g -O2 -fPIC -std=c++2a -g -O2   -iquote . -I.. -iquote ../fesvr -iquote ../riscv -iquote ../disasm -iquote ../customext -iquote ../fdt -iquote ../softfloat -iquote ../spike_main -iquote ../spike_dasm   -fPIC -I../fdt -c addiw.cc
cc1plus: note: unrecognized command-line option ‘-Wno-nonportable-include-path’ may have been intended to silence earlier diagnostics
g++ -MMD -MP  -DPREFIX=\"/work/riscv\" -Wall -Wno-unused -Wno-nonportable-include-path -g -O2 -fPIC -std=c++2a -g -O2   -iquote . -I.. -iquote ../fesvr -iquote ../riscv -iquote ../disasm -iquote ../customext -iquote ../fdt -iquote ../softfloat -iquote ../spike_main -iquote ../spike_dasm   -fPIC -I../fdt -c addw.cc
g++ -MMD -MP  -DPREFIX=\"/work/riscv\" -Wall -Wno-unused -Wno-nonportable-include-path -g -O2 -fPIC -std=c++2a -g -O2   -iquote . -I.. -iquote ../fesvr -iquote ../riscv -iquote ../disasm -iquote ../customext -iquote ../fdt -iquote ../softfloat -iquote ../spike_main -iquote ../spike_dasm   -fPIC -I../fdt -c and.cc
g++ -MMD -MP  -DPREFIX=\"/work/riscv\" -Wall -Wno-unused -Wno-nonportable-include-path -g -O2 -fPIC -std=c++2a -g -O2   -iquote . -I.. -iquote ../fesvr -iquote ../riscv -iquote ../disasm -iquote ../customext -iquote ../fdt -iquote ../softfloat -iquote ../spike_main -iquote ../spike_dasm   -fPIC -I../fdt -c andi.cc
cc1plus: note: unrecognized command-line option ‘-Wno-nonportable-include-path’ may have been intended to silence earlier diagnostics
g++ -MMD -MP  -DPREFIX=\"/work/riscv\" -Wall -Wno-unused -Wno-nonportable-include-path -g -O2 -fPIC -std=c++2a -g -O2   -iquote . -I.. -iquote ../fesvr -iquote ../riscv -iquote ../disasm -iquote ../customext -iquote ../fdt -iquote ../softfloat -iquote ../spike_main -iquote ../spike_dasm   -fPIC -I../fdt -c auipc.cc
g++ -MMD -MP  -DPREFIX=\"/work/riscv\" -Wall -Wno-unused -Wno-nonportable-include-path -g -O2 -fPIC -std=c++2a -g -O2   -iquote . -I.. -iquote ../fesvr -iquote ../riscv -iquote ../disasm -iquote ../customext -iquote ../fdt -iquote ../softfloat -iquote ../spike_main -iquote ../spike_dasm   -fPIC -I../fdt -c beq.cc
cc1plus: note: unrecognized command-line option ‘-Wno-nonportable-include-path’ may have been intended to silence earlier diagnostics
g++ -MMD -MP  -DPREFIX=\"/work/riscv\" -Wall -Wno-unused -Wno-nonportable-include-path -g -O2 -fPIC -std=c++2a -g -O2   -iquote . -I.. -iquote ../fesvr -iquote ../riscv -iquote ../disasm -iquote ../customext -iquote ../fdt -iquote ../softfloat -iquote ../spike_main -iquote ../spike_dasm   -fPIC -I../fdt -c bge.cc
g++ -MMD -MP  -DPREFIX=\"/work/riscv\" -Wall -Wno-unused -Wno-nonportable-include-path -g -O2 -fPIC -std=c++2a -g -O2   -iquote . -I.. -iquote ../fesvr -iquote ../riscv -iquote ../disasm -iquote ../customext -iquote ../fdt -iquote ../softfloat -iquote ../spike_main -iquote ../spike_dasm   -fPIC -I../fdt -c bgeu.cc
g++ -MMD -MP  -DPREFIX=\"/work/riscv\" -Wall -Wno-unused -Wno-nonportable-include-path -g -O2 -fPIC -std=c++2a -g -O2   -iquote . -I.. -iquote ../fesvr -iquote ../riscv -iquote ../disasm -iquote ../customext -iquote ../fdt -iquote ../softfloat -iquote ../spike_main -iquote ../spike_dasm   -fPIC -I../fdt -c blt.cc
g++ -MMD -MP  -DPREFIX=\"/work/riscv\" -Wall -Wno-unused -Wno-nonportable-include-path -g -O2 -fPIC -std=c++2a -g -O2   -iquote . -I.. -iquote ../fesvr -iquote ../riscv -iquote ../disasm -iquote ../customext -iquote ../fdt -iquote ../softfloat -iquote ../spike_main -iquote ../spike_dasm   -fPIC -I../fdt -c bltu.cc
g++ -MMD -MP  -DPREFIX=\"/work/riscv\" -Wall -Wno-unused -Wno-nonportable-include-path -g -O2 -fPIC -std=c++2a -g -O2   -iquote . -I.. -iquote ../fesvr -iquote ../riscv -iquote ../disasm -iquote ../customext -iquote ../fdt -iquote ../softfloat -iquote ../spike_main -iquote ../spike_dasm   -fPIC -I../fdt -c bne.cc
g++ -MMD -MP  -DPREFIX=\"/work/riscv\" -Wall -Wno-unused -Wno-nonportable-include-path -g -O2 -fPIC -std=c++2a -g -O2   -iquote . -I.. -iquote ../fesvr -iquote ../riscv -iquote ../disasm -iquote ../customext -iquote ../fdt -iquote ../softfloat -iquote ../spike_main -iquote ../spike_dasm   -fPIC -I../fdt -c jal.cc
g++ -MMD -MP  -DPREFIX=\"/work/riscv\" -Wall -Wno-unused -Wno-nonportable-include-path -g -O2 -fPIC -std=c++2a -g -O2   -iquote . -I.. -iquote ../fesvr -iquote ../riscv -iquote ../disasm -iquote ../customext -iquote ../fdt -iquote ../softfloat -iquote ../spike_main -iquote ../spike_dasm   -fPIC -I../fdt -c jalr.cc
g++ -MMD -MP  -DPREFIX=\"/work/riscv\" -Wall -Wno-unused -Wno-nonportable-include-path -g -O2 -fPIC -std=c++2a -g -O2   -iquote . -I.. -iquote ../fesvr -iquote ../riscv -iquote ../disasm -iquote ../customext -iquote ../fdt -iquote ../softfloat -iquote ../spike_main -iquote ../spike_dasm   -fPIC -I../fdt -c lb.cc
g++ -MMD -MP  -DPREFIX=\"/work/riscv\" -Wall -Wno-unused -Wno-nonportable-include-path -g -O2 -fPIC -std=c++2a -g -O2   -iquote . -I.. -iquote ../fesvr -iquote ../riscv -iquote ../disasm -iquote ../customext -iquote ../fdt -iquote ../softfloat -iquote ../spike_main -iquote ../spike_dasm   -fPIC -I../fdt -c lbu.cc
g++ -MMD -MP  -DPREFIX=\"/work/riscv\" -Wall -Wno-unused -Wno-nonportable-include-path -g -O2 -fPIC -std=c++2a -g -O2   -iquote . -I.. -iquote ../fesvr -iquote ../riscv -iquote ../disasm -iquote ../customext -iquote ../fdt -iquote ../softfloat -iquote ../spike_main -iquote ../spike_dasm   -fPIC -I../fdt -c ld.cc
g++ -MMD -MP  -DPREFIX=\"/work/riscv\" -Wall -Wno-unused -Wno-nonportable-include-path -g -O2 -fPIC -std=c++2a -g -O2   -iquote . -I.. -iquote ../fesvr -iquote ../riscv -iquote ../disasm -iquote ../customext -iquote ../fdt -iquote ../softfloat -iquote ../spike_main -iquote ../spike_dasm   -fPIC -I../fdt -c lh.cc
cc1plus: note: unrecognized command-line option ‘-Wno-nonportable-include-path’ may have been intended to silence earlier diagnostics
g++ -MMD -MP  -DPREFIX=\"/work/riscv\" -Wall -Wno-unused -Wno-nonportable-include-path -g -O2 -fPIC -std=c++2a -g -O2   -iquote . -I.. -iquote ../fesvr -iquote ../riscv -iquote ../disasm -iquote ../customext -iquote ../fdt -iquote ../softfloat -iquote ../spike_main -iquote ../spike_dasm   -fPIC -I../fdt -c lhu.cc
g++ -MMD -MP  -DPREFIX=\"/work/riscv\" -Wall -Wno-unused -Wno-nonportable-include-path -g -O2 -fPIC -std=c++2a -g -O2   -iquote . -I.. -iquote ../fesvr -iquote ../riscv -iquote ../disasm -iquote ../customext -iquote ../fdt -iquote ../softfloat -iquote ../spike_main -iquote ../spike_dasm   -fPIC -I../fdt -c lui.cc
g++ -MMD -MP  -DPREFIX=\"/work/riscv\" -Wall -Wno-unused -Wno-nonportable-include-path -g -O2 -fPIC -std=c++2a -g -O2   -iquote . -I.. -iquote ../fesvr -iquote ../riscv -iquote ../disasm -iquote ../customext -iquote ../fdt -iquote ../softfloat -iquote ../spike_main -iquote ../spike_dasm   -fPIC -I../fdt -c lw.cc
g++ -MMD -MP  -DPREFIX=\"/work/riscv\" -Wall -Wno-unused -Wno-nonportable-include-path -g -O2 -fPIC -std=c++2a -g -O2   -iquote . -I.. -iquote ../fesvr -iquote ../riscv -iquote ../disasm -iquote ../customext -iquote ../fdt -iquote ../softfloat -iquote ../spike_main -iquote ../spike_dasm   -fPIC -I../fdt -c lwu.cc
g++ -MMD -MP  -DPREFIX=\"/work/riscv\" -Wall -Wno-unused -Wno-nonportable-include-path -g -O2 -fPIC -std=c++2a -g -O2   -iquote . -I.. -iquote ../fesvr -iquote ../riscv -iquote ../disasm -iquote ../customext -iquote ../fdt -iquote ../softfloat -iquote ../spike_main -iquote ../spike_dasm   -fPIC -I../fdt -c or.cc
g++ -MMD -MP  -DPREFIX=\"/work/riscv\" -Wall -Wno-unused -Wno-nonportable-include-path -g -O2 -fPIC -std=c++2a -g -O2   -iquote . -I.. -iquote ../fesvr -iquote ../riscv -iquote ../disasm -iquote ../customext -iquote ../fdt -iquote ../softfloat -iquote ../spike_main -iquote ../spike_dasm   -fPIC -I../fdt -c ori.cc
g++ -MMD -MP  -DPREFIX=\"/work/riscv\" -Wall -Wno-unused -Wno-nonportable-include-path -g -O2 -fPIC -std=c++2a -g -O2   -iquote . -I.. -iquote ../fesvr -iquote ../riscv -iquote ../disasm -iquote ../customext -iquote ../fdt -iquote ../softfloat -iquote ../spike_main -iquote ../spike_dasm   -fPIC -I../fdt -c sb.cc
g++ -MMD -MP  -DPREFIX=\"/work/riscv\" -Wall -Wno-unused -Wno-nonportable-include-path -g -O2 -fPIC -std=c++2a -g -O2   -iquote . -I.. -iquote ../fesvr -iquote ../riscv -iquote ../disasm -iquote ../customext -iquote ../fdt -iquote ../softfloat -iquote ../spike_main -iquote ../spike_dasm   -fPIC -I../fdt -c sd.cc
g++ -MMD -MP  -DPREFIX=\"/work/riscv\" -Wall -Wno-unused -Wno-nonportable-include-path -g -O2 -fPIC -std=c++2a -g -O2   -iquote . -I.. -iquote ../fesvr -iquote ../riscv -iquote ../disasm -iquote ../customext -iquote ../fdt -iquote ../softfloat -iquote ../spike_main -iquote ../spike_dasm   -fPIC -I../fdt -c sh.cc
g++ -MMD -MP  -DPREFIX=\"/work/riscv\" -Wall -Wno-unused -Wno-nonportable-include-path -g -O2 -fPIC -std=c++2a -g -O2   -iquote . -I.. -iquote ../fesvr -iquote ../riscv -iquote ../disasm -iquote ../customext -iquote ../fdt -iquote ../softfloat -iquote ../spike_main -iquote ../spike_dasm   -fPIC -I../fdt -c sll.cc
g++ -MMD -MP  -DPREFIX=\"/work/riscv\" -Wall -Wno-unused -Wno-nonportable-include-path -g -O2 -fPIC -std=c++2a -g -O2   -iquote . -I.. -iquote ../fesvr -iquote ../riscv -iquote ../disasm -iquote ../customext -iquote ../fdt -iquote ../softfloat -iquote ../spike_main -iquote ../spike_dasm   -fPIC -I../fdt -c slli.cc
g++ -MMD -MP  -DPREFIX=\"/work/riscv\" -Wall -Wno-unused -Wno-nonportable-include-path -g -O2 -fPIC -std=c++2a -g -O2   -iquote . -I.. -iquote ../fesvr -iquote ../riscv -iquote ../disasm -iquote ../customext -iquote ../fdt -iquote ../softfloat -iquote ../spike_main -iquote ../spike_dasm   -fPIC -I../fdt -c slliw.cc
g++ -MMD -MP  -DPREFIX=\"/work/riscv\" -Wall -Wno-unused -Wno-nonportable-include-path -g -O2 -fPIC -std=c++2a -g -O2   -iquote . -I.. -iquote ../fesvr -iquote ../riscv -iquote ../disasm -iquote ../customext -iquote ../fdt -iquote ../softfloat -iquote ../spike_main -iquote ../spike_dasm   -fPIC -I../fdt -c sllw.cc
g++ -MMD -MP  -DPREFIX=\"/work/riscv\" -Wall -Wno-unused -Wno-nonportable-include-path -g -O2 -fPIC -std=c++2a -g -O2   -iquote . -I.. -iquote ../fesvr -iquote ../riscv -iquote ../disasm -iquote ../customext -iquote ../fdt -iquote ../softfloat -iquote ../spike_main -iquote ../spike_dasm   -fPIC -I../fdt -c slt.cc
g++ -MMD -MP  -DPREFIX=\"/work/riscv\" -Wall -Wno-unused -Wno-nonportable-include-path -g -O2 -fPIC -std=c++2a -g -O2   -iquote . -I.. -iquote ../fesvr -iquote ../riscv -iquote ../disasm -iquote ../customext -iquote ../fdt -iquote ../softfloat -iquote ../spike_main -iquote ../spike_dasm   -fPIC -I../fdt -c slti.cc
g++ -MMD -MP  -DPREFIX=\"/work/riscv\" -Wall -Wno-unused -Wno-nonportable-include-path -g -O2 -fPIC -std=c++2a -g -O2   -iquote . -I.. -iquote ../fesvr -iquote ../riscv -iquote ../disasm -iquote ../customext -iquote ../fdt -iquote ../softfloat -iquote ../spike_main -iquote ../spike_dasm   -fPIC -I../fdt -c sltiu.cc
g++ -MMD -MP  -DPREFIX=\"/work/riscv\" -Wall -Wno-unused -Wno-nonportable-include-path -g -O2 -fPIC -std=c++2a -g -O2   -iquote . -I.. -iquote ../fesvr -iquote ../riscv -iquote ../disasm -iquote ../customext -iquote ../fdt -iquote ../softfloat -iquote ../spike_main -iquote ../spike_dasm   -fPIC -I../fdt -c sltu.cc
g++ -MMD -MP  -DPREFIX=\"/work/riscv\" -Wall -Wno-unused -Wno-nonportable-include-path -g -O2 -fPIC -std=c++2a -g -O2   -iquote . -I.. -iquote ../fesvr -iquote ../riscv -iquote ../disasm -iquote ../customext -iquote ../fdt -iquote ../softfloat -iquote ../spike_main -iquote ../spike_dasm   -fPIC -I../fdt -c sra.cc
g++ -MMD -MP  -DPREFIX=\"/work/riscv\" -Wall -Wno-unused -Wno-nonportable-include-path -g -O2 -fPIC -std=c++2a -g -O2   -iquote . -I.. -iquote ../fesvr -iquote ../riscv -iquote ../disasm -iquote ../customext -iquote ../fdt -iquote ../softfloat -iquote ../spike_main -iquote ../spike_dasm   -fPIC -I../fdt -c srai.cc
g++ -MMD -MP  -DPREFIX=\"/work/riscv\" -Wall -Wno-unused -Wno-nonportable-include-path -g -O2 -fPIC -std=c++2a -g -O2   -iquote . -I.. -iquote ../fesvr -iquote ../riscv -iquote ../disasm -iquote ../customext -iquote ../fdt -iquote ../softfloat -iquote ../spike_main -iquote ../spike_dasm   -fPIC -I../fdt -c sraiw.cc
g++ -MMD -MP  -DPREFIX=\"/work/riscv\" -Wall -Wno-unused -Wno-nonportable-include-path -g -O2 -fPIC -std=c++2a -g -O2   -iquote . -I.. -iquote ../fesvr -iquote ../riscv -iquote ../disasm -iquote ../customext -iquote ../fdt -iquote ../softfloat -iquote ../spike_main -iquote ../spike_dasm   -fPIC -I../fdt -c sraw.cc
g++ -MMD -MP  -DPREFIX=\"/work/riscv\" -Wall -Wno-unused -Wno-nonportable-include-path -g -O2 -fPIC -std=c++2a -g -O2   -iquote . -I.. -iquote ../fesvr -iquote ../riscv -iquote ../disasm -iquote ../customext -iquote ../fdt -iquote ../softfloat -iquote ../spike_main -iquote ../spike_dasm   -fPIC -I../fdt -c srl.cc
g++ -MMD -MP  -DPREFIX=\"/work/riscv\" -Wall -Wno-unused -Wno-nonportable-include-path -g -O2 -fPIC -std=c++2a -g -O2   -iquote . -I.. -iquote ../fesvr -iquote ../riscv -iquote ../disasm -iquote ../customext -iquote ../fdt -iquote ../softfloat -iquote ../spike_main -iquote ../spike_dasm   -fPIC -I../fdt -c srli.cc
g++ -MMD -MP  -DPREFIX=\"/work/riscv\" -Wall -Wno-unused -Wno-nonportable-include-path -g -O2 -fPIC -std=c++2a -g -O2   -iquote . -I.. -iquote ../fesvr -iquote ../riscv -iquote ../disasm -iquote ../customext -iquote ../fdt -iquote ../softfloat -iquote ../spike_main -iquote ../spike_dasm   -fPIC -I../fdt -c srliw.cc
g++ -MMD -MP  -DPREFIX=\"/work/riscv\" -Wall -Wno-unused -Wno-nonportable-include-path -g -O2 -fPIC -std=c++2a -g -O2   -iquote . -I.. -iquote ../fesvr -iquote ../riscv -iquote ../disasm -iquote ../customext -iquote ../fdt -iquote ../softfloat -iquote ../spike_main -iquote ../spike_dasm   -fPIC -I../fdt -c srlw.cc
g++ -MMD -MP  -DPREFIX=\"/work/riscv\" -Wall -Wno-unused -Wno-nonportable-include-path -g -O2 -fPIC -std=c++2a -g -O2   -iquote . -I.. -iquote ../fesvr -iquote ../riscv -iquote ../disasm -iquote ../customext -iquote ../fdt -iquote ../softfloat -iquote ../spike_main -iquote ../spike_dasm   -fPIC -I../fdt -c sub.cc
g++ -MMD -MP  -DPREFIX=\"/work/riscv\" -Wall -Wno-unused -Wno-nonportable-include-path -g -O2 -fPIC -std=c++2a -g -O2   -iquote . -I.. -iquote ../fesvr -iquote ../riscv -iquote ../disasm -iquote ../customext -iquote ../fdt -iquote ../softfloat -iquote ../spike_main -iquote ../spike_dasm   -fPIC -I../fdt -c subw.cc
g++ -MMD -MP  -DPREFIX=\"/work/riscv\" -Wall -Wno-unused -Wno-nonportable-include-path -g -O2 -fPIC -std=c++2a -g -O2   -iquote . -I.. -iquote ../fesvr -iquote ../riscv -iquote ../disasm -iquote ../customext -iquote ../fdt -iquote ../softfloat -iquote ../spike_main -iquote ../spike_dasm   -fPIC -I../fdt -c sw.cc
g++ -MMD -MP  -DPREFIX=\"/work/riscv\" -Wall -Wno-unused -Wno-nonportable-include-path -g -O2 -fPIC -std=c++2a -g -O2   -iquote . -I.. -iquote ../fesvr -iquote ../riscv -iquote ../disasm -iquote ../customext -iquote ../fdt -iquote ../softfloat -iquote ../spike_main -iquote ../spike_dasm   -fPIC -I../fdt -c xor.cc
g++ -MMD -MP  -DPREFIX=\"/work/riscv\" -Wall -Wno-unused -Wno-nonportable-include-path -g -O2 -fPIC -std=c++2a -g -O2   -iquote . -I.. -iquote ../fesvr -iquote ../riscv -iquote ../disasm -iquote ../customext -iquote ../fdt -iquote ../softfloat -iquote ../spike_main -iquote ../spike_dasm   -fPIC -I../fdt -c xori.cc
g++ -MMD -MP  -DPREFIX=\"/work/riscv\" -Wall -Wno-unused -Wno-nonportable-include-path -g -O2 -fPIC -std=c++2a -g -O2   -iquote . -I.. -iquote ../fesvr -iquote ../riscv -iquote ../disasm -iquote ../customext -iquote ../fdt -iquote ../softfloat -iquote ../spike_main -iquote ../spike_dasm   -fPIC -I../fdt -c fence.cc
g++ -MMD -MP  -DPREFIX=\"/work/riscv\" -Wall -Wno-unused -Wno-nonportable-include-path -g -O2 -fPIC -std=c++2a -g -O2   -iquote . -I.. -iquote ../fesvr -iquote ../riscv -iquote ../disasm -iquote ../customext -iquote ../fdt -iquote ../softfloat -iquote ../spike_main -iquote ../spike_dasm   -fPIC -I../fdt -c fence_i.cc
g++ -MMD -MP  -DPREFIX=\"/work/riscv\" -Wall -Wno-unused -Wno-nonportable-include-path -g -O2 -fPIC -std=c++2a -g -O2   -iquote . -I.. -iquote ../fesvr -iquote ../riscv -iquote ../disasm -iquote ../customext -iquote ../fdt -iquote ../softfloat -iquote ../spike_main -iquote ../spike_dasm   -fPIC -I../fdt -c c_add.cc
g++ -MMD -MP  -DPREFIX=\"/work/riscv\" -Wall -Wno-unused -Wno-nonportable-include-path -g -O2 -fPIC -std=c++2a -g -O2   -iquote . -I.. -iquote ../fesvr -iquote ../riscv -iquote ../disasm -iquote ../customext -iquote ../fdt -iquote ../softfloat -iquote ../spike_main -iquote ../spike_dasm   -fPIC -I../fdt -c c_addi.cc
g++ -MMD -MP  -DPREFIX=\"/work/riscv\" -Wall -Wno-unused -Wno-nonportable-include-path -g -O2 -fPIC -std=c++2a -g -O2   -iquote . -I.. -iquote ../fesvr -iquote ../riscv -iquote ../disasm -iquote ../customext -iquote ../fdt -iquote ../softfloat -iquote ../spike_main -iquote ../spike_dasm   -fPIC -I../fdt -c c_addi4spn.cc
g++ -MMD -MP  -DPREFIX=\"/work/riscv\" -Wall -Wno-unused -Wno-nonportable-include-path -g -O2 -fPIC -std=c++2a -g -O2   -iquote . -I.. -iquote ../fesvr -iquote ../riscv -iquote ../disasm -iquote ../customext -iquote ../fdt -iquote ../softfloat -iquote ../spike_main -iquote ../spike_dasm   -fPIC -I../fdt -c c_addw.cc
g++ -MMD -MP  -DPREFIX=\"/work/riscv\" -Wall -Wno-unused -Wno-nonportable-include-path -g -O2 -fPIC -std=c++2a -g -O2   -iquote . -I.. -iquote ../fesvr -iquote ../riscv -iquote ../disasm -iquote ../customext -iquote ../fdt -iquote ../softfloat -iquote ../spike_main -iquote ../spike_dasm   -fPIC -I../fdt -c c_and.cc
g++ -MMD -MP  -DPREFIX=\"/work/riscv\" -Wall -Wno-unused -Wno-nonportable-include-path -g -O2 -fPIC -std=c++2a -g -O2   -iquote . -I.. -iquote ../fesvr -iquote ../riscv -iquote ../disasm -iquote ../customext -iquote ../fdt -iquote ../softfloat -iquote ../spike_main -iquote ../spike_dasm   -fPIC -I../fdt -c c_andi.cc
g++ -MMD -MP  -DPREFIX=\"/work/riscv\" -Wall -Wno-unused -Wno-nonportable-include-path -g -O2 -fPIC -std=c++2a -g -O2   -iquote . -I.. -iquote ../fesvr -iquote ../riscv -iquote ../disasm -iquote ../customext -iquote ../fdt -iquote ../softfloat -iquote ../spike_main -iquote ../spike_dasm   -fPIC -I../fdt -c c_beqz.cc
g++ -MMD -MP  -DPREFIX=\"/work/riscv\" -Wall -Wno-unused -Wno-nonportable-include-path -g -O2 -fPIC -std=c++2a -g -O2   -iquote . -I.. -iquote ../fesvr -iquote ../riscv -iquote ../disasm -iquote ../customext -iquote ../fdt -iquote ../softfloat -iquote ../spike_main -iquote ../spike_dasm   -fPIC -I../fdt -c c_bnez.cc
g++ -MMD -MP  -DPREFIX=\"/work/riscv\" -Wall -Wno-unused -Wno-nonportable-include-path -g -O2 -fPIC -std=c++2a -g -O2   -iquote . -I.. -iquote ../fesvr -iquote ../riscv -iquote ../disasm -iquote ../customext -iquote ../fdt -iquote ../softfloat -iquote ../spike_main -iquote ../spike_dasm   -fPIC -I../fdt -c c_ebreak.cc
g++ -MMD -MP  -DPREFIX=\"/work/riscv\" -Wall -Wno-unused -Wno-nonportable-include-path -g -O2 -fPIC -std=c++2a -g -O2   -iquote . -I.. -iquote ../fesvr -iquote ../riscv -iquote ../disasm -iquote ../customext -iquote ../fdt -iquote ../softfloat -iquote ../spike_main -iquote ../spike_dasm   -fPIC -I../fdt -c c_fld.cc
g++ -MMD -MP  -DPREFIX=\"/work/riscv\" -Wall -Wno-unused -Wno-nonportable-include-path -g -O2 -fPIC -std=c++2a -g -O2   -iquote . -I.. -iquote ../fesvr -iquote ../riscv -iquote ../disasm -iquote ../customext -iquote ../fdt -iquote ../softfloat -iquote ../spike_main -iquote ../spike_dasm   -fPIC -I../fdt -c c_fldsp.cc
g++ -MMD -MP  -DPREFIX=\"/work/riscv\" -Wall -Wno-unused -Wno-nonportable-include-path -g -O2 -fPIC -std=c++2a -g -O2   -iquote . -I.. -iquote ../fesvr -iquote ../riscv -iquote ../disasm -iquote ../customext -iquote ../fdt -iquote ../softfloat -iquote ../spike_main -iquote ../spike_dasm   -fPIC -I../fdt -c c_flw.cc
g++ -MMD -MP  -DPREFIX=\"/work/riscv\" -Wall -Wno-unused -Wno-nonportable-include-path -g -O2 -fPIC -std=c++2a -g -O2   -iquote . -I.. -iquote ../fesvr -iquote ../riscv -iquote ../disasm -iquote ../customext -iquote ../fdt -iquote ../softfloat -iquote ../spike_main -iquote ../spike_dasm   -fPIC -I../fdt -c c_flwsp.cc
g++ -MMD -MP  -DPREFIX=\"/work/riscv\" -Wall -Wno-unused -Wno-nonportable-include-path -g -O2 -fPIC -std=c++2a -g -O2   -iquote . -I.. -iquote ../fesvr -iquote ../riscv -iquote ../disasm -iquote ../customext -iquote ../fdt -iquote ../softfloat -iquote ../spike_main -iquote ../spike_dasm   -fPIC -I../fdt -c c_fsd.cc
g++ -MMD -MP  -DPREFIX=\"/work/riscv\" -Wall -Wno-unused -Wno-nonportable-include-path -g -O2 -fPIC -std=c++2a -g -O2   -iquote . -I.. -iquote ../fesvr -iquote ../riscv -iquote ../disasm -iquote ../customext -iquote ../fdt -iquote ../softfloat -iquote ../spike_main -iquote ../spike_dasm   -fPIC -I../fdt -c c_fsdsp.cc
g++ -MMD -MP  -DPREFIX=\"/work/riscv\" -Wall -Wno-unused -Wno-nonportable-include-path -g -O2 -fPIC -std=c++2a -g -O2   -iquote . -I.. -iquote ../fesvr -iquote ../riscv -iquote ../disasm -iquote ../customext -iquote ../fdt -iquote ../softfloat -iquote ../spike_main -iquote ../spike_dasm   -fPIC -I../fdt -c c_fsw.cc
g++ -MMD -MP  -DPREFIX=\"/work/riscv\" -Wall -Wno-unused -Wno-nonportable-include-path -g -O2 -fPIC -std=c++2a -g -O2   -iquote . -I.. -iquote ../fesvr -iquote ../riscv -iquote ../disasm -iquote ../customext -iquote ../fdt -iquote ../softfloat -iquote ../spike_main -iquote ../spike_dasm   -fPIC -I../fdt -c c_fswsp.cc
g++ -MMD -MP  -DPREFIX=\"/work/riscv\" -Wall -Wno-unused -Wno-nonportable-include-path -g -O2 -fPIC -std=c++2a -g -O2   -iquote . -I.. -iquote ../fesvr -iquote ../riscv -iquote ../disasm -iquote ../customext -iquote ../fdt -iquote ../softfloat -iquote ../spike_main -iquote ../spike_dasm   -fPIC -I../fdt -c c_j.cc
g++ -MMD -MP  -DPREFIX=\"/work/riscv\" -Wall -Wno-unused -Wno-nonportable-include-path -g -O2 -fPIC -std=c++2a -g -O2   -iquote . -I.. -iquote ../fesvr -iquote ../riscv -iquote ../disasm -iquote ../customext -iquote ../fdt -iquote ../softfloat -iquote ../spike_main -iquote ../spike_dasm   -fPIC -I../fdt -c c_jal.cc
g++ -MMD -MP  -DPREFIX=\"/work/riscv\" -Wall -Wno-unused -Wno-nonportable-include-path -g -O2 -fPIC -std=c++2a -g -O2   -iquote . -I.. -iquote ../fesvr -iquote ../riscv -iquote ../disasm -iquote ../customext -iquote ../fdt -iquote ../softfloat -iquote ../spike_main -iquote ../spike_dasm   -fPIC -I../fdt -c c_jalr.cc
g++ -MMD -MP  -DPREFIX=\"/work/riscv\" -Wall -Wno-unused -Wno-nonportable-include-path -g -O2 -fPIC -std=c++2a -g -O2   -iquote . -I.. -iquote ../fesvr -iquote ../riscv -iquote ../disasm -iquote ../customext -iquote ../fdt -iquote ../softfloat -iquote ../spike_main -iquote ../spike_dasm   -fPIC -I../fdt -c c_jr.cc
g++ -MMD -MP  -DPREFIX=\"/work/riscv\" -Wall -Wno-unused -Wno-nonportable-include-path -g -O2 -fPIC -std=c++2a -g -O2   -iquote . -I.. -iquote ../fesvr -iquote ../riscv -iquote ../disasm -iquote ../customext -iquote ../fdt -iquote ../softfloat -iquote ../spike_main -iquote ../spike_dasm   -fPIC -I../fdt -c c_li.cc
g++ -MMD -MP  -DPREFIX=\"/work/riscv\" -Wall -Wno-unused -Wno-nonportable-include-path -g -O2 -fPIC -std=c++2a -g -O2   -iquote . -I.. -iquote ../fesvr -iquote ../riscv -iquote ../disasm -iquote ../customext -iquote ../fdt -iquote ../softfloat -iquote ../spike_main -iquote ../spike_dasm   -fPIC -I../fdt -c c_lui.cc
g++ -MMD -MP  -DPREFIX=\"/work/riscv\" -Wall -Wno-unused -Wno-nonportable-include-path -g -O2 -fPIC -std=c++2a -g -O2   -iquote . -I.. -iquote ../fesvr -iquote ../riscv -iquote ../disasm -iquote ../customext -iquote ../fdt -iquote ../softfloat -iquote ../spike_main -iquote ../spike_dasm   -fPIC -I../fdt -c c_ld.cc
g++ -MMD -MP  -DPREFIX=\"/work/riscv\" -Wall -Wno-unused -Wno-nonportable-include-path -g -O2 -fPIC -std=c++2a -g -O2   -iquote . -I.. -iquote ../fesvr -iquote ../riscv -iquote ../disasm -iquote ../customext -iquote ../fdt -iquote ../softfloat -iquote ../spike_main -iquote ../spike_dasm   -fPIC -I../fdt -c c_ldsp.cc
g++ -MMD -MP  -DPREFIX=\"/work/riscv\" -Wall -Wno-unused -Wno-nonportable-include-path -g -O2 -fPIC -std=c++2a -g -O2   -iquote . -I.. -iquote ../fesvr -iquote ../riscv -iquote ../disasm -iquote ../customext -iquote ../fdt -iquote ../softfloat -iquote ../spike_main -iquote ../spike_dasm   -fPIC -I../fdt -c c_lw.cc
g++ -MMD -MP  -DPREFIX=\"/work/riscv\" -Wall -Wno-unused -Wno-nonportable-include-path -g -O2 -fPIC -std=c++2a -g -O2   -iquote . -I.. -iquote ../fesvr -iquote ../riscv -iquote ../disasm -iquote ../customext -iquote ../fdt -iquote ../softfloat -iquote ../spike_main -iquote ../spike_dasm   -fPIC -I../fdt -c c_lwsp.cc
g++ -MMD -MP  -DPREFIX=\"/work/riscv\" -Wall -Wno-unused -Wno-nonportable-include-path -g -O2 -fPIC -std=c++2a -g -O2   -iquote . -I.. -iquote ../fesvr -iquote ../riscv -iquote ../disasm -iquote ../customext -iquote ../fdt -iquote ../softfloat -iquote ../spike_main -iquote ../spike_dasm   -fPIC -I../fdt -c c_mv.cc
g++ -MMD -MP  -DPREFIX=\"/work/riscv\" -Wall -Wno-unused -Wno-nonportable-include-path -g -O2 -fPIC -std=c++2a -g -O2   -iquote . -I.. -iquote ../fesvr -iquote ../riscv -iquote ../disasm -iquote ../customext -iquote ../fdt -iquote ../softfloat -iquote ../spike_main -iquote ../spike_dasm   -fPIC -I../fdt -c c_or.cc
g++ -MMD -MP  -DPREFIX=\"/work/riscv\" -Wall -Wno-unused -Wno-nonportable-include-path -g -O2 -fPIC -std=c++2a -g -O2   -iquote . -I.. -iquote ../fesvr -iquote ../riscv -iquote ../disasm -iquote ../customext -iquote ../fdt -iquote ../softfloat -iquote ../spike_main -iquote ../spike_dasm   -fPIC -I../fdt -c c_slli.cc
g++ -MMD -MP  -DPREFIX=\"/work/riscv\" -Wall -Wno-unused -Wno-nonportable-include-path -g -O2 -fPIC -std=c++2a -g -O2   -iquote . -I.. -iquote ../fesvr -iquote ../riscv -iquote ../disasm -iquote ../customext -iquote ../fdt -iquote ../softfloat -iquote ../spike_main -iquote ../spike_dasm   -fPIC -I../fdt -c c_srai.cc
g++ -MMD -MP  -DPREFIX=\"/work/riscv\" -Wall -Wno-unused -Wno-nonportable-include-path -g -O2 -fPIC -std=c++2a -g -O2   -iquote . -I.. -iquote ../fesvr -iquote ../riscv -iquote ../disasm -iquote ../customext -iquote ../fdt -iquote ../softfloat -iquote ../spike_main -iquote ../spike_dasm   -fPIC -I../fdt -c c_srli.cc
g++ -MMD -MP  -DPREFIX=\"/work/riscv\" -Wall -Wno-unused -Wno-nonportable-include-path -g -O2 -fPIC -std=c++2a -g -O2   -iquote . -I.. -iquote ../fesvr -iquote ../riscv -iquote ../disasm -iquote ../customext -iquote ../fdt -iquote ../softfloat -iquote ../spike_main -iquote ../spike_dasm   -fPIC -I../fdt -c c_sub.cc
g++ -MMD -MP  -DPREFIX=\"/work/riscv\" -Wall -Wno-unused -Wno-nonportable-include-path -g -O2 -fPIC -std=c++2a -g -O2   -iquote . -I.. -iquote ../fesvr -iquote ../riscv -iquote ../disasm -iquote ../customext -iquote ../fdt -iquote ../softfloat -iquote ../spike_main -iquote ../spike_dasm   -fPIC -I../fdt -c c_subw.cc
g++ -MMD -MP  -DPREFIX=\"/work/riscv\" -Wall -Wno-unused -Wno-nonportable-include-path -g -O2 -fPIC -std=c++2a -g -O2   -iquote . -I.. -iquote ../fesvr -iquote ../riscv -iquote ../disasm -iquote ../customext -iquote ../fdt -iquote ../softfloat -iquote ../spike_main -iquote ../spike_dasm   -fPIC -I../fdt -c c_sd.cc
g++ -MMD -MP  -DPREFIX=\"/work/riscv\" -Wall -Wno-unused -Wno-nonportable-include-path -g -O2 -fPIC -std=c++2a -g -O2   -iquote . -I.. -iquote ../fesvr -iquote ../riscv -iquote ../disasm -iquote ../customext -iquote ../fdt -iquote ../softfloat -iquote ../spike_main -iquote ../spike_dasm   -fPIC -I../fdt -c c_sdsp.cc
g++ -MMD -MP  -DPREFIX=\"/work/riscv\" -Wall -Wno-unused -Wno-nonportable-include-path -g -O2 -fPIC -std=c++2a -g -O2   -iquote . -I.. -iquote ../fesvr -iquote ../riscv -iquote ../disasm -iquote ../customext -iquote ../fdt -iquote ../softfloat -iquote ../spike_main -iquote ../spike_dasm   -fPIC -I../fdt -c c_sw.cc
g++ -MMD -MP  -DPREFIX=\"/work/riscv\" -Wall -Wno-unused -Wno-nonportable-include-path -g -O2 -fPIC -std=c++2a -g -O2   -iquote . -I.. -iquote ../fesvr -iquote ../riscv -iquote ../disasm -iquote ../customext -iquote ../fdt -iquote ../softfloat -iquote ../spike_main -iquote ../spike_dasm   -fPIC -I../fdt -c c_swsp.cc
g++ -MMD -MP  -DPREFIX=\"/work/riscv\" -Wall -Wno-unused -Wno-nonportable-include-path -g -O2 -fPIC -std=c++2a -g -O2   -iquote . -I.. -iquote ../fesvr -iquote ../riscv -iquote ../disasm -iquote ../customext -iquote ../fdt -iquote ../softfloat -iquote ../spike_main -iquote ../spike_dasm   -fPIC -I../fdt -c c_xor.cc
g++ -MMD -MP  -DPREFIX=\"/work/riscv\" -Wall -Wno-unused -Wno-nonportable-include-path -g -O2 -fPIC -std=c++2a -g -O2   -iquote . -I.. -iquote ../fesvr -iquote ../riscv -iquote ../disasm -iquote ../customext -iquote ../fdt -iquote ../softfloat -iquote ../spike_main -iquote ../spike_dasm   -fPIC -I../fdt -c fadd_s.cc
g++ -MMD -MP  -DPREFIX=\"/work/riscv\" -Wall -Wno-unused -Wno-nonportable-include-path -g -O2 -fPIC -std=c++2a -g -O2   -iquote . -I.. -iquote ../fesvr -iquote ../riscv -iquote ../disasm -iquote ../customext -iquote ../fdt -iquote ../softfloat -iquote ../spike_main -iquote ../spike_dasm   -fPIC -I../fdt -c fclass_s.cc
g++ -MMD -MP  -DPREFIX=\"/work/riscv\" -Wall -Wno-unused -Wno-nonportable-include-path -g -O2 -fPIC -std=c++2a -g -O2   -iquote . -I.. -iquote ../fesvr -iquote ../riscv -iquote ../disasm -iquote ../customext -iquote ../fdt -iquote ../softfloat -iquote ../spike_main -iquote ../spike_dasm   -fPIC -I../fdt -c fcvt_l_s.cc
g++ -MMD -MP  -DPREFIX=\"/work/riscv\" -Wall -Wno-unused -Wno-nonportable-include-path -g -O2 -fPIC -std=c++2a -g -O2   -iquote . -I.. -iquote ../fesvr -iquote ../riscv -iquote ../disasm -iquote ../customext -iquote ../fdt -iquote ../softfloat -iquote ../spike_main -iquote ../spike_dasm   -fPIC -I../fdt -c fcvt_lu_s.cc
g++ -MMD -MP  -DPREFIX=\"/work/riscv\" -Wall -Wno-unused -Wno-nonportable-include-path -g -O2 -fPIC -std=c++2a -g -O2   -iquote . -I.. -iquote ../fesvr -iquote ../riscv -iquote ../disasm -iquote ../customext -iquote ../fdt -iquote ../softfloat -iquote ../spike_main -iquote ../spike_dasm   -fPIC -I../fdt -c fcvt_s_l.cc
g++ -MMD -MP  -DPREFIX=\"/work/riscv\" -Wall -Wno-unused -Wno-nonportable-include-path -g -O2 -fPIC -std=c++2a -g -O2   -iquote . -I.. -iquote ../fesvr -iquote ../riscv -iquote ../disasm -iquote ../customext -iquote ../fdt -iquote ../softfloat -iquote ../spike_main -iquote ../spike_dasm   -fPIC -I../fdt -c fcvt_s_lu.cc
g++ -MMD -MP  -DPREFIX=\"/work/riscv\" -Wall -Wno-unused -Wno-nonportable-include-path -g -O2 -fPIC -std=c++2a -g -O2   -iquote . -I.. -iquote ../fesvr -iquote ../riscv -iquote ../disasm -iquote ../customext -iquote ../fdt -iquote ../softfloat -iquote ../spike_main -iquote ../spike_dasm   -fPIC -I../fdt -c fcvt_s_w.cc
cc1plus: note: unrecognized command-line option ‘-Wno-nonportable-include-path’ may have been intended to silence earlier diagnostics
g++ -MMD -MP  -DPREFIX=\"/work/riscv\" -Wall -Wno-unused -Wno-nonportable-include-path -g -O2 -fPIC -std=c++2a -g -O2   -iquote . -I.. -iquote ../fesvr -iquote ../riscv -iquote ../disasm -iquote ../customext -iquote ../fdt -iquote ../softfloat -iquote ../spike_main -iquote ../spike_dasm   -fPIC -I../fdt -c fcvt_s_wu.cc
cc1plus: note: unrecognized command-line option ‘-Wno-nonportable-include-path’ may have been intended to silence earlier diagnostics
g++ -MMD -MP  -DPREFIX=\"/work/riscv\" -Wall -Wno-unused -Wno-nonportable-include-path -g -O2 -fPIC -std=c++2a -g -O2   -iquote . -I.. -iquote ../fesvr -iquote ../riscv -iquote ../disasm -iquote ../customext -iquote ../fdt -iquote ../softfloat -iquote ../spike_main -iquote ../spike_dasm   -fPIC -I../fdt -c fcvt_w_s.cc
g++ -MMD -MP  -DPREFIX=\"/work/riscv\" -Wall -Wno-unused -Wno-nonportable-include-path -g -O2 -fPIC -std=c++2a -g -O2   -iquote . -I.. -iquote ../fesvr -iquote ../riscv -iquote ../disasm -iquote ../customext -iquote ../fdt -iquote ../softfloat -iquote ../spike_main -iquote ../spike_dasm   -fPIC -I../fdt -c fcvt_wu_s.cc
g++ -MMD -MP  -DPREFIX=\"/work/riscv\" -Wall -Wno-unused -Wno-nonportable-include-path -g -O2 -fPIC -std=c++2a -g -O2   -iquote . -I.. -iquote ../fesvr -iquote ../riscv -iquote ../disasm -iquote ../customext -iquote ../fdt -iquote ../softfloat -iquote ../spike_main -iquote ../spike_dasm   -fPIC -I../fdt -c fdiv_s.cc
g++ -MMD -MP  -DPREFIX=\"/work/riscv\" -Wall -Wno-unused -Wno-nonportable-include-path -g -O2 -fPIC -std=c++2a -g -O2   -iquote . -I.. -iquote ../fesvr -iquote ../riscv -iquote ../disasm -iquote ../customext -iquote ../fdt -iquote ../softfloat -iquote ../spike_main -iquote ../spike_dasm   -fPIC -I../fdt -c feq_s.cc
g++ -MMD -MP  -DPREFIX=\"/work/riscv\" -Wall -Wno-unused -Wno-nonportable-include-path -g -O2 -fPIC -std=c++2a -g -O2   -iquote . -I.. -iquote ../fesvr -iquote ../riscv -iquote ../disasm -iquote ../customext -iquote ../fdt -iquote ../softfloat -iquote ../spike_main -iquote ../spike_dasm   -fPIC -I../fdt -c fle_s.cc
g++ -MMD -MP  -DPREFIX=\"/work/riscv\" -Wall -Wno-unused -Wno-nonportable-include-path -g -O2 -fPIC -std=c++2a -g -O2   -iquote . -I.. -iquote ../fesvr -iquote ../riscv -iquote ../disasm -iquote ../customext -iquote ../fdt -iquote ../softfloat -iquote ../spike_main -iquote ../spike_dasm   -fPIC -I../fdt -c flt_s.cc
g++ -MMD -MP  -DPREFIX=\"/work/riscv\" -Wall -Wno-unused -Wno-nonportable-include-path -g -O2 -fPIC -std=c++2a -g -O2   -iquote . -I.. -iquote ../fesvr -iquote ../riscv -iquote ../disasm -iquote ../customext -iquote ../fdt -iquote ../softfloat -iquote ../spike_main -iquote ../spike_dasm   -fPIC -I../fdt -c flw.cc
g++ -MMD -MP  -DPREFIX=\"/work/riscv\" -Wall -Wno-unused -Wno-nonportable-include-path -g -O2 -fPIC -std=c++2a -g -O2   -iquote . -I.. -iquote ../fesvr -iquote ../riscv -iquote ../disasm -iquote ../customext -iquote ../fdt -iquote ../softfloat -iquote ../spike_main -iquote ../spike_dasm   -fPIC -I../fdt -c fmadd_s.cc
g++ -MMD -MP  -DPREFIX=\"/work/riscv\" -Wall -Wno-unused -Wno-nonportable-include-path -g -O2 -fPIC -std=c++2a -g -O2   -iquote . -I.. -iquote ../fesvr -iquote ../riscv -iquote ../disasm -iquote ../customext -iquote ../fdt -iquote ../softfloat -iquote ../spike_main -iquote ../spike_dasm   -fPIC -I../fdt -c fmax_s.cc
g++ -MMD -MP  -DPREFIX=\"/work/riscv\" -Wall -Wno-unused -Wno-nonportable-include-path -g -O2 -fPIC -std=c++2a -g -O2   -iquote . -I.. -iquote ../fesvr -iquote ../riscv -iquote ../disasm -iquote ../customext -iquote ../fdt -iquote ../softfloat -iquote ../spike_main -iquote ../spike_dasm   -fPIC -I../fdt -c fmin_s.cc
g++ -MMD -MP  -DPREFIX=\"/work/riscv\" -Wall -Wno-unused -Wno-nonportable-include-path -g -O2 -fPIC -std=c++2a -g -O2   -iquote . -I.. -iquote ../fesvr -iquote ../riscv -iquote ../disasm -iquote ../customext -iquote ../fdt -iquote ../softfloat -iquote ../spike_main -iquote ../spike_dasm   -fPIC -I../fdt -c fmsub_s.cc
g++ -MMD -MP  -DPREFIX=\"/work/riscv\" -Wall -Wno-unused -Wno-nonportable-include-path -g -O2 -fPIC -std=c++2a -g -O2   -iquote . -I.. -iquote ../fesvr -iquote ../riscv -iquote ../disasm -iquote ../customext -iquote ../fdt -iquote ../softfloat -iquote ../spike_main -iquote ../spike_dasm   -fPIC -I../fdt -c fmul_s.cc
g++ -MMD -MP  -DPREFIX=\"/work/riscv\" -Wall -Wno-unused -Wno-nonportable-include-path -g -O2 -fPIC -std=c++2a -g -O2   -iquote . -I.. -iquote ../fesvr -iquote ../riscv -iquote ../disasm -iquote ../customext -iquote ../fdt -iquote ../softfloat -iquote ../spike_main -iquote ../spike_dasm   -fPIC -I../fdt -c fmv_w_x.cc
g++ -MMD -MP  -DPREFIX=\"/work/riscv\" -Wall -Wno-unused -Wno-nonportable-include-path -g -O2 -fPIC -std=c++2a -g -O2   -iquote . -I.. -iquote ../fesvr -iquote ../riscv -iquote ../disasm -iquote ../customext -iquote ../fdt -iquote ../softfloat -iquote ../spike_main -iquote ../spike_dasm   -fPIC -I../fdt -c fmv_x_w.cc
g++ -MMD -MP  -DPREFIX=\"/work/riscv\" -Wall -Wno-unused -Wno-nonportable-include-path -g -O2 -fPIC -std=c++2a -g -O2   -iquote . -I.. -iquote ../fesvr -iquote ../riscv -iquote ../disasm -iquote ../customext -iquote ../fdt -iquote ../softfloat -iquote ../spike_main -iquote ../spike_dasm   -fPIC -I../fdt -c fnmadd_s.cc
g++ -MMD -MP  -DPREFIX=\"/work/riscv\" -Wall -Wno-unused -Wno-nonportable-include-path -g -O2 -fPIC -std=c++2a -g -O2   -iquote . -I.. -iquote ../fesvr -iquote ../riscv -iquote ../disasm -iquote ../customext -iquote ../fdt -iquote ../softfloat -iquote ../spike_main -iquote ../spike_dasm   -fPIC -I../fdt -c fnmsub_s.cc
g++ -MMD -MP  -DPREFIX=\"/work/riscv\" -Wall -Wno-unused -Wno-nonportable-include-path -g -O2 -fPIC -std=c++2a -g -O2   -iquote . -I.. -iquote ../fesvr -iquote ../riscv -iquote ../disasm -iquote ../customext -iquote ../fdt -iquote ../softfloat -iquote ../spike_main -iquote ../spike_dasm   -fPIC -I../fdt -c fsgnj_s.cc
g++ -MMD -MP  -DPREFIX=\"/work/riscv\" -Wall -Wno-unused -Wno-nonportable-include-path -g -O2 -fPIC -std=c++2a -g -O2   -iquote . -I.. -iquote ../fesvr -iquote ../riscv -iquote ../disasm -iquote ../customext -iquote ../fdt -iquote ../softfloat -iquote ../spike_main -iquote ../spike_dasm   -fPIC -I../fdt -c fsgnjn_s.cc
g++ -MMD -MP  -DPREFIX=\"/work/riscv\" -Wall -Wno-unused -Wno-nonportable-include-path -g -O2 -fPIC -std=c++2a -g -O2   -iquote . -I.. -iquote ../fesvr -iquote ../riscv -iquote ../disasm -iquote ../customext -iquote ../fdt -iquote ../softfloat -iquote ../spike_main -iquote ../spike_dasm   -fPIC -I../fdt -c fsgnjx_s.cc
g++ -MMD -MP  -DPREFIX=\"/work/riscv\" -Wall -Wno-unused -Wno-nonportable-include-path -g -O2 -fPIC -std=c++2a -g -O2   -iquote . -I.. -iquote ../fesvr -iquote ../riscv -iquote ../disasm -iquote ../customext -iquote ../fdt -iquote ../softfloat -iquote ../spike_main -iquote ../spike_dasm   -fPIC -I../fdt -c fsqrt_s.cc
g++ -MMD -MP  -DPREFIX=\"/work/riscv\" -Wall -Wno-unused -Wno-nonportable-include-path -g -O2 -fPIC -std=c++2a -g -O2   -iquote . -I.. -iquote ../fesvr -iquote ../riscv -iquote ../disasm -iquote ../customext -iquote ../fdt -iquote ../softfloat -iquote ../spike_main -iquote ../spike_dasm   -fPIC -I../fdt -c fsub_s.cc
g++ -MMD -MP  -DPREFIX=\"/work/riscv\" -Wall -Wno-unused -Wno-nonportable-include-path -g -O2 -fPIC -std=c++2a -g -O2   -iquote . -I.. -iquote ../fesvr -iquote ../riscv -iquote ../disasm -iquote ../customext -iquote ../fdt -iquote ../softfloat -iquote ../spike_main -iquote ../spike_dasm   -fPIC -I../fdt -c fsw.cc
g++ -MMD -MP  -DPREFIX=\"/work/riscv\" -Wall -Wno-unused -Wno-nonportable-include-path -g -O2 -fPIC -std=c++2a -g -O2   -iquote . -I.. -iquote ../fesvr -iquote ../riscv -iquote ../disasm -iquote ../customext -iquote ../fdt -iquote ../softfloat -iquote ../spike_main -iquote ../spike_dasm   -fPIC -I../fdt -c fadd_d.cc
g++ -MMD -MP  -DPREFIX=\"/work/riscv\" -Wall -Wno-unused -Wno-nonportable-include-path -g -O2 -fPIC -std=c++2a -g -O2   -iquote . -I.. -iquote ../fesvr -iquote ../riscv -iquote ../disasm -iquote ../customext -iquote ../fdt -iquote ../softfloat -iquote ../spike_main -iquote ../spike_dasm   -fPIC -I../fdt -c fclass_d.cc
g++ -MMD -MP  -DPREFIX=\"/work/riscv\" -Wall -Wno-unused -Wno-nonportable-include-path -g -O2 -fPIC -std=c++2a -g -O2   -iquote . -I.. -iquote ../fesvr -iquote ../riscv -iquote ../disasm -iquote ../customext -iquote ../fdt -iquote ../softfloat -iquote ../spike_main -iquote ../spike_dasm   -fPIC -I../fdt -c fcvt_d_l.cc
g++ -MMD -MP  -DPREFIX=\"/work/riscv\" -Wall -Wno-unused -Wno-nonportable-include-path -g -O2 -fPIC -std=c++2a -g -O2   -iquote . -I.. -iquote ../fesvr -iquote ../riscv -iquote ../disasm -iquote ../customext -iquote ../fdt -iquote ../softfloat -iquote ../spike_main -iquote ../spike_dasm   -fPIC -I../fdt -c fcvt_d_lu.cc
g++ -MMD -MP  -DPREFIX=\"/work/riscv\" -Wall -Wno-unused -Wno-nonportable-include-path -g -O2 -fPIC -std=c++2a -g -O2   -iquote . -I.. -iquote ../fesvr -iquote ../riscv -iquote ../disasm -iquote ../customext -iquote ../fdt -iquote ../softfloat -iquote ../spike_main -iquote ../spike_dasm   -fPIC -I../fdt -c fcvt_d_q.cc
g++ -MMD -MP  -DPREFIX=\"/work/riscv\" -Wall -Wno-unused -Wno-nonportable-include-path -g -O2 -fPIC -std=c++2a -g -O2   -iquote . -I.. -iquote ../fesvr -iquote ../riscv -iquote ../disasm -iquote ../customext -iquote ../fdt -iquote ../softfloat -iquote ../spike_main -iquote ../spike_dasm   -fPIC -I../fdt -c fcvt_d_s.cc
g++ -MMD -MP  -DPREFIX=\"/work/riscv\" -Wall -Wno-unused -Wno-nonportable-include-path -g -O2 -fPIC -std=c++2a -g -O2   -iquote . -I.. -iquote ../fesvr -iquote ../riscv -iquote ../disasm -iquote ../customext -iquote ../fdt -iquote ../softfloat -iquote ../spike_main -iquote ../spike_dasm   -fPIC -I../fdt -c fcvt_d_w.cc
g++ -MMD -MP  -DPREFIX=\"/work/riscv\" -Wall -Wno-unused -Wno-nonportable-include-path -g -O2 -fPIC -std=c++2a -g -O2   -iquote . -I.. -iquote ../fesvr -iquote ../riscv -iquote ../disasm -iquote ../customext -iquote ../fdt -iquote ../softfloat -iquote ../spike_main -iquote ../spike_dasm   -fPIC -I../fdt -c fcvt_d_wu.cc
g++ -MMD -MP  -DPREFIX=\"/work/riscv\" -Wall -Wno-unused -Wno-nonportable-include-path -g -O2 -fPIC -std=c++2a -g -O2   -iquote . -I.. -iquote ../fesvr -iquote ../riscv -iquote ../disasm -iquote ../customext -iquote ../fdt -iquote ../softfloat -iquote ../spike_main -iquote ../spike_dasm   -fPIC -I../fdt -c fcvt_l_d.cc
g++ -MMD -MP  -DPREFIX=\"/work/riscv\" -Wall -Wno-unused -Wno-nonportable-include-path -g -O2 -fPIC -std=c++2a -g -O2   -iquote . -I.. -iquote ../fesvr -iquote ../riscv -iquote ../disasm -iquote ../customext -iquote ../fdt -iquote ../softfloat -iquote ../spike_main -iquote ../spike_dasm   -fPIC -I../fdt -c fcvt_lu_d.cc
g++ -MMD -MP  -DPREFIX=\"/work/riscv\" -Wall -Wno-unused -Wno-nonportable-include-path -g -O2 -fPIC -std=c++2a -g -O2   -iquote . -I.. -iquote ../fesvr -iquote ../riscv -iquote ../disasm -iquote ../customext -iquote ../fdt -iquote ../softfloat -iquote ../spike_main -iquote ../spike_dasm   -fPIC -I../fdt -c fcvt_s_d.cc
g++ -MMD -MP  -DPREFIX=\"/work/riscv\" -Wall -Wno-unused -Wno-nonportable-include-path -g -O2 -fPIC -std=c++2a -g -O2   -iquote . -I.. -iquote ../fesvr -iquote ../riscv -iquote ../disasm -iquote ../customext -iquote ../fdt -iquote ../softfloat -iquote ../spike_main -iquote ../spike_dasm   -fPIC -I../fdt -c fcvt_w_d.cc
g++ -MMD -MP  -DPREFIX=\"/work/riscv\" -Wall -Wno-unused -Wno-nonportable-include-path -g -O2 -fPIC -std=c++2a -g -O2   -iquote . -I.. -iquote ../fesvr -iquote ../riscv -iquote ../disasm -iquote ../customext -iquote ../fdt -iquote ../softfloat -iquote ../spike_main -iquote ../spike_dasm   -fPIC -I../fdt -c fcvt_wu_d.cc
g++ -MMD -MP  -DPREFIX=\"/work/riscv\" -Wall -Wno-unused -Wno-nonportable-include-path -g -O2 -fPIC -std=c++2a -g -O2   -iquote . -I.. -iquote ../fesvr -iquote ../riscv -iquote ../disasm -iquote ../customext -iquote ../fdt -iquote ../softfloat -iquote ../spike_main -iquote ../spike_dasm   -fPIC -I../fdt -c fdiv_d.cc
g++ -MMD -MP  -DPREFIX=\"/work/riscv\" -Wall -Wno-unused -Wno-nonportable-include-path -g -O2 -fPIC -std=c++2a -g -O2   -iquote . -I.. -iquote ../fesvr -iquote ../riscv -iquote ../disasm -iquote ../customext -iquote ../fdt -iquote ../softfloat -iquote ../spike_main -iquote ../spike_dasm   -fPIC -I../fdt -c feq_d.cc
g++ -MMD -MP  -DPREFIX=\"/work/riscv\" -Wall -Wno-unused -Wno-nonportable-include-path -g -O2 -fPIC -std=c++2a -g -O2   -iquote . -I.. -iquote ../fesvr -iquote ../riscv -iquote ../disasm -iquote ../customext -iquote ../fdt -iquote ../softfloat -iquote ../spike_main -iquote ../spike_dasm   -fPIC -I../fdt -c fld.cc
g++ -MMD -MP  -DPREFIX=\"/work/riscv\" -Wall -Wno-unused -Wno-nonportable-include-path -g -O2 -fPIC -std=c++2a -g -O2   -iquote . -I.. -iquote ../fesvr -iquote ../riscv -iquote ../disasm -iquote ../customext -iquote ../fdt -iquote ../softfloat -iquote ../spike_main -iquote ../spike_dasm   -fPIC -I../fdt -c fle_d.cc
g++ -MMD -MP  -DPREFIX=\"/work/riscv\" -Wall -Wno-unused -Wno-nonportable-include-path -g -O2 -fPIC -std=c++2a -g -O2   -iquote . -I.. -iquote ../fesvr -iquote ../riscv -iquote ../disasm -iquote ../customext -iquote ../fdt -iquote ../softfloat -iquote ../spike_main -iquote ../spike_dasm   -fPIC -I../fdt -c flt_d.cc
g++ -MMD -MP  -DPREFIX=\"/work/riscv\" -Wall -Wno-unused -Wno-nonportable-include-path -g -O2 -fPIC -std=c++2a -g -O2   -iquote . -I.. -iquote ../fesvr -iquote ../riscv -iquote ../disasm -iquote ../customext -iquote ../fdt -iquote ../softfloat -iquote ../spike_main -iquote ../spike_dasm   -fPIC -I../fdt -c fmadd_d.cc
g++ -MMD -MP  -DPREFIX=\"/work/riscv\" -Wall -Wno-unused -Wno-nonportable-include-path -g -O2 -fPIC -std=c++2a -g -O2   -iquote . -I.. -iquote ../fesvr -iquote ../riscv -iquote ../disasm -iquote ../customext -iquote ../fdt -iquote ../softfloat -iquote ../spike_main -iquote ../spike_dasm   -fPIC -I../fdt -c fmax_d.cc
g++ -MMD -MP  -DPREFIX=\"/work/riscv\" -Wall -Wno-unused -Wno-nonportable-include-path -g -O2 -fPIC -std=c++2a -g -O2   -iquote . -I.. -iquote ../fesvr -iquote ../riscv -iquote ../disasm -iquote ../customext -iquote ../fdt -iquote ../softfloat -iquote ../spike_main -iquote ../spike_dasm   -fPIC -I../fdt -c fmin_d.cc
g++ -MMD -MP  -DPREFIX=\"/work/riscv\" -Wall -Wno-unused -Wno-nonportable-include-path -g -O2 -fPIC -std=c++2a -g -O2   -iquote . -I.. -iquote ../fesvr -iquote ../riscv -iquote ../disasm -iquote ../customext -iquote ../fdt -iquote ../softfloat -iquote ../spike_main -iquote ../spike_dasm   -fPIC -I../fdt -c fmsub_d.cc
g++ -MMD -MP  -DPREFIX=\"/work/riscv\" -Wall -Wno-unused -Wno-nonportable-include-path -g -O2 -fPIC -std=c++2a -g -O2   -iquote . -I.. -iquote ../fesvr -iquote ../riscv -iquote ../disasm -iquote ../customext -iquote ../fdt -iquote ../softfloat -iquote ../spike_main -iquote ../spike_dasm   -fPIC -I../fdt -c fmul_d.cc
g++ -MMD -MP  -DPREFIX=\"/work/riscv\" -Wall -Wno-unused -Wno-nonportable-include-path -g -O2 -fPIC -std=c++2a -g -O2   -iquote . -I.. -iquote ../fesvr -iquote ../riscv -iquote ../disasm -iquote ../customext -iquote ../fdt -iquote ../softfloat -iquote ../spike_main -iquote ../spike_dasm   -fPIC -I../fdt -c fmv_d_x.cc
g++ -MMD -MP  -DPREFIX=\"/work/riscv\" -Wall -Wno-unused -Wno-nonportable-include-path -g -O2 -fPIC -std=c++2a -g -O2   -iquote . -I.. -iquote ../fesvr -iquote ../riscv -iquote ../disasm -iquote ../customext -iquote ../fdt -iquote ../softfloat -iquote ../spike_main -iquote ../spike_dasm   -fPIC -I../fdt -c fmv_x_d.cc
g++ -MMD -MP  -DPREFIX=\"/work/riscv\" -Wall -Wno-unused -Wno-nonportable-include-path -g -O2 -fPIC -std=c++2a -g -O2   -iquote . -I.. -iquote ../fesvr -iquote ../riscv -iquote ../disasm -iquote ../customext -iquote ../fdt -iquote ../softfloat -iquote ../spike_main -iquote ../spike_dasm   -fPIC -I../fdt -c fnmadd_d.cc
g++ -MMD -MP  -DPREFIX=\"/work/riscv\" -Wall -Wno-unused -Wno-nonportable-include-path -g -O2 -fPIC -std=c++2a -g -O2   -iquote . -I.. -iquote ../fesvr -iquote ../riscv -iquote ../disasm -iquote ../customext -iquote ../fdt -iquote ../softfloat -iquote ../spike_main -iquote ../spike_dasm   -fPIC -I../fdt -c fnmsub_d.cc
g++ -MMD -MP  -DPREFIX=\"/work/riscv\" -Wall -Wno-unused -Wno-nonportable-include-path -g -O2 -fPIC -std=c++2a -g -O2   -iquote . -I.. -iquote ../fesvr -iquote ../riscv -iquote ../disasm -iquote ../customext -iquote ../fdt -iquote ../softfloat -iquote ../spike_main -iquote ../spike_dasm   -fPIC -I../fdt -c fsd.cc
g++ -MMD -MP  -DPREFIX=\"/work/riscv\" -Wall -Wno-unused -Wno-nonportable-include-path -g -O2 -fPIC -std=c++2a -g -O2   -iquote . -I.. -iquote ../fesvr -iquote ../riscv -iquote ../disasm -iquote ../customext -iquote ../fdt -iquote ../softfloat -iquote ../spike_main -iquote ../spike_dasm   -fPIC -I../fdt -c fsgnj_d.cc
g++ -MMD -MP  -DPREFIX=\"/work/riscv\" -Wall -Wno-unused -Wno-nonportable-include-path -g -O2 -fPIC -std=c++2a -g -O2   -iquote . -I.. -iquote ../fesvr -iquote ../riscv -iquote ../disasm -iquote ../customext -iquote ../fdt -iquote ../softfloat -iquote ../spike_main -iquote ../spike_dasm   -fPIC -I../fdt -c fsgnjn_d.cc
g++ -MMD -MP  -DPREFIX=\"/work/riscv\" -Wall -Wno-unused -Wno-nonportable-include-path -g -O2 -fPIC -std=c++2a -g -O2   -iquote . -I.. -iquote ../fesvr -iquote ../riscv -iquote ../disasm -iquote ../customext -iquote ../fdt -iquote ../softfloat -iquote ../spike_main -iquote ../spike_dasm   -fPIC -I../fdt -c fsgnjx_d.cc
g++ -MMD -MP  -DPREFIX=\"/work/riscv\" -Wall -Wno-unused -Wno-nonportable-include-path -g -O2 -fPIC -std=c++2a -g -O2   -iquote . -I.. -iquote ../fesvr -iquote ../riscv -iquote ../disasm -iquote ../customext -iquote ../fdt -iquote ../softfloat -iquote ../spike_main -iquote ../spike_dasm   -fPIC -I../fdt -c fsqrt_d.cc
g++ -MMD -MP  -DPREFIX=\"/work/riscv\" -Wall -Wno-unused -Wno-nonportable-include-path -g -O2 -fPIC -std=c++2a -g -O2   -iquote . -I.. -iquote ../fesvr -iquote ../riscv -iquote ../disasm -iquote ../customext -iquote ../fdt -iquote ../softfloat -iquote ../spike_main -iquote ../spike_dasm   -fPIC -I../fdt -c fsub_d.cc
g++ -MMD -MP  -DPREFIX=\"/work/riscv\" -Wall -Wno-unused -Wno-nonportable-include-path -g -O2 -fPIC -std=c++2a -g -O2   -iquote . -I.. -iquote ../fesvr -iquote ../riscv -iquote ../disasm -iquote ../customext -iquote ../fdt -iquote ../softfloat -iquote ../spike_main -iquote ../spike_dasm   -fPIC -I../fdt -c div.cc
g++ -MMD -MP  -DPREFIX=\"/work/riscv\" -Wall -Wno-unused -Wno-nonportable-include-path -g -O2 -fPIC -std=c++2a -g -O2   -iquote . -I.. -iquote ../fesvr -iquote ../riscv -iquote ../disasm -iquote ../customext -iquote ../fdt -iquote ../softfloat -iquote ../spike_main -iquote ../spike_dasm   -fPIC -I../fdt -c divu.cc
g++ -MMD -MP  -DPREFIX=\"/work/riscv\" -Wall -Wno-unused -Wno-nonportable-include-path -g -O2 -fPIC -std=c++2a -g -O2   -iquote . -I.. -iquote ../fesvr -iquote ../riscv -iquote ../disasm -iquote ../customext -iquote ../fdt -iquote ../softfloat -iquote ../spike_main -iquote ../spike_dasm   -fPIC -I../fdt -c divuw.cc
g++ -MMD -MP  -DPREFIX=\"/work/riscv\" -Wall -Wno-unused -Wno-nonportable-include-path -g -O2 -fPIC -std=c++2a -g -O2   -iquote . -I.. -iquote ../fesvr -iquote ../riscv -iquote ../disasm -iquote ../customext -iquote ../fdt -iquote ../softfloat -iquote ../spike_main -iquote ../spike_dasm   -fPIC -I../fdt -c divw.cc
g++ -MMD -MP  -DPREFIX=\"/work/riscv\" -Wall -Wno-unused -Wno-nonportable-include-path -g -O2 -fPIC -std=c++2a -g -O2   -iquote . -I.. -iquote ../fesvr -iquote ../riscv -iquote ../disasm -iquote ../customext -iquote ../fdt -iquote ../softfloat -iquote ../spike_main -iquote ../spike_dasm   -fPIC -I../fdt -c mul.cc
g++ -MMD -MP  -DPREFIX=\"/work/riscv\" -Wall -Wno-unused -Wno-nonportable-include-path -g -O2 -fPIC -std=c++2a -g -O2   -iquote . -I.. -iquote ../fesvr -iquote ../riscv -iquote ../disasm -iquote ../customext -iquote ../fdt -iquote ../softfloat -iquote ../spike_main -iquote ../spike_dasm   -fPIC -I../fdt -c mulh.cc
g++ -MMD -MP  -DPREFIX=\"/work/riscv\" -Wall -Wno-unused -Wno-nonportable-include-path -g -O2 -fPIC -std=c++2a -g -O2   -iquote . -I.. -iquote ../fesvr -iquote ../riscv -iquote ../disasm -iquote ../customext -iquote ../fdt -iquote ../softfloat -iquote ../spike_main -iquote ../spike_dasm   -fPIC -I../fdt -c mulhsu.cc
g++ -MMD -MP  -DPREFIX=\"/work/riscv\" -Wall -Wno-unused -Wno-nonportable-include-path -g -O2 -fPIC -std=c++2a -g -O2   -iquote . -I.. -iquote ../fesvr -iquote ../riscv -iquote ../disasm -iquote ../customext -iquote ../fdt -iquote ../softfloat -iquote ../spike_main -iquote ../spike_dasm   -fPIC -I../fdt -c mulhu.cc
g++ -MMD -MP  -DPREFIX=\"/work/riscv\" -Wall -Wno-unused -Wno-nonportable-include-path -g -O2 -fPIC -std=c++2a -g -O2   -iquote . -I.. -iquote ../fesvr -iquote ../riscv -iquote ../disasm -iquote ../customext -iquote ../fdt -iquote ../softfloat -iquote ../spike_main -iquote ../spike_dasm   -fPIC -I../fdt -c mulw.cc
g++ -MMD -MP  -DPREFIX=\"/work/riscv\" -Wall -Wno-unused -Wno-nonportable-include-path -g -O2 -fPIC -std=c++2a -g -O2   -iquote . -I.. -iquote ../fesvr -iquote ../riscv -iquote ../disasm -iquote ../customext -iquote ../fdt -iquote ../softfloat -iquote ../spike_main -iquote ../spike_dasm   -fPIC -I../fdt -c rem.cc
g++ -MMD -MP  -DPREFIX=\"/work/riscv\" -Wall -Wno-unused -Wno-nonportable-include-path -g -O2 -fPIC -std=c++2a -g -O2   -iquote . -I.. -iquote ../fesvr -iquote ../riscv -iquote ../disasm -iquote ../customext -iquote ../fdt -iquote ../softfloat -iquote ../spike_main -iquote ../spike_dasm   -fPIC -I../fdt -c remu.cc
g++ -MMD -MP  -DPREFIX=\"/work/riscv\" -Wall -Wno-unused -Wno-nonportable-include-path -g -O2 -fPIC -std=c++2a -g -O2   -iquote . -I.. -iquote ../fesvr -iquote ../riscv -iquote ../disasm -iquote ../customext -iquote ../fdt -iquote ../softfloat -iquote ../spike_main -iquote ../spike_dasm   -fPIC -I../fdt -c remuw.cc
g++ -MMD -MP  -DPREFIX=\"/work/riscv\" -Wall -Wno-unused -Wno-nonportable-include-path -g -O2 -fPIC -std=c++2a -g -O2   -iquote . -I.. -iquote ../fesvr -iquote ../riscv -iquote ../disasm -iquote ../customext -iquote ../fdt -iquote ../softfloat -iquote ../spike_main -iquote ../spike_dasm   -fPIC -I../fdt -c remw.cc
g++ -MMD -MP  -DPREFIX=\"/work/riscv\" -Wall -Wno-unused -Wno-nonportable-include-path -g -O2 -fPIC -std=c++2a -g -O2   -iquote . -I.. -iquote ../fesvr -iquote ../riscv -iquote ../disasm -iquote ../customext -iquote ../fdt -iquote ../softfloat -iquote ../spike_main -iquote ../spike_dasm   -fPIC -I../fdt -c add_uw.cc
g++ -MMD -MP  -DPREFIX=\"/work/riscv\" -Wall -Wno-unused -Wno-nonportable-include-path -g -O2 -fPIC -std=c++2a -g -O2   -iquote . -I.. -iquote ../fesvr -iquote ../riscv -iquote ../disasm -iquote ../customext -iquote ../fdt -iquote ../softfloat -iquote ../spike_main -iquote ../spike_dasm   -fPIC -I../fdt -c andn.cc
g++ -MMD -MP  -DPREFIX=\"/work/riscv\" -Wall -Wno-unused -Wno-nonportable-include-path -g -O2 -fPIC -std=c++2a -g -O2   -iquote . -I.. -iquote ../fesvr -iquote ../riscv -iquote ../disasm -iquote ../customext -iquote ../fdt -iquote ../softfloat -iquote ../spike_main -iquote ../spike_dasm   -fPIC -I../fdt -c sh1add.cc
g++ -MMD -MP  -DPREFIX=\"/work/riscv\" -Wall -Wno-unused -Wno-nonportable-include-path -g -O2 -fPIC -std=c++2a -g -O2   -iquote . -I.. -iquote ../fesvr -iquote ../riscv -iquote ../disasm -iquote ../customext -iquote ../fdt -iquote ../softfloat -iquote ../spike_main -iquote ../spike_dasm   -fPIC -I../fdt -c sh1add_uw.cc
g++ -MMD -MP  -DPREFIX=\"/work/riscv\" -Wall -Wno-unused -Wno-nonportable-include-path -g -O2 -fPIC -std=c++2a -g -O2   -iquote . -I.. -iquote ../fesvr -iquote ../riscv -iquote ../disasm -iquote ../customext -iquote ../fdt -iquote ../softfloat -iquote ../spike_main -iquote ../spike_dasm   -fPIC -I../fdt -c sh2add.cc
g++ -MMD -MP  -DPREFIX=\"/work/riscv\" -Wall -Wno-unused -Wno-nonportable-include-path -g -O2 -fPIC -std=c++2a -g -O2   -iquote . -I.. -iquote ../fesvr -iquote ../riscv -iquote ../disasm -iquote ../customext -iquote ../fdt -iquote ../softfloat -iquote ../spike_main -iquote ../spike_dasm   -fPIC -I../fdt -c sh2add_uw.cc
g++ -MMD -MP  -DPREFIX=\"/work/riscv\" -Wall -Wno-unused -Wno-nonportable-include-path -g -O2 -fPIC -std=c++2a -g -O2   -iquote . -I.. -iquote ../fesvr -iquote ../riscv -iquote ../disasm -iquote ../customext -iquote ../fdt -iquote ../softfloat -iquote ../spike_main -iquote ../spike_dasm   -fPIC -I../fdt -c sh3add.cc
g++ -MMD -MP  -DPREFIX=\"/work/riscv\" -Wall -Wno-unused -Wno-nonportable-include-path -g -O2 -fPIC -std=c++2a -g -O2   -iquote . -I.. -iquote ../fesvr -iquote ../riscv -iquote ../disasm -iquote ../customext -iquote ../fdt -iquote ../softfloat -iquote ../spike_main -iquote ../spike_dasm   -fPIC -I../fdt -c sh3add_uw.cc
g++ -MMD -MP  -DPREFIX=\"/work/riscv\" -Wall -Wno-unused -Wno-nonportable-include-path -g -O2 -fPIC -std=c++2a -g -O2   -iquote . -I.. -iquote ../fesvr -iquote ../riscv -iquote ../disasm -iquote ../customext -iquote ../fdt -iquote ../softfloat -iquote ../spike_main -iquote ../spike_dasm   -fPIC -I../fdt -c clmul.cc
g++ -MMD -MP  -DPREFIX=\"/work/riscv\" -Wall -Wno-unused -Wno-nonportable-include-path -g -O2 -fPIC -std=c++2a -g -O2   -iquote . -I.. -iquote ../fesvr -iquote ../riscv -iquote ../disasm -iquote ../customext -iquote ../fdt -iquote ../softfloat -iquote ../spike_main -iquote ../spike_dasm   -fPIC -I../fdt -c clmulh.cc
g++ -MMD -MP  -DPREFIX=\"/work/riscv\" -Wall -Wno-unused -Wno-nonportable-include-path -g -O2 -fPIC -std=c++2a -g -O2   -iquote . -I.. -iquote ../fesvr -iquote ../riscv -iquote ../disasm -iquote ../customext -iquote ../fdt -iquote ../softfloat -iquote ../spike_main -iquote ../spike_dasm   -fPIC -I../fdt -c clmulr.cc
g++ -MMD -MP  -DPREFIX=\"/work/riscv\" -Wall -Wno-unused -Wno-nonportable-include-path -g -O2 -fPIC -std=c++2a -g -O2   -iquote . -I.. -iquote ../fesvr -iquote ../riscv -iquote ../disasm -iquote ../customext -iquote ../fdt -iquote ../softfloat -iquote ../spike_main -iquote ../spike_dasm   -fPIC -I../fdt -c clz.cc
g++ -MMD -MP  -DPREFIX=\"/work/riscv\" -Wall -Wno-unused -Wno-nonportable-include-path -g -O2 -fPIC -std=c++2a -g -O2   -iquote . -I.. -iquote ../fesvr -iquote ../riscv -iquote ../disasm -iquote ../customext -iquote ../fdt -iquote ../softfloat -iquote ../spike_main -iquote ../spike_dasm   -fPIC -I../fdt -c clzw.cc
g++ -MMD -MP  -DPREFIX=\"/work/riscv\" -Wall -Wno-unused -Wno-nonportable-include-path -g -O2 -fPIC -std=c++2a -g -O2   -iquote . -I.. -iquote ../fesvr -iquote ../riscv -iquote ../disasm -iquote ../customext -iquote ../fdt -iquote ../softfloat -iquote ../spike_main -iquote ../spike_dasm   -fPIC -I../fdt -c ctz.cc
g++ -MMD -MP  -DPREFIX=\"/work/riscv\" -Wall -Wno-unused -Wno-nonportable-include-path -g -O2 -fPIC -std=c++2a -g -O2   -iquote . -I.. -iquote ../fesvr -iquote ../riscv -iquote ../disasm -iquote ../customext -iquote ../fdt -iquote ../softfloat -iquote ../spike_main -iquote ../spike_dasm   -fPIC -I../fdt -c ctzw.cc
g++ -MMD -MP  -DPREFIX=\"/work/riscv\" -Wall -Wno-unused -Wno-nonportable-include-path -g -O2 -fPIC -std=c++2a -g -O2   -iquote . -I.. -iquote ../fesvr -iquote ../riscv -iquote ../disasm -iquote ../customext -iquote ../fdt -iquote ../softfloat -iquote ../spike_main -iquote ../spike_dasm   -fPIC -I../fdt -c gorci.cc
g++ -MMD -MP  -DPREFIX=\"/work/riscv\" -Wall -Wno-unused -Wno-nonportable-include-path -g -O2 -fPIC -std=c++2a -g -O2   -iquote . -I.. -iquote ../fesvr -iquote ../riscv -iquote ../disasm -iquote ../customext -iquote ../fdt -iquote ../softfloat -iquote ../spike_main -iquote ../spike_dasm   -fPIC -I../fdt -c grevi.cc
g++ -MMD -MP  -DPREFIX=\"/work/riscv\" -Wall -Wno-unused -Wno-nonportable-include-path -g -O2 -fPIC -std=c++2a -g -O2   -iquote . -I.. -iquote ../fesvr -iquote ../riscv -iquote ../disasm -iquote ../customext -iquote ../fdt -iquote ../softfloat -iquote ../spike_main -iquote ../spike_dasm   -fPIC -I../fdt -c max.cc
g++ -MMD -MP  -DPREFIX=\"/work/riscv\" -Wall -Wno-unused -Wno-nonportable-include-path -g -O2 -fPIC -std=c++2a -g -O2   -iquote . -I.. -iquote ../fesvr -iquote ../riscv -iquote ../disasm -iquote ../customext -iquote ../fdt -iquote ../softfloat -iquote ../spike_main -iquote ../spike_dasm   -fPIC -I../fdt -c maxu.cc
g++ -MMD -MP  -DPREFIX=\"/work/riscv\" -Wall -Wno-unused -Wno-nonportable-include-path -g -O2 -fPIC -std=c++2a -g -O2   -iquote . -I.. -iquote ../fesvr -iquote ../riscv -iquote ../disasm -iquote ../customext -iquote ../fdt -iquote ../softfloat -iquote ../spike_main -iquote ../spike_dasm   -fPIC -I../fdt -c min.cc
g++ -MMD -MP  -DPREFIX=\"/work/riscv\" -Wall -Wno-unused -Wno-nonportable-include-path -g -O2 -fPIC -std=c++2a -g -O2   -iquote . -I.. -iquote ../fesvr -iquote ../riscv -iquote ../disasm -iquote ../customext -iquote ../fdt -iquote ../softfloat -iquote ../spike_main -iquote ../spike_dasm   -fPIC -I../fdt -c minu.cc
g++ -MMD -MP  -DPREFIX=\"/work/riscv\" -Wall -Wno-unused -Wno-nonportable-include-path -g -O2 -fPIC -std=c++2a -g -O2   -iquote . -I.. -iquote ../fesvr -iquote ../riscv -iquote ../disasm -iquote ../customext -iquote ../fdt -iquote ../softfloat -iquote ../spike_main -iquote ../spike_dasm   -fPIC -I../fdt -c orn.cc
g++ -MMD -MP  -DPREFIX=\"/work/riscv\" -Wall -Wno-unused -Wno-nonportable-include-path -g -O2 -fPIC -std=c++2a -g -O2   -iquote . -I.. -iquote ../fesvr -iquote ../riscv -iquote ../disasm -iquote ../customext -iquote ../fdt -iquote ../softfloat -iquote ../spike_main -iquote ../spike_dasm   -fPIC -I../fdt -c pack.cc
g++ -MMD -MP  -DPREFIX=\"/work/riscv\" -Wall -Wno-unused -Wno-nonportable-include-path -g -O2 -fPIC -std=c++2a -g -O2   -iquote . -I.. -iquote ../fesvr -iquote ../riscv -iquote ../disasm -iquote ../customext -iquote ../fdt -iquote ../softfloat -iquote ../spike_main -iquote ../spike_dasm   -fPIC -I../fdt -c packh.cc
g++ -MMD -MP  -DPREFIX=\"/work/riscv\" -Wall -Wno-unused -Wno-nonportable-include-path -g -O2 -fPIC -std=c++2a -g -O2   -iquote . -I.. -iquote ../fesvr -iquote ../riscv -iquote ../disasm -iquote ../customext -iquote ../fdt -iquote ../softfloat -iquote ../spike_main -iquote ../spike_dasm   -fPIC -I../fdt -c packw.cc
g++ -MMD -MP  -DPREFIX=\"/work/riscv\" -Wall -Wno-unused -Wno-nonportable-include-path -g -O2 -fPIC -std=c++2a -g -O2   -iquote . -I.. -iquote ../fesvr -iquote ../riscv -iquote ../disasm -iquote ../customext -iquote ../fdt -iquote ../softfloat -iquote ../spike_main -iquote ../spike_dasm   -fPIC -I../fdt -c cpop.cc
g++ -MMD -MP  -DPREFIX=\"/work/riscv\" -Wall -Wno-unused -Wno-nonportable-include-path -g -O2 -fPIC -std=c++2a -g -O2   -iquote . -I.. -iquote ../fesvr -iquote ../riscv -iquote ../disasm -iquote ../customext -iquote ../fdt -iquote ../softfloat -iquote ../spike_main -iquote ../spike_dasm   -fPIC -I../fdt -c cpopw.cc
g++ -MMD -MP  -DPREFIX=\"/work/riscv\" -Wall -Wno-unused -Wno-nonportable-include-path -g -O2 -fPIC -std=c++2a -g -O2   -iquote . -I.. -iquote ../fesvr -iquote ../riscv -iquote ../disasm -iquote ../customext -iquote ../fdt -iquote ../softfloat -iquote ../spike_main -iquote ../spike_dasm   -fPIC -I../fdt -c rol.cc
g++ -MMD -MP  -DPREFIX=\"/work/riscv\" -Wall -Wno-unused -Wno-nonportable-include-path -g -O2 -fPIC -std=c++2a -g -O2   -iquote . -I.. -iquote ../fesvr -iquote ../riscv -iquote ../disasm -iquote ../customext -iquote ../fdt -iquote ../softfloat -iquote ../spike_main -iquote ../spike_dasm   -fPIC -I../fdt -c rolw.cc
g++ -MMD -MP  -DPREFIX=\"/work/riscv\" -Wall -Wno-unused -Wno-nonportable-include-path -g -O2 -fPIC -std=c++2a -g -O2   -iquote . -I.. -iquote ../fesvr -iquote ../riscv -iquote ../disasm -iquote ../customext -iquote ../fdt -iquote ../softfloat -iquote ../spike_main -iquote ../spike_dasm   -fPIC -I../fdt -c ror.cc
g++ -MMD -MP  -DPREFIX=\"/work/riscv\" -Wall -Wno-unused -Wno-nonportable-include-path -g -O2 -fPIC -std=c++2a -g -O2   -iquote . -I.. -iquote ../fesvr -iquote ../riscv -iquote ../disasm -iquote ../customext -iquote ../fdt -iquote ../softfloat -iquote ../spike_main -iquote ../spike_dasm   -fPIC -I../fdt -c rori.cc
g++ -MMD -MP  -DPREFIX=\"/work/riscv\" -Wall -Wno-unused -Wno-nonportable-include-path -g -O2 -fPIC -std=c++2a -g -O2   -iquote . -I.. -iquote ../fesvr -iquote ../riscv -iquote ../disasm -iquote ../customext -iquote ../fdt -iquote ../softfloat -iquote ../spike_main -iquote ../spike_dasm   -fPIC -I../fdt -c roriw.cc
g++ -MMD -MP  -DPREFIX=\"/work/riscv\" -Wall -Wno-unused -Wno-nonportable-include-path -g -O2 -fPIC -std=c++2a -g -O2   -iquote . -I.. -iquote ../fesvr -iquote ../riscv -iquote ../disasm -iquote ../customext -iquote ../fdt -iquote ../softfloat -iquote ../spike_main -iquote ../spike_dasm   -fPIC -I../fdt -c rorw.cc
g++ -MMD -MP  -DPREFIX=\"/work/riscv\" -Wall -Wno-unused -Wno-nonportable-include-path -g -O2 -fPIC -std=c++2a -g -O2   -iquote . -I.. -iquote ../fesvr -iquote ../riscv -iquote ../disasm -iquote ../customext -iquote ../fdt -iquote ../softfloat -iquote ../spike_main -iquote ../spike_dasm   -fPIC -I../fdt -c bclr.cc
g++ -MMD -MP  -DPREFIX=\"/work/riscv\" -Wall -Wno-unused -Wno-nonportable-include-path -g -O2 -fPIC -std=c++2a -g -O2   -iquote . -I.. -iquote ../fesvr -iquote ../riscv -iquote ../disasm -iquote ../customext -iquote ../fdt -iquote ../softfloat -iquote ../spike_main -iquote ../spike_dasm   -fPIC -I../fdt -c bclri.cc
g++ -MMD -MP  -DPREFIX=\"/work/riscv\" -Wall -Wno-unused -Wno-nonportable-include-path -g -O2 -fPIC -std=c++2a -g -O2   -iquote . -I.. -iquote ../fesvr -iquote ../riscv -iquote ../disasm -iquote ../customext -iquote ../fdt -iquote ../softfloat -iquote ../spike_main -iquote ../spike_dasm   -fPIC -I../fdt -c bext.cc
g++ -MMD -MP  -DPREFIX=\"/work/riscv\" -Wall -Wno-unused -Wno-nonportable-include-path -g -O2 -fPIC -std=c++2a -g -O2   -iquote . -I.. -iquote ../fesvr -iquote ../riscv -iquote ../disasm -iquote ../customext -iquote ../fdt -iquote ../softfloat -iquote ../spike_main -iquote ../spike_dasm   -fPIC -I../fdt -c bexti.cc
g++ -MMD -MP  -DPREFIX=\"/work/riscv\" -Wall -Wno-unused -Wno-nonportable-include-path -g -O2 -fPIC -std=c++2a -g -O2   -iquote . -I.. -iquote ../fesvr -iquote ../riscv -iquote ../disasm -iquote ../customext -iquote ../fdt -iquote ../softfloat -iquote ../spike_main -iquote ../spike_dasm   -fPIC -I../fdt -c binv.cc
g++ -MMD -MP  -DPREFIX=\"/work/riscv\" -Wall -Wno-unused -Wno-nonportable-include-path -g -O2 -fPIC -std=c++2a -g -O2   -iquote . -I.. -iquote ../fesvr -iquote ../riscv -iquote ../disasm -iquote ../customext -iquote ../fdt -iquote ../softfloat -iquote ../spike_main -iquote ../spike_dasm   -fPIC -I../fdt -c binvi.cc
g++ -MMD -MP  -DPREFIX=\"/work/riscv\" -Wall -Wno-unused -Wno-nonportable-include-path -g -O2 -fPIC -std=c++2a -g -O2   -iquote . -I.. -iquote ../fesvr -iquote ../riscv -iquote ../disasm -iquote ../customext -iquote ../fdt -iquote ../softfloat -iquote ../spike_main -iquote ../spike_dasm   -fPIC -I../fdt -c bset.cc
g++ -MMD -MP  -DPREFIX=\"/work/riscv\" -Wall -Wno-unused -Wno-nonportable-include-path -g -O2 -fPIC -std=c++2a -g -O2   -iquote . -I.. -iquote ../fesvr -iquote ../riscv -iquote ../disasm -iquote ../customext -iquote ../fdt -iquote ../softfloat -iquote ../spike_main -iquote ../spike_dasm   -fPIC -I../fdt -c bseti.cc
g++ -MMD -MP  -DPREFIX=\"/work/riscv\" -Wall -Wno-unused -Wno-nonportable-include-path -g -O2 -fPIC -std=c++2a -g -O2   -iquote . -I.. -iquote ../fesvr -iquote ../riscv -iquote ../disasm -iquote ../customext -iquote ../fdt -iquote ../softfloat -iquote ../spike_main -iquote ../spike_dasm   -fPIC -I../fdt -c sext_b.cc
g++ -MMD -MP  -DPREFIX=\"/work/riscv\" -Wall -Wno-unused -Wno-nonportable-include-path -g -O2 -fPIC -std=c++2a -g -O2   -iquote . -I.. -iquote ../fesvr -iquote ../riscv -iquote ../disasm -iquote ../customext -iquote ../fdt -iquote ../softfloat -iquote ../spike_main -iquote ../spike_dasm   -fPIC -I../fdt -c sext_h.cc
g++ -MMD -MP  -DPREFIX=\"/work/riscv\" -Wall -Wno-unused -Wno-nonportable-include-path -g -O2 -fPIC -std=c++2a -g -O2   -iquote . -I.. -iquote ../fesvr -iquote ../riscv -iquote ../disasm -iquote ../customext -iquote ../fdt -iquote ../softfloat -iquote ../spike_main -iquote ../spike_dasm   -fPIC -I../fdt -c shfli.cc
g++ -MMD -MP  -DPREFIX=\"/work/riscv\" -Wall -Wno-unused -Wno-nonportable-include-path -g -O2 -fPIC -std=c++2a -g -O2   -iquote . -I.. -iquote ../fesvr -iquote ../riscv -iquote ../disasm -iquote ../customext -iquote ../fdt -iquote ../softfloat -iquote ../spike_main -iquote ../spike_dasm   -fPIC -I../fdt -c slli_uw.cc
g++ -MMD -MP  -DPREFIX=\"/work/riscv\" -Wall -Wno-unused -Wno-nonportable-include-path -g -O2 -fPIC -std=c++2a -g -O2   -iquote . -I.. -iquote ../fesvr -iquote ../riscv -iquote ../disasm -iquote ../customext -iquote ../fdt -iquote ../softfloat -iquote ../spike_main -iquote ../spike_dasm   -fPIC -I../fdt -c unshfli.cc
g++ -MMD -MP  -DPREFIX=\"/work/riscv\" -Wall -Wno-unused -Wno-nonportable-include-path -g -O2 -fPIC -std=c++2a -g -O2   -iquote . -I.. -iquote ../fesvr -iquote ../riscv -iquote ../disasm -iquote ../customext -iquote ../fdt -iquote ../softfloat -iquote ../spike_main -iquote ../spike_dasm   -fPIC -I../fdt -c xnor.cc
g++ -MMD -MP  -DPREFIX=\"/work/riscv\" -Wall -Wno-unused -Wno-nonportable-include-path -g -O2 -fPIC -std=c++2a -g -O2   -iquote . -I.. -iquote ../fesvr -iquote ../riscv -iquote ../disasm -iquote ../customext -iquote ../fdt -iquote ../softfloat -iquote ../spike_main -iquote ../spike_dasm   -fPIC -I../fdt -c xperm4.cc
g++ -MMD -MP  -DPREFIX=\"/work/riscv\" -Wall -Wno-unused -Wno-nonportable-include-path -g -O2 -fPIC -std=c++2a -g -O2   -iquote . -I.. -iquote ../fesvr -iquote ../riscv -iquote ../disasm -iquote ../customext -iquote ../fdt -iquote ../softfloat -iquote ../spike_main -iquote ../spike_dasm   -fPIC -I../fdt -c xperm8.cc
g++ -MMD -MP  -DPREFIX=\"/work/riscv\" -Wall -Wno-unused -Wno-nonportable-include-path -g -O2 -fPIC -std=c++2a -g -O2   -iquote . -I.. -iquote ../fesvr -iquote ../riscv -iquote ../disasm -iquote ../customext -iquote ../fdt -iquote ../softfloat -iquote ../spike_main -iquote ../spike_dasm   -fPIC -I../fdt -c amoadd_d.cc
g++ -MMD -MP  -DPREFIX=\"/work/riscv\" -Wall -Wno-unused -Wno-nonportable-include-path -g -O2 -fPIC -std=c++2a -g -O2   -iquote . -I.. -iquote ../fesvr -iquote ../riscv -iquote ../disasm -iquote ../customext -iquote ../fdt -iquote ../softfloat -iquote ../spike_main -iquote ../spike_dasm   -fPIC -I../fdt -c amoadd_w.cc
g++ -MMD -MP  -DPREFIX=\"/work/riscv\" -Wall -Wno-unused -Wno-nonportable-include-path -g -O2 -fPIC -std=c++2a -g -O2   -iquote . -I.. -iquote ../fesvr -iquote ../riscv -iquote ../disasm -iquote ../customext -iquote ../fdt -iquote ../softfloat -iquote ../spike_main -iquote ../spike_dasm   -fPIC -I../fdt -c amoand_d.cc
g++ -MMD -MP  -DPREFIX=\"/work/riscv\" -Wall -Wno-unused -Wno-nonportable-include-path -g -O2 -fPIC -std=c++2a -g -O2   -iquote . -I.. -iquote ../fesvr -iquote ../riscv -iquote ../disasm -iquote ../customext -iquote ../fdt -iquote ../softfloat -iquote ../spike_main -iquote ../spike_dasm   -fPIC -I../fdt -c amoand_w.cc
g++ -MMD -MP  -DPREFIX=\"/work/riscv\" -Wall -Wno-unused -Wno-nonportable-include-path -g -O2 -fPIC -std=c++2a -g -O2   -iquote . -I.. -iquote ../fesvr -iquote ../riscv -iquote ../disasm -iquote ../customext -iquote ../fdt -iquote ../softfloat -iquote ../spike_main -iquote ../spike_dasm   -fPIC -I../fdt -c amomax_d.cc
g++ -MMD -MP  -DPREFIX=\"/work/riscv\" -Wall -Wno-unused -Wno-nonportable-include-path -g -O2 -fPIC -std=c++2a -g -O2   -iquote . -I.. -iquote ../fesvr -iquote ../riscv -iquote ../disasm -iquote ../customext -iquote ../fdt -iquote ../softfloat -iquote ../spike_main -iquote ../spike_dasm   -fPIC -I../fdt -c amomaxu_d.cc
g++ -MMD -MP  -DPREFIX=\"/work/riscv\" -Wall -Wno-unused -Wno-nonportable-include-path -g -O2 -fPIC -std=c++2a -g -O2   -iquote . -I.. -iquote ../fesvr -iquote ../riscv -iquote ../disasm -iquote ../customext -iquote ../fdt -iquote ../softfloat -iquote ../spike_main -iquote ../spike_dasm   -fPIC -I../fdt -c amomaxu_w.cc
g++ -MMD -MP  -DPREFIX=\"/work/riscv\" -Wall -Wno-unused -Wno-nonportable-include-path -g -O2 -fPIC -std=c++2a -g -O2   -iquote . -I.. -iquote ../fesvr -iquote ../riscv -iquote ../disasm -iquote ../customext -iquote ../fdt -iquote ../softfloat -iquote ../spike_main -iquote ../spike_dasm   -fPIC -I../fdt -c amomax_w.cc
g++ -MMD -MP  -DPREFIX=\"/work/riscv\" -Wall -Wno-unused -Wno-nonportable-include-path -g -O2 -fPIC -std=c++2a -g -O2   -iquote . -I.. -iquote ../fesvr -iquote ../riscv -iquote ../disasm -iquote ../customext -iquote ../fdt -iquote ../softfloat -iquote ../spike_main -iquote ../spike_dasm   -fPIC -I../fdt -c amomin_d.cc
g++ -MMD -MP  -DPREFIX=\"/work/riscv\" -Wall -Wno-unused -Wno-nonportable-include-path -g -O2 -fPIC -std=c++2a -g -O2   -iquote . -I.. -iquote ../fesvr -iquote ../riscv -iquote ../disasm -iquote ../customext -iquote ../fdt -iquote ../softfloat -iquote ../spike_main -iquote ../spike_dasm   -fPIC -I../fdt -c amominu_d.cc
g++ -MMD -MP  -DPREFIX=\"/work/riscv\" -Wall -Wno-unused -Wno-nonportable-include-path -g -O2 -fPIC -std=c++2a -g -O2   -iquote . -I.. -iquote ../fesvr -iquote ../riscv -iquote ../disasm -iquote ../customext -iquote ../fdt -iquote ../softfloat -iquote ../spike_main -iquote ../spike_dasm   -fPIC -I../fdt -c amominu_w.cc
g++ -MMD -MP  -DPREFIX=\"/work/riscv\" -Wall -Wno-unused -Wno-nonportable-include-path -g -O2 -fPIC -std=c++2a -g -O2   -iquote . -I.. -iquote ../fesvr -iquote ../riscv -iquote ../disasm -iquote ../customext -iquote ../fdt -iquote ../softfloat -iquote ../spike_main -iquote ../spike_dasm   -fPIC -I../fdt -c amomin_w.cc
g++ -MMD -MP  -DPREFIX=\"/work/riscv\" -Wall -Wno-unused -Wno-nonportable-include-path -g -O2 -fPIC -std=c++2a -g -O2   -iquote . -I.. -iquote ../fesvr -iquote ../riscv -iquote ../disasm -iquote ../customext -iquote ../fdt -iquote ../softfloat -iquote ../spike_main -iquote ../spike_dasm   -fPIC -I../fdt -c amoor_d.cc
g++ -MMD -MP  -DPREFIX=\"/work/riscv\" -Wall -Wno-unused -Wno-nonportable-include-path -g -O2 -fPIC -std=c++2a -g -O2   -iquote . -I.. -iquote ../fesvr -iquote ../riscv -iquote ../disasm -iquote ../customext -iquote ../fdt -iquote ../softfloat -iquote ../spike_main -iquote ../spike_dasm   -fPIC -I../fdt -c amoor_w.cc
g++ -MMD -MP  -DPREFIX=\"/work/riscv\" -Wall -Wno-unused -Wno-nonportable-include-path -g -O2 -fPIC -std=c++2a -g -O2   -iquote . -I.. -iquote ../fesvr -iquote ../riscv -iquote ../disasm -iquote ../customext -iquote ../fdt -iquote ../softfloat -iquote ../spike_main -iquote ../spike_dasm   -fPIC -I../fdt -c amoswap_d.cc
g++ -MMD -MP  -DPREFIX=\"/work/riscv\" -Wall -Wno-unused -Wno-nonportable-include-path -g -O2 -fPIC -std=c++2a -g -O2   -iquote . -I.. -iquote ../fesvr -iquote ../riscv -iquote ../disasm -iquote ../customext -iquote ../fdt -iquote ../softfloat -iquote ../spike_main -iquote ../spike_dasm   -fPIC -I../fdt -c amoswap_w.cc
g++ -MMD -MP  -DPREFIX=\"/work/riscv\" -Wall -Wno-unused -Wno-nonportable-include-path -g -O2 -fPIC -std=c++2a -g -O2   -iquote . -I.. -iquote ../fesvr -iquote ../riscv -iquote ../disasm -iquote ../customext -iquote ../fdt -iquote ../softfloat -iquote ../spike_main -iquote ../spike_dasm   -fPIC -I../fdt -c amoxor_d.cc
g++ -MMD -MP  -DPREFIX=\"/work/riscv\" -Wall -Wno-unused -Wno-nonportable-include-path -g -O2 -fPIC -std=c++2a -g -O2   -iquote . -I.. -iquote ../fesvr -iquote ../riscv -iquote ../disasm -iquote ../customext -iquote ../fdt -iquote ../softfloat -iquote ../spike_main -iquote ../spike_dasm   -fPIC -I../fdt -c amoxor_w.cc
g++ -MMD -MP  -DPREFIX=\"/work/riscv\" -Wall -Wno-unused -Wno-nonportable-include-path -g -O2 -fPIC -std=c++2a -g -O2   -iquote . -I.. -iquote ../fesvr -iquote ../riscv -iquote ../disasm -iquote ../customext -iquote ../fdt -iquote ../softfloat -iquote ../spike_main -iquote ../spike_dasm   -fPIC -I../fdt -c lr_d.cc
g++ -MMD -MP  -DPREFIX=\"/work/riscv\" -Wall -Wno-unused -Wno-nonportable-include-path -g -O2 -fPIC -std=c++2a -g -O2   -iquote . -I.. -iquote ../fesvr -iquote ../riscv -iquote ../disasm -iquote ../customext -iquote ../fdt -iquote ../softfloat -iquote ../spike_main -iquote ../spike_dasm   -fPIC -I../fdt -c lr_w.cc
g++ -MMD -MP  -DPREFIX=\"/work/riscv\" -Wall -Wno-unused -Wno-nonportable-include-path -g -O2 -fPIC -std=c++2a -g -O2   -iquote . -I.. -iquote ../fesvr -iquote ../riscv -iquote ../disasm -iquote ../customext -iquote ../fdt -iquote ../softfloat -iquote ../spike_main -iquote ../spike_dasm   -fPIC -I../fdt -c sc_d.cc
g++ -MMD -MP  -DPREFIX=\"/work/riscv\" -Wall -Wno-unused -Wno-nonportable-include-path -g -O2 -fPIC -std=c++2a -g -O2   -iquote . -I.. -iquote ../fesvr -iquote ../riscv -iquote ../disasm -iquote ../customext -iquote ../fdt -iquote ../softfloat -iquote ../spike_main -iquote ../spike_dasm   -fPIC -I../fdt -c sc_w.cc
g++ -MMD -MP  -DPREFIX=\"/work/riscv\" -Wall -Wno-unused -Wno-nonportable-include-path -g -O2 -fPIC -std=c++2a -g -O2   -iquote . -I.. -iquote ../fesvr -iquote ../riscv -iquote ../disasm -iquote ../customext -iquote ../fdt -iquote ../softfloat -iquote ../spike_main -iquote ../spike_dasm   -fPIC -I../fdt -c vfadd_vf.cc
g++ -MMD -MP  -DPREFIX=\"/work/riscv\" -Wall -Wno-unused -Wno-nonportable-include-path -g -O2 -fPIC -std=c++2a -g -O2   -iquote . -I.. -iquote ../fesvr -iquote ../riscv -iquote ../disasm -iquote ../customext -iquote ../fdt -iquote ../softfloat -iquote ../spike_main -iquote ../spike_dasm   -fPIC -I../fdt -c vfadd_vv.cc
g++ -MMD -MP  -DPREFIX=\"/work/riscv\" -Wall -Wno-unused -Wno-nonportable-include-path -g -O2 -fPIC -std=c++2a -g -O2   -iquote . -I.. -iquote ../fesvr -iquote ../riscv -iquote ../disasm -iquote ../customext -iquote ../fdt -iquote ../softfloat -iquote ../spike_main -iquote ../spike_dasm   -fPIC -I../fdt -c vfclass_v.cc
g++ -MMD -MP  -DPREFIX=\"/work/riscv\" -Wall -Wno-unused -Wno-nonportable-include-path -g -O2 -fPIC -std=c++2a -g -O2   -iquote . -I.. -iquote ../fesvr -iquote ../riscv -iquote ../disasm -iquote ../customext -iquote ../fdt -iquote ../softfloat -iquote ../spike_main -iquote ../spike_dasm   -fPIC -I../fdt -c vfcvt_f_x_v.cc
g++ -MMD -MP  -DPREFIX=\"/work/riscv\" -Wall -Wno-unused -Wno-nonportable-include-path -g -O2 -fPIC -std=c++2a -g -O2   -iquote . -I.. -iquote ../fesvr -iquote ../riscv -iquote ../disasm -iquote ../customext -iquote ../fdt -iquote ../softfloat -iquote ../spike_main -iquote ../spike_dasm   -fPIC -I../fdt -c vfcvt_f_xu_v.cc
g++ -MMD -MP  -DPREFIX=\"/work/riscv\" -Wall -Wno-unused -Wno-nonportable-include-path -g -O2 -fPIC -std=c++2a -g -O2   -iquote . -I.. -iquote ../fesvr -iquote ../riscv -iquote ../disasm -iquote ../customext -iquote ../fdt -iquote ../softfloat -iquote ../spike_main -iquote ../spike_dasm   -fPIC -I../fdt -c vfcvt_rtz_x_f_v.cc
g++ -MMD -MP  -DPREFIX=\"/work/riscv\" -Wall -Wno-unused -Wno-nonportable-include-path -g -O2 -fPIC -std=c++2a -g -O2   -iquote . -I.. -iquote ../fesvr -iquote ../riscv -iquote ../disasm -iquote ../customext -iquote ../fdt -iquote ../softfloat -iquote ../spike_main -iquote ../spike_dasm   -fPIC -I../fdt -c vfcvt_rtz_xu_f_v.cc
g++ -MMD -MP  -DPREFIX=\"/work/riscv\" -Wall -Wno-unused -Wno-nonportable-include-path -g -O2 -fPIC -std=c++2a -g -O2   -iquote . -I.. -iquote ../fesvr -iquote ../riscv -iquote ../disasm -iquote ../customext -iquote ../fdt -iquote ../softfloat -iquote ../spike_main -iquote ../spike_dasm   -fPIC -I../fdt -c vfcvt_x_f_v.cc
g++ -MMD -MP  -DPREFIX=\"/work/riscv\" -Wall -Wno-unused -Wno-nonportable-include-path -g -O2 -fPIC -std=c++2a -g -O2   -iquote . -I.. -iquote ../fesvr -iquote ../riscv -iquote ../disasm -iquote ../customext -iquote ../fdt -iquote ../softfloat -iquote ../spike_main -iquote ../spike_dasm   -fPIC -I../fdt -c vfcvt_xu_f_v.cc
g++ -MMD -MP  -DPREFIX=\"/work/riscv\" -Wall -Wno-unused -Wno-nonportable-include-path -g -O2 -fPIC -std=c++2a -g -O2   -iquote . -I.. -iquote ../fesvr -iquote ../riscv -iquote ../disasm -iquote ../customext -iquote ../fdt -iquote ../softfloat -iquote ../spike_main -iquote ../spike_dasm   -fPIC -I../fdt -c vfdiv_vf.cc
g++ -MMD -MP  -DPREFIX=\"/work/riscv\" -Wall -Wno-unused -Wno-nonportable-include-path -g -O2 -fPIC -std=c++2a -g -O2   -iquote . -I.. -iquote ../fesvr -iquote ../riscv -iquote ../disasm -iquote ../customext -iquote ../fdt -iquote ../softfloat -iquote ../spike_main -iquote ../spike_dasm   -fPIC -I../fdt -c vfdiv_vv.cc
g++ -MMD -MP  -DPREFIX=\"/work/riscv\" -Wall -Wno-unused -Wno-nonportable-include-path -g -O2 -fPIC -std=c++2a -g -O2   -iquote . -I.. -iquote ../fesvr -iquote ../riscv -iquote ../disasm -iquote ../customext -iquote ../fdt -iquote ../softfloat -iquote ../spike_main -iquote ../spike_dasm   -fPIC -I../fdt -c vfmacc_vf.cc
g++ -MMD -MP  -DPREFIX=\"/work/riscv\" -Wall -Wno-unused -Wno-nonportable-include-path -g -O2 -fPIC -std=c++2a -g -O2   -iquote . -I.. -iquote ../fesvr -iquote ../riscv -iquote ../disasm -iquote ../customext -iquote ../fdt -iquote ../softfloat -iquote ../spike_main -iquote ../spike_dasm   -fPIC -I../fdt -c vfmacc_vv.cc
g++ -MMD -MP  -DPREFIX=\"/work/riscv\" -Wall -Wno-unused -Wno-nonportable-include-path -g -O2 -fPIC -std=c++2a -g -O2   -iquote . -I.. -iquote ../fesvr -iquote ../riscv -iquote ../disasm -iquote ../customext -iquote ../fdt -iquote ../softfloat -iquote ../spike_main -iquote ../spike_dasm   -fPIC -I../fdt -c vfmadd_vf.cc
g++ -MMD -MP  -DPREFIX=\"/work/riscv\" -Wall -Wno-unused -Wno-nonportable-include-path -g -O2 -fPIC -std=c++2a -g -O2   -iquote . -I.. -iquote ../fesvr -iquote ../riscv -iquote ../disasm -iquote ../customext -iquote ../fdt -iquote ../softfloat -iquote ../spike_main -iquote ../spike_dasm   -fPIC -I../fdt -c vfmadd_vv.cc
g++ -MMD -MP  -DPREFIX=\"/work/riscv\" -Wall -Wno-unused -Wno-nonportable-include-path -g -O2 -fPIC -std=c++2a -g -O2   -iquote . -I.. -iquote ../fesvr -iquote ../riscv -iquote ../disasm -iquote ../customext -iquote ../fdt -iquote ../softfloat -iquote ../spike_main -iquote ../spike_dasm   -fPIC -I../fdt -c vfmax_vf.cc
g++ -MMD -MP  -DPREFIX=\"/work/riscv\" -Wall -Wno-unused -Wno-nonportable-include-path -g -O2 -fPIC -std=c++2a -g -O2   -iquote . -I.. -iquote ../fesvr -iquote ../riscv -iquote ../disasm -iquote ../customext -iquote ../fdt -iquote ../softfloat -iquote ../spike_main -iquote ../spike_dasm   -fPIC -I../fdt -c vfmax_vv.cc
g++ -MMD -MP  -DPREFIX=\"/work/riscv\" -Wall -Wno-unused -Wno-nonportable-include-path -g -O2 -fPIC -std=c++2a -g -O2   -iquote . -I.. -iquote ../fesvr -iquote ../riscv -iquote ../disasm -iquote ../customext -iquote ../fdt -iquote ../softfloat -iquote ../spike_main -iquote ../spike_dasm   -fPIC -I../fdt -c vfmerge_vfm.cc
g++ -MMD -MP  -DPREFIX=\"/work/riscv\" -Wall -Wno-unused -Wno-nonportable-include-path -g -O2 -fPIC -std=c++2a -g -O2   -iquote . -I.. -iquote ../fesvr -iquote ../riscv -iquote ../disasm -iquote ../customext -iquote ../fdt -iquote ../softfloat -iquote ../spike_main -iquote ../spike_dasm   -fPIC -I../fdt -c vfmin_vf.cc
g++ -MMD -MP  -DPREFIX=\"/work/riscv\" -Wall -Wno-unused -Wno-nonportable-include-path -g -O2 -fPIC -std=c++2a -g -O2   -iquote . -I.. -iquote ../fesvr -iquote ../riscv -iquote ../disasm -iquote ../customext -iquote ../fdt -iquote ../softfloat -iquote ../spike_main -iquote ../spike_dasm   -fPIC -I../fdt -c vfmin_vv.cc
g++ -MMD -MP  -DPREFIX=\"/work/riscv\" -Wall -Wno-unused -Wno-nonportable-include-path -g -O2 -fPIC -std=c++2a -g -O2   -iquote . -I.. -iquote ../fesvr -iquote ../riscv -iquote ../disasm -iquote ../customext -iquote ../fdt -iquote ../softfloat -iquote ../spike_main -iquote ../spike_dasm   -fPIC -I../fdt -c vfmsac_vf.cc
g++ -MMD -MP  -DPREFIX=\"/work/riscv\" -Wall -Wno-unused -Wno-nonportable-include-path -g -O2 -fPIC -std=c++2a -g -O2   -iquote . -I.. -iquote ../fesvr -iquote ../riscv -iquote ../disasm -iquote ../customext -iquote ../fdt -iquote ../softfloat -iquote ../spike_main -iquote ../spike_dasm   -fPIC -I../fdt -c vfmsac_vv.cc
g++ -MMD -MP  -DPREFIX=\"/work/riscv\" -Wall -Wno-unused -Wno-nonportable-include-path -g -O2 -fPIC -std=c++2a -g -O2   -iquote . -I.. -iquote ../fesvr -iquote ../riscv -iquote ../disasm -iquote ../customext -iquote ../fdt -iquote ../softfloat -iquote ../spike_main -iquote ../spike_dasm   -fPIC -I../fdt -c vfmsub_vf.cc
g++ -MMD -MP  -DPREFIX=\"/work/riscv\" -Wall -Wno-unused -Wno-nonportable-include-path -g -O2 -fPIC -std=c++2a -g -O2   -iquote . -I.. -iquote ../fesvr -iquote ../riscv -iquote ../disasm -iquote ../customext -iquote ../fdt -iquote ../softfloat -iquote ../spike_main -iquote ../spike_dasm   -fPIC -I../fdt -c vfmsub_vv.cc
g++ -MMD -MP  -DPREFIX=\"/work/riscv\" -Wall -Wno-unused -Wno-nonportable-include-path -g -O2 -fPIC -std=c++2a -g -O2   -iquote . -I.. -iquote ../fesvr -iquote ../riscv -iquote ../disasm -iquote ../customext -iquote ../fdt -iquote ../softfloat -iquote ../spike_main -iquote ../spike_dasm   -fPIC -I../fdt -c vfmul_vf.cc
g++ -MMD -MP  -DPREFIX=\"/work/riscv\" -Wall -Wno-unused -Wno-nonportable-include-path -g -O2 -fPIC -std=c++2a -g -O2   -iquote . -I.. -iquote ../fesvr -iquote ../riscv -iquote ../disasm -iquote ../customext -iquote ../fdt -iquote ../softfloat -iquote ../spike_main -iquote ../spike_dasm   -fPIC -I../fdt -c vfmul_vv.cc
g++ -MMD -MP  -DPREFIX=\"/work/riscv\" -Wall -Wno-unused -Wno-nonportable-include-path -g -O2 -fPIC -std=c++2a -g -O2   -iquote . -I.. -iquote ../fesvr -iquote ../riscv -iquote ../disasm -iquote ../customext -iquote ../fdt -iquote ../softfloat -iquote ../spike_main -iquote ../spike_dasm   -fPIC -I../fdt -c vfmv_f_s.cc
g++ -MMD -MP  -DPREFIX=\"/work/riscv\" -Wall -Wno-unused -Wno-nonportable-include-path -g -O2 -fPIC -std=c++2a -g -O2   -iquote . -I.. -iquote ../fesvr -iquote ../riscv -iquote ../disasm -iquote ../customext -iquote ../fdt -iquote ../softfloat -iquote ../spike_main -iquote ../spike_dasm   -fPIC -I../fdt -c vfmv_s_f.cc
g++ -MMD -MP  -DPREFIX=\"/work/riscv\" -Wall -Wno-unused -Wno-nonportable-include-path -g -O2 -fPIC -std=c++2a -g -O2   -iquote . -I.. -iquote ../fesvr -iquote ../riscv -iquote ../disasm -iquote ../customext -iquote ../fdt -iquote ../softfloat -iquote ../spike_main -iquote ../spike_dasm   -fPIC -I../fdt -c vfmv_v_f.cc
g++ -MMD -MP  -DPREFIX=\"/work/riscv\" -Wall -Wno-unused -Wno-nonportable-include-path -g -O2 -fPIC -std=c++2a -g -O2   -iquote . -I.. -iquote ../fesvr -iquote ../riscv -iquote ../disasm -iquote ../customext -iquote ../fdt -iquote ../softfloat -iquote ../spike_main -iquote ../spike_dasm   -fPIC -I../fdt -c vfncvt_f_f_w.cc
g++ -MMD -MP  -DPREFIX=\"/work/riscv\" -Wall -Wno-unused -Wno-nonportable-include-path -g -O2 -fPIC -std=c++2a -g -O2   -iquote . -I.. -iquote ../fesvr -iquote ../riscv -iquote ../disasm -iquote ../customext -iquote ../fdt -iquote ../softfloat -iquote ../spike_main -iquote ../spike_dasm   -fPIC -I../fdt -c vfncvt_f_x_w.cc
g++ -MMD -MP  -DPREFIX=\"/work/riscv\" -Wall -Wno-unused -Wno-nonportable-include-path -g -O2 -fPIC -std=c++2a -g -O2   -iquote . -I.. -iquote ../fesvr -iquote ../riscv -iquote ../disasm -iquote ../customext -iquote ../fdt -iquote ../softfloat -iquote ../spike_main -iquote ../spike_dasm   -fPIC -I../fdt -c vfncvt_f_xu_w.cc
g++ -MMD -MP  -DPREFIX=\"/work/riscv\" -Wall -Wno-unused -Wno-nonportable-include-path -g -O2 -fPIC -std=c++2a -g -O2   -iquote . -I.. -iquote ../fesvr -iquote ../riscv -iquote ../disasm -iquote ../customext -iquote ../fdt -iquote ../softfloat -iquote ../spike_main -iquote ../spike_dasm   -fPIC -I../fdt -c vfncvt_rod_f_f_w.cc
g++ -MMD -MP  -DPREFIX=\"/work/riscv\" -Wall -Wno-unused -Wno-nonportable-include-path -g -O2 -fPIC -std=c++2a -g -O2   -iquote . -I.. -iquote ../fesvr -iquote ../riscv -iquote ../disasm -iquote ../customext -iquote ../fdt -iquote ../softfloat -iquote ../spike_main -iquote ../spike_dasm   -fPIC -I../fdt -c vfncvt_rtz_x_f_w.cc
g++ -MMD -MP  -DPREFIX=\"/work/riscv\" -Wall -Wno-unused -Wno-nonportable-include-path -g -O2 -fPIC -std=c++2a -g -O2   -iquote . -I.. -iquote ../fesvr -iquote ../riscv -iquote ../disasm -iquote ../customext -iquote ../fdt -iquote ../softfloat -iquote ../spike_main -iquote ../spike_dasm   -fPIC -I../fdt -c vfncvt_rtz_xu_f_w.cc
g++ -MMD -MP  -DPREFIX=\"/work/riscv\" -Wall -Wno-unused -Wno-nonportable-include-path -g -O2 -fPIC -std=c++2a -g -O2   -iquote . -I.. -iquote ../fesvr -iquote ../riscv -iquote ../disasm -iquote ../customext -iquote ../fdt -iquote ../softfloat -iquote ../spike_main -iquote ../spike_dasm   -fPIC -I../fdt -c vfncvt_x_f_w.cc
g++ -MMD -MP  -DPREFIX=\"/work/riscv\" -Wall -Wno-unused -Wno-nonportable-include-path -g -O2 -fPIC -std=c++2a -g -O2   -iquote . -I.. -iquote ../fesvr -iquote ../riscv -iquote ../disasm -iquote ../customext -iquote ../fdt -iquote ../softfloat -iquote ../spike_main -iquote ../spike_dasm   -fPIC -I../fdt -c vfncvt_xu_f_w.cc
g++ -MMD -MP  -DPREFIX=\"/work/riscv\" -Wall -Wno-unused -Wno-nonportable-include-path -g -O2 -fPIC -std=c++2a -g -O2   -iquote . -I.. -iquote ../fesvr -iquote ../riscv -iquote ../disasm -iquote ../customext -iquote ../fdt -iquote ../softfloat -iquote ../spike_main -iquote ../spike_dasm   -fPIC -I../fdt -c vfnmacc_vf.cc
g++ -MMD -MP  -DPREFIX=\"/work/riscv\" -Wall -Wno-unused -Wno-nonportable-include-path -g -O2 -fPIC -std=c++2a -g -O2   -iquote . -I.. -iquote ../fesvr -iquote ../riscv -iquote ../disasm -iquote ../customext -iquote ../fdt -iquote ../softfloat -iquote ../spike_main -iquote ../spike_dasm   -fPIC -I../fdt -c vfnmacc_vv.cc
g++ -MMD -MP  -DPREFIX=\"/work/riscv\" -Wall -Wno-unused -Wno-nonportable-include-path -g -O2 -fPIC -std=c++2a -g -O2   -iquote . -I.. -iquote ../fesvr -iquote ../riscv -iquote ../disasm -iquote ../customext -iquote ../fdt -iquote ../softfloat -iquote ../spike_main -iquote ../spike_dasm   -fPIC -I../fdt -c vfnmadd_vf.cc
g++ -MMD -MP  -DPREFIX=\"/work/riscv\" -Wall -Wno-unused -Wno-nonportable-include-path -g -O2 -fPIC -std=c++2a -g -O2   -iquote . -I.. -iquote ../fesvr -iquote ../riscv -iquote ../disasm -iquote ../customext -iquote ../fdt -iquote ../softfloat -iquote ../spike_main -iquote ../spike_dasm   -fPIC -I../fdt -c vfnmadd_vv.cc
g++ -MMD -MP  -DPREFIX=\"/work/riscv\" -Wall -Wno-unused -Wno-nonportable-include-path -g -O2 -fPIC -std=c++2a -g -O2   -iquote . -I.. -iquote ../fesvr -iquote ../riscv -iquote ../disasm -iquote ../customext -iquote ../fdt -iquote ../softfloat -iquote ../spike_main -iquote ../spike_dasm   -fPIC -I../fdt -c vfnmsac_vf.cc
g++ -MMD -MP  -DPREFIX=\"/work/riscv\" -Wall -Wno-unused -Wno-nonportable-include-path -g -O2 -fPIC -std=c++2a -g -O2   -iquote . -I.. -iquote ../fesvr -iquote ../riscv -iquote ../disasm -iquote ../customext -iquote ../fdt -iquote ../softfloat -iquote ../spike_main -iquote ../spike_dasm   -fPIC -I../fdt -c vfnmsac_vv.cc
g++ -MMD -MP  -DPREFIX=\"/work/riscv\" -Wall -Wno-unused -Wno-nonportable-include-path -g -O2 -fPIC -std=c++2a -g -O2   -iquote . -I.. -iquote ../fesvr -iquote ../riscv -iquote ../disasm -iquote ../customext -iquote ../fdt -iquote ../softfloat -iquote ../spike_main -iquote ../spike_dasm   -fPIC -I../fdt -c vfnmsub_vf.cc
g++ -MMD -MP  -DPREFIX=\"/work/riscv\" -Wall -Wno-unused -Wno-nonportable-include-path -g -O2 -fPIC -std=c++2a -g -O2   -iquote . -I.. -iquote ../fesvr -iquote ../riscv -iquote ../disasm -iquote ../customext -iquote ../fdt -iquote ../softfloat -iquote ../spike_main -iquote ../spike_dasm   -fPIC -I../fdt -c vfnmsub_vv.cc
g++ -MMD -MP  -DPREFIX=\"/work/riscv\" -Wall -Wno-unused -Wno-nonportable-include-path -g -O2 -fPIC -std=c++2a -g -O2   -iquote . -I.. -iquote ../fesvr -iquote ../riscv -iquote ../disasm -iquote ../customext -iquote ../fdt -iquote ../softfloat -iquote ../spike_main -iquote ../spike_dasm   -fPIC -I../fdt -c vfrdiv_vf.cc
g++ -MMD -MP  -DPREFIX=\"/work/riscv\" -Wall -Wno-unused -Wno-nonportable-include-path -g -O2 -fPIC -std=c++2a -g -O2   -iquote . -I.. -iquote ../fesvr -iquote ../riscv -iquote ../disasm -iquote ../customext -iquote ../fdt -iquote ../softfloat -iquote ../spike_main -iquote ../spike_dasm   -fPIC -I../fdt -c vfredmax_vs.cc
g++ -MMD -MP  -DPREFIX=\"/work/riscv\" -Wall -Wno-unused -Wno-nonportable-include-path -g -O2 -fPIC -std=c++2a -g -O2   -iquote . -I.. -iquote ../fesvr -iquote ../riscv -iquote ../disasm -iquote ../customext -iquote ../fdt -iquote ../softfloat -iquote ../spike_main -iquote ../spike_dasm   -fPIC -I../fdt -c vfredmin_vs.cc
g++ -MMD -MP  -DPREFIX=\"/work/riscv\" -Wall -Wno-unused -Wno-nonportable-include-path -g -O2 -fPIC -std=c++2a -g -O2   -iquote . -I.. -iquote ../fesvr -iquote ../riscv -iquote ../disasm -iquote ../customext -iquote ../fdt -iquote ../softfloat -iquote ../spike_main -iquote ../spike_dasm   -fPIC -I../fdt -c vfredosum_vs.cc
g++ -MMD -MP  -DPREFIX=\"/work/riscv\" -Wall -Wno-unused -Wno-nonportable-include-path -g -O2 -fPIC -std=c++2a -g -O2   -iquote . -I.. -iquote ../fesvr -iquote ../riscv -iquote ../disasm -iquote ../customext -iquote ../fdt -iquote ../softfloat -iquote ../spike_main -iquote ../spike_dasm   -fPIC -I../fdt -c vfredusum_vs.cc
g++ -MMD -MP  -DPREFIX=\"/work/riscv\" -Wall -Wno-unused -Wno-nonportable-include-path -g -O2 -fPIC -std=c++2a -g -O2   -iquote . -I.. -iquote ../fesvr -iquote ../riscv -iquote ../disasm -iquote ../customext -iquote ../fdt -iquote ../softfloat -iquote ../spike_main -iquote ../spike_dasm   -fPIC -I../fdt -c vfrec7_v.cc
g++ -MMD -MP  -DPREFIX=\"/work/riscv\" -Wall -Wno-unused -Wno-nonportable-include-path -g -O2 -fPIC -std=c++2a -g -O2   -iquote . -I.. -iquote ../fesvr -iquote ../riscv -iquote ../disasm -iquote ../customext -iquote ../fdt -iquote ../softfloat -iquote ../spike_main -iquote ../spike_dasm   -fPIC -I../fdt -c vfrsub_vf.cc
g++ -MMD -MP  -DPREFIX=\"/work/riscv\" -Wall -Wno-unused -Wno-nonportable-include-path -g -O2 -fPIC -std=c++2a -g -O2   -iquote . -I.. -iquote ../fesvr -iquote ../riscv -iquote ../disasm -iquote ../customext -iquote ../fdt -iquote ../softfloat -iquote ../spike_main -iquote ../spike_dasm   -fPIC -I../fdt -c vfrsqrt7_v.cc
g++ -MMD -MP  -DPREFIX=\"/work/riscv\" -Wall -Wno-unused -Wno-nonportable-include-path -g -O2 -fPIC -std=c++2a -g -O2   -iquote . -I.. -iquote ../fesvr -iquote ../riscv -iquote ../disasm -iquote ../customext -iquote ../fdt -iquote ../softfloat -iquote ../spike_main -iquote ../spike_dasm   -fPIC -I../fdt -c vfsgnj_vf.cc
g++ -MMD -MP  -DPREFIX=\"/work/riscv\" -Wall -Wno-unused -Wno-nonportable-include-path -g -O2 -fPIC -std=c++2a -g -O2   -iquote . -I.. -iquote ../fesvr -iquote ../riscv -iquote ../disasm -iquote ../customext -iquote ../fdt -iquote ../softfloat -iquote ../spike_main -iquote ../spike_dasm   -fPIC -I../fdt -c vfsgnj_vv.cc
g++ -MMD -MP  -DPREFIX=\"/work/riscv\" -Wall -Wno-unused -Wno-nonportable-include-path -g -O2 -fPIC -std=c++2a -g -O2   -iquote . -I.. -iquote ../fesvr -iquote ../riscv -iquote ../disasm -iquote ../customext -iquote ../fdt -iquote ../softfloat -iquote ../spike_main -iquote ../spike_dasm   -fPIC -I../fdt -c vfsgnjn_vf.cc
g++ -MMD -MP  -DPREFIX=\"/work/riscv\" -Wall -Wno-unused -Wno-nonportable-include-path -g -O2 -fPIC -std=c++2a -g -O2   -iquote . -I.. -iquote ../fesvr -iquote ../riscv -iquote ../disasm -iquote ../customext -iquote ../fdt -iquote ../softfloat -iquote ../spike_main -iquote ../spike_dasm   -fPIC -I../fdt -c vfsgnjn_vv.cc
g++ -MMD -MP  -DPREFIX=\"/work/riscv\" -Wall -Wno-unused -Wno-nonportable-include-path -g -O2 -fPIC -std=c++2a -g -O2   -iquote . -I.. -iquote ../fesvr -iquote ../riscv -iquote ../disasm -iquote ../customext -iquote ../fdt -iquote ../softfloat -iquote ../spike_main -iquote ../spike_dasm   -fPIC -I../fdt -c vfsgnjx_vf.cc
g++ -MMD -MP  -DPREFIX=\"/work/riscv\" -Wall -Wno-unused -Wno-nonportable-include-path -g -O2 -fPIC -std=c++2a -g -O2   -iquote . -I.. -iquote ../fesvr -iquote ../riscv -iquote ../disasm -iquote ../customext -iquote ../fdt -iquote ../softfloat -iquote ../spike_main -iquote ../spike_dasm   -fPIC -I../fdt -c vfsgnjx_vv.cc
g++ -MMD -MP  -DPREFIX=\"/work/riscv\" -Wall -Wno-unused -Wno-nonportable-include-path -g -O2 -fPIC -std=c++2a -g -O2   -iquote . -I.. -iquote ../fesvr -iquote ../riscv -iquote ../disasm -iquote ../customext -iquote ../fdt -iquote ../softfloat -iquote ../spike_main -iquote ../spike_dasm   -fPIC -I../fdt -c vfsqrt_v.cc
g++ -MMD -MP  -DPREFIX=\"/work/riscv\" -Wall -Wno-unused -Wno-nonportable-include-path -g -O2 -fPIC -std=c++2a -g -O2   -iquote . -I.. -iquote ../fesvr -iquote ../riscv -iquote ../disasm -iquote ../customext -iquote ../fdt -iquote ../softfloat -iquote ../spike_main -iquote ../spike_dasm   -fPIC -I../fdt -c vfslide1down_vf.cc
g++ -MMD -MP  -DPREFIX=\"/work/riscv\" -Wall -Wno-unused -Wno-nonportable-include-path -g -O2 -fPIC -std=c++2a -g -O2   -iquote . -I.. -iquote ../fesvr -iquote ../riscv -iquote ../disasm -iquote ../customext -iquote ../fdt -iquote ../softfloat -iquote ../spike_main -iquote ../spike_dasm   -fPIC -I../fdt -c vfslide1up_vf.cc
g++ -MMD -MP  -DPREFIX=\"/work/riscv\" -Wall -Wno-unused -Wno-nonportable-include-path -g -O2 -fPIC -std=c++2a -g -O2   -iquote . -I.. -iquote ../fesvr -iquote ../riscv -iquote ../disasm -iquote ../customext -iquote ../fdt -iquote ../softfloat -iquote ../spike_main -iquote ../spike_dasm   -fPIC -I../fdt -c vfsub_vf.cc
g++ -MMD -MP  -DPREFIX=\"/work/riscv\" -Wall -Wno-unused -Wno-nonportable-include-path -g -O2 -fPIC -std=c++2a -g -O2   -iquote . -I.. -iquote ../fesvr -iquote ../riscv -iquote ../disasm -iquote ../customext -iquote ../fdt -iquote ../softfloat -iquote ../spike_main -iquote ../spike_dasm   -fPIC -I../fdt -c vfsub_vv.cc
g++ -MMD -MP  -DPREFIX=\"/work/riscv\" -Wall -Wno-unused -Wno-nonportable-include-path -g -O2 -fPIC -std=c++2a -g -O2   -iquote . -I.. -iquote ../fesvr -iquote ../riscv -iquote ../disasm -iquote ../customext -iquote ../fdt -iquote ../softfloat -iquote ../spike_main -iquote ../spike_dasm   -fPIC -I../fdt -c vfwadd_vf.cc
g++ -MMD -MP  -DPREFIX=\"/work/riscv\" -Wall -Wno-unused -Wno-nonportable-include-path -g -O2 -fPIC -std=c++2a -g -O2   -iquote . -I.. -iquote ../fesvr -iquote ../riscv -iquote ../disasm -iquote ../customext -iquote ../fdt -iquote ../softfloat -iquote ../spike_main -iquote ../spike_dasm   -fPIC -I../fdt -c vfwadd_vv.cc
g++ -MMD -MP  -DPREFIX=\"/work/riscv\" -Wall -Wno-unused -Wno-nonportable-include-path -g -O2 -fPIC -std=c++2a -g -O2   -iquote . -I.. -iquote ../fesvr -iquote ../riscv -iquote ../disasm -iquote ../customext -iquote ../fdt -iquote ../softfloat -iquote ../spike_main -iquote ../spike_dasm   -fPIC -I../fdt -c vfwadd_wf.cc
g++ -MMD -MP  -DPREFIX=\"/work/riscv\" -Wall -Wno-unused -Wno-nonportable-include-path -g -O2 -fPIC -std=c++2a -g -O2   -iquote . -I.. -iquote ../fesvr -iquote ../riscv -iquote ../disasm -iquote ../customext -iquote ../fdt -iquote ../softfloat -iquote ../spike_main -iquote ../spike_dasm   -fPIC -I../fdt -c vfwadd_wv.cc
g++ -MMD -MP  -DPREFIX=\"/work/riscv\" -Wall -Wno-unused -Wno-nonportable-include-path -g -O2 -fPIC -std=c++2a -g -O2   -iquote . -I.. -iquote ../fesvr -iquote ../riscv -iquote ../disasm -iquote ../customext -iquote ../fdt -iquote ../softfloat -iquote ../spike_main -iquote ../spike_dasm   -fPIC -I../fdt -c vfwcvt_f_f_v.cc
g++ -MMD -MP  -DPREFIX=\"/work/riscv\" -Wall -Wno-unused -Wno-nonportable-include-path -g -O2 -fPIC -std=c++2a -g -O2   -iquote . -I.. -iquote ../fesvr -iquote ../riscv -iquote ../disasm -iquote ../customext -iquote ../fdt -iquote ../softfloat -iquote ../spike_main -iquote ../spike_dasm   -fPIC -I../fdt -c vfwcvt_f_x_v.cc
g++ -MMD -MP  -DPREFIX=\"/work/riscv\" -Wall -Wno-unused -Wno-nonportable-include-path -g -O2 -fPIC -std=c++2a -g -O2   -iquote . -I.. -iquote ../fesvr -iquote ../riscv -iquote ../disasm -iquote ../customext -iquote ../fdt -iquote ../softfloat -iquote ../spike_main -iquote ../spike_dasm   -fPIC -I../fdt -c vfwcvt_f_xu_v.cc
g++ -MMD -MP  -DPREFIX=\"/work/riscv\" -Wall -Wno-unused -Wno-nonportable-include-path -g -O2 -fPIC -std=c++2a -g -O2   -iquote . -I.. -iquote ../fesvr -iquote ../riscv -iquote ../disasm -iquote ../customext -iquote ../fdt -iquote ../softfloat -iquote ../spike_main -iquote ../spike_dasm   -fPIC -I../fdt -c vfwcvt_rtz_x_f_v.cc
g++ -MMD -MP  -DPREFIX=\"/work/riscv\" -Wall -Wno-unused -Wno-nonportable-include-path -g -O2 -fPIC -std=c++2a -g -O2   -iquote . -I.. -iquote ../fesvr -iquote ../riscv -iquote ../disasm -iquote ../customext -iquote ../fdt -iquote ../softfloat -iquote ../spike_main -iquote ../spike_dasm   -fPIC -I../fdt -c vfwcvt_rtz_xu_f_v.cc
g++ -MMD -MP  -DPREFIX=\"/work/riscv\" -Wall -Wno-unused -Wno-nonportable-include-path -g -O2 -fPIC -std=c++2a -g -O2   -iquote . -I.. -iquote ../fesvr -iquote ../riscv -iquote ../disasm -iquote ../customext -iquote ../fdt -iquote ../softfloat -iquote ../spike_main -iquote ../spike_dasm   -fPIC -I../fdt -c vfwcvt_x_f_v.cc
g++ -MMD -MP  -DPREFIX=\"/work/riscv\" -Wall -Wno-unused -Wno-nonportable-include-path -g -O2 -fPIC -std=c++2a -g -O2   -iquote . -I.. -iquote ../fesvr -iquote ../riscv -iquote ../disasm -iquote ../customext -iquote ../fdt -iquote ../softfloat -iquote ../spike_main -iquote ../spike_dasm   -fPIC -I../fdt -c vfwcvt_xu_f_v.cc
g++ -MMD -MP  -DPREFIX=\"/work/riscv\" -Wall -Wno-unused -Wno-nonportable-include-path -g -O2 -fPIC -std=c++2a -g -O2   -iquote . -I.. -iquote ../fesvr -iquote ../riscv -iquote ../disasm -iquote ../customext -iquote ../fdt -iquote ../softfloat -iquote ../spike_main -iquote ../spike_dasm   -fPIC -I../fdt -c vfwmacc_vf.cc
g++ -MMD -MP  -DPREFIX=\"/work/riscv\" -Wall -Wno-unused -Wno-nonportable-include-path -g -O2 -fPIC -std=c++2a -g -O2   -iquote . -I.. -iquote ../fesvr -iquote ../riscv -iquote ../disasm -iquote ../customext -iquote ../fdt -iquote ../softfloat -iquote ../spike_main -iquote ../spike_dasm   -fPIC -I../fdt -c vfwmacc_vv.cc
g++ -MMD -MP  -DPREFIX=\"/work/riscv\" -Wall -Wno-unused -Wno-nonportable-include-path -g -O2 -fPIC -std=c++2a -g -O2   -iquote . -I.. -iquote ../fesvr -iquote ../riscv -iquote ../disasm -iquote ../customext -iquote ../fdt -iquote ../softfloat -iquote ../spike_main -iquote ../spike_dasm   -fPIC -I../fdt -c vfwmsac_vf.cc
g++ -MMD -MP  -DPREFIX=\"/work/riscv\" -Wall -Wno-unused -Wno-nonportable-include-path -g -O2 -fPIC -std=c++2a -g -O2   -iquote . -I.. -iquote ../fesvr -iquote ../riscv -iquote ../disasm -iquote ../customext -iquote ../fdt -iquote ../softfloat -iquote ../spike_main -iquote ../spike_dasm   -fPIC -I../fdt -c vfwmsac_vv.cc
g++ -MMD -MP  -DPREFIX=\"/work/riscv\" -Wall -Wno-unused -Wno-nonportable-include-path -g -O2 -fPIC -std=c++2a -g -O2   -iquote . -I.. -iquote ../fesvr -iquote ../riscv -iquote ../disasm -iquote ../customext -iquote ../fdt -iquote ../softfloat -iquote ../spike_main -iquote ../spike_dasm   -fPIC -I../fdt -c vfwmul_vf.cc
g++ -MMD -MP  -DPREFIX=\"/work/riscv\" -Wall -Wno-unused -Wno-nonportable-include-path -g -O2 -fPIC -std=c++2a -g -O2   -iquote . -I.. -iquote ../fesvr -iquote ../riscv -iquote ../disasm -iquote ../customext -iquote ../fdt -iquote ../softfloat -iquote ../spike_main -iquote ../spike_dasm   -fPIC -I../fdt -c vfwmul_vv.cc
g++ -MMD -MP  -DPREFIX=\"/work/riscv\" -Wall -Wno-unused -Wno-nonportable-include-path -g -O2 -fPIC -std=c++2a -g -O2   -iquote . -I.. -iquote ../fesvr -iquote ../riscv -iquote ../disasm -iquote ../customext -iquote ../fdt -iquote ../softfloat -iquote ../spike_main -iquote ../spike_dasm   -fPIC -I../fdt -c vfwnmacc_vf.cc
g++ -MMD -MP  -DPREFIX=\"/work/riscv\" -Wall -Wno-unused -Wno-nonportable-include-path -g -O2 -fPIC -std=c++2a -g -O2   -iquote . -I.. -iquote ../fesvr -iquote ../riscv -iquote ../disasm -iquote ../customext -iquote ../fdt -iquote ../softfloat -iquote ../spike_main -iquote ../spike_dasm   -fPIC -I../fdt -c vfwnmacc_vv.cc
g++ -MMD -MP  -DPREFIX=\"/work/riscv\" -Wall -Wno-unused -Wno-nonportable-include-path -g -O2 -fPIC -std=c++2a -g -O2   -iquote . -I.. -iquote ../fesvr -iquote ../riscv -iquote ../disasm -iquote ../customext -iquote ../fdt -iquote ../softfloat -iquote ../spike_main -iquote ../spike_dasm   -fPIC -I../fdt -c vfwnmsac_vf.cc
g++ -MMD -MP  -DPREFIX=\"/work/riscv\" -Wall -Wno-unused -Wno-nonportable-include-path -g -O2 -fPIC -std=c++2a -g -O2   -iquote . -I.. -iquote ../fesvr -iquote ../riscv -iquote ../disasm -iquote ../customext -iquote ../fdt -iquote ../softfloat -iquote ../spike_main -iquote ../spike_dasm   -fPIC -I../fdt -c vfwnmsac_vv.cc
g++ -MMD -MP  -DPREFIX=\"/work/riscv\" -Wall -Wno-unused -Wno-nonportable-include-path -g -O2 -fPIC -std=c++2a -g -O2   -iquote . -I.. -iquote ../fesvr -iquote ../riscv -iquote ../disasm -iquote ../customext -iquote ../fdt -iquote ../softfloat -iquote ../spike_main -iquote ../spike_dasm   -fPIC -I../fdt -c vfwredosum_vs.cc
g++ -MMD -MP  -DPREFIX=\"/work/riscv\" -Wall -Wno-unused -Wno-nonportable-include-path -g -O2 -fPIC -std=c++2a -g -O2   -iquote . -I.. -iquote ../fesvr -iquote ../riscv -iquote ../disasm -iquote ../customext -iquote ../fdt -iquote ../softfloat -iquote ../spike_main -iquote ../spike_dasm   -fPIC -I../fdt -c vfwredusum_vs.cc
g++ -MMD -MP  -DPREFIX=\"/work/riscv\" -Wall -Wno-unused -Wno-nonportable-include-path -g -O2 -fPIC -std=c++2a -g -O2   -iquote . -I.. -iquote ../fesvr -iquote ../riscv -iquote ../disasm -iquote ../customext -iquote ../fdt -iquote ../softfloat -iquote ../spike_main -iquote ../spike_dasm   -fPIC -I../fdt -c vfwsub_vf.cc
g++ -MMD -MP  -DPREFIX=\"/work/riscv\" -Wall -Wno-unused -Wno-nonportable-include-path -g -O2 -fPIC -std=c++2a -g -O2   -iquote . -I.. -iquote ../fesvr -iquote ../riscv -iquote ../disasm -iquote ../customext -iquote ../fdt -iquote ../softfloat -iquote ../spike_main -iquote ../spike_dasm   -fPIC -I../fdt -c vfwsub_vv.cc
g++ -MMD -MP  -DPREFIX=\"/work/riscv\" -Wall -Wno-unused -Wno-nonportable-include-path -g -O2 -fPIC -std=c++2a -g -O2   -iquote . -I.. -iquote ../fesvr -iquote ../riscv -iquote ../disasm -iquote ../customext -iquote ../fdt -iquote ../softfloat -iquote ../spike_main -iquote ../spike_dasm   -fPIC -I../fdt -c vfwsub_wf.cc
g++ -MMD -MP  -DPREFIX=\"/work/riscv\" -Wall -Wno-unused -Wno-nonportable-include-path -g -O2 -fPIC -std=c++2a -g -O2   -iquote . -I.. -iquote ../fesvr -iquote ../riscv -iquote ../disasm -iquote ../customext -iquote ../fdt -iquote ../softfloat -iquote ../spike_main -iquote ../spike_dasm   -fPIC -I../fdt -c vfwsub_wv.cc
g++ -MMD -MP  -DPREFIX=\"/work/riscv\" -Wall -Wno-unused -Wno-nonportable-include-path -g -O2 -fPIC -std=c++2a -g -O2   -iquote . -I.. -iquote ../fesvr -iquote ../riscv -iquote ../disasm -iquote ../customext -iquote ../fdt -iquote ../softfloat -iquote ../spike_main -iquote ../spike_dasm   -fPIC -I../fdt -c vmfeq_vf.cc
g++ -MMD -MP  -DPREFIX=\"/work/riscv\" -Wall -Wno-unused -Wno-nonportable-include-path -g -O2 -fPIC -std=c++2a -g -O2   -iquote . -I.. -iquote ../fesvr -iquote ../riscv -iquote ../disasm -iquote ../customext -iquote ../fdt -iquote ../softfloat -iquote ../spike_main -iquote ../spike_dasm   -fPIC -I../fdt -c vmfeq_vv.cc
g++ -MMD -MP  -DPREFIX=\"/work/riscv\" -Wall -Wno-unused -Wno-nonportable-include-path -g -O2 -fPIC -std=c++2a -g -O2   -iquote . -I.. -iquote ../fesvr -iquote ../riscv -iquote ../disasm -iquote ../customext -iquote ../fdt -iquote ../softfloat -iquote ../spike_main -iquote ../spike_dasm   -fPIC -I../fdt -c vmfge_vf.cc
g++ -MMD -MP  -DPREFIX=\"/work/riscv\" -Wall -Wno-unused -Wno-nonportable-include-path -g -O2 -fPIC -std=c++2a -g -O2   -iquote . -I.. -iquote ../fesvr -iquote ../riscv -iquote ../disasm -iquote ../customext -iquote ../fdt -iquote ../softfloat -iquote ../spike_main -iquote ../spike_dasm   -fPIC -I../fdt -c vmfgt_vf.cc
g++ -MMD -MP  -DPREFIX=\"/work/riscv\" -Wall -Wno-unused -Wno-nonportable-include-path -g -O2 -fPIC -std=c++2a -g -O2   -iquote . -I.. -iquote ../fesvr -iquote ../riscv -iquote ../disasm -iquote ../customext -iquote ../fdt -iquote ../softfloat -iquote ../spike_main -iquote ../spike_dasm   -fPIC -I../fdt -c vmfle_vf.cc
g++ -MMD -MP  -DPREFIX=\"/work/riscv\" -Wall -Wno-unused -Wno-nonportable-include-path -g -O2 -fPIC -std=c++2a -g -O2   -iquote . -I.. -iquote ../fesvr -iquote ../riscv -iquote ../disasm -iquote ../customext -iquote ../fdt -iquote ../softfloat -iquote ../spike_main -iquote ../spike_dasm   -fPIC -I../fdt -c vmfle_vv.cc
g++ -MMD -MP  -DPREFIX=\"/work/riscv\" -Wall -Wno-unused -Wno-nonportable-include-path -g -O2 -fPIC -std=c++2a -g -O2   -iquote . -I.. -iquote ../fesvr -iquote ../riscv -iquote ../disasm -iquote ../customext -iquote ../fdt -iquote ../softfloat -iquote ../spike_main -iquote ../spike_dasm   -fPIC -I../fdt -c vmflt_vf.cc
g++ -MMD -MP  -DPREFIX=\"/work/riscv\" -Wall -Wno-unused -Wno-nonportable-include-path -g -O2 -fPIC -std=c++2a -g -O2   -iquote . -I.. -iquote ../fesvr -iquote ../riscv -iquote ../disasm -iquote ../customext -iquote ../fdt -iquote ../softfloat -iquote ../spike_main -iquote ../spike_dasm   -fPIC -I../fdt -c vmflt_vv.cc
g++ -MMD -MP  -DPREFIX=\"/work/riscv\" -Wall -Wno-unused -Wno-nonportable-include-path -g -O2 -fPIC -std=c++2a -g -O2   -iquote . -I.. -iquote ../fesvr -iquote ../riscv -iquote ../disasm -iquote ../customext -iquote ../fdt -iquote ../softfloat -iquote ../spike_main -iquote ../spike_dasm   -fPIC -I../fdt -c vmfne_vf.cc
g++ -MMD -MP  -DPREFIX=\"/work/riscv\" -Wall -Wno-unused -Wno-nonportable-include-path -g -O2 -fPIC -std=c++2a -g -O2   -iquote . -I.. -iquote ../fesvr -iquote ../riscv -iquote ../disasm -iquote ../customext -iquote ../fdt -iquote ../softfloat -iquote ../spike_main -iquote ../spike_dasm   -fPIC -I../fdt -c vmfne_vv.cc
g++ -MMD -MP  -DPREFIX=\"/work/riscv\" -Wall -Wno-unused -Wno-nonportable-include-path -g -O2 -fPIC -std=c++2a -g -O2   -iquote . -I.. -iquote ../fesvr -iquote ../riscv -iquote ../disasm -iquote ../customext -iquote ../fdt -iquote ../softfloat -iquote ../spike_main -iquote ../spike_dasm   -fPIC -I../fdt -c vaadd_vv.cc
g++ -MMD -MP  -DPREFIX=\"/work/riscv\" -Wall -Wno-unused -Wno-nonportable-include-path -g -O2 -fPIC -std=c++2a -g -O2   -iquote . -I.. -iquote ../fesvr -iquote ../riscv -iquote ../disasm -iquote ../customext -iquote ../fdt -iquote ../softfloat -iquote ../spike_main -iquote ../spike_dasm   -fPIC -I../fdt -c vaaddu_vv.cc
g++ -MMD -MP  -DPREFIX=\"/work/riscv\" -Wall -Wno-unused -Wno-nonportable-include-path -g -O2 -fPIC -std=c++2a -g -O2   -iquote . -I.. -iquote ../fesvr -iquote ../riscv -iquote ../disasm -iquote ../customext -iquote ../fdt -iquote ../softfloat -iquote ../spike_main -iquote ../spike_dasm   -fPIC -I../fdt -c vaadd_vx.cc
g++ -MMD -MP  -DPREFIX=\"/work/riscv\" -Wall -Wno-unused -Wno-nonportable-include-path -g -O2 -fPIC -std=c++2a -g -O2   -iquote . -I.. -iquote ../fesvr -iquote ../riscv -iquote ../disasm -iquote ../customext -iquote ../fdt -iquote ../softfloat -iquote ../spike_main -iquote ../spike_dasm   -fPIC -I../fdt -c vaaddu_vx.cc
g++ -MMD -MP  -DPREFIX=\"/work/riscv\" -Wall -Wno-unused -Wno-nonportable-include-path -g -O2 -fPIC -std=c++2a -g -O2   -iquote . -I.. -iquote ../fesvr -iquote ../riscv -iquote ../disasm -iquote ../customext -iquote ../fdt -iquote ../softfloat -iquote ../spike_main -iquote ../spike_dasm   -fPIC -I../fdt -c vadc_vim.cc
g++ -MMD -MP  -DPREFIX=\"/work/riscv\" -Wall -Wno-unused -Wno-nonportable-include-path -g -O2 -fPIC -std=c++2a -g -O2   -iquote . -I.. -iquote ../fesvr -iquote ../riscv -iquote ../disasm -iquote ../customext -iquote ../fdt -iquote ../softfloat -iquote ../spike_main -iquote ../spike_dasm   -fPIC -I../fdt -c vadc_vvm.cc
g++ -MMD -MP  -DPREFIX=\"/work/riscv\" -Wall -Wno-unused -Wno-nonportable-include-path -g -O2 -fPIC -std=c++2a -g -O2   -iquote . -I.. -iquote ../fesvr -iquote ../riscv -iquote ../disasm -iquote ../customext -iquote ../fdt -iquote ../softfloat -iquote ../spike_main -iquote ../spike_dasm   -fPIC -I../fdt -c vadc_vxm.cc
g++ -MMD -MP  -DPREFIX=\"/work/riscv\" -Wall -Wno-unused -Wno-nonportable-include-path -g -O2 -fPIC -std=c++2a -g -O2   -iquote . -I.. -iquote ../fesvr -iquote ../riscv -iquote ../disasm -iquote ../customext -iquote ../fdt -iquote ../softfloat -iquote ../spike_main -iquote ../spike_dasm   -fPIC -I../fdt -c vadd_vi.cc
g++ -MMD -MP  -DPREFIX=\"/work/riscv\" -Wall -Wno-unused -Wno-nonportable-include-path -g -O2 -fPIC -std=c++2a -g -O2   -iquote . -I.. -iquote ../fesvr -iquote ../riscv -iquote ../disasm -iquote ../customext -iquote ../fdt -iquote ../softfloat -iquote ../spike_main -iquote ../spike_dasm   -fPIC -I../fdt -c vadd_vv.cc
g++ -MMD -MP  -DPREFIX=\"/work/riscv\" -Wall -Wno-unused -Wno-nonportable-include-path -g -O2 -fPIC -std=c++2a -g -O2   -iquote . -I.. -iquote ../fesvr -iquote ../riscv -iquote ../disasm -iquote ../customext -iquote ../fdt -iquote ../softfloat -iquote ../spike_main -iquote ../spike_dasm   -fPIC -I../fdt -c vadd_vx.cc
g++ -MMD -MP  -DPREFIX=\"/work/riscv\" -Wall -Wno-unused -Wno-nonportable-include-path -g -O2 -fPIC -std=c++2a -g -O2   -iquote . -I.. -iquote ../fesvr -iquote ../riscv -iquote ../disasm -iquote ../customext -iquote ../fdt -iquote ../softfloat -iquote ../spike_main -iquote ../spike_dasm   -fPIC -I../fdt -c vand_vi.cc
g++ -MMD -MP  -DPREFIX=\"/work/riscv\" -Wall -Wno-unused -Wno-nonportable-include-path -g -O2 -fPIC -std=c++2a -g -O2   -iquote . -I.. -iquote ../fesvr -iquote ../riscv -iquote ../disasm -iquote ../customext -iquote ../fdt -iquote ../softfloat -iquote ../spike_main -iquote ../spike_dasm   -fPIC -I../fdt -c vand_vv.cc
g++ -MMD -MP  -DPREFIX=\"/work/riscv\" -Wall -Wno-unused -Wno-nonportable-include-path -g -O2 -fPIC -std=c++2a -g -O2   -iquote . -I.. -iquote ../fesvr -iquote ../riscv -iquote ../disasm -iquote ../customext -iquote ../fdt -iquote ../softfloat -iquote ../spike_main -iquote ../spike_dasm   -fPIC -I../fdt -c vand_vx.cc
g++ -MMD -MP  -DPREFIX=\"/work/riscv\" -Wall -Wno-unused -Wno-nonportable-include-path -g -O2 -fPIC -std=c++2a -g -O2   -iquote . -I.. -iquote ../fesvr -iquote ../riscv -iquote ../disasm -iquote ../customext -iquote ../fdt -iquote ../softfloat -iquote ../spike_main -iquote ../spike_dasm   -fPIC -I../fdt -c vasub_vv.cc
g++ -MMD -MP  -DPREFIX=\"/work/riscv\" -Wall -Wno-unused -Wno-nonportable-include-path -g -O2 -fPIC -std=c++2a -g -O2   -iquote . -I.. -iquote ../fesvr -iquote ../riscv -iquote ../disasm -iquote ../customext -iquote ../fdt -iquote ../softfloat -iquote ../spike_main -iquote ../spike_dasm   -fPIC -I../fdt -c vasubu_vv.cc
g++ -MMD -MP  -DPREFIX=\"/work/riscv\" -Wall -Wno-unused -Wno-nonportable-include-path -g -O2 -fPIC -std=c++2a -g -O2   -iquote . -I.. -iquote ../fesvr -iquote ../riscv -iquote ../disasm -iquote ../customext -iquote ../fdt -iquote ../softfloat -iquote ../spike_main -iquote ../spike_dasm   -fPIC -I../fdt -c vasub_vx.cc
g++ -MMD -MP  -DPREFIX=\"/work/riscv\" -Wall -Wno-unused -Wno-nonportable-include-path -g -O2 -fPIC -std=c++2a -g -O2   -iquote . -I.. -iquote ../fesvr -iquote ../riscv -iquote ../disasm -iquote ../customext -iquote ../fdt -iquote ../softfloat -iquote ../spike_main -iquote ../spike_dasm   -fPIC -I../fdt -c vasubu_vx.cc
g++ -MMD -MP  -DPREFIX=\"/work/riscv\" -Wall -Wno-unused -Wno-nonportable-include-path -g -O2 -fPIC -std=c++2a -g -O2   -iquote . -I.. -iquote ../fesvr -iquote ../riscv -iquote ../disasm -iquote ../customext -iquote ../fdt -iquote ../softfloat -iquote ../spike_main -iquote ../spike_dasm   -fPIC -I../fdt -c vcompress_vm.cc
g++ -MMD -MP  -DPREFIX=\"/work/riscv\" -Wall -Wno-unused -Wno-nonportable-include-path -g -O2 -fPIC -std=c++2a -g -O2   -iquote . -I.. -iquote ../fesvr -iquote ../riscv -iquote ../disasm -iquote ../customext -iquote ../fdt -iquote ../softfloat -iquote ../spike_main -iquote ../spike_dasm   -fPIC -I../fdt -c vcpop_m.cc
g++ -MMD -MP  -DPREFIX=\"/work/riscv\" -Wall -Wno-unused -Wno-nonportable-include-path -g -O2 -fPIC -std=c++2a -g -O2   -iquote . -I.. -iquote ../fesvr -iquote ../riscv -iquote ../disasm -iquote ../customext -iquote ../fdt -iquote ../softfloat -iquote ../spike_main -iquote ../spike_dasm   -fPIC -I../fdt -c vdiv_vv.cc
g++ -MMD -MP  -DPREFIX=\"/work/riscv\" -Wall -Wno-unused -Wno-nonportable-include-path -g -O2 -fPIC -std=c++2a -g -O2   -iquote . -I.. -iquote ../fesvr -iquote ../riscv -iquote ../disasm -iquote ../customext -iquote ../fdt -iquote ../softfloat -iquote ../spike_main -iquote ../spike_dasm   -fPIC -I../fdt -c vdiv_vx.cc
g++ -MMD -MP  -DPREFIX=\"/work/riscv\" -Wall -Wno-unused -Wno-nonportable-include-path -g -O2 -fPIC -std=c++2a -g -O2   -iquote . -I.. -iquote ../fesvr -iquote ../riscv -iquote ../disasm -iquote ../customext -iquote ../fdt -iquote ../softfloat -iquote ../spike_main -iquote ../spike_dasm   -fPIC -I../fdt -c vdivu_vv.cc
g++ -MMD -MP  -DPREFIX=\"/work/riscv\" -Wall -Wno-unused -Wno-nonportable-include-path -g -O2 -fPIC -std=c++2a -g -O2   -iquote . -I.. -iquote ../fesvr -iquote ../riscv -iquote ../disasm -iquote ../customext -iquote ../fdt -iquote ../softfloat -iquote ../spike_main -iquote ../spike_dasm   -fPIC -I../fdt -c vdivu_vx.cc
g++ -MMD -MP  -DPREFIX=\"/work/riscv\" -Wall -Wno-unused -Wno-nonportable-include-path -g -O2 -fPIC -std=c++2a -g -O2   -iquote . -I.. -iquote ../fesvr -iquote ../riscv -iquote ../disasm -iquote ../customext -iquote ../fdt -iquote ../softfloat -iquote ../spike_main -iquote ../spike_dasm   -fPIC -I../fdt -c vid_v.cc
g++ -MMD -MP  -DPREFIX=\"/work/riscv\" -Wall -Wno-unused -Wno-nonportable-include-path -g -O2 -fPIC -std=c++2a -g -O2   -iquote . -I.. -iquote ../fesvr -iquote ../riscv -iquote ../disasm -iquote ../customext -iquote ../fdt -iquote ../softfloat -iquote ../spike_main -iquote ../spike_dasm   -fPIC -I../fdt -c viota_m.cc
g++ -MMD -MP  -DPREFIX=\"/work/riscv\" -Wall -Wno-unused -Wno-nonportable-include-path -g -O2 -fPIC -std=c++2a -g -O2   -iquote . -I.. -iquote ../fesvr -iquote ../riscv -iquote ../disasm -iquote ../customext -iquote ../fdt -iquote ../softfloat -iquote ../spike_main -iquote ../spike_dasm   -fPIC -I../fdt -c vmacc_vv.cc
g++ -MMD -MP  -DPREFIX=\"/work/riscv\" -Wall -Wno-unused -Wno-nonportable-include-path -g -O2 -fPIC -std=c++2a -g -O2   -iquote . -I.. -iquote ../fesvr -iquote ../riscv -iquote ../disasm -iquote ../customext -iquote ../fdt -iquote ../softfloat -iquote ../spike_main -iquote ../spike_dasm   -fPIC -I../fdt -c vmacc_vx.cc
g++ -MMD -MP  -DPREFIX=\"/work/riscv\" -Wall -Wno-unused -Wno-nonportable-include-path -g -O2 -fPIC -std=c++2a -g -O2   -iquote . -I.. -iquote ../fesvr -iquote ../riscv -iquote ../disasm -iquote ../customext -iquote ../fdt -iquote ../softfloat -iquote ../spike_main -iquote ../spike_dasm   -fPIC -I../fdt -c vmadc_vv.cc
g++ -MMD -MP  -DPREFIX=\"/work/riscv\" -Wall -Wno-unused -Wno-nonportable-include-path -g -O2 -fPIC -std=c++2a -g -O2   -iquote . -I.. -iquote ../fesvr -iquote ../riscv -iquote ../disasm -iquote ../customext -iquote ../fdt -iquote ../softfloat -iquote ../spike_main -iquote ../spike_dasm   -fPIC -I../fdt -c vmadc_vx.cc
g++ -MMD -MP  -DPREFIX=\"/work/riscv\" -Wall -Wno-unused -Wno-nonportable-include-path -g -O2 -fPIC -std=c++2a -g -O2   -iquote . -I.. -iquote ../fesvr -iquote ../riscv -iquote ../disasm -iquote ../customext -iquote ../fdt -iquote ../softfloat -iquote ../spike_main -iquote ../spike_dasm   -fPIC -I../fdt -c vmadc_vi.cc
g++ -MMD -MP  -DPREFIX=\"/work/riscv\" -Wall -Wno-unused -Wno-nonportable-include-path -g -O2 -fPIC -std=c++2a -g -O2   -iquote . -I.. -iquote ../fesvr -iquote ../riscv -iquote ../disasm -iquote ../customext -iquote ../fdt -iquote ../softfloat -iquote ../spike_main -iquote ../spike_dasm   -fPIC -I../fdt -c vmadc_vim.cc
g++ -MMD -MP  -DPREFIX=\"/work/riscv\" -Wall -Wno-unused -Wno-nonportable-include-path -g -O2 -fPIC -std=c++2a -g -O2   -iquote . -I.. -iquote ../fesvr -iquote ../riscv -iquote ../disasm -iquote ../customext -iquote ../fdt -iquote ../softfloat -iquote ../spike_main -iquote ../spike_dasm   -fPIC -I../fdt -c vmadc_vvm.cc
g++ -MMD -MP  -DPREFIX=\"/work/riscv\" -Wall -Wno-unused -Wno-nonportable-include-path -g -O2 -fPIC -std=c++2a -g -O2   -iquote . -I.. -iquote ../fesvr -iquote ../riscv -iquote ../disasm -iquote ../customext -iquote ../fdt -iquote ../softfloat -iquote ../spike_main -iquote ../spike_dasm   -fPIC -I../fdt -c vmadc_vxm.cc
g++ -MMD -MP  -DPREFIX=\"/work/riscv\" -Wall -Wno-unused -Wno-nonportable-include-path -g -O2 -fPIC -std=c++2a -g -O2   -iquote . -I.. -iquote ../fesvr -iquote ../riscv -iquote ../disasm -iquote ../customext -iquote ../fdt -iquote ../softfloat -iquote ../spike_main -iquote ../spike_dasm   -fPIC -I../fdt -c vmadd_vv.cc
g++ -MMD -MP  -DPREFIX=\"/work/riscv\" -Wall -Wno-unused -Wno-nonportable-include-path -g -O2 -fPIC -std=c++2a -g -O2   -iquote . -I.. -iquote ../fesvr -iquote ../riscv -iquote ../disasm -iquote ../customext -iquote ../fdt -iquote ../softfloat -iquote ../spike_main -iquote ../spike_dasm   -fPIC -I../fdt -c vmadd_vx.cc
g++ -MMD -MP  -DPREFIX=\"/work/riscv\" -Wall -Wno-unused -Wno-nonportable-include-path -g -O2 -fPIC -std=c++2a -g -O2   -iquote . -I.. -iquote ../fesvr -iquote ../riscv -iquote ../disasm -iquote ../customext -iquote ../fdt -iquote ../softfloat -iquote ../spike_main -iquote ../spike_dasm   -fPIC -I../fdt -c vmand_mm.cc
g++ -MMD -MP  -DPREFIX=\"/work/riscv\" -Wall -Wno-unused -Wno-nonportable-include-path -g -O2 -fPIC -std=c++2a -g -O2   -iquote . -I.. -iquote ../fesvr -iquote ../riscv -iquote ../disasm -iquote ../customext -iquote ../fdt -iquote ../softfloat -iquote ../spike_main -iquote ../spike_dasm   -fPIC -I../fdt -c vmandn_mm.cc
g++ -MMD -MP  -DPREFIX=\"/work/riscv\" -Wall -Wno-unused -Wno-nonportable-include-path -g -O2 -fPIC -std=c++2a -g -O2   -iquote . -I.. -iquote ../fesvr -iquote ../riscv -iquote ../disasm -iquote ../customext -iquote ../fdt -iquote ../softfloat -iquote ../spike_main -iquote ../spike_dasm   -fPIC -I../fdt -c vmax_vv.cc
g++ -MMD -MP  -DPREFIX=\"/work/riscv\" -Wall -Wno-unused -Wno-nonportable-include-path -g -O2 -fPIC -std=c++2a -g -O2   -iquote . -I.. -iquote ../fesvr -iquote ../riscv -iquote ../disasm -iquote ../customext -iquote ../fdt -iquote ../softfloat -iquote ../spike_main -iquote ../spike_dasm   -fPIC -I../fdt -c vmax_vx.cc
g++ -MMD -MP  -DPREFIX=\"/work/riscv\" -Wall -Wno-unused -Wno-nonportable-include-path -g -O2 -fPIC -std=c++2a -g -O2   -iquote . -I.. -iquote ../fesvr -iquote ../riscv -iquote ../disasm -iquote ../customext -iquote ../fdt -iquote ../softfloat -iquote ../spike_main -iquote ../spike_dasm   -fPIC -I../fdt -c vmaxu_vv.cc
g++ -MMD -MP  -DPREFIX=\"/work/riscv\" -Wall -Wno-unused -Wno-nonportable-include-path -g -O2 -fPIC -std=c++2a -g -O2   -iquote . -I.. -iquote ../fesvr -iquote ../riscv -iquote ../disasm -iquote ../customext -iquote ../fdt -iquote ../softfloat -iquote ../spike_main -iquote ../spike_dasm   -fPIC -I../fdt -c vmaxu_vx.cc
g++ -MMD -MP  -DPREFIX=\"/work/riscv\" -Wall -Wno-unused -Wno-nonportable-include-path -g -O2 -fPIC -std=c++2a -g -O2   -iquote . -I.. -iquote ../fesvr -iquote ../riscv -iquote ../disasm -iquote ../customext -iquote ../fdt -iquote ../softfloat -iquote ../spike_main -iquote ../spike_dasm   -fPIC -I../fdt -c vmerge_vim.cc
g++ -MMD -MP  -DPREFIX=\"/work/riscv\" -Wall -Wno-unused -Wno-nonportable-include-path -g -O2 -fPIC -std=c++2a -g -O2   -iquote . -I.. -iquote ../fesvr -iquote ../riscv -iquote ../disasm -iquote ../customext -iquote ../fdt -iquote ../softfloat -iquote ../spike_main -iquote ../spike_dasm   -fPIC -I../fdt -c vmerge_vvm.cc
g++ -MMD -MP  -DPREFIX=\"/work/riscv\" -Wall -Wno-unused -Wno-nonportable-include-path -g -O2 -fPIC -std=c++2a -g -O2   -iquote . -I.. -iquote ../fesvr -iquote ../riscv -iquote ../disasm -iquote ../customext -iquote ../fdt -iquote ../softfloat -iquote ../spike_main -iquote ../spike_dasm   -fPIC -I../fdt -c vmerge_vxm.cc
g++ -MMD -MP  -DPREFIX=\"/work/riscv\" -Wall -Wno-unused -Wno-nonportable-include-path -g -O2 -fPIC -std=c++2a -g -O2   -iquote . -I.. -iquote ../fesvr -iquote ../riscv -iquote ../disasm -iquote ../customext -iquote ../fdt -iquote ../softfloat -iquote ../spike_main -iquote ../spike_dasm   -fPIC -I../fdt -c vfirst_m.cc
g++ -MMD -MP  -DPREFIX=\"/work/riscv\" -Wall -Wno-unused -Wno-nonportable-include-path -g -O2 -fPIC -std=c++2a -g -O2   -iquote . -I.. -iquote ../fesvr -iquote ../riscv -iquote ../disasm -iquote ../customext -iquote ../fdt -iquote ../softfloat -iquote ../spike_main -iquote ../spike_dasm   -fPIC -I../fdt -c vmin_vv.cc
g++ -MMD -MP  -DPREFIX=\"/work/riscv\" -Wall -Wno-unused -Wno-nonportable-include-path -g -O2 -fPIC -std=c++2a -g -O2   -iquote . -I.. -iquote ../fesvr -iquote ../riscv -iquote ../disasm -iquote ../customext -iquote ../fdt -iquote ../softfloat -iquote ../spike_main -iquote ../spike_dasm   -fPIC -I../fdt -c vmin_vx.cc
g++ -MMD -MP  -DPREFIX=\"/work/riscv\" -Wall -Wno-unused -Wno-nonportable-include-path -g -O2 -fPIC -std=c++2a -g -O2   -iquote . -I.. -iquote ../fesvr -iquote ../riscv -iquote ../disasm -iquote ../customext -iquote ../fdt -iquote ../softfloat -iquote ../spike_main -iquote ../spike_dasm   -fPIC -I../fdt -c vminu_vv.cc
g++ -MMD -MP  -DPREFIX=\"/work/riscv\" -Wall -Wno-unused -Wno-nonportable-include-path -g -O2 -fPIC -std=c++2a -g -O2   -iquote . -I.. -iquote ../fesvr -iquote ../riscv -iquote ../disasm -iquote ../customext -iquote ../fdt -iquote ../softfloat -iquote ../spike_main -iquote ../spike_dasm   -fPIC -I../fdt -c vminu_vx.cc
g++ -MMD -MP  -DPREFIX=\"/work/riscv\" -Wall -Wno-unused -Wno-nonportable-include-path -g -O2 -fPIC -std=c++2a -g -O2   -iquote . -I.. -iquote ../fesvr -iquote ../riscv -iquote ../disasm -iquote ../customext -iquote ../fdt -iquote ../softfloat -iquote ../spike_main -iquote ../spike_dasm   -fPIC -I../fdt -c vmnand_mm.cc
g++ -MMD -MP  -DPREFIX=\"/work/riscv\" -Wall -Wno-unused -Wno-nonportable-include-path -g -O2 -fPIC -std=c++2a -g -O2   -iquote . -I.. -iquote ../fesvr -iquote ../riscv -iquote ../disasm -iquote ../customext -iquote ../fdt -iquote ../softfloat -iquote ../spike_main -iquote ../spike_dasm   -fPIC -I../fdt -c vmnor_mm.cc
g++ -MMD -MP  -DPREFIX=\"/work/riscv\" -Wall -Wno-unused -Wno-nonportable-include-path -g -O2 -fPIC -std=c++2a -g -O2   -iquote . -I.. -iquote ../fesvr -iquote ../riscv -iquote ../disasm -iquote ../customext -iquote ../fdt -iquote ../softfloat -iquote ../spike_main -iquote ../spike_dasm   -fPIC -I../fdt -c vmor_mm.cc
g++ -MMD -MP  -DPREFIX=\"/work/riscv\" -Wall -Wno-unused -Wno-nonportable-include-path -g -O2 -fPIC -std=c++2a -g -O2   -iquote . -I.. -iquote ../fesvr -iquote ../riscv -iquote ../disasm -iquote ../customext -iquote ../fdt -iquote ../softfloat -iquote ../spike_main -iquote ../spike_dasm   -fPIC -I../fdt -c vmorn_mm.cc
g++ -MMD -MP  -DPREFIX=\"/work/riscv\" -Wall -Wno-unused -Wno-nonportable-include-path -g -O2 -fPIC -std=c++2a -g -O2   -iquote . -I.. -iquote ../fesvr -iquote ../riscv -iquote ../disasm -iquote ../customext -iquote ../fdt -iquote ../softfloat -iquote ../spike_main -iquote ../spike_dasm   -fPIC -I../fdt -c vmsbc_vv.cc
g++ -MMD -MP  -DPREFIX=\"/work/riscv\" -Wall -Wno-unused -Wno-nonportable-include-path -g -O2 -fPIC -std=c++2a -g -O2   -iquote . -I.. -iquote ../fesvr -iquote ../riscv -iquote ../disasm -iquote ../customext -iquote ../fdt -iquote ../softfloat -iquote ../spike_main -iquote ../spike_dasm   -fPIC -I../fdt -c vmsbc_vx.cc
g++ -MMD -MP  -DPREFIX=\"/work/riscv\" -Wall -Wno-unused -Wno-nonportable-include-path -g -O2 -fPIC -std=c++2a -g -O2   -iquote . -I.. -iquote ../fesvr -iquote ../riscv -iquote ../disasm -iquote ../customext -iquote ../fdt -iquote ../softfloat -iquote ../spike_main -iquote ../spike_dasm   -fPIC -I../fdt -c vmsbc_vvm.cc
g++ -MMD -MP  -DPREFIX=\"/work/riscv\" -Wall -Wno-unused -Wno-nonportable-include-path -g -O2 -fPIC -std=c++2a -g -O2   -iquote . -I.. -iquote ../fesvr -iquote ../riscv -iquote ../disasm -iquote ../customext -iquote ../fdt -iquote ../softfloat -iquote ../spike_main -iquote ../spike_dasm   -fPIC -I../fdt -c vmsbc_vxm.cc
g++ -MMD -MP  -DPREFIX=\"/work/riscv\" -Wall -Wno-unused -Wno-nonportable-include-path -g -O2 -fPIC -std=c++2a -g -O2   -iquote . -I.. -iquote ../fesvr -iquote ../riscv -iquote ../disasm -iquote ../customext -iquote ../fdt -iquote ../softfloat -iquote ../spike_main -iquote ../spike_dasm   -fPIC -I../fdt -c vmsbf_m.cc
g++ -MMD -MP  -DPREFIX=\"/work/riscv\" -Wall -Wno-unused -Wno-nonportable-include-path -g -O2 -fPIC -std=c++2a -g -O2   -iquote . -I.. -iquote ../fesvr -iquote ../riscv -iquote ../disasm -iquote ../customext -iquote ../fdt -iquote ../softfloat -iquote ../spike_main -iquote ../spike_dasm   -fPIC -I../fdt -c vmseq_vi.cc
g++ -MMD -MP  -DPREFIX=\"/work/riscv\" -Wall -Wno-unused -Wno-nonportable-include-path -g -O2 -fPIC -std=c++2a -g -O2   -iquote . -I.. -iquote ../fesvr -iquote ../riscv -iquote ../disasm -iquote ../customext -iquote ../fdt -iquote ../softfloat -iquote ../spike_main -iquote ../spike_dasm   -fPIC -I../fdt -c vmseq_vv.cc
g++ -MMD -MP  -DPREFIX=\"/work/riscv\" -Wall -Wno-unused -Wno-nonportable-include-path -g -O2 -fPIC -std=c++2a -g -O2   -iquote . -I.. -iquote ../fesvr -iquote ../riscv -iquote ../disasm -iquote ../customext -iquote ../fdt -iquote ../softfloat -iquote ../spike_main -iquote ../spike_dasm   -fPIC -I../fdt -c vmseq_vx.cc
g++ -MMD -MP  -DPREFIX=\"/work/riscv\" -Wall -Wno-unused -Wno-nonportable-include-path -g -O2 -fPIC -std=c++2a -g -O2   -iquote . -I.. -iquote ../fesvr -iquote ../riscv -iquote ../disasm -iquote ../customext -iquote ../fdt -iquote ../softfloat -iquote ../spike_main -iquote ../spike_dasm   -fPIC -I../fdt -c vmsgt_vi.cc
g++ -MMD -MP  -DPREFIX=\"/work/riscv\" -Wall -Wno-unused -Wno-nonportable-include-path -g -O2 -fPIC -std=c++2a -g -O2   -iquote . -I.. -iquote ../fesvr -iquote ../riscv -iquote ../disasm -iquote ../customext -iquote ../fdt -iquote ../softfloat -iquote ../spike_main -iquote ../spike_dasm   -fPIC -I../fdt -c vmsgt_vx.cc
g++ -MMD -MP  -DPREFIX=\"/work/riscv\" -Wall -Wno-unused -Wno-nonportable-include-path -g -O2 -fPIC -std=c++2a -g -O2   -iquote . -I.. -iquote ../fesvr -iquote ../riscv -iquote ../disasm -iquote ../customext -iquote ../fdt -iquote ../softfloat -iquote ../spike_main -iquote ../spike_dasm   -fPIC -I../fdt -c vmsgtu_vi.cc
g++ -MMD -MP  -DPREFIX=\"/work/riscv\" -Wall -Wno-unused -Wno-nonportable-include-path -g -O2 -fPIC -std=c++2a -g -O2   -iquote . -I.. -iquote ../fesvr -iquote ../riscv -iquote ../disasm -iquote ../customext -iquote ../fdt -iquote ../softfloat -iquote ../spike_main -iquote ../spike_dasm   -fPIC -I../fdt -c vmsgtu_vx.cc
g++ -MMD -MP  -DPREFIX=\"/work/riscv\" -Wall -Wno-unused -Wno-nonportable-include-path -g -O2 -fPIC -std=c++2a -g -O2   -iquote . -I.. -iquote ../fesvr -iquote ../riscv -iquote ../disasm -iquote ../customext -iquote ../fdt -iquote ../softfloat -iquote ../spike_main -iquote ../spike_dasm   -fPIC -I../fdt -c vmsif_m.cc
g++ -MMD -MP  -DPREFIX=\"/work/riscv\" -Wall -Wno-unused -Wno-nonportable-include-path -g -O2 -fPIC -std=c++2a -g -O2   -iquote . -I.. -iquote ../fesvr -iquote ../riscv -iquote ../disasm -iquote ../customext -iquote ../fdt -iquote ../softfloat -iquote ../spike_main -iquote ../spike_dasm   -fPIC -I../fdt -c vmsle_vi.cc
g++ -MMD -MP  -DPREFIX=\"/work/riscv\" -Wall -Wno-unused -Wno-nonportable-include-path -g -O2 -fPIC -std=c++2a -g -O2   -iquote . -I.. -iquote ../fesvr -iquote ../riscv -iquote ../disasm -iquote ../customext -iquote ../fdt -iquote ../softfloat -iquote ../spike_main -iquote ../spike_dasm   -fPIC -I../fdt -c vmsle_vv.cc
g++ -MMD -MP  -DPREFIX=\"/work/riscv\" -Wall -Wno-unused -Wno-nonportable-include-path -g -O2 -fPIC -std=c++2a -g -O2   -iquote . -I.. -iquote ../fesvr -iquote ../riscv -iquote ../disasm -iquote ../customext -iquote ../fdt -iquote ../softfloat -iquote ../spike_main -iquote ../spike_dasm   -fPIC -I../fdt -c vmsle_vx.cc
g++ -MMD -MP  -DPREFIX=\"/work/riscv\" -Wall -Wno-unused -Wno-nonportable-include-path -g -O2 -fPIC -std=c++2a -g -O2   -iquote . -I.. -iquote ../fesvr -iquote ../riscv -iquote ../disasm -iquote ../customext -iquote ../fdt -iquote ../softfloat -iquote ../spike_main -iquote ../spike_dasm   -fPIC -I../fdt -c vmsleu_vi.cc
g++ -MMD -MP  -DPREFIX=\"/work/riscv\" -Wall -Wno-unused -Wno-nonportable-include-path -g -O2 -fPIC -std=c++2a -g -O2   -iquote . -I.. -iquote ../fesvr -iquote ../riscv -iquote ../disasm -iquote ../customext -iquote ../fdt -iquote ../softfloat -iquote ../spike_main -iquote ../spike_dasm   -fPIC -I../fdt -c vmsleu_vv.cc
g++ -MMD -MP  -DPREFIX=\"/work/riscv\" -Wall -Wno-unused -Wno-nonportable-include-path -g -O2 -fPIC -std=c++2a -g -O2   -iquote . -I.. -iquote ../fesvr -iquote ../riscv -iquote ../disasm -iquote ../customext -iquote ../fdt -iquote ../softfloat -iquote ../spike_main -iquote ../spike_dasm   -fPIC -I../fdt -c vmsleu_vx.cc
g++ -MMD -MP  -DPREFIX=\"/work/riscv\" -Wall -Wno-unused -Wno-nonportable-include-path -g -O2 -fPIC -std=c++2a -g -O2   -iquote . -I.. -iquote ../fesvr -iquote ../riscv -iquote ../disasm -iquote ../customext -iquote ../fdt -iquote ../softfloat -iquote ../spike_main -iquote ../spike_dasm   -fPIC -I../fdt -c vmslt_vv.cc
g++ -MMD -MP  -DPREFIX=\"/work/riscv\" -Wall -Wno-unused -Wno-nonportable-include-path -g -O2 -fPIC -std=c++2a -g -O2   -iquote . -I.. -iquote ../fesvr -iquote ../riscv -iquote ../disasm -iquote ../customext -iquote ../fdt -iquote ../softfloat -iquote ../spike_main -iquote ../spike_dasm   -fPIC -I../fdt -c vmslt_vx.cc
g++ -MMD -MP  -DPREFIX=\"/work/riscv\" -Wall -Wno-unused -Wno-nonportable-include-path -g -O2 -fPIC -std=c++2a -g -O2   -iquote . -I.. -iquote ../fesvr -iquote ../riscv -iquote ../disasm -iquote ../customext -iquote ../fdt -iquote ../softfloat -iquote ../spike_main -iquote ../spike_dasm   -fPIC -I../fdt -c vmsltu_vv.cc
g++ -MMD -MP  -DPREFIX=\"/work/riscv\" -Wall -Wno-unused -Wno-nonportable-include-path -g -O2 -fPIC -std=c++2a -g -O2   -iquote . -I.. -iquote ../fesvr -iquote ../riscv -iquote ../disasm -iquote ../customext -iquote ../fdt -iquote ../softfloat -iquote ../spike_main -iquote ../spike_dasm   -fPIC -I../fdt -c vmsltu_vx.cc
g++ -MMD -MP  -DPREFIX=\"/work/riscv\" -Wall -Wno-unused -Wno-nonportable-include-path -g -O2 -fPIC -std=c++2a -g -O2   -iquote . -I.. -iquote ../fesvr -iquote ../riscv -iquote ../disasm -iquote ../customext -iquote ../fdt -iquote ../softfloat -iquote ../spike_main -iquote ../spike_dasm   -fPIC -I../fdt -c vmsne_vi.cc
g++ -MMD -MP  -DPREFIX=\"/work/riscv\" -Wall -Wno-unused -Wno-nonportable-include-path -g -O2 -fPIC -std=c++2a -g -O2   -iquote . -I.. -iquote ../fesvr -iquote ../riscv -iquote ../disasm -iquote ../customext -iquote ../fdt -iquote ../softfloat -iquote ../spike_main -iquote ../spike_dasm   -fPIC -I../fdt -c vmsne_vv.cc
g++ -MMD -MP  -DPREFIX=\"/work/riscv\" -Wall -Wno-unused -Wno-nonportable-include-path -g -O2 -fPIC -std=c++2a -g -O2   -iquote . -I.. -iquote ../fesvr -iquote ../riscv -iquote ../disasm -iquote ../customext -iquote ../fdt -iquote ../softfloat -iquote ../spike_main -iquote ../spike_dasm   -fPIC -I../fdt -c vmsne_vx.cc
g++ -MMD -MP  -DPREFIX=\"/work/riscv\" -Wall -Wno-unused -Wno-nonportable-include-path -g -O2 -fPIC -std=c++2a -g -O2   -iquote . -I.. -iquote ../fesvr -iquote ../riscv -iquote ../disasm -iquote ../customext -iquote ../fdt -iquote ../softfloat -iquote ../spike_main -iquote ../spike_dasm   -fPIC -I../fdt -c vmsof_m.cc
g++ -MMD -MP  -DPREFIX=\"/work/riscv\" -Wall -Wno-unused -Wno-nonportable-include-path -g -O2 -fPIC -std=c++2a -g -O2   -iquote . -I.. -iquote ../fesvr -iquote ../riscv -iquote ../disasm -iquote ../customext -iquote ../fdt -iquote ../softfloat -iquote ../spike_main -iquote ../spike_dasm   -fPIC -I../fdt -c vmul_vv.cc
g++ -MMD -MP  -DPREFIX=\"/work/riscv\" -Wall -Wno-unused -Wno-nonportable-include-path -g -O2 -fPIC -std=c++2a -g -O2   -iquote . -I.. -iquote ../fesvr -iquote ../riscv -iquote ../disasm -iquote ../customext -iquote ../fdt -iquote ../softfloat -iquote ../spike_main -iquote ../spike_dasm   -fPIC -I../fdt -c vmul_vx.cc
g++ -MMD -MP  -DPREFIX=\"/work/riscv\" -Wall -Wno-unused -Wno-nonportable-include-path -g -O2 -fPIC -std=c++2a -g -O2   -iquote . -I.. -iquote ../fesvr -iquote ../riscv -iquote ../disasm -iquote ../customext -iquote ../fdt -iquote ../softfloat -iquote ../spike_main -iquote ../spike_dasm   -fPIC -I../fdt -c vmulh_vv.cc
g++ -MMD -MP  -DPREFIX=\"/work/riscv\" -Wall -Wno-unused -Wno-nonportable-include-path -g -O2 -fPIC -std=c++2a -g -O2   -iquote . -I.. -iquote ../fesvr -iquote ../riscv -iquote ../disasm -iquote ../customext -iquote ../fdt -iquote ../softfloat -iquote ../spike_main -iquote ../spike_dasm   -fPIC -I../fdt -c vmulh_vx.cc
g++ -MMD -MP  -DPREFIX=\"/work/riscv\" -Wall -Wno-unused -Wno-nonportable-include-path -g -O2 -fPIC -std=c++2a -g -O2   -iquote . -I.. -iquote ../fesvr -iquote ../riscv -iquote ../disasm -iquote ../customext -iquote ../fdt -iquote ../softfloat -iquote ../spike_main -iquote ../spike_dasm   -fPIC -I../fdt -c vmulhsu_vv.cc
g++ -MMD -MP  -DPREFIX=\"/work/riscv\" -Wall -Wno-unused -Wno-nonportable-include-path -g -O2 -fPIC -std=c++2a -g -O2   -iquote . -I.. -iquote ../fesvr -iquote ../riscv -iquote ../disasm -iquote ../customext -iquote ../fdt -iquote ../softfloat -iquote ../spike_main -iquote ../spike_dasm   -fPIC -I../fdt -c vmulhsu_vx.cc
g++ -MMD -MP  -DPREFIX=\"/work/riscv\" -Wall -Wno-unused -Wno-nonportable-include-path -g -O2 -fPIC -std=c++2a -g -O2   -iquote . -I.. -iquote ../fesvr -iquote ../riscv -iquote ../disasm -iquote ../customext -iquote ../fdt -iquote ../softfloat -iquote ../spike_main -iquote ../spike_dasm   -fPIC -I../fdt -c vmulhu_vv.cc
g++ -MMD -MP  -DPREFIX=\"/work/riscv\" -Wall -Wno-unused -Wno-nonportable-include-path -g -O2 -fPIC -std=c++2a -g -O2   -iquote . -I.. -iquote ../fesvr -iquote ../riscv -iquote ../disasm -iquote ../customext -iquote ../fdt -iquote ../softfloat -iquote ../spike_main -iquote ../spike_dasm   -fPIC -I../fdt -c vmulhu_vx.cc
g++ -MMD -MP  -DPREFIX=\"/work/riscv\" -Wall -Wno-unused -Wno-nonportable-include-path -g -O2 -fPIC -std=c++2a -g -O2   -iquote . -I.. -iquote ../fesvr -iquote ../riscv -iquote ../disasm -iquote ../customext -iquote ../fdt -iquote ../softfloat -iquote ../spike_main -iquote ../spike_dasm   -fPIC -I../fdt -c vmv_s_x.cc
g++ -MMD -MP  -DPREFIX=\"/work/riscv\" -Wall -Wno-unused -Wno-nonportable-include-path -g -O2 -fPIC -std=c++2a -g -O2   -iquote . -I.. -iquote ../fesvr -iquote ../riscv -iquote ../disasm -iquote ../customext -iquote ../fdt -iquote ../softfloat -iquote ../spike_main -iquote ../spike_dasm   -fPIC -I../fdt -c vmv_v_i.cc
g++ -MMD -MP  -DPREFIX=\"/work/riscv\" -Wall -Wno-unused -Wno-nonportable-include-path -g -O2 -fPIC -std=c++2a -g -O2   -iquote . -I.. -iquote ../fesvr -iquote ../riscv -iquote ../disasm -iquote ../customext -iquote ../fdt -iquote ../softfloat -iquote ../spike_main -iquote ../spike_dasm   -fPIC -I../fdt -c vmv_v_v.cc
g++ -MMD -MP  -DPREFIX=\"/work/riscv\" -Wall -Wno-unused -Wno-nonportable-include-path -g -O2 -fPIC -std=c++2a -g -O2   -iquote . -I.. -iquote ../fesvr -iquote ../riscv -iquote ../disasm -iquote ../customext -iquote ../fdt -iquote ../softfloat -iquote ../spike_main -iquote ../spike_dasm   -fPIC -I../fdt -c vmv_v_x.cc
g++ -MMD -MP  -DPREFIX=\"/work/riscv\" -Wall -Wno-unused -Wno-nonportable-include-path -g -O2 -fPIC -std=c++2a -g -O2   -iquote . -I.. -iquote ../fesvr -iquote ../riscv -iquote ../disasm -iquote ../customext -iquote ../fdt -iquote ../softfloat -iquote ../spike_main -iquote ../spike_dasm   -fPIC -I../fdt -c vmv_x_s.cc
g++ -MMD -MP  -DPREFIX=\"/work/riscv\" -Wall -Wno-unused -Wno-nonportable-include-path -g -O2 -fPIC -std=c++2a -g -O2   -iquote . -I.. -iquote ../fesvr -iquote ../riscv -iquote ../disasm -iquote ../customext -iquote ../fdt -iquote ../softfloat -iquote ../spike_main -iquote ../spike_dasm   -fPIC -I../fdt -c vmv1r_v.cc
g++ -MMD -MP  -DPREFIX=\"/work/riscv\" -Wall -Wno-unused -Wno-nonportable-include-path -g -O2 -fPIC -std=c++2a -g -O2   -iquote . -I.. -iquote ../fesvr -iquote ../riscv -iquote ../disasm -iquote ../customext -iquote ../fdt -iquote ../softfloat -iquote ../spike_main -iquote ../spike_dasm   -fPIC -I../fdt -c vmv2r_v.cc
g++ -MMD -MP  -DPREFIX=\"/work/riscv\" -Wall -Wno-unused -Wno-nonportable-include-path -g -O2 -fPIC -std=c++2a -g -O2   -iquote . -I.. -iquote ../fesvr -iquote ../riscv -iquote ../disasm -iquote ../customext -iquote ../fdt -iquote ../softfloat -iquote ../spike_main -iquote ../spike_dasm   -fPIC -I../fdt -c vmv4r_v.cc
g++ -MMD -MP  -DPREFIX=\"/work/riscv\" -Wall -Wno-unused -Wno-nonportable-include-path -g -O2 -fPIC -std=c++2a -g -O2   -iquote . -I.. -iquote ../fesvr -iquote ../riscv -iquote ../disasm -iquote ../customext -iquote ../fdt -iquote ../softfloat -iquote ../spike_main -iquote ../spike_dasm   -fPIC -I../fdt -c vmv8r_v.cc
g++ -MMD -MP  -DPREFIX=\"/work/riscv\" -Wall -Wno-unused -Wno-nonportable-include-path -g -O2 -fPIC -std=c++2a -g -O2   -iquote . -I.. -iquote ../fesvr -iquote ../riscv -iquote ../disasm -iquote ../customext -iquote ../fdt -iquote ../softfloat -iquote ../spike_main -iquote ../spike_dasm   -fPIC -I../fdt -c vmxnor_mm.cc
g++ -MMD -MP  -DPREFIX=\"/work/riscv\" -Wall -Wno-unused -Wno-nonportable-include-path -g -O2 -fPIC -std=c++2a -g -O2   -iquote . -I.. -iquote ../fesvr -iquote ../riscv -iquote ../disasm -iquote ../customext -iquote ../fdt -iquote ../softfloat -iquote ../spike_main -iquote ../spike_dasm   -fPIC -I../fdt -c vmxor_mm.cc
g++ -MMD -MP  -DPREFIX=\"/work/riscv\" -Wall -Wno-unused -Wno-nonportable-include-path -g -O2 -fPIC -std=c++2a -g -O2   -iquote . -I.. -iquote ../fesvr -iquote ../riscv -iquote ../disasm -iquote ../customext -iquote ../fdt -iquote ../softfloat -iquote ../spike_main -iquote ../spike_dasm   -fPIC -I../fdt -c vnclip_wi.cc
g++ -MMD -MP  -DPREFIX=\"/work/riscv\" -Wall -Wno-unused -Wno-nonportable-include-path -g -O2 -fPIC -std=c++2a -g -O2   -iquote . -I.. -iquote ../fesvr -iquote ../riscv -iquote ../disasm -iquote ../customext -iquote ../fdt -iquote ../softfloat -iquote ../spike_main -iquote ../spike_dasm   -fPIC -I../fdt -c vnclip_wv.cc
g++ -MMD -MP  -DPREFIX=\"/work/riscv\" -Wall -Wno-unused -Wno-nonportable-include-path -g -O2 -fPIC -std=c++2a -g -O2   -iquote . -I.. -iquote ../fesvr -iquote ../riscv -iquote ../disasm -iquote ../customext -iquote ../fdt -iquote ../softfloat -iquote ../spike_main -iquote ../spike_dasm   -fPIC -I../fdt -c vnclip_wx.cc
g++ -MMD -MP  -DPREFIX=\"/work/riscv\" -Wall -Wno-unused -Wno-nonportable-include-path -g -O2 -fPIC -std=c++2a -g -O2   -iquote . -I.. -iquote ../fesvr -iquote ../riscv -iquote ../disasm -iquote ../customext -iquote ../fdt -iquote ../softfloat -iquote ../spike_main -iquote ../spike_dasm   -fPIC -I../fdt -c vnclipu_wi.cc
g++ -MMD -MP  -DPREFIX=\"/work/riscv\" -Wall -Wno-unused -Wno-nonportable-include-path -g -O2 -fPIC -std=c++2a -g -O2   -iquote . -I.. -iquote ../fesvr -iquote ../riscv -iquote ../disasm -iquote ../customext -iquote ../fdt -iquote ../softfloat -iquote ../spike_main -iquote ../spike_dasm   -fPIC -I../fdt -c vnclipu_wv.cc
g++ -MMD -MP  -DPREFIX=\"/work/riscv\" -Wall -Wno-unused -Wno-nonportable-include-path -g -O2 -fPIC -std=c++2a -g -O2   -iquote . -I.. -iquote ../fesvr -iquote ../riscv -iquote ../disasm -iquote ../customext -iquote ../fdt -iquote ../softfloat -iquote ../spike_main -iquote ../spike_dasm   -fPIC -I../fdt -c vnclipu_wx.cc
g++ -MMD -MP  -DPREFIX=\"/work/riscv\" -Wall -Wno-unused -Wno-nonportable-include-path -g -O2 -fPIC -std=c++2a -g -O2   -iquote . -I.. -iquote ../fesvr -iquote ../riscv -iquote ../disasm -iquote ../customext -iquote ../fdt -iquote ../softfloat -iquote ../spike_main -iquote ../spike_dasm   -fPIC -I../fdt -c vnmsac_vv.cc
g++ -MMD -MP  -DPREFIX=\"/work/riscv\" -Wall -Wno-unused -Wno-nonportable-include-path -g -O2 -fPIC -std=c++2a -g -O2   -iquote . -I.. -iquote ../fesvr -iquote ../riscv -iquote ../disasm -iquote ../customext -iquote ../fdt -iquote ../softfloat -iquote ../spike_main -iquote ../spike_dasm   -fPIC -I../fdt -c vnmsac_vx.cc
g++ -MMD -MP  -DPREFIX=\"/work/riscv\" -Wall -Wno-unused -Wno-nonportable-include-path -g -O2 -fPIC -std=c++2a -g -O2   -iquote . -I.. -iquote ../fesvr -iquote ../riscv -iquote ../disasm -iquote ../customext -iquote ../fdt -iquote ../softfloat -iquote ../spike_main -iquote ../spike_dasm   -fPIC -I../fdt -c vnmsub_vv.cc
g++ -MMD -MP  -DPREFIX=\"/work/riscv\" -Wall -Wno-unused -Wno-nonportable-include-path -g -O2 -fPIC -std=c++2a -g -O2   -iquote . -I.. -iquote ../fesvr -iquote ../riscv -iquote ../disasm -iquote ../customext -iquote ../fdt -iquote ../softfloat -iquote ../spike_main -iquote ../spike_dasm   -fPIC -I../fdt -c vnmsub_vx.cc
g++ -MMD -MP  -DPREFIX=\"/work/riscv\" -Wall -Wno-unused -Wno-nonportable-include-path -g -O2 -fPIC -std=c++2a -g -O2   -iquote . -I.. -iquote ../fesvr -iquote ../riscv -iquote ../disasm -iquote ../customext -iquote ../fdt -iquote ../softfloat -iquote ../spike_main -iquote ../spike_dasm   -fPIC -I../fdt -c vnsra_wi.cc
g++ -MMD -MP  -DPREFIX=\"/work/riscv\" -Wall -Wno-unused -Wno-nonportable-include-path -g -O2 -fPIC -std=c++2a -g -O2   -iquote . -I.. -iquote ../fesvr -iquote ../riscv -iquote ../disasm -iquote ../customext -iquote ../fdt -iquote ../softfloat -iquote ../spike_main -iquote ../spike_dasm   -fPIC -I../fdt -c vnsra_wv.cc
g++ -MMD -MP  -DPREFIX=\"/work/riscv\" -Wall -Wno-unused -Wno-nonportable-include-path -g -O2 -fPIC -std=c++2a -g -O2   -iquote . -I.. -iquote ../fesvr -iquote ../riscv -iquote ../disasm -iquote ../customext -iquote ../fdt -iquote ../softfloat -iquote ../spike_main -iquote ../spike_dasm   -fPIC -I../fdt -c vnsra_wx.cc
g++ -MMD -MP  -DPREFIX=\"/work/riscv\" -Wall -Wno-unused -Wno-nonportable-include-path -g -O2 -fPIC -std=c++2a -g -O2   -iquote . -I.. -iquote ../fesvr -iquote ../riscv -iquote ../disasm -iquote ../customext -iquote ../fdt -iquote ../softfloat -iquote ../spike_main -iquote ../spike_dasm   -fPIC -I../fdt -c vnsrl_wi.cc
g++ -MMD -MP  -DPREFIX=\"/work/riscv\" -Wall -Wno-unused -Wno-nonportable-include-path -g -O2 -fPIC -std=c++2a -g -O2   -iquote . -I.. -iquote ../fesvr -iquote ../riscv -iquote ../disasm -iquote ../customext -iquote ../fdt -iquote ../softfloat -iquote ../spike_main -iquote ../spike_dasm   -fPIC -I../fdt -c vnsrl_wv.cc
g++ -MMD -MP  -DPREFIX=\"/work/riscv\" -Wall -Wno-unused -Wno-nonportable-include-path -g -O2 -fPIC -std=c++2a -g -O2   -iquote . -I.. -iquote ../fesvr -iquote ../riscv -iquote ../disasm -iquote ../customext -iquote ../fdt -iquote ../softfloat -iquote ../spike_main -iquote ../spike_dasm   -fPIC -I../fdt -c vnsrl_wx.cc
g++ -MMD -MP  -DPREFIX=\"/work/riscv\" -Wall -Wno-unused -Wno-nonportable-include-path -g -O2 -fPIC -std=c++2a -g -O2   -iquote . -I.. -iquote ../fesvr -iquote ../riscv -iquote ../disasm -iquote ../customext -iquote ../fdt -iquote ../softfloat -iquote ../spike_main -iquote ../spike_dasm   -fPIC -I../fdt -c vor_vi.cc
g++ -MMD -MP  -DPREFIX=\"/work/riscv\" -Wall -Wno-unused -Wno-nonportable-include-path -g -O2 -fPIC -std=c++2a -g -O2   -iquote . -I.. -iquote ../fesvr -iquote ../riscv -iquote ../disasm -iquote ../customext -iquote ../fdt -iquote ../softfloat -iquote ../spike_main -iquote ../spike_dasm   -fPIC -I../fdt -c vor_vv.cc
g++ -MMD -MP  -DPREFIX=\"/work/riscv\" -Wall -Wno-unused -Wno-nonportable-include-path -g -O2 -fPIC -std=c++2a -g -O2   -iquote . -I.. -iquote ../fesvr -iquote ../riscv -iquote ../disasm -iquote ../customext -iquote ../fdt -iquote ../softfloat -iquote ../spike_main -iquote ../spike_dasm   -fPIC -I../fdt -c vor_vx.cc
g++ -MMD -MP  -DPREFIX=\"/work/riscv\" -Wall -Wno-unused -Wno-nonportable-include-path -g -O2 -fPIC -std=c++2a -g -O2   -iquote . -I.. -iquote ../fesvr -iquote ../riscv -iquote ../disasm -iquote ../customext -iquote ../fdt -iquote ../softfloat -iquote ../spike_main -iquote ../spike_dasm   -fPIC -I../fdt -c vredand_vs.cc
g++ -MMD -MP  -DPREFIX=\"/work/riscv\" -Wall -Wno-unused -Wno-nonportable-include-path -g -O2 -fPIC -std=c++2a -g -O2   -iquote . -I.. -iquote ../fesvr -iquote ../riscv -iquote ../disasm -iquote ../customext -iquote ../fdt -iquote ../softfloat -iquote ../spike_main -iquote ../spike_dasm   -fPIC -I../fdt -c vredmax_vs.cc
g++ -MMD -MP  -DPREFIX=\"/work/riscv\" -Wall -Wno-unused -Wno-nonportable-include-path -g -O2 -fPIC -std=c++2a -g -O2   -iquote . -I.. -iquote ../fesvr -iquote ../riscv -iquote ../disasm -iquote ../customext -iquote ../fdt -iquote ../softfloat -iquote ../spike_main -iquote ../spike_dasm   -fPIC -I../fdt -c vredmaxu_vs.cc
g++ -MMD -MP  -DPREFIX=\"/work/riscv\" -Wall -Wno-unused -Wno-nonportable-include-path -g -O2 -fPIC -std=c++2a -g -O2   -iquote . -I.. -iquote ../fesvr -iquote ../riscv -iquote ../disasm -iquote ../customext -iquote ../fdt -iquote ../softfloat -iquote ../spike_main -iquote ../spike_dasm   -fPIC -I../fdt -c vredmin_vs.cc
g++ -MMD -MP  -DPREFIX=\"/work/riscv\" -Wall -Wno-unused -Wno-nonportable-include-path -g -O2 -fPIC -std=c++2a -g -O2   -iquote . -I.. -iquote ../fesvr -iquote ../riscv -iquote ../disasm -iquote ../customext -iquote ../fdt -iquote ../softfloat -iquote ../spike_main -iquote ../spike_dasm   -fPIC -I../fdt -c vredminu_vs.cc
g++ -MMD -MP  -DPREFIX=\"/work/riscv\" -Wall -Wno-unused -Wno-nonportable-include-path -g -O2 -fPIC -std=c++2a -g -O2   -iquote . -I.. -iquote ../fesvr -iquote ../riscv -iquote ../disasm -iquote ../customext -iquote ../fdt -iquote ../softfloat -iquote ../spike_main -iquote ../spike_dasm   -fPIC -I../fdt -c vredor_vs.cc
g++ -MMD -MP  -DPREFIX=\"/work/riscv\" -Wall -Wno-unused -Wno-nonportable-include-path -g -O2 -fPIC -std=c++2a -g -O2   -iquote . -I.. -iquote ../fesvr -iquote ../riscv -iquote ../disasm -iquote ../customext -iquote ../fdt -iquote ../softfloat -iquote ../spike_main -iquote ../spike_dasm   -fPIC -I../fdt -c vredsum_vs.cc
g++ -MMD -MP  -DPREFIX=\"/work/riscv\" -Wall -Wno-unused -Wno-nonportable-include-path -g -O2 -fPIC -std=c++2a -g -O2   -iquote . -I.. -iquote ../fesvr -iquote ../riscv -iquote ../disasm -iquote ../customext -iquote ../fdt -iquote ../softfloat -iquote ../spike_main -iquote ../spike_dasm   -fPIC -I../fdt -c vredxor_vs.cc
g++ -MMD -MP  -DPREFIX=\"/work/riscv\" -Wall -Wno-unused -Wno-nonportable-include-path -g -O2 -fPIC -std=c++2a -g -O2   -iquote . -I.. -iquote ../fesvr -iquote ../riscv -iquote ../disasm -iquote ../customext -iquote ../fdt -iquote ../softfloat -iquote ../spike_main -iquote ../spike_dasm   -fPIC -I../fdt -c vrem_vv.cc
g++ -MMD -MP  -DPREFIX=\"/work/riscv\" -Wall -Wno-unused -Wno-nonportable-include-path -g -O2 -fPIC -std=c++2a -g -O2   -iquote . -I.. -iquote ../fesvr -iquote ../riscv -iquote ../disasm -iquote ../customext -iquote ../fdt -iquote ../softfloat -iquote ../spike_main -iquote ../spike_dasm   -fPIC -I../fdt -c vrem_vx.cc
g++ -MMD -MP  -DPREFIX=\"/work/riscv\" -Wall -Wno-unused -Wno-nonportable-include-path -g -O2 -fPIC -std=c++2a -g -O2   -iquote . -I.. -iquote ../fesvr -iquote ../riscv -iquote ../disasm -iquote ../customext -iquote ../fdt -iquote ../softfloat -iquote ../spike_main -iquote ../spike_dasm   -fPIC -I../fdt -c vremu_vv.cc
g++ -MMD -MP  -DPREFIX=\"/work/riscv\" -Wall -Wno-unused -Wno-nonportable-include-path -g -O2 -fPIC -std=c++2a -g -O2   -iquote . -I.. -iquote ../fesvr -iquote ../riscv -iquote ../disasm -iquote ../customext -iquote ../fdt -iquote ../softfloat -iquote ../spike_main -iquote ../spike_dasm   -fPIC -I../fdt -c vremu_vx.cc
g++ -MMD -MP  -DPREFIX=\"/work/riscv\" -Wall -Wno-unused -Wno-nonportable-include-path -g -O2 -fPIC -std=c++2a -g -O2   -iquote . -I.. -iquote ../fesvr -iquote ../riscv -iquote ../disasm -iquote ../customext -iquote ../fdt -iquote ../softfloat -iquote ../spike_main -iquote ../spike_dasm   -fPIC -I../fdt -c vrgather_vi.cc
g++ -MMD -MP  -DPREFIX=\"/work/riscv\" -Wall -Wno-unused -Wno-nonportable-include-path -g -O2 -fPIC -std=c++2a -g -O2   -iquote . -I.. -iquote ../fesvr -iquote ../riscv -iquote ../disasm -iquote ../customext -iquote ../fdt -iquote ../softfloat -iquote ../spike_main -iquote ../spike_dasm   -fPIC -I../fdt -c vrgather_vv.cc
g++ -MMD -MP  -DPREFIX=\"/work/riscv\" -Wall -Wno-unused -Wno-nonportable-include-path -g -O2 -fPIC -std=c++2a -g -O2   -iquote . -I.. -iquote ../fesvr -iquote ../riscv -iquote ../disasm -iquote ../customext -iquote ../fdt -iquote ../softfloat -iquote ../spike_main -iquote ../spike_dasm   -fPIC -I../fdt -c vrgather_vx.cc
g++ -MMD -MP  -DPREFIX=\"/work/riscv\" -Wall -Wno-unused -Wno-nonportable-include-path -g -O2 -fPIC -std=c++2a -g -O2   -iquote . -I.. -iquote ../fesvr -iquote ../riscv -iquote ../disasm -iquote ../customext -iquote ../fdt -iquote ../softfloat -iquote ../spike_main -iquote ../spike_dasm   -fPIC -I../fdt -c vrgatherei16_vv.cc
g++ -MMD -MP  -DPREFIX=\"/work/riscv\" -Wall -Wno-unused -Wno-nonportable-include-path -g -O2 -fPIC -std=c++2a -g -O2   -iquote . -I.. -iquote ../fesvr -iquote ../riscv -iquote ../disasm -iquote ../customext -iquote ../fdt -iquote ../softfloat -iquote ../spike_main -iquote ../spike_dasm   -fPIC -I../fdt -c vrsub_vi.cc
g++ -MMD -MP  -DPREFIX=\"/work/riscv\" -Wall -Wno-unused -Wno-nonportable-include-path -g -O2 -fPIC -std=c++2a -g -O2   -iquote . -I.. -iquote ../fesvr -iquote ../riscv -iquote ../disasm -iquote ../customext -iquote ../fdt -iquote ../softfloat -iquote ../spike_main -iquote ../spike_dasm   -fPIC -I../fdt -c vrsub_vx.cc
g++ -MMD -MP  -DPREFIX=\"/work/riscv\" -Wall -Wno-unused -Wno-nonportable-include-path -g -O2 -fPIC -std=c++2a -g -O2   -iquote . -I.. -iquote ../fesvr -iquote ../riscv -iquote ../disasm -iquote ../customext -iquote ../fdt -iquote ../softfloat -iquote ../spike_main -iquote ../spike_dasm   -fPIC -I../fdt -c vsadd_vi.cc
g++ -MMD -MP  -DPREFIX=\"/work/riscv\" -Wall -Wno-unused -Wno-nonportable-include-path -g -O2 -fPIC -std=c++2a -g -O2   -iquote . -I.. -iquote ../fesvr -iquote ../riscv -iquote ../disasm -iquote ../customext -iquote ../fdt -iquote ../softfloat -iquote ../spike_main -iquote ../spike_dasm   -fPIC -I../fdt -c vsadd_vv.cc
g++ -MMD -MP  -DPREFIX=\"/work/riscv\" -Wall -Wno-unused -Wno-nonportable-include-path -g -O2 -fPIC -std=c++2a -g -O2   -iquote . -I.. -iquote ../fesvr -iquote ../riscv -iquote ../disasm -iquote ../customext -iquote ../fdt -iquote ../softfloat -iquote ../spike_main -iquote ../spike_dasm   -fPIC -I../fdt -c vsadd_vx.cc
g++ -MMD -MP  -DPREFIX=\"/work/riscv\" -Wall -Wno-unused -Wno-nonportable-include-path -g -O2 -fPIC -std=c++2a -g -O2   -iquote . -I.. -iquote ../fesvr -iquote ../riscv -iquote ../disasm -iquote ../customext -iquote ../fdt -iquote ../softfloat -iquote ../spike_main -iquote ../spike_dasm   -fPIC -I../fdt -c vsaddu_vi.cc
g++ -MMD -MP  -DPREFIX=\"/work/riscv\" -Wall -Wno-unused -Wno-nonportable-include-path -g -O2 -fPIC -std=c++2a -g -O2   -iquote . -I.. -iquote ../fesvr -iquote ../riscv -iquote ../disasm -iquote ../customext -iquote ../fdt -iquote ../softfloat -iquote ../spike_main -iquote ../spike_dasm   -fPIC -I../fdt -c vsaddu_vv.cc
g++ -MMD -MP  -DPREFIX=\"/work/riscv\" -Wall -Wno-unused -Wno-nonportable-include-path -g -O2 -fPIC -std=c++2a -g -O2   -iquote . -I.. -iquote ../fesvr -iquote ../riscv -iquote ../disasm -iquote ../customext -iquote ../fdt -iquote ../softfloat -iquote ../spike_main -iquote ../spike_dasm   -fPIC -I../fdt -c vsaddu_vx.cc
g++ -MMD -MP  -DPREFIX=\"/work/riscv\" -Wall -Wno-unused -Wno-nonportable-include-path -g -O2 -fPIC -std=c++2a -g -O2   -iquote . -I.. -iquote ../fesvr -iquote ../riscv -iquote ../disasm -iquote ../customext -iquote ../fdt -iquote ../softfloat -iquote ../spike_main -iquote ../spike_dasm   -fPIC -I../fdt -c vsbc_vvm.cc
g++ -MMD -MP  -DPREFIX=\"/work/riscv\" -Wall -Wno-unused -Wno-nonportable-include-path -g -O2 -fPIC -std=c++2a -g -O2   -iquote . -I.. -iquote ../fesvr -iquote ../riscv -iquote ../disasm -iquote ../customext -iquote ../fdt -iquote ../softfloat -iquote ../spike_main -iquote ../spike_dasm   -fPIC -I../fdt -c vsbc_vxm.cc
g++ -MMD -MP  -DPREFIX=\"/work/riscv\" -Wall -Wno-unused -Wno-nonportable-include-path -g -O2 -fPIC -std=c++2a -g -O2   -iquote . -I.. -iquote ../fesvr -iquote ../riscv -iquote ../disasm -iquote ../customext -iquote ../fdt -iquote ../softfloat -iquote ../spike_main -iquote ../spike_dasm   -fPIC -I../fdt -c vsext_vf2.cc
g++ -MMD -MP  -DPREFIX=\"/work/riscv\" -Wall -Wno-unused -Wno-nonportable-include-path -g -O2 -fPIC -std=c++2a -g -O2   -iquote . -I.. -iquote ../fesvr -iquote ../riscv -iquote ../disasm -iquote ../customext -iquote ../fdt -iquote ../softfloat -iquote ../spike_main -iquote ../spike_dasm   -fPIC -I../fdt -c vsext_vf4.cc
g++ -MMD -MP  -DPREFIX=\"/work/riscv\" -Wall -Wno-unused -Wno-nonportable-include-path -g -O2 -fPIC -std=c++2a -g -O2   -iquote . -I.. -iquote ../fesvr -iquote ../riscv -iquote ../disasm -iquote ../customext -iquote ../fdt -iquote ../softfloat -iquote ../spike_main -iquote ../spike_dasm   -fPIC -I../fdt -c vsext_vf8.cc
g++ -MMD -MP  -DPREFIX=\"/work/riscv\" -Wall -Wno-unused -Wno-nonportable-include-path -g -O2 -fPIC -std=c++2a -g -O2   -iquote . -I.. -iquote ../fesvr -iquote ../riscv -iquote ../disasm -iquote ../customext -iquote ../fdt -iquote ../softfloat -iquote ../spike_main -iquote ../spike_dasm   -fPIC -I../fdt -c vslide1down_vx.cc
g++ -MMD -MP  -DPREFIX=\"/work/riscv\" -Wall -Wno-unused -Wno-nonportable-include-path -g -O2 -fPIC -std=c++2a -g -O2   -iquote . -I.. -iquote ../fesvr -iquote ../riscv -iquote ../disasm -iquote ../customext -iquote ../fdt -iquote ../softfloat -iquote ../spike_main -iquote ../spike_dasm   -fPIC -I../fdt -c vslide1up_vx.cc
g++ -MMD -MP  -DPREFIX=\"/work/riscv\" -Wall -Wno-unused -Wno-nonportable-include-path -g -O2 -fPIC -std=c++2a -g -O2   -iquote . -I.. -iquote ../fesvr -iquote ../riscv -iquote ../disasm -iquote ../customext -iquote ../fdt -iquote ../softfloat -iquote ../spike_main -iquote ../spike_dasm   -fPIC -I../fdt -c vslidedown_vi.cc
g++ -MMD -MP  -DPREFIX=\"/work/riscv\" -Wall -Wno-unused -Wno-nonportable-include-path -g -O2 -fPIC -std=c++2a -g -O2   -iquote . -I.. -iquote ../fesvr -iquote ../riscv -iquote ../disasm -iquote ../customext -iquote ../fdt -iquote ../softfloat -iquote ../spike_main -iquote ../spike_dasm   -fPIC -I../fdt -c vslidedown_vx.cc
g++ -MMD -MP  -DPREFIX=\"/work/riscv\" -Wall -Wno-unused -Wno-nonportable-include-path -g -O2 -fPIC -std=c++2a -g -O2   -iquote . -I.. -iquote ../fesvr -iquote ../riscv -iquote ../disasm -iquote ../customext -iquote ../fdt -iquote ../softfloat -iquote ../spike_main -iquote ../spike_dasm   -fPIC -I../fdt -c vslideup_vi.cc
g++ -MMD -MP  -DPREFIX=\"/work/riscv\" -Wall -Wno-unused -Wno-nonportable-include-path -g -O2 -fPIC -std=c++2a -g -O2   -iquote . -I.. -iquote ../fesvr -iquote ../riscv -iquote ../disasm -iquote ../customext -iquote ../fdt -iquote ../softfloat -iquote ../spike_main -iquote ../spike_dasm   -fPIC -I../fdt -c vslideup_vx.cc
g++ -MMD -MP  -DPREFIX=\"/work/riscv\" -Wall -Wno-unused -Wno-nonportable-include-path -g -O2 -fPIC -std=c++2a -g -O2   -iquote . -I.. -iquote ../fesvr -iquote ../riscv -iquote ../disasm -iquote ../customext -iquote ../fdt -iquote ../softfloat -iquote ../spike_main -iquote ../spike_dasm   -fPIC -I../fdt -c vsll_vi.cc
g++ -MMD -MP  -DPREFIX=\"/work/riscv\" -Wall -Wno-unused -Wno-nonportable-include-path -g -O2 -fPIC -std=c++2a -g -O2   -iquote . -I.. -iquote ../fesvr -iquote ../riscv -iquote ../disasm -iquote ../customext -iquote ../fdt -iquote ../softfloat -iquote ../spike_main -iquote ../spike_dasm   -fPIC -I../fdt -c vsll_vv.cc
g++ -MMD -MP  -DPREFIX=\"/work/riscv\" -Wall -Wno-unused -Wno-nonportable-include-path -g -O2 -fPIC -std=c++2a -g -O2   -iquote . -I.. -iquote ../fesvr -iquote ../riscv -iquote ../disasm -iquote ../customext -iquote ../fdt -iquote ../softfloat -iquote ../spike_main -iquote ../spike_dasm   -fPIC -I../fdt -c vsll_vx.cc
g++ -MMD -MP  -DPREFIX=\"/work/riscv\" -Wall -Wno-unused -Wno-nonportable-include-path -g -O2 -fPIC -std=c++2a -g -O2   -iquote . -I.. -iquote ../fesvr -iquote ../riscv -iquote ../disasm -iquote ../customext -iquote ../fdt -iquote ../softfloat -iquote ../spike_main -iquote ../spike_dasm   -fPIC -I../fdt -c vsmul_vv.cc
g++ -MMD -MP  -DPREFIX=\"/work/riscv\" -Wall -Wno-unused -Wno-nonportable-include-path -g -O2 -fPIC -std=c++2a -g -O2   -iquote . -I.. -iquote ../fesvr -iquote ../riscv -iquote ../disasm -iquote ../customext -iquote ../fdt -iquote ../softfloat -iquote ../spike_main -iquote ../spike_dasm   -fPIC -I../fdt -c vsmul_vx.cc
g++ -MMD -MP  -DPREFIX=\"/work/riscv\" -Wall -Wno-unused -Wno-nonportable-include-path -g -O2 -fPIC -std=c++2a -g -O2   -iquote . -I.. -iquote ../fesvr -iquote ../riscv -iquote ../disasm -iquote ../customext -iquote ../fdt -iquote ../softfloat -iquote ../spike_main -iquote ../spike_dasm   -fPIC -I../fdt -c vsra_vi.cc
g++ -MMD -MP  -DPREFIX=\"/work/riscv\" -Wall -Wno-unused -Wno-nonportable-include-path -g -O2 -fPIC -std=c++2a -g -O2   -iquote . -I.. -iquote ../fesvr -iquote ../riscv -iquote ../disasm -iquote ../customext -iquote ../fdt -iquote ../softfloat -iquote ../spike_main -iquote ../spike_dasm   -fPIC -I../fdt -c vsra_vv.cc
g++ -MMD -MP  -DPREFIX=\"/work/riscv\" -Wall -Wno-unused -Wno-nonportable-include-path -g -O2 -fPIC -std=c++2a -g -O2   -iquote . -I.. -iquote ../fesvr -iquote ../riscv -iquote ../disasm -iquote ../customext -iquote ../fdt -iquote ../softfloat -iquote ../spike_main -iquote ../spike_dasm   -fPIC -I../fdt -c vsra_vx.cc
g++ -MMD -MP  -DPREFIX=\"/work/riscv\" -Wall -Wno-unused -Wno-nonportable-include-path -g -O2 -fPIC -std=c++2a -g -O2   -iquote . -I.. -iquote ../fesvr -iquote ../riscv -iquote ../disasm -iquote ../customext -iquote ../fdt -iquote ../softfloat -iquote ../spike_main -iquote ../spike_dasm   -fPIC -I../fdt -c vsrl_vi.cc
g++ -MMD -MP  -DPREFIX=\"/work/riscv\" -Wall -Wno-unused -Wno-nonportable-include-path -g -O2 -fPIC -std=c++2a -g -O2   -iquote . -I.. -iquote ../fesvr -iquote ../riscv -iquote ../disasm -iquote ../customext -iquote ../fdt -iquote ../softfloat -iquote ../spike_main -iquote ../spike_dasm   -fPIC -I../fdt -c vsrl_vv.cc
g++ -MMD -MP  -DPREFIX=\"/work/riscv\" -Wall -Wno-unused -Wno-nonportable-include-path -g -O2 -fPIC -std=c++2a -g -O2   -iquote . -I.. -iquote ../fesvr -iquote ../riscv -iquote ../disasm -iquote ../customext -iquote ../fdt -iquote ../softfloat -iquote ../spike_main -iquote ../spike_dasm   -fPIC -I../fdt -c vsrl_vx.cc
g++ -MMD -MP  -DPREFIX=\"/work/riscv\" -Wall -Wno-unused -Wno-nonportable-include-path -g -O2 -fPIC -std=c++2a -g -O2   -iquote . -I.. -iquote ../fesvr -iquote ../riscv -iquote ../disasm -iquote ../customext -iquote ../fdt -iquote ../softfloat -iquote ../spike_main -iquote ../spike_dasm   -fPIC -I../fdt -c vssra_vi.cc
g++ -MMD -MP  -DPREFIX=\"/work/riscv\" -Wall -Wno-unused -Wno-nonportable-include-path -g -O2 -fPIC -std=c++2a -g -O2   -iquote . -I.. -iquote ../fesvr -iquote ../riscv -iquote ../disasm -iquote ../customext -iquote ../fdt -iquote ../softfloat -iquote ../spike_main -iquote ../spike_dasm   -fPIC -I../fdt -c vssra_vv.cc
g++ -MMD -MP  -DPREFIX=\"/work/riscv\" -Wall -Wno-unused -Wno-nonportable-include-path -g -O2 -fPIC -std=c++2a -g -O2   -iquote . -I.. -iquote ../fesvr -iquote ../riscv -iquote ../disasm -iquote ../customext -iquote ../fdt -iquote ../softfloat -iquote ../spike_main -iquote ../spike_dasm   -fPIC -I../fdt -c vssra_vx.cc
g++ -MMD -MP  -DPREFIX=\"/work/riscv\" -Wall -Wno-unused -Wno-nonportable-include-path -g -O2 -fPIC -std=c++2a -g -O2   -iquote . -I.. -iquote ../fesvr -iquote ../riscv -iquote ../disasm -iquote ../customext -iquote ../fdt -iquote ../softfloat -iquote ../spike_main -iquote ../spike_dasm   -fPIC -I../fdt -c vssrl_vi.cc
g++ -MMD -MP  -DPREFIX=\"/work/riscv\" -Wall -Wno-unused -Wno-nonportable-include-path -g -O2 -fPIC -std=c++2a -g -O2   -iquote . -I.. -iquote ../fesvr -iquote ../riscv -iquote ../disasm -iquote ../customext -iquote ../fdt -iquote ../softfloat -iquote ../spike_main -iquote ../spike_dasm   -fPIC -I../fdt -c vssrl_vv.cc
g++ -MMD -MP  -DPREFIX=\"/work/riscv\" -Wall -Wno-unused -Wno-nonportable-include-path -g -O2 -fPIC -std=c++2a -g -O2   -iquote . -I.. -iquote ../fesvr -iquote ../riscv -iquote ../disasm -iquote ../customext -iquote ../fdt -iquote ../softfloat -iquote ../spike_main -iquote ../spike_dasm   -fPIC -I../fdt -c vssrl_vx.cc
g++ -MMD -MP  -DPREFIX=\"/work/riscv\" -Wall -Wno-unused -Wno-nonportable-include-path -g -O2 -fPIC -std=c++2a -g -O2   -iquote . -I.. -iquote ../fesvr -iquote ../riscv -iquote ../disasm -iquote ../customext -iquote ../fdt -iquote ../softfloat -iquote ../spike_main -iquote ../spike_dasm   -fPIC -I../fdt -c vssub_vv.cc
g++ -MMD -MP  -DPREFIX=\"/work/riscv\" -Wall -Wno-unused -Wno-nonportable-include-path -g -O2 -fPIC -std=c++2a -g -O2   -iquote . -I.. -iquote ../fesvr -iquote ../riscv -iquote ../disasm -iquote ../customext -iquote ../fdt -iquote ../softfloat -iquote ../spike_main -iquote ../spike_dasm   -fPIC -I../fdt -c vssub_vx.cc
g++ -MMD -MP  -DPREFIX=\"/work/riscv\" -Wall -Wno-unused -Wno-nonportable-include-path -g -O2 -fPIC -std=c++2a -g -O2   -iquote . -I.. -iquote ../fesvr -iquote ../riscv -iquote ../disasm -iquote ../customext -iquote ../fdt -iquote ../softfloat -iquote ../spike_main -iquote ../spike_dasm   -fPIC -I../fdt -c vssubu_vv.cc
g++ -MMD -MP  -DPREFIX=\"/work/riscv\" -Wall -Wno-unused -Wno-nonportable-include-path -g -O2 -fPIC -std=c++2a -g -O2   -iquote . -I.. -iquote ../fesvr -iquote ../riscv -iquote ../disasm -iquote ../customext -iquote ../fdt -iquote ../softfloat -iquote ../spike_main -iquote ../spike_dasm   -fPIC -I../fdt -c vssubu_vx.cc
g++ -MMD -MP  -DPREFIX=\"/work/riscv\" -Wall -Wno-unused -Wno-nonportable-include-path -g -O2 -fPIC -std=c++2a -g -O2   -iquote . -I.. -iquote ../fesvr -iquote ../riscv -iquote ../disasm -iquote ../customext -iquote ../fdt -iquote ../softfloat -iquote ../spike_main -iquote ../spike_dasm   -fPIC -I../fdt -c vsub_vv.cc
g++ -MMD -MP  -DPREFIX=\"/work/riscv\" -Wall -Wno-unused -Wno-nonportable-include-path -g -O2 -fPIC -std=c++2a -g -O2   -iquote . -I.. -iquote ../fesvr -iquote ../riscv -iquote ../disasm -iquote ../customext -iquote ../fdt -iquote ../softfloat -iquote ../spike_main -iquote ../spike_dasm   -fPIC -I../fdt -c vsub_vx.cc
g++ -MMD -MP  -DPREFIX=\"/work/riscv\" -Wall -Wno-unused -Wno-nonportable-include-path -g -O2 -fPIC -std=c++2a -g -O2   -iquote . -I.. -iquote ../fesvr -iquote ../riscv -iquote ../disasm -iquote ../customext -iquote ../fdt -iquote ../softfloat -iquote ../spike_main -iquote ../spike_dasm   -fPIC -I../fdt -c vwadd_vv.cc
g++ -MMD -MP  -DPREFIX=\"/work/riscv\" -Wall -Wno-unused -Wno-nonportable-include-path -g -O2 -fPIC -std=c++2a -g -O2   -iquote . -I.. -iquote ../fesvr -iquote ../riscv -iquote ../disasm -iquote ../customext -iquote ../fdt -iquote ../softfloat -iquote ../spike_main -iquote ../spike_dasm   -fPIC -I../fdt -c vwadd_vx.cc
g++ -MMD -MP  -DPREFIX=\"/work/riscv\" -Wall -Wno-unused -Wno-nonportable-include-path -g -O2 -fPIC -std=c++2a -g -O2   -iquote . -I.. -iquote ../fesvr -iquote ../riscv -iquote ../disasm -iquote ../customext -iquote ../fdt -iquote ../softfloat -iquote ../spike_main -iquote ../spike_dasm   -fPIC -I../fdt -c vwadd_wv.cc
g++ -MMD -MP  -DPREFIX=\"/work/riscv\" -Wall -Wno-unused -Wno-nonportable-include-path -g -O2 -fPIC -std=c++2a -g -O2   -iquote . -I.. -iquote ../fesvr -iquote ../riscv -iquote ../disasm -iquote ../customext -iquote ../fdt -iquote ../softfloat -iquote ../spike_main -iquote ../spike_dasm   -fPIC -I../fdt -c vwadd_wx.cc
g++ -MMD -MP  -DPREFIX=\"/work/riscv\" -Wall -Wno-unused -Wno-nonportable-include-path -g -O2 -fPIC -std=c++2a -g -O2   -iquote . -I.. -iquote ../fesvr -iquote ../riscv -iquote ../disasm -iquote ../customext -iquote ../fdt -iquote ../softfloat -iquote ../spike_main -iquote ../spike_dasm   -fPIC -I../fdt -c vwaddu_vv.cc
g++ -MMD -MP  -DPREFIX=\"/work/riscv\" -Wall -Wno-unused -Wno-nonportable-include-path -g -O2 -fPIC -std=c++2a -g -O2   -iquote . -I.. -iquote ../fesvr -iquote ../riscv -iquote ../disasm -iquote ../customext -iquote ../fdt -iquote ../softfloat -iquote ../spike_main -iquote ../spike_dasm   -fPIC -I../fdt -c vwaddu_vx.cc
g++ -MMD -MP  -DPREFIX=\"/work/riscv\" -Wall -Wno-unused -Wno-nonportable-include-path -g -O2 -fPIC -std=c++2a -g -O2   -iquote . -I.. -iquote ../fesvr -iquote ../riscv -iquote ../disasm -iquote ../customext -iquote ../fdt -iquote ../softfloat -iquote ../spike_main -iquote ../spike_dasm   -fPIC -I../fdt -c vwaddu_wv.cc
g++ -MMD -MP  -DPREFIX=\"/work/riscv\" -Wall -Wno-unused -Wno-nonportable-include-path -g -O2 -fPIC -std=c++2a -g -O2   -iquote . -I.. -iquote ../fesvr -iquote ../riscv -iquote ../disasm -iquote ../customext -iquote ../fdt -iquote ../softfloat -iquote ../spike_main -iquote ../spike_dasm   -fPIC -I../fdt -c vwaddu_wx.cc
g++ -MMD -MP  -DPREFIX=\"/work/riscv\" -Wall -Wno-unused -Wno-nonportable-include-path -g -O2 -fPIC -std=c++2a -g -O2   -iquote . -I.. -iquote ../fesvr -iquote ../riscv -iquote ../disasm -iquote ../customext -iquote ../fdt -iquote ../softfloat -iquote ../spike_main -iquote ../spike_dasm   -fPIC -I../fdt -c vwmacc_vv.cc
g++ -MMD -MP  -DPREFIX=\"/work/riscv\" -Wall -Wno-unused -Wno-nonportable-include-path -g -O2 -fPIC -std=c++2a -g -O2   -iquote . -I.. -iquote ../fesvr -iquote ../riscv -iquote ../disasm -iquote ../customext -iquote ../fdt -iquote ../softfloat -iquote ../spike_main -iquote ../spike_dasm   -fPIC -I../fdt -c vwmacc_vx.cc
g++ -MMD -MP  -DPREFIX=\"/work/riscv\" -Wall -Wno-unused -Wno-nonportable-include-path -g -O2 -fPIC -std=c++2a -g -O2   -iquote . -I.. -iquote ../fesvr -iquote ../riscv -iquote ../disasm -iquote ../customext -iquote ../fdt -iquote ../softfloat -iquote ../spike_main -iquote ../spike_dasm   -fPIC -I../fdt -c vwmaccsu_vv.cc
g++ -MMD -MP  -DPREFIX=\"/work/riscv\" -Wall -Wno-unused -Wno-nonportable-include-path -g -O2 -fPIC -std=c++2a -g -O2   -iquote . -I.. -iquote ../fesvr -iquote ../riscv -iquote ../disasm -iquote ../customext -iquote ../fdt -iquote ../softfloat -iquote ../spike_main -iquote ../spike_dasm   -fPIC -I../fdt -c vwmaccsu_vx.cc
g++ -MMD -MP  -DPREFIX=\"/work/riscv\" -Wall -Wno-unused -Wno-nonportable-include-path -g -O2 -fPIC -std=c++2a -g -O2   -iquote . -I.. -iquote ../fesvr -iquote ../riscv -iquote ../disasm -iquote ../customext -iquote ../fdt -iquote ../softfloat -iquote ../spike_main -iquote ../spike_dasm   -fPIC -I../fdt -c vwmaccu_vv.cc
g++ -MMD -MP  -DPREFIX=\"/work/riscv\" -Wall -Wno-unused -Wno-nonportable-include-path -g -O2 -fPIC -std=c++2a -g -O2   -iquote . -I.. -iquote ../fesvr -iquote ../riscv -iquote ../disasm -iquote ../customext -iquote ../fdt -iquote ../softfloat -iquote ../spike_main -iquote ../spike_dasm   -fPIC -I../fdt -c vwmaccu_vx.cc
g++ -MMD -MP  -DPREFIX=\"/work/riscv\" -Wall -Wno-unused -Wno-nonportable-include-path -g -O2 -fPIC -std=c++2a -g -O2   -iquote . -I.. -iquote ../fesvr -iquote ../riscv -iquote ../disasm -iquote ../customext -iquote ../fdt -iquote ../softfloat -iquote ../spike_main -iquote ../spike_dasm   -fPIC -I../fdt -c vwmaccus_vx.cc
g++ -MMD -MP  -DPREFIX=\"/work/riscv\" -Wall -Wno-unused -Wno-nonportable-include-path -g -O2 -fPIC -std=c++2a -g -O2   -iquote . -I.. -iquote ../fesvr -iquote ../riscv -iquote ../disasm -iquote ../customext -iquote ../fdt -iquote ../softfloat -iquote ../spike_main -iquote ../spike_dasm   -fPIC -I../fdt -c vwmul_vv.cc
g++ -MMD -MP  -DPREFIX=\"/work/riscv\" -Wall -Wno-unused -Wno-nonportable-include-path -g -O2 -fPIC -std=c++2a -g -O2   -iquote . -I.. -iquote ../fesvr -iquote ../riscv -iquote ../disasm -iquote ../customext -iquote ../fdt -iquote ../softfloat -iquote ../spike_main -iquote ../spike_dasm   -fPIC -I../fdt -c vwmul_vx.cc
g++ -MMD -MP  -DPREFIX=\"/work/riscv\" -Wall -Wno-unused -Wno-nonportable-include-path -g -O2 -fPIC -std=c++2a -g -O2   -iquote . -I.. -iquote ../fesvr -iquote ../riscv -iquote ../disasm -iquote ../customext -iquote ../fdt -iquote ../softfloat -iquote ../spike_main -iquote ../spike_dasm   -fPIC -I../fdt -c vwmulsu_vv.cc
g++ -MMD -MP  -DPREFIX=\"/work/riscv\" -Wall -Wno-unused -Wno-nonportable-include-path -g -O2 -fPIC -std=c++2a -g -O2   -iquote . -I.. -iquote ../fesvr -iquote ../riscv -iquote ../disasm -iquote ../customext -iquote ../fdt -iquote ../softfloat -iquote ../spike_main -iquote ../spike_dasm   -fPIC -I../fdt -c vwmulsu_vx.cc
g++ -MMD -MP  -DPREFIX=\"/work/riscv\" -Wall -Wno-unused -Wno-nonportable-include-path -g -O2 -fPIC -std=c++2a -g -O2   -iquote . -I.. -iquote ../fesvr -iquote ../riscv -iquote ../disasm -iquote ../customext -iquote ../fdt -iquote ../softfloat -iquote ../spike_main -iquote ../spike_dasm   -fPIC -I../fdt -c vwmulu_vv.cc
g++ -MMD -MP  -DPREFIX=\"/work/riscv\" -Wall -Wno-unused -Wno-nonportable-include-path -g -O2 -fPIC -std=c++2a -g -O2   -iquote . -I.. -iquote ../fesvr -iquote ../riscv -iquote ../disasm -iquote ../customext -iquote ../fdt -iquote ../softfloat -iquote ../spike_main -iquote ../spike_dasm   -fPIC -I../fdt -c vwmulu_vx.cc
g++ -MMD -MP  -DPREFIX=\"/work/riscv\" -Wall -Wno-unused -Wno-nonportable-include-path -g -O2 -fPIC -std=c++2a -g -O2   -iquote . -I.. -iquote ../fesvr -iquote ../riscv -iquote ../disasm -iquote ../customext -iquote ../fdt -iquote ../softfloat -iquote ../spike_main -iquote ../spike_dasm   -fPIC -I../fdt -c vwredsum_vs.cc
g++ -MMD -MP  -DPREFIX=\"/work/riscv\" -Wall -Wno-unused -Wno-nonportable-include-path -g -O2 -fPIC -std=c++2a -g -O2   -iquote . -I.. -iquote ../fesvr -iquote ../riscv -iquote ../disasm -iquote ../customext -iquote ../fdt -iquote ../softfloat -iquote ../spike_main -iquote ../spike_dasm   -fPIC -I../fdt -c vwredsumu_vs.cc
g++ -MMD -MP  -DPREFIX=\"/work/riscv\" -Wall -Wno-unused -Wno-nonportable-include-path -g -O2 -fPIC -std=c++2a -g -O2   -iquote . -I.. -iquote ../fesvr -iquote ../riscv -iquote ../disasm -iquote ../customext -iquote ../fdt -iquote ../softfloat -iquote ../spike_main -iquote ../spike_dasm   -fPIC -I../fdt -c vwsub_vv.cc
g++ -MMD -MP  -DPREFIX=\"/work/riscv\" -Wall -Wno-unused -Wno-nonportable-include-path -g -O2 -fPIC -std=c++2a -g -O2   -iquote . -I.. -iquote ../fesvr -iquote ../riscv -iquote ../disasm -iquote ../customext -iquote ../fdt -iquote ../softfloat -iquote ../spike_main -iquote ../spike_dasm   -fPIC -I../fdt -c vwsub_vx.cc
g++ -MMD -MP  -DPREFIX=\"/work/riscv\" -Wall -Wno-unused -Wno-nonportable-include-path -g -O2 -fPIC -std=c++2a -g -O2   -iquote . -I.. -iquote ../fesvr -iquote ../riscv -iquote ../disasm -iquote ../customext -iquote ../fdt -iquote ../softfloat -iquote ../spike_main -iquote ../spike_dasm   -fPIC -I../fdt -c vwsub_wv.cc
g++ -MMD -MP  -DPREFIX=\"/work/riscv\" -Wall -Wno-unused -Wno-nonportable-include-path -g -O2 -fPIC -std=c++2a -g -O2   -iquote . -I.. -iquote ../fesvr -iquote ../riscv -iquote ../disasm -iquote ../customext -iquote ../fdt -iquote ../softfloat -iquote ../spike_main -iquote ../spike_dasm   -fPIC -I../fdt -c vwsub_wx.cc
g++ -MMD -MP  -DPREFIX=\"/work/riscv\" -Wall -Wno-unused -Wno-nonportable-include-path -g -O2 -fPIC -std=c++2a -g -O2   -iquote . -I.. -iquote ../fesvr -iquote ../riscv -iquote ../disasm -iquote ../customext -iquote ../fdt -iquote ../softfloat -iquote ../spike_main -iquote ../spike_dasm   -fPIC -I../fdt -c vwsubu_vv.cc
g++ -MMD -MP  -DPREFIX=\"/work/riscv\" -Wall -Wno-unused -Wno-nonportable-include-path -g -O2 -fPIC -std=c++2a -g -O2   -iquote . -I.. -iquote ../fesvr -iquote ../riscv -iquote ../disasm -iquote ../customext -iquote ../fdt -iquote ../softfloat -iquote ../spike_main -iquote ../spike_dasm   -fPIC -I../fdt -c vwsubu_vx.cc
g++ -MMD -MP  -DPREFIX=\"/work/riscv\" -Wall -Wno-unused -Wno-nonportable-include-path -g -O2 -fPIC -std=c++2a -g -O2   -iquote . -I.. -iquote ../fesvr -iquote ../riscv -iquote ../disasm -iquote ../customext -iquote ../fdt -iquote ../softfloat -iquote ../spike_main -iquote ../spike_dasm   -fPIC -I../fdt -c vwsubu_wv.cc
g++ -MMD -MP  -DPREFIX=\"/work/riscv\" -Wall -Wno-unused -Wno-nonportable-include-path -g -O2 -fPIC -std=c++2a -g -O2   -iquote . -I.. -iquote ../fesvr -iquote ../riscv -iquote ../disasm -iquote ../customext -iquote ../fdt -iquote ../softfloat -iquote ../spike_main -iquote ../spike_dasm   -fPIC -I../fdt -c vwsubu_wx.cc
g++ -MMD -MP  -DPREFIX=\"/work/riscv\" -Wall -Wno-unused -Wno-nonportable-include-path -g -O2 -fPIC -std=c++2a -g -O2   -iquote . -I.. -iquote ../fesvr -iquote ../riscv -iquote ../disasm -iquote ../customext -iquote ../fdt -iquote ../softfloat -iquote ../spike_main -iquote ../spike_dasm   -fPIC -I../fdt -c vxor_vi.cc
g++ -MMD -MP  -DPREFIX=\"/work/riscv\" -Wall -Wno-unused -Wno-nonportable-include-path -g -O2 -fPIC -std=c++2a -g -O2   -iquote . -I.. -iquote ../fesvr -iquote ../riscv -iquote ../disasm -iquote ../customext -iquote ../fdt -iquote ../softfloat -iquote ../spike_main -iquote ../spike_dasm   -fPIC -I../fdt -c vxor_vv.cc
g++ -MMD -MP  -DPREFIX=\"/work/riscv\" -Wall -Wno-unused -Wno-nonportable-include-path -g -O2 -fPIC -std=c++2a -g -O2   -iquote . -I.. -iquote ../fesvr -iquote ../riscv -iquote ../disasm -iquote ../customext -iquote ../fdt -iquote ../softfloat -iquote ../spike_main -iquote ../spike_dasm   -fPIC -I../fdt -c vxor_vx.cc
g++ -MMD -MP  -DPREFIX=\"/work/riscv\" -Wall -Wno-unused -Wno-nonportable-include-path -g -O2 -fPIC -std=c++2a -g -O2   -iquote . -I.. -iquote ../fesvr -iquote ../riscv -iquote ../disasm -iquote ../customext -iquote ../fdt -iquote ../softfloat -iquote ../spike_main -iquote ../spike_dasm   -fPIC -I../fdt -c vzext_vf2.cc
g++ -MMD -MP  -DPREFIX=\"/work/riscv\" -Wall -Wno-unused -Wno-nonportable-include-path -g -O2 -fPIC -std=c++2a -g -O2   -iquote . -I.. -iquote ../fesvr -iquote ../riscv -iquote ../disasm -iquote ../customext -iquote ../fdt -iquote ../softfloat -iquote ../spike_main -iquote ../spike_dasm   -fPIC -I../fdt -c vzext_vf4.cc
g++ -MMD -MP  -DPREFIX=\"/work/riscv\" -Wall -Wno-unused -Wno-nonportable-include-path -g -O2 -fPIC -std=c++2a -g -O2   -iquote . -I.. -iquote ../fesvr -iquote ../riscv -iquote ../disasm -iquote ../customext -iquote ../fdt -iquote ../softfloat -iquote ../spike_main -iquote ../spike_dasm   -fPIC -I../fdt -c vzext_vf8.cc
g++ -MMD -MP  -DPREFIX=\"/work/riscv\" -Wall -Wno-unused -Wno-nonportable-include-path -g -O2 -fPIC -std=c++2a -g -O2   -iquote . -I.. -iquote ../fesvr -iquote ../riscv -iquote ../disasm -iquote ../customext -iquote ../fdt -iquote ../softfloat -iquote ../spike_main -iquote ../spike_dasm   -fPIC -I../fdt -c vsetivli.cc
g++ -MMD -MP  -DPREFIX=\"/work/riscv\" -Wall -Wno-unused -Wno-nonportable-include-path -g -O2 -fPIC -std=c++2a -g -O2   -iquote . -I.. -iquote ../fesvr -iquote ../riscv -iquote ../disasm -iquote ../customext -iquote ../fdt -iquote ../softfloat -iquote ../spike_main -iquote ../spike_dasm   -fPIC -I../fdt -c vsetvli.cc
g++ -MMD -MP  -DPREFIX=\"/work/riscv\" -Wall -Wno-unused -Wno-nonportable-include-path -g -O2 -fPIC -std=c++2a -g -O2   -iquote . -I.. -iquote ../fesvr -iquote ../riscv -iquote ../disasm -iquote ../customext -iquote ../fdt -iquote ../softfloat -iquote ../spike_main -iquote ../spike_dasm   -fPIC -I../fdt -c vsetvl.cc
g++ -MMD -MP  -DPREFIX=\"/work/riscv\" -Wall -Wno-unused -Wno-nonportable-include-path -g -O2 -fPIC -std=c++2a -g -O2   -iquote . -I.. -iquote ../fesvr -iquote ../riscv -iquote ../disasm -iquote ../customext -iquote ../fdt -iquote ../softfloat -iquote ../spike_main -iquote ../spike_dasm   -fPIC -I../fdt -c vlm_v.cc
g++ -MMD -MP  -DPREFIX=\"/work/riscv\" -Wall -Wno-unused -Wno-nonportable-include-path -g -O2 -fPIC -std=c++2a -g -O2   -iquote . -I.. -iquote ../fesvr -iquote ../riscv -iquote ../disasm -iquote ../customext -iquote ../fdt -iquote ../softfloat -iquote ../spike_main -iquote ../spike_dasm   -fPIC -I../fdt -c vle8_v.cc
g++ -MMD -MP  -DPREFIX=\"/work/riscv\" -Wall -Wno-unused -Wno-nonportable-include-path -g -O2 -fPIC -std=c++2a -g -O2   -iquote . -I.. -iquote ../fesvr -iquote ../riscv -iquote ../disasm -iquote ../customext -iquote ../fdt -iquote ../softfloat -iquote ../spike_main -iquote ../spike_dasm   -fPIC -I../fdt -c vle16_v.cc
g++ -MMD -MP  -DPREFIX=\"/work/riscv\" -Wall -Wno-unused -Wno-nonportable-include-path -g -O2 -fPIC -std=c++2a -g -O2   -iquote . -I.. -iquote ../fesvr -iquote ../riscv -iquote ../disasm -iquote ../customext -iquote ../fdt -iquote ../softfloat -iquote ../spike_main -iquote ../spike_dasm   -fPIC -I../fdt -c vle32_v.cc
g++ -MMD -MP  -DPREFIX=\"/work/riscv\" -Wall -Wno-unused -Wno-nonportable-include-path -g -O2 -fPIC -std=c++2a -g -O2   -iquote . -I.. -iquote ../fesvr -iquote ../riscv -iquote ../disasm -iquote ../customext -iquote ../fdt -iquote ../softfloat -iquote ../spike_main -iquote ../spike_dasm   -fPIC -I../fdt -c vle64_v.cc
g++ -MMD -MP  -DPREFIX=\"/work/riscv\" -Wall -Wno-unused -Wno-nonportable-include-path -g -O2 -fPIC -std=c++2a -g -O2   -iquote . -I.. -iquote ../fesvr -iquote ../riscv -iquote ../disasm -iquote ../customext -iquote ../fdt -iquote ../softfloat -iquote ../spike_main -iquote ../spike_dasm   -fPIC -I../fdt -c vloxei8_v.cc
g++ -MMD -MP  -DPREFIX=\"/work/riscv\" -Wall -Wno-unused -Wno-nonportable-include-path -g -O2 -fPIC -std=c++2a -g -O2   -iquote . -I.. -iquote ../fesvr -iquote ../riscv -iquote ../disasm -iquote ../customext -iquote ../fdt -iquote ../softfloat -iquote ../spike_main -iquote ../spike_dasm   -fPIC -I../fdt -c vloxei16_v.cc
g++ -MMD -MP  -DPREFIX=\"/work/riscv\" -Wall -Wno-unused -Wno-nonportable-include-path -g -O2 -fPIC -std=c++2a -g -O2   -iquote . -I.. -iquote ../fesvr -iquote ../riscv -iquote ../disasm -iquote ../customext -iquote ../fdt -iquote ../softfloat -iquote ../spike_main -iquote ../spike_dasm   -fPIC -I../fdt -c vloxei32_v.cc
g++ -MMD -MP  -DPREFIX=\"/work/riscv\" -Wall -Wno-unused -Wno-nonportable-include-path -g -O2 -fPIC -std=c++2a -g -O2   -iquote . -I.. -iquote ../fesvr -iquote ../riscv -iquote ../disasm -iquote ../customext -iquote ../fdt -iquote ../softfloat -iquote ../spike_main -iquote ../spike_dasm   -fPIC -I../fdt -c vloxei64_v.cc
g++ -MMD -MP  -DPREFIX=\"/work/riscv\" -Wall -Wno-unused -Wno-nonportable-include-path -g -O2 -fPIC -std=c++2a -g -O2   -iquote . -I.. -iquote ../fesvr -iquote ../riscv -iquote ../disasm -iquote ../customext -iquote ../fdt -iquote ../softfloat -iquote ../spike_main -iquote ../spike_dasm   -fPIC -I../fdt -c vlse8_v.cc
g++ -MMD -MP  -DPREFIX=\"/work/riscv\" -Wall -Wno-unused -Wno-nonportable-include-path -g -O2 -fPIC -std=c++2a -g -O2   -iquote . -I.. -iquote ../fesvr -iquote ../riscv -iquote ../disasm -iquote ../customext -iquote ../fdt -iquote ../softfloat -iquote ../spike_main -iquote ../spike_dasm   -fPIC -I../fdt -c vlse16_v.cc
g++ -MMD -MP  -DPREFIX=\"/work/riscv\" -Wall -Wno-unused -Wno-nonportable-include-path -g -O2 -fPIC -std=c++2a -g -O2   -iquote . -I.. -iquote ../fesvr -iquote ../riscv -iquote ../disasm -iquote ../customext -iquote ../fdt -iquote ../softfloat -iquote ../spike_main -iquote ../spike_dasm   -fPIC -I../fdt -c vlse32_v.cc
g++ -MMD -MP  -DPREFIX=\"/work/riscv\" -Wall -Wno-unused -Wno-nonportable-include-path -g -O2 -fPIC -std=c++2a -g -O2   -iquote . -I.. -iquote ../fesvr -iquote ../riscv -iquote ../disasm -iquote ../customext -iquote ../fdt -iquote ../softfloat -iquote ../spike_main -iquote ../spike_dasm   -fPIC -I../fdt -c vlse64_v.cc
g++ -MMD -MP  -DPREFIX=\"/work/riscv\" -Wall -Wno-unused -Wno-nonportable-include-path -g -O2 -fPIC -std=c++2a -g -O2   -iquote . -I.. -iquote ../fesvr -iquote ../riscv -iquote ../disasm -iquote ../customext -iquote ../fdt -iquote ../softfloat -iquote ../spike_main -iquote ../spike_dasm   -fPIC -I../fdt -c vluxei8_v.cc
g++ -MMD -MP  -DPREFIX=\"/work/riscv\" -Wall -Wno-unused -Wno-nonportable-include-path -g -O2 -fPIC -std=c++2a -g -O2   -iquote . -I.. -iquote ../fesvr -iquote ../riscv -iquote ../disasm -iquote ../customext -iquote ../fdt -iquote ../softfloat -iquote ../spike_main -iquote ../spike_dasm   -fPIC -I../fdt -c vluxei16_v.cc
g++ -MMD -MP  -DPREFIX=\"/work/riscv\" -Wall -Wno-unused -Wno-nonportable-include-path -g -O2 -fPIC -std=c++2a -g -O2   -iquote . -I.. -iquote ../fesvr -iquote ../riscv -iquote ../disasm -iquote ../customext -iquote ../fdt -iquote ../softfloat -iquote ../spike_main -iquote ../spike_dasm   -fPIC -I../fdt -c vluxei32_v.cc
g++ -MMD -MP  -DPREFIX=\"/work/riscv\" -Wall -Wno-unused -Wno-nonportable-include-path -g -O2 -fPIC -std=c++2a -g -O2   -iquote . -I.. -iquote ../fesvr -iquote ../riscv -iquote ../disasm -iquote ../customext -iquote ../fdt -iquote ../softfloat -iquote ../spike_main -iquote ../spike_dasm   -fPIC -I../fdt -c vluxei64_v.cc
g++ -MMD -MP  -DPREFIX=\"/work/riscv\" -Wall -Wno-unused -Wno-nonportable-include-path -g -O2 -fPIC -std=c++2a -g -O2   -iquote . -I.. -iquote ../fesvr -iquote ../riscv -iquote ../disasm -iquote ../customext -iquote ../fdt -iquote ../softfloat -iquote ../spike_main -iquote ../spike_dasm   -fPIC -I../fdt -c vle8ff_v.cc
g++ -MMD -MP  -DPREFIX=\"/work/riscv\" -Wall -Wno-unused -Wno-nonportable-include-path -g -O2 -fPIC -std=c++2a -g -O2   -iquote . -I.. -iquote ../fesvr -iquote ../riscv -iquote ../disasm -iquote ../customext -iquote ../fdt -iquote ../softfloat -iquote ../spike_main -iquote ../spike_dasm   -fPIC -I../fdt -c vle16ff_v.cc
g++ -MMD -MP  -DPREFIX=\"/work/riscv\" -Wall -Wno-unused -Wno-nonportable-include-path -g -O2 -fPIC -std=c++2a -g -O2   -iquote . -I.. -iquote ../fesvr -iquote ../riscv -iquote ../disasm -iquote ../customext -iquote ../fdt -iquote ../softfloat -iquote ../spike_main -iquote ../spike_dasm   -fPIC -I../fdt -c vle32ff_v.cc
g++ -MMD -MP  -DPREFIX=\"/work/riscv\" -Wall -Wno-unused -Wno-nonportable-include-path -g -O2 -fPIC -std=c++2a -g -O2   -iquote . -I.. -iquote ../fesvr -iquote ../riscv -iquote ../disasm -iquote ../customext -iquote ../fdt -iquote ../softfloat -iquote ../spike_main -iquote ../spike_dasm   -fPIC -I../fdt -c vle64ff_v.cc
g++ -MMD -MP  -DPREFIX=\"/work/riscv\" -Wall -Wno-unused -Wno-nonportable-include-path -g -O2 -fPIC -std=c++2a -g -O2   -iquote . -I.. -iquote ../fesvr -iquote ../riscv -iquote ../disasm -iquote ../customext -iquote ../fdt -iquote ../softfloat -iquote ../spike_main -iquote ../spike_dasm   -fPIC -I../fdt -c vl1re8_v.cc
g++ -MMD -MP  -DPREFIX=\"/work/riscv\" -Wall -Wno-unused -Wno-nonportable-include-path -g -O2 -fPIC -std=c++2a -g -O2   -iquote . -I.. -iquote ../fesvr -iquote ../riscv -iquote ../disasm -iquote ../customext -iquote ../fdt -iquote ../softfloat -iquote ../spike_main -iquote ../spike_dasm   -fPIC -I../fdt -c vl2re8_v.cc
g++ -MMD -MP  -DPREFIX=\"/work/riscv\" -Wall -Wno-unused -Wno-nonportable-include-path -g -O2 -fPIC -std=c++2a -g -O2   -iquote . -I.. -iquote ../fesvr -iquote ../riscv -iquote ../disasm -iquote ../customext -iquote ../fdt -iquote ../softfloat -iquote ../spike_main -iquote ../spike_dasm   -fPIC -I../fdt -c vl4re8_v.cc
g++ -MMD -MP  -DPREFIX=\"/work/riscv\" -Wall -Wno-unused -Wno-nonportable-include-path -g -O2 -fPIC -std=c++2a -g -O2   -iquote . -I.. -iquote ../fesvr -iquote ../riscv -iquote ../disasm -iquote ../customext -iquote ../fdt -iquote ../softfloat -iquote ../spike_main -iquote ../spike_dasm   -fPIC -I../fdt -c vl8re8_v.cc
g++ -MMD -MP  -DPREFIX=\"/work/riscv\" -Wall -Wno-unused -Wno-nonportable-include-path -g -O2 -fPIC -std=c++2a -g -O2   -iquote . -I.. -iquote ../fesvr -iquote ../riscv -iquote ../disasm -iquote ../customext -iquote ../fdt -iquote ../softfloat -iquote ../spike_main -iquote ../spike_dasm   -fPIC -I../fdt -c vl1re16_v.cc
g++ -MMD -MP  -DPREFIX=\"/work/riscv\" -Wall -Wno-unused -Wno-nonportable-include-path -g -O2 -fPIC -std=c++2a -g -O2   -iquote . -I.. -iquote ../fesvr -iquote ../riscv -iquote ../disasm -iquote ../customext -iquote ../fdt -iquote ../softfloat -iquote ../spike_main -iquote ../spike_dasm   -fPIC -I../fdt -c vl2re16_v.cc
g++ -MMD -MP  -DPREFIX=\"/work/riscv\" -Wall -Wno-unused -Wno-nonportable-include-path -g -O2 -fPIC -std=c++2a -g -O2   -iquote . -I.. -iquote ../fesvr -iquote ../riscv -iquote ../disasm -iquote ../customext -iquote ../fdt -iquote ../softfloat -iquote ../spike_main -iquote ../spike_dasm   -fPIC -I../fdt -c vl4re16_v.cc
g++ -MMD -MP  -DPREFIX=\"/work/riscv\" -Wall -Wno-unused -Wno-nonportable-include-path -g -O2 -fPIC -std=c++2a -g -O2   -iquote . -I.. -iquote ../fesvr -iquote ../riscv -iquote ../disasm -iquote ../customext -iquote ../fdt -iquote ../softfloat -iquote ../spike_main -iquote ../spike_dasm   -fPIC -I../fdt -c vl8re16_v.cc
g++ -MMD -MP  -DPREFIX=\"/work/riscv\" -Wall -Wno-unused -Wno-nonportable-include-path -g -O2 -fPIC -std=c++2a -g -O2   -iquote . -I.. -iquote ../fesvr -iquote ../riscv -iquote ../disasm -iquote ../customext -iquote ../fdt -iquote ../softfloat -iquote ../spike_main -iquote ../spike_dasm   -fPIC -I../fdt -c vl1re32_v.cc
g++ -MMD -MP  -DPREFIX=\"/work/riscv\" -Wall -Wno-unused -Wno-nonportable-include-path -g -O2 -fPIC -std=c++2a -g -O2   -iquote . -I.. -iquote ../fesvr -iquote ../riscv -iquote ../disasm -iquote ../customext -iquote ../fdt -iquote ../softfloat -iquote ../spike_main -iquote ../spike_dasm   -fPIC -I../fdt -c vl2re32_v.cc
g++ -MMD -MP  -DPREFIX=\"/work/riscv\" -Wall -Wno-unused -Wno-nonportable-include-path -g -O2 -fPIC -std=c++2a -g -O2   -iquote . -I.. -iquote ../fesvr -iquote ../riscv -iquote ../disasm -iquote ../customext -iquote ../fdt -iquote ../softfloat -iquote ../spike_main -iquote ../spike_dasm   -fPIC -I../fdt -c vl4re32_v.cc
g++ -MMD -MP  -DPREFIX=\"/work/riscv\" -Wall -Wno-unused -Wno-nonportable-include-path -g -O2 -fPIC -std=c++2a -g -O2   -iquote . -I.. -iquote ../fesvr -iquote ../riscv -iquote ../disasm -iquote ../customext -iquote ../fdt -iquote ../softfloat -iquote ../spike_main -iquote ../spike_dasm   -fPIC -I../fdt -c vl8re32_v.cc
g++ -MMD -MP  -DPREFIX=\"/work/riscv\" -Wall -Wno-unused -Wno-nonportable-include-path -g -O2 -fPIC -std=c++2a -g -O2   -iquote . -I.. -iquote ../fesvr -iquote ../riscv -iquote ../disasm -iquote ../customext -iquote ../fdt -iquote ../softfloat -iquote ../spike_main -iquote ../spike_dasm   -fPIC -I../fdt -c vl1re64_v.cc
g++ -MMD -MP  -DPREFIX=\"/work/riscv\" -Wall -Wno-unused -Wno-nonportable-include-path -g -O2 -fPIC -std=c++2a -g -O2   -iquote . -I.. -iquote ../fesvr -iquote ../riscv -iquote ../disasm -iquote ../customext -iquote ../fdt -iquote ../softfloat -iquote ../spike_main -iquote ../spike_dasm   -fPIC -I../fdt -c vl2re64_v.cc
g++ -MMD -MP  -DPREFIX=\"/work/riscv\" -Wall -Wno-unused -Wno-nonportable-include-path -g -O2 -fPIC -std=c++2a -g -O2   -iquote . -I.. -iquote ../fesvr -iquote ../riscv -iquote ../disasm -iquote ../customext -iquote ../fdt -iquote ../softfloat -iquote ../spike_main -iquote ../spike_dasm   -fPIC -I../fdt -c vl4re64_v.cc
g++ -MMD -MP  -DPREFIX=\"/work/riscv\" -Wall -Wno-unused -Wno-nonportable-include-path -g -O2 -fPIC -std=c++2a -g -O2   -iquote . -I.. -iquote ../fesvr -iquote ../riscv -iquote ../disasm -iquote ../customext -iquote ../fdt -iquote ../softfloat -iquote ../spike_main -iquote ../spike_dasm   -fPIC -I../fdt -c vl8re64_v.cc
g++ -MMD -MP  -DPREFIX=\"/work/riscv\" -Wall -Wno-unused -Wno-nonportable-include-path -g -O2 -fPIC -std=c++2a -g -O2   -iquote . -I.. -iquote ../fesvr -iquote ../riscv -iquote ../disasm -iquote ../customext -iquote ../fdt -iquote ../softfloat -iquote ../spike_main -iquote ../spike_dasm   -fPIC -I../fdt -c vsm_v.cc
g++ -MMD -MP  -DPREFIX=\"/work/riscv\" -Wall -Wno-unused -Wno-nonportable-include-path -g -O2 -fPIC -std=c++2a -g -O2   -iquote . -I.. -iquote ../fesvr -iquote ../riscv -iquote ../disasm -iquote ../customext -iquote ../fdt -iquote ../softfloat -iquote ../spike_main -iquote ../spike_dasm   -fPIC -I../fdt -c vse8_v.cc
g++ -MMD -MP  -DPREFIX=\"/work/riscv\" -Wall -Wno-unused -Wno-nonportable-include-path -g -O2 -fPIC -std=c++2a -g -O2   -iquote . -I.. -iquote ../fesvr -iquote ../riscv -iquote ../disasm -iquote ../customext -iquote ../fdt -iquote ../softfloat -iquote ../spike_main -iquote ../spike_dasm   -fPIC -I../fdt -c vse16_v.cc
g++ -MMD -MP  -DPREFIX=\"/work/riscv\" -Wall -Wno-unused -Wno-nonportable-include-path -g -O2 -fPIC -std=c++2a -g -O2   -iquote . -I.. -iquote ../fesvr -iquote ../riscv -iquote ../disasm -iquote ../customext -iquote ../fdt -iquote ../softfloat -iquote ../spike_main -iquote ../spike_dasm   -fPIC -I../fdt -c vse32_v.cc
g++ -MMD -MP  -DPREFIX=\"/work/riscv\" -Wall -Wno-unused -Wno-nonportable-include-path -g -O2 -fPIC -std=c++2a -g -O2   -iquote . -I.. -iquote ../fesvr -iquote ../riscv -iquote ../disasm -iquote ../customext -iquote ../fdt -iquote ../softfloat -iquote ../spike_main -iquote ../spike_dasm   -fPIC -I../fdt -c vse64_v.cc
g++ -MMD -MP  -DPREFIX=\"/work/riscv\" -Wall -Wno-unused -Wno-nonportable-include-path -g -O2 -fPIC -std=c++2a -g -O2   -iquote . -I.. -iquote ../fesvr -iquote ../riscv -iquote ../disasm -iquote ../customext -iquote ../fdt -iquote ../softfloat -iquote ../spike_main -iquote ../spike_dasm   -fPIC -I../fdt -c vsse8_v.cc
g++ -MMD -MP  -DPREFIX=\"/work/riscv\" -Wall -Wno-unused -Wno-nonportable-include-path -g -O2 -fPIC -std=c++2a -g -O2   -iquote . -I.. -iquote ../fesvr -iquote ../riscv -iquote ../disasm -iquote ../customext -iquote ../fdt -iquote ../softfloat -iquote ../spike_main -iquote ../spike_dasm   -fPIC -I../fdt -c vsoxei8_v.cc
g++ -MMD -MP  -DPREFIX=\"/work/riscv\" -Wall -Wno-unused -Wno-nonportable-include-path -g -O2 -fPIC -std=c++2a -g -O2   -iquote . -I.. -iquote ../fesvr -iquote ../riscv -iquote ../disasm -iquote ../customext -iquote ../fdt -iquote ../softfloat -iquote ../spike_main -iquote ../spike_dasm   -fPIC -I../fdt -c vsoxei16_v.cc
g++ -MMD -MP  -DPREFIX=\"/work/riscv\" -Wall -Wno-unused -Wno-nonportable-include-path -g -O2 -fPIC -std=c++2a -g -O2   -iquote . -I.. -iquote ../fesvr -iquote ../riscv -iquote ../disasm -iquote ../customext -iquote ../fdt -iquote ../softfloat -iquote ../spike_main -iquote ../spike_dasm   -fPIC -I../fdt -c vsoxei32_v.cc
g++ -MMD -MP  -DPREFIX=\"/work/riscv\" -Wall -Wno-unused -Wno-nonportable-include-path -g -O2 -fPIC -std=c++2a -g -O2   -iquote . -I.. -iquote ../fesvr -iquote ../riscv -iquote ../disasm -iquote ../customext -iquote ../fdt -iquote ../softfloat -iquote ../spike_main -iquote ../spike_dasm   -fPIC -I../fdt -c vsoxei64_v.cc
g++ -MMD -MP  -DPREFIX=\"/work/riscv\" -Wall -Wno-unused -Wno-nonportable-include-path -g -O2 -fPIC -std=c++2a -g -O2   -iquote . -I.. -iquote ../fesvr -iquote ../riscv -iquote ../disasm -iquote ../customext -iquote ../fdt -iquote ../softfloat -iquote ../spike_main -iquote ../spike_dasm   -fPIC -I../fdt -c vsse16_v.cc
g++ -MMD -MP  -DPREFIX=\"/work/riscv\" -Wall -Wno-unused -Wno-nonportable-include-path -g -O2 -fPIC -std=c++2a -g -O2   -iquote . -I.. -iquote ../fesvr -iquote ../riscv -iquote ../disasm -iquote ../customext -iquote ../fdt -iquote ../softfloat -iquote ../spike_main -iquote ../spike_dasm   -fPIC -I../fdt -c vsse32_v.cc
g++ -MMD -MP  -DPREFIX=\"/work/riscv\" -Wall -Wno-unused -Wno-nonportable-include-path -g -O2 -fPIC -std=c++2a -g -O2   -iquote . -I.. -iquote ../fesvr -iquote ../riscv -iquote ../disasm -iquote ../customext -iquote ../fdt -iquote ../softfloat -iquote ../spike_main -iquote ../spike_dasm   -fPIC -I../fdt -c vsse64_v.cc
g++ -MMD -MP  -DPREFIX=\"/work/riscv\" -Wall -Wno-unused -Wno-nonportable-include-path -g -O2 -fPIC -std=c++2a -g -O2   -iquote . -I.. -iquote ../fesvr -iquote ../riscv -iquote ../disasm -iquote ../customext -iquote ../fdt -iquote ../softfloat -iquote ../spike_main -iquote ../spike_dasm   -fPIC -I../fdt -c vsuxei8_v.cc
g++ -MMD -MP  -DPREFIX=\"/work/riscv\" -Wall -Wno-unused -Wno-nonportable-include-path -g -O2 -fPIC -std=c++2a -g -O2   -iquote . -I.. -iquote ../fesvr -iquote ../riscv -iquote ../disasm -iquote ../customext -iquote ../fdt -iquote ../softfloat -iquote ../spike_main -iquote ../spike_dasm   -fPIC -I../fdt -c vsuxei16_v.cc
g++ -MMD -MP  -DPREFIX=\"/work/riscv\" -Wall -Wno-unused -Wno-nonportable-include-path -g -O2 -fPIC -std=c++2a -g -O2   -iquote . -I.. -iquote ../fesvr -iquote ../riscv -iquote ../disasm -iquote ../customext -iquote ../fdt -iquote ../softfloat -iquote ../spike_main -iquote ../spike_dasm   -fPIC -I../fdt -c vsuxei32_v.cc
g++ -MMD -MP  -DPREFIX=\"/work/riscv\" -Wall -Wno-unused -Wno-nonportable-include-path -g -O2 -fPIC -std=c++2a -g -O2   -iquote . -I.. -iquote ../fesvr -iquote ../riscv -iquote ../disasm -iquote ../customext -iquote ../fdt -iquote ../softfloat -iquote ../spike_main -iquote ../spike_dasm   -fPIC -I../fdt -c vsuxei64_v.cc
g++ -MMD -MP  -DPREFIX=\"/work/riscv\" -Wall -Wno-unused -Wno-nonportable-include-path -g -O2 -fPIC -std=c++2a -g -O2   -iquote . -I.. -iquote ../fesvr -iquote ../riscv -iquote ../disasm -iquote ../customext -iquote ../fdt -iquote ../softfloat -iquote ../spike_main -iquote ../spike_dasm   -fPIC -I../fdt -c vs1r_v.cc
g++ -MMD -MP  -DPREFIX=\"/work/riscv\" -Wall -Wno-unused -Wno-nonportable-include-path -g -O2 -fPIC -std=c++2a -g -O2   -iquote . -I.. -iquote ../fesvr -iquote ../riscv -iquote ../disasm -iquote ../customext -iquote ../fdt -iquote ../softfloat -iquote ../spike_main -iquote ../spike_dasm   -fPIC -I../fdt -c vs2r_v.cc
g++ -MMD -MP  -DPREFIX=\"/work/riscv\" -Wall -Wno-unused -Wno-nonportable-include-path -g -O2 -fPIC -std=c++2a -g -O2   -iquote . -I.. -iquote ../fesvr -iquote ../riscv -iquote ../disasm -iquote ../customext -iquote ../fdt -iquote ../softfloat -iquote ../spike_main -iquote ../spike_dasm   -fPIC -I../fdt -c vs4r_v.cc
g++ -MMD -MP  -DPREFIX=\"/work/riscv\" -Wall -Wno-unused -Wno-nonportable-include-path -g -O2 -fPIC -std=c++2a -g -O2   -iquote . -I.. -iquote ../fesvr -iquote ../riscv -iquote ../disasm -iquote ../customext -iquote ../fdt -iquote ../softfloat -iquote ../spike_main -iquote ../spike_dasm   -fPIC -I../fdt -c vs8r_v.cc
g++ -MMD -MP  -DPREFIX=\"/work/riscv\" -Wall -Wno-unused -Wno-nonportable-include-path -g -O2 -fPIC -std=c++2a -g -O2   -iquote . -I.. -iquote ../fesvr -iquote ../riscv -iquote ../disasm -iquote ../customext -iquote ../fdt -iquote ../softfloat -iquote ../spike_main -iquote ../spike_dasm   -fPIC -I../fdt -c fcvt_bf16_s.cc
g++ -MMD -MP  -DPREFIX=\"/work/riscv\" -Wall -Wno-unused -Wno-nonportable-include-path -g -O2 -fPIC -std=c++2a -g -O2   -iquote . -I.. -iquote ../fesvr -iquote ../riscv -iquote ../disasm -iquote ../customext -iquote ../fdt -iquote ../softfloat -iquote ../spike_main -iquote ../spike_dasm   -fPIC -I../fdt -c fcvt_s_bf16.cc
g++ -MMD -MP  -DPREFIX=\"/work/riscv\" -Wall -Wno-unused -Wno-nonportable-include-path -g -O2 -fPIC -std=c++2a -g -O2   -iquote . -I.. -iquote ../fesvr -iquote ../riscv -iquote ../disasm -iquote ../customext -iquote ../fdt -iquote ../softfloat -iquote ../spike_main -iquote ../spike_dasm   -fPIC -I../fdt -c vfncvtbf16_f_f_w.cc
g++ -MMD -MP  -DPREFIX=\"/work/riscv\" -Wall -Wno-unused -Wno-nonportable-include-path -g -O2 -fPIC -std=c++2a -g -O2   -iquote . -I.. -iquote ../fesvr -iquote ../riscv -iquote ../disasm -iquote ../customext -iquote ../fdt -iquote ../softfloat -iquote ../spike_main -iquote ../spike_dasm   -fPIC -I../fdt -c vfwcvtbf16_f_f_v.cc
g++ -MMD -MP  -DPREFIX=\"/work/riscv\" -Wall -Wno-unused -Wno-nonportable-include-path -g -O2 -fPIC -std=c++2a -g -O2   -iquote . -I.. -iquote ../fesvr -iquote ../riscv -iquote ../disasm -iquote ../customext -iquote ../fdt -iquote ../softfloat -iquote ../spike_main -iquote ../spike_dasm   -fPIC -I../fdt -c vfwmaccbf16_vv.cc
g++ -MMD -MP  -DPREFIX=\"/work/riscv\" -Wall -Wno-unused -Wno-nonportable-include-path -g -O2 -fPIC -std=c++2a -g -O2   -iquote . -I.. -iquote ../fesvr -iquote ../riscv -iquote ../disasm -iquote ../customext -iquote ../fdt -iquote ../softfloat -iquote ../spike_main -iquote ../spike_dasm   -fPIC -I../fdt -c vfwmaccbf16_vf.cc
g++ -MMD -MP  -DPREFIX=\"/work/riscv\" -Wall -Wno-unused -Wno-nonportable-include-path -g -O2 -fPIC -std=c++2a -g -O2   -iquote . -I.. -iquote ../fesvr -iquote ../riscv -iquote ../disasm -iquote ../customext -iquote ../fdt -iquote ../softfloat -iquote ../spike_main -iquote ../spike_dasm   -fPIC -I../fdt -c cbo_clean.cc
g++ -MMD -MP  -DPREFIX=\"/work/riscv\" -Wall -Wno-unused -Wno-nonportable-include-path -g -O2 -fPIC -std=c++2a -g -O2   -iquote . -I.. -iquote ../fesvr -iquote ../riscv -iquote ../disasm -iquote ../customext -iquote ../fdt -iquote ../softfloat -iquote ../spike_main -iquote ../spike_dasm   -fPIC -I../fdt -c cbo_flush.cc
g++ -MMD -MP  -DPREFIX=\"/work/riscv\" -Wall -Wno-unused -Wno-nonportable-include-path -g -O2 -fPIC -std=c++2a -g -O2   -iquote . -I.. -iquote ../fesvr -iquote ../riscv -iquote ../disasm -iquote ../customext -iquote ../fdt -iquote ../softfloat -iquote ../spike_main -iquote ../spike_dasm   -fPIC -I../fdt -c cbo_inval.cc
g++ -MMD -MP  -DPREFIX=\"/work/riscv\" -Wall -Wno-unused -Wno-nonportable-include-path -g -O2 -fPIC -std=c++2a -g -O2   -iquote . -I.. -iquote ../fesvr -iquote ../riscv -iquote ../disasm -iquote ../customext -iquote ../fdt -iquote ../softfloat -iquote ../spike_main -iquote ../spike_dasm   -fPIC -I../fdt -c cbo_zero.cc
g++ -MMD -MP  -DPREFIX=\"/work/riscv\" -Wall -Wno-unused -Wno-nonportable-include-path -g -O2 -fPIC -std=c++2a -g -O2   -iquote . -I.. -iquote ../fesvr -iquote ../riscv -iquote ../disasm -iquote ../customext -iquote ../fdt -iquote ../softfloat -iquote ../spike_main -iquote ../spike_dasm   -fPIC -I../fdt -c fli_d.cc
g++ -MMD -MP  -DPREFIX=\"/work/riscv\" -Wall -Wno-unused -Wno-nonportable-include-path -g -O2 -fPIC -std=c++2a -g -O2   -iquote . -I.. -iquote ../fesvr -iquote ../riscv -iquote ../disasm -iquote ../customext -iquote ../fdt -iquote ../softfloat -iquote ../spike_main -iquote ../spike_dasm   -fPIC -I../fdt -c fmaxm_d.cc
g++ -MMD -MP  -DPREFIX=\"/work/riscv\" -Wall -Wno-unused -Wno-nonportable-include-path -g -O2 -fPIC -std=c++2a -g -O2   -iquote . -I.. -iquote ../fesvr -iquote ../riscv -iquote ../disasm -iquote ../customext -iquote ../fdt -iquote ../softfloat -iquote ../spike_main -iquote ../spike_dasm   -fPIC -I../fdt -c fminm_d.cc
g++ -MMD -MP  -DPREFIX=\"/work/riscv\" -Wall -Wno-unused -Wno-nonportable-include-path -g -O2 -fPIC -std=c++2a -g -O2   -iquote . -I.. -iquote ../fesvr -iquote ../riscv -iquote ../disasm -iquote ../customext -iquote ../fdt -iquote ../softfloat -iquote ../spike_main -iquote ../spike_dasm   -fPIC -I../fdt -c fround_d.cc
g++ -MMD -MP  -DPREFIX=\"/work/riscv\" -Wall -Wno-unused -Wno-nonportable-include-path -g -O2 -fPIC -std=c++2a -g -O2   -iquote . -I.. -iquote ../fesvr -iquote ../riscv -iquote ../disasm -iquote ../customext -iquote ../fdt -iquote ../softfloat -iquote ../spike_main -iquote ../spike_dasm   -fPIC -I../fdt -c froundnx_d.cc
g++ -MMD -MP  -DPREFIX=\"/work/riscv\" -Wall -Wno-unused -Wno-nonportable-include-path -g -O2 -fPIC -std=c++2a -g -O2   -iquote . -I.. -iquote ../fesvr -iquote ../riscv -iquote ../disasm -iquote ../customext -iquote ../fdt -iquote ../softfloat -iquote ../spike_main -iquote ../spike_dasm   -fPIC -I../fdt -c fmvh_x_d.cc
g++ -MMD -MP  -DPREFIX=\"/work/riscv\" -Wall -Wno-unused -Wno-nonportable-include-path -g -O2 -fPIC -std=c++2a -g -O2   -iquote . -I.. -iquote ../fesvr -iquote ../riscv -iquote ../disasm -iquote ../customext -iquote ../fdt -iquote ../softfloat -iquote ../spike_main -iquote ../spike_dasm   -fPIC -I../fdt -c fmvp_d_x.cc
g++ -MMD -MP  -DPREFIX=\"/work/riscv\" -Wall -Wno-unused -Wno-nonportable-include-path -g -O2 -fPIC -std=c++2a -g -O2   -iquote . -I.. -iquote ../fesvr -iquote ../riscv -iquote ../disasm -iquote ../customext -iquote ../fdt -iquote ../softfloat -iquote ../spike_main -iquote ../spike_dasm   -fPIC -I../fdt -c fcvtmod_w_d.cc
g++ -MMD -MP  -DPREFIX=\"/work/riscv\" -Wall -Wno-unused -Wno-nonportable-include-path -g -O2 -fPIC -std=c++2a -g -O2   -iquote . -I.. -iquote ../fesvr -iquote ../riscv -iquote ../disasm -iquote ../customext -iquote ../fdt -iquote ../softfloat -iquote ../spike_main -iquote ../spike_dasm   -fPIC -I../fdt -c fleq_d.cc
g++ -MMD -MP  -DPREFIX=\"/work/riscv\" -Wall -Wno-unused -Wno-nonportable-include-path -g -O2 -fPIC -std=c++2a -g -O2   -iquote . -I.. -iquote ../fesvr -iquote ../riscv -iquote ../disasm -iquote ../customext -iquote ../fdt -iquote ../softfloat -iquote ../spike_main -iquote ../spike_dasm   -fPIC -I../fdt -c fltq_d.cc
g++ -MMD -MP  -DPREFIX=\"/work/riscv\" -Wall -Wno-unused -Wno-nonportable-include-path -g -O2 -fPIC -std=c++2a -g -O2   -iquote . -I.. -iquote ../fesvr -iquote ../riscv -iquote ../disasm -iquote ../customext -iquote ../fdt -iquote ../softfloat -iquote ../spike_main -iquote ../spike_dasm   -fPIC -I../fdt -c fli_s.cc
g++ -MMD -MP  -DPREFIX=\"/work/riscv\" -Wall -Wno-unused -Wno-nonportable-include-path -g -O2 -fPIC -std=c++2a -g -O2   -iquote . -I.. -iquote ../fesvr -iquote ../riscv -iquote ../disasm -iquote ../customext -iquote ../fdt -iquote ../softfloat -iquote ../spike_main -iquote ../spike_dasm   -fPIC -I../fdt -c fmaxm_s.cc
g++ -MMD -MP  -DPREFIX=\"/work/riscv\" -Wall -Wno-unused -Wno-nonportable-include-path -g -O2 -fPIC -std=c++2a -g -O2   -iquote . -I.. -iquote ../fesvr -iquote ../riscv -iquote ../disasm -iquote ../customext -iquote ../fdt -iquote ../softfloat -iquote ../spike_main -iquote ../spike_dasm   -fPIC -I../fdt -c fminm_s.cc
g++ -MMD -MP  -DPREFIX=\"/work/riscv\" -Wall -Wno-unused -Wno-nonportable-include-path -g -O2 -fPIC -std=c++2a -g -O2   -iquote . -I.. -iquote ../fesvr -iquote ../riscv -iquote ../disasm -iquote ../customext -iquote ../fdt -iquote ../softfloat -iquote ../spike_main -iquote ../spike_dasm   -fPIC -I../fdt -c fround_s.cc
g++ -MMD -MP  -DPREFIX=\"/work/riscv\" -Wall -Wno-unused -Wno-nonportable-include-path -g -O2 -fPIC -std=c++2a -g -O2   -iquote . -I.. -iquote ../fesvr -iquote ../riscv -iquote ../disasm -iquote ../customext -iquote ../fdt -iquote ../softfloat -iquote ../spike_main -iquote ../spike_dasm   -fPIC -I../fdt -c froundnx_s.cc
g++ -MMD -MP  -DPREFIX=\"/work/riscv\" -Wall -Wno-unused -Wno-nonportable-include-path -g -O2 -fPIC -std=c++2a -g -O2   -iquote . -I.. -iquote ../fesvr -iquote ../riscv -iquote ../disasm -iquote ../customext -iquote ../fdt -iquote ../softfloat -iquote ../spike_main -iquote ../spike_dasm   -fPIC -I../fdt -c fleq_s.cc
g++ -MMD -MP  -DPREFIX=\"/work/riscv\" -Wall -Wno-unused -Wno-nonportable-include-path -g -O2 -fPIC -std=c++2a -g -O2   -iquote . -I.. -iquote ../fesvr -iquote ../riscv -iquote ../disasm -iquote ../customext -iquote ../fdt -iquote ../softfloat -iquote ../spike_main -iquote ../spike_dasm   -fPIC -I../fdt -c fltq_s.cc
g++ -MMD -MP  -DPREFIX=\"/work/riscv\" -Wall -Wno-unused -Wno-nonportable-include-path -g -O2 -fPIC -std=c++2a -g -O2   -iquote . -I.. -iquote ../fesvr -iquote ../riscv -iquote ../disasm -iquote ../customext -iquote ../fdt -iquote ../softfloat -iquote ../spike_main -iquote ../spike_dasm   -fPIC -I../fdt -c hfence_gvma.cc
g++ -MMD -MP  -DPREFIX=\"/work/riscv\" -Wall -Wno-unused -Wno-nonportable-include-path -g -O2 -fPIC -std=c++2a -g -O2   -iquote . -I.. -iquote ../fesvr -iquote ../riscv -iquote ../disasm -iquote ../customext -iquote ../fdt -iquote ../softfloat -iquote ../spike_main -iquote ../spike_dasm   -fPIC -I../fdt -c hfence_vvma.cc
g++ -MMD -MP  -DPREFIX=\"/work/riscv\" -Wall -Wno-unused -Wno-nonportable-include-path -g -O2 -fPIC -std=c++2a -g -O2   -iquote . -I.. -iquote ../fesvr -iquote ../riscv -iquote ../disasm -iquote ../customext -iquote ../fdt -iquote ../softfloat -iquote ../spike_main -iquote ../spike_dasm   -fPIC -I../fdt -c hlv_b.cc
g++ -MMD -MP  -DPREFIX=\"/work/riscv\" -Wall -Wno-unused -Wno-nonportable-include-path -g -O2 -fPIC -std=c++2a -g -O2   -iquote . -I.. -iquote ../fesvr -iquote ../riscv -iquote ../disasm -iquote ../customext -iquote ../fdt -iquote ../softfloat -iquote ../spike_main -iquote ../spike_dasm   -fPIC -I../fdt -c hlv_bu.cc
g++ -MMD -MP  -DPREFIX=\"/work/riscv\" -Wall -Wno-unused -Wno-nonportable-include-path -g -O2 -fPIC -std=c++2a -g -O2   -iquote . -I.. -iquote ../fesvr -iquote ../riscv -iquote ../disasm -iquote ../customext -iquote ../fdt -iquote ../softfloat -iquote ../spike_main -iquote ../spike_dasm   -fPIC -I../fdt -c hlv_h.cc
g++ -MMD -MP  -DPREFIX=\"/work/riscv\" -Wall -Wno-unused -Wno-nonportable-include-path -g -O2 -fPIC -std=c++2a -g -O2   -iquote . -I.. -iquote ../fesvr -iquote ../riscv -iquote ../disasm -iquote ../customext -iquote ../fdt -iquote ../softfloat -iquote ../spike_main -iquote ../spike_dasm   -fPIC -I../fdt -c hlv_hu.cc
g++ -MMD -MP  -DPREFIX=\"/work/riscv\" -Wall -Wno-unused -Wno-nonportable-include-path -g -O2 -fPIC -std=c++2a -g -O2   -iquote . -I.. -iquote ../fesvr -iquote ../riscv -iquote ../disasm -iquote ../customext -iquote ../fdt -iquote ../softfloat -iquote ../spike_main -iquote ../spike_dasm   -fPIC -I../fdt -c hlvx_hu.cc
g++ -MMD -MP  -DPREFIX=\"/work/riscv\" -Wall -Wno-unused -Wno-nonportable-include-path -g -O2 -fPIC -std=c++2a -g -O2   -iquote . -I.. -iquote ../fesvr -iquote ../riscv -iquote ../disasm -iquote ../customext -iquote ../fdt -iquote ../softfloat -iquote ../spike_main -iquote ../spike_dasm   -fPIC -I../fdt -c hlv_w.cc
g++ -MMD -MP  -DPREFIX=\"/work/riscv\" -Wall -Wno-unused -Wno-nonportable-include-path -g -O2 -fPIC -std=c++2a -g -O2   -iquote . -I.. -iquote ../fesvr -iquote ../riscv -iquote ../disasm -iquote ../customext -iquote ../fdt -iquote ../softfloat -iquote ../spike_main -iquote ../spike_dasm   -fPIC -I../fdt -c hlv_wu.cc
g++ -MMD -MP  -DPREFIX=\"/work/riscv\" -Wall -Wno-unused -Wno-nonportable-include-path -g -O2 -fPIC -std=c++2a -g -O2   -iquote . -I.. -iquote ../fesvr -iquote ../riscv -iquote ../disasm -iquote ../customext -iquote ../fdt -iquote ../softfloat -iquote ../spike_main -iquote ../spike_dasm   -fPIC -I../fdt -c hlvx_wu.cc
g++ -MMD -MP  -DPREFIX=\"/work/riscv\" -Wall -Wno-unused -Wno-nonportable-include-path -g -O2 -fPIC -std=c++2a -g -O2   -iquote . -I.. -iquote ../fesvr -iquote ../riscv -iquote ../disasm -iquote ../customext -iquote ../fdt -iquote ../softfloat -iquote ../spike_main -iquote ../spike_dasm   -fPIC -I../fdt -c hlv_d.cc
g++ -MMD -MP  -DPREFIX=\"/work/riscv\" -Wall -Wno-unused -Wno-nonportable-include-path -g -O2 -fPIC -std=c++2a -g -O2   -iquote . -I.. -iquote ../fesvr -iquote ../riscv -iquote ../disasm -iquote ../customext -iquote ../fdt -iquote ../softfloat -iquote ../spike_main -iquote ../spike_dasm   -fPIC -I../fdt -c hsv_b.cc
g++ -MMD -MP  -DPREFIX=\"/work/riscv\" -Wall -Wno-unused -Wno-nonportable-include-path -g -O2 -fPIC -std=c++2a -g -O2   -iquote . -I.. -iquote ../fesvr -iquote ../riscv -iquote ../disasm -iquote ../customext -iquote ../fdt -iquote ../softfloat -iquote ../spike_main -iquote ../spike_dasm   -fPIC -I../fdt -c hsv_h.cc
g++ -MMD -MP  -DPREFIX=\"/work/riscv\" -Wall -Wno-unused -Wno-nonportable-include-path -g -O2 -fPIC -std=c++2a -g -O2   -iquote . -I.. -iquote ../fesvr -iquote ../riscv -iquote ../disasm -iquote ../customext -iquote ../fdt -iquote ../softfloat -iquote ../spike_main -iquote ../spike_dasm   -fPIC -I../fdt -c hsv_w.cc
g++ -MMD -MP  -DPREFIX=\"/work/riscv\" -Wall -Wno-unused -Wno-nonportable-include-path -g -O2 -fPIC -std=c++2a -g -O2   -iquote . -I.. -iquote ../fesvr -iquote ../riscv -iquote ../disasm -iquote ../customext -iquote ../fdt -iquote ../softfloat -iquote ../spike_main -iquote ../spike_dasm   -fPIC -I../fdt -c hsv_d.cc
g++ -MMD -MP  -DPREFIX=\"/work/riscv\" -Wall -Wno-unused -Wno-nonportable-include-path -g -O2 -fPIC -std=c++2a -g -O2   -iquote . -I.. -iquote ../fesvr -iquote ../riscv -iquote ../disasm -iquote ../customext -iquote ../fdt -iquote ../softfloat -iquote ../spike_main -iquote ../spike_dasm   -fPIC -I../fdt -c aes32dsi.cc
g++ -MMD -MP  -DPREFIX=\"/work/riscv\" -Wall -Wno-unused -Wno-nonportable-include-path -g -O2 -fPIC -std=c++2a -g -O2   -iquote . -I.. -iquote ../fesvr -iquote ../riscv -iquote ../disasm -iquote ../customext -iquote ../fdt -iquote ../softfloat -iquote ../spike_main -iquote ../spike_dasm   -fPIC -I../fdt -c aes32dsmi.cc
g++ -MMD -MP  -DPREFIX=\"/work/riscv\" -Wall -Wno-unused -Wno-nonportable-include-path -g -O2 -fPIC -std=c++2a -g -O2   -iquote . -I.. -iquote ../fesvr -iquote ../riscv -iquote ../disasm -iquote ../customext -iquote ../fdt -iquote ../softfloat -iquote ../spike_main -iquote ../spike_dasm   -fPIC -I../fdt -c aes32esi.cc
g++ -MMD -MP  -DPREFIX=\"/work/riscv\" -Wall -Wno-unused -Wno-nonportable-include-path -g -O2 -fPIC -std=c++2a -g -O2   -iquote . -I.. -iquote ../fesvr -iquote ../riscv -iquote ../disasm -iquote ../customext -iquote ../fdt -iquote ../softfloat -iquote ../spike_main -iquote ../spike_dasm   -fPIC -I../fdt -c aes32esmi.cc
g++ -MMD -MP  -DPREFIX=\"/work/riscv\" -Wall -Wno-unused -Wno-nonportable-include-path -g -O2 -fPIC -std=c++2a -g -O2   -iquote . -I.. -iquote ../fesvr -iquote ../riscv -iquote ../disasm -iquote ../customext -iquote ../fdt -iquote ../softfloat -iquote ../spike_main -iquote ../spike_dasm   -fPIC -I../fdt -c aes64ds.cc
g++ -MMD -MP  -DPREFIX=\"/work/riscv\" -Wall -Wno-unused -Wno-nonportable-include-path -g -O2 -fPIC -std=c++2a -g -O2   -iquote . -I.. -iquote ../fesvr -iquote ../riscv -iquote ../disasm -iquote ../customext -iquote ../fdt -iquote ../softfloat -iquote ../spike_main -iquote ../spike_dasm   -fPIC -I../fdt -c aes64dsm.cc
g++ -MMD -MP  -DPREFIX=\"/work/riscv\" -Wall -Wno-unused -Wno-nonportable-include-path -g -O2 -fPIC -std=c++2a -g -O2   -iquote . -I.. -iquote ../fesvr -iquote ../riscv -iquote ../disasm -iquote ../customext -iquote ../fdt -iquote ../softfloat -iquote ../spike_main -iquote ../spike_dasm   -fPIC -I../fdt -c aes64es.cc
g++ -MMD -MP  -DPREFIX=\"/work/riscv\" -Wall -Wno-unused -Wno-nonportable-include-path -g -O2 -fPIC -std=c++2a -g -O2   -iquote . -I.. -iquote ../fesvr -iquote ../riscv -iquote ../disasm -iquote ../customext -iquote ../fdt -iquote ../softfloat -iquote ../spike_main -iquote ../spike_dasm   -fPIC -I../fdt -c aes64esm.cc
g++ -MMD -MP  -DPREFIX=\"/work/riscv\" -Wall -Wno-unused -Wno-nonportable-include-path -g -O2 -fPIC -std=c++2a -g -O2   -iquote . -I.. -iquote ../fesvr -iquote ../riscv -iquote ../disasm -iquote ../customext -iquote ../fdt -iquote ../softfloat -iquote ../spike_main -iquote ../spike_dasm   -fPIC -I../fdt -c aes64ks1i.cc
g++ -MMD -MP  -DPREFIX=\"/work/riscv\" -Wall -Wno-unused -Wno-nonportable-include-path -g -O2 -fPIC -std=c++2a -g -O2   -iquote . -I.. -iquote ../fesvr -iquote ../riscv -iquote ../disasm -iquote ../customext -iquote ../fdt -iquote ../softfloat -iquote ../spike_main -iquote ../spike_dasm   -fPIC -I../fdt -c aes64ks2.cc
g++ -MMD -MP  -DPREFIX=\"/work/riscv\" -Wall -Wno-unused -Wno-nonportable-include-path -g -O2 -fPIC -std=c++2a -g -O2   -iquote . -I.. -iquote ../fesvr -iquote ../riscv -iquote ../disasm -iquote ../customext -iquote ../fdt -iquote ../softfloat -iquote ../spike_main -iquote ../spike_dasm   -fPIC -I../fdt -c aes64im.cc
g++ -MMD -MP  -DPREFIX=\"/work/riscv\" -Wall -Wno-unused -Wno-nonportable-include-path -g -O2 -fPIC -std=c++2a -g -O2   -iquote . -I.. -iquote ../fesvr -iquote ../riscv -iquote ../disasm -iquote ../customext -iquote ../fdt -iquote ../softfloat -iquote ../spike_main -iquote ../spike_dasm   -fPIC -I../fdt -c sha256sig0.cc
g++ -MMD -MP  -DPREFIX=\"/work/riscv\" -Wall -Wno-unused -Wno-nonportable-include-path -g -O2 -fPIC -std=c++2a -g -O2   -iquote . -I.. -iquote ../fesvr -iquote ../riscv -iquote ../disasm -iquote ../customext -iquote ../fdt -iquote ../softfloat -iquote ../spike_main -iquote ../spike_dasm   -fPIC -I../fdt -c sha256sig1.cc
g++ -MMD -MP  -DPREFIX=\"/work/riscv\" -Wall -Wno-unused -Wno-nonportable-include-path -g -O2 -fPIC -std=c++2a -g -O2   -iquote . -I.. -iquote ../fesvr -iquote ../riscv -iquote ../disasm -iquote ../customext -iquote ../fdt -iquote ../softfloat -iquote ../spike_main -iquote ../spike_dasm   -fPIC -I../fdt -c sha256sum0.cc
g++ -MMD -MP  -DPREFIX=\"/work/riscv\" -Wall -Wno-unused -Wno-nonportable-include-path -g -O2 -fPIC -std=c++2a -g -O2   -iquote . -I.. -iquote ../fesvr -iquote ../riscv -iquote ../disasm -iquote ../customext -iquote ../fdt -iquote ../softfloat -iquote ../spike_main -iquote ../spike_dasm   -fPIC -I../fdt -c sha256sum1.cc
g++ -MMD -MP  -DPREFIX=\"/work/riscv\" -Wall -Wno-unused -Wno-nonportable-include-path -g -O2 -fPIC -std=c++2a -g -O2   -iquote . -I.. -iquote ../fesvr -iquote ../riscv -iquote ../disasm -iquote ../customext -iquote ../fdt -iquote ../softfloat -iquote ../spike_main -iquote ../spike_dasm   -fPIC -I../fdt -c sha512sig0.cc
g++ -MMD -MP  -DPREFIX=\"/work/riscv\" -Wall -Wno-unused -Wno-nonportable-include-path -g -O2 -fPIC -std=c++2a -g -O2   -iquote . -I.. -iquote ../fesvr -iquote ../riscv -iquote ../disasm -iquote ../customext -iquote ../fdt -iquote ../softfloat -iquote ../spike_main -iquote ../spike_dasm   -fPIC -I../fdt -c sha512sig0h.cc
g++ -MMD -MP  -DPREFIX=\"/work/riscv\" -Wall -Wno-unused -Wno-nonportable-include-path -g -O2 -fPIC -std=c++2a -g -O2   -iquote . -I.. -iquote ../fesvr -iquote ../riscv -iquote ../disasm -iquote ../customext -iquote ../fdt -iquote ../softfloat -iquote ../spike_main -iquote ../spike_dasm   -fPIC -I../fdt -c sha512sig0l.cc
g++ -MMD -MP  -DPREFIX=\"/work/riscv\" -Wall -Wno-unused -Wno-nonportable-include-path -g -O2 -fPIC -std=c++2a -g -O2   -iquote . -I.. -iquote ../fesvr -iquote ../riscv -iquote ../disasm -iquote ../customext -iquote ../fdt -iquote ../softfloat -iquote ../spike_main -iquote ../spike_dasm   -fPIC -I../fdt -c sha512sig1.cc
g++ -MMD -MP  -DPREFIX=\"/work/riscv\" -Wall -Wno-unused -Wno-nonportable-include-path -g -O2 -fPIC -std=c++2a -g -O2   -iquote . -I.. -iquote ../fesvr -iquote ../riscv -iquote ../disasm -iquote ../customext -iquote ../fdt -iquote ../softfloat -iquote ../spike_main -iquote ../spike_dasm   -fPIC -I../fdt -c sha512sig1h.cc
g++ -MMD -MP  -DPREFIX=\"/work/riscv\" -Wall -Wno-unused -Wno-nonportable-include-path -g -O2 -fPIC -std=c++2a -g -O2   -iquote . -I.. -iquote ../fesvr -iquote ../riscv -iquote ../disasm -iquote ../customext -iquote ../fdt -iquote ../softfloat -iquote ../spike_main -iquote ../spike_dasm   -fPIC -I../fdt -c sha512sig1l.cc
g++ -MMD -MP  -DPREFIX=\"/work/riscv\" -Wall -Wno-unused -Wno-nonportable-include-path -g -O2 -fPIC -std=c++2a -g -O2   -iquote . -I.. -iquote ../fesvr -iquote ../riscv -iquote ../disasm -iquote ../customext -iquote ../fdt -iquote ../softfloat -iquote ../spike_main -iquote ../spike_dasm   -fPIC -I../fdt -c sha512sum0.cc
g++ -MMD -MP  -DPREFIX=\"/work/riscv\" -Wall -Wno-unused -Wno-nonportable-include-path -g -O2 -fPIC -std=c++2a -g -O2   -iquote . -I.. -iquote ../fesvr -iquote ../riscv -iquote ../disasm -iquote ../customext -iquote ../fdt -iquote ../softfloat -iquote ../spike_main -iquote ../spike_dasm   -fPIC -I../fdt -c sha512sum0r.cc
g++ -MMD -MP  -DPREFIX=\"/work/riscv\" -Wall -Wno-unused -Wno-nonportable-include-path -g -O2 -fPIC -std=c++2a -g -O2   -iquote . -I.. -iquote ../fesvr -iquote ../riscv -iquote ../disasm -iquote ../customext -iquote ../fdt -iquote ../softfloat -iquote ../spike_main -iquote ../spike_dasm   -fPIC -I../fdt -c sha512sum1.cc
g++ -MMD -MP  -DPREFIX=\"/work/riscv\" -Wall -Wno-unused -Wno-nonportable-include-path -g -O2 -fPIC -std=c++2a -g -O2   -iquote . -I.. -iquote ../fesvr -iquote ../riscv -iquote ../disasm -iquote ../customext -iquote ../fdt -iquote ../softfloat -iquote ../spike_main -iquote ../spike_dasm   -fPIC -I../fdt -c sha512sum1r.cc
g++ -MMD -MP  -DPREFIX=\"/work/riscv\" -Wall -Wno-unused -Wno-nonportable-include-path -g -O2 -fPIC -std=c++2a -g -O2   -iquote . -I.. -iquote ../fesvr -iquote ../riscv -iquote ../disasm -iquote ../customext -iquote ../fdt -iquote ../softfloat -iquote ../spike_main -iquote ../spike_dasm   -fPIC -I../fdt -c sm3p0.cc
g++ -MMD -MP  -DPREFIX=\"/work/riscv\" -Wall -Wno-unused -Wno-nonportable-include-path -g -O2 -fPIC -std=c++2a -g -O2   -iquote . -I.. -iquote ../fesvr -iquote ../riscv -iquote ../disasm -iquote ../customext -iquote ../fdt -iquote ../softfloat -iquote ../spike_main -iquote ../spike_dasm   -fPIC -I../fdt -c sm3p1.cc
g++ -MMD -MP  -DPREFIX=\"/work/riscv\" -Wall -Wno-unused -Wno-nonportable-include-path -g -O2 -fPIC -std=c++2a -g -O2   -iquote . -I.. -iquote ../fesvr -iquote ../riscv -iquote ../disasm -iquote ../customext -iquote ../fdt -iquote ../softfloat -iquote ../spike_main -iquote ../spike_dasm   -fPIC -I../fdt -c sm4ed.cc
g++ -MMD -MP  -DPREFIX=\"/work/riscv\" -Wall -Wno-unused -Wno-nonportable-include-path -g -O2 -fPIC -std=c++2a -g -O2   -iquote . -I.. -iquote ../fesvr -iquote ../riscv -iquote ../disasm -iquote ../customext -iquote ../fdt -iquote ../softfloat -iquote ../spike_main -iquote ../spike_dasm   -fPIC -I../fdt -c sm4ks.cc
g++ -MMD -MP  -DPREFIX=\"/work/riscv\" -Wall -Wno-unused -Wno-nonportable-include-path -g -O2 -fPIC -std=c++2a -g -O2   -iquote . -I.. -iquote ../fesvr -iquote ../riscv -iquote ../disasm -iquote ../customext -iquote ../fdt -iquote ../softfloat -iquote ../spike_main -iquote ../spike_dasm   -fPIC -I../fdt -c fadd_q.cc
g++ -MMD -MP  -DPREFIX=\"/work/riscv\" -Wall -Wno-unused -Wno-nonportable-include-path -g -O2 -fPIC -std=c++2a -g -O2   -iquote . -I.. -iquote ../fesvr -iquote ../riscv -iquote ../disasm -iquote ../customext -iquote ../fdt -iquote ../softfloat -iquote ../spike_main -iquote ../spike_dasm   -fPIC -I../fdt -c fclass_q.cc
g++ -MMD -MP  -DPREFIX=\"/work/riscv\" -Wall -Wno-unused -Wno-nonportable-include-path -g -O2 -fPIC -std=c++2a -g -O2   -iquote . -I.. -iquote ../fesvr -iquote ../riscv -iquote ../disasm -iquote ../customext -iquote ../fdt -iquote ../softfloat -iquote ../spike_main -iquote ../spike_dasm   -fPIC -I../fdt -c fcvt_l_q.cc
g++ -MMD -MP  -DPREFIX=\"/work/riscv\" -Wall -Wno-unused -Wno-nonportable-include-path -g -O2 -fPIC -std=c++2a -g -O2   -iquote . -I.. -iquote ../fesvr -iquote ../riscv -iquote ../disasm -iquote ../customext -iquote ../fdt -iquote ../softfloat -iquote ../spike_main -iquote ../spike_dasm   -fPIC -I../fdt -c fcvt_lu_q.cc
g++ -MMD -MP  -DPREFIX=\"/work/riscv\" -Wall -Wno-unused -Wno-nonportable-include-path -g -O2 -fPIC -std=c++2a -g -O2   -iquote . -I.. -iquote ../fesvr -iquote ../riscv -iquote ../disasm -iquote ../customext -iquote ../fdt -iquote ../softfloat -iquote ../spike_main -iquote ../spike_dasm   -fPIC -I../fdt -c fcvt_q_d.cc
g++ -MMD -MP  -DPREFIX=\"/work/riscv\" -Wall -Wno-unused -Wno-nonportable-include-path -g -O2 -fPIC -std=c++2a -g -O2   -iquote . -I.. -iquote ../fesvr -iquote ../riscv -iquote ../disasm -iquote ../customext -iquote ../fdt -iquote ../softfloat -iquote ../spike_main -iquote ../spike_dasm   -fPIC -I../fdt -c fcvt_q_l.cc
g++ -MMD -MP  -DPREFIX=\"/work/riscv\" -Wall -Wno-unused -Wno-nonportable-include-path -g -O2 -fPIC -std=c++2a -g -O2   -iquote . -I.. -iquote ../fesvr -iquote ../riscv -iquote ../disasm -iquote ../customext -iquote ../fdt -iquote ../softfloat -iquote ../spike_main -iquote ../spike_dasm   -fPIC -I../fdt -c fcvt_q_lu.cc
g++ -MMD -MP  -DPREFIX=\"/work/riscv\" -Wall -Wno-unused -Wno-nonportable-include-path -g -O2 -fPIC -std=c++2a -g -O2   -iquote . -I.. -iquote ../fesvr -iquote ../riscv -iquote ../disasm -iquote ../customext -iquote ../fdt -iquote ../softfloat -iquote ../spike_main -iquote ../spike_dasm   -fPIC -I../fdt -c fcvt_q_s.cc
g++ -MMD -MP  -DPREFIX=\"/work/riscv\" -Wall -Wno-unused -Wno-nonportable-include-path -g -O2 -fPIC -std=c++2a -g -O2   -iquote . -I.. -iquote ../fesvr -iquote ../riscv -iquote ../disasm -iquote ../customext -iquote ../fdt -iquote ../softfloat -iquote ../spike_main -iquote ../spike_dasm   -fPIC -I../fdt -c fcvt_q_w.cc
g++ -MMD -MP  -DPREFIX=\"/work/riscv\" -Wall -Wno-unused -Wno-nonportable-include-path -g -O2 -fPIC -std=c++2a -g -O2   -iquote . -I.. -iquote ../fesvr -iquote ../riscv -iquote ../disasm -iquote ../customext -iquote ../fdt -iquote ../softfloat -iquote ../spike_main -iquote ../spike_dasm   -fPIC -I../fdt -c fcvt_q_wu.cc
g++ -MMD -MP  -DPREFIX=\"/work/riscv\" -Wall -Wno-unused -Wno-nonportable-include-path -g -O2 -fPIC -std=c++2a -g -O2   -iquote . -I.. -iquote ../fesvr -iquote ../riscv -iquote ../disasm -iquote ../customext -iquote ../fdt -iquote ../softfloat -iquote ../spike_main -iquote ../spike_dasm   -fPIC -I../fdt -c fcvt_s_q.cc
g++ -MMD -MP  -DPREFIX=\"/work/riscv\" -Wall -Wno-unused -Wno-nonportable-include-path -g -O2 -fPIC -std=c++2a -g -O2   -iquote . -I.. -iquote ../fesvr -iquote ../riscv -iquote ../disasm -iquote ../customext -iquote ../fdt -iquote ../softfloat -iquote ../spike_main -iquote ../spike_dasm   -fPIC -I../fdt -c fcvt_w_q.cc
g++ -MMD -MP  -DPREFIX=\"/work/riscv\" -Wall -Wno-unused -Wno-nonportable-include-path -g -O2 -fPIC -std=c++2a -g -O2   -iquote . -I.. -iquote ../fesvr -iquote ../riscv -iquote ../disasm -iquote ../customext -iquote ../fdt -iquote ../softfloat -iquote ../spike_main -iquote ../spike_dasm   -fPIC -I../fdt -c fcvt_wu_q.cc
g++ -MMD -MP  -DPREFIX=\"/work/riscv\" -Wall -Wno-unused -Wno-nonportable-include-path -g -O2 -fPIC -std=c++2a -g -O2   -iquote . -I.. -iquote ../fesvr -iquote ../riscv -iquote ../disasm -iquote ../customext -iquote ../fdt -iquote ../softfloat -iquote ../spike_main -iquote ../spike_dasm   -fPIC -I../fdt -c fdiv_q.cc
g++ -MMD -MP  -DPREFIX=\"/work/riscv\" -Wall -Wno-unused -Wno-nonportable-include-path -g -O2 -fPIC -std=c++2a -g -O2   -iquote . -I.. -iquote ../fesvr -iquote ../riscv -iquote ../disasm -iquote ../customext -iquote ../fdt -iquote ../softfloat -iquote ../spike_main -iquote ../spike_dasm   -fPIC -I../fdt -c feq_q.cc
g++ -MMD -MP  -DPREFIX=\"/work/riscv\" -Wall -Wno-unused -Wno-nonportable-include-path -g -O2 -fPIC -std=c++2a -g -O2   -iquote . -I.. -iquote ../fesvr -iquote ../riscv -iquote ../disasm -iquote ../customext -iquote ../fdt -iquote ../softfloat -iquote ../spike_main -iquote ../spike_dasm   -fPIC -I../fdt -c fle_q.cc
g++ -MMD -MP  -DPREFIX=\"/work/riscv\" -Wall -Wno-unused -Wno-nonportable-include-path -g -O2 -fPIC -std=c++2a -g -O2   -iquote . -I.. -iquote ../fesvr -iquote ../riscv -iquote ../disasm -iquote ../customext -iquote ../fdt -iquote ../softfloat -iquote ../spike_main -iquote ../spike_dasm   -fPIC -I../fdt -c flq.cc
g++ -MMD -MP  -DPREFIX=\"/work/riscv\" -Wall -Wno-unused -Wno-nonportable-include-path -g -O2 -fPIC -std=c++2a -g -O2   -iquote . -I.. -iquote ../fesvr -iquote ../riscv -iquote ../disasm -iquote ../customext -iquote ../fdt -iquote ../softfloat -iquote ../spike_main -iquote ../spike_dasm   -fPIC -I../fdt -c flt_q.cc
g++ -MMD -MP  -DPREFIX=\"/work/riscv\" -Wall -Wno-unused -Wno-nonportable-include-path -g -O2 -fPIC -std=c++2a -g -O2   -iquote . -I.. -iquote ../fesvr -iquote ../riscv -iquote ../disasm -iquote ../customext -iquote ../fdt -iquote ../softfloat -iquote ../spike_main -iquote ../spike_dasm   -fPIC -I../fdt -c fmadd_q.cc
g++ -MMD -MP  -DPREFIX=\"/work/riscv\" -Wall -Wno-unused -Wno-nonportable-include-path -g -O2 -fPIC -std=c++2a -g -O2   -iquote . -I.. -iquote ../fesvr -iquote ../riscv -iquote ../disasm -iquote ../customext -iquote ../fdt -iquote ../softfloat -iquote ../spike_main -iquote ../spike_dasm   -fPIC -I../fdt -c fmax_q.cc
g++ -MMD -MP  -DPREFIX=\"/work/riscv\" -Wall -Wno-unused -Wno-nonportable-include-path -g -O2 -fPIC -std=c++2a -g -O2   -iquote . -I.. -iquote ../fesvr -iquote ../riscv -iquote ../disasm -iquote ../customext -iquote ../fdt -iquote ../softfloat -iquote ../spike_main -iquote ../spike_dasm   -fPIC -I../fdt -c fmin_q.cc
g++ -MMD -MP  -DPREFIX=\"/work/riscv\" -Wall -Wno-unused -Wno-nonportable-include-path -g -O2 -fPIC -std=c++2a -g -O2   -iquote . -I.. -iquote ../fesvr -iquote ../riscv -iquote ../disasm -iquote ../customext -iquote ../fdt -iquote ../softfloat -iquote ../spike_main -iquote ../spike_dasm   -fPIC -I../fdt -c fmsub_q.cc
g++ -MMD -MP  -DPREFIX=\"/work/riscv\" -Wall -Wno-unused -Wno-nonportable-include-path -g -O2 -fPIC -std=c++2a -g -O2   -iquote . -I.. -iquote ../fesvr -iquote ../riscv -iquote ../disasm -iquote ../customext -iquote ../fdt -iquote ../softfloat -iquote ../spike_main -iquote ../spike_dasm   -fPIC -I../fdt -c fmul_q.cc
g++ -MMD -MP  -DPREFIX=\"/work/riscv\" -Wall -Wno-unused -Wno-nonportable-include-path -g -O2 -fPIC -std=c++2a -g -O2   -iquote . -I.. -iquote ../fesvr -iquote ../riscv -iquote ../disasm -iquote ../customext -iquote ../fdt -iquote ../softfloat -iquote ../spike_main -iquote ../spike_dasm   -fPIC -I../fdt -c fnmadd_q.cc
g++ -MMD -MP  -DPREFIX=\"/work/riscv\" -Wall -Wno-unused -Wno-nonportable-include-path -g -O2 -fPIC -std=c++2a -g -O2   -iquote . -I.. -iquote ../fesvr -iquote ../riscv -iquote ../disasm -iquote ../customext -iquote ../fdt -iquote ../softfloat -iquote ../spike_main -iquote ../spike_dasm   -fPIC -I../fdt -c fnmsub_q.cc
g++ -MMD -MP  -DPREFIX=\"/work/riscv\" -Wall -Wno-unused -Wno-nonportable-include-path -g -O2 -fPIC -std=c++2a -g -O2   -iquote . -I.. -iquote ../fesvr -iquote ../riscv -iquote ../disasm -iquote ../customext -iquote ../fdt -iquote ../softfloat -iquote ../spike_main -iquote ../spike_dasm   -fPIC -I../fdt -c fsgnj_q.cc
g++ -MMD -MP  -DPREFIX=\"/work/riscv\" -Wall -Wno-unused -Wno-nonportable-include-path -g -O2 -fPIC -std=c++2a -g -O2   -iquote . -I.. -iquote ../fesvr -iquote ../riscv -iquote ../disasm -iquote ../customext -iquote ../fdt -iquote ../softfloat -iquote ../spike_main -iquote ../spike_dasm   -fPIC -I../fdt -c fsgnjn_q.cc
g++ -MMD -MP  -DPREFIX=\"/work/riscv\" -Wall -Wno-unused -Wno-nonportable-include-path -g -O2 -fPIC -std=c++2a -g -O2   -iquote . -I.. -iquote ../fesvr -iquote ../riscv -iquote ../disasm -iquote ../customext -iquote ../fdt -iquote ../softfloat -iquote ../spike_main -iquote ../spike_dasm   -fPIC -I../fdt -c fsgnjx_q.cc
g++ -MMD -MP  -DPREFIX=\"/work/riscv\" -Wall -Wno-unused -Wno-nonportable-include-path -g -O2 -fPIC -std=c++2a -g -O2   -iquote . -I.. -iquote ../fesvr -iquote ../riscv -iquote ../disasm -iquote ../customext -iquote ../fdt -iquote ../softfloat -iquote ../spike_main -iquote ../spike_dasm   -fPIC -I../fdt -c fsq.cc
g++ -MMD -MP  -DPREFIX=\"/work/riscv\" -Wall -Wno-unused -Wno-nonportable-include-path -g -O2 -fPIC -std=c++2a -g -O2   -iquote . -I.. -iquote ../fesvr -iquote ../riscv -iquote ../disasm -iquote ../customext -iquote ../fdt -iquote ../softfloat -iquote ../spike_main -iquote ../spike_dasm   -fPIC -I../fdt -c fsqrt_q.cc
g++ -MMD -MP  -DPREFIX=\"/work/riscv\" -Wall -Wno-unused -Wno-nonportable-include-path -g -O2 -fPIC -std=c++2a -g -O2   -iquote . -I.. -iquote ../fesvr -iquote ../riscv -iquote ../disasm -iquote ../customext -iquote ../fdt -iquote ../softfloat -iquote ../spike_main -iquote ../spike_dasm   -fPIC -I../fdt -c fsub_q.cc
g++ -MMD -MP  -DPREFIX=\"/work/riscv\" -Wall -Wno-unused -Wno-nonportable-include-path -g -O2 -fPIC -std=c++2a -g -O2   -iquote . -I.. -iquote ../fesvr -iquote ../riscv -iquote ../disasm -iquote ../customext -iquote ../fdt -iquote ../softfloat -iquote ../spike_main -iquote ../spike_dasm   -fPIC -I../fdt -c fli_q.cc
g++ -MMD -MP  -DPREFIX=\"/work/riscv\" -Wall -Wno-unused -Wno-nonportable-include-path -g -O2 -fPIC -std=c++2a -g -O2   -iquote . -I.. -iquote ../fesvr -iquote ../riscv -iquote ../disasm -iquote ../customext -iquote ../fdt -iquote ../softfloat -iquote ../spike_main -iquote ../spike_dasm   -fPIC -I../fdt -c fmaxm_q.cc
g++ -MMD -MP  -DPREFIX=\"/work/riscv\" -Wall -Wno-unused -Wno-nonportable-include-path -g -O2 -fPIC -std=c++2a -g -O2   -iquote . -I.. -iquote ../fesvr -iquote ../riscv -iquote ../disasm -iquote ../customext -iquote ../fdt -iquote ../softfloat -iquote ../spike_main -iquote ../spike_dasm   -fPIC -I../fdt -c fminm_q.cc
g++ -MMD -MP  -DPREFIX=\"/work/riscv\" -Wall -Wno-unused -Wno-nonportable-include-path -g -O2 -fPIC -std=c++2a -g -O2   -iquote . -I.. -iquote ../fesvr -iquote ../riscv -iquote ../disasm -iquote ../customext -iquote ../fdt -iquote ../softfloat -iquote ../spike_main -iquote ../spike_dasm   -fPIC -I../fdt -c fround_q.cc
g++ -MMD -MP  -DPREFIX=\"/work/riscv\" -Wall -Wno-unused -Wno-nonportable-include-path -g -O2 -fPIC -std=c++2a -g -O2   -iquote . -I.. -iquote ../fesvr -iquote ../riscv -iquote ../disasm -iquote ../customext -iquote ../fdt -iquote ../softfloat -iquote ../spike_main -iquote ../spike_dasm   -fPIC -I../fdt -c froundnx_q.cc
g++ -MMD -MP  -DPREFIX=\"/work/riscv\" -Wall -Wno-unused -Wno-nonportable-include-path -g -O2 -fPIC -std=c++2a -g -O2   -iquote . -I.. -iquote ../fesvr -iquote ../riscv -iquote ../disasm -iquote ../customext -iquote ../fdt -iquote ../softfloat -iquote ../spike_main -iquote ../spike_dasm   -fPIC -I../fdt -c fmvh_x_q.cc
g++ -MMD -MP  -DPREFIX=\"/work/riscv\" -Wall -Wno-unused -Wno-nonportable-include-path -g -O2 -fPIC -std=c++2a -g -O2   -iquote . -I.. -iquote ../fesvr -iquote ../riscv -iquote ../disasm -iquote ../customext -iquote ../fdt -iquote ../softfloat -iquote ../spike_main -iquote ../spike_dasm   -fPIC -I../fdt -c fmvp_q_x.cc
g++ -MMD -MP  -DPREFIX=\"/work/riscv\" -Wall -Wno-unused -Wno-nonportable-include-path -g -O2 -fPIC -std=c++2a -g -O2   -iquote . -I.. -iquote ../fesvr -iquote ../riscv -iquote ../disasm -iquote ../customext -iquote ../fdt -iquote ../softfloat -iquote ../spike_main -iquote ../spike_dasm   -fPIC -I../fdt -c fleq_q.cc
g++ -MMD -MP  -DPREFIX=\"/work/riscv\" -Wall -Wno-unused -Wno-nonportable-include-path -g -O2 -fPIC -std=c++2a -g -O2   -iquote . -I.. -iquote ../fesvr -iquote ../riscv -iquote ../disasm -iquote ../customext -iquote ../fdt -iquote ../softfloat -iquote ../spike_main -iquote ../spike_dasm   -fPIC -I../fdt -c fltq_q.cc
g++ -MMD -MP  -DPREFIX=\"/work/riscv\" -Wall -Wno-unused -Wno-nonportable-include-path -g -O2 -fPIC -std=c++2a -g -O2   -iquote . -I.. -iquote ../fesvr -iquote ../riscv -iquote ../disasm -iquote ../customext -iquote ../fdt -iquote ../softfloat -iquote ../spike_main -iquote ../spike_dasm   -fPIC -I../fdt -c amocas_w.cc
g++ -MMD -MP  -DPREFIX=\"/work/riscv\" -Wall -Wno-unused -Wno-nonportable-include-path -g -O2 -fPIC -std=c++2a -g -O2   -iquote . -I.. -iquote ../fesvr -iquote ../riscv -iquote ../disasm -iquote ../customext -iquote ../fdt -iquote ../softfloat -iquote ../spike_main -iquote ../spike_dasm   -fPIC -I../fdt -c amocas_d.cc
g++ -MMD -MP  -DPREFIX=\"/work/riscv\" -Wall -Wno-unused -Wno-nonportable-include-path -g -O2 -fPIC -std=c++2a -g -O2   -iquote . -I.. -iquote ../fesvr -iquote ../riscv -iquote ../disasm -iquote ../customext -iquote ../fdt -iquote ../softfloat -iquote ../spike_main -iquote ../spike_dasm   -fPIC -I../fdt -c amocas_q.cc
g++ -MMD -MP  -DPREFIX=\"/work/riscv\" -Wall -Wno-unused -Wno-nonportable-include-path -g -O2 -fPIC -std=c++2a -g -O2   -iquote . -I.. -iquote ../fesvr -iquote ../riscv -iquote ../disasm -iquote ../customext -iquote ../fdt -iquote ../softfloat -iquote ../spike_main -iquote ../spike_dasm   -fPIC -I../fdt -c amoadd_b.cc
g++ -MMD -MP  -DPREFIX=\"/work/riscv\" -Wall -Wno-unused -Wno-nonportable-include-path -g -O2 -fPIC -std=c++2a -g -O2   -iquote . -I.. -iquote ../fesvr -iquote ../riscv -iquote ../disasm -iquote ../customext -iquote ../fdt -iquote ../softfloat -iquote ../spike_main -iquote ../spike_dasm   -fPIC -I../fdt -c amoand_b.cc
g++ -MMD -MP  -DPREFIX=\"/work/riscv\" -Wall -Wno-unused -Wno-nonportable-include-path -g -O2 -fPIC -std=c++2a -g -O2   -iquote . -I.. -iquote ../fesvr -iquote ../riscv -iquote ../disasm -iquote ../customext -iquote ../fdt -iquote ../softfloat -iquote ../spike_main -iquote ../spike_dasm   -fPIC -I../fdt -c amomax_b.cc
g++ -MMD -MP  -DPREFIX=\"/work/riscv\" -Wall -Wno-unused -Wno-nonportable-include-path -g -O2 -fPIC -std=c++2a -g -O2   -iquote . -I.. -iquote ../fesvr -iquote ../riscv -iquote ../disasm -iquote ../customext -iquote ../fdt -iquote ../softfloat -iquote ../spike_main -iquote ../spike_dasm   -fPIC -I../fdt -c amomaxu_b.cc
g++ -MMD -MP  -DPREFIX=\"/work/riscv\" -Wall -Wno-unused -Wno-nonportable-include-path -g -O2 -fPIC -std=c++2a -g -O2   -iquote . -I.. -iquote ../fesvr -iquote ../riscv -iquote ../disasm -iquote ../customext -iquote ../fdt -iquote ../softfloat -iquote ../spike_main -iquote ../spike_dasm   -fPIC -I../fdt -c amomin_b.cc
g++ -MMD -MP  -DPREFIX=\"/work/riscv\" -Wall -Wno-unused -Wno-nonportable-include-path -g -O2 -fPIC -std=c++2a -g -O2   -iquote . -I.. -iquote ../fesvr -iquote ../riscv -iquote ../disasm -iquote ../customext -iquote ../fdt -iquote ../softfloat -iquote ../spike_main -iquote ../spike_dasm   -fPIC -I../fdt -c amominu_b.cc
g++ -MMD -MP  -DPREFIX=\"/work/riscv\" -Wall -Wno-unused -Wno-nonportable-include-path -g -O2 -fPIC -std=c++2a -g -O2   -iquote . -I.. -iquote ../fesvr -iquote ../riscv -iquote ../disasm -iquote ../customext -iquote ../fdt -iquote ../softfloat -iquote ../spike_main -iquote ../spike_dasm   -fPIC -I../fdt -c amoor_b.cc
g++ -MMD -MP  -DPREFIX=\"/work/riscv\" -Wall -Wno-unused -Wno-nonportable-include-path -g -O2 -fPIC -std=c++2a -g -O2   -iquote . -I.. -iquote ../fesvr -iquote ../riscv -iquote ../disasm -iquote ../customext -iquote ../fdt -iquote ../softfloat -iquote ../spike_main -iquote ../spike_dasm   -fPIC -I../fdt -c amoswap_b.cc
g++ -MMD -MP  -DPREFIX=\"/work/riscv\" -Wall -Wno-unused -Wno-nonportable-include-path -g -O2 -fPIC -std=c++2a -g -O2   -iquote . -I.. -iquote ../fesvr -iquote ../riscv -iquote ../disasm -iquote ../customext -iquote ../fdt -iquote ../softfloat -iquote ../spike_main -iquote ../spike_dasm   -fPIC -I../fdt -c amoxor_b.cc
g++ -MMD -MP  -DPREFIX=\"/work/riscv\" -Wall -Wno-unused -Wno-nonportable-include-path -g -O2 -fPIC -std=c++2a -g -O2   -iquote . -I.. -iquote ../fesvr -iquote ../riscv -iquote ../disasm -iquote ../customext -iquote ../fdt -iquote ../softfloat -iquote ../spike_main -iquote ../spike_dasm   -fPIC -I../fdt -c amocas_b.cc
g++ -MMD -MP  -DPREFIX=\"/work/riscv\" -Wall -Wno-unused -Wno-nonportable-include-path -g -O2 -fPIC -std=c++2a -g -O2   -iquote . -I.. -iquote ../fesvr -iquote ../riscv -iquote ../disasm -iquote ../customext -iquote ../fdt -iquote ../softfloat -iquote ../spike_main -iquote ../spike_dasm   -fPIC -I../fdt -c amoadd_h.cc
g++ -MMD -MP  -DPREFIX=\"/work/riscv\" -Wall -Wno-unused -Wno-nonportable-include-path -g -O2 -fPIC -std=c++2a -g -O2   -iquote . -I.. -iquote ../fesvr -iquote ../riscv -iquote ../disasm -iquote ../customext -iquote ../fdt -iquote ../softfloat -iquote ../spike_main -iquote ../spike_dasm   -fPIC -I../fdt -c amoand_h.cc
g++ -MMD -MP  -DPREFIX=\"/work/riscv\" -Wall -Wno-unused -Wno-nonportable-include-path -g -O2 -fPIC -std=c++2a -g -O2   -iquote . -I.. -iquote ../fesvr -iquote ../riscv -iquote ../disasm -iquote ../customext -iquote ../fdt -iquote ../softfloat -iquote ../spike_main -iquote ../spike_dasm   -fPIC -I../fdt -c amomax_h.cc
g++ -MMD -MP  -DPREFIX=\"/work/riscv\" -Wall -Wno-unused -Wno-nonportable-include-path -g -O2 -fPIC -std=c++2a -g -O2   -iquote . -I.. -iquote ../fesvr -iquote ../riscv -iquote ../disasm -iquote ../customext -iquote ../fdt -iquote ../softfloat -iquote ../spike_main -iquote ../spike_dasm   -fPIC -I../fdt -c amomaxu_h.cc
g++ -MMD -MP  -DPREFIX=\"/work/riscv\" -Wall -Wno-unused -Wno-nonportable-include-path -g -O2 -fPIC -std=c++2a -g -O2   -iquote . -I.. -iquote ../fesvr -iquote ../riscv -iquote ../disasm -iquote ../customext -iquote ../fdt -iquote ../softfloat -iquote ../spike_main -iquote ../spike_dasm   -fPIC -I../fdt -c amomin_h.cc
g++ -MMD -MP  -DPREFIX=\"/work/riscv\" -Wall -Wno-unused -Wno-nonportable-include-path -g -O2 -fPIC -std=c++2a -g -O2   -iquote . -I.. -iquote ../fesvr -iquote ../riscv -iquote ../disasm -iquote ../customext -iquote ../fdt -iquote ../softfloat -iquote ../spike_main -iquote ../spike_dasm   -fPIC -I../fdt -c amominu_h.cc
g++ -MMD -MP  -DPREFIX=\"/work/riscv\" -Wall -Wno-unused -Wno-nonportable-include-path -g -O2 -fPIC -std=c++2a -g -O2   -iquote . -I.. -iquote ../fesvr -iquote ../riscv -iquote ../disasm -iquote ../customext -iquote ../fdt -iquote ../softfloat -iquote ../spike_main -iquote ../spike_dasm   -fPIC -I../fdt -c amoor_h.cc
g++ -MMD -MP  -DPREFIX=\"/work/riscv\" -Wall -Wno-unused -Wno-nonportable-include-path -g -O2 -fPIC -std=c++2a -g -O2   -iquote . -I.. -iquote ../fesvr -iquote ../riscv -iquote ../disasm -iquote ../customext -iquote ../fdt -iquote ../softfloat -iquote ../spike_main -iquote ../spike_dasm   -fPIC -I../fdt -c amoswap_h.cc
g++ -MMD -MP  -DPREFIX=\"/work/riscv\" -Wall -Wno-unused -Wno-nonportable-include-path -g -O2 -fPIC -std=c++2a -g -O2   -iquote . -I.. -iquote ../fesvr -iquote ../riscv -iquote ../disasm -iquote ../customext -iquote ../fdt -iquote ../softfloat -iquote ../spike_main -iquote ../spike_dasm   -fPIC -I../fdt -c amoxor_h.cc
g++ -MMD -MP  -DPREFIX=\"/work/riscv\" -Wall -Wno-unused -Wno-nonportable-include-path -g -O2 -fPIC -std=c++2a -g -O2   -iquote . -I.. -iquote ../fesvr -iquote ../riscv -iquote ../disasm -iquote ../customext -iquote ../fdt -iquote ../softfloat -iquote ../spike_main -iquote ../spike_dasm   -fPIC -I../fdt -c amocas_h.cc
g++ -MMD -MP  -DPREFIX=\"/work/riscv\" -Wall -Wno-unused -Wno-nonportable-include-path -g -O2 -fPIC -std=c++2a -g -O2   -iquote . -I.. -iquote ../fesvr -iquote ../riscv -iquote ../disasm -iquote ../customext -iquote ../fdt -iquote ../softfloat -iquote ../spike_main -iquote ../spike_dasm   -fPIC -I../fdt -c wrs_sto.cc
g++ -MMD -MP  -DPREFIX=\"/work/riscv\" -Wall -Wno-unused -Wno-nonportable-include-path -g -O2 -fPIC -std=c++2a -g -O2   -iquote . -I.. -iquote ../fesvr -iquote ../riscv -iquote ../disasm -iquote ../customext -iquote ../fdt -iquote ../softfloat -iquote ../spike_main -iquote ../spike_dasm   -fPIC -I../fdt -c wrs_nto.cc
g++ -MMD -MP  -DPREFIX=\"/work/riscv\" -Wall -Wno-unused -Wno-nonportable-include-path -g -O2 -fPIC -std=c++2a -g -O2   -iquote . -I.. -iquote ../fesvr -iquote ../riscv -iquote ../disasm -iquote ../customext -iquote ../fdt -iquote ../softfloat -iquote ../spike_main -iquote ../spike_dasm   -fPIC -I../fdt -c lb_aq.cc
g++ -MMD -MP  -DPREFIX=\"/work/riscv\" -Wall -Wno-unused -Wno-nonportable-include-path -g -O2 -fPIC -std=c++2a -g -O2   -iquote . -I.. -iquote ../fesvr -iquote ../riscv -iquote ../disasm -iquote ../customext -iquote ../fdt -iquote ../softfloat -iquote ../spike_main -iquote ../spike_dasm   -fPIC -I../fdt -c lh_aq.cc
g++ -MMD -MP  -DPREFIX=\"/work/riscv\" -Wall -Wno-unused -Wno-nonportable-include-path -g -O2 -fPIC -std=c++2a -g -O2   -iquote . -I.. -iquote ../fesvr -iquote ../riscv -iquote ../disasm -iquote ../customext -iquote ../fdt -iquote ../softfloat -iquote ../spike_main -iquote ../spike_dasm   -fPIC -I../fdt -c lw_aq.cc
g++ -MMD -MP  -DPREFIX=\"/work/riscv\" -Wall -Wno-unused -Wno-nonportable-include-path -g -O2 -fPIC -std=c++2a -g -O2   -iquote . -I.. -iquote ../fesvr -iquote ../riscv -iquote ../disasm -iquote ../customext -iquote ../fdt -iquote ../softfloat -iquote ../spike_main -iquote ../spike_dasm   -fPIC -I../fdt -c ld_aq.cc
g++ -MMD -MP  -DPREFIX=\"/work/riscv\" -Wall -Wno-unused -Wno-nonportable-include-path -g -O2 -fPIC -std=c++2a -g -O2   -iquote . -I.. -iquote ../fesvr -iquote ../riscv -iquote ../disasm -iquote ../customext -iquote ../fdt -iquote ../softfloat -iquote ../spike_main -iquote ../spike_dasm   -fPIC -I../fdt -c sb_rl.cc
g++ -MMD -MP  -DPREFIX=\"/work/riscv\" -Wall -Wno-unused -Wno-nonportable-include-path -g -O2 -fPIC -std=c++2a -g -O2   -iquote . -I.. -iquote ../fesvr -iquote ../riscv -iquote ../disasm -iquote ../customext -iquote ../fdt -iquote ../softfloat -iquote ../spike_main -iquote ../spike_dasm   -fPIC -I../fdt -c sh_rl.cc
g++ -MMD -MP  -DPREFIX=\"/work/riscv\" -Wall -Wno-unused -Wno-nonportable-include-path -g -O2 -fPIC -std=c++2a -g -O2   -iquote . -I.. -iquote ../fesvr -iquote ../riscv -iquote ../disasm -iquote ../customext -iquote ../fdt -iquote ../softfloat -iquote ../spike_main -iquote ../spike_dasm   -fPIC -I../fdt -c sw_rl.cc
g++ -MMD -MP  -DPREFIX=\"/work/riscv\" -Wall -Wno-unused -Wno-nonportable-include-path -g -O2 -fPIC -std=c++2a -g -O2   -iquote . -I.. -iquote ../fesvr -iquote ../riscv -iquote ../disasm -iquote ../customext -iquote ../fdt -iquote ../softfloat -iquote ../spike_main -iquote ../spike_dasm   -fPIC -I../fdt -c sd_rl.cc
g++ -MMD -MP  -DPREFIX=\"/work/riscv\" -Wall -Wno-unused -Wno-nonportable-include-path -g -O2 -fPIC -std=c++2a -g -O2   -iquote . -I.. -iquote ../fesvr -iquote ../riscv -iquote ../disasm -iquote ../customext -iquote ../fdt -iquote ../softfloat -iquote ../spike_main -iquote ../spike_dasm   -fPIC -I../fdt -c c_zext_b.cc
g++ -MMD -MP  -DPREFIX=\"/work/riscv\" -Wall -Wno-unused -Wno-nonportable-include-path -g -O2 -fPIC -std=c++2a -g -O2   -iquote . -I.. -iquote ../fesvr -iquote ../riscv -iquote ../disasm -iquote ../customext -iquote ../fdt -iquote ../softfloat -iquote ../spike_main -iquote ../spike_dasm   -fPIC -I../fdt -c c_zext_h.cc
g++ -MMD -MP  -DPREFIX=\"/work/riscv\" -Wall -Wno-unused -Wno-nonportable-include-path -g -O2 -fPIC -std=c++2a -g -O2   -iquote . -I.. -iquote ../fesvr -iquote ../riscv -iquote ../disasm -iquote ../customext -iquote ../fdt -iquote ../softfloat -iquote ../spike_main -iquote ../spike_dasm   -fPIC -I../fdt -c c_zext_w.cc
g++ -MMD -MP  -DPREFIX=\"/work/riscv\" -Wall -Wno-unused -Wno-nonportable-include-path -g -O2 -fPIC -std=c++2a -g -O2   -iquote . -I.. -iquote ../fesvr -iquote ../riscv -iquote ../disasm -iquote ../customext -iquote ../fdt -iquote ../softfloat -iquote ../spike_main -iquote ../spike_dasm   -fPIC -I../fdt -c c_sext_b.cc
g++ -MMD -MP  -DPREFIX=\"/work/riscv\" -Wall -Wno-unused -Wno-nonportable-include-path -g -O2 -fPIC -std=c++2a -g -O2   -iquote . -I.. -iquote ../fesvr -iquote ../riscv -iquote ../disasm -iquote ../customext -iquote ../fdt -iquote ../softfloat -iquote ../spike_main -iquote ../spike_dasm   -fPIC -I../fdt -c c_sext_h.cc
g++ -MMD -MP  -DPREFIX=\"/work/riscv\" -Wall -Wno-unused -Wno-nonportable-include-path -g -O2 -fPIC -std=c++2a -g -O2   -iquote . -I.. -iquote ../fesvr -iquote ../riscv -iquote ../disasm -iquote ../customext -iquote ../fdt -iquote ../softfloat -iquote ../spike_main -iquote ../spike_dasm   -fPIC -I../fdt -c c_not.cc
g++ -MMD -MP  -DPREFIX=\"/work/riscv\" -Wall -Wno-unused -Wno-nonportable-include-path -g -O2 -fPIC -std=c++2a -g -O2   -iquote . -I.. -iquote ../fesvr -iquote ../riscv -iquote ../disasm -iquote ../customext -iquote ../fdt -iquote ../softfloat -iquote ../spike_main -iquote ../spike_dasm   -fPIC -I../fdt -c c_mul.cc
g++ -MMD -MP  -DPREFIX=\"/work/riscv\" -Wall -Wno-unused -Wno-nonportable-include-path -g -O2 -fPIC -std=c++2a -g -O2   -iquote . -I.. -iquote ../fesvr -iquote ../riscv -iquote ../disasm -iquote ../customext -iquote ../fdt -iquote ../softfloat -iquote ../spike_main -iquote ../spike_dasm   -fPIC -I../fdt -c c_lbu.cc
g++ -MMD -MP  -DPREFIX=\"/work/riscv\" -Wall -Wno-unused -Wno-nonportable-include-path -g -O2 -fPIC -std=c++2a -g -O2   -iquote . -I.. -iquote ../fesvr -iquote ../riscv -iquote ../disasm -iquote ../customext -iquote ../fdt -iquote ../softfloat -iquote ../spike_main -iquote ../spike_dasm   -fPIC -I../fdt -c c_lhu.cc
g++ -MMD -MP  -DPREFIX=\"/work/riscv\" -Wall -Wno-unused -Wno-nonportable-include-path -g -O2 -fPIC -std=c++2a -g -O2   -iquote . -I.. -iquote ../fesvr -iquote ../riscv -iquote ../disasm -iquote ../customext -iquote ../fdt -iquote ../softfloat -iquote ../spike_main -iquote ../spike_dasm   -fPIC -I../fdt -c c_lh.cc
g++ -MMD -MP  -DPREFIX=\"/work/riscv\" -Wall -Wno-unused -Wno-nonportable-include-path -g -O2 -fPIC -std=c++2a -g -O2   -iquote . -I.. -iquote ../fesvr -iquote ../riscv -iquote ../disasm -iquote ../customext -iquote ../fdt -iquote ../softfloat -iquote ../spike_main -iquote ../spike_dasm   -fPIC -I../fdt -c c_sb.cc
g++ -MMD -MP  -DPREFIX=\"/work/riscv\" -Wall -Wno-unused -Wno-nonportable-include-path -g -O2 -fPIC -std=c++2a -g -O2   -iquote . -I.. -iquote ../fesvr -iquote ../riscv -iquote ../disasm -iquote ../customext -iquote ../fdt -iquote ../softfloat -iquote ../spike_main -iquote ../spike_dasm   -fPIC -I../fdt -c c_sh.cc
g++ -MMD -MP  -DPREFIX=\"/work/riscv\" -Wall -Wno-unused -Wno-nonportable-include-path -g -O2 -fPIC -std=c++2a -g -O2   -iquote . -I.. -iquote ../fesvr -iquote ../riscv -iquote ../disasm -iquote ../customext -iquote ../fdt -iquote ../softfloat -iquote ../spike_main -iquote ../spike_dasm   -fPIC -I../fdt -c cm_push.cc
g++ -MMD -MP  -DPREFIX=\"/work/riscv\" -Wall -Wno-unused -Wno-nonportable-include-path -g -O2 -fPIC -std=c++2a -g -O2   -iquote . -I.. -iquote ../fesvr -iquote ../riscv -iquote ../disasm -iquote ../customext -iquote ../fdt -iquote ../softfloat -iquote ../spike_main -iquote ../spike_dasm   -fPIC -I../fdt -c cm_pop.cc
g++ -MMD -MP  -DPREFIX=\"/work/riscv\" -Wall -Wno-unused -Wno-nonportable-include-path -g -O2 -fPIC -std=c++2a -g -O2   -iquote . -I.. -iquote ../fesvr -iquote ../riscv -iquote ../disasm -iquote ../customext -iquote ../fdt -iquote ../softfloat -iquote ../spike_main -iquote ../spike_dasm   -fPIC -I../fdt -c cm_popret.cc
g++ -MMD -MP  -DPREFIX=\"/work/riscv\" -Wall -Wno-unused -Wno-nonportable-include-path -g -O2 -fPIC -std=c++2a -g -O2   -iquote . -I.. -iquote ../fesvr -iquote ../riscv -iquote ../disasm -iquote ../customext -iquote ../fdt -iquote ../softfloat -iquote ../spike_main -iquote ../spike_dasm   -fPIC -I../fdt -c cm_popretz.cc
g++ -MMD -MP  -DPREFIX=\"/work/riscv\" -Wall -Wno-unused -Wno-nonportable-include-path -g -O2 -fPIC -std=c++2a -g -O2   -iquote . -I.. -iquote ../fesvr -iquote ../riscv -iquote ../disasm -iquote ../customext -iquote ../fdt -iquote ../softfloat -iquote ../spike_main -iquote ../spike_dasm   -fPIC -I../fdt -c cm_mva01s.cc
g++ -MMD -MP  -DPREFIX=\"/work/riscv\" -Wall -Wno-unused -Wno-nonportable-include-path -g -O2 -fPIC -std=c++2a -g -O2   -iquote . -I.. -iquote ../fesvr -iquote ../riscv -iquote ../disasm -iquote ../customext -iquote ../fdt -iquote ../softfloat -iquote ../spike_main -iquote ../spike_dasm   -fPIC -I../fdt -c cm_mvsa01.cc
g++ -MMD -MP  -DPREFIX=\"/work/riscv\" -Wall -Wno-unused -Wno-nonportable-include-path -g -O2 -fPIC -std=c++2a -g -O2   -iquote . -I.. -iquote ../fesvr -iquote ../riscv -iquote ../disasm -iquote ../customext -iquote ../fdt -iquote ../softfloat -iquote ../spike_main -iquote ../spike_dasm   -fPIC -I../fdt -c cm_jalt.cc
g++ -MMD -MP  -DPREFIX=\"/work/riscv\" -Wall -Wno-unused -Wno-nonportable-include-path -g -O2 -fPIC -std=c++2a -g -O2   -iquote . -I.. -iquote ../fesvr -iquote ../riscv -iquote ../disasm -iquote ../customext -iquote ../fdt -iquote ../softfloat -iquote ../spike_main -iquote ../spike_dasm   -fPIC -I../fdt -c fadd_h.cc
g++ -MMD -MP  -DPREFIX=\"/work/riscv\" -Wall -Wno-unused -Wno-nonportable-include-path -g -O2 -fPIC -std=c++2a -g -O2   -iquote . -I.. -iquote ../fesvr -iquote ../riscv -iquote ../disasm -iquote ../customext -iquote ../fdt -iquote ../softfloat -iquote ../spike_main -iquote ../spike_dasm   -fPIC -I../fdt -c fclass_h.cc
g++ -MMD -MP  -DPREFIX=\"/work/riscv\" -Wall -Wno-unused -Wno-nonportable-include-path -g -O2 -fPIC -std=c++2a -g -O2   -iquote . -I.. -iquote ../fesvr -iquote ../riscv -iquote ../disasm -iquote ../customext -iquote ../fdt -iquote ../softfloat -iquote ../spike_main -iquote ../spike_dasm   -fPIC -I../fdt -c fcvt_l_h.cc
g++ -MMD -MP  -DPREFIX=\"/work/riscv\" -Wall -Wno-unused -Wno-nonportable-include-path -g -O2 -fPIC -std=c++2a -g -O2   -iquote . -I.. -iquote ../fesvr -iquote ../riscv -iquote ../disasm -iquote ../customext -iquote ../fdt -iquote ../softfloat -iquote ../spike_main -iquote ../spike_dasm   -fPIC -I../fdt -c fcvt_lu_h.cc
g++ -MMD -MP  -DPREFIX=\"/work/riscv\" -Wall -Wno-unused -Wno-nonportable-include-path -g -O2 -fPIC -std=c++2a -g -O2   -iquote . -I.. -iquote ../fesvr -iquote ../riscv -iquote ../disasm -iquote ../customext -iquote ../fdt -iquote ../softfloat -iquote ../spike_main -iquote ../spike_dasm   -fPIC -I../fdt -c fcvt_d_h.cc
g++ -MMD -MP  -DPREFIX=\"/work/riscv\" -Wall -Wno-unused -Wno-nonportable-include-path -g -O2 -fPIC -std=c++2a -g -O2   -iquote . -I.. -iquote ../fesvr -iquote ../riscv -iquote ../disasm -iquote ../customext -iquote ../fdt -iquote ../softfloat -iquote ../spike_main -iquote ../spike_dasm   -fPIC -I../fdt -c fcvt_h_d.cc
g++ -MMD -MP  -DPREFIX=\"/work/riscv\" -Wall -Wno-unused -Wno-nonportable-include-path -g -O2 -fPIC -std=c++2a -g -O2   -iquote . -I.. -iquote ../fesvr -iquote ../riscv -iquote ../disasm -iquote ../customext -iquote ../fdt -iquote ../softfloat -iquote ../spike_main -iquote ../spike_dasm   -fPIC -I../fdt -c fcvt_h_l.cc
g++ -MMD -MP  -DPREFIX=\"/work/riscv\" -Wall -Wno-unused -Wno-nonportable-include-path -g -O2 -fPIC -std=c++2a -g -O2   -iquote . -I.. -iquote ../fesvr -iquote ../riscv -iquote ../disasm -iquote ../customext -iquote ../fdt -iquote ../softfloat -iquote ../spike_main -iquote ../spike_dasm   -fPIC -I../fdt -c fcvt_h_lu.cc
g++ -MMD -MP  -DPREFIX=\"/work/riscv\" -Wall -Wno-unused -Wno-nonportable-include-path -g -O2 -fPIC -std=c++2a -g -O2   -iquote . -I.. -iquote ../fesvr -iquote ../riscv -iquote ../disasm -iquote ../customext -iquote ../fdt -iquote ../softfloat -iquote ../spike_main -iquote ../spike_dasm   -fPIC -I../fdt -c fcvt_h_q.cc
g++ -MMD -MP  -DPREFIX=\"/work/riscv\" -Wall -Wno-unused -Wno-nonportable-include-path -g -O2 -fPIC -std=c++2a -g -O2   -iquote . -I.. -iquote ../fesvr -iquote ../riscv -iquote ../disasm -iquote ../customext -iquote ../fdt -iquote ../softfloat -iquote ../spike_main -iquote ../spike_dasm   -fPIC -I../fdt -c fcvt_h_s.cc
g++ -MMD -MP  -DPREFIX=\"/work/riscv\" -Wall -Wno-unused -Wno-nonportable-include-path -g -O2 -fPIC -std=c++2a -g -O2   -iquote . -I.. -iquote ../fesvr -iquote ../riscv -iquote ../disasm -iquote ../customext -iquote ../fdt -iquote ../softfloat -iquote ../spike_main -iquote ../spike_dasm   -fPIC -I../fdt -c fcvt_h_w.cc
g++ -MMD -MP  -DPREFIX=\"/work/riscv\" -Wall -Wno-unused -Wno-nonportable-include-path -g -O2 -fPIC -std=c++2a -g -O2   -iquote . -I.. -iquote ../fesvr -iquote ../riscv -iquote ../disasm -iquote ../customext -iquote ../fdt -iquote ../softfloat -iquote ../spike_main -iquote ../spike_dasm   -fPIC -I../fdt -c fcvt_h_wu.cc
g++ -MMD -MP  -DPREFIX=\"/work/riscv\" -Wall -Wno-unused -Wno-nonportable-include-path -g -O2 -fPIC -std=c++2a -g -O2   -iquote . -I.. -iquote ../fesvr -iquote ../riscv -iquote ../disasm -iquote ../customext -iquote ../fdt -iquote ../softfloat -iquote ../spike_main -iquote ../spike_dasm   -fPIC -I../fdt -c fcvt_q_h.cc
g++ -MMD -MP  -DPREFIX=\"/work/riscv\" -Wall -Wno-unused -Wno-nonportable-include-path -g -O2 -fPIC -std=c++2a -g -O2   -iquote . -I.. -iquote ../fesvr -iquote ../riscv -iquote ../disasm -iquote ../customext -iquote ../fdt -iquote ../softfloat -iquote ../spike_main -iquote ../spike_dasm   -fPIC -I../fdt -c fcvt_s_h.cc
g++ -MMD -MP  -DPREFIX=\"/work/riscv\" -Wall -Wno-unused -Wno-nonportable-include-path -g -O2 -fPIC -std=c++2a -g -O2   -iquote . -I.. -iquote ../fesvr -iquote ../riscv -iquote ../disasm -iquote ../customext -iquote ../fdt -iquote ../softfloat -iquote ../spike_main -iquote ../spike_dasm   -fPIC -I../fdt -c fcvt_w_h.cc
g++ -MMD -MP  -DPREFIX=\"/work/riscv\" -Wall -Wno-unused -Wno-nonportable-include-path -g -O2 -fPIC -std=c++2a -g -O2   -iquote . -I.. -iquote ../fesvr -iquote ../riscv -iquote ../disasm -iquote ../customext -iquote ../fdt -iquote ../softfloat -iquote ../spike_main -iquote ../spike_dasm   -fPIC -I../fdt -c fcvt_wu_h.cc
g++ -MMD -MP  -DPREFIX=\"/work/riscv\" -Wall -Wno-unused -Wno-nonportable-include-path -g -O2 -fPIC -std=c++2a -g -O2   -iquote . -I.. -iquote ../fesvr -iquote ../riscv -iquote ../disasm -iquote ../customext -iquote ../fdt -iquote ../softfloat -iquote ../spike_main -iquote ../spike_dasm   -fPIC -I../fdt -c fdiv_h.cc
g++ -MMD -MP  -DPREFIX=\"/work/riscv\" -Wall -Wno-unused -Wno-nonportable-include-path -g -O2 -fPIC -std=c++2a -g -O2   -iquote . -I.. -iquote ../fesvr -iquote ../riscv -iquote ../disasm -iquote ../customext -iquote ../fdt -iquote ../softfloat -iquote ../spike_main -iquote ../spike_dasm   -fPIC -I../fdt -c feq_h.cc
g++ -MMD -MP  -DPREFIX=\"/work/riscv\" -Wall -Wno-unused -Wno-nonportable-include-path -g -O2 -fPIC -std=c++2a -g -O2   -iquote . -I.. -iquote ../fesvr -iquote ../riscv -iquote ../disasm -iquote ../customext -iquote ../fdt -iquote ../softfloat -iquote ../spike_main -iquote ../spike_dasm   -fPIC -I../fdt -c fle_h.cc
g++ -MMD -MP  -DPREFIX=\"/work/riscv\" -Wall -Wno-unused -Wno-nonportable-include-path -g -O2 -fPIC -std=c++2a -g -O2   -iquote . -I.. -iquote ../fesvr -iquote ../riscv -iquote ../disasm -iquote ../customext -iquote ../fdt -iquote ../softfloat -iquote ../spike_main -iquote ../spike_dasm   -fPIC -I../fdt -c flh.cc
g++ -MMD -MP  -DPREFIX=\"/work/riscv\" -Wall -Wno-unused -Wno-nonportable-include-path -g -O2 -fPIC -std=c++2a -g -O2   -iquote . -I.. -iquote ../fesvr -iquote ../riscv -iquote ../disasm -iquote ../customext -iquote ../fdt -iquote ../softfloat -iquote ../spike_main -iquote ../spike_dasm   -fPIC -I../fdt -c flt_h.cc
g++ -MMD -MP  -DPREFIX=\"/work/riscv\" -Wall -Wno-unused -Wno-nonportable-include-path -g -O2 -fPIC -std=c++2a -g -O2   -iquote . -I.. -iquote ../fesvr -iquote ../riscv -iquote ../disasm -iquote ../customext -iquote ../fdt -iquote ../softfloat -iquote ../spike_main -iquote ../spike_dasm   -fPIC -I../fdt -c fmadd_h.cc
g++ -MMD -MP  -DPREFIX=\"/work/riscv\" -Wall -Wno-unused -Wno-nonportable-include-path -g -O2 -fPIC -std=c++2a -g -O2   -iquote . -I.. -iquote ../fesvr -iquote ../riscv -iquote ../disasm -iquote ../customext -iquote ../fdt -iquote ../softfloat -iquote ../spike_main -iquote ../spike_dasm   -fPIC -I../fdt -c fmax_h.cc
g++ -MMD -MP  -DPREFIX=\"/work/riscv\" -Wall -Wno-unused -Wno-nonportable-include-path -g -O2 -fPIC -std=c++2a -g -O2   -iquote . -I.. -iquote ../fesvr -iquote ../riscv -iquote ../disasm -iquote ../customext -iquote ../fdt -iquote ../softfloat -iquote ../spike_main -iquote ../spike_dasm   -fPIC -I../fdt -c fmin_h.cc
g++ -MMD -MP  -DPREFIX=\"/work/riscv\" -Wall -Wno-unused -Wno-nonportable-include-path -g -O2 -fPIC -std=c++2a -g -O2   -iquote . -I.. -iquote ../fesvr -iquote ../riscv -iquote ../disasm -iquote ../customext -iquote ../fdt -iquote ../softfloat -iquote ../spike_main -iquote ../spike_dasm   -fPIC -I../fdt -c fmsub_h.cc
g++ -MMD -MP  -DPREFIX=\"/work/riscv\" -Wall -Wno-unused -Wno-nonportable-include-path -g -O2 -fPIC -std=c++2a -g -O2   -iquote . -I.. -iquote ../fesvr -iquote ../riscv -iquote ../disasm -iquote ../customext -iquote ../fdt -iquote ../softfloat -iquote ../spike_main -iquote ../spike_dasm   -fPIC -I../fdt -c fmul_h.cc
g++ -MMD -MP  -DPREFIX=\"/work/riscv\" -Wall -Wno-unused -Wno-nonportable-include-path -g -O2 -fPIC -std=c++2a -g -O2   -iquote . -I.. -iquote ../fesvr -iquote ../riscv -iquote ../disasm -iquote ../customext -iquote ../fdt -iquote ../softfloat -iquote ../spike_main -iquote ../spike_dasm   -fPIC -I../fdt -c fmv_h_x.cc
g++ -MMD -MP  -DPREFIX=\"/work/riscv\" -Wall -Wno-unused -Wno-nonportable-include-path -g -O2 -fPIC -std=c++2a -g -O2   -iquote . -I.. -iquote ../fesvr -iquote ../riscv -iquote ../disasm -iquote ../customext -iquote ../fdt -iquote ../softfloat -iquote ../spike_main -iquote ../spike_dasm   -fPIC -I../fdt -c fmv_x_h.cc
g++ -MMD -MP  -DPREFIX=\"/work/riscv\" -Wall -Wno-unused -Wno-nonportable-include-path -g -O2 -fPIC -std=c++2a -g -O2   -iquote . -I.. -iquote ../fesvr -iquote ../riscv -iquote ../disasm -iquote ../customext -iquote ../fdt -iquote ../softfloat -iquote ../spike_main -iquote ../spike_dasm   -fPIC -I../fdt -c fnmadd_h.cc
g++ -MMD -MP  -DPREFIX=\"/work/riscv\" -Wall -Wno-unused -Wno-nonportable-include-path -g -O2 -fPIC -std=c++2a -g -O2   -iquote . -I.. -iquote ../fesvr -iquote ../riscv -iquote ../disasm -iquote ../customext -iquote ../fdt -iquote ../softfloat -iquote ../spike_main -iquote ../spike_dasm   -fPIC -I../fdt -c fnmsub_h.cc
g++ -MMD -MP  -DPREFIX=\"/work/riscv\" -Wall -Wno-unused -Wno-nonportable-include-path -g -O2 -fPIC -std=c++2a -g -O2   -iquote . -I.. -iquote ../fesvr -iquote ../riscv -iquote ../disasm -iquote ../customext -iquote ../fdt -iquote ../softfloat -iquote ../spike_main -iquote ../spike_dasm   -fPIC -I../fdt -c fsgnj_h.cc
g++ -MMD -MP  -DPREFIX=\"/work/riscv\" -Wall -Wno-unused -Wno-nonportable-include-path -g -O2 -fPIC -std=c++2a -g -O2   -iquote . -I.. -iquote ../fesvr -iquote ../riscv -iquote ../disasm -iquote ../customext -iquote ../fdt -iquote ../softfloat -iquote ../spike_main -iquote ../spike_dasm   -fPIC -I../fdt -c fsgnjn_h.cc
g++ -MMD -MP  -DPREFIX=\"/work/riscv\" -Wall -Wno-unused -Wno-nonportable-include-path -g -O2 -fPIC -std=c++2a -g -O2   -iquote . -I.. -iquote ../fesvr -iquote ../riscv -iquote ../disasm -iquote ../customext -iquote ../fdt -iquote ../softfloat -iquote ../spike_main -iquote ../spike_dasm   -fPIC -I../fdt -c fsgnjx_h.cc
g++ -MMD -MP  -DPREFIX=\"/work/riscv\" -Wall -Wno-unused -Wno-nonportable-include-path -g -O2 -fPIC -std=c++2a -g -O2   -iquote . -I.. -iquote ../fesvr -iquote ../riscv -iquote ../disasm -iquote ../customext -iquote ../fdt -iquote ../softfloat -iquote ../spike_main -iquote ../spike_dasm   -fPIC -I../fdt -c fsh.cc
g++ -MMD -MP  -DPREFIX=\"/work/riscv\" -Wall -Wno-unused -Wno-nonportable-include-path -g -O2 -fPIC -std=c++2a -g -O2   -iquote . -I.. -iquote ../fesvr -iquote ../riscv -iquote ../disasm -iquote ../customext -iquote ../fdt -iquote ../softfloat -iquote ../spike_main -iquote ../spike_dasm   -fPIC -I../fdt -c fsqrt_h.cc
g++ -MMD -MP  -DPREFIX=\"/work/riscv\" -Wall -Wno-unused -Wno-nonportable-include-path -g -O2 -fPIC -std=c++2a -g -O2   -iquote . -I.. -iquote ../fesvr -iquote ../riscv -iquote ../disasm -iquote ../customext -iquote ../fdt -iquote ../softfloat -iquote ../spike_main -iquote ../spike_dasm   -fPIC -I../fdt -c fsub_h.cc
g++ -MMD -MP  -DPREFIX=\"/work/riscv\" -Wall -Wno-unused -Wno-nonportable-include-path -g -O2 -fPIC -std=c++2a -g -O2   -iquote . -I.. -iquote ../fesvr -iquote ../riscv -iquote ../disasm -iquote ../customext -iquote ../fdt -iquote ../softfloat -iquote ../spike_main -iquote ../spike_dasm   -fPIC -I../fdt -c fli_h.cc
g++ -MMD -MP  -DPREFIX=\"/work/riscv\" -Wall -Wno-unused -Wno-nonportable-include-path -g -O2 -fPIC -std=c++2a -g -O2   -iquote . -I.. -iquote ../fesvr -iquote ../riscv -iquote ../disasm -iquote ../customext -iquote ../fdt -iquote ../softfloat -iquote ../spike_main -iquote ../spike_dasm   -fPIC -I../fdt -c fmaxm_h.cc
g++ -MMD -MP  -DPREFIX=\"/work/riscv\" -Wall -Wno-unused -Wno-nonportable-include-path -g -O2 -fPIC -std=c++2a -g -O2   -iquote . -I.. -iquote ../fesvr -iquote ../riscv -iquote ../disasm -iquote ../customext -iquote ../fdt -iquote ../softfloat -iquote ../spike_main -iquote ../spike_dasm   -fPIC -I../fdt -c fminm_h.cc
g++ -MMD -MP  -DPREFIX=\"/work/riscv\" -Wall -Wno-unused -Wno-nonportable-include-path -g -O2 -fPIC -std=c++2a -g -O2   -iquote . -I.. -iquote ../fesvr -iquote ../riscv -iquote ../disasm -iquote ../customext -iquote ../fdt -iquote ../softfloat -iquote ../spike_main -iquote ../spike_dasm   -fPIC -I../fdt -c fround_h.cc
g++ -MMD -MP  -DPREFIX=\"/work/riscv\" -Wall -Wno-unused -Wno-nonportable-include-path -g -O2 -fPIC -std=c++2a -g -O2   -iquote . -I.. -iquote ../fesvr -iquote ../riscv -iquote ../disasm -iquote ../customext -iquote ../fdt -iquote ../softfloat -iquote ../spike_main -iquote ../spike_dasm   -fPIC -I../fdt -c froundnx_h.cc
g++ -MMD -MP  -DPREFIX=\"/work/riscv\" -Wall -Wno-unused -Wno-nonportable-include-path -g -O2 -fPIC -std=c++2a -g -O2   -iquote . -I.. -iquote ../fesvr -iquote ../riscv -iquote ../disasm -iquote ../customext -iquote ../fdt -iquote ../softfloat -iquote ../spike_main -iquote ../spike_dasm   -fPIC -I../fdt -c fleq_h.cc
g++ -MMD -MP  -DPREFIX=\"/work/riscv\" -Wall -Wno-unused -Wno-nonportable-include-path -g -O2 -fPIC -std=c++2a -g -O2   -iquote . -I.. -iquote ../fesvr -iquote ../riscv -iquote ../disasm -iquote ../customext -iquote ../fdt -iquote ../softfloat -iquote ../spike_main -iquote ../spike_dasm   -fPIC -I../fdt -c fltq_h.cc
g++ -MMD -MP  -DPREFIX=\"/work/riscv\" -Wall -Wno-unused -Wno-nonportable-include-path -g -O2 -fPIC -std=c++2a -g -O2   -iquote . -I.. -iquote ../fesvr -iquote ../riscv -iquote ../disasm -iquote ../customext -iquote ../fdt -iquote ../softfloat -iquote ../spike_main -iquote ../spike_dasm   -fPIC -I../fdt -c czero_eqz.cc
g++ -MMD -MP  -DPREFIX=\"/work/riscv\" -Wall -Wno-unused -Wno-nonportable-include-path -g -O2 -fPIC -std=c++2a -g -O2   -iquote . -I.. -iquote ../fesvr -iquote ../riscv -iquote ../disasm -iquote ../customext -iquote ../fdt -iquote ../softfloat -iquote ../spike_main -iquote ../spike_dasm   -fPIC -I../fdt -c czero_nez.cc
g++ -MMD -MP  -DPREFIX=\"/work/riscv\" -Wall -Wno-unused -Wno-nonportable-include-path -g -O2 -fPIC -std=c++2a -g -O2   -iquote . -I.. -iquote ../fesvr -iquote ../riscv -iquote ../disasm -iquote ../customext -iquote ../fdt -iquote ../softfloat -iquote ../spike_main -iquote ../spike_dasm   -fPIC -I../fdt -c vandn_vv.cc
g++ -MMD -MP  -DPREFIX=\"/work/riscv\" -Wall -Wno-unused -Wno-nonportable-include-path -g -O2 -fPIC -std=c++2a -g -O2   -iquote . -I.. -iquote ../fesvr -iquote ../riscv -iquote ../disasm -iquote ../customext -iquote ../fdt -iquote ../softfloat -iquote ../spike_main -iquote ../spike_dasm   -fPIC -I../fdt -c vandn_vx.cc
g++ -MMD -MP  -DPREFIX=\"/work/riscv\" -Wall -Wno-unused -Wno-nonportable-include-path -g -O2 -fPIC -std=c++2a -g -O2   -iquote . -I.. -iquote ../fesvr -iquote ../riscv -iquote ../disasm -iquote ../customext -iquote ../fdt -iquote ../softfloat -iquote ../spike_main -iquote ../spike_dasm   -fPIC -I../fdt -c vbrev8_v.cc
g++ -MMD -MP  -DPREFIX=\"/work/riscv\" -Wall -Wno-unused -Wno-nonportable-include-path -g -O2 -fPIC -std=c++2a -g -O2   -iquote . -I.. -iquote ../fesvr -iquote ../riscv -iquote ../disasm -iquote ../customext -iquote ../fdt -iquote ../softfloat -iquote ../spike_main -iquote ../spike_dasm   -fPIC -I../fdt -c vbrev_v.cc
g++ -MMD -MP  -DPREFIX=\"/work/riscv\" -Wall -Wno-unused -Wno-nonportable-include-path -g -O2 -fPIC -std=c++2a -g -O2   -iquote . -I.. -iquote ../fesvr -iquote ../riscv -iquote ../disasm -iquote ../customext -iquote ../fdt -iquote ../softfloat -iquote ../spike_main -iquote ../spike_dasm   -fPIC -I../fdt -c vclz_v.cc
g++ -MMD -MP  -DPREFIX=\"/work/riscv\" -Wall -Wno-unused -Wno-nonportable-include-path -g -O2 -fPIC -std=c++2a -g -O2   -iquote . -I.. -iquote ../fesvr -iquote ../riscv -iquote ../disasm -iquote ../customext -iquote ../fdt -iquote ../softfloat -iquote ../spike_main -iquote ../spike_dasm   -fPIC -I../fdt -c vcpop_v.cc
g++ -MMD -MP  -DPREFIX=\"/work/riscv\" -Wall -Wno-unused -Wno-nonportable-include-path -g -O2 -fPIC -std=c++2a -g -O2   -iquote . -I.. -iquote ../fesvr -iquote ../riscv -iquote ../disasm -iquote ../customext -iquote ../fdt -iquote ../softfloat -iquote ../spike_main -iquote ../spike_dasm   -fPIC -I../fdt -c vctz_v.cc
g++ -MMD -MP  -DPREFIX=\"/work/riscv\" -Wall -Wno-unused -Wno-nonportable-include-path -g -O2 -fPIC -std=c++2a -g -O2   -iquote . -I.. -iquote ../fesvr -iquote ../riscv -iquote ../disasm -iquote ../customext -iquote ../fdt -iquote ../softfloat -iquote ../spike_main -iquote ../spike_dasm   -fPIC -I../fdt -c vrev8_v.cc
g++ -MMD -MP  -DPREFIX=\"/work/riscv\" -Wall -Wno-unused -Wno-nonportable-include-path -g -O2 -fPIC -std=c++2a -g -O2   -iquote . -I.. -iquote ../fesvr -iquote ../riscv -iquote ../disasm -iquote ../customext -iquote ../fdt -iquote ../softfloat -iquote ../spike_main -iquote ../spike_dasm   -fPIC -I../fdt -c vrol_vv.cc
g++ -MMD -MP  -DPREFIX=\"/work/riscv\" -Wall -Wno-unused -Wno-nonportable-include-path -g -O2 -fPIC -std=c++2a -g -O2   -iquote . -I.. -iquote ../fesvr -iquote ../riscv -iquote ../disasm -iquote ../customext -iquote ../fdt -iquote ../softfloat -iquote ../spike_main -iquote ../spike_dasm   -fPIC -I../fdt -c vrol_vx.cc
g++ -MMD -MP  -DPREFIX=\"/work/riscv\" -Wall -Wno-unused -Wno-nonportable-include-path -g -O2 -fPIC -std=c++2a -g -O2   -iquote . -I.. -iquote ../fesvr -iquote ../riscv -iquote ../disasm -iquote ../customext -iquote ../fdt -iquote ../softfloat -iquote ../spike_main -iquote ../spike_dasm   -fPIC -I../fdt -c vror_vi.cc
g++ -MMD -MP  -DPREFIX=\"/work/riscv\" -Wall -Wno-unused -Wno-nonportable-include-path -g -O2 -fPIC -std=c++2a -g -O2   -iquote . -I.. -iquote ../fesvr -iquote ../riscv -iquote ../disasm -iquote ../customext -iquote ../fdt -iquote ../softfloat -iquote ../spike_main -iquote ../spike_dasm   -fPIC -I../fdt -c vror_vv.cc
g++ -MMD -MP  -DPREFIX=\"/work/riscv\" -Wall -Wno-unused -Wno-nonportable-include-path -g -O2 -fPIC -std=c++2a -g -O2   -iquote . -I.. -iquote ../fesvr -iquote ../riscv -iquote ../disasm -iquote ../customext -iquote ../fdt -iquote ../softfloat -iquote ../spike_main -iquote ../spike_dasm   -fPIC -I../fdt -c vror_vx.cc
g++ -MMD -MP  -DPREFIX=\"/work/riscv\" -Wall -Wno-unused -Wno-nonportable-include-path -g -O2 -fPIC -std=c++2a -g -O2   -iquote . -I.. -iquote ../fesvr -iquote ../riscv -iquote ../disasm -iquote ../customext -iquote ../fdt -iquote ../softfloat -iquote ../spike_main -iquote ../spike_dasm   -fPIC -I../fdt -c vwsll_vi.cc
g++ -MMD -MP  -DPREFIX=\"/work/riscv\" -Wall -Wno-unused -Wno-nonportable-include-path -g -O2 -fPIC -std=c++2a -g -O2   -iquote . -I.. -iquote ../fesvr -iquote ../riscv -iquote ../disasm -iquote ../customext -iquote ../fdt -iquote ../softfloat -iquote ../spike_main -iquote ../spike_dasm   -fPIC -I../fdt -c vwsll_vv.cc
g++ -MMD -MP  -DPREFIX=\"/work/riscv\" -Wall -Wno-unused -Wno-nonportable-include-path -g -O2 -fPIC -std=c++2a -g -O2   -iquote . -I.. -iquote ../fesvr -iquote ../riscv -iquote ../disasm -iquote ../customext -iquote ../fdt -iquote ../softfloat -iquote ../spike_main -iquote ../spike_dasm   -fPIC -I../fdt -c vwsll_vx.cc
g++ -MMD -MP  -DPREFIX=\"/work/riscv\" -Wall -Wno-unused -Wno-nonportable-include-path -g -O2 -fPIC -std=c++2a -g -O2   -iquote . -I.. -iquote ../fesvr -iquote ../riscv -iquote ../disasm -iquote ../customext -iquote ../fdt -iquote ../softfloat -iquote ../spike_main -iquote ../spike_dasm   -fPIC -I../fdt -c vclmul_vv.cc
g++ -MMD -MP  -DPREFIX=\"/work/riscv\" -Wall -Wno-unused -Wno-nonportable-include-path -g -O2 -fPIC -std=c++2a -g -O2   -iquote . -I.. -iquote ../fesvr -iquote ../riscv -iquote ../disasm -iquote ../customext -iquote ../fdt -iquote ../softfloat -iquote ../spike_main -iquote ../spike_dasm   -fPIC -I../fdt -c vclmul_vx.cc
g++ -MMD -MP  -DPREFIX=\"/work/riscv\" -Wall -Wno-unused -Wno-nonportable-include-path -g -O2 -fPIC -std=c++2a -g -O2   -iquote . -I.. -iquote ../fesvr -iquote ../riscv -iquote ../disasm -iquote ../customext -iquote ../fdt -iquote ../softfloat -iquote ../spike_main -iquote ../spike_dasm   -fPIC -I../fdt -c vclmulh_vv.cc
g++ -MMD -MP  -DPREFIX=\"/work/riscv\" -Wall -Wno-unused -Wno-nonportable-include-path -g -O2 -fPIC -std=c++2a -g -O2   -iquote . -I.. -iquote ../fesvr -iquote ../riscv -iquote ../disasm -iquote ../customext -iquote ../fdt -iquote ../softfloat -iquote ../spike_main -iquote ../spike_dasm   -fPIC -I../fdt -c vclmulh_vx.cc
g++ -MMD -MP  -DPREFIX=\"/work/riscv\" -Wall -Wno-unused -Wno-nonportable-include-path -g -O2 -fPIC -std=c++2a -g -O2   -iquote . -I.. -iquote ../fesvr -iquote ../riscv -iquote ../disasm -iquote ../customext -iquote ../fdt -iquote ../softfloat -iquote ../spike_main -iquote ../spike_dasm   -fPIC -I../fdt -c vghsh_vv.cc
g++ -MMD -MP  -DPREFIX=\"/work/riscv\" -Wall -Wno-unused -Wno-nonportable-include-path -g -O2 -fPIC -std=c++2a -g -O2   -iquote . -I.. -iquote ../fesvr -iquote ../riscv -iquote ../disasm -iquote ../customext -iquote ../fdt -iquote ../softfloat -iquote ../spike_main -iquote ../spike_dasm   -fPIC -I../fdt -c vgmul_vv.cc
g++ -MMD -MP  -DPREFIX=\"/work/riscv\" -Wall -Wno-unused -Wno-nonportable-include-path -g -O2 -fPIC -std=c++2a -g -O2   -iquote . -I.. -iquote ../fesvr -iquote ../riscv -iquote ../disasm -iquote ../customext -iquote ../fdt -iquote ../softfloat -iquote ../spike_main -iquote ../spike_dasm   -fPIC -I../fdt -c vaesdf_vs.cc
g++ -MMD -MP  -DPREFIX=\"/work/riscv\" -Wall -Wno-unused -Wno-nonportable-include-path -g -O2 -fPIC -std=c++2a -g -O2   -iquote . -I.. -iquote ../fesvr -iquote ../riscv -iquote ../disasm -iquote ../customext -iquote ../fdt -iquote ../softfloat -iquote ../spike_main -iquote ../spike_dasm   -fPIC -I../fdt -c vaesdf_vv.cc
g++ -MMD -MP  -DPREFIX=\"/work/riscv\" -Wall -Wno-unused -Wno-nonportable-include-path -g -O2 -fPIC -std=c++2a -g -O2   -iquote . -I.. -iquote ../fesvr -iquote ../riscv -iquote ../disasm -iquote ../customext -iquote ../fdt -iquote ../softfloat -iquote ../spike_main -iquote ../spike_dasm   -fPIC -I../fdt -c vaesdm_vs.cc
g++ -MMD -MP  -DPREFIX=\"/work/riscv\" -Wall -Wno-unused -Wno-nonportable-include-path -g -O2 -fPIC -std=c++2a -g -O2   -iquote . -I.. -iquote ../fesvr -iquote ../riscv -iquote ../disasm -iquote ../customext -iquote ../fdt -iquote ../softfloat -iquote ../spike_main -iquote ../spike_dasm   -fPIC -I../fdt -c vaesdm_vv.cc
g++ -MMD -MP  -DPREFIX=\"/work/riscv\" -Wall -Wno-unused -Wno-nonportable-include-path -g -O2 -fPIC -std=c++2a -g -O2   -iquote . -I.. -iquote ../fesvr -iquote ../riscv -iquote ../disasm -iquote ../customext -iquote ../fdt -iquote ../softfloat -iquote ../spike_main -iquote ../spike_dasm   -fPIC -I../fdt -c vaesef_vs.cc
g++ -MMD -MP  -DPREFIX=\"/work/riscv\" -Wall -Wno-unused -Wno-nonportable-include-path -g -O2 -fPIC -std=c++2a -g -O2   -iquote . -I.. -iquote ../fesvr -iquote ../riscv -iquote ../disasm -iquote ../customext -iquote ../fdt -iquote ../softfloat -iquote ../spike_main -iquote ../spike_dasm   -fPIC -I../fdt -c vaesef_vv.cc
g++ -MMD -MP  -DPREFIX=\"/work/riscv\" -Wall -Wno-unused -Wno-nonportable-include-path -g -O2 -fPIC -std=c++2a -g -O2   -iquote . -I.. -iquote ../fesvr -iquote ../riscv -iquote ../disasm -iquote ../customext -iquote ../fdt -iquote ../softfloat -iquote ../spike_main -iquote ../spike_dasm   -fPIC -I../fdt -c vaesem_vs.cc
g++ -MMD -MP  -DPREFIX=\"/work/riscv\" -Wall -Wno-unused -Wno-nonportable-include-path -g -O2 -fPIC -std=c++2a -g -O2   -iquote . -I.. -iquote ../fesvr -iquote ../riscv -iquote ../disasm -iquote ../customext -iquote ../fdt -iquote ../softfloat -iquote ../spike_main -iquote ../spike_dasm   -fPIC -I../fdt -c vaesem_vv.cc
g++ -MMD -MP  -DPREFIX=\"/work/riscv\" -Wall -Wno-unused -Wno-nonportable-include-path -g -O2 -fPIC -std=c++2a -g -O2   -iquote . -I.. -iquote ../fesvr -iquote ../riscv -iquote ../disasm -iquote ../customext -iquote ../fdt -iquote ../softfloat -iquote ../spike_main -iquote ../spike_dasm   -fPIC -I../fdt -c vaeskf1_vi.cc
g++ -MMD -MP  -DPREFIX=\"/work/riscv\" -Wall -Wno-unused -Wno-nonportable-include-path -g -O2 -fPIC -std=c++2a -g -O2   -iquote . -I.. -iquote ../fesvr -iquote ../riscv -iquote ../disasm -iquote ../customext -iquote ../fdt -iquote ../softfloat -iquote ../spike_main -iquote ../spike_dasm   -fPIC -I../fdt -c vaeskf2_vi.cc
g++ -MMD -MP  -DPREFIX=\"/work/riscv\" -Wall -Wno-unused -Wno-nonportable-include-path -g -O2 -fPIC -std=c++2a -g -O2   -iquote . -I.. -iquote ../fesvr -iquote ../riscv -iquote ../disasm -iquote ../customext -iquote ../fdt -iquote ../softfloat -iquote ../spike_main -iquote ../spike_dasm   -fPIC -I../fdt -c vaesz_vs.cc
g++ -MMD -MP  -DPREFIX=\"/work/riscv\" -Wall -Wno-unused -Wno-nonportable-include-path -g -O2 -fPIC -std=c++2a -g -O2   -iquote . -I.. -iquote ../fesvr -iquote ../riscv -iquote ../disasm -iquote ../customext -iquote ../fdt -iquote ../softfloat -iquote ../spike_main -iquote ../spike_dasm   -fPIC -I../fdt -c vsha2cl_vv.cc
g++ -MMD -MP  -DPREFIX=\"/work/riscv\" -Wall -Wno-unused -Wno-nonportable-include-path -g -O2 -fPIC -std=c++2a -g -O2   -iquote . -I.. -iquote ../fesvr -iquote ../riscv -iquote ../disasm -iquote ../customext -iquote ../fdt -iquote ../softfloat -iquote ../spike_main -iquote ../spike_dasm   -fPIC -I../fdt -c vsha2ch_vv.cc
g++ -MMD -MP  -DPREFIX=\"/work/riscv\" -Wall -Wno-unused -Wno-nonportable-include-path -g -O2 -fPIC -std=c++2a -g -O2   -iquote . -I.. -iquote ../fesvr -iquote ../riscv -iquote ../disasm -iquote ../customext -iquote ../fdt -iquote ../softfloat -iquote ../spike_main -iquote ../spike_dasm   -fPIC -I../fdt -c vsha2ms_vv.cc
g++ -MMD -MP  -DPREFIX=\"/work/riscv\" -Wall -Wno-unused -Wno-nonportable-include-path -g -O2 -fPIC -std=c++2a -g -O2   -iquote . -I.. -iquote ../fesvr -iquote ../riscv -iquote ../disasm -iquote ../customext -iquote ../fdt -iquote ../softfloat -iquote ../spike_main -iquote ../spike_dasm   -fPIC -I../fdt -c vsm4k_vi.cc
g++ -MMD -MP  -DPREFIX=\"/work/riscv\" -Wall -Wno-unused -Wno-nonportable-include-path -g -O2 -fPIC -std=c++2a -g -O2   -iquote . -I.. -iquote ../fesvr -iquote ../riscv -iquote ../disasm -iquote ../customext -iquote ../fdt -iquote ../softfloat -iquote ../spike_main -iquote ../spike_dasm   -fPIC -I../fdt -c vsm4r_vs.cc
g++ -MMD -MP  -DPREFIX=\"/work/riscv\" -Wall -Wno-unused -Wno-nonportable-include-path -g -O2 -fPIC -std=c++2a -g -O2   -iquote . -I.. -iquote ../fesvr -iquote ../riscv -iquote ../disasm -iquote ../customext -iquote ../fdt -iquote ../softfloat -iquote ../spike_main -iquote ../spike_dasm   -fPIC -I../fdt -c vsm4r_vv.cc
g++ -MMD -MP  -DPREFIX=\"/work/riscv\" -Wall -Wno-unused -Wno-nonportable-include-path -g -O2 -fPIC -std=c++2a -g -O2   -iquote . -I.. -iquote ../fesvr -iquote ../riscv -iquote ../disasm -iquote ../customext -iquote ../fdt -iquote ../softfloat -iquote ../spike_main -iquote ../spike_dasm   -fPIC -I../fdt -c vsm3c_vi.cc
g++ -MMD -MP  -DPREFIX=\"/work/riscv\" -Wall -Wno-unused -Wno-nonportable-include-path -g -O2 -fPIC -std=c++2a -g -O2   -iquote . -I.. -iquote ../fesvr -iquote ../riscv -iquote ../disasm -iquote ../customext -iquote ../fdt -iquote ../softfloat -iquote ../spike_main -iquote ../spike_dasm   -fPIC -I../fdt -c vsm3me_vv.cc
g++ -MMD -MP  -DPREFIX=\"/work/riscv\" -Wall -Wno-unused -Wno-nonportable-include-path -g -O2 -fPIC -std=c++2a -g -O2   -iquote . -I.. -iquote ../fesvr -iquote ../riscv -iquote ../disasm -iquote ../customext -iquote ../fdt -iquote ../softfloat -iquote ../spike_main -iquote ../spike_dasm   -fPIC -I../fdt -c csrrc.cc
g++ -MMD -MP  -DPREFIX=\"/work/riscv\" -Wall -Wno-unused -Wno-nonportable-include-path -g -O2 -fPIC -std=c++2a -g -O2   -iquote . -I.. -iquote ../fesvr -iquote ../riscv -iquote ../disasm -iquote ../customext -iquote ../fdt -iquote ../softfloat -iquote ../spike_main -iquote ../spike_dasm   -fPIC -I../fdt -c csrrci.cc
g++ -MMD -MP  -DPREFIX=\"/work/riscv\" -Wall -Wno-unused -Wno-nonportable-include-path -g -O2 -fPIC -std=c++2a -g -O2   -iquote . -I.. -iquote ../fesvr -iquote ../riscv -iquote ../disasm -iquote ../customext -iquote ../fdt -iquote ../softfloat -iquote ../spike_main -iquote ../spike_dasm   -fPIC -I../fdt -c csrrs.cc
g++ -MMD -MP  -DPREFIX=\"/work/riscv\" -Wall -Wno-unused -Wno-nonportable-include-path -g -O2 -fPIC -std=c++2a -g -O2   -iquote . -I.. -iquote ../fesvr -iquote ../riscv -iquote ../disasm -iquote ../customext -iquote ../fdt -iquote ../softfloat -iquote ../spike_main -iquote ../spike_dasm   -fPIC -I../fdt -c csrrsi.cc
g++ -MMD -MP  -DPREFIX=\"/work/riscv\" -Wall -Wno-unused -Wno-nonportable-include-path -g -O2 -fPIC -std=c++2a -g -O2   -iquote . -I.. -iquote ../fesvr -iquote ../riscv -iquote ../disasm -iquote ../customext -iquote ../fdt -iquote ../softfloat -iquote ../spike_main -iquote ../spike_dasm   -fPIC -I../fdt -c csrrw.cc
g++ -MMD -MP  -DPREFIX=\"/work/riscv\" -Wall -Wno-unused -Wno-nonportable-include-path -g -O2 -fPIC -std=c++2a -g -O2   -iquote . -I.. -iquote ../fesvr -iquote ../riscv -iquote ../disasm -iquote ../customext -iquote ../fdt -iquote ../softfloat -iquote ../spike_main -iquote ../spike_dasm   -fPIC -I../fdt -c csrrwi.cc
g++ -MMD -MP  -DPREFIX=\"/work/riscv\" -Wall -Wno-unused -Wno-nonportable-include-path -g -O2 -fPIC -std=c++2a -g -O2   -iquote . -I.. -iquote ../fesvr -iquote ../riscv -iquote ../disasm -iquote ../customext -iquote ../fdt -iquote ../softfloat -iquote ../spike_main -iquote ../spike_dasm   -fPIC -I../fdt -c dret.cc
g++ -MMD -MP  -DPREFIX=\"/work/riscv\" -Wall -Wno-unused -Wno-nonportable-include-path -g -O2 -fPIC -std=c++2a -g -O2   -iquote . -I.. -iquote ../fesvr -iquote ../riscv -iquote ../disasm -iquote ../customext -iquote ../fdt -iquote ../softfloat -iquote ../spike_main -iquote ../spike_dasm   -fPIC -I../fdt -c ebreak.cc
g++ -MMD -MP  -DPREFIX=\"/work/riscv\" -Wall -Wno-unused -Wno-nonportable-include-path -g -O2 -fPIC -std=c++2a -g -O2   -iquote . -I.. -iquote ../fesvr -iquote ../riscv -iquote ../disasm -iquote ../customext -iquote ../fdt -iquote ../softfloat -iquote ../spike_main -iquote ../spike_dasm   -fPIC -I../fdt -c ecall.cc
g++ -MMD -MP  -DPREFIX=\"/work/riscv\" -Wall -Wno-unused -Wno-nonportable-include-path -g -O2 -fPIC -std=c++2a -g -O2   -iquote . -I.. -iquote ../fesvr -iquote ../riscv -iquote ../disasm -iquote ../customext -iquote ../fdt -iquote ../softfloat -iquote ../spike_main -iquote ../spike_dasm   -fPIC -I../fdt -c mret.cc
g++ -MMD -MP  -DPREFIX=\"/work/riscv\" -Wall -Wno-unused -Wno-nonportable-include-path -g -O2 -fPIC -std=c++2a -g -O2   -iquote . -I.. -iquote ../fesvr -iquote ../riscv -iquote ../disasm -iquote ../customext -iquote ../fdt -iquote ../softfloat -iquote ../spike_main -iquote ../spike_dasm   -fPIC -I../fdt -c sfence_vma.cc
g++ -MMD -MP  -DPREFIX=\"/work/riscv\" -Wall -Wno-unused -Wno-nonportable-include-path -g -O2 -fPIC -std=c++2a -g -O2   -iquote . -I.. -iquote ../fesvr -iquote ../riscv -iquote ../disasm -iquote ../customext -iquote ../fdt -iquote ../softfloat -iquote ../spike_main -iquote ../spike_dasm   -fPIC -I../fdt -c sret.cc
g++ -MMD -MP  -DPREFIX=\"/work/riscv\" -Wall -Wno-unused -Wno-nonportable-include-path -g -O2 -fPIC -std=c++2a -g -O2   -iquote . -I.. -iquote ../fesvr -iquote ../riscv -iquote ../disasm -iquote ../customext -iquote ../fdt -iquote ../softfloat -iquote ../spike_main -iquote ../spike_dasm   -fPIC -I../fdt -c wfi.cc
g++ -MMD -MP  -DPREFIX=\"/work/riscv\" -Wall -Wno-unused -Wno-nonportable-include-path -g -O2 -fPIC -std=c++2a -g -O2   -iquote . -I.. -iquote ../fesvr -iquote ../riscv -iquote ../disasm -iquote ../customext -iquote ../fdt -iquote ../softfloat -iquote ../spike_main -iquote ../spike_dasm   -fPIC -I../fdt -c mnret.cc
g++ -MMD -MP  -DPREFIX=\"/work/riscv\" -Wall -Wno-unused -Wno-nonportable-include-path -g -O2 -fPIC -std=c++2a -g -O2   -iquote . -I.. -iquote ../fesvr -iquote ../riscv -iquote ../disasm -iquote ../customext -iquote ../fdt -iquote ../softfloat -iquote ../spike_main -iquote ../spike_dasm   -fPIC -I../fdt -c sfence_w_inval.cc
g++ -MMD -MP  -DPREFIX=\"/work/riscv\" -Wall -Wno-unused -Wno-nonportable-include-path -g -O2 -fPIC -std=c++2a -g -O2   -iquote . -I.. -iquote ../fesvr -iquote ../riscv -iquote ../disasm -iquote ../customext -iquote ../fdt -iquote ../softfloat -iquote ../spike_main -iquote ../spike_dasm   -fPIC -I../fdt -c sfence_inval_ir.cc
g++ -MMD -MP  -DPREFIX=\"/work/riscv\" -Wall -Wno-unused -Wno-nonportable-include-path -g -O2 -fPIC -std=c++2a -g -O2   -iquote . -I.. -iquote ../fesvr -iquote ../riscv -iquote ../disasm -iquote ../customext -iquote ../fdt -iquote ../softfloat -iquote ../spike_main -iquote ../spike_dasm   -fPIC -I../fdt -c sinval_vma.cc
g++ -MMD -MP  -DPREFIX=\"/work/riscv\" -Wall -Wno-unused -Wno-nonportable-include-path -g -O2 -fPIC -std=c++2a -g -O2   -iquote . -I.. -iquote ../fesvr -iquote ../riscv -iquote ../disasm -iquote ../customext -iquote ../fdt -iquote ../softfloat -iquote ../spike_main -iquote ../spike_dasm   -fPIC -I../fdt -c hinval_vvma.cc
g++ -MMD -MP  -DPREFIX=\"/work/riscv\" -Wall -Wno-unused -Wno-nonportable-include-path -g -O2 -fPIC -std=c++2a -g -O2   -iquote . -I.. -iquote ../fesvr -iquote ../riscv -iquote ../disasm -iquote ../customext -iquote ../fdt -iquote ../softfloat -iquote ../spike_main -iquote ../spike_dasm   -fPIC -I../fdt -c hinval_gvma.cc
g++ -MMD -MP  -DPREFIX=\"/work/riscv\" -Wall -Wno-unused -Wno-nonportable-include-path -g -O2 -fPIC -std=c++2a -g -O2   -iquote . -I.. -iquote ../fesvr -iquote ../riscv -iquote ../disasm -iquote ../customext -iquote ../fdt -iquote ../softfloat -iquote ../spike_main -iquote ../spike_dasm   -fPIC -I../fdt -c mop_r_N.cc
g++ -MMD -MP  -DPREFIX=\"/work/riscv\" -Wall -Wno-unused -Wno-nonportable-include-path -g -O2 -fPIC -std=c++2a -g -O2   -iquote . -I.. -iquote ../fesvr -iquote ../riscv -iquote ../disasm -iquote ../customext -iquote ../fdt -iquote ../softfloat -iquote ../spike_main -iquote ../spike_dasm   -fPIC -I../fdt -c mop_rr_N.cc
g++ -MMD -MP  -DPREFIX=\"/work/riscv\" -Wall -Wno-unused -Wno-nonportable-include-path -g -O2 -fPIC -std=c++2a -g -O2   -iquote . -I.. -iquote ../fesvr -iquote ../riscv -iquote ../disasm -iquote ../customext -iquote ../fdt -iquote ../softfloat -iquote ../spike_main -iquote ../spike_dasm   -fPIC -I../fdt -c c_mop_N.cc
g++ -MMD -MP  -DPREFIX=\"/work/riscv\" -Wall -Wno-unused -Wno-nonportable-include-path -g -O2 -fPIC -std=c++2a -g -O2   -iquote . -I.. -iquote ../fesvr -iquote ../riscv -iquote ../disasm -iquote ../customext -iquote ../fdt -iquote ../softfloat -iquote ../spike_main -iquote ../spike_dasm   -fPIC -I../fdt -c lpad.cc
g++ -MMD -MP  -DPREFIX=\"/work/riscv\" -Wall -Wno-unused -Wno-nonportable-include-path -g -O2 -fPIC -std=c++2a -g -O2   -iquote . -I.. -iquote ../fesvr -iquote ../riscv -iquote ../disasm -iquote ../customext -iquote ../fdt -iquote ../softfloat -iquote ../spike_main -iquote ../spike_dasm   -fPIC -I../fdt -c sspush_x1.cc
g++ -MMD -MP  -DPREFIX=\"/work/riscv\" -Wall -Wno-unused -Wno-nonportable-include-path -g -O2 -fPIC -std=c++2a -g -O2   -iquote . -I.. -iquote ../fesvr -iquote ../riscv -iquote ../disasm -iquote ../customext -iquote ../fdt -iquote ../softfloat -iquote ../spike_main -iquote ../spike_dasm   -fPIC -I../fdt -c sspush_x5.cc
g++ -MMD -MP  -DPREFIX=\"/work/riscv\" -Wall -Wno-unused -Wno-nonportable-include-path -g -O2 -fPIC -std=c++2a -g -O2   -iquote . -I.. -iquote ../fesvr -iquote ../riscv -iquote ../disasm -iquote ../customext -iquote ../fdt -iquote ../softfloat -iquote ../spike_main -iquote ../spike_dasm   -fPIC -I../fdt -c sspopchk_x1.cc
g++ -MMD -MP  -DPREFIX=\"/work/riscv\" -Wall -Wno-unused -Wno-nonportable-include-path -g -O2 -fPIC -std=c++2a -g -O2   -iquote . -I.. -iquote ../fesvr -iquote ../riscv -iquote ../disasm -iquote ../customext -iquote ../fdt -iquote ../softfloat -iquote ../spike_main -iquote ../spike_dasm   -fPIC -I../fdt -c sspopchk_x5.cc
g++ -MMD -MP  -DPREFIX=\"/work/riscv\" -Wall -Wno-unused -Wno-nonportable-include-path -g -O2 -fPIC -std=c++2a -g -O2   -iquote . -I.. -iquote ../fesvr -iquote ../riscv -iquote ../disasm -iquote ../customext -iquote ../fdt -iquote ../softfloat -iquote ../spike_main -iquote ../spike_dasm   -fPIC -I../fdt -c ssrdp.cc
g++ -MMD -MP  -DPREFIX=\"/work/riscv\" -Wall -Wno-unused -Wno-nonportable-include-path -g -O2 -fPIC -std=c++2a -g -O2   -iquote . -I.. -iquote ../fesvr -iquote ../riscv -iquote ../disasm -iquote ../customext -iquote ../fdt -iquote ../softfloat -iquote ../spike_main -iquote ../spike_dasm   -fPIC -I../fdt -c ssamoswap_w.cc
g++ -MMD -MP  -DPREFIX=\"/work/riscv\" -Wall -Wno-unused -Wno-nonportable-include-path -g -O2 -fPIC -std=c++2a -g -O2   -iquote . -I.. -iquote ../fesvr -iquote ../riscv -iquote ../disasm -iquote ../customext -iquote ../fdt -iquote ../softfloat -iquote ../spike_main -iquote ../spike_dasm   -fPIC -I../fdt -c ssamoswap_d.cc
g++ -MMD -MP  -DPREFIX=\"/work/riscv\" -Wall -Wno-unused -Wno-nonportable-include-path -g -O2 -fPIC -std=c++2a -g -O2   -iquote . -I.. -iquote ../fesvr -iquote ../riscv -iquote ../disasm -iquote ../customext -iquote ../fdt -iquote ../softfloat -iquote ../spike_main -iquote ../spike_dasm   -fPIC -I../fdt -c c_sspush_x1.cc
g++ -MMD -MP  -DPREFIX=\"/work/riscv\" -Wall -Wno-unused -Wno-nonportable-include-path -g -O2 -fPIC -std=c++2a -g -O2   -iquote . -I.. -iquote ../fesvr -iquote ../riscv -iquote ../disasm -iquote ../customext -iquote ../fdt -iquote ../softfloat -iquote ../spike_main -iquote ../spike_dasm   -fPIC -I../fdt -c c_sspopchk_x5.cc
rm -f libsoftfloat.a
ar rcs libsoftfloat.a bf16_add.o bf16_div.o bf16_mul.o bf16_mulAdd.o bf16_sqrt.o bf16_sub.o bf16_to_f32.o bf16_to_f64.o f128_add.o f128_classify.o f128_div.o f128_eq.o f128_eq_signaling.o f128_isSignalingNaN.o f128_le.o f128_le_quiet.o f128_lt.o f128_lt_quiet.o f128_mulAdd.o f128_mul.o f128_rem.o f128_roundToInt.o f128_sqrt.o f128_sub.o f128_to_f16.o f128_to_f32.o f128_to_f64.o f128_to_i32.o f128_to_i32_r_minMag.o f128_to_i64.o f128_to_i64_r_minMag.o f128_to_ui32.o f128_to_ui32_r_minMag.o f128_to_ui64.o f128_to_ui64_r_minMag.o f16_add.o f16_classify.o f16_div.o f16_eq.o f16_eq_signaling.o f16_isSignalingNaN.o f16_le.o f16_le_quiet.o f16_lt.o f16_lt_quiet.o f16_mulAdd.o f16_mul.o f16_rem.o f16_roundToInt.o f16_sqrt.o f16_sub.o f16_to_f128.o f16_to_f32.o f16_to_f64.o f16_to_i8.o f16_to_i16.o f16_to_i32.o f16_to_i32_r_minMag.o f16_to_i64.o f16_to_i64_r_minMag.o f16_to_ui8.o f16_to_ui16.o f16_to_ui32.o f16_to_ui32_r_minMag.o f16_to_ui64.o f16_to_ui64_r_minMag.o f32_add.o f32_classify.o f32_div.o f32_eq.o f32_eq_signaling.o f32_isSignalingNaN.o f32_le.o f32_le_quiet.o f32_lt.o f32_lt_quiet.o f32_mulAdd.o f32_mul.o f32_rem.o f32_roundToInt.o f32_sqrt.o f32_sub.o f32_to_bf16.o f32_to_f128.o f32_to_f16.o f32_to_f64.o f32_to_i16.o f32_to_i32.o f32_to_i32_r_minMag.o f32_to_i64.o f32_to_i64_r_minMag.o f32_to_ui16.o f32_to_ui32.o f32_to_ui32_r_minMag.o f32_to_ui64.o f32_to_ui64_r_minMag.o f64_add.o f64_classify.o f64_div.o f64_eq.o f64_eq_signaling.o f64_isSignalingNaN.o f64_le.o f64_le_quiet.o f64_lt.o f64_lt_quiet.o f64_mulAdd.o f64_mul.o f64_rem.o f64_roundToInt.o f64_sqrt.o f64_sub.o f64_to_bf16.o f64_to_f128.o f64_to_f16.o f64_to_f32.o f64_to_i32.o f64_to_i32_r_minMag.o f64_to_i64.o f64_to_i64_r_minMag.o f64_to_ui32.o f64_to_ui32_r_minMag.o f64_to_ui64.o f64_to_ui64_r_minMag.o fall_maxmin.o fall_reciprocal.o i32_to_f128.o i32_to_f16.o i32_to_f32.o i32_to_f64.o i64_to_f128.o i64_to_f16.o i64_to_f32.o i64_to_f64.o s_add128.o s_add256M.o s_addCarryM.o s_addComplCarryM.o s_addMagsF128.o s_addMagsF16.o s_addMagsF32.o s_addMagsF64.o s_addM.o s_approxRecip_1Ks.o s_approxRecip32_1.o s_approxRecipSqrt_1Ks.o s_approxRecipSqrt32_1.o s_commonNaNToF32UI.o s_commonNaNToF64UI.o s_compare128M.o s_compare96M.o s_countLeadingZeros16.o s_countLeadingZeros32.o s_countLeadingZeros64.o s_countLeadingZeros8.o s_eq128.o s_f32UIToCommonNaN.o s_f64UIToCommonNaN.o s_le128.o s_lt128.o s_mul128By32.o s_mul128MTo256M.o s_mul128To256M.o s_mul64ByShifted32To128.o s_mul64To128.o s_mul64To128M.o s_mulAddF128.o s_mulAddF16.o s_mulAddF32.o s_mulAddF64.o s_negXM.o s_normRoundPackToF128.o s_normRoundPackToF16.o s_normRoundPackToF32.o s_normRoundPackToF64.o s_normSubnormalF128Sig.o s_normSubnormalF16Sig.o s_normSubnormalF32Sig.o s_normSubnormalF64Sig.o softfloat_raiseFlags.o softfloat_state.o s_propagateNaNF16UI.o s_propagateNaNF32UI.o s_propagateNaNF64UI.o s_propagateNaNF128UI.o s_remStepMBy32.o s_roundMToI64.o s_roundMToUI64.o s_roundPackMToI64.o s_roundPackMToUI64.o s_roundPackToBF16.o s_roundPackToF128.o s_roundPackToF16.o s_roundPackToF32.o s_roundPackToF64.o s_roundPackToI32.o s_roundPackToI64.o s_roundPackToUI32.o s_roundPackToUI64.o s_roundToI32.o s_roundToI64.o s_roundToUI32.o s_roundToUI64.o s_shiftRightJam128.o s_shiftRightJam128Extra.o s_shiftRightJam256M.o s_shiftRightJam32.o s_shiftRightJam64.o s_shiftRightJam64Extra.o s_shortShiftLeft128.o s_shortShiftLeft64To96M.o s_shortShiftRight128.o s_shortShiftRightExtendM.o s_shortShiftRightJam128.o s_shortShiftRightJam128Extra.o s_shortShiftRightJam64.o s_shortShiftRightJam64Extra.o s_shortShiftRightM.o s_sub128.o s_sub1XM.o s_sub256M.o s_subMagsF128.o s_subMagsF16.o s_subMagsF32.o s_subMagsF64.o s_subM.o ui32_to_f128.o ui32_to_f16.o ui32_to_f32.o ui32_to_f64.o ui64_to_f128.o ui64_to_f16.o ui64_to_f32.o ui64_to_f64.o
rm -f libdisasm.a
ar rcs libdisasm.a disasm.o isa_parser.o regnames.o
rm -f libfdt.a
ar rcs libfdt.a fdt.o fdt_ro.o fdt_wip.o fdt_sw.o fdt_rw.o fdt_strerror.o fdt_empty_tree.o fdt_addresses.o fdt_overlay.o
g++ -MMD -MP  -DPREFIX=\"/work/riscv\" -Wall -Wno-unused -Wno-nonportable-include-path -g -O2 -fPIC -std=c++2a -g -O2   -iquote . -I.. -iquote ../fesvr -iquote ../riscv -iquote ../disasm -iquote ../customext -iquote ../fdt -iquote ../softfloat -iquote ../spike_main -iquote ../spike_dasm   -fPIC -c _spike_main.cc
g++ -L. -Wl,--export-dynamic   -Wl,-rpath,/work/riscv/lib   -o elf2hex elf2hex.o  libfesvr.a -lpthread -lpthread   
rm -f libspike_dasm.a
ar rcs libspike_dasm.a spike_dasm_option_parser.o
rm -f libspike_main.a
ar rcs libspike_main.a _spike_main.o
g++ -L. -Wl,--export-dynamic   -Wl,-rpath,/work/riscv/lib  -shared -o libriscv.so  processor.o execute.o dts.o sim.o interactive.o cachesim.o mmu.o extension.o extensions.o rocc.o devices.o rom.o clint.o plic.o ns16550.o debug_module.o remote_bitbang.o jtag_dtm.o csrs.o csr_init.o triggers.o vector_unit.o socketif.o cfg.o add.o addi.o addiw.o addw.o and.o andi.o auipc.o beq.o bge.o bgeu.o blt.o bltu.o bne.o jal.o jalr.o lb.o lbu.o ld.o lh.o lhu.o lui.o lw.o lwu.o or.o ori.o sb.o sd.o sh.o sll.o slli.o slliw.o sllw.o slt.o slti.o sltiu.o sltu.o sra.o srai.o sraiw.o sraw.o srl.o srli.o srliw.o srlw.o sub.o subw.o sw.o xor.o xori.o fence.o fence_i.o c_add.o c_addi.o c_addi4spn.o c_addw.o c_and.o c_andi.o c_beqz.o c_bnez.o c_ebreak.o c_fld.o c_fldsp.o c_flw.o c_flwsp.o c_fsd.o c_fsdsp.o c_fsw.o c_fswsp.o c_j.o c_jal.o c_jalr.o c_jr.o c_li.o c_lui.o c_ld.o c_ldsp.o c_lw.o c_lwsp.o c_mv.o c_or.o c_slli.o c_srai.o c_srli.o c_sub.o c_subw.o c_sd.o c_sdsp.o c_sw.o c_swsp.o c_xor.o fadd_s.o fclass_s.o fcvt_l_s.o fcvt_lu_s.o fcvt_s_l.o fcvt_s_lu.o fcvt_s_w.o fcvt_s_wu.o fcvt_w_s.o fcvt_wu_s.o fdiv_s.o feq_s.o fle_s.o flt_s.o flw.o fmadd_s.o fmax_s.o fmin_s.o fmsub_s.o fmul_s.o fmv_w_x.o fmv_x_w.o fnmadd_s.o fnmsub_s.o fsgnj_s.o fsgnjn_s.o fsgnjx_s.o fsqrt_s.o fsub_s.o fsw.o fadd_d.o fclass_d.o fcvt_d_l.o fcvt_d_lu.o fcvt_d_q.o fcvt_d_s.o fcvt_d_w.o fcvt_d_wu.o fcvt_l_d.o fcvt_lu_d.o fcvt_s_d.o fcvt_w_d.o fcvt_wu_d.o fdiv_d.o feq_d.o fld.o fle_d.o flt_d.o fmadd_d.o fmax_d.o fmin_d.o fmsub_d.o fmul_d.o fmv_d_x.o fmv_x_d.o fnmadd_d.o fnmsub_d.o fsd.o fsgnj_d.o fsgnjn_d.o fsgnjx_d.o fsqrt_d.o fsub_d.o div.o divu.o divuw.o divw.o mul.o mulh.o mulhsu.o mulhu.o mulw.o rem.o remu.o remuw.o remw.o add_uw.o andn.o sh1add.o sh1add_uw.o sh2add.o sh2add_uw.o sh3add.o sh3add_uw.o clmul.o clmulh.o clmulr.o clz.o clzw.o ctz.o ctzw.o gorci.o grevi.o max.o maxu.o min.o minu.o orn.o pack.o packh.o packw.o cpop.o cpopw.o rol.o rolw.o ror.o rori.o roriw.o rorw.o bclr.o bclri.o bext.o bexti.o binv.o binvi.o bset.o bseti.o sext_b.o sext_h.o shfli.o slli_uw.o unshfli.o xnor.o xperm4.o xperm8.o amoadd_d.o amoadd_w.o amoand_d.o amoand_w.o amomax_d.o amomaxu_d.o amomaxu_w.o amomax_w.o amomin_d.o amominu_d.o amominu_w.o amomin_w.o amoor_d.o amoor_w.o amoswap_d.o amoswap_w.o amoxor_d.o amoxor_w.o lr_d.o lr_w.o sc_d.o sc_w.o vfadd_vf.o vfadd_vv.o vfclass_v.o vfcvt_f_x_v.o vfcvt_f_xu_v.o vfcvt_rtz_x_f_v.o vfcvt_rtz_xu_f_v.o vfcvt_x_f_v.o vfcvt_xu_f_v.o vfdiv_vf.o vfdiv_vv.o vfmacc_vf.o vfmacc_vv.o vfmadd_vf.o vfmadd_vv.o vfmax_vf.o vfmax_vv.o vfmerge_vfm.o vfmin_vf.o vfmin_vv.o vfmsac_vf.o vfmsac_vv.o vfmsub_vf.o vfmsub_vv.o vfmul_vf.o vfmul_vv.o vfmv_f_s.o vfmv_s_f.o vfmv_v_f.o vfncvt_f_f_w.o vfncvt_f_x_w.o vfncvt_f_xu_w.o vfncvt_rod_f_f_w.o vfncvt_rtz_x_f_w.o vfncvt_rtz_xu_f_w.o vfncvt_x_f_w.o vfncvt_xu_f_w.o vfnmacc_vf.o vfnmacc_vv.o vfnmadd_vf.o vfnmadd_vv.o vfnmsac_vf.o vfnmsac_vv.o vfnmsub_vf.o vfnmsub_vv.o vfrdiv_vf.o vfredmax_vs.o vfredmin_vs.o vfredosum_vs.o vfredusum_vs.o vfrec7_v.o vfrsub_vf.o vfrsqrt7_v.o vfsgnj_vf.o vfsgnj_vv.o vfsgnjn_vf.o vfsgnjn_vv.o vfsgnjx_vf.o vfsgnjx_vv.o vfsqrt_v.o vfslide1down_vf.o vfslide1up_vf.o vfsub_vf.o vfsub_vv.o vfwadd_vf.o vfwadd_vv.o vfwadd_wf.o vfwadd_wv.o vfwcvt_f_f_v.o vfwcvt_f_x_v.o vfwcvt_f_xu_v.o vfwcvt_rtz_x_f_v.o vfwcvt_rtz_xu_f_v.o vfwcvt_x_f_v.o vfwcvt_xu_f_v.o vfwmacc_vf.o vfwmacc_vv.o vfwmsac_vf.o vfwmsac_vv.o vfwmul_vf.o vfwmul_vv.o vfwnmacc_vf.o vfwnmacc_vv.o vfwnmsac_vf.o vfwnmsac_vv.o vfwredosum_vs.o vfwredusum_vs.o vfwsub_vf.o vfwsub_vv.o vfwsub_wf.o vfwsub_wv.o vmfeq_vf.o vmfeq_vv.o vmfge_vf.o vmfgt_vf.o vmfle_vf.o vmfle_vv.o vmflt_vf.o vmflt_vv.o vmfne_vf.o vmfne_vv.o vaadd_vv.o vaaddu_vv.o vaadd_vx.o vaaddu_vx.o vadc_vim.o vadc_vvm.o vadc_vxm.o vadd_vi.o vadd_vv.o vadd_vx.o vand_vi.o vand_vv.o vand_vx.o vasub_vv.o vasubu_vv.o vasub_vx.o vasubu_vx.o vcompress_vm.o vcpop_m.o vdiv_vv.o vdiv_vx.o vdivu_vv.o vdivu_vx.o vid_v.o viota_m.o vmacc_vv.o vmacc_vx.o vmadc_vv.o vmadc_vx.o vmadc_vi.o vmadc_vim.o vmadc_vvm.o vmadc_vxm.o vmadd_vv.o vmadd_vx.o vmand_mm.o vmandn_mm.o vmax_vv.o vmax_vx.o vmaxu_vv.o vmaxu_vx.o vmerge_vim.o vmerge_vvm.o vmerge_vxm.o vfirst_m.o vmin_vv.o vmin_vx.o vminu_vv.o vminu_vx.o vmnand_mm.o vmnor_mm.o vmor_mm.o vmorn_mm.o vmsbc_vv.o vmsbc_vx.o vmsbc_vvm.o vmsbc_vxm.o vmsbf_m.o vmseq_vi.o vmseq_vv.o vmseq_vx.o vmsgt_vi.o vmsgt_vx.o vmsgtu_vi.o vmsgtu_vx.o vmsif_m.o vmsle_vi.o vmsle_vv.o vmsle_vx.o vmsleu_vi.o vmsleu_vv.o vmsleu_vx.o vmslt_vv.o vmslt_vx.o vmsltu_vv.o vmsltu_vx.o vmsne_vi.o vmsne_vv.o vmsne_vx.o vmsof_m.o vmul_vv.o vmul_vx.o vmulh_vv.o vmulh_vx.o vmulhsu_vv.o vmulhsu_vx.o vmulhu_vv.o vmulhu_vx.o vmv_s_x.o vmv_v_i.o vmv_v_v.o vmv_v_x.o vmv_x_s.o vmv1r_v.o vmv2r_v.o vmv4r_v.o vmv8r_v.o vmxnor_mm.o vmxor_mm.o vnclip_wi.o vnclip_wv.o vnclip_wx.o vnclipu_wi.o vnclipu_wv.o vnclipu_wx.o vnmsac_vv.o vnmsac_vx.o vnmsub_vv.o vnmsub_vx.o vnsra_wi.o vnsra_wv.o vnsra_wx.o vnsrl_wi.o vnsrl_wv.o vnsrl_wx.o vor_vi.o vor_vv.o vor_vx.o vredand_vs.o vredmax_vs.o vredmaxu_vs.o vredmin_vs.o vredminu_vs.o vredor_vs.o vredsum_vs.o vredxor_vs.o vrem_vv.o vrem_vx.o vremu_vv.o vremu_vx.o vrgather_vi.o vrgather_vv.o vrgather_vx.o vrgatherei16_vv.o vrsub_vi.o vrsub_vx.o vsadd_vi.o vsadd_vv.o vsadd_vx.o vsaddu_vi.o vsaddu_vv.o vsaddu_vx.o vsbc_vvm.o vsbc_vxm.o vsext_vf2.o vsext_vf4.o vsext_vf8.o vslide1down_vx.o vslide1up_vx.o vslidedown_vi.o vslidedown_vx.o vslideup_vi.o vslideup_vx.o vsll_vi.o vsll_vv.o vsll_vx.o vsmul_vv.o vsmul_vx.o vsra_vi.o vsra_vv.o vsra_vx.o vsrl_vi.o vsrl_vv.o vsrl_vx.o vssra_vi.o vssra_vv.o vssra_vx.o vssrl_vi.o vssrl_vv.o vssrl_vx.o vssub_vv.o vssub_vx.o vssubu_vv.o vssubu_vx.o vsub_vv.o vsub_vx.o vwadd_vv.o vwadd_vx.o vwadd_wv.o vwadd_wx.o vwaddu_vv.o vwaddu_vx.o vwaddu_wv.o vwaddu_wx.o vwmacc_vv.o vwmacc_vx.o vwmaccsu_vv.o vwmaccsu_vx.o vwmaccu_vv.o vwmaccu_vx.o vwmaccus_vx.o vwmul_vv.o vwmul_vx.o vwmulsu_vv.o vwmulsu_vx.o vwmulu_vv.o vwmulu_vx.o vwredsum_vs.o vwredsumu_vs.o vwsub_vv.o vwsub_vx.o vwsub_wv.o vwsub_wx.o vwsubu_vv.o vwsubu_vx.o vwsubu_wv.o vwsubu_wx.o vxor_vi.o vxor_vv.o vxor_vx.o vzext_vf2.o vzext_vf4.o vzext_vf8.o vsetivli.o vsetvli.o vsetvl.o vlm_v.o vle8_v.o vle16_v.o vle32_v.o vle64_v.o vloxei8_v.o vloxei16_v.o vloxei32_v.o vloxei64_v.o vlse8_v.o vlse16_v.o vlse32_v.o vlse64_v.o vluxei8_v.o vluxei16_v.o vluxei32_v.o vluxei64_v.o vle8ff_v.o vle16ff_v.o vle32ff_v.o vle64ff_v.o vl1re8_v.o vl2re8_v.o vl4re8_v.o vl8re8_v.o vl1re16_v.o vl2re16_v.o vl4re16_v.o vl8re16_v.o vl1re32_v.o vl2re32_v.o vl4re32_v.o vl8re32_v.o vl1re64_v.o vl2re64_v.o vl4re64_v.o vl8re64_v.o vsm_v.o vse8_v.o vse16_v.o vse32_v.o vse64_v.o vsse8_v.o vsoxei8_v.o vsoxei16_v.o vsoxei32_v.o vsoxei64_v.o vsse16_v.o vsse32_v.o vsse64_v.o vsuxei8_v.o vsuxei16_v.o vsuxei32_v.o vsuxei64_v.o vs1r_v.o vs2r_v.o vs4r_v.o vs8r_v.o fcvt_bf16_s.o fcvt_s_bf16.o vfncvtbf16_f_f_w.o vfwcvtbf16_f_f_v.o vfwmaccbf16_vv.o vfwmaccbf16_vf.o cbo_clean.o cbo_flush.o cbo_inval.o cbo_zero.o fli_d.o fmaxm_d.o fminm_d.o fround_d.o froundnx_d.o fmvh_x_d.o fmvp_d_x.o fcvtmod_w_d.o fleq_d.o fltq_d.o fli_s.o fmaxm_s.o fminm_s.o fround_s.o froundnx_s.o fleq_s.o fltq_s.o hfence_gvma.o hfence_vvma.o hlv_b.o hlv_bu.o hlv_h.o hlv_hu.o hlvx_hu.o hlv_w.o hlv_wu.o hlvx_wu.o hlv_d.o hsv_b.o hsv_h.o hsv_w.o hsv_d.o aes32dsi.o aes32dsmi.o aes32esi.o aes32esmi.o aes64ds.o aes64dsm.o aes64es.o aes64esm.o aes64ks1i.o aes64ks2.o aes64im.o sha256sig0.o sha256sig1.o sha256sum0.o sha256sum1.o sha512sig0.o sha512sig0h.o sha512sig0l.o sha512sig1.o sha512sig1h.o sha512sig1l.o sha512sum0.o sha512sum0r.o sha512sum1.o sha512sum1r.o sm3p0.o sm3p1.o sm4ed.o sm4ks.o fadd_q.o fclass_q.o fcvt_l_q.o fcvt_lu_q.o fcvt_q_d.o fcvt_q_l.o fcvt_q_lu.o fcvt_q_s.o fcvt_q_w.o fcvt_q_wu.o fcvt_s_q.o fcvt_w_q.o fcvt_wu_q.o fdiv_q.o feq_q.o fle_q.o flq.o flt_q.o fmadd_q.o fmax_q.o fmin_q.o fmsub_q.o fmul_q.o fnmadd_q.o fnmsub_q.o fsgnj_q.o fsgnjn_q.o fsgnjx_q.o fsq.o fsqrt_q.o fsub_q.o fli_q.o fmaxm_q.o fminm_q.o fround_q.o froundnx_q.o fmvh_x_q.o fmvp_q_x.o fleq_q.o fltq_q.o amocas_w.o amocas_d.o amocas_q.o amoadd_b.o amoand_b.o amomax_b.o amomaxu_b.o amomin_b.o amominu_b.o amoor_b.o amoswap_b.o amoxor_b.o amocas_b.o amoadd_h.o amoand_h.o amomax_h.o amomaxu_h.o amomin_h.o amominu_h.o amoor_h.o amoswap_h.o amoxor_h.o amocas_h.o wrs_sto.o wrs_nto.o lb_aq.o lh_aq.o lw_aq.o ld_aq.o sb_rl.o sh_rl.o sw_rl.o sd_rl.o c_zext_b.o c_zext_h.o c_zext_w.o c_sext_b.o c_sext_h.o c_not.o c_mul.o c_lbu.o c_lhu.o c_lh.o c_sb.o c_sh.o cm_push.o cm_pop.o cm_popret.o cm_popretz.o cm_mva01s.o cm_mvsa01.o cm_jalt.o fadd_h.o fclass_h.o fcvt_l_h.o fcvt_lu_h.o fcvt_d_h.o fcvt_h_d.o fcvt_h_l.o fcvt_h_lu.o fcvt_h_q.o fcvt_h_s.o fcvt_h_w.o fcvt_h_wu.o fcvt_q_h.o fcvt_s_h.o fcvt_w_h.o fcvt_wu_h.o fdiv_h.o feq_h.o fle_h.o flh.o flt_h.o fmadd_h.o fmax_h.o fmin_h.o fmsub_h.o fmul_h.o fmv_h_x.o fmv_x_h.o fnmadd_h.o fnmsub_h.o fsgnj_h.o fsgnjn_h.o fsgnjx_h.o fsh.o fsqrt_h.o fsub_h.o fli_h.o fmaxm_h.o fminm_h.o fround_h.o froundnx_h.o fleq_h.o fltq_h.o czero_eqz.o czero_nez.o vandn_vv.o vandn_vx.o vbrev8_v.o vbrev_v.o vclz_v.o vcpop_v.o vctz_v.o vrev8_v.o vrol_vv.o vrol_vx.o vror_vi.o vror_vv.o vror_vx.o vwsll_vi.o vwsll_vv.o vwsll_vx.o vclmul_vv.o vclmul_vx.o vclmulh_vv.o vclmulh_vx.o vghsh_vv.o vgmul_vv.o vaesdf_vs.o vaesdf_vv.o vaesdm_vs.o vaesdm_vv.o vaesef_vs.o vaesef_vv.o vaesem_vs.o vaesem_vv.o vaeskf1_vi.o vaeskf2_vi.o vaesz_vs.o vsha2cl_vv.o vsha2ch_vv.o vsha2ms_vv.o vsm4k_vi.o vsm4r_vs.o vsm4r_vv.o vsm3c_vi.o vsm3me_vv.o csrrc.o csrrci.o csrrs.o csrrsi.o csrrw.o csrrwi.o dret.o ebreak.o ecall.o mret.o sfence_vma.o sret.o wfi.o mnret.o sfence_w_inval.o sfence_inval_ir.o sinval_vma.o hinval_vvma.o hinval_gvma.o mop_r_N.o mop_rr_N.o c_mop_N.o lpad.o sspush_x1.o sspush_x5.o sspopchk_x1.o sspopchk_x5.o ssrdp.o ssamoswap_w.o ssamoswap_d.o c_sspush_x1.o c_sspopchk_x5.o libsoftfloat.a libfesvr.a libdisasm.a libfdt.a  libsoftfloat.a  libfesvr.a  libdisasm.a  libfdt.a -lpthread -lpthread   
rm -f libriscv.a
ar rcs libriscv.a processor.o execute.o dts.o sim.o interactive.o cachesim.o mmu.o extension.o extensions.o rocc.o devices.o rom.o clint.o plic.o ns16550.o debug_module.o remote_bitbang.o jtag_dtm.o csrs.o csr_init.o triggers.o vector_unit.o socketif.o cfg.o add.o addi.o addiw.o addw.o and.o andi.o auipc.o beq.o bge.o bgeu.o blt.o bltu.o bne.o jal.o jalr.o lb.o lbu.o ld.o lh.o lhu.o lui.o lw.o lwu.o or.o ori.o sb.o sd.o sh.o sll.o slli.o slliw.o sllw.o slt.o slti.o sltiu.o sltu.o sra.o srai.o sraiw.o sraw.o srl.o srli.o srliw.o srlw.o sub.o subw.o sw.o xor.o xori.o fence.o fence_i.o c_add.o c_addi.o c_addi4spn.o c_addw.o c_and.o c_andi.o c_beqz.o c_bnez.o c_ebreak.o c_fld.o c_fldsp.o c_flw.o c_flwsp.o c_fsd.o c_fsdsp.o c_fsw.o c_fswsp.o c_j.o c_jal.o c_jalr.o c_jr.o c_li.o c_lui.o c_ld.o c_ldsp.o c_lw.o c_lwsp.o c_mv.o c_or.o c_slli.o c_srai.o c_srli.o c_sub.o c_subw.o c_sd.o c_sdsp.o c_sw.o c_swsp.o c_xor.o fadd_s.o fclass_s.o fcvt_l_s.o fcvt_lu_s.o fcvt_s_l.o fcvt_s_lu.o fcvt_s_w.o fcvt_s_wu.o fcvt_w_s.o fcvt_wu_s.o fdiv_s.o feq_s.o fle_s.o flt_s.o flw.o fmadd_s.o fmax_s.o fmin_s.o fmsub_s.o fmul_s.o fmv_w_x.o fmv_x_w.o fnmadd_s.o fnmsub_s.o fsgnj_s.o fsgnjn_s.o fsgnjx_s.o fsqrt_s.o fsub_s.o fsw.o fadd_d.o fclass_d.o fcvt_d_l.o fcvt_d_lu.o fcvt_d_q.o fcvt_d_s.o fcvt_d_w.o fcvt_d_wu.o fcvt_l_d.o fcvt_lu_d.o fcvt_s_d.o fcvt_w_d.o fcvt_wu_d.o fdiv_d.o feq_d.o fld.o fle_d.o flt_d.o fmadd_d.o fmax_d.o fmin_d.o fmsub_d.o fmul_d.o fmv_d_x.o fmv_x_d.o fnmadd_d.o fnmsub_d.o fsd.o fsgnj_d.o fsgnjn_d.o fsgnjx_d.o fsqrt_d.o fsub_d.o div.o divu.o divuw.o divw.o mul.o mulh.o mulhsu.o mulhu.o mulw.o rem.o remu.o remuw.o remw.o add_uw.o andn.o sh1add.o sh1add_uw.o sh2add.o sh2add_uw.o sh3add.o sh3add_uw.o clmul.o clmulh.o clmulr.o clz.o clzw.o ctz.o ctzw.o gorci.o grevi.o max.o maxu.o min.o minu.o orn.o pack.o packh.o packw.o cpop.o cpopw.o rol.o rolw.o ror.o rori.o roriw.o rorw.o bclr.o bclri.o bext.o bexti.o binv.o binvi.o bset.o bseti.o sext_b.o sext_h.o shfli.o slli_uw.o unshfli.o xnor.o xperm4.o xperm8.o amoadd_d.o amoadd_w.o amoand_d.o amoand_w.o amomax_d.o amomaxu_d.o amomaxu_w.o amomax_w.o amomin_d.o amominu_d.o amominu_w.o amomin_w.o amoor_d.o amoor_w.o amoswap_d.o amoswap_w.o amoxor_d.o amoxor_w.o lr_d.o lr_w.o sc_d.o sc_w.o vfadd_vf.o vfadd_vv.o vfclass_v.o vfcvt_f_x_v.o vfcvt_f_xu_v.o vfcvt_rtz_x_f_v.o vfcvt_rtz_xu_f_v.o vfcvt_x_f_v.o vfcvt_xu_f_v.o vfdiv_vf.o vfdiv_vv.o vfmacc_vf.o vfmacc_vv.o vfmadd_vf.o vfmadd_vv.o vfmax_vf.o vfmax_vv.o vfmerge_vfm.o vfmin_vf.o vfmin_vv.o vfmsac_vf.o vfmsac_vv.o vfmsub_vf.o vfmsub_vv.o vfmul_vf.o vfmul_vv.o vfmv_f_s.o vfmv_s_f.o vfmv_v_f.o vfncvt_f_f_w.o vfncvt_f_x_w.o vfncvt_f_xu_w.o vfncvt_rod_f_f_w.o vfncvt_rtz_x_f_w.o vfncvt_rtz_xu_f_w.o vfncvt_x_f_w.o vfncvt_xu_f_w.o vfnmacc_vf.o vfnmacc_vv.o vfnmadd_vf.o vfnmadd_vv.o vfnmsac_vf.o vfnmsac_vv.o vfnmsub_vf.o vfnmsub_vv.o vfrdiv_vf.o vfredmax_vs.o vfredmin_vs.o vfredosum_vs.o vfredusum_vs.o vfrec7_v.o vfrsub_vf.o vfrsqrt7_v.o vfsgnj_vf.o vfsgnj_vv.o vfsgnjn_vf.o vfsgnjn_vv.o vfsgnjx_vf.o vfsgnjx_vv.o vfsqrt_v.o vfslide1down_vf.o vfslide1up_vf.o vfsub_vf.o vfsub_vv.o vfwadd_vf.o vfwadd_vv.o vfwadd_wf.o vfwadd_wv.o vfwcvt_f_f_v.o vfwcvt_f_x_v.o vfwcvt_f_xu_v.o vfwcvt_rtz_x_f_v.o vfwcvt_rtz_xu_f_v.o vfwcvt_x_f_v.o vfwcvt_xu_f_v.o vfwmacc_vf.o vfwmacc_vv.o vfwmsac_vf.o vfwmsac_vv.o vfwmul_vf.o vfwmul_vv.o vfwnmacc_vf.o vfwnmacc_vv.o vfwnmsac_vf.o vfwnmsac_vv.o vfwredosum_vs.o vfwredusum_vs.o vfwsub_vf.o vfwsub_vv.o vfwsub_wf.o vfwsub_wv.o vmfeq_vf.o vmfeq_vv.o vmfge_vf.o vmfgt_vf.o vmfle_vf.o vmfle_vv.o vmflt_vf.o vmflt_vv.o vmfne_vf.o vmfne_vv.o vaadd_vv.o vaaddu_vv.o vaadd_vx.o vaaddu_vx.o vadc_vim.o vadc_vvm.o vadc_vxm.o vadd_vi.o vadd_vv.o vadd_vx.o vand_vi.o vand_vv.o vand_vx.o vasub_vv.o vasubu_vv.o vasub_vx.o vasubu_vx.o vcompress_vm.o vcpop_m.o vdiv_vv.o vdiv_vx.o vdivu_vv.o vdivu_vx.o vid_v.o viota_m.o vmacc_vv.o vmacc_vx.o vmadc_vv.o vmadc_vx.o vmadc_vi.o vmadc_vim.o vmadc_vvm.o vmadc_vxm.o vmadd_vv.o vmadd_vx.o vmand_mm.o vmandn_mm.o vmax_vv.o vmax_vx.o vmaxu_vv.o vmaxu_vx.o vmerge_vim.o vmerge_vvm.o vmerge_vxm.o vfirst_m.o vmin_vv.o vmin_vx.o vminu_vv.o vminu_vx.o vmnand_mm.o vmnor_mm.o vmor_mm.o vmorn_mm.o vmsbc_vv.o vmsbc_vx.o vmsbc_vvm.o vmsbc_vxm.o vmsbf_m.o vmseq_vi.o vmseq_vv.o vmseq_vx.o vmsgt_vi.o vmsgt_vx.o vmsgtu_vi.o vmsgtu_vx.o vmsif_m.o vmsle_vi.o vmsle_vv.o vmsle_vx.o vmsleu_vi.o vmsleu_vv.o vmsleu_vx.o vmslt_vv.o vmslt_vx.o vmsltu_vv.o vmsltu_vx.o vmsne_vi.o vmsne_vv.o vmsne_vx.o vmsof_m.o vmul_vv.o vmul_vx.o vmulh_vv.o vmulh_vx.o vmulhsu_vv.o vmulhsu_vx.o vmulhu_vv.o vmulhu_vx.o vmv_s_x.o vmv_v_i.o vmv_v_v.o vmv_v_x.o vmv_x_s.o vmv1r_v.o vmv2r_v.o vmv4r_v.o vmv8r_v.o vmxnor_mm.o vmxor_mm.o vnclip_wi.o vnclip_wv.o vnclip_wx.o vnclipu_wi.o vnclipu_wv.o vnclipu_wx.o vnmsac_vv.o vnmsac_vx.o vnmsub_vv.o vnmsub_vx.o vnsra_wi.o vnsra_wv.o vnsra_wx.o vnsrl_wi.o vnsrl_wv.o vnsrl_wx.o vor_vi.o vor_vv.o vor_vx.o vredand_vs.o vredmax_vs.o vredmaxu_vs.o vredmin_vs.o vredminu_vs.o vredor_vs.o vredsum_vs.o vredxor_vs.o vrem_vv.o vrem_vx.o vremu_vv.o vremu_vx.o vrgather_vi.o vrgather_vv.o vrgather_vx.o vrgatherei16_vv.o vrsub_vi.o vrsub_vx.o vsadd_vi.o vsadd_vv.o vsadd_vx.o vsaddu_vi.o vsaddu_vv.o vsaddu_vx.o vsbc_vvm.o vsbc_vxm.o vsext_vf2.o vsext_vf4.o vsext_vf8.o vslide1down_vx.o vslide1up_vx.o vslidedown_vi.o vslidedown_vx.o vslideup_vi.o vslideup_vx.o vsll_vi.o vsll_vv.o vsll_vx.o vsmul_vv.o vsmul_vx.o vsra_vi.o vsra_vv.o vsra_vx.o vsrl_vi.o vsrl_vv.o vsrl_vx.o vssra_vi.o vssra_vv.o vssra_vx.o vssrl_vi.o vssrl_vv.o vssrl_vx.o vssub_vv.o vssub_vx.o vssubu_vv.o vssubu_vx.o vsub_vv.o vsub_vx.o vwadd_vv.o vwadd_vx.o vwadd_wv.o vwadd_wx.o vwaddu_vv.o vwaddu_vx.o vwaddu_wv.o vwaddu_wx.o vwmacc_vv.o vwmacc_vx.o vwmaccsu_vv.o vwmaccsu_vx.o vwmaccu_vv.o vwmaccu_vx.o vwmaccus_vx.o vwmul_vv.o vwmul_vx.o vwmulsu_vv.o vwmulsu_vx.o vwmulu_vv.o vwmulu_vx.o vwredsum_vs.o vwredsumu_vs.o vwsub_vv.o vwsub_vx.o vwsub_wv.o vwsub_wx.o vwsubu_vv.o vwsubu_vx.o vwsubu_wv.o vwsubu_wx.o vxor_vi.o vxor_vv.o vxor_vx.o vzext_vf2.o vzext_vf4.o vzext_vf8.o vsetivli.o vsetvli.o vsetvl.o vlm_v.o vle8_v.o vle16_v.o vle32_v.o vle64_v.o vloxei8_v.o vloxei16_v.o vloxei32_v.o vloxei64_v.o vlse8_v.o vlse16_v.o vlse32_v.o vlse64_v.o vluxei8_v.o vluxei16_v.o vluxei32_v.o vluxei64_v.o vle8ff_v.o vle16ff_v.o vle32ff_v.o vle64ff_v.o vl1re8_v.o vl2re8_v.o vl4re8_v.o vl8re8_v.o vl1re16_v.o vl2re16_v.o vl4re16_v.o vl8re16_v.o vl1re32_v.o vl2re32_v.o vl4re32_v.o vl8re32_v.o vl1re64_v.o vl2re64_v.o vl4re64_v.o vl8re64_v.o vsm_v.o vse8_v.o vse16_v.o vse32_v.o vse64_v.o vsse8_v.o vsoxei8_v.o vsoxei16_v.o vsoxei32_v.o vsoxei64_v.o vsse16_v.o vsse32_v.o vsse64_v.o vsuxei8_v.o vsuxei16_v.o vsuxei32_v.o vsuxei64_v.o vs1r_v.o vs2r_v.o vs4r_v.o vs8r_v.o fcvt_bf16_s.o fcvt_s_bf16.o vfncvtbf16_f_f_w.o vfwcvtbf16_f_f_v.o vfwmaccbf16_vv.o vfwmaccbf16_vf.o cbo_clean.o cbo_flush.o cbo_inval.o cbo_zero.o fli_d.o fmaxm_d.o fminm_d.o fround_d.o froundnx_d.o fmvh_x_d.o fmvp_d_x.o fcvtmod_w_d.o fleq_d.o fltq_d.o fli_s.o fmaxm_s.o fminm_s.o fround_s.o froundnx_s.o fleq_s.o fltq_s.o hfence_gvma.o hfence_vvma.o hlv_b.o hlv_bu.o hlv_h.o hlv_hu.o hlvx_hu.o hlv_w.o hlv_wu.o hlvx_wu.o hlv_d.o hsv_b.o hsv_h.o hsv_w.o hsv_d.o aes32dsi.o aes32dsmi.o aes32esi.o aes32esmi.o aes64ds.o aes64dsm.o aes64es.o aes64esm.o aes64ks1i.o aes64ks2.o aes64im.o sha256sig0.o sha256sig1.o sha256sum0.o sha256sum1.o sha512sig0.o sha512sig0h.o sha512sig0l.o sha512sig1.o sha512sig1h.o sha512sig1l.o sha512sum0.o sha512sum0r.o sha512sum1.o sha512sum1r.o sm3p0.o sm3p1.o sm4ed.o sm4ks.o fadd_q.o fclass_q.o fcvt_l_q.o fcvt_lu_q.o fcvt_q_d.o fcvt_q_l.o fcvt_q_lu.o fcvt_q_s.o fcvt_q_w.o fcvt_q_wu.o fcvt_s_q.o fcvt_w_q.o fcvt_wu_q.o fdiv_q.o feq_q.o fle_q.o flq.o flt_q.o fmadd_q.o fmax_q.o fmin_q.o fmsub_q.o fmul_q.o fnmadd_q.o fnmsub_q.o fsgnj_q.o fsgnjn_q.o fsgnjx_q.o fsq.o fsqrt_q.o fsub_q.o fli_q.o fmaxm_q.o fminm_q.o fround_q.o froundnx_q.o fmvh_x_q.o fmvp_q_x.o fleq_q.o fltq_q.o amocas_w.o amocas_d.o amocas_q.o amoadd_b.o amoand_b.o amomax_b.o amomaxu_b.o amomin_b.o amominu_b.o amoor_b.o amoswap_b.o amoxor_b.o amocas_b.o amoadd_h.o amoand_h.o amomax_h.o amomaxu_h.o amomin_h.o amominu_h.o amoor_h.o amoswap_h.o amoxor_h.o amocas_h.o wrs_sto.o wrs_nto.o lb_aq.o lh_aq.o lw_aq.o ld_aq.o sb_rl.o sh_rl.o sw_rl.o sd_rl.o c_zext_b.o c_zext_h.o c_zext_w.o c_sext_b.o c_sext_h.o c_not.o c_mul.o c_lbu.o c_lhu.o c_lh.o c_sb.o c_sh.o cm_push.o cm_pop.o cm_popret.o cm_popretz.o cm_mva01s.o cm_mvsa01.o cm_jalt.o fadd_h.o fclass_h.o fcvt_l_h.o fcvt_lu_h.o fcvt_d_h.o fcvt_h_d.o fcvt_h_l.o fcvt_h_lu.o fcvt_h_q.o fcvt_h_s.o fcvt_h_w.o fcvt_h_wu.o fcvt_q_h.o fcvt_s_h.o fcvt_w_h.o fcvt_wu_h.o fdiv_h.o feq_h.o fle_h.o flh.o flt_h.o fmadd_h.o fmax_h.o fmin_h.o fmsub_h.o fmul_h.o fmv_h_x.o fmv_x_h.o fnmadd_h.o fnmsub_h.o fsgnj_h.o fsgnjn_h.o fsgnjx_h.o fsh.o fsqrt_h.o fsub_h.o fli_h.o fmaxm_h.o fminm_h.o fround_h.o froundnx_h.o fleq_h.o fltq_h.o czero_eqz.o czero_nez.o vandn_vv.o vandn_vx.o vbrev8_v.o vbrev_v.o vclz_v.o vcpop_v.o vctz_v.o vrev8_v.o vrol_vv.o vrol_vx.o vror_vi.o vror_vv.o vror_vx.o vwsll_vi.o vwsll_vv.o vwsll_vx.o vclmul_vv.o vclmul_vx.o vclmulh_vv.o vclmulh_vx.o vghsh_vv.o vgmul_vv.o vaesdf_vs.o vaesdf_vv.o vaesdm_vs.o vaesdm_vv.o vaesef_vs.o vaesef_vv.o vaesem_vs.o vaesem_vv.o vaeskf1_vi.o vaeskf2_vi.o vaesz_vs.o vsha2cl_vv.o vsha2ch_vv.o vsha2ms_vv.o vsm4k_vi.o vsm4r_vs.o vsm4r_vv.o vsm3c_vi.o vsm3me_vv.o csrrc.o csrrci.o csrrs.o csrrsi.o csrrw.o csrrwi.o dret.o ebreak.o ecall.o mret.o sfence_vma.o sret.o wfi.o mnret.o sfence_w_inval.o sfence_inval_ir.o sinval_vma.o hinval_vvma.o hinval_gvma.o mop_r_N.o mop_rr_N.o c_mop_N.o lpad.o sspush_x1.o sspush_x5.o sspopchk_x1.o sspopchk_x5.o ssrdp.o ssamoswap_w.o ssamoswap_d.o c_sspush_x1.o c_sspopchk_x5.o
g++ -L. -Wl,--export-dynamic   -Wl,-rpath,/work/riscv/lib  -shared -o libcustomext.so  dummy_rocc.o cflush.o libsoftfloat.a libdisasm.a libriscv.a libspike_main.a  libsoftfloat.a  libdisasm.a  libriscv.a  libspike_main.a -lpthread -lpthread   
g++ -L. -Wl,--export-dynamic   -Wl,-rpath,/work/riscv/lib  extension.o -o spike spike.o  libspike_main.a  libriscv.a  libdisasm.a  libsoftfloat.a  libfesvr.a  libfdt.a -lpthread -lpthread   
g++ -L. -Wl,--export-dynamic   -Wl,-rpath,/work/riscv/lib  extension.o -o spike-log-parser spike-log-parser.o  libspike_main.a  libriscv.a  libdisasm.a  libsoftfloat.a  libfesvr.a  libfdt.a -lpthread -lpthread   
g++ -L. -Wl,--export-dynamic   -Wl,-rpath,/work/riscv/lib  extension.o -o xspike xspike.o  libspike_main.a  libriscv.a  libdisasm.a  libsoftfloat.a  libfesvr.a  libfdt.a -lpthread -lpthread   
g++ -L. -Wl,--export-dynamic   -Wl,-rpath,/work/riscv/lib  extension.o -o termios-xspike termios-xspike.o  libspike_main.a  libriscv.a  libdisasm.a  libsoftfloat.a  libfesvr.a  libfdt.a -lpthread -lpthread   
g++ -L. -Wl,--export-dynamic   -Wl,-rpath,/work/riscv/lib   -o spike-dasm spike-dasm.o  libspike_dasm.a  libriscv.a  libsoftfloat.a  libdisasm.a -lpthread -lpthread   
gmake: Leaving directory '/work/chipyard/toolchains/riscv-tools/riscv-isa-sim/build'
==>  Installing riscv-isa-sim
+ /usr/bin/gmake -C build install
gmake: Entering directory '/work/chipyard/toolchains/riscv-tools/riscv-isa-sim/build'
../scripts/mk-install-dirs.sh /work/riscv/include
../scripts/mk-install-dirs.sh /work/riscv/include
mkdir /work/riscv/include
mkdir /work/riscv/include
mkdir: cannot create directory ‘/work/riscv/include’: File exists
gmake: Circular libriscv.so <- libriscv.so dependency dropped.
gmake: Circular libcustomext.so <- libcustomext.so dependency dropped.
gmake: Circular libsoftfloat.so <- libsoftfloat.so dependency dropped.
for file in fesvr/byteorder.h fesvr/elf.h fesvr/elfloader.h fesvr/htif.h fesvr/dtm.h fesvr/memif.h fesvr/syscall.h fesvr/context.h fesvr/htif_pthread.h fesvr/htif_hexwriter.h fesvr/option_parser.h fesvr/term.h fesvr/device.h fesvr/rfb.h fesvr/tsi.h riscv/abstract_device.h riscv/abstract_interrupt_controller.h riscv/cachesim.h riscv/cfg.h riscv/common.h riscv/csrs.h riscv/debug_defines.h riscv/debug_module.h riscv/debug_rom_defines.h riscv/decode.h riscv/devices.h riscv/disasm.h riscv/dts.h riscv/encoding.h riscv/entropy_source.h riscv/extension.h riscv/isa_parser.h riscv/log_file.h riscv/memtracer.h riscv/mmu.h riscv/platform.h riscv/processor.h riscv/rocc.h riscv/sim.h riscv/simif.h riscv/trap.h riscv/triggers.h riscv/vector_unit.h fdt/libfdt.h fdt/fdt.h fdt/libfdt_env.h softfloat/softfloat.h softfloat/softfloat_types.h; \
  do \
	../scripts/mk-install-dirs.sh /work/riscv/include/`dirname $file`; \
    /usr/bin/install -c -m 644 ../$file /work/riscv/include/`dirname $file`; \
  done
for dir in fesvr       ; \
  do \
	../scripts/mk-install-dirs.sh /work/riscv/include/$dir; \
    /usr/bin/install -c -m 644 config.h /work/riscv/include/$dir; \
  done
../scripts/mk-install-dirs.sh /work/riscv/lib
../scripts/mk-install-dirs.sh /work/riscv/bin
../scripts/mk-install-dirs.sh /work/riscv/lib/pkgconfig/
mkdir /work/riscv/lib
mkdir /work/riscv/bin
mkdir /work/riscv/include/fesvr
mkdir /work/riscv/include/fesvr
mkdir /work/riscv/lib
for file in elf2hex spike spike-log-parser xspike termios-xspike spike-dasm; \
  do \
    /usr/bin/install -c -m 755 $file /work/riscv/bin; \
  done
mkdir: cannot create directory ‘/work/riscv/lib’: File exists
mkdir: cannot create directory ‘/work/riscv/include/fesvr’: File exists
mkdir /work/riscv/lib/pkgconfig
for file in libfesvr.a libriscv.so libdisasm.a libcustomext.so libsoftfloat.so; \
  do \
    /usr/bin/install -c -m 644 $file /work/riscv/lib; \
  done
for file in riscv-fesvr.pc riscv-riscv.pc riscv-disasm.pc; \
  do \
    /usr/bin/install -c -m 644 $file /work/riscv/lib/pkgconfig/; \
  done
mkdir /work/riscv/include/riscv
mkdir /work/riscv/include/fdt
mkdir /work/riscv/include/softfloat
gmake: Leaving directory '/work/chipyard/toolchains/riscv-tools/riscv-isa-sim/build'
==>  Installing libfesvr static library
+ /usr/bin/gmake -C /work/chipyard/toolchains/riscv-tools/riscv-isa-sim/build libfesvr.a
gmake: Entering directory '/work/chipyard/toolchains/riscv-tools/riscv-isa-sim/build'
gmake: 'libfesvr.a' is up to date.
gmake: Leaving directory '/work/chipyard/toolchains/riscv-tools/riscv-isa-sim/build'
==>  Installing Proxy Kernel
=>  Starting riscv-pk build
==>  Initializing riscv-pk submodule
+ git submodule update --init --recursive /work/chipyard/toolchains/riscv-tools/riscv-pk
Cloning into '/work/chipyard/toolchains/riscv-tools/riscv-pk'...
Submodule path 'toolchains/riscv-tools/riscv-pk': checked out '1a52fa44aba49307137ea2ad5263613da33a877b'
==>  cd /work/chipyard/toolchains/riscv-tools/riscv-pk
+ mkdir -p build
==>  Configuring riscv-pk
+ cd build
+ ../configure --prefix=/work/riscv --host=riscv64-unknown-elf --with-arch=rv64gc_zifencei
checking build system type... aarch64-unknown-linux-gnu
checking host system type... riscv64-unknown-elf
checking for riscv64-unknown-elf-gcc... riscv64-unknown-elf-gcc
checking whether the C compiler works... no
configure: error: in `/work/chipyard/toolchains/riscv-tools/riscv-pk/build':
configure: error: C compiler cannot create executables
See `config.log' for more details
build-setup.sh: Build script failed with exit code 77 at step 3: Building toolchain collateral
