=== [2026-06-11T22:22:47+07:00] P1 step 6 (tiếp): build Baseline4CoreConfig + Baseline8CoreConfig ===
########## Baseline4CoreConfig ##########
Running with RISCV=/work/riscv
mkdir -p /work/chipyard/sims/verilator/generated-src/chipyard.harness.TestHarness.Baseline4CoreConfig
mkdir -p /work/chipyard/sims/verilator/generated-src/chipyard.harness.TestHarness.Baseline4CoreConfig/
cp -f /work/chipyard/generators/testchipip/src/main/resources/testchipip/bootrom/bootrom.rv64.img /work/chipyard/sims/verilator/generated-src/chipyard.harness.TestHarness.Baseline4CoreConfig/bootrom.rv64.img
cp -f /work/chipyard/generators/testchipip/src/main/resources/testchipip/bootrom/bootrom.rv32.img /work/chipyard/sims/verilator/generated-src/chipyard.harness.TestHarness.Baseline4CoreConfig/bootrom.rv32.img
echo "emittedLineLength=2048,noAlwaysComb,disallowLocalVariables,verifLabels,disallowPortDeclSharing,locationInfoStyle=wrapInAtSquareBracket" > /work/chipyard/sims/verilator/generated-src/chipyard.harness.TestHarness.Baseline4CoreConfig/.mfc_lowering_options
mkdir -p /work/chipyard/sims/verilator/generated-src/chipyard.harness.TestHarness.Baseline4CoreConfig
(set -o pipefail && 	cd /work/chipyard && java -cp /work/chipyard/.classpath_cache/chipyard.jar chipyard.Generator  --target-dir /work/chipyard/sims/verilator/generated-src/chipyard.harness.TestHarness.Baseline4CoreConfig --name chipyard.harness.TestHarness.Baseline4CoreConfig --top-module chipyard.harness.TestHarness --legacy-configs chipyard:Baseline4CoreConfig   | tee /work/chipyard/sims/verilator/generated-src/chipyard.harness.TestHarness.Baseline4CoreConfig/chipyard.harness.TestHarness.Baseline4CoreConfig.chisel.log)
Picked up JAVA_TOOL_OPTIONS: -Xmx8G -Xss8M -Djava.io.tmpdir=/work/chipyard/.java_tmp
L2 InclusiveCache Client Map:
	0 <= debug
	1 <= serial_tl_0_0
	2 <= serial_tl_0_1
	3 <= serial_tl_0_2
	4 <= serial_tl_0_3
	5 <= Core 0 DCache
	6 <= Core 0 ICache
	7 <= Core 1 DCache
	8 <= Core 1 ICache
	9 <= Core 2 DCache
	10 <= Core 2 ICache
	11 <= Core 3 DCache
	12 <= Core 3 ICache

Interrupt map (8 harts 1 interrupts):
  [1, 1] => uart_0

<stdin>:172.18-177.5: Warning (simple_bus_reg): /soc/cbus_clock: missing or empty reg/ranges property
<stdin>:199.18-204.5: Warning (simple_bus_reg): /soc/fbus_clock: missing or empty reg/ranges property
<stdin>:215.18-220.5: Warning (simple_bus_reg): /soc/mbus_clock: missing or empty reg/ranges property
<stdin>:221.18-226.5: Warning (simple_bus_reg): /soc/pbus_clock: missing or empty reg/ranges property
<stdin>:232.18-237.5: Warning (simple_bus_reg): /soc/sbus_clock: missing or empty reg/ranges property
Clock sbus_0: using diplomatically specified frequency of 500.0.
Clock pbus_0: using diplomatically specified frequency of 500.0.
Clock fbus_0: using diplomatically specified frequency of 500.0.
Clock mbus_0: using diplomatically specified frequency of 500.0.
Clock cbus_0: using diplomatically specified frequency of 500.0.
/dts-v1/;

/ {
	#address-cells = <1>;
	#size-cells = <1>;
	compatible = "ucb-bar,chipyard-dev";
	model = "ucb-bar,chipyard";
	L3: aliases {
		serial0 = &L35;
	};
	L27: chosen {
		stdout-path = &L35;
	};
	L2: cpus {
		#address-cells = <1>;
		#size-cells = <0>;
		timebase-frequency = <500000>;
		L13: cpu@0 {
			clock-frequency = <0>;
			compatible = "sifive,rocket0", "riscv";
			d-cache-block-size = <64>;
			d-cache-sets = <64>;
			d-cache-size = <16384>;
			d-tlb-sets = <1>;
			d-tlb-size = <32>;
			device_type = "cpu";
			hardware-exec-breakpoint-count = <1>;
			i-cache-block-size = <64>;
			i-cache-sets = <64>;
			i-cache-size = <16384>;
			i-tlb-sets = <1>;
			i-tlb-size = <32>;
			mmu-type = "riscv,sv39";
			next-level-cache = <&L10>;
			reg = <0x0>;
			riscv,isa = "rv64imafdczicsr_zifencei_zihpm_xrocket";
			riscv,pmpgranularity = <4>;
			riscv,pmpregions = <8>;
			status = "okay";
			timebase-frequency = <500000>;
			tlb-split;
			L11: interrupt-controller {
				#interrupt-cells = <1>;
				compatible = "riscv,cpu-intc";
				interrupt-controller;
			};
		};
		L16: cpu@1 {
			clock-frequency = <0>;
			compatible = "sifive,rocket0", "riscv";
			d-cache-block-size = <64>;
			d-cache-sets = <64>;
			d-cache-size = <16384>;
			d-tlb-sets = <1>;
			d-tlb-size = <32>;
			device_type = "cpu";
			hardware-exec-breakpoint-count = <1>;
			i-cache-block-size = <64>;
			i-cache-sets = <64>;
			i-cache-size = <16384>;
			i-tlb-sets = <1>;
			i-tlb-size = <32>;
			mmu-type = "riscv,sv39";
			next-level-cache = <&L10>;
			reg = <0x1>;
			riscv,isa = "rv64imafdczicsr_zifencei_zihpm_xrocket";
			riscv,pmpgranularity = <4>;
			riscv,pmpregions = <8>;
			status = "okay";
			timebase-frequency = <500000>;
			tlb-split;
			L14: interrupt-controller {
				#interrupt-cells = <1>;
				compatible = "riscv,cpu-intc";
				interrupt-controller;
			};
		};
		L19: cpu@2 {
			clock-frequency = <0>;
			compatible = "sifive,rocket0", "riscv";
			d-cache-block-size = <64>;
			d-cache-sets = <64>;
			d-cache-size = <16384>;
			d-tlb-sets = <1>;
			d-tlb-size = <32>;
			device_type = "cpu";
			hardware-exec-breakpoint-count = <1>;
			i-cache-block-size = <64>;
			i-cache-sets = <64>;
			i-cache-size = <16384>;
			i-tlb-sets = <1>;
			i-tlb-size = <32>;
			mmu-type = "riscv,sv39";
			next-level-cache = <&L10>;
			reg = <0x2>;
			riscv,isa = "rv64imafdczicsr_zifencei_zihpm_xrocket";
			riscv,pmpgranularity = <4>;
			riscv,pmpregions = <8>;
			status = "okay";
			timebase-frequency = <500000>;
			tlb-split;
			L17: interrupt-controller {
				#interrupt-cells = <1>;
				compatible = "riscv,cpu-intc";
				interrupt-controller;
			};
		};
		L22: cpu@3 {
			clock-frequency = <0>;
			compatible = "sifive,rocket0", "riscv";
			d-cache-block-size = <64>;
			d-cache-sets = <64>;
			d-cache-size = <16384>;
			d-tlb-sets = <1>;
			d-tlb-size = <32>;
			device_type = "cpu";
			hardware-exec-breakpoint-count = <1>;
			i-cache-block-size = <64>;
			i-cache-sets = <64>;
			i-cache-size = <16384>;
			i-tlb-sets = <1>;
			i-tlb-size = <32>;
			mmu-type = "riscv,sv39";
			next-level-cache = <&L10>;
			reg = <0x3>;
			riscv,isa = "rv64imafdczicsr_zifencei_zihpm_xrocket";
			riscv,pmpgranularity = <4>;
			riscv,pmpregions = <8>;
			status = "okay";
			timebase-frequency = <500000>;
			tlb-split;
			L20: interrupt-controller {
				#interrupt-cells = <1>;
				compatible = "riscv,cpu-intc";
				interrupt-controller;
			};
		};
	};
	L38: htif {
		compatible = "ucb,htif0";
	};
	L34: memory@8000000 {
		device_type = "memory";
		reg = <0x8000000 0x10000>;
		status = "disabled";
	};
	L30: memory@80000000 {
		device_type = "memory";
		reg = <0x80000000 0x10000000>;
	};
	L1: soc {
		#address-cells = <1>;
		#size-cells = <1>;
		compatible = "ucb-bar,chipyard-soc", "simple-bus";
		ranges;
		L33: boot-address-reg@1000 {
			reg = <0x1000 0x1000>;
			reg-names = "control";
		};
		L10: cache-controller@2010000 {
			cache-block-size = <64>;
			cache-level = <2>;
			cache-sets = <1024>;
			cache-size = <524288>;
			cache-unified;
			compatible = "sifive,inclusivecache0", "cache";
			next-level-cache = <&L30 &L34>;
			reg = <0x2010000 0x1000>;
			reg-names = "control";
			sifive,mshr-count = <7>;
		};
		L7: cbus_clock {
			#clock-cells = <0>;
			clock-frequency = <500000000>;
			clock-output-names = "cbus_clock";
			compatible = "fixed-clock";
		};
		L23: clint@2000000 {
			compatible = "riscv,clint0";
			interrupts-extended = <&L11 3 &L11 7 &L14 3 &L14 7 &L17 3 &L17 7 &L20 3 &L20 7>;
			reg = <0x2000000 0x10000>;
			reg-names = "control";
		};
		L36: clock-gater@100000 {
			reg = <0x100000 0x1000>;
			reg-names = "control";
		};
		L25: debug-controller@0 {
			compatible = "sifive,debug-013", "riscv,debug-013";
			debug-attach = "jtag";
			interrupts-extended = <&L11 65535 &L14 65535 &L17 65535 &L20 65535>;
			reg = <0x0 0x1000>;
			reg-names = "control";
		};
		L8: error-device@3000 {
			compatible = "sifive,error0";
			reg = <0x3000 0x1000>;
		};
		L6: fbus_clock {
			#clock-cells = <0>;
			clock-frequency = <500000000>;
			clock-output-names = "fbus_clock";
			compatible = "fixed-clock";
		};
		L24: interrupt-controller@c000000 {
			#interrupt-cells = <1>;
			compatible = "riscv,plic0";
			interrupt-controller;
			interrupts-extended = <&L11 11 &L11 9 &L14 11 &L14 9 &L17 11 &L17 9 &L20 11 &L20 9>;
			reg = <0xc000000 0x4000000>;
			reg-names = "control";
			riscv,max-priority = <1>;
			riscv,ndev = <1>;
		};
		L9: mbus_clock {
			#clock-cells = <0>;
			clock-frequency = <500000000>;
			clock-output-names = "mbus_clock";
			compatible = "fixed-clock";
		};
		L5: pbus_clock {
			#clock-cells = <0>;
			clock-frequency = <500000000>;
			clock-output-names = "pbus_clock";
			compatible = "fixed-clock";
		};
		L32: rom@10000 {
			compatible = "sifive,rom0";
			reg = <0x10000 0x10000>;
			reg-names = "mem";
		};
		L4: sbus_clock {
			#clock-cells = <0>;
			clock-frequency = <500000000>;
			clock-output-names = "sbus_clock";
			compatible = "fixed-clock";
		};
		L35: serial@10020000 {
			clocks = <&L5>;
			compatible = "sifive,uart0";
			interrupt-parent = <&L24>;
			interrupts = <1>;
			reg = <0x10020000 0x1000>;
			reg-names = "control";
		};
		L37: tile-reset-setter@110000 {
			reg = <0x110000 0x1000>;
			reg-names = "control";
		};
	};
};

Generated Address Map
	       0 -     1000 ARWX  debug-controller@0
	    1000 -     2000 ARW   boot-address-reg@1000
	    3000 -     4000 ARWX  error-device@3000
	   10000 -    20000  R X  rom@10000
	  100000 -   101000 ARW   clock-gater@100000
	  110000 -   111000 ARW   tile-reset-setter@110000
	 2000000 -  2010000 ARW   clint@2000000
	 2010000 -  2011000 ARW   cache-controller@2010000
	 8000000 -  8010000 ARWXC memory@8000000
	 c000000 - 10000000 ARW   interrupt-controller@c000000
	10020000 - 10021000 ARW   serial@10020000
	80000000 - 90000000 ARWXC memory@80000000

IOCells generated by IOBinders:
  IOBinder for interface sifive.blocks.devices.uart.HasPeripheryUART generated:
    1 X GenericDigitalInIOCell
    1 X GenericDigitalOutIOCell
  IOBinder for interface testchipip.boot.CanHavePeripheryCustomBootPin generated:
    1 X GenericDigitalInIOCell
  IOBinder for interface freechips.rocketchip.devices.debug.HasPeripheryDebug generated:
    3 X GenericDigitalInIOCell
    1 X GenericDigitalOutIOCell
  IOBinder for interface chipyard.clocking.CanHaveClockTap generated:
    1 X GenericDigitalOutIOCell
  IOBinder for interface testchipip.serdes.CanHavePeripheryTLSerial generated:
    35 X GenericDigitalInIOCell
    34 X GenericDigitalOutIOCell

  Total generated 77 IOCells:
    40 X GenericDigitalInIOCell
    37 X GenericDigitalOutIOCell
Harness binder clock is 100.0
[warn] generators/rocket-chip/src/main/scala/devices/debug/Debug.scala 1128:60: [W002] Dynamic index with width 10 is too large for extractee of width 4
[warn]         hgHartFiring(hg) := hartHaltedWrEn & ~haltedBitRegs(hartHaltedId) & (hgParticipateHart(hartSelFuncs.hartIdToHartSel(hartHaltedId)) === hg.U)
[warn]                                                            ^
[warn] generators/rocket-chip/src/main/scala/devices/debug/Debug.scala 1128:95: [W004] Dynamic index with width 10 is too wide for Vec of size 4 (expected index width 2).
[warn]         hgHartFiring(hg) := hartHaltedWrEn & ~haltedBitRegs(hartHaltedId) & (hgParticipateHart(hartSelFuncs.hartIdToHartSel(hartHaltedId)) === hg.U)
[warn]                                                                                               ^
[warn] generators/testchipip/src/main/scala/serdes/TLSerdes.scala 85:9: [W008] Return values of asTypeOf will soon be read-only
[warn]       c <> b.io.protocol
[warn]         ^
[warn] There were 3 warning(s) during hardware elaboration.
echo "$mfc_extra_anno_contents" > /work/chipyard/sims/verilator/generated-src/chipyard.harness.TestHarness.Baseline4CoreConfig/chipyard.harness.TestHarness.Baseline4CoreConfig.extrafirtool.anno.json
jq -s '[.[][]]' /work/chipyard/sims/verilator/generated-src/chipyard.harness.TestHarness.Baseline4CoreConfig/chipyard.harness.TestHarness.Baseline4CoreConfig.anno.json /work/chipyard/sims/verilator/generated-src/chipyard.harness.TestHarness.Baseline4CoreConfig/chipyard.harness.TestHarness.Baseline4CoreConfig.extrafirtool.anno.json > /work/chipyard/sims/verilator/generated-src/chipyard.harness.TestHarness.Baseline4CoreConfig/chipyard.harness.TestHarness.Baseline4CoreConfig.appended.anno.json
rm -rf /work/chipyard/sims/verilator/generated-src/chipyard.harness.TestHarness.Baseline4CoreConfig/gen-collateral
(set -o pipefail && firtool \
	--format=fir \
	--export-module-hierarchy \
	--verify-each=true \
	--warn-on-unprocessed-annotations \
	--disable-annotation-classless \
	--disable-annotation-unknown \
	--mlir-timing \
	--lowering-options=emittedLineLength=2048,noAlwaysComb,disallowLocalVariables,verifLabels,disallowPortDeclSharing,locationInfoStyle=wrapInAtSquareBracket \
	--repl-seq-mem \
	--repl-seq-mem-file=/work/chipyard/sims/verilator/generated-src/chipyard.harness.TestHarness.Baseline4CoreConfig/chipyard.harness.TestHarness.Baseline4CoreConfig.mems.conf \
	--annotation-file=/work/chipyard/sims/verilator/generated-src/chipyard.harness.TestHarness.Baseline4CoreConfig/chipyard.harness.TestHarness.Baseline4CoreConfig.appended.anno.json \
	--split-verilog \
	-o /work/chipyard/sims/verilator/generated-src/chipyard.harness.TestHarness.Baseline4CoreConfig/gen-collateral \
	/work/chipyard/sims/verilator/generated-src/chipyard.harness.TestHarness.Baseline4CoreConfig/chipyard.harness.TestHarness.Baseline4CoreConfig.fir |& tee /work/chipyard/sims/verilator/generated-src/chipyard.harness.TestHarness.Baseline4CoreConfig/chipyard.harness.TestHarness.Baseline4CoreConfig.firtool.log)
generators/rocket-chip/src/main/scala/tilelink/Monitor.scala:36:7: warning: module contains 114 printf-encoded verification operation(s), which are deprecated and will be removed in the future
generators/rocket-chip/src/main/scala/tilelink/Monitor.scala:45:11: note: example printf here, will just be a printf in the future
generators/rocket-chip/src/main/scala/tilelink/Monitor.scala:36:7: note: For more information, see https://github.com/llvm/circt/issues/6970
generators/rocket-chip/src/main/scala/tilelink/Monitor.scala:36:7: warning: module contains 210 printf-encoded verification operation(s), which are deprecated and will be removed in the future
generators/rocket-chip/src/main/scala/tilelink/Monitor.scala:45:11: note: example printf here, will just be a printf in the future
generators/rocket-chip/src/main/scala/tilelink/Monitor.scala:36:7: note: For more information, see https://github.com/llvm/circt/issues/6970
generators/rocket-chip/src/main/scala/tilelink/Monitor.scala:36:7: warning: module contains 210 printf-encoded verification operation(s), which are deprecated and will be removed in the future
generators/rocket-chip/src/main/scala/tilelink/Monitor.scala:45:11: note: example printf here, will just be a printf in the future
generators/rocket-chip/src/main/scala/tilelink/Monitor.scala:36:7: note: For more information, see https://github.com/llvm/circt/issues/6970
generators/rocket-chip/src/main/scala/tilelink/Monitor.scala:36:7: warning: module contains 210 printf-encoded verification operation(s), which are deprecated and will be removed in the future
generators/rocket-chip/src/main/scala/tilelink/Monitor.scala:45:11: note: example printf here, will just be a printf in the future
generators/rocket-chip/src/main/scala/tilelink/Monitor.scala:36:7: note: For more information, see https://github.com/llvm/circt/issues/6970
generators/rocket-chip/src/main/scala/tilelink/Monitor.scala:36:7: warning: module contains 210 printf-encoded verification operation(s), which are deprecated and will be removed in the future
generators/rocket-chip/src/main/scala/tilelink/Monitor.scala:45:11: note: example printf here, will just be a printf in the future
generators/rocket-chip/src/main/scala/tilelink/Monitor.scala:36:7: note: For more information, see https://github.com/llvm/circt/issues/6970
generators/rocket-chip/src/main/scala/tilelink/Xbar.scala:74:9: warning: module contains 27 printf-encoded verification operation(s), which are deprecated and will be removed in the future
generators/rocket-chip/src/main/scala/tilelink/Arbiter.scala:22:12: note: example printf here, will just be a printf in the future
generators/rocket-chip/src/main/scala/tilelink/Xbar.scala:74:9: note: For more information, see https://github.com/llvm/circt/issues/6970
generators/rocket-chip/src/main/scala/tilelink/Monitor.scala:36:7: warning: module contains 112 printf-encoded verification operation(s), which are deprecated and will be removed in the future
generators/rocket-chip/src/main/scala/tilelink/Monitor.scala:45:11: note: example printf here, will just be a printf in the future
generators/rocket-chip/src/main/scala/tilelink/Monitor.scala:36:7: note: For more information, see https://github.com/llvm/circt/issues/6970
generators/rocket-chip/src/main/scala/tilelink/Xbar.scala:74:9: warning: module contains 3 printf-encoded verification operation(s), which are deprecated and will be removed in the future
generators/rocket-chip/src/main/scala/tilelink/Arbiter.scala:22:12: note: example printf here, will just be a printf in the future
generators/rocket-chip/src/main/scala/tilelink/Xbar.scala:74:9: note: For more information, see https://github.com/llvm/circt/issues/6970
generators/rocket-chip/src/main/scala/tilelink/Monitor.scala:36:7: warning: module contains 114 printf-encoded verification operation(s), which are deprecated and will be removed in the future
generators/rocket-chip/src/main/scala/tilelink/Monitor.scala:45:11: note: example printf here, will just be a printf in the future
generators/rocket-chip/src/main/scala/tilelink/Monitor.scala:36:7: note: For more information, see https://github.com/llvm/circt/issues/6970
generators/rocket-chip/src/main/scala/tilelink/Monitor.scala:36:7: warning: module contains 114 printf-encoded verification operation(s), which are deprecated and will be removed in the future
generators/rocket-chip/src/main/scala/tilelink/Monitor.scala:45:11: note: example printf here, will just be a printf in the future
generators/rocket-chip/src/main/scala/tilelink/Monitor.scala:36:7: note: For more information, see https://github.com/llvm/circt/issues/6970
generators/rocket-chip/src/main/scala/tilelink/AtomicAutomata.scala:36:9: warning: module contains 2 printf-encoded verification operation(s), which are deprecated and will be removed in the future
generators/rocket-chip/src/main/scala/tilelink/Arbiter.scala:77:13: note: example printf here, will just be a printf in the future
generators/rocket-chip/src/main/scala/tilelink/AtomicAutomata.scala:36:9: note: For more information, see https://github.com/llvm/circt/issues/6970
generators/rocket-chip/src/main/scala/tilelink/Monitor.scala:36:7: warning: module contains 114 printf-encoded verification operation(s), which are deprecated and will be removed in the future
generators/rocket-chip/src/main/scala/tilelink/Monitor.scala:45:11: note: example printf here, will just be a printf in the future
generators/rocket-chip/src/main/scala/tilelink/Monitor.scala:36:7: note: For more information, see https://github.com/llvm/circt/issues/6970
generators/rocket-chip/src/main/scala/tilelink/Monitor.scala:36:7: warning: module contains 112 printf-encoded verification operation(s), which are deprecated and will be removed in the future
generators/rocket-chip/src/main/scala/tilelink/Monitor.scala:45:11: note: example printf here, will just be a printf in the future
generators/rocket-chip/src/main/scala/tilelink/Monitor.scala:36:7: note: For more information, see https://github.com/llvm/circt/issues/6970
generators/rocket-chip/src/main/scala/tilelink/Fragmenter.scala:92:9: warning: module contains 3 printf-encoded verification operation(s), which are deprecated and will be removed in the future
generators/rocket-chip/src/main/scala/tilelink/Fragmenter.scala:214:16: note: example printf here, will just be a printf in the future
generators/rocket-chip/src/main/scala/tilelink/Fragmenter.scala:92:9: note: For more information, see https://github.com/llvm/circt/issues/6970
generators/rocket-chip/src/main/scala/tilelink/Monitor.scala:36:7: warning: module contains 112 printf-encoded verification operation(s), which are deprecated and will be removed in the future
generators/rocket-chip/src/main/scala/tilelink/Monitor.scala:45:11: note: example printf here, will just be a printf in the future
generators/rocket-chip/src/main/scala/tilelink/Monitor.scala:36:7: note: For more information, see https://github.com/llvm/circt/issues/6970
generators/rocket-chip/src/main/scala/tilelink/Fragmenter.scala:92:9: warning: module contains 3 printf-encoded verification operation(s), which are deprecated and will be removed in the future
generators/rocket-chip/src/main/scala/tilelink/Fragmenter.scala:214:16: note: example printf here, will just be a printf in the future
generators/rocket-chip/src/main/scala/tilelink/Fragmenter.scala:92:9: note: For more information, see https://github.com/llvm/circt/issues/6970
generators/rocket-chip/src/main/scala/tilelink/Monitor.scala:36:7: warning: module contains 112 printf-encoded verification operation(s), which are deprecated and will be removed in the future
generators/rocket-chip/src/main/scala/tilelink/Monitor.scala:45:11: note: example printf here, will just be a printf in the future
generators/rocket-chip/src/main/scala/tilelink/Monitor.scala:36:7: note: For more information, see https://github.com/llvm/circt/issues/6970
generators/rocket-chip/src/main/scala/tilelink/Monitor.scala:36:7: warning: module contains 114 printf-encoded verification operation(s), which are deprecated and will be removed in the future
generators/rocket-chip/src/main/scala/tilelink/Monitor.scala:45:11: note: example printf here, will just be a printf in the future
generators/rocket-chip/src/main/scala/tilelink/Monitor.scala:36:7: note: For more information, see https://github.com/llvm/circt/issues/6970
generators/rocket-chip/src/main/scala/tilelink/Monitor.scala:36:7: warning: module contains 114 printf-encoded verification operation(s), which are deprecated and will be removed in the future
generators/rocket-chip/src/main/scala/tilelink/Monitor.scala:45:11: note: example printf here, will just be a printf in the future
generators/rocket-chip/src/main/scala/tilelink/Monitor.scala:36:7: note: For more information, see https://github.com/llvm/circt/issues/6970
generators/rocket-chip/src/main/scala/tilelink/Xbar.scala:74:9: warning: module contains 3 printf-encoded verification operation(s), which are deprecated and will be removed in the future
generators/rocket-chip/src/main/scala/tilelink/Arbiter.scala:22:12: note: example printf here, will just be a printf in the future
generators/rocket-chip/src/main/scala/tilelink/Xbar.scala:74:9: note: For more information, see https://github.com/llvm/circt/issues/6970
generators/rocket-chip/src/main/scala/tilelink/Monitor.scala:36:7: warning: module contains 114 printf-encoded verification operation(s), which are deprecated and will be removed in the future
generators/rocket-chip/src/main/scala/tilelink/Monitor.scala:45:11: note: example printf here, will just be a printf in the future
generators/rocket-chip/src/main/scala/tilelink/Monitor.scala:36:7: note: For more information, see https://github.com/llvm/circt/issues/6970
generators/rocket-chip/src/main/scala/tilelink/Monitor.scala:36:7: warning: module contains 114 printf-encoded verification operation(s), which are deprecated and will be removed in the future
generators/rocket-chip/src/main/scala/tilelink/Monitor.scala:45:11: note: example printf here, will just be a printf in the future
generators/rocket-chip/src/main/scala/tilelink/Monitor.scala:36:7: note: For more information, see https://github.com/llvm/circt/issues/6970
generators/rocket-chip/src/main/scala/tilelink/Monitor.scala:36:7: warning: module contains 114 printf-encoded verification operation(s), which are deprecated and will be removed in the future
generators/rocket-chip/src/main/scala/tilelink/Monitor.scala:45:11: note: example printf here, will just be a printf in the future
generators/rocket-chip/src/main/scala/tilelink/Monitor.scala:36:7: note: For more information, see https://github.com/llvm/circt/issues/6970
generators/rocket-chip/src/main/scala/tilelink/Monitor.scala:36:7: warning: module contains 114 printf-encoded verification operation(s), which are deprecated and will be removed in the future
generators/rocket-chip/src/main/scala/tilelink/Monitor.scala:45:11: note: example printf here, will just be a printf in the future
generators/rocket-chip/src/main/scala/tilelink/Monitor.scala:36:7: note: For more information, see https://github.com/llvm/circt/issues/6970
generators/rocket-chip/src/main/scala/tilelink/Monitor.scala:36:7: warning: module contains 114 printf-encoded verification operation(s), which are deprecated and will be removed in the future
generators/rocket-chip/src/main/scala/tilelink/Monitor.scala:45:11: note: example printf here, will just be a printf in the future
generators/rocket-chip/src/main/scala/tilelink/Monitor.scala:36:7: note: For more information, see https://github.com/llvm/circt/issues/6970
generators/rocket-chip/src/main/scala/tilelink/Xbar.scala:74:9: warning: module contains 3 printf-encoded verification operation(s), which are deprecated and will be removed in the future
generators/rocket-chip/src/main/scala/tilelink/Arbiter.scala:22:12: note: example printf here, will just be a printf in the future
generators/rocket-chip/src/main/scala/tilelink/Xbar.scala:74:9: note: For more information, see https://github.com/llvm/circt/issues/6970
generators/rocket-chip/src/main/scala/tilelink/Monitor.scala:36:7: warning: module contains 112 printf-encoded verification operation(s), which are deprecated and will be removed in the future
generators/rocket-chip/src/main/scala/tilelink/Monitor.scala:45:11: note: example printf here, will just be a printf in the future
generators/rocket-chip/src/main/scala/tilelink/Monitor.scala:36:7: note: For more information, see https://github.com/llvm/circt/issues/6970
generators/rocket-chip/src/main/scala/tilelink/Xbar.scala:74:9: warning: module contains 3 printf-encoded verification operation(s), which are deprecated and will be removed in the future
generators/rocket-chip/src/main/scala/tilelink/Arbiter.scala:22:12: note: example printf here, will just be a printf in the future
generators/rocket-chip/src/main/scala/tilelink/Xbar.scala:74:9: note: For more information, see https://github.com/llvm/circt/issues/6970
generators/rocket-chip/src/main/scala/tilelink/Monitor.scala:36:7: warning: module contains 114 printf-encoded verification operation(s), which are deprecated and will be removed in the future
generators/rocket-chip/src/main/scala/tilelink/Monitor.scala:45:11: note: example printf here, will just be a printf in the future
generators/rocket-chip/src/main/scala/tilelink/Monitor.scala:36:7: note: For more information, see https://github.com/llvm/circt/issues/6970
generators/rocket-chip/src/main/scala/tilelink/Monitor.scala:36:7: warning: module contains 114 printf-encoded verification operation(s), which are deprecated and will be removed in the future
generators/rocket-chip/src/main/scala/tilelink/Monitor.scala:45:11: note: example printf here, will just be a printf in the future
generators/rocket-chip/src/main/scala/tilelink/Monitor.scala:36:7: note: For more information, see https://github.com/llvm/circt/issues/6970
generators/rocket-chip/src/main/scala/tilelink/AtomicAutomata.scala:36:9: warning: module contains 2 printf-encoded verification operation(s), which are deprecated and will be removed in the future
generators/rocket-chip/src/main/scala/tilelink/Arbiter.scala:77:13: note: example printf here, will just be a printf in the future
generators/rocket-chip/src/main/scala/tilelink/AtomicAutomata.scala:36:9: note: For more information, see https://github.com/llvm/circt/issues/6970
generators/rocket-chip/src/main/scala/tilelink/Monitor.scala:36:7: warning: module contains 114 printf-encoded verification operation(s), which are deprecated and will be removed in the future
generators/rocket-chip/src/main/scala/tilelink/Monitor.scala:45:11: note: example printf here, will just be a printf in the future
generators/rocket-chip/src/main/scala/tilelink/Monitor.scala:36:7: note: For more information, see https://github.com/llvm/circt/issues/6970
generators/rocket-chip/src/main/scala/devices/tilelink/Error.scala:21:9: warning: module contains 1 printf-encoded verification operation(s), which are deprecated and will be removed in the future
generators/rocket-chip/src/main/scala/devices/tilelink/Error.scala:34:12: note: example printf here, will just be a printf in the future
generators/rocket-chip/src/main/scala/devices/tilelink/Error.scala:21:9: note: For more information, see https://github.com/llvm/circt/issues/6970
generators/rocket-chip/src/main/scala/tilelink/Monitor.scala:36:7: warning: module contains 114 printf-encoded verification operation(s), which are deprecated and will be removed in the future
generators/rocket-chip/src/main/scala/tilelink/Monitor.scala:45:11: note: example printf here, will just be a printf in the future
generators/rocket-chip/src/main/scala/tilelink/Monitor.scala:36:7: note: For more information, see https://github.com/llvm/circt/issues/6970
generators/rocket-chip/src/main/scala/tilelink/Monitor.scala:36:7: warning: module contains 114 printf-encoded verification operation(s), which are deprecated and will be removed in the future
generators/rocket-chip/src/main/scala/tilelink/Monitor.scala:45:11: note: example printf here, will just be a printf in the future
generators/rocket-chip/src/main/scala/tilelink/Monitor.scala:36:7: note: For more information, see https://github.com/llvm/circt/issues/6970
generators/rocket-chip/src/main/scala/tilelink/Monitor.scala:36:7: warning: module contains 114 printf-encoded verification operation(s), which are deprecated and will be removed in the future
generators/rocket-chip/src/main/scala/tilelink/Monitor.scala:45:11: note: example printf here, will just be a printf in the future
generators/rocket-chip/src/main/scala/tilelink/Monitor.scala:36:7: note: For more information, see https://github.com/llvm/circt/issues/6970
generators/rocket-chip/src/main/scala/tilelink/Fragmenter.scala:92:9: warning: module contains 3 printf-encoded verification operation(s), which are deprecated and will be removed in the future
generators/rocket-chip/src/main/scala/tilelink/Fragmenter.scala:214:16: note: example printf here, will just be a printf in the future
generators/rocket-chip/src/main/scala/tilelink/Fragmenter.scala:92:9: note: For more information, see https://github.com/llvm/circt/issues/6970
generators/rocket-chip/src/main/scala/tilelink/Monitor.scala:36:7: warning: module contains 112 printf-encoded verification operation(s), which are deprecated and will be removed in the future
generators/rocket-chip/src/main/scala/tilelink/Monitor.scala:45:11: note: example printf here, will just be a printf in the future
generators/rocket-chip/src/main/scala/tilelink/Monitor.scala:36:7: note: For more information, see https://github.com/llvm/circt/issues/6970
generators/rocket-chip/src/main/scala/tilelink/Fragmenter.scala:92:9: warning: module contains 3 printf-encoded verification operation(s), which are deprecated and will be removed in the future
generators/rocket-chip/src/main/scala/tilelink/Fragmenter.scala:214:16: note: example printf here, will just be a printf in the future
generators/rocket-chip/src/main/scala/tilelink/Fragmenter.scala:92:9: note: For more information, see https://github.com/llvm/circt/issues/6970
generators/rocket-chip/src/main/scala/tilelink/Monitor.scala:36:7: warning: module contains 114 printf-encoded verification operation(s), which are deprecated and will be removed in the future
generators/rocket-chip/src/main/scala/tilelink/Monitor.scala:45:11: note: example printf here, will just be a printf in the future
generators/rocket-chip/src/main/scala/tilelink/Monitor.scala:36:7: note: For more information, see https://github.com/llvm/circt/issues/6970
generators/rocket-chip/src/main/scala/tilelink/Fragmenter.scala:92:9: warning: module contains 3 printf-encoded verification operation(s), which are deprecated and will be removed in the future
generators/rocket-chip/src/main/scala/tilelink/Fragmenter.scala:214:16: note: example printf here, will just be a printf in the future
generators/rocket-chip/src/main/scala/tilelink/Fragmenter.scala:92:9: note: For more information, see https://github.com/llvm/circt/issues/6970
generators/rocket-chip/src/main/scala/tilelink/Monitor.scala:36:7: warning: module contains 112 printf-encoded verification operation(s), which are deprecated and will be removed in the future
generators/rocket-chip/src/main/scala/tilelink/Monitor.scala:45:11: note: example printf here, will just be a printf in the future
generators/rocket-chip/src/main/scala/tilelink/Monitor.scala:36:7: note: For more information, see https://github.com/llvm/circt/issues/6970
generators/rocket-chip/src/main/scala/tilelink/Fragmenter.scala:92:9: warning: module contains 3 printf-encoded verification operation(s), which are deprecated and will be removed in the future
generators/rocket-chip/src/main/scala/tilelink/Fragmenter.scala:214:16: note: example printf here, will just be a printf in the future
generators/rocket-chip/src/main/scala/tilelink/Fragmenter.scala:92:9: note: For more information, see https://github.com/llvm/circt/issues/6970
generators/rocket-chip/src/main/scala/tilelink/Monitor.scala:36:7: warning: module contains 112 printf-encoded verification operation(s), which are deprecated and will be removed in the future
generators/rocket-chip/src/main/scala/tilelink/Monitor.scala:45:11: note: example printf here, will just be a printf in the future
generators/rocket-chip/src/main/scala/tilelink/Monitor.scala:36:7: note: For more information, see https://github.com/llvm/circt/issues/6970
generators/rocket-chip/src/main/scala/tilelink/Fragmenter.scala:92:9: warning: module contains 3 printf-encoded verification operation(s), which are deprecated and will be removed in the future
generators/rocket-chip/src/main/scala/tilelink/Fragmenter.scala:214:16: note: example printf here, will just be a printf in the future
generators/rocket-chip/src/main/scala/tilelink/Fragmenter.scala:92:9: note: For more information, see https://github.com/llvm/circt/issues/6970
generators/rocket-chip/src/main/scala/tilelink/Monitor.scala:36:7: warning: module contains 114 printf-encoded verification operation(s), which are deprecated and will be removed in the future
generators/rocket-chip/src/main/scala/tilelink/Monitor.scala:45:11: note: example printf here, will just be a printf in the future
generators/rocket-chip/src/main/scala/tilelink/Monitor.scala:36:7: note: For more information, see https://github.com/llvm/circt/issues/6970
generators/rocket-chip/src/main/scala/tilelink/Monitor.scala:36:7: warning: module contains 114 printf-encoded verification operation(s), which are deprecated and will be removed in the future
generators/rocket-chip/src/main/scala/tilelink/Monitor.scala:45:11: note: example printf here, will just be a printf in the future
generators/rocket-chip/src/main/scala/tilelink/Monitor.scala:36:7: note: For more information, see https://github.com/llvm/circt/issues/6970
generators/rocket-chip/src/main/scala/tilelink/Xbar.scala:74:9: warning: module contains 3 printf-encoded verification operation(s), which are deprecated and will be removed in the future
generators/rocket-chip/src/main/scala/tilelink/Arbiter.scala:22:12: note: example printf here, will just be a printf in the future
generators/rocket-chip/src/main/scala/tilelink/Xbar.scala:74:9: note: For more information, see https://github.com/llvm/circt/issues/6970
generators/rocket-chip/src/main/scala/tilelink/Monitor.scala:36:7: warning: module contains 114 printf-encoded verification operation(s), which are deprecated and will be removed in the future
generators/rocket-chip/src/main/scala/tilelink/Monitor.scala:45:11: note: example printf here, will just be a printf in the future
generators/rocket-chip/src/main/scala/tilelink/Monitor.scala:36:7: note: For more information, see https://github.com/llvm/circt/issues/6970
generators/rocket-chip/src/main/scala/tilelink/Monitor.scala:36:7: warning: module contains 114 printf-encoded verification operation(s), which are deprecated and will be removed in the future
generators/rocket-chip/src/main/scala/tilelink/Monitor.scala:45:11: note: example printf here, will just be a printf in the future
generators/rocket-chip/src/main/scala/tilelink/Monitor.scala:36:7: note: For more information, see https://github.com/llvm/circt/issues/6970
generators/rocket-chip/src/main/scala/amba/axi4/UserYanker.scala:36:9: warning: module contains 2 printf-encoded verification operation(s), which are deprecated and will be removed in the future
generators/rocket-chip/src/main/scala/amba/axi4/UserYanker.scala:69:14: note: example printf here, will just be a printf in the future
generators/rocket-chip/src/main/scala/amba/axi4/UserYanker.scala:36:9: note: For more information, see https://github.com/llvm/circt/issues/6970
generators/rocket-chip/src/main/scala/tilelink/Monitor.scala:36:7: warning: module contains 114 printf-encoded verification operation(s), which are deprecated and will be removed in the future
generators/rocket-chip/src/main/scala/tilelink/Monitor.scala:45:11: note: example printf here, will just be a printf in the future
generators/rocket-chip/src/main/scala/tilelink/Monitor.scala:36:7: note: For more information, see https://github.com/llvm/circt/issues/6970
generators/rocket-chip/src/main/scala/tilelink/ToAXI4.scala:103:9: warning: module contains 20 printf-encoded verification operation(s), which are deprecated and will be removed in the future
generators/rocket-chip/src/main/scala/tilelink/ToAXI4.scala:280:16: note: example printf here, will just be a printf in the future
generators/rocket-chip/src/main/scala/tilelink/ToAXI4.scala:103:9: note: For more information, see https://github.com/llvm/circt/issues/6970
generators/rocket-chip/src/main/scala/tilelink/Monitor.scala:36:7: warning: module contains 114 printf-encoded verification operation(s), which are deprecated and will be removed in the future
generators/rocket-chip/src/main/scala/tilelink/Monitor.scala:45:11: note: example printf here, will just be a printf in the future
generators/rocket-chip/src/main/scala/tilelink/Monitor.scala:36:7: note: For more information, see https://github.com/llvm/circt/issues/6970
generators/rocket-chip/src/main/scala/tilelink/Monitor.scala:36:7: warning: module contains 114 printf-encoded verification operation(s), which are deprecated and will be removed in the future
generators/rocket-chip/src/main/scala/tilelink/Monitor.scala:45:11: note: example printf here, will just be a printf in the future
generators/rocket-chip/src/main/scala/tilelink/Monitor.scala:36:7: note: For more information, see https://github.com/llvm/circt/issues/6970
generators/rocket-chip/src/main/scala/tilelink/Monitor.scala:36:7: warning: module contains 210 printf-encoded verification operation(s), which are deprecated and will be removed in the future
generators/rocket-chip/src/main/scala/tilelink/Monitor.scala:45:11: note: example printf here, will just be a printf in the future
generators/rocket-chip/src/main/scala/tilelink/Monitor.scala:36:7: note: For more information, see https://github.com/llvm/circt/issues/6970
generators/rocket-chip-inclusive-cache/design/craft/inclusivecache/src/SourceA.scala:33:7: warning: module contains 3 printf-encoded verification operation(s), which are deprecated and will be removed in the future
generators/rocket-chip-inclusive-cache/design/craft/inclusivecache/src/Parameters.scala:222:12: note: example printf here, will just be a printf in the future
generators/rocket-chip-inclusive-cache/design/craft/inclusivecache/src/SourceA.scala:33:7: note: For more information, see https://github.com/llvm/circt/issues/6970
generators/rocket-chip-inclusive-cache/design/craft/inclusivecache/src/SourceB.scala:33:7: warning: module contains 4 printf-encoded verification operation(s), which are deprecated and will be removed in the future
generators/rocket-chip-inclusive-cache/design/craft/inclusivecache/src/SourceB.scala:59:12: note: example printf here, will just be a printf in the future
generators/rocket-chip-inclusive-cache/design/craft/inclusivecache/src/SourceB.scala:33:7: note: For more information, see https://github.com/llvm/circt/issues/6970
generators/rocket-chip-inclusive-cache/design/craft/inclusivecache/src/SourceC.scala:35:7: warning: module contains 5 printf-encoded verification operation(s), which are deprecated and will be removed in the future
generators/rocket-chip-inclusive-cache/design/craft/inclusivecache/src/SourceC.scala:64:10: note: example printf here, will just be a printf in the future
generators/rocket-chip-inclusive-cache/design/craft/inclusivecache/src/SourceC.scala:35:7: note: For more information, see https://github.com/llvm/circt/issues/6970
generators/rocket-chip-inclusive-cache/design/craft/inclusivecache/src/SourceD.scala:48:7: warning: module contains 3 printf-encoded verification operation(s), which are deprecated and will be removed in the future
generators/rocket-chip-inclusive-cache/design/craft/inclusivecache/src/SourceD.scala:123:10: note: example printf here, will just be a printf in the future
generators/rocket-chip-inclusive-cache/design/craft/inclusivecache/src/SourceD.scala:48:7: note: For more information, see https://github.com/llvm/circt/issues/6970
generators/rocket-chip-inclusive-cache/design/craft/inclusivecache/src/ListBuffer.scala:36:7: warning: module contains 1 printf-encoded verification operation(s), which are deprecated and will be removed in the future
generators/rocket-chip-inclusive-cache/design/craft/inclusivecache/src/ListBuffer.scala:86:10: note: example printf here, will just be a printf in the future
generators/rocket-chip-inclusive-cache/design/craft/inclusivecache/src/ListBuffer.scala:36:7: note: For more information, see https://github.com/llvm/circt/issues/6970
generators/rocket-chip-inclusive-cache/design/craft/inclusivecache/src/ListBuffer.scala:36:7: warning: module contains 1 printf-encoded verification operation(s), which are deprecated and will be removed in the future
generators/rocket-chip-inclusive-cache/design/craft/inclusivecache/src/ListBuffer.scala:86:10: note: example printf here, will just be a printf in the future
generators/rocket-chip-inclusive-cache/design/craft/inclusivecache/src/ListBuffer.scala:36:7: note: For more information, see https://github.com/llvm/circt/issues/6970
generators/rocket-chip-inclusive-cache/design/craft/inclusivecache/src/SinkC.scala:41:7: warning: module contains 1 printf-encoded verification operation(s), which are deprecated and will be removed in the future
generators/rocket-chip-inclusive-cache/design/craft/inclusivecache/src/SinkC.scala:90:12: note: example printf here, will just be a printf in the future
generators/rocket-chip-inclusive-cache/design/craft/inclusivecache/src/SinkC.scala:41:7: note: For more information, see https://github.com/llvm/circt/issues/6970
generators/rocket-chip-inclusive-cache/design/craft/inclusivecache/src/SinkD.scala:34:7: warning: module contains 1 printf-encoded verification operation(s), which are deprecated and will be removed in the future
generators/rocket-chip-inclusive-cache/design/craft/inclusivecache/src/SinkD.scala:82:10: note: example printf here, will just be a printf in the future
generators/rocket-chip-inclusive-cache/design/craft/inclusivecache/src/SinkD.scala:34:7: note: For more information, see https://github.com/llvm/circt/issues/6970
generators/rocket-chip-inclusive-cache/design/craft/inclusivecache/src/Directory.scala:56:7: warning: module contains 5 printf-encoded verification operation(s), which are deprecated and will be removed in the future
generators/rocket-chip-inclusive-cache/design/craft/inclusivecache/src/Directory.scala:86:10: note: example printf here, will just be a printf in the future
generators/rocket-chip-inclusive-cache/design/craft/inclusivecache/src/Directory.scala:56:7: note: For more information, see https://github.com/llvm/circt/issues/6970
generators/rocket-chip-inclusive-cache/design/craft/inclusivecache/src/ListBuffer.scala:36:7: warning: module contains 1 printf-encoded verification operation(s), which are deprecated and will be removed in the future
generators/rocket-chip-inclusive-cache/design/craft/inclusivecache/src/ListBuffer.scala:86:10: note: example printf here, will just be a printf in the future
generators/rocket-chip-inclusive-cache/design/craft/inclusivecache/src/ListBuffer.scala:36:7: note: For more information, see https://github.com/llvm/circt/issues/6970
generators/rocket-chip-inclusive-cache/design/craft/inclusivecache/src/MSHR.scala:84:7: warning: module contains 70 printf-encoded verification operation(s), which are deprecated and will be removed in the future
generators/rocket-chip-inclusive-cache/design/craft/inclusivecache/src/MSHR.scala:105:14: note: example printf here, will just be a printf in the future
generators/rocket-chip-inclusive-cache/design/craft/inclusivecache/src/MSHR.scala:84:7: note: For more information, see https://github.com/llvm/circt/issues/6970
generators/rocket-chip-inclusive-cache/design/craft/inclusivecache/src/MSHR.scala:84:7: warning: module contains 70 printf-encoded verification operation(s), which are deprecated and will be removed in the future
generators/rocket-chip-inclusive-cache/design/craft/inclusivecache/src/MSHR.scala:105:14: note: example printf here, will just be a printf in the future
generators/rocket-chip-inclusive-cache/design/craft/inclusivecache/src/MSHR.scala:84:7: note: For more information, see https://github.com/llvm/circt/issues/6970
generators/rocket-chip-inclusive-cache/design/craft/inclusivecache/src/MSHR.scala:84:7: warning: module contains 70 printf-encoded verification operation(s), which are deprecated and will be removed in the future
generators/rocket-chip-inclusive-cache/design/craft/inclusivecache/src/MSHR.scala:105:14: note: example printf here, will just be a printf in the future
generators/rocket-chip-inclusive-cache/design/craft/inclusivecache/src/MSHR.scala:84:7: note: For more information, see https://github.com/llvm/circt/issues/6970
generators/rocket-chip-inclusive-cache/design/craft/inclusivecache/src/MSHR.scala:84:7: warning: module contains 70 printf-encoded verification operation(s), which are deprecated and will be removed in the future
generators/rocket-chip-inclusive-cache/design/craft/inclusivecache/src/MSHR.scala:105:14: note: example printf here, will just be a printf in the future
generators/rocket-chip-inclusive-cache/design/craft/inclusivecache/src/MSHR.scala:84:7: note: For more information, see https://github.com/llvm/circt/issues/6970
generators/rocket-chip-inclusive-cache/design/craft/inclusivecache/src/MSHR.scala:84:7: warning: module contains 70 printf-encoded verification operation(s), which are deprecated and will be removed in the future
generators/rocket-chip-inclusive-cache/design/craft/inclusivecache/src/MSHR.scala:105:14: note: example printf here, will just be a printf in the future
generators/rocket-chip-inclusive-cache/design/craft/inclusivecache/src/MSHR.scala:84:7: note: For more information, see https://github.com/llvm/circt/issues/6970
generators/rocket-chip-inclusive-cache/design/craft/inclusivecache/src/MSHR.scala:84:7: warning: module contains 70 printf-encoded verification operation(s), which are deprecated and will be removed in the future
generators/rocket-chip-inclusive-cache/design/craft/inclusivecache/src/MSHR.scala:105:14: note: example printf here, will just be a printf in the future
generators/rocket-chip-inclusive-cache/design/craft/inclusivecache/src/MSHR.scala:84:7: note: For more information, see https://github.com/llvm/circt/issues/6970
generators/rocket-chip-inclusive-cache/design/craft/inclusivecache/src/MSHR.scala:84:7: warning: module contains 70 printf-encoded verification operation(s), which are deprecated and will be removed in the future
generators/rocket-chip-inclusive-cache/design/craft/inclusivecache/src/MSHR.scala:105:14: note: example printf here, will just be a printf in the future
generators/rocket-chip-inclusive-cache/design/craft/inclusivecache/src/MSHR.scala:84:7: note: For more information, see https://github.com/llvm/circt/issues/6970
generators/rocket-chip-inclusive-cache/design/craft/inclusivecache/src/Scheduler.scala:27:7: warning: module contains 3 printf-encoded verification operation(s), which are deprecated and will be removed in the future
generators/rocket-chip-inclusive-cache/design/craft/inclusivecache/src/Scheduler.scala:291:12: note: example printf here, will just be a printf in the future
generators/rocket-chip-inclusive-cache/design/craft/inclusivecache/src/Scheduler.scala:27:7: note: For more information, see https://github.com/llvm/circt/issues/6970
generators/rocket-chip/src/main/scala/tilelink/Monitor.scala:36:7: warning: module contains 210 printf-encoded verification operation(s), which are deprecated and will be removed in the future
generators/rocket-chip/src/main/scala/tilelink/Monitor.scala:45:11: note: example printf here, will just be a printf in the future
generators/rocket-chip/src/main/scala/tilelink/Monitor.scala:36:7: note: For more information, see https://github.com/llvm/circt/issues/6970
generators/rocket-chip/src/main/scala/tilelink/Monitor.scala:36:7: warning: module contains 210 printf-encoded verification operation(s), which are deprecated and will be removed in the future
generators/rocket-chip/src/main/scala/tilelink/Monitor.scala:45:11: note: example printf here, will just be a printf in the future
generators/rocket-chip/src/main/scala/tilelink/Monitor.scala:36:7: note: For more information, see https://github.com/llvm/circt/issues/6970
generators/rocket-chip/src/main/scala/util/IDPool.scala:8:7: warning: module contains 3 printf-encoded verification operation(s), which are deprecated and will be removed in the future
generators/rocket-chip/src/main/scala/util/IDPool.scala:44:10: note: example printf here, will just be a printf in the future
generators/rocket-chip/src/main/scala/util/IDPool.scala:8:7: note: For more information, see https://github.com/llvm/circt/issues/6970
generators/rocket-chip/src/main/scala/tilelink/CacheCork.scala:42:9: warning: module contains 6 printf-encoded verification operation(s), which are deprecated and will be removed in the future
generators/rocket-chip/src/main/scala/tilelink/CacheCork.scala:116:16: note: example printf here, will just be a printf in the future
generators/rocket-chip/src/main/scala/tilelink/CacheCork.scala:42:9: note: For more information, see https://github.com/llvm/circt/issues/6970
generators/rocket-chip/src/main/scala/tilelink/Monitor.scala:36:7: warning: module contains 114 printf-encoded verification operation(s), which are deprecated and will be removed in the future
generators/rocket-chip/src/main/scala/tilelink/Monitor.scala:45:11: note: example printf here, will just be a printf in the future
generators/rocket-chip/src/main/scala/tilelink/Monitor.scala:36:7: note: For more information, see https://github.com/llvm/circt/issues/6970
generators/rocket-chip/src/main/scala/tilelink/Monitor.scala:36:7: warning: module contains 210 printf-encoded verification operation(s), which are deprecated and will be removed in the future
generators/rocket-chip/src/main/scala/tilelink/Monitor.scala:45:11: note: example printf here, will just be a printf in the future
generators/rocket-chip/src/main/scala/tilelink/Monitor.scala:36:7: note: For more information, see https://github.com/llvm/circt/issues/6970
generators/rocket-chip/src/main/scala/tilelink/Monitor.scala:36:7: warning: module contains 114 printf-encoded verification operation(s), which are deprecated and will be removed in the future
generators/rocket-chip/src/main/scala/tilelink/Monitor.scala:45:11: note: example printf here, will just be a printf in the future
generators/rocket-chip/src/main/scala/tilelink/Monitor.scala:36:7: note: For more information, see https://github.com/llvm/circt/issues/6970
generators/rocket-chip/src/main/scala/tilelink/Xbar.scala:74:9: warning: module contains 3 printf-encoded verification operation(s), which are deprecated and will be removed in the future
generators/rocket-chip/src/main/scala/tilelink/Arbiter.scala:22:12: note: example printf here, will just be a printf in the future
generators/rocket-chip/src/main/scala/tilelink/Xbar.scala:74:9: note: For more information, see https://github.com/llvm/circt/issues/6970
generators/rocket-chip/src/main/scala/rocket/TLB.scala:318:7: warning: module contains 1 printf-encoded verification operation(s), which are deprecated and will be removed in the future
generators/rocket-chip/src/main/scala/rocket/TLB.scala:719:13: note: example printf here, will just be a printf in the future
generators/rocket-chip/src/main/scala/rocket/TLB.scala:318:7: note: For more information, see https://github.com/llvm/circt/issues/6970
generators/rocket-chip/src/main/scala/rocket/DCache.scala:120:32: warning: module contains 1 printf-encoded verification operation(s), which are deprecated and will be removed in the future
generators/rocket-chip/src/main/scala/rocket/TLB.scala:719:13: note: example printf here, will just be a printf in the future
generators/rocket-chip/src/main/scala/rocket/DCache.scala:120:32: note: For more information, see https://github.com/llvm/circt/issues/6970
generators/rocket-chip/src/main/scala/rocket/DCache.scala:101:7: warning: module contains 10 printf-encoded verification operation(s), which are deprecated and will be removed in the future
generators/rocket-chip/src/main/scala/rocket/DCache.scala:1186:11: note: example printf here, will just be a printf in the future
generators/rocket-chip/src/main/scala/rocket/DCache.scala:101:7: note: For more information, see https://github.com/llvm/circt/issues/6970
generators/rocket-chip/src/main/scala/rocket/ICache.scala:251:7: warning: module contains 3 printf-encoded verification operation(s), which are deprecated and will be removed in the future
generators/rocket-chip/src/main/scala/rocket/ICache.scala:413:11: note: example printf here, will just be a printf in the future
generators/rocket-chip/src/main/scala/rocket/ICache.scala:251:7: note: For more information, see https://github.com/llvm/circt/issues/6970
generators/rocket-chip/src/main/scala/rocket/TLB.scala:318:7: warning: module contains 1 printf-encoded verification operation(s), which are deprecated and will be removed in the future
generators/rocket-chip/src/main/scala/rocket/TLB.scala:719:13: note: example printf here, will just be a printf in the future
generators/rocket-chip/src/main/scala/rocket/TLB.scala:318:7: note: For more information, see https://github.com/llvm/circt/issues/6970
generators/rocket-chip/src/main/scala/rocket/Frontend.scala:82:7: warning: module contains 3 printf-encoded verification operation(s), which are deprecated and will be removed in the future
generators/rocket-chip/src/main/scala/rocket/Frontend.scala:96:9: note: example printf here, will just be a printf in the future
generators/rocket-chip/src/main/scala/rocket/Frontend.scala:82:7: note: For more information, see https://github.com/llvm/circt/issues/6970
generators/rocket-chip/src/main/scala/tile/FPU.scala:735:7: warning: module contains 3 printf-encoded verification operation(s), which are deprecated and will be removed in the future
generators/rocket-chip/src/main/scala/tile/FPU.scala:822:11: note: example printf here, will just be a printf in the future
generators/rocket-chip/src/main/scala/tile/FPU.scala:735:7: note: For more information, see https://github.com/llvm/circt/issues/6970
generators/rocket-chip/src/main/scala/rocket/PTW.scala:219:7: warning: module contains 5 printf-encoded verification operation(s), which are deprecated and will be removed in the future
generators/rocket-chip/src/main/scala/rocket/PTW.scala:395:9: note: example printf here, will just be a printf in the future
generators/rocket-chip/src/main/scala/rocket/PTW.scala:219:7: note: For more information, see https://github.com/llvm/circt/issues/6970
generators/rocket-chip/src/main/scala/rocket/IBuf.scala:21:7: warning: module contains 1 printf-encoded verification operation(s), which are deprecated and will be removed in the future
generators/rocket-chip/src/main/scala/rocket/IBuf.scala:79:9: note: example printf here, will just be a printf in the future
generators/rocket-chip/src/main/scala/rocket/IBuf.scala:21:7: note: For more information, see https://github.com/llvm/circt/issues/6970
generators/rocket-chip/src/main/scala/rocket/CSR.scala:377:7: warning: module contains 3 printf-encoded verification operation(s), which are deprecated and will be removed in the future
generators/rocket-chip/src/main/scala/rocket/CSR.scala:1021:9: note: example printf here, will just be a printf in the future
generators/rocket-chip/src/main/scala/rocket/CSR.scala:377:7: note: For more information, see https://github.com/llvm/circt/issues/6970
generators/rocket-chip/src/main/scala/util/PlusArg.scala:58:7: warning: module contains 1 printf-encoded verification operation(s), which are deprecated and will be removed in the future
generators/rocket-chip/src/main/scala/util/PlusArg.scala:64:12: note: example printf here, will just be a printf in the future
generators/rocket-chip/src/main/scala/util/PlusArg.scala:58:7: note: For more information, see https://github.com/llvm/circt/issues/6970
generators/rocket-chip/src/main/scala/rocket/RocketCore.scala:153:7: warning: module contains 1 printf-encoded verification operation(s), which are deprecated and will be removed in the future
generators/rocket-chip/src/main/scala/rocket/RocketCore.scala:855:11: note: example printf here, will just be a printf in the future
generators/rocket-chip/src/main/scala/rocket/RocketCore.scala:153:7: note: For more information, see https://github.com/llvm/circt/issues/6970
generators/rocket-chip/src/main/scala/tilelink/Monitor.scala:36:7: warning: module contains 210 printf-encoded verification operation(s), which are deprecated and will be removed in the future
generators/rocket-chip/src/main/scala/tilelink/Monitor.scala:45:11: note: example printf here, will just be a printf in the future
generators/rocket-chip/src/main/scala/tilelink/Monitor.scala:36:7: note: For more information, see https://github.com/llvm/circt/issues/6970
generators/rocket-chip/src/main/scala/tilelink/Monitor.scala:36:7: warning: module contains 210 printf-encoded verification operation(s), which are deprecated and will be removed in the future
generators/rocket-chip/src/main/scala/tilelink/Monitor.scala:45:11: note: example printf here, will just be a printf in the future
generators/rocket-chip/src/main/scala/tilelink/Monitor.scala:36:7: note: For more information, see https://github.com/llvm/circt/issues/6970
generators/rocket-chip/src/main/scala/tilelink/Monitor.scala:36:7: warning: module contains 114 printf-encoded verification operation(s), which are deprecated and will be removed in the future
generators/rocket-chip/src/main/scala/tilelink/Monitor.scala:45:11: note: example printf here, will just be a printf in the future
generators/rocket-chip/src/main/scala/tilelink/Monitor.scala:36:7: note: For more information, see https://github.com/llvm/circt/issues/6970
generators/rocket-chip/src/main/scala/tilelink/Xbar.scala:74:9: warning: module contains 3 printf-encoded verification operation(s), which are deprecated and will be removed in the future
generators/rocket-chip/src/main/scala/tilelink/Arbiter.scala:22:12: note: example printf here, will just be a printf in the future
generators/rocket-chip/src/main/scala/tilelink/Xbar.scala:74:9: note: For more information, see https://github.com/llvm/circt/issues/6970
generators/rocket-chip/src/main/scala/rocket/TLB.scala:318:7: warning: module contains 1 printf-encoded verification operation(s), which are deprecated and will be removed in the future
generators/rocket-chip/src/main/scala/rocket/TLB.scala:719:13: note: example printf here, will just be a printf in the future
generators/rocket-chip/src/main/scala/rocket/TLB.scala:318:7: note: For more information, see https://github.com/llvm/circt/issues/6970
generators/rocket-chip/src/main/scala/rocket/DCache.scala:120:32: warning: module contains 1 printf-encoded verification operation(s), which are deprecated and will be removed in the future
generators/rocket-chip/src/main/scala/rocket/TLB.scala:719:13: note: example printf here, will just be a printf in the future
generators/rocket-chip/src/main/scala/rocket/DCache.scala:120:32: note: For more information, see https://github.com/llvm/circt/issues/6970
generators/rocket-chip/src/main/scala/rocket/DCache.scala:101:7: warning: module contains 10 printf-encoded verification operation(s), which are deprecated and will be removed in the future
generators/rocket-chip/src/main/scala/rocket/DCache.scala:1186:11: note: example printf here, will just be a printf in the future
generators/rocket-chip/src/main/scala/rocket/DCache.scala:101:7: note: For more information, see https://github.com/llvm/circt/issues/6970
generators/rocket-chip/src/main/scala/rocket/ICache.scala:251:7: warning: module contains 3 printf-encoded verification operation(s), which are deprecated and will be removed in the future
generators/rocket-chip/src/main/scala/rocket/ICache.scala:413:11: note: example printf here, will just be a printf in the future
generators/rocket-chip/src/main/scala/rocket/ICache.scala:251:7: note: For more information, see https://github.com/llvm/circt/issues/6970
generators/rocket-chip/src/main/scala/rocket/TLB.scala:318:7: warning: module contains 1 printf-encoded verification operation(s), which are deprecated and will be removed in the future
generators/rocket-chip/src/main/scala/rocket/TLB.scala:719:13: note: example printf here, will just be a printf in the future
generators/rocket-chip/src/main/scala/rocket/TLB.scala:318:7: note: For more information, see https://github.com/llvm/circt/issues/6970
generators/rocket-chip/src/main/scala/rocket/Frontend.scala:82:7: warning: module contains 3 printf-encoded verification operation(s), which are deprecated and will be removed in the future
generators/rocket-chip/src/main/scala/rocket/Frontend.scala:96:9: note: example printf here, will just be a printf in the future
generators/rocket-chip/src/main/scala/rocket/Frontend.scala:82:7: note: For more information, see https://github.com/llvm/circt/issues/6970
generators/rocket-chip/src/main/scala/tile/FPU.scala:735:7: warning: module contains 3 printf-encoded verification operation(s), which are deprecated and will be removed in the future
generators/rocket-chip/src/main/scala/tile/FPU.scala:822:11: note: example printf here, will just be a printf in the future
generators/rocket-chip/src/main/scala/tile/FPU.scala:735:7: note: For more information, see https://github.com/llvm/circt/issues/6970
generators/rocket-chip/src/main/scala/rocket/PTW.scala:219:7: warning: module contains 5 printf-encoded verification operation(s), which are deprecated and will be removed in the future
generators/rocket-chip/src/main/scala/rocket/PTW.scala:395:9: note: example printf here, will just be a printf in the future
generators/rocket-chip/src/main/scala/rocket/PTW.scala:219:7: note: For more information, see https://github.com/llvm/circt/issues/6970
generators/rocket-chip/src/main/scala/rocket/IBuf.scala:21:7: warning: module contains 1 printf-encoded verification operation(s), which are deprecated and will be removed in the future
generators/rocket-chip/src/main/scala/rocket/IBuf.scala:79:9: note: example printf here, will just be a printf in the future
generators/rocket-chip/src/main/scala/rocket/IBuf.scala:21:7: note: For more information, see https://github.com/llvm/circt/issues/6970
generators/rocket-chip/src/main/scala/rocket/CSR.scala:377:7: warning: module contains 3 printf-encoded verification operation(s), which are deprecated and will be removed in the future
generators/rocket-chip/src/main/scala/rocket/CSR.scala:1021:9: note: example printf here, will just be a printf in the future
generators/rocket-chip/src/main/scala/rocket/CSR.scala:377:7: note: For more information, see https://github.com/llvm/circt/issues/6970
generators/rocket-chip/src/main/scala/util/PlusArg.scala:58:7: warning: module contains 1 printf-encoded verification operation(s), which are deprecated and will be removed in the future
generators/rocket-chip/src/main/scala/util/PlusArg.scala:64:12: note: example printf here, will just be a printf in the future
generators/rocket-chip/src/main/scala/util/PlusArg.scala:58:7: note: For more information, see https://github.com/llvm/circt/issues/6970
generators/rocket-chip/src/main/scala/rocket/RocketCore.scala:153:7: warning: module contains 1 printf-encoded verification operation(s), which are deprecated and will be removed in the future
generators/rocket-chip/src/main/scala/rocket/RocketCore.scala:855:11: note: example printf here, will just be a printf in the future
generators/rocket-chip/src/main/scala/rocket/RocketCore.scala:153:7: note: For more information, see https://github.com/llvm/circt/issues/6970
generators/rocket-chip/src/main/scala/tilelink/Monitor.scala:36:7: warning: module contains 210 printf-encoded verification operation(s), which are deprecated and will be removed in the future
generators/rocket-chip/src/main/scala/tilelink/Monitor.scala:45:11: note: example printf here, will just be a printf in the future
generators/rocket-chip/src/main/scala/tilelink/Monitor.scala:36:7: note: For more information, see https://github.com/llvm/circt/issues/6970
generators/rocket-chip/src/main/scala/tilelink/Monitor.scala:36:7: warning: module contains 210 printf-encoded verification operation(s), which are deprecated and will be removed in the future
generators/rocket-chip/src/main/scala/tilelink/Monitor.scala:45:11: note: example printf here, will just be a printf in the future
generators/rocket-chip/src/main/scala/tilelink/Monitor.scala:36:7: note: For more information, see https://github.com/llvm/circt/issues/6970
generators/rocket-chip/src/main/scala/tilelink/Monitor.scala:36:7: warning: module contains 114 printf-encoded verification operation(s), which are deprecated and will be removed in the future
generators/rocket-chip/src/main/scala/tilelink/Monitor.scala:45:11: note: example printf here, will just be a printf in the future
generators/rocket-chip/src/main/scala/tilelink/Monitor.scala:36:7: note: For more information, see https://github.com/llvm/circt/issues/6970
generators/rocket-chip/src/main/scala/tilelink/Xbar.scala:74:9: warning: module contains 3 printf-encoded verification operation(s), which are deprecated and will be removed in the future
generators/rocket-chip/src/main/scala/tilelink/Arbiter.scala:22:12: note: example printf here, will just be a printf in the future
generators/rocket-chip/src/main/scala/tilelink/Xbar.scala:74:9: note: For more information, see https://github.com/llvm/circt/issues/6970
generators/rocket-chip/src/main/scala/rocket/TLB.scala:318:7: warning: module contains 1 printf-encoded verification operation(s), which are deprecated and will be removed in the future
generators/rocket-chip/src/main/scala/rocket/TLB.scala:719:13: note: example printf here, will just be a printf in the future
generators/rocket-chip/src/main/scala/rocket/TLB.scala:318:7: note: For more information, see https://github.com/llvm/circt/issues/6970
generators/rocket-chip/src/main/scala/rocket/DCache.scala:120:32: warning: module contains 1 printf-encoded verification operation(s), which are deprecated and will be removed in the future
generators/rocket-chip/src/main/scala/rocket/TLB.scala:719:13: note: example printf here, will just be a printf in the future
generators/rocket-chip/src/main/scala/rocket/DCache.scala:120:32: note: For more information, see https://github.com/llvm/circt/issues/6970
generators/rocket-chip/src/main/scala/rocket/DCache.scala:101:7: warning: module contains 10 printf-encoded verification operation(s), which are deprecated and will be removed in the future
generators/rocket-chip/src/main/scala/rocket/DCache.scala:1186:11: note: example printf here, will just be a printf in the future
generators/rocket-chip/src/main/scala/rocket/DCache.scala:101:7: note: For more information, see https://github.com/llvm/circt/issues/6970
generators/rocket-chip/src/main/scala/rocket/ICache.scala:251:7: warning: module contains 3 printf-encoded verification operation(s), which are deprecated and will be removed in the future
generators/rocket-chip/src/main/scala/rocket/ICache.scala:413:11: note: example printf here, will just be a printf in the future
generators/rocket-chip/src/main/scala/rocket/ICache.scala:251:7: note: For more information, see https://github.com/llvm/circt/issues/6970
generators/rocket-chip/src/main/scala/rocket/TLB.scala:318:7: warning: module contains 1 printf-encoded verification operation(s), which are deprecated and will be removed in the future
generators/rocket-chip/src/main/scala/rocket/TLB.scala:719:13: note: example printf here, will just be a printf in the future
generators/rocket-chip/src/main/scala/rocket/TLB.scala:318:7: note: For more information, see https://github.com/llvm/circt/issues/6970
generators/rocket-chip/src/main/scala/rocket/Frontend.scala:82:7: warning: module contains 3 printf-encoded verification operation(s), which are deprecated and will be removed in the future
generators/rocket-chip/src/main/scala/rocket/Frontend.scala:96:9: note: example printf here, will just be a printf in the future
generators/rocket-chip/src/main/scala/rocket/Frontend.scala:82:7: note: For more information, see https://github.com/llvm/circt/issues/6970
generators/rocket-chip/src/main/scala/tile/FPU.scala:735:7: warning: module contains 3 printf-encoded verification operation(s), which are deprecated and will be removed in the future
generators/rocket-chip/src/main/scala/tile/FPU.scala:822:11: note: example printf here, will just be a printf in the future
generators/rocket-chip/src/main/scala/tile/FPU.scala:735:7: note: For more information, see https://github.com/llvm/circt/issues/6970
generators/rocket-chip/src/main/scala/rocket/PTW.scala:219:7: warning: module contains 5 printf-encoded verification operation(s), which are deprecated and will be removed in the future
generators/rocket-chip/src/main/scala/rocket/PTW.scala:395:9: note: example printf here, will just be a printf in the future
generators/rocket-chip/src/main/scala/rocket/PTW.scala:219:7: note: For more information, see https://github.com/llvm/circt/issues/6970
generators/rocket-chip/src/main/scala/rocket/IBuf.scala:21:7: warning: module contains 1 printf-encoded verification operation(s), which are deprecated and will be removed in the future
generators/rocket-chip/src/main/scala/rocket/IBuf.scala:79:9: note: example printf here, will just be a printf in the future
generators/rocket-chip/src/main/scala/rocket/IBuf.scala:21:7: note: For more information, see https://github.com/llvm/circt/issues/6970
generators/rocket-chip/src/main/scala/rocket/CSR.scala:377:7: warning: module contains 3 printf-encoded verification operation(s), which are deprecated and will be removed in the future
generators/rocket-chip/src/main/scala/rocket/CSR.scala:1021:9: note: example printf here, will just be a printf in the future
generators/rocket-chip/src/main/scala/rocket/CSR.scala:377:7: note: For more information, see https://github.com/llvm/circt/issues/6970
generators/rocket-chip/src/main/scala/util/PlusArg.scala:58:7: warning: module contains 1 printf-encoded verification operation(s), which are deprecated and will be removed in the future
generators/rocket-chip/src/main/scala/util/PlusArg.scala:64:12: note: example printf here, will just be a printf in the future
generators/rocket-chip/src/main/scala/util/PlusArg.scala:58:7: note: For more information, see https://github.com/llvm/circt/issues/6970
generators/rocket-chip/src/main/scala/rocket/RocketCore.scala:153:7: warning: module contains 1 printf-encoded verification operation(s), which are deprecated and will be removed in the future
generators/rocket-chip/src/main/scala/rocket/RocketCore.scala:855:11: note: example printf here, will just be a printf in the future
generators/rocket-chip/src/main/scala/rocket/RocketCore.scala:153:7: note: For more information, see https://github.com/llvm/circt/issues/6970
generators/rocket-chip/src/main/scala/tilelink/Monitor.scala:36:7: warning: module contains 210 printf-encoded verification operation(s), which are deprecated and will be removed in the future
generators/rocket-chip/src/main/scala/tilelink/Monitor.scala:45:11: note: example printf here, will just be a printf in the future
generators/rocket-chip/src/main/scala/tilelink/Monitor.scala:36:7: note: For more information, see https://github.com/llvm/circt/issues/6970
generators/rocket-chip/src/main/scala/tilelink/Monitor.scala:36:7: warning: module contains 210 printf-encoded verification operation(s), which are deprecated and will be removed in the future
generators/rocket-chip/src/main/scala/tilelink/Monitor.scala:45:11: note: example printf here, will just be a printf in the future
generators/rocket-chip/src/main/scala/tilelink/Monitor.scala:36:7: note: For more information, see https://github.com/llvm/circt/issues/6970
generators/rocket-chip/src/main/scala/tilelink/Monitor.scala:36:7: warning: module contains 114 printf-encoded verification operation(s), which are deprecated and will be removed in the future
generators/rocket-chip/src/main/scala/tilelink/Monitor.scala:45:11: note: example printf here, will just be a printf in the future
generators/rocket-chip/src/main/scala/tilelink/Monitor.scala:36:7: note: For more information, see https://github.com/llvm/circt/issues/6970
generators/rocket-chip/src/main/scala/tilelink/Xbar.scala:74:9: warning: module contains 3 printf-encoded verification operation(s), which are deprecated and will be removed in the future
generators/rocket-chip/src/main/scala/tilelink/Arbiter.scala:22:12: note: example printf here, will just be a printf in the future
generators/rocket-chip/src/main/scala/tilelink/Xbar.scala:74:9: note: For more information, see https://github.com/llvm/circt/issues/6970
generators/rocket-chip/src/main/scala/rocket/TLB.scala:318:7: warning: module contains 1 printf-encoded verification operation(s), which are deprecated and will be removed in the future
generators/rocket-chip/src/main/scala/rocket/TLB.scala:719:13: note: example printf here, will just be a printf in the future
generators/rocket-chip/src/main/scala/rocket/TLB.scala:318:7: note: For more information, see https://github.com/llvm/circt/issues/6970
generators/rocket-chip/src/main/scala/rocket/DCache.scala:120:32: warning: module contains 1 printf-encoded verification operation(s), which are deprecated and will be removed in the future
generators/rocket-chip/src/main/scala/rocket/TLB.scala:719:13: note: example printf here, will just be a printf in the future
generators/rocket-chip/src/main/scala/rocket/DCache.scala:120:32: note: For more information, see https://github.com/llvm/circt/issues/6970
generators/rocket-chip/src/main/scala/rocket/DCache.scala:101:7: warning: module contains 10 printf-encoded verification operation(s), which are deprecated and will be removed in the future
generators/rocket-chip/src/main/scala/rocket/DCache.scala:1186:11: note: example printf here, will just be a printf in the future
generators/rocket-chip/src/main/scala/rocket/DCache.scala:101:7: note: For more information, see https://github.com/llvm/circt/issues/6970
generators/rocket-chip/src/main/scala/rocket/ICache.scala:251:7: warning: module contains 3 printf-encoded verification operation(s), which are deprecated and will be removed in the future
generators/rocket-chip/src/main/scala/rocket/ICache.scala:413:11: note: example printf here, will just be a printf in the future
generators/rocket-chip/src/main/scala/rocket/ICache.scala:251:7: note: For more information, see https://github.com/llvm/circt/issues/6970
generators/rocket-chip/src/main/scala/rocket/TLB.scala:318:7: warning: module contains 1 printf-encoded verification operation(s), which are deprecated and will be removed in the future
generators/rocket-chip/src/main/scala/rocket/TLB.scala:719:13: note: example printf here, will just be a printf in the future
generators/rocket-chip/src/main/scala/rocket/TLB.scala:318:7: note: For more information, see https://github.com/llvm/circt/issues/6970
generators/rocket-chip/src/main/scala/rocket/Frontend.scala:82:7: warning: module contains 3 printf-encoded verification operation(s), which are deprecated and will be removed in the future
generators/rocket-chip/src/main/scala/rocket/Frontend.scala:96:9: note: example printf here, will just be a printf in the future
generators/rocket-chip/src/main/scala/rocket/Frontend.scala:82:7: note: For more information, see https://github.com/llvm/circt/issues/6970
generators/rocket-chip/src/main/scala/tile/FPU.scala:735:7: warning: module contains 3 printf-encoded verification operation(s), which are deprecated and will be removed in the future
generators/rocket-chip/src/main/scala/tile/FPU.scala:822:11: note: example printf here, will just be a printf in the future
generators/rocket-chip/src/main/scala/tile/FPU.scala:735:7: note: For more information, see https://github.com/llvm/circt/issues/6970
generators/rocket-chip/src/main/scala/rocket/PTW.scala:219:7: warning: module contains 5 printf-encoded verification operation(s), which are deprecated and will be removed in the future
generators/rocket-chip/src/main/scala/rocket/PTW.scala:395:9: note: example printf here, will just be a printf in the future
generators/rocket-chip/src/main/scala/rocket/PTW.scala:219:7: note: For more information, see https://github.com/llvm/circt/issues/6970
generators/rocket-chip/src/main/scala/rocket/IBuf.scala:21:7: warning: module contains 1 printf-encoded verification operation(s), which are deprecated and will be removed in the future
generators/rocket-chip/src/main/scala/rocket/IBuf.scala:79:9: note: example printf here, will just be a printf in the future
generators/rocket-chip/src/main/scala/rocket/IBuf.scala:21:7: note: For more information, see https://github.com/llvm/circt/issues/6970
generators/rocket-chip/src/main/scala/rocket/CSR.scala:377:7: warning: module contains 3 printf-encoded verification operation(s), which are deprecated and will be removed in the future
generators/rocket-chip/src/main/scala/rocket/CSR.scala:1021:9: note: example printf here, will just be a printf in the future
generators/rocket-chip/src/main/scala/rocket/CSR.scala:377:7: note: For more information, see https://github.com/llvm/circt/issues/6970
generators/rocket-chip/src/main/scala/util/PlusArg.scala:58:7: warning: module contains 1 printf-encoded verification operation(s), which are deprecated and will be removed in the future
generators/rocket-chip/src/main/scala/util/PlusArg.scala:64:12: note: example printf here, will just be a printf in the future
generators/rocket-chip/src/main/scala/util/PlusArg.scala:58:7: note: For more information, see https://github.com/llvm/circt/issues/6970
generators/rocket-chip/src/main/scala/rocket/RocketCore.scala:153:7: warning: module contains 1 printf-encoded verification operation(s), which are deprecated and will be removed in the future
generators/rocket-chip/src/main/scala/rocket/RocketCore.scala:855:11: note: example printf here, will just be a printf in the future
generators/rocket-chip/src/main/scala/rocket/RocketCore.scala:153:7: note: For more information, see https://github.com/llvm/circt/issues/6970
generators/rocket-chip/src/main/scala/tilelink/Monitor.scala:36:7: warning: module contains 210 printf-encoded verification operation(s), which are deprecated and will be removed in the future
generators/rocket-chip/src/main/scala/tilelink/Monitor.scala:45:11: note: example printf here, will just be a printf in the future
generators/rocket-chip/src/main/scala/tilelink/Monitor.scala:36:7: note: For more information, see https://github.com/llvm/circt/issues/6970
generators/rocket-chip/src/main/scala/tilelink/Monitor.scala:36:7: warning: module contains 112 printf-encoded verification operation(s), which are deprecated and will be removed in the future
generators/rocket-chip/src/main/scala/tilelink/Monitor.scala:45:11: note: example printf here, will just be a printf in the future
generators/rocket-chip/src/main/scala/tilelink/Monitor.scala:36:7: note: For more information, see https://github.com/llvm/circt/issues/6970
generators/rocket-chip/src/main/scala/tilelink/Monitor.scala:36:7: warning: module contains 114 printf-encoded verification operation(s), which are deprecated and will be removed in the future
generators/rocket-chip/src/main/scala/tilelink/Monitor.scala:45:11: note: example printf here, will just be a printf in the future
generators/rocket-chip/src/main/scala/tilelink/Monitor.scala:36:7: note: For more information, see https://github.com/llvm/circt/issues/6970
generators/rocket-chip/src/main/scala/devices/tilelink/Plic.scala:132:9: warning: module contains 10 printf-encoded verification operation(s), which are deprecated and will be removed in the future
generators/rocket-chip/src/main/scala/devices/tilelink/Plic.scala:251:11: note: example printf here, will just be a printf in the future
generators/rocket-chip/src/main/scala/devices/tilelink/Plic.scala:132:9: note: For more information, see https://github.com/llvm/circt/issues/6970
generators/rocket-chip/src/main/scala/tilelink/Monitor.scala:36:7: warning: module contains 112 printf-encoded verification operation(s), which are deprecated and will be removed in the future
generators/rocket-chip/src/main/scala/tilelink/Monitor.scala:45:11: note: example printf here, will just be a printf in the future
generators/rocket-chip/src/main/scala/tilelink/Monitor.scala:36:7: note: For more information, see https://github.com/llvm/circt/issues/6970
generators/rocket-chip/src/main/scala/tilelink/Xbar.scala:74:9: warning: module contains 3 printf-encoded verification operation(s), which are deprecated and will be removed in the future
generators/rocket-chip/src/main/scala/tilelink/Arbiter.scala:22:12: note: example printf here, will just be a printf in the future
generators/rocket-chip/src/main/scala/tilelink/Xbar.scala:74:9: note: For more information, see https://github.com/llvm/circt/issues/6970
generators/rocket-chip/src/main/scala/tilelink/Monitor.scala:36:7: warning: module contains 112 printf-encoded verification operation(s), which are deprecated and will be removed in the future
generators/rocket-chip/src/main/scala/tilelink/Monitor.scala:45:11: note: example printf here, will just be a printf in the future
generators/rocket-chip/src/main/scala/tilelink/Monitor.scala:36:7: note: For more information, see https://github.com/llvm/circt/issues/6970
generators/rocket-chip/src/main/scala/tilelink/Monitor.scala:36:7: warning: module contains 112 printf-encoded verification operation(s), which are deprecated and will be removed in the future
generators/rocket-chip/src/main/scala/tilelink/Monitor.scala:45:11: note: example printf here, will just be a printf in the future
generators/rocket-chip/src/main/scala/tilelink/Monitor.scala:36:7: note: For more information, see https://github.com/llvm/circt/issues/6970
generators/rocket-chip/src/main/scala/tilelink/Monitor.scala:36:7: warning: module contains 112 printf-encoded verification operation(s), which are deprecated and will be removed in the future
generators/rocket-chip/src/main/scala/tilelink/Monitor.scala:45:11: note: example printf here, will just be a printf in the future
generators/rocket-chip/src/main/scala/tilelink/Monitor.scala:36:7: note: For more information, see https://github.com/llvm/circt/issues/6970
generators/rocket-chip/src/main/scala/devices/tilelink/Error.scala:21:9: warning: module contains 3 printf-encoded verification operation(s), which are deprecated and will be removed in the future
generators/rocket-chip/src/main/scala/devices/tilelink/Error.scala:34:12: note: example printf here, will just be a printf in the future
generators/rocket-chip/src/main/scala/devices/tilelink/Error.scala:21:9: note: For more information, see https://github.com/llvm/circt/issues/6970
generators/rocket-chip/src/main/scala/tilelink/Monitor.scala:36:7: warning: module contains 114 printf-encoded verification operation(s), which are deprecated and will be removed in the future
generators/rocket-chip/src/main/scala/tilelink/Monitor.scala:45:11: note: example printf here, will just be a printf in the future
generators/rocket-chip/src/main/scala/tilelink/Monitor.scala:36:7: note: For more information, see https://github.com/llvm/circt/issues/6970
generators/rocket-chip/src/main/scala/devices/debug/SBA.scala:273:9: warning: module contains 1 printf-encoded verification operation(s), which are deprecated and will be removed in the future
generators/rocket-chip/src/main/scala/devices/debug/SBA.scala:373:12: note: example printf here, will just be a printf in the future
generators/rocket-chip/src/main/scala/devices/debug/SBA.scala:273:9: note: For more information, see https://github.com/llvm/circt/issues/6970
generators/rocket-chip/src/main/scala/tilelink/Monitor.scala:36:7: warning: module contains 112 printf-encoded verification operation(s), which are deprecated and will be removed in the future
generators/rocket-chip/src/main/scala/tilelink/Monitor.scala:45:11: note: example printf here, will just be a printf in the future
generators/rocket-chip/src/main/scala/tilelink/Monitor.scala:36:7: note: For more information, see https://github.com/llvm/circt/issues/6970
generators/rocket-chip/src/main/scala/tilelink/Monitor.scala:36:7: warning: module contains 112 printf-encoded verification operation(s), which are deprecated and will be removed in the future
generators/rocket-chip/src/main/scala/tilelink/Monitor.scala:45:11: note: example printf here, will just be a printf in the future
generators/rocket-chip/src/main/scala/tilelink/Monitor.scala:36:7: note: For more information, see https://github.com/llvm/circt/issues/6970
generators/rocket-chip/src/main/scala/devices/debug/Debug.scala:790:9: warning: module contains 5 printf-encoded verification operation(s), which are deprecated and will be removed in the future
generators/rocket-chip/src/main/scala/devices/debug/Debug.scala:1506:15: note: example printf here, will just be a printf in the future
generators/rocket-chip/src/main/scala/devices/debug/Debug.scala:790:9: note: For more information, see https://github.com/llvm/circt/issues/6970
generators/rocket-chip/src/main/scala/tilelink/Monitor.scala:36:7: warning: module contains 112 printf-encoded verification operation(s), which are deprecated and will be removed in the future
generators/rocket-chip/src/main/scala/tilelink/Monitor.scala:45:11: note: example printf here, will just be a printf in the future
generators/rocket-chip/src/main/scala/tilelink/Monitor.scala:36:7: note: For more information, see https://github.com/llvm/circt/issues/6970
generators/rocket-chip/src/main/scala/tilelink/Monitor.scala:36:7: warning: module contains 114 printf-encoded verification operation(s), which are deprecated and will be removed in the future
generators/rocket-chip/src/main/scala/tilelink/Monitor.scala:45:11: note: example printf here, will just be a printf in the future
generators/rocket-chip/src/main/scala/tilelink/Monitor.scala:36:7: note: For more information, see https://github.com/llvm/circt/issues/6970
generators/rocket-chip/src/main/scala/tilelink/SRAM.scala:63:9: warning: module contains 1 printf-encoded verification operation(s), which are deprecated and will be removed in the future
generators/rocket-chip/src/main/scala/tilelink/SRAM.scala:231:12: note: example printf here, will just be a printf in the future
generators/rocket-chip/src/main/scala/tilelink/SRAM.scala:63:9: note: For more information, see https://github.com/llvm/circt/issues/6970
generators/rocket-chip/src/main/scala/tilelink/Monitor.scala:36:7: warning: module contains 114 printf-encoded verification operation(s), which are deprecated and will be removed in the future
generators/rocket-chip/src/main/scala/tilelink/Monitor.scala:45:11: note: example printf here, will just be a printf in the future
generators/rocket-chip/src/main/scala/tilelink/Monitor.scala:36:7: note: For more information, see https://github.com/llvm/circt/issues/6970
generators/rocket-chip/src/main/scala/tilelink/Fragmenter.scala:92:9: warning: module contains 3 printf-encoded verification operation(s), which are deprecated and will be removed in the future
generators/rocket-chip/src/main/scala/tilelink/Fragmenter.scala:214:16: note: example printf here, will just be a printf in the future
generators/rocket-chip/src/main/scala/tilelink/Fragmenter.scala:92:9: note: For more information, see https://github.com/llvm/circt/issues/6970
generators/rocket-chip/src/main/scala/tilelink/Monitor.scala:36:7: warning: module contains 114 printf-encoded verification operation(s), which are deprecated and will be removed in the future
generators/rocket-chip/src/main/scala/tilelink/Monitor.scala:45:11: note: example printf here, will just be a printf in the future
generators/rocket-chip/src/main/scala/tilelink/Monitor.scala:36:7: note: For more information, see https://github.com/llvm/circt/issues/6970
generators/rocket-chip/src/main/scala/tilelink/Monitor.scala:36:7: warning: module contains 112 printf-encoded verification operation(s), which are deprecated and will be removed in the future
generators/rocket-chip/src/main/scala/tilelink/Monitor.scala:45:11: note: example printf here, will just be a printf in the future
generators/rocket-chip/src/main/scala/tilelink/Monitor.scala:36:7: note: For more information, see https://github.com/llvm/circt/issues/6970
generators/rocket-chip/src/main/scala/tilelink/Monitor.scala:36:7: warning: module contains 112 printf-encoded verification operation(s), which are deprecated and will be removed in the future
generators/rocket-chip/src/main/scala/tilelink/Monitor.scala:45:11: note: example printf here, will just be a printf in the future
generators/rocket-chip/src/main/scala/tilelink/Monitor.scala:36:7: note: For more information, see https://github.com/llvm/circt/issues/6970
generators/rocket-chip/src/main/scala/tilelink/Xbar.scala:74:9: warning: module contains 3 printf-encoded verification operation(s), which are deprecated and will be removed in the future
generators/rocket-chip/src/main/scala/tilelink/Arbiter.scala:22:12: note: example printf here, will just be a printf in the future
generators/rocket-chip/src/main/scala/tilelink/Xbar.scala:74:9: note: For more information, see https://github.com/llvm/circt/issues/6970
generators/rocket-chip/src/main/scala/tilelink/Monitor.scala:36:7: warning: module contains 112 printf-encoded verification operation(s), which are deprecated and will be removed in the future
generators/rocket-chip/src/main/scala/tilelink/Monitor.scala:45:11: note: example printf here, will just be a printf in the future
generators/rocket-chip/src/main/scala/tilelink/Monitor.scala:36:7: note: For more information, see https://github.com/llvm/circt/issues/6970
generators/rocket-chip/src/main/scala/tilelink/Monitor.scala:36:7: warning: module contains 112 printf-encoded verification operation(s), which are deprecated and will be removed in the future
generators/rocket-chip/src/main/scala/tilelink/Monitor.scala:45:11: note: example printf here, will just be a printf in the future
generators/rocket-chip/src/main/scala/tilelink/Monitor.scala:36:7: note: For more information, see https://github.com/llvm/circt/issues/6970
generators/rocket-chip/src/main/scala/tilelink/Fragmenter.scala:92:9: warning: module contains 3 printf-encoded verification operation(s), which are deprecated and will be removed in the future
generators/rocket-chip/src/main/scala/tilelink/Fragmenter.scala:214:16: note: example printf here, will just be a printf in the future
generators/rocket-chip/src/main/scala/tilelink/Fragmenter.scala:92:9: note: For more information, see https://github.com/llvm/circt/issues/6970
generators/rocket-chip/src/main/scala/tilelink/Monitor.scala:36:7: warning: module contains 112 printf-encoded verification operation(s), which are deprecated and will be removed in the future
generators/rocket-chip/src/main/scala/tilelink/Monitor.scala:45:11: note: example printf here, will just be a printf in the future
generators/rocket-chip/src/main/scala/tilelink/Monitor.scala:36:7: note: For more information, see https://github.com/llvm/circt/issues/6970
generators/rocket-chip/src/main/scala/tilelink/Monitor.scala:36:7: warning: module contains 112 printf-encoded verification operation(s), which are deprecated and will be removed in the future
generators/rocket-chip/src/main/scala/tilelink/Monitor.scala:45:11: note: example printf here, will just be a printf in the future
generators/rocket-chip/src/main/scala/tilelink/Monitor.scala:36:7: note: For more information, see https://github.com/llvm/circt/issues/6970
generators/rocket-chip/src/main/scala/tilelink/Fragmenter.scala:92:9: warning: module contains 3 printf-encoded verification operation(s), which are deprecated and will be removed in the future
generators/rocket-chip/src/main/scala/tilelink/Fragmenter.scala:214:16: note: example printf here, will just be a printf in the future
generators/rocket-chip/src/main/scala/tilelink/Fragmenter.scala:92:9: note: For more information, see https://github.com/llvm/circt/issues/6970
generators/rocket-chip/src/main/scala/jtag/JtagShifter.scala:137:7: warning: module contains 1 printf-encoded verification operation(s), which are deprecated and will be removed in the future
generators/rocket-chip/src/main/scala/jtag/JtagShifter.scala:185:9: note: example printf here, will just be a printf in the future
generators/rocket-chip/src/main/scala/jtag/JtagShifter.scala:137:7: note: For more information, see https://github.com/llvm/circt/issues/6970
generators/rocket-chip/src/main/scala/jtag/JtagShifter.scala:137:7: warning: module contains 1 printf-encoded verification operation(s), which are deprecated and will be removed in the future
generators/rocket-chip/src/main/scala/jtag/JtagShifter.scala:185:9: note: example printf here, will just be a printf in the future
generators/rocket-chip/src/main/scala/jtag/JtagShifter.scala:137:7: note: For more information, see https://github.com/llvm/circt/issues/6970
generators/rocket-chip/src/main/scala/jtag/JtagShifter.scala:89:7: warning: module contains 1 printf-encoded verification operation(s), which are deprecated and will be removed in the future
generators/rocket-chip/src/main/scala/jtag/JtagShifter.scala:118:9: note: example printf here, will just be a printf in the future
generators/rocket-chip/src/main/scala/jtag/JtagShifter.scala:89:7: note: For more information, see https://github.com/llvm/circt/issues/6970
generators/rocket-chip/src/main/scala/jtag/JtagShifter.scala:137:7: warning: module contains 1 printf-encoded verification operation(s), which are deprecated and will be removed in the future
generators/rocket-chip/src/main/scala/jtag/JtagShifter.scala:185:9: note: example printf here, will just be a printf in the future
generators/rocket-chip/src/main/scala/jtag/JtagShifter.scala:137:7: note: For more information, see https://github.com/llvm/circt/issues/6970
generators/rocket-chip/src/main/scala/jtag/JtagShifter.scala:56:7: warning: module contains 1 printf-encoded verification operation(s), which are deprecated and will be removed in the future
generators/rocket-chip/src/main/scala/jtag/JtagShifter.scala:72:9: note: example printf here, will just be a printf in the future
generators/rocket-chip/src/main/scala/jtag/JtagShifter.scala:56:7: note: For more information, see https://github.com/llvm/circt/issues/6970
generators/rocket-chip/src/main/scala/devices/debug/DebugTransport.scala:73:7: warning: module contains 3 printf-encoded verification operation(s), which are deprecated and will be removed in the future
generators/rocket-chip/src/main/scala/devices/debug/DebugTransport.scala:203:9: note: example printf here, will just be a printf in the future
generators/rocket-chip/src/main/scala/devices/debug/DebugTransport.scala:73:7: note: For more information, see https://github.com/llvm/circt/issues/6970
generators/testchipip/src/main/scala/uart/SimUART.scala:26:7: warning: module contains 1 printf-encoded verification operation(s), which are deprecated and will be removed in the future
generators/testchipip/src/main/scala/uart/SimUART.scala:48:35: note: example printf here, will just be a printf in the future
generators/testchipip/src/main/scala/uart/SimUART.scala:26:7: note: For more information, see https://github.com/llvm/circt/issues/6970
generators/rocket-chip/src/main/scala/tilelink/Monitor.scala:36:7: warning: module contains 114 printf-encoded verification operation(s), which are deprecated and will be removed in the future
generators/rocket-chip/src/main/scala/tilelink/Monitor.scala:45:11: note: example printf here, will just be a printf in the future
generators/rocket-chip/src/main/scala/tilelink/Monitor.scala:36:7: note: For more information, see https://github.com/llvm/circt/issues/6970
generators/testchipip/src/main/scala/tsi/TSIToTileLink.scala:36:7: warning: module contains 1 printf-encoded verification operation(s), which are deprecated and will be removed in the future
generators/testchipip/src/main/scala/tsi/TSIToTileLink.scala:137:15: note: example printf here, will just be a printf in the future
generators/testchipip/src/main/scala/tsi/TSIToTileLink.scala:36:7: note: For more information, see https://github.com/llvm/circt/issues/6970
generators/rocket-chip/src/main/scala/tilelink/Monitor.scala:36:7: warning: module contains 114 printf-encoded verification operation(s), which are deprecated and will be removed in the future
generators/rocket-chip/src/main/scala/tilelink/Monitor.scala:45:11: note: example printf here, will just be a printf in the future
generators/rocket-chip/src/main/scala/tilelink/Monitor.scala:36:7: note: For more information, see https://github.com/llvm/circt/issues/6970
generators/chipyard/src/main/scala/harness/TestHarness.scala:19:7: warning: module contains 2 printf-encoded verification operation(s), which are deprecated and will be removed in the future
generators/rocket-chip/src/main/scala/devices/debug/Periphery.scala:236:11: note: example printf here, will just be a printf in the future
generators/chipyard/src/main/scala/harness/TestHarness.scala:19:7: note: For more information, see https://github.com/llvm/circt/issues/6970
generators/rocket-chip/src/main/scala/prci/ClockDomain.scala:14:9: warning: unprocessed annotation:'freechips.rocketchip.util.RegFieldDescMappingAnnotation' still remaining after LowerToHW
generators/rocket-chip/src/main/scala/rocket/BTB.scala:187:7: warning: unprocessed annotation:'freechips.rocketchip.util.ParamsAnnotation' still remaining after LowerToHW
generators/rocket-chip/src/main/scala/tile/FPU.scala:697:7: warning: unprocessed annotation:'freechips.rocketchip.util.RetimeModuleAnnotation' still remaining after LowerToHW
generators/chipyard/src/main/scala/DigitalTop.scala:47:7: warning: unprocessed annotation:'freechips.rocketchip.util.AddressMapAnnotation' still remaining after LowerToHW
generators/rocket-chip/src/main/scala/util/DescribedSRAM.scala:17:26: warning: unprocessed annotation:'freechips.rocketchip.util.SRAMAnnotation' still remaining after LowerToHW
===-------------------------------------------------------------------------===
                         ... Execution time report ...
===-------------------------------------------------------------------------===
  Total Execution Time: 39.1519 seconds

  ----User Time----  ----Wall Time----  ----Name----
    4.9018 (  4.5%)    4.9018 ( 12.5%)  FIR Parser
    0.2176 (  0.2%)    0.2176 (  0.6%)    Parse annotations
    0.0000 (  0.0%)    0.0000 (  0.0%)    Parse OMIR
    3.5317 (  3.3%)    3.5317 (  9.0%)    Parse modules
    0.9493 (  0.9%)    0.9493 (  2.4%)    Verify circuit
   77.9535 ( 72.3%)   24.8558 ( 63.5%)  'firrtl.circuit' Pipeline
    0.0917 (  0.1%)    0.0917 (  0.2%)    LowerOpenAggs
    1.0399 (  1.0%)    1.0399 (  2.7%)    ResolvePaths
    0.0327 (  0.0%)    0.0327 (  0.1%)      (A) circt::firrtl::InstanceGraph
    0.9752 (  0.9%)    0.9752 (  2.5%)    LowerFIRRTLAnnotations
    0.0292 (  0.0%)    0.0292 (  0.1%)    LowerIntmodules
    0.0288 (  0.0%)    0.0288 (  0.1%)      (A) circt::firrtl::InstanceGraph
    1.1471 (  1.1%)    0.1167 (  0.3%)    'firrtl.module' Pipeline
    1.0660 (  1.0%)    0.1128 (  0.3%)      LowerIntrinsics
    1.2300 (  1.1%)    1.2300 (  3.1%)    LowerSignatures
    0.0002 (  0.0%)    0.0002 (  0.0%)    InjectDUTHierarchy
   26.2651 ( 24.4%)    3.0583 (  7.8%)    'firrtl.module' Pipeline
    5.2003 (  4.8%)    0.6128 (  1.6%)      PassiveWires
    7.2502 (  6.7%)    0.8498 (  2.2%)      DropName
    7.9525 (  7.4%)    0.9526 (  2.4%)      CSE
    0.0293 (  0.0%)    0.0087 (  0.0%)        (A) DominanceInfo
    1.3500 (  1.3%)    0.1572 (  0.4%)      LowerCHIRRTLPass
    4.3975 (  4.1%)    0.5073 (  1.3%)      LowerMatches
    2.4164 (  2.2%)    2.4164 (  6.2%)    InferWidths
    0.0006 (  0.0%)    0.0006 (  0.0%)      (A) SymbolTable
    0.0471 (  0.0%)    0.0471 (  0.1%)      (A) circt::hw::InnerSymbolTableCollection
    0.8376 (  0.8%)    0.8376 (  2.1%)    MemToRegOfVec
    1.2176 (  1.1%)    1.2176 (  3.1%)    InferResets
    0.0323 (  0.0%)    0.0323 (  0.1%)      (A) circt::firrtl::InstanceGraph
    0.9056 (  0.8%)    0.9056 (  2.3%)    DropConst
    0.0120 (  0.0%)    0.0120 (  0.0%)    HoistPassthrough
    2.1347 (  2.0%)    2.1347 (  5.5%)    Dedup
    0.0015 (  0.0%)    0.0015 (  0.0%)      (A) circt::firrtl::NLATable
    0.0006 (  0.0%)    0.0006 (  0.0%)      (A) SymbolTable
    2.1297 (  2.0%)    0.2710 (  0.7%)    'firrtl.module' Pipeline
    2.1138 (  2.0%)    0.2708 (  0.7%)      FlattenMemory
    0.9421 (  0.9%)    0.9421 (  2.4%)    LowerFIRRTLTypes
    0.0002 (  0.0%)    0.0002 (  0.0%)      (A) SymbolTable
    3.0382 (  2.8%)    0.3723 (  1.0%)    'any' Pipeline
    3.0337 (  2.8%)    0.3716 (  0.9%)      ExpandWhens
    5.7041 (  5.3%)    0.7419 (  1.9%)    'firrtl.module' Pipeline
    1.3771 (  1.3%)    0.2400 (  0.6%)      SFCCompat
    2.1860 (  2.0%)    0.2582 (  0.7%)      LayerMerge
    2.1246 (  2.0%)    0.2429 (  0.6%)      LayerSink
    0.0062 (  0.0%)    0.0020 (  0.0%)        (A) DominanceInfo
    0.7155 (  0.7%)    0.7155 (  1.8%)    LowerLayers
    1.3092 (  1.2%)    1.3092 (  3.3%)    Inliner
    0.0002 (  0.0%)    0.0002 (  0.0%)      (A) SymbolTable
    2.3064 (  2.1%)    0.2993 (  0.8%)    'firrtl.module' Pipeline
    2.3006 (  2.1%)    0.2991 (  0.8%)      RandomizeRegisterInit
    1.0258 (  1.0%)    1.0258 (  2.6%)    CheckCombLoops
    0.0209 (  0.0%)    0.0209 (  0.1%)      (A) circt::firrtl::InstanceGraph
   12.5072 ( 11.6%)    1.5827 (  4.0%)    'firrtl.module' Pipeline
   11.5629 ( 10.7%)    1.4547 (  3.7%)      Canonicalizer
    0.9366 (  0.9%)    0.1277 (  0.3%)      InferReadWrite
    0.3334 (  0.3%)    0.3334 (  0.9%)    LowerMemory
    0.0099 (  0.0%)    0.0099 (  0.0%)      (A) circt::firrtl::InstanceGraph
    0.0003 (  0.0%)    0.0003 (  0.0%)      (A) SymbolTable
    0.3088 (  0.3%)    0.3088 (  0.8%)    PrefixModules
    0.0093 (  0.0%)    0.0093 (  0.0%)      (A) circt::firrtl::InstanceGraph
    0.0007 (  0.0%)    0.0007 (  0.0%)      (A) circt::firrtl::NLATable
    1.2407 (  1.2%)    1.2407 (  3.2%)    IMConstProp
    0.0155 (  0.0%)    0.0155 (  0.0%)    HoistPassthrough
    0.0100 (  0.0%)    0.0100 (  0.0%)      (A) circt::firrtl::InstanceGraph
    1.0429 (  1.0%)    1.0429 (  2.7%)  IMDeadCodeElim
    0.0087 (  0.0%)    0.0087 (  0.0%)    (A) circt::firrtl::InstanceGraph
    0.0003 (  0.0%)    0.0003 (  0.0%)    (A) SymbolTable
    0.0147 (  0.0%)    0.0147 (  0.0%)    (A) circt::hw::InnerSymbolTableCollection
    0.0064 (  0.0%)    0.0064 (  0.0%)  'firrtl.circuit' Pipeline
    0.0064 (  0.0%)    0.0064 (  0.0%)    AddSeqMemPorts
    0.0053 (  0.0%)    0.0053 (  0.0%)      (A) circt::firrtl::InstanceGraph
    0.1887 (  0.2%)    0.1887 (  0.5%)  CreateSiFiveMetadata
    0.0063 (  0.0%)    0.0063 (  0.0%)    (A) circt::firrtl::InstanceGraph
    0.6778 (  0.6%)    0.6778 (  1.7%)  'firrtl.circuit' Pipeline
    0.0336 (  0.0%)    0.0336 (  0.1%)    ExtractInstances
    0.0059 (  0.0%)    0.0059 (  0.0%)      (A) circt::firrtl::InstanceGraph
    0.0005 (  0.0%)    0.0005 (  0.0%)      (A) circt::firrtl::NLATable
    0.0005 (  0.0%)    0.0005 (  0.0%)    GrandCentral
    0.1539 (  0.1%)    0.1539 (  0.4%)    BlackBoxReader
    0.4897 (  0.5%)    0.4897 (  1.3%)    SymbolDCE
    0.3981 (  0.4%)    0.3981 (  1.0%)  InnerSymbolDCE
    3.5003 (  3.2%)    1.0749 (  2.7%)  'firrtl.circuit' Pipeline
    2.4255 (  2.3%)    0.2505 (  0.6%)    'firrtl.module' Pipeline
    1.8555 (  1.7%)    0.2044 (  0.5%)      Canonicalizer
    0.5623 (  0.5%)    0.0729 (  0.2%)      RegisterOptimizer
    0.7529 (  0.7%)    0.7529 (  1.9%)    IMConstProp
    0.0060 (  0.0%)    0.0060 (  0.0%)      (A) circt::firrtl::InstanceGraph
    0.7774 (  0.7%)    0.7774 (  2.0%)  IMDeadCodeElim
    0.0056 (  0.0%)    0.0056 (  0.0%)    (A) circt::firrtl::InstanceGraph
    0.0002 (  0.0%)    0.0002 (  0.0%)    (A) SymbolTable
    0.0090 (  0.0%)    0.0090 (  0.0%)    (A) circt::hw::InnerSymbolTableCollection
    2.5053 (  2.3%)    0.9601 (  2.5%)  'firrtl.circuit' Pipeline
    0.0001 (  0.0%)    0.0001 (  0.0%)    EmitOMIR
    1.4755 (  1.4%)    0.1619 (  0.4%)    'firrtl.module' Pipeline
    0.0494 (  0.0%)    0.0066 (  0.0%)      MergeConnections
    1.4193 (  1.3%)    0.1577 (  0.4%)      Vectorization
    0.0418 (  0.0%)    0.0418 (  0.1%)    ResolveTraces
    0.0003 (  0.0%)    0.0003 (  0.0%)      (A) circt::firrtl::NLATable
    0.0106 (  0.0%)    0.0106 (  0.0%)      (A) circt::hw::InnerSymbolTableCollection
    0.2062 (  0.2%)    0.2062 (  0.5%)    LowerXMR
    0.0059 (  0.0%)    0.0059 (  0.0%)      (A) circt::firrtl::InstanceGraph
    0.3981 (  0.4%)    0.3981 (  1.0%)    LowerClasses
    0.0056 (  0.0%)    0.0056 (  0.0%)      (A) circt::firrtl::InstanceGraph
    0.0002 (  0.0%)    0.0002 (  0.0%)      (A) SymbolTable
    0.0039 (  0.0%)    0.0039 (  0.0%)    VerifyObjectFields
    0.0002 (  0.0%)    0.0002 (  0.0%)      (A) SymbolTable
    0.0697 (  0.1%)    0.0073 (  0.0%)    'firrtl.module' Pipeline
    0.0432 (  0.0%)    0.0048 (  0.0%)      Lint
    0.6971 (  0.6%)    0.6971 (  1.8%)  LowerFIRRTLToHW
    0.0051 (  0.0%)    0.0051 (  0.0%)    (A) circt::firrtl::InstanceGraph
    0.0005 (  0.0%)    0.0005 (  0.0%)    (A) circt::firrtl::NLATable
    4.8059 (  4.5%)    0.4921 (  1.3%)  'hw.module' Pipeline
    1.1371 (  1.1%)    0.1397 (  0.4%)    CSE
    0.0029 (  0.0%)    0.0014 (  0.0%)      (A) DominanceInfo
    3.6621 (  3.4%)    0.3908 (  1.0%)    Canonicalizer
    0.0124 (  0.0%)    0.0124 (  0.0%)  VerifyInnerRefNamespace
    0.0009 (  0.0%)    0.0009 (  0.0%)  VerifyObjectFields
    0.0002 (  0.0%)    0.0002 (  0.0%)    (A) SymbolTable
    0.0147 (  0.0%)    0.0147 (  0.0%)  ExternalizeClockGate
    0.1104 (  0.1%)    0.1104 (  0.3%)  LowerSimToSV
    0.5041 (  0.5%)    0.5041 (  1.3%)  LowerSeqToSV
    0.6076 (  0.6%)    0.0629 (  0.2%)  'hw.module' Pipeline
    0.6010 (  0.6%)    0.0620 (  0.2%)    LowerVerifToSV
    0.1370 (  0.1%)    0.1370 (  0.3%)  HWMemSimImpl
    3.2691 (  3.0%)    0.3396 (  0.9%)  'hw.module' Pipeline
    0.9855 (  0.9%)    0.1137 (  0.3%)    CSE
    0.0042 (  0.0%)    0.0018 (  0.0%)      (A) DominanceInfo
    1.3707 (  1.3%)    0.1513 (  0.4%)    Canonicalizer
    0.5295 (  0.5%)    0.0640 (  0.2%)    CSE
    0.0019 (  0.0%)    0.0004 (  0.0%)      (A) DominanceInfo
    0.3596 (  0.3%)    0.0503 (  0.1%)    HWCleanup
    0.0146 (  0.0%)    0.0146 (  0.0%)  VerifyInnerRefNamespace
    0.0008 (  0.0%)    0.0008 (  0.0%)  VerifyObjectFields
    0.0003 (  0.0%)    0.0003 (  0.0%)    (A) SymbolTable
    0.7545 (  0.7%)    0.0780 (  0.2%)  'hw.module' Pipeline
    0.0447 (  0.0%)    0.0057 (  0.0%)    HWLegalizeModules
    0.6968 (  0.6%)    0.0716 (  0.2%)    PrettifyVerilog
    0.1436 (  0.1%)    0.1436 (  0.4%)  StripDebugInfoWithPred
    0.1175 (  0.1%)    0.1175 (  0.3%)  HWExportModuleHierarchy
    0.0002 (  0.0%)    0.0002 (  0.0%)    (A) SymbolTable
    0.0140 (  0.0%)    0.0140 (  0.0%)  VerifyInnerRefNamespace
    0.0008 (  0.0%)    0.0008 (  0.0%)  VerifyObjectFields
    1.1152 (  1.0%)    1.1152 (  2.8%)  ExportSplitVerilog
    2.5524 (  2.4%)    0.4596 (  1.2%)  'builtin.module' Pipeline
    0.1497 (  0.1%)    0.1497 (  0.4%)    HWLowerInstanceChoices
    2.0927 (  1.9%)    0.2144 (  0.5%)    'hw.module' Pipeline
    2.0872 (  1.9%)    0.2141 (  0.5%)      PrepareForEmission
   -0.3544 ( -0.3%)   -0.3544 ( -0.9%)  Rest
  107.7502 (100.0%)   39.1519 (100.0%)  Total
sed -i 's/.*/& /' /work/chipyard/sims/verilator/generated-src/chipyard.harness.TestHarness.Baseline4CoreConfig/chipyard.harness.TestHarness.Baseline4CoreConfig.mems.conf # need trailing space for SFC macrocompiler
touch /work/chipyard/sims/verilator/generated-src/chipyard.harness.TestHarness.Baseline4CoreConfig/gen-collateral/firrtl_black_box_resource_files.f # if there are no BB's then the file might not be generated, instead always generate it
/work/chipyard/scripts/uniquify-module-names.py \
	--model-hier-json /work/chipyard/sims/verilator/generated-src/chipyard.harness.TestHarness.Baseline4CoreConfig/model_module_hierarchy.json \
	--top-hier-json /work/chipyard/sims/verilator/generated-src/chipyard.harness.TestHarness.Baseline4CoreConfig/top_module_hierarchy.json \
	--in-all-filelist /work/chipyard/sims/verilator/generated-src/chipyard.harness.TestHarness.Baseline4CoreConfig/gen-collateral/filelist.f \
	--in-bb-filelist /work/chipyard/sims/verilator/generated-src/chipyard.harness.TestHarness.Baseline4CoreConfig/gen-collateral/firrtl_black_box_resource_files.f \
	--dut ChipTop \
	--model TestHarness \
	--target-dir /work/chipyard/sims/verilator/generated-src/chipyard.harness.TestHarness.Baseline4CoreConfig/gen-collateral \
	--out-dut-filelist /work/chipyard/sims/verilator/generated-src/chipyard.harness.TestHarness.Baseline4CoreConfig/chipyard.harness.TestHarness.Baseline4CoreConfig.top.f \
	--out-model-filelist /work/chipyard/sims/verilator/generated-src/chipyard.harness.TestHarness.Baseline4CoreConfig/chipyard.harness.TestHarness.Baseline4CoreConfig.model.f \
	--out-model-hier-json /work/chipyard/sims/verilator/generated-src/chipyard.harness.TestHarness.Baseline4CoreConfig/model_module_hierarchy.uniquified.json \
	--gcpath /work/chipyard/sims/verilator/generated-src/chipyard.harness.TestHarness.Baseline4CoreConfig/gen-collateral
sed -i 's/module\( \+\)plusarg_reader/module\1plusarg_reader_TestHarness_UNIQUIFIED/' /work/chipyard/sims/verilator/generated-src/chipyard.harness.TestHarness.Baseline4CoreConfig/gen-collateral/plusarg_reader_TestHarness_UNIQUIFIED.v
sed -i 's/\( \*\)plusarg_reader\( \+\)/\1plusarg_reader_TestHarness_UNIQUIFIED\2/' /work/chipyard/sims/verilator/generated-src/chipyard.harness.TestHarness.Baseline4CoreConfig/gen-collateral/TestHarness.sv
sed -i 's/module\( \+\)plusarg_reader/module\1plusarg_reader_TestHarness_UNIQUIFIED/' /work/chipyard/sims/verilator/generated-src/chipyard.harness.TestHarness.Baseline4CoreConfig/gen-collateral/plusarg_reader_TestHarness_UNIQUIFIED.v
sed -i 's/module\( \+\)ResetCatchAndSync_d3/module\1ResetCatchAndSync_d3_TestHarness_UNIQUIFIED/' /work/chipyard/sims/verilator/generated-src/chipyard.harness.TestHarness.Baseline4CoreConfig/gen-collateral/ResetCatchAndSync_d3_TestHarness_UNIQUIFIED.sv
sed -i 's/\( \*\)ResetCatchAndSync_d3\( \+\)/\1ResetCatchAndSync_d3_TestHarness_UNIQUIFIED\2/' /work/chipyard/sims/verilator/generated-src/chipyard.harness.TestHarness.Baseline4CoreConfig/gen-collateral/TestHarness.sv
sed -i 's/module\( \+\)UARTRx/module\1UARTRx_TestHarness_UNIQUIFIED/' /work/chipyard/sims/verilator/generated-src/chipyard.harness.TestHarness.Baseline4CoreConfig/gen-collateral/UARTRx_TestHarness_UNIQUIFIED.sv
sed -i 's/\( \*\)UARTRx\( \+\)/\1UARTRx_TestHarness_UNIQUIFIED\2/' /work/chipyard/sims/verilator/generated-src/chipyard.harness.TestHarness.Baseline4CoreConfig/gen-collateral/UARTAdapter.sv
sed -i 's/module\( \+\)Queue8_UInt8/module\1Queue8_UInt8_TestHarness_UNIQUIFIED/' /work/chipyard/sims/verilator/generated-src/chipyard.harness.TestHarness.Baseline4CoreConfig/gen-collateral/Queue8_UInt8_TestHarness_UNIQUIFIED.sv
sed -i 's/\( \*\)Queue8_UInt8\( \+\)/\1Queue8_UInt8_TestHarness_UNIQUIFIED\2/' /work/chipyard/sims/verilator/generated-src/chipyard.harness.TestHarness.Baseline4CoreConfig/gen-collateral/UARTAdapter.sv
sed -i 's/module\( \+\)UARTTx/module\1UARTTx_TestHarness_UNIQUIFIED/' /work/chipyard/sims/verilator/generated-src/chipyard.harness.TestHarness.Baseline4CoreConfig/gen-collateral/UARTTx_TestHarness_UNIQUIFIED.sv
sed -i 's/\( \*\)UARTTx\( \+\)/\1UARTTx_TestHarness_UNIQUIFIED\2/' /work/chipyard/sims/verilator/generated-src/chipyard.harness.TestHarness.Baseline4CoreConfig/gen-collateral/UARTAdapter.sv
sed -i 's/module\( \+\)Queue8_UInt8/module\1Queue8_UInt8_TestHarness_UNIQUIFIED/' /work/chipyard/sims/verilator/generated-src/chipyard.harness.TestHarness.Baseline4CoreConfig/gen-collateral/Queue8_UInt8_TestHarness_UNIQUIFIED.sv
sed -i 's/module\( \+\)DecoupledSerialPhy/module\1DecoupledSerialPhy_TestHarness_UNIQUIFIED/' /work/chipyard/sims/verilator/generated-src/chipyard.harness.TestHarness.Baseline4CoreConfig/gen-collateral/DecoupledSerialPhy_TestHarness_UNIQUIFIED.sv
sed -i 's/\( \*\)DecoupledSerialPhy\( \+\)/\1DecoupledSerialPhy_TestHarness_UNIQUIFIED\2/' /work/chipyard/sims/verilator/generated-src/chipyard.harness.TestHarness.Baseline4CoreConfig/gen-collateral/SerialRAM.sv
sed -i 's/module\( \+\)AsyncResetSynchronizerShiftReg_w1_d3_i0/module\1AsyncResetSynchronizerShiftReg_w1_d3_i0_TestHarness_UNIQUIFIED/' /work/chipyard/sims/verilator/generated-src/chipyard.harness.TestHarness.Baseline4CoreConfig/gen-collateral/AsyncResetSynchronizerShiftReg_w1_d3_i0_TestHarness_UNIQUIFIED.sv
sed -i 's/\( \*\)AsyncResetSynchronizerShiftReg_w1_d3_i0\( \+\)/\1AsyncResetSynchronizerShiftReg_w1_d3_i0_TestHarness_UNIQUIFIED\2/' /work/chipyard/sims/verilator/generated-src/chipyard.harness.TestHarness.Baseline4CoreConfig/gen-collateral/ResetCatchAndSync_d3_TestHarness_UNIQUIFIED.sv
sed -i 's/module\( \+\)ram_8x8/module\1ram_8x8_TestHarness_UNIQUIFIED/' /work/chipyard/sims/verilator/generated-src/chipyard.harness.TestHarness.Baseline4CoreConfig/gen-collateral/ram_8x8_TestHarness_UNIQUIFIED.sv
sed -i 's/\( \*\)ram_8x8\( \+\)/\1ram_8x8_TestHarness_UNIQUIFIED\2/' /work/chipyard/sims/verilator/generated-src/chipyard.harness.TestHarness.Baseline4CoreConfig/gen-collateral/Queue8_UInt8_TestHarness_UNIQUIFIED.sv
sed -i 's/module\( \+\)plusarg_reader/module\1plusarg_reader_TestHarness_UNIQUIFIED/' /work/chipyard/sims/verilator/generated-src/chipyard.harness.TestHarness.Baseline4CoreConfig/gen-collateral/plusarg_reader_TestHarness_UNIQUIFIED.v
sed -i 's/\( \*\)plusarg_reader\( \+\)/\1plusarg_reader_TestHarness_UNIQUIFIED\2/' /work/chipyard/sims/verilator/generated-src/chipyard.harness.TestHarness.Baseline4CoreConfig/gen-collateral/UARTTx_TestHarness_UNIQUIFIED.sv
sed -i 's/module\( \+\)plusarg_reader/module\1plusarg_reader_TestHarness_UNIQUIFIED/' /work/chipyard/sims/verilator/generated-src/chipyard.harness.TestHarness.Baseline4CoreConfig/gen-collateral/plusarg_reader_TestHarness_UNIQUIFIED.v
sed -i 's/module\( \+\)ram_8x8/module\1ram_8x8_TestHarness_UNIQUIFIED/' /work/chipyard/sims/verilator/generated-src/chipyard.harness.TestHarness.Baseline4CoreConfig/gen-collateral/ram_8x8_TestHarness_UNIQUIFIED.sv
sed -i 's/module\( \+\)GenericDeserializer_TLBeatw10_f32/module\1GenericDeserializer_TLBeatw10_f32_TestHarness_UNIQUIFIED/' /work/chipyard/sims/verilator/generated-src/chipyard.harness.TestHarness.Baseline4CoreConfig/gen-collateral/GenericDeserializer_TLBeatw10_f32_TestHarness_UNIQUIFIED.sv
sed -i 's/\( \*\)GenericDeserializer_TLBeatw10_f32\( \+\)/\1GenericDeserializer_TLBeatw10_f32_TestHarness_UNIQUIFIED\2/' /work/chipyard/sims/verilator/generated-src/chipyard.harness.TestHarness.Baseline4CoreConfig/gen-collateral/TLSerdesser_SerialRAM.sv
sed -i 's/module\( \+\)GenericDeserializer_TLBeatw67_f32/module\1GenericDeserializer_TLBeatw67_f32_TestHarness_UNIQUIFIED/' /work/chipyard/sims/verilator/generated-src/chipyard.harness.TestHarness.Baseline4CoreConfig/gen-collateral/GenericDeserializer_TLBeatw67_f32_TestHarness_UNIQUIFIED.sv
sed -i 's/\( \*\)GenericDeserializer_TLBeatw67_f32\( \+\)/\1GenericDeserializer_TLBeatw67_f32_TestHarness_UNIQUIFIED\2/' /work/chipyard/sims/verilator/generated-src/chipyard.harness.TestHarness.Baseline4CoreConfig/gen-collateral/TLSerdesser_SerialRAM.sv
sed -i 's/module\( \+\)GenericDeserializer_TLBeatw88_f32/module\1GenericDeserializer_TLBeatw88_f32_TestHarness_UNIQUIFIED/' /work/chipyard/sims/verilator/generated-src/chipyard.harness.TestHarness.Baseline4CoreConfig/gen-collateral/GenericDeserializer_TLBeatw88_f32_TestHarness_UNIQUIFIED.sv
sed -i 's/\( \*\)GenericDeserializer_TLBeatw88_f32\( \+\)/\1GenericDeserializer_TLBeatw88_f32_TestHarness_UNIQUIFIED\2/' /work/chipyard/sims/verilator/generated-src/chipyard.harness.TestHarness.Baseline4CoreConfig/gen-collateral/TLSerdesser_SerialRAM.sv
sed -i 's/module\( \+\)GenericDeserializer_TLBeatw87_f32/module\1GenericDeserializer_TLBeatw87_f32_TestHarness_UNIQUIFIED/' /work/chipyard/sims/verilator/generated-src/chipyard.harness.TestHarness.Baseline4CoreConfig/gen-collateral/GenericDeserializer_TLBeatw87_f32_TestHarness_UNIQUIFIED.sv
sed -i 's/\( \*\)GenericDeserializer_TLBeatw87_f32\( \+\)/\1GenericDeserializer_TLBeatw87_f32_TestHarness_UNIQUIFIED\2/' /work/chipyard/sims/verilator/generated-src/chipyard.harness.TestHarness.Baseline4CoreConfig/gen-collateral/TLSerdesser_SerialRAM.sv
sed -i 's/module\( \+\)GenericDeserializer_TLBeatw88_f32/module\1GenericDeserializer_TLBeatw88_f32_TestHarness_UNIQUIFIED/' /work/chipyard/sims/verilator/generated-src/chipyard.harness.TestHarness.Baseline4CoreConfig/gen-collateral/GenericDeserializer_TLBeatw88_f32_TestHarness_UNIQUIFIED.sv
sed -i 's/module\( \+\)AsyncQueue/module\1AsyncQueue_TestHarness_UNIQUIFIED/' /work/chipyard/sims/verilator/generated-src/chipyard.harness.TestHarness.Baseline4CoreConfig/gen-collateral/AsyncQueue_TestHarness_UNIQUIFIED.sv
sed -i 's/\( \*\)AsyncQueue\( \+\)/\1AsyncQueue_TestHarness_UNIQUIFIED\2/' /work/chipyard/sims/verilator/generated-src/chipyard.harness.TestHarness.Baseline4CoreConfig/gen-collateral/DecoupledSerialPhy_TestHarness_UNIQUIFIED.sv
sed -i 's/module\( \+\)Queue8_Flit/module\1Queue8_Flit_TestHarness_UNIQUIFIED/' /work/chipyard/sims/verilator/generated-src/chipyard.harness.TestHarness.Baseline4CoreConfig/gen-collateral/Queue8_Flit_TestHarness_UNIQUIFIED.sv
sed -i 's/\( \*\)Queue8_Flit\( \+\)/\1Queue8_Flit_TestHarness_UNIQUIFIED\2/' /work/chipyard/sims/verilator/generated-src/chipyard.harness.TestHarness.Baseline4CoreConfig/gen-collateral/DecoupledSerialPhy_TestHarness_UNIQUIFIED.sv
sed -i 's/module\( \+\)FlitToPhit_f32_p32/module\1FlitToPhit_f32_p32_TestHarness_UNIQUIFIED/' /work/chipyard/sims/verilator/generated-src/chipyard.harness.TestHarness.Baseline4CoreConfig/gen-collateral/FlitToPhit_f32_p32_TestHarness_UNIQUIFIED.sv
sed -i 's/\( \*\)FlitToPhit_f32_p32\( \+\)/\1FlitToPhit_f32_p32_TestHarness_UNIQUIFIED\2/' /work/chipyard/sims/verilator/generated-src/chipyard.harness.TestHarness.Baseline4CoreConfig/gen-collateral/DecoupledSerialPhy_TestHarness_UNIQUIFIED.sv
sed -i 's/module\( \+\)AsyncQueue/module\1AsyncQueue_TestHarness_UNIQUIFIED/' /work/chipyard/sims/verilator/generated-src/chipyard.harness.TestHarness.Baseline4CoreConfig/gen-collateral/AsyncQueue_TestHarness_UNIQUIFIED.sv
sed -i 's/module\( \+\)Queue8_Flit/module\1Queue8_Flit_TestHarness_UNIQUIFIED/' /work/chipyard/sims/verilator/generated-src/chipyard.harness.TestHarness.Baseline4CoreConfig/gen-collateral/Queue8_Flit_TestHarness_UNIQUIFIED.sv
sed -i 's/module\( \+\)FlitToPhit_f32_p32/module\1FlitToPhit_f32_p32_TestHarness_UNIQUIFIED/' /work/chipyard/sims/verilator/generated-src/chipyard.harness.TestHarness.Baseline4CoreConfig/gen-collateral/FlitToPhit_f32_p32_TestHarness_UNIQUIFIED.sv
sed -i 's/module\( \+\)AsyncQueue/module\1AsyncQueue_TestHarness_UNIQUIFIED/' /work/chipyard/sims/verilator/generated-src/chipyard.harness.TestHarness.Baseline4CoreConfig/gen-collateral/AsyncQueue_TestHarness_UNIQUIFIED.sv
sed -i 's/module\( \+\)Queue8_Flit/module\1Queue8_Flit_TestHarness_UNIQUIFIED/' /work/chipyard/sims/verilator/generated-src/chipyard.harness.TestHarness.Baseline4CoreConfig/gen-collateral/Queue8_Flit_TestHarness_UNIQUIFIED.sv
sed -i 's/module\( \+\)FlitToPhit_f32_p32/module\1FlitToPhit_f32_p32_TestHarness_UNIQUIFIED/' /work/chipyard/sims/verilator/generated-src/chipyard.harness.TestHarness.Baseline4CoreConfig/gen-collateral/FlitToPhit_f32_p32_TestHarness_UNIQUIFIED.sv
sed -i 's/module\( \+\)AsyncQueue/module\1AsyncQueue_TestHarness_UNIQUIFIED/' /work/chipyard/sims/verilator/generated-src/chipyard.harness.TestHarness.Baseline4CoreConfig/gen-collateral/AsyncQueue_TestHarness_UNIQUIFIED.sv
sed -i 's/module\( \+\)Queue8_Flit/module\1Queue8_Flit_TestHarness_UNIQUIFIED/' /work/chipyard/sims/verilator/generated-src/chipyard.harness.TestHarness.Baseline4CoreConfig/gen-collateral/Queue8_Flit_TestHarness_UNIQUIFIED.sv
sed -i 's/module\( \+\)FlitToPhit_f32_p32/module\1FlitToPhit_f32_p32_TestHarness_UNIQUIFIED/' /work/chipyard/sims/verilator/generated-src/chipyard.harness.TestHarness.Baseline4CoreConfig/gen-collateral/FlitToPhit_f32_p32_TestHarness_UNIQUIFIED.sv
sed -i 's/module\( \+\)AsyncQueue/module\1AsyncQueue_TestHarness_UNIQUIFIED/' /work/chipyard/sims/verilator/generated-src/chipyard.harness.TestHarness.Baseline4CoreConfig/gen-collateral/AsyncQueue_TestHarness_UNIQUIFIED.sv
sed -i 's/module\( \+\)Queue8_Flit/module\1Queue8_Flit_TestHarness_UNIQUIFIED/' /work/chipyard/sims/verilator/generated-src/chipyard.harness.TestHarness.Baseline4CoreConfig/gen-collateral/Queue8_Flit_TestHarness_UNIQUIFIED.sv
sed -i 's/module\( \+\)FlitToPhit_f32_p32/module\1FlitToPhit_f32_p32_TestHarness_UNIQUIFIED/' /work/chipyard/sims/verilator/generated-src/chipyard.harness.TestHarness.Baseline4CoreConfig/gen-collateral/FlitToPhit_f32_p32_TestHarness_UNIQUIFIED.sv
sed -i 's/module\( \+\)PhitArbiter_p32_f32_n5/module\1PhitArbiter_p32_f32_n5_TestHarness_UNIQUIFIED/' /work/chipyard/sims/verilator/generated-src/chipyard.harness.TestHarness.Baseline4CoreConfig/gen-collateral/PhitArbiter_p32_f32_n5_TestHarness_UNIQUIFIED.sv
sed -i 's/\( \*\)PhitArbiter_p32_f32_n5\( \+\)/\1PhitArbiter_p32_f32_n5_TestHarness_UNIQUIFIED\2/' /work/chipyard/sims/verilator/generated-src/chipyard.harness.TestHarness.Baseline4CoreConfig/gen-collateral/DecoupledSerialPhy_TestHarness_UNIQUIFIED.sv
sed -i 's/module\( \+\)AsyncQueue/module\1AsyncQueue_TestHarness_UNIQUIFIED/' /work/chipyard/sims/verilator/generated-src/chipyard.harness.TestHarness.Baseline4CoreConfig/gen-collateral/AsyncQueue_TestHarness_UNIQUIFIED.sv
sed -i 's/module\( \+\)PhitToFlit_p32_f32/module\1PhitToFlit_p32_f32_TestHarness_UNIQUIFIED/' /work/chipyard/sims/verilator/generated-src/chipyard.harness.TestHarness.Baseline4CoreConfig/gen-collateral/PhitToFlit_p32_f32_TestHarness_UNIQUIFIED.sv
sed -i 's/\( \*\)PhitToFlit_p32_f32\( \+\)/\1PhitToFlit_p32_f32_TestHarness_UNIQUIFIED\2/' /work/chipyard/sims/verilator/generated-src/chipyard.harness.TestHarness.Baseline4CoreConfig/gen-collateral/DecoupledSerialPhy_TestHarness_UNIQUIFIED.sv
sed -i 's/module\( \+\)Queue8_Flit/module\1Queue8_Flit_TestHarness_UNIQUIFIED/' /work/chipyard/sims/verilator/generated-src/chipyard.harness.TestHarness.Baseline4CoreConfig/gen-collateral/Queue8_Flit_TestHarness_UNIQUIFIED.sv
sed -i 's/module\( \+\)AsyncQueue/module\1AsyncQueue_TestHarness_UNIQUIFIED/' /work/chipyard/sims/verilator/generated-src/chipyard.harness.TestHarness.Baseline4CoreConfig/gen-collateral/AsyncQueue_TestHarness_UNIQUIFIED.sv
sed -i 's/module\( \+\)PhitToFlit_p32_f32/module\1PhitToFlit_p32_f32_TestHarness_UNIQUIFIED/' /work/chipyard/sims/verilator/generated-src/chipyard.harness.TestHarness.Baseline4CoreConfig/gen-collateral/PhitToFlit_p32_f32_TestHarness_UNIQUIFIED.sv
sed -i 's/module\( \+\)Queue8_Flit/module\1Queue8_Flit_TestHarness_UNIQUIFIED/' /work/chipyard/sims/verilator/generated-src/chipyard.harness.TestHarness.Baseline4CoreConfig/gen-collateral/Queue8_Flit_TestHarness_UNIQUIFIED.sv
sed -i 's/module\( \+\)AsyncQueue/module\1AsyncQueue_TestHarness_UNIQUIFIED/' /work/chipyard/sims/verilator/generated-src/chipyard.harness.TestHarness.Baseline4CoreConfig/gen-collateral/AsyncQueue_TestHarness_UNIQUIFIED.sv
sed -i 's/module\( \+\)PhitToFlit_p32_f32/module\1PhitToFlit_p32_f32_TestHarness_UNIQUIFIED/' /work/chipyard/sims/verilator/generated-src/chipyard.harness.TestHarness.Baseline4CoreConfig/gen-collateral/PhitToFlit_p32_f32_TestHarness_UNIQUIFIED.sv
sed -i 's/module\( \+\)Queue8_Flit/module\1Queue8_Flit_TestHarness_UNIQUIFIED/' /work/chipyard/sims/verilator/generated-src/chipyard.harness.TestHarness.Baseline4CoreConfig/gen-collateral/Queue8_Flit_TestHarness_UNIQUIFIED.sv
sed -i 's/module\( \+\)AsyncQueue/module\1AsyncQueue_TestHarness_UNIQUIFIED/' /work/chipyard/sims/verilator/generated-src/chipyard.harness.TestHarness.Baseline4CoreConfig/gen-collateral/AsyncQueue_TestHarness_UNIQUIFIED.sv
sed -i 's/module\( \+\)PhitToFlit_p32_f32/module\1PhitToFlit_p32_f32_TestHarness_UNIQUIFIED/' /work/chipyard/sims/verilator/generated-src/chipyard.harness.TestHarness.Baseline4CoreConfig/gen-collateral/PhitToFlit_p32_f32_TestHarness_UNIQUIFIED.sv
sed -i 's/module\( \+\)Queue8_Flit/module\1Queue8_Flit_TestHarness_UNIQUIFIED/' /work/chipyard/sims/verilator/generated-src/chipyard.harness.TestHarness.Baseline4CoreConfig/gen-collateral/Queue8_Flit_TestHarness_UNIQUIFIED.sv
sed -i 's/module\( \+\)AsyncQueue/module\1AsyncQueue_TestHarness_UNIQUIFIED/' /work/chipyard/sims/verilator/generated-src/chipyard.harness.TestHarness.Baseline4CoreConfig/gen-collateral/AsyncQueue_TestHarness_UNIQUIFIED.sv
sed -i 's/module\( \+\)PhitToFlit_p32_f32/module\1PhitToFlit_p32_f32_TestHarness_UNIQUIFIED/' /work/chipyard/sims/verilator/generated-src/chipyard.harness.TestHarness.Baseline4CoreConfig/gen-collateral/PhitToFlit_p32_f32_TestHarness_UNIQUIFIED.sv
sed -i 's/module\( \+\)Queue8_Flit/module\1Queue8_Flit_TestHarness_UNIQUIFIED/' /work/chipyard/sims/verilator/generated-src/chipyard.harness.TestHarness.Baseline4CoreConfig/gen-collateral/Queue8_Flit_TestHarness_UNIQUIFIED.sv
sed -i 's/module\( \+\)PhitDemux_p32_f32_n5/module\1PhitDemux_p32_f32_n5_TestHarness_UNIQUIFIED/' /work/chipyard/sims/verilator/generated-src/chipyard.harness.TestHarness.Baseline4CoreConfig/gen-collateral/PhitDemux_p32_f32_n5_TestHarness_UNIQUIFIED.sv
sed -i 's/\( \*\)PhitDemux_p32_f32_n5\( \+\)/\1PhitDemux_p32_f32_n5_TestHarness_UNIQUIFIED\2/' /work/chipyard/sims/verilator/generated-src/chipyard.harness.TestHarness.Baseline4CoreConfig/gen-collateral/DecoupledSerialPhy_TestHarness_UNIQUIFIED.sv
sed -i 's/module\( \+\)AsyncResetSynchronizerPrimitiveShiftReg_d3_i0/module\1AsyncResetSynchronizerPrimitiveShiftReg_d3_i0_TestHarness_UNIQUIFIED/' /work/chipyard/sims/verilator/generated-src/chipyard.harness.TestHarness.Baseline4CoreConfig/gen-collateral/AsyncResetSynchronizerPrimitiveShiftReg_d3_i0_TestHarness_UNIQUIFIED.sv
sed -i 's/\( \*\)AsyncResetSynchronizerPrimitiveShiftReg_d3_i0\( \+\)/\1AsyncResetSynchronizerPrimitiveShiftReg_d3_i0_TestHarness_UNIQUIFIED\2/' /work/chipyard/sims/verilator/generated-src/chipyard.harness.TestHarness.Baseline4CoreConfig/gen-collateral/AsyncResetSynchronizerShiftReg_w1_d3_i0_TestHarness_UNIQUIFIED.sv
sed -i 's/module\( \+\)plusarg_reader/module\1plusarg_reader_TestHarness_UNIQUIFIED/' /work/chipyard/sims/verilator/generated-src/chipyard.harness.TestHarness.Baseline4CoreConfig/gen-collateral/plusarg_reader_TestHarness_UNIQUIFIED.v
sed -i 's/\( \*\)plusarg_reader\( \+\)/\1plusarg_reader_TestHarness_UNIQUIFIED\2/' /work/chipyard/sims/verilator/generated-src/chipyard.harness.TestHarness.Baseline4CoreConfig/gen-collateral/TLMonitor_72.sv
sed -i 's/module\( \+\)plusarg_reader/module\1plusarg_reader_TestHarness_UNIQUIFIED/' /work/chipyard/sims/verilator/generated-src/chipyard.harness.TestHarness.Baseline4CoreConfig/gen-collateral/plusarg_reader_TestHarness_UNIQUIFIED.v
sed -i 's/module\( \+\)plusarg_reader/module\1plusarg_reader_TestHarness_UNIQUIFIED/' /work/chipyard/sims/verilator/generated-src/chipyard.harness.TestHarness.Baseline4CoreConfig/gen-collateral/plusarg_reader_TestHarness_UNIQUIFIED.v
sed -i 's/\( \*\)plusarg_reader\( \+\)/\1plusarg_reader_TestHarness_UNIQUIFIED\2/' /work/chipyard/sims/verilator/generated-src/chipyard.harness.TestHarness.Baseline4CoreConfig/gen-collateral/TLMonitor_73.sv
sed -i 's/module\( \+\)plusarg_reader/module\1plusarg_reader_TestHarness_UNIQUIFIED/' /work/chipyard/sims/verilator/generated-src/chipyard.harness.TestHarness.Baseline4CoreConfig/gen-collateral/plusarg_reader_TestHarness_UNIQUIFIED.v
sed -i 's/module\( \+\)ram_2x79/module\1ram_2x79_TestHarness_UNIQUIFIED/' /work/chipyard/sims/verilator/generated-src/chipyard.harness.TestHarness.Baseline4CoreConfig/gen-collateral/ram_2x79_TestHarness_UNIQUIFIED.sv
sed -i 's/\( \*\)ram_2x79\( \+\)/\1ram_2x79_TestHarness_UNIQUIFIED\2/' /work/chipyard/sims/verilator/generated-src/chipyard.harness.TestHarness.Baseline4CoreConfig/gen-collateral/Queue2_TLBundleD_a32d64s1k3z4u.sv
sed -i 's/module\( \+\)AsyncQueueSource_Phit/module\1AsyncQueueSource_Phit_TestHarness_UNIQUIFIED/' /work/chipyard/sims/verilator/generated-src/chipyard.harness.TestHarness.Baseline4CoreConfig/gen-collateral/AsyncQueueSource_Phit_TestHarness_UNIQUIFIED.sv
sed -i 's/\( \*\)AsyncQueueSource_Phit\( \+\)/\1AsyncQueueSource_Phit_TestHarness_UNIQUIFIED\2/' /work/chipyard/sims/verilator/generated-src/chipyard.harness.TestHarness.Baseline4CoreConfig/gen-collateral/AsyncQueue_TestHarness_UNIQUIFIED.sv
sed -i 's/module\( \+\)AsyncQueueSink_Phit/module\1AsyncQueueSink_Phit_TestHarness_UNIQUIFIED/' /work/chipyard/sims/verilator/generated-src/chipyard.harness.TestHarness.Baseline4CoreConfig/gen-collateral/AsyncQueueSink_Phit_TestHarness_UNIQUIFIED.sv
sed -i 's/\( \*\)AsyncQueueSink_Phit\( \+\)/\1AsyncQueueSink_Phit_TestHarness_UNIQUIFIED\2/' /work/chipyard/sims/verilator/generated-src/chipyard.harness.TestHarness.Baseline4CoreConfig/gen-collateral/AsyncQueue_TestHarness_UNIQUIFIED.sv
sed -i 's/module\( \+\)ram_flit_8x32/module\1ram_flit_8x32_TestHarness_UNIQUIFIED/' /work/chipyard/sims/verilator/generated-src/chipyard.harness.TestHarness.Baseline4CoreConfig/gen-collateral/ram_flit_8x32_TestHarness_UNIQUIFIED.sv
sed -i 's/\( \*\)ram_flit_8x32\( \+\)/\1ram_flit_8x32_TestHarness_UNIQUIFIED\2/' /work/chipyard/sims/verilator/generated-src/chipyard.harness.TestHarness.Baseline4CoreConfig/gen-collateral/Queue8_Flit_TestHarness_UNIQUIFIED.sv
sed -i 's/module\( \+\)AsyncQueueSource_Phit/module\1AsyncQueueSource_Phit_TestHarness_UNIQUIFIED/' /work/chipyard/sims/verilator/generated-src/chipyard.harness.TestHarness.Baseline4CoreConfig/gen-collateral/AsyncQueueSource_Phit_TestHarness_UNIQUIFIED.sv
sed -i 's/module\( \+\)AsyncQueueSink_Phit/module\1AsyncQueueSink_Phit_TestHarness_UNIQUIFIED/' /work/chipyard/sims/verilator/generated-src/chipyard.harness.TestHarness.Baseline4CoreConfig/gen-collateral/AsyncQueueSink_Phit_TestHarness_UNIQUIFIED.sv
sed -i 's/module\( \+\)ram_flit_8x32/module\1ram_flit_8x32_TestHarness_UNIQUIFIED/' /work/chipyard/sims/verilator/generated-src/chipyard.harness.TestHarness.Baseline4CoreConfig/gen-collateral/ram_flit_8x32_TestHarness_UNIQUIFIED.sv
sed -i 's/module\( \+\)AsyncQueueSource_Phit/module\1AsyncQueueSource_Phit_TestHarness_UNIQUIFIED/' /work/chipyard/sims/verilator/generated-src/chipyard.harness.TestHarness.Baseline4CoreConfig/gen-collateral/AsyncQueueSource_Phit_TestHarness_UNIQUIFIED.sv
sed -i 's/module\( \+\)AsyncQueueSink_Phit/module\1AsyncQueueSink_Phit_TestHarness_UNIQUIFIED/' /work/chipyard/sims/verilator/generated-src/chipyard.harness.TestHarness.Baseline4CoreConfig/gen-collateral/AsyncQueueSink_Phit_TestHarness_UNIQUIFIED.sv
sed -i 's/module\( \+\)ram_flit_8x32/module\1ram_flit_8x32_TestHarness_UNIQUIFIED/' /work/chipyard/sims/verilator/generated-src/chipyard.harness.TestHarness.Baseline4CoreConfig/gen-collateral/ram_flit_8x32_TestHarness_UNIQUIFIED.sv
sed -i 's/module\( \+\)AsyncQueueSource_Phit/module\1AsyncQueueSource_Phit_TestHarness_UNIQUIFIED/' /work/chipyard/sims/verilator/generated-src/chipyard.harness.TestHarness.Baseline4CoreConfig/gen-collateral/AsyncQueueSource_Phit_TestHarness_UNIQUIFIED.sv
sed -i 's/module\( \+\)AsyncQueueSink_Phit/module\1AsyncQueueSink_Phit_TestHarness_UNIQUIFIED/' /work/chipyard/sims/verilator/generated-src/chipyard.harness.TestHarness.Baseline4CoreConfig/gen-collateral/AsyncQueueSink_Phit_TestHarness_UNIQUIFIED.sv
sed -i 's/module\( \+\)ram_flit_8x32/module\1ram_flit_8x32_TestHarness_UNIQUIFIED/' /work/chipyard/sims/verilator/generated-src/chipyard.harness.TestHarness.Baseline4CoreConfig/gen-collateral/ram_flit_8x32_TestHarness_UNIQUIFIED.sv
sed -i 's/module\( \+\)AsyncQueueSource_Phit/module\1AsyncQueueSource_Phit_TestHarness_UNIQUIFIED/' /work/chipyard/sims/verilator/generated-src/chipyard.harness.TestHarness.Baseline4CoreConfig/gen-collateral/AsyncQueueSource_Phit_TestHarness_UNIQUIFIED.sv
sed -i 's/module\( \+\)AsyncQueueSink_Phit/module\1AsyncQueueSink_Phit_TestHarness_UNIQUIFIED/' /work/chipyard/sims/verilator/generated-src/chipyard.harness.TestHarness.Baseline4CoreConfig/gen-collateral/AsyncQueueSink_Phit_TestHarness_UNIQUIFIED.sv
sed -i 's/module\( \+\)ram_flit_8x32/module\1ram_flit_8x32_TestHarness_UNIQUIFIED/' /work/chipyard/sims/verilator/generated-src/chipyard.harness.TestHarness.Baseline4CoreConfig/gen-collateral/ram_flit_8x32_TestHarness_UNIQUIFIED.sv
sed -i 's/module\( \+\)AsyncQueueSource_Phit/module\1AsyncQueueSource_Phit_TestHarness_UNIQUIFIED/' /work/chipyard/sims/verilator/generated-src/chipyard.harness.TestHarness.Baseline4CoreConfig/gen-collateral/AsyncQueueSource_Phit_TestHarness_UNIQUIFIED.sv
sed -i 's/module\( \+\)AsyncQueueSink_Phit/module\1AsyncQueueSink_Phit_TestHarness_UNIQUIFIED/' /work/chipyard/sims/verilator/generated-src/chipyard.harness.TestHarness.Baseline4CoreConfig/gen-collateral/AsyncQueueSink_Phit_TestHarness_UNIQUIFIED.sv
sed -i 's/module\( \+\)ram_flit_8x32/module\1ram_flit_8x32_TestHarness_UNIQUIFIED/' /work/chipyard/sims/verilator/generated-src/chipyard.harness.TestHarness.Baseline4CoreConfig/gen-collateral/ram_flit_8x32_TestHarness_UNIQUIFIED.sv
sed -i 's/module\( \+\)AsyncQueueSource_Phit/module\1AsyncQueueSource_Phit_TestHarness_UNIQUIFIED/' /work/chipyard/sims/verilator/generated-src/chipyard.harness.TestHarness.Baseline4CoreConfig/gen-collateral/AsyncQueueSource_Phit_TestHarness_UNIQUIFIED.sv
sed -i 's/module\( \+\)AsyncQueueSink_Phit/module\1AsyncQueueSink_Phit_TestHarness_UNIQUIFIED/' /work/chipyard/sims/verilator/generated-src/chipyard.harness.TestHarness.Baseline4CoreConfig/gen-collateral/AsyncQueueSink_Phit_TestHarness_UNIQUIFIED.sv
sed -i 's/module\( \+\)ram_flit_8x32/module\1ram_flit_8x32_TestHarness_UNIQUIFIED/' /work/chipyard/sims/verilator/generated-src/chipyard.harness.TestHarness.Baseline4CoreConfig/gen-collateral/ram_flit_8x32_TestHarness_UNIQUIFIED.sv
sed -i 's/module\( \+\)AsyncQueueSource_Phit/module\1AsyncQueueSource_Phit_TestHarness_UNIQUIFIED/' /work/chipyard/sims/verilator/generated-src/chipyard.harness.TestHarness.Baseline4CoreConfig/gen-collateral/AsyncQueueSource_Phit_TestHarness_UNIQUIFIED.sv
sed -i 's/module\( \+\)AsyncQueueSink_Phit/module\1AsyncQueueSink_Phit_TestHarness_UNIQUIFIED/' /work/chipyard/sims/verilator/generated-src/chipyard.harness.TestHarness.Baseline4CoreConfig/gen-collateral/AsyncQueueSink_Phit_TestHarness_UNIQUIFIED.sv
sed -i 's/module\( \+\)ram_flit_8x32/module\1ram_flit_8x32_TestHarness_UNIQUIFIED/' /work/chipyard/sims/verilator/generated-src/chipyard.harness.TestHarness.Baseline4CoreConfig/gen-collateral/ram_flit_8x32_TestHarness_UNIQUIFIED.sv
sed -i 's/module\( \+\)AsyncQueueSource_Phit/module\1AsyncQueueSource_Phit_TestHarness_UNIQUIFIED/' /work/chipyard/sims/verilator/generated-src/chipyard.harness.TestHarness.Baseline4CoreConfig/gen-collateral/AsyncQueueSource_Phit_TestHarness_UNIQUIFIED.sv
sed -i 's/module\( \+\)AsyncQueueSink_Phit/module\1AsyncQueueSink_Phit_TestHarness_UNIQUIFIED/' /work/chipyard/sims/verilator/generated-src/chipyard.harness.TestHarness.Baseline4CoreConfig/gen-collateral/AsyncQueueSink_Phit_TestHarness_UNIQUIFIED.sv
sed -i 's/module\( \+\)ram_flit_8x32/module\1ram_flit_8x32_TestHarness_UNIQUIFIED/' /work/chipyard/sims/verilator/generated-src/chipyard.harness.TestHarness.Baseline4CoreConfig/gen-collateral/ram_flit_8x32_TestHarness_UNIQUIFIED.sv
sed -i 's/module\( \+\)AsyncQueueSource_Phit/module\1AsyncQueueSource_Phit_TestHarness_UNIQUIFIED/' /work/chipyard/sims/verilator/generated-src/chipyard.harness.TestHarness.Baseline4CoreConfig/gen-collateral/AsyncQueueSource_Phit_TestHarness_UNIQUIFIED.sv
sed -i 's/module\( \+\)AsyncQueueSink_Phit/module\1AsyncQueueSink_Phit_TestHarness_UNIQUIFIED/' /work/chipyard/sims/verilator/generated-src/chipyard.harness.TestHarness.Baseline4CoreConfig/gen-collateral/AsyncQueueSink_Phit_TestHarness_UNIQUIFIED.sv
sed -i 's/module\( \+\)ram_flit_8x32/module\1ram_flit_8x32_TestHarness_UNIQUIFIED/' /work/chipyard/sims/verilator/generated-src/chipyard.harness.TestHarness.Baseline4CoreConfig/gen-collateral/ram_flit_8x32_TestHarness_UNIQUIFIED.sv
sed -i 's/module\( \+\)AsyncResetSynchronizerShiftReg_w4_d3_i0/module\1AsyncResetSynchronizerShiftReg_w4_d3_i0_TestHarness_UNIQUIFIED/' /work/chipyard/sims/verilator/generated-src/chipyard.harness.TestHarness.Baseline4CoreConfig/gen-collateral/AsyncResetSynchronizerShiftReg_w4_d3_i0_TestHarness_UNIQUIFIED.sv
sed -i 's/\( \*\)AsyncResetSynchronizerShiftReg_w4_d3_i0\( \+\)/\1AsyncResetSynchronizerShiftReg_w4_d3_i0_TestHarness_UNIQUIFIED\2/' /work/chipyard/sims/verilator/generated-src/chipyard.harness.TestHarness.Baseline4CoreConfig/gen-collateral/AsyncQueueSource_Phit_TestHarness_UNIQUIFIED.sv
sed -i 's/module\( \+\)AsyncValidSync/module\1AsyncValidSync_TestHarness_UNIQUIFIED/' /work/chipyard/sims/verilator/generated-src/chipyard.harness.TestHarness.Baseline4CoreConfig/gen-collateral/AsyncValidSync_TestHarness_UNIQUIFIED.sv
sed -i 's/\( \*\)AsyncValidSync\( \+\)/\1AsyncValidSync_TestHarness_UNIQUIFIED\2/' /work/chipyard/sims/verilator/generated-src/chipyard.harness.TestHarness.Baseline4CoreConfig/gen-collateral/AsyncQueueSource_Phit_TestHarness_UNIQUIFIED.sv
sed -i 's/module\( \+\)AsyncValidSync/module\1AsyncValidSync_TestHarness_UNIQUIFIED/' /work/chipyard/sims/verilator/generated-src/chipyard.harness.TestHarness.Baseline4CoreConfig/gen-collateral/AsyncValidSync_TestHarness_UNIQUIFIED.sv
sed -i 's/module\( \+\)AsyncValidSync/module\1AsyncValidSync_TestHarness_UNIQUIFIED/' /work/chipyard/sims/verilator/generated-src/chipyard.harness.TestHarness.Baseline4CoreConfig/gen-collateral/AsyncValidSync_TestHarness_UNIQUIFIED.sv
sed -i 's/module\( \+\)AsyncValidSync/module\1AsyncValidSync_TestHarness_UNIQUIFIED/' /work/chipyard/sims/verilator/generated-src/chipyard.harness.TestHarness.Baseline4CoreConfig/gen-collateral/AsyncValidSync_TestHarness_UNIQUIFIED.sv
sed -i 's/module\( \+\)AsyncResetSynchronizerShiftReg_w4_d3_i0/module\1AsyncResetSynchronizerShiftReg_w4_d3_i0_TestHarness_UNIQUIFIED/' /work/chipyard/sims/verilator/generated-src/chipyard.harness.TestHarness.Baseline4CoreConfig/gen-collateral/AsyncResetSynchronizerShiftReg_w4_d3_i0_TestHarness_UNIQUIFIED.sv
sed -i 's/\( \*\)AsyncResetSynchronizerShiftReg_w4_d3_i0\( \+\)/\1AsyncResetSynchronizerShiftReg_w4_d3_i0_TestHarness_UNIQUIFIED\2/' /work/chipyard/sims/verilator/generated-src/chipyard.harness.TestHarness.Baseline4CoreConfig/gen-collateral/AsyncQueueSink_Phit_TestHarness_UNIQUIFIED.sv
sed -i 's/module\( \+\)ClockCrossingReg_w32/module\1ClockCrossingReg_w32_TestHarness_UNIQUIFIED/' /work/chipyard/sims/verilator/generated-src/chipyard.harness.TestHarness.Baseline4CoreConfig/gen-collateral/ClockCrossingReg_w32_TestHarness_UNIQUIFIED.sv
sed -i 's/\( \*\)ClockCrossingReg_w32\( \+\)/\1ClockCrossingReg_w32_TestHarness_UNIQUIFIED\2/' /work/chipyard/sims/verilator/generated-src/chipyard.harness.TestHarness.Baseline4CoreConfig/gen-collateral/AsyncQueueSink_Phit_TestHarness_UNIQUIFIED.sv
sed -i 's/module\( \+\)AsyncValidSync/module\1AsyncValidSync_TestHarness_UNIQUIFIED/' /work/chipyard/sims/verilator/generated-src/chipyard.harness.TestHarness.Baseline4CoreConfig/gen-collateral/AsyncValidSync_TestHarness_UNIQUIFIED.sv
sed -i 's/\( \*\)AsyncValidSync\( \+\)/\1AsyncValidSync_TestHarness_UNIQUIFIED\2/' /work/chipyard/sims/verilator/generated-src/chipyard.harness.TestHarness.Baseline4CoreConfig/gen-collateral/AsyncQueueSink_Phit_TestHarness_UNIQUIFIED.sv
sed -i 's/module\( \+\)AsyncValidSync/module\1AsyncValidSync_TestHarness_UNIQUIFIED/' /work/chipyard/sims/verilator/generated-src/chipyard.harness.TestHarness.Baseline4CoreConfig/gen-collateral/AsyncValidSync_TestHarness_UNIQUIFIED.sv
sed -i 's/module\( \+\)AsyncValidSync/module\1AsyncValidSync_TestHarness_UNIQUIFIED/' /work/chipyard/sims/verilator/generated-src/chipyard.harness.TestHarness.Baseline4CoreConfig/gen-collateral/AsyncValidSync_TestHarness_UNIQUIFIED.sv
sed -i 's/module\( \+\)AsyncValidSync/module\1AsyncValidSync_TestHarness_UNIQUIFIED/' /work/chipyard/sims/verilator/generated-src/chipyard.harness.TestHarness.Baseline4CoreConfig/gen-collateral/AsyncValidSync_TestHarness_UNIQUIFIED.sv
sed -i 's/module\( \+\)AsyncResetSynchronizerShiftReg_w4_d3_i0/module\1AsyncResetSynchronizerShiftReg_w4_d3_i0_TestHarness_UNIQUIFIED/' /work/chipyard/sims/verilator/generated-src/chipyard.harness.TestHarness.Baseline4CoreConfig/gen-collateral/AsyncResetSynchronizerShiftReg_w4_d3_i0_TestHarness_UNIQUIFIED.sv
sed -i 's/module\( \+\)AsyncValidSync/module\1AsyncValidSync_TestHarness_UNIQUIFIED/' /work/chipyard/sims/verilator/generated-src/chipyard.harness.TestHarness.Baseline4CoreConfig/gen-collateral/AsyncValidSync_TestHarness_UNIQUIFIED.sv
sed -i 's/module\( \+\)AsyncValidSync/module\1AsyncValidSync_TestHarness_UNIQUIFIED/' /work/chipyard/sims/verilator/generated-src/chipyard.harness.TestHarness.Baseline4CoreConfig/gen-collateral/AsyncValidSync_TestHarness_UNIQUIFIED.sv
sed -i 's/module\( \+\)AsyncValidSync/module\1AsyncValidSync_TestHarness_UNIQUIFIED/' /work/chipyard/sims/verilator/generated-src/chipyard.harness.TestHarness.Baseline4CoreConfig/gen-collateral/AsyncValidSync_TestHarness_UNIQUIFIED.sv
sed -i 's/module\( \+\)AsyncValidSync/module\1AsyncValidSync_TestHarness_UNIQUIFIED/' /work/chipyard/sims/verilator/generated-src/chipyard.harness.TestHarness.Baseline4CoreConfig/gen-collateral/AsyncValidSync_TestHarness_UNIQUIFIED.sv
sed -i 's/module\( \+\)AsyncResetSynchronizerShiftReg_w4_d3_i0/module\1AsyncResetSynchronizerShiftReg_w4_d3_i0_TestHarness_UNIQUIFIED/' /work/chipyard/sims/verilator/generated-src/chipyard.harness.TestHarness.Baseline4CoreConfig/gen-collateral/AsyncResetSynchronizerShiftReg_w4_d3_i0_TestHarness_UNIQUIFIED.sv
sed -i 's/module\( \+\)ClockCrossingReg_w32/module\1ClockCrossingReg_w32_TestHarness_UNIQUIFIED/' /work/chipyard/sims/verilator/generated-src/chipyard.harness.TestHarness.Baseline4CoreConfig/gen-collateral/ClockCrossingReg_w32_TestHarness_UNIQUIFIED.sv
sed -i 's/module\( \+\)AsyncValidSync/module\1AsyncValidSync_TestHarness_UNIQUIFIED/' /work/chipyard/sims/verilator/generated-src/chipyard.harness.TestHarness.Baseline4CoreConfig/gen-collateral/AsyncValidSync_TestHarness_UNIQUIFIED.sv
sed -i 's/module\( \+\)AsyncValidSync/module\1AsyncValidSync_TestHarness_UNIQUIFIED/' /work/chipyard/sims/verilator/generated-src/chipyard.harness.TestHarness.Baseline4CoreConfig/gen-collateral/AsyncValidSync_TestHarness_UNIQUIFIED.sv
sed -i 's/module\( \+\)AsyncValidSync/module\1AsyncValidSync_TestHarness_UNIQUIFIED/' /work/chipyard/sims/verilator/generated-src/chipyard.harness.TestHarness.Baseline4CoreConfig/gen-collateral/AsyncValidSync_TestHarness_UNIQUIFIED.sv
sed -i 's/module\( \+\)AsyncValidSync/module\1AsyncValidSync_TestHarness_UNIQUIFIED/' /work/chipyard/sims/verilator/generated-src/chipyard.harness.TestHarness.Baseline4CoreConfig/gen-collateral/AsyncValidSync_TestHarness_UNIQUIFIED.sv
sed -i 's/module\( \+\)AsyncResetSynchronizerShiftReg_w4_d3_i0/module\1AsyncResetSynchronizerShiftReg_w4_d3_i0_TestHarness_UNIQUIFIED/' /work/chipyard/sims/verilator/generated-src/chipyard.harness.TestHarness.Baseline4CoreConfig/gen-collateral/AsyncResetSynchronizerShiftReg_w4_d3_i0_TestHarness_UNIQUIFIED.sv
sed -i 's/module\( \+\)AsyncValidSync/module\1AsyncValidSync_TestHarness_UNIQUIFIED/' /work/chipyard/sims/verilator/generated-src/chipyard.harness.TestHarness.Baseline4CoreConfig/gen-collateral/AsyncValidSync_TestHarness_UNIQUIFIED.sv
sed -i 's/module\( \+\)AsyncValidSync/module\1AsyncValidSync_TestHarness_UNIQUIFIED/' /work/chipyard/sims/verilator/generated-src/chipyard.harness.TestHarness.Baseline4CoreConfig/gen-collateral/AsyncValidSync_TestHarness_UNIQUIFIED.sv
sed -i 's/module\( \+\)AsyncValidSync/module\1AsyncValidSync_TestHarness_UNIQUIFIED/' /work/chipyard/sims/verilator/generated-src/chipyard.harness.TestHarness.Baseline4CoreConfig/gen-collateral/AsyncValidSync_TestHarness_UNIQUIFIED.sv
sed -i 's/module\( \+\)AsyncValidSync/module\1AsyncValidSync_TestHarness_UNIQUIFIED/' /work/chipyard/sims/verilator/generated-src/chipyard.harness.TestHarness.Baseline4CoreConfig/gen-collateral/AsyncValidSync_TestHarness_UNIQUIFIED.sv
sed -i 's/module\( \+\)AsyncResetSynchronizerShiftReg_w4_d3_i0/module\1AsyncResetSynchronizerShiftReg_w4_d3_i0_TestHarness_UNIQUIFIED/' /work/chipyard/sims/verilator/generated-src/chipyard.harness.TestHarness.Baseline4CoreConfig/gen-collateral/AsyncResetSynchronizerShiftReg_w4_d3_i0_TestHarness_UNIQUIFIED.sv
sed -i 's/module\( \+\)ClockCrossingReg_w32/module\1ClockCrossingReg_w32_TestHarness_UNIQUIFIED/' /work/chipyard/sims/verilator/generated-src/chipyard.harness.TestHarness.Baseline4CoreConfig/gen-collateral/ClockCrossingReg_w32_TestHarness_UNIQUIFIED.sv
sed -i 's/module\( \+\)AsyncValidSync/module\1AsyncValidSync_TestHarness_UNIQUIFIED/' /work/chipyard/sims/verilator/generated-src/chipyard.harness.TestHarness.Baseline4CoreConfig/gen-collateral/AsyncValidSync_TestHarness_UNIQUIFIED.sv
sed -i 's/module\( \+\)AsyncValidSync/module\1AsyncValidSync_TestHarness_UNIQUIFIED/' /work/chipyard/sims/verilator/generated-src/chipyard.harness.TestHarness.Baseline4CoreConfig/gen-collateral/AsyncValidSync_TestHarness_UNIQUIFIED.sv
sed -i 's/module\( \+\)AsyncValidSync/module\1AsyncValidSync_TestHarness_UNIQUIFIED/' /work/chipyard/sims/verilator/generated-src/chipyard.harness.TestHarness.Baseline4CoreConfig/gen-collateral/AsyncValidSync_TestHarness_UNIQUIFIED.sv
sed -i 's/module\( \+\)AsyncValidSync/module\1AsyncValidSync_TestHarness_UNIQUIFIED/' /work/chipyard/sims/verilator/generated-src/chipyard.harness.TestHarness.Baseline4CoreConfig/gen-collateral/AsyncValidSync_TestHarness_UNIQUIFIED.sv
sed -i 's/module\( \+\)AsyncResetSynchronizerShiftReg_w4_d3_i0/module\1AsyncResetSynchronizerShiftReg_w4_d3_i0_TestHarness_UNIQUIFIED/' /work/chipyard/sims/verilator/generated-src/chipyard.harness.TestHarness.Baseline4CoreConfig/gen-collateral/AsyncResetSynchronizerShiftReg_w4_d3_i0_TestHarness_UNIQUIFIED.sv
sed -i 's/module\( \+\)AsyncValidSync/module\1AsyncValidSync_TestHarness_UNIQUIFIED/' /work/chipyard/sims/verilator/generated-src/chipyard.harness.TestHarness.Baseline4CoreConfig/gen-collateral/AsyncValidSync_TestHarness_UNIQUIFIED.sv
sed -i 's/module\( \+\)AsyncValidSync/module\1AsyncValidSync_TestHarness_UNIQUIFIED/' /work/chipyard/sims/verilator/generated-src/chipyard.harness.TestHarness.Baseline4CoreConfig/gen-collateral/AsyncValidSync_TestHarness_UNIQUIFIED.sv
sed -i 's/module\( \+\)AsyncValidSync/module\1AsyncValidSync_TestHarness_UNIQUIFIED/' /work/chipyard/sims/verilator/generated-src/chipyard.harness.TestHarness.Baseline4CoreConfig/gen-collateral/AsyncValidSync_TestHarness_UNIQUIFIED.sv
sed -i 's/module\( \+\)AsyncValidSync/module\1AsyncValidSync_TestHarness_UNIQUIFIED/' /work/chipyard/sims/verilator/generated-src/chipyard.harness.TestHarness.Baseline4CoreConfig/gen-collateral/AsyncValidSync_TestHarness_UNIQUIFIED.sv
sed -i 's/module\( \+\)AsyncResetSynchronizerShiftReg_w4_d3_i0/module\1AsyncResetSynchronizerShiftReg_w4_d3_i0_TestHarness_UNIQUIFIED/' /work/chipyard/sims/verilator/generated-src/chipyard.harness.TestHarness.Baseline4CoreConfig/gen-collateral/AsyncResetSynchronizerShiftReg_w4_d3_i0_TestHarness_UNIQUIFIED.sv
sed -i 's/module\( \+\)ClockCrossingReg_w32/module\1ClockCrossingReg_w32_TestHarness_UNIQUIFIED/' /work/chipyard/sims/verilator/generated-src/chipyard.harness.TestHarness.Baseline4CoreConfig/gen-collateral/ClockCrossingReg_w32_TestHarness_UNIQUIFIED.sv
sed -i 's/module\( \+\)AsyncValidSync/module\1AsyncValidSync_TestHarness_UNIQUIFIED/' /work/chipyard/sims/verilator/generated-src/chipyard.harness.TestHarness.Baseline4CoreConfig/gen-collateral/AsyncValidSync_TestHarness_UNIQUIFIED.sv
sed -i 's/module\( \+\)AsyncValidSync/module\1AsyncValidSync_TestHarness_UNIQUIFIED/' /work/chipyard/sims/verilator/generated-src/chipyard.harness.TestHarness.Baseline4CoreConfig/gen-collateral/AsyncValidSync_TestHarness_UNIQUIFIED.sv
sed -i 's/module\( \+\)AsyncValidSync/module\1AsyncValidSync_TestHarness_UNIQUIFIED/' /work/chipyard/sims/verilator/generated-src/chipyard.harness.TestHarness.Baseline4CoreConfig/gen-collateral/AsyncValidSync_TestHarness_UNIQUIFIED.sv
sed -i 's/module\( \+\)AsyncValidSync/module\1AsyncValidSync_TestHarness_UNIQUIFIED/' /work/chipyard/sims/verilator/generated-src/chipyard.harness.TestHarness.Baseline4CoreConfig/gen-collateral/AsyncValidSync_TestHarness_UNIQUIFIED.sv
sed -i 's/module\( \+\)AsyncResetSynchronizerShiftReg_w4_d3_i0/module\1AsyncResetSynchronizerShiftReg_w4_d3_i0_TestHarness_UNIQUIFIED/' /work/chipyard/sims/verilator/generated-src/chipyard.harness.TestHarness.Baseline4CoreConfig/gen-collateral/AsyncResetSynchronizerShiftReg_w4_d3_i0_TestHarness_UNIQUIFIED.sv
sed -i 's/module\( \+\)AsyncValidSync/module\1AsyncValidSync_TestHarness_UNIQUIFIED/' /work/chipyard/sims/verilator/generated-src/chipyard.harness.TestHarness.Baseline4CoreConfig/gen-collateral/AsyncValidSync_TestHarness_UNIQUIFIED.sv
sed -i 's/module\( \+\)AsyncValidSync/module\1AsyncValidSync_TestHarness_UNIQUIFIED/' /work/chipyard/sims/verilator/generated-src/chipyard.harness.TestHarness.Baseline4CoreConfig/gen-collateral/AsyncValidSync_TestHarness_UNIQUIFIED.sv
sed -i 's/module\( \+\)AsyncValidSync/module\1AsyncValidSync_TestHarness_UNIQUIFIED/' /work/chipyard/sims/verilator/generated-src/chipyard.harness.TestHarness.Baseline4CoreConfig/gen-collateral/AsyncValidSync_TestHarness_UNIQUIFIED.sv
sed -i 's/module\( \+\)AsyncValidSync/module\1AsyncValidSync_TestHarness_UNIQUIFIED/' /work/chipyard/sims/verilator/generated-src/chipyard.harness.TestHarness.Baseline4CoreConfig/gen-collateral/AsyncValidSync_TestHarness_UNIQUIFIED.sv
sed -i 's/module\( \+\)AsyncResetSynchronizerShiftReg_w4_d3_i0/module\1AsyncResetSynchronizerShiftReg_w4_d3_i0_TestHarness_UNIQUIFIED/' /work/chipyard/sims/verilator/generated-src/chipyard.harness.TestHarness.Baseline4CoreConfig/gen-collateral/AsyncResetSynchronizerShiftReg_w4_d3_i0_TestHarness_UNIQUIFIED.sv
sed -i 's/module\( \+\)ClockCrossingReg_w32/module\1ClockCrossingReg_w32_TestHarness_UNIQUIFIED/' /work/chipyard/sims/verilator/generated-src/chipyard.harness.TestHarness.Baseline4CoreConfig/gen-collateral/ClockCrossingReg_w32_TestHarness_UNIQUIFIED.sv
sed -i 's/module\( \+\)AsyncValidSync/module\1AsyncValidSync_TestHarness_UNIQUIFIED/' /work/chipyard/sims/verilator/generated-src/chipyard.harness.TestHarness.Baseline4CoreConfig/gen-collateral/AsyncValidSync_TestHarness_UNIQUIFIED.sv
sed -i 's/module\( \+\)AsyncValidSync/module\1AsyncValidSync_TestHarness_UNIQUIFIED/' /work/chipyard/sims/verilator/generated-src/chipyard.harness.TestHarness.Baseline4CoreConfig/gen-collateral/AsyncValidSync_TestHarness_UNIQUIFIED.sv
sed -i 's/module\( \+\)AsyncValidSync/module\1AsyncValidSync_TestHarness_UNIQUIFIED/' /work/chipyard/sims/verilator/generated-src/chipyard.harness.TestHarness.Baseline4CoreConfig/gen-collateral/AsyncValidSync_TestHarness_UNIQUIFIED.sv
sed -i 's/module\( \+\)AsyncValidSync/module\1AsyncValidSync_TestHarness_UNIQUIFIED/' /work/chipyard/sims/verilator/generated-src/chipyard.harness.TestHarness.Baseline4CoreConfig/gen-collateral/AsyncValidSync_TestHarness_UNIQUIFIED.sv
sed -i 's/module\( \+\)AsyncResetSynchronizerShiftReg_w4_d3_i0/module\1AsyncResetSynchronizerShiftReg_w4_d3_i0_TestHarness_UNIQUIFIED/' /work/chipyard/sims/verilator/generated-src/chipyard.harness.TestHarness.Baseline4CoreConfig/gen-collateral/AsyncResetSynchronizerShiftReg_w4_d3_i0_TestHarness_UNIQUIFIED.sv
sed -i 's/module\( \+\)AsyncValidSync/module\1AsyncValidSync_TestHarness_UNIQUIFIED/' /work/chipyard/sims/verilator/generated-src/chipyard.harness.TestHarness.Baseline4CoreConfig/gen-collateral/AsyncValidSync_TestHarness_UNIQUIFIED.sv
sed -i 's/module\( \+\)AsyncValidSync/module\1AsyncValidSync_TestHarness_UNIQUIFIED/' /work/chipyard/sims/verilator/generated-src/chipyard.harness.TestHarness.Baseline4CoreConfig/gen-collateral/AsyncValidSync_TestHarness_UNIQUIFIED.sv
sed -i 's/module\( \+\)AsyncValidSync/module\1AsyncValidSync_TestHarness_UNIQUIFIED/' /work/chipyard/sims/verilator/generated-src/chipyard.harness.TestHarness.Baseline4CoreConfig/gen-collateral/AsyncValidSync_TestHarness_UNIQUIFIED.sv
sed -i 's/module\( \+\)AsyncValidSync/module\1AsyncValidSync_TestHarness_UNIQUIFIED/' /work/chipyard/sims/verilator/generated-src/chipyard.harness.TestHarness.Baseline4CoreConfig/gen-collateral/AsyncValidSync_TestHarness_UNIQUIFIED.sv
sed -i 's/module\( \+\)AsyncResetSynchronizerShiftReg_w4_d3_i0/module\1AsyncResetSynchronizerShiftReg_w4_d3_i0_TestHarness_UNIQUIFIED/' /work/chipyard/sims/verilator/generated-src/chipyard.harness.TestHarness.Baseline4CoreConfig/gen-collateral/AsyncResetSynchronizerShiftReg_w4_d3_i0_TestHarness_UNIQUIFIED.sv
sed -i 's/module\( \+\)ClockCrossingReg_w32/module\1ClockCrossingReg_w32_TestHarness_UNIQUIFIED/' /work/chipyard/sims/verilator/generated-src/chipyard.harness.TestHarness.Baseline4CoreConfig/gen-collateral/ClockCrossingReg_w32_TestHarness_UNIQUIFIED.sv
sed -i 's/module\( \+\)AsyncValidSync/module\1AsyncValidSync_TestHarness_UNIQUIFIED/' /work/chipyard/sims/verilator/generated-src/chipyard.harness.TestHarness.Baseline4CoreConfig/gen-collateral/AsyncValidSync_TestHarness_UNIQUIFIED.sv
sed -i 's/module\( \+\)AsyncValidSync/module\1AsyncValidSync_TestHarness_UNIQUIFIED/' /work/chipyard/sims/verilator/generated-src/chipyard.harness.TestHarness.Baseline4CoreConfig/gen-collateral/AsyncValidSync_TestHarness_UNIQUIFIED.sv
sed -i 's/module\( \+\)AsyncValidSync/module\1AsyncValidSync_TestHarness_UNIQUIFIED/' /work/chipyard/sims/verilator/generated-src/chipyard.harness.TestHarness.Baseline4CoreConfig/gen-collateral/AsyncValidSync_TestHarness_UNIQUIFIED.sv
sed -i 's/module\( \+\)AsyncValidSync/module\1AsyncValidSync_TestHarness_UNIQUIFIED/' /work/chipyard/sims/verilator/generated-src/chipyard.harness.TestHarness.Baseline4CoreConfig/gen-collateral/AsyncValidSync_TestHarness_UNIQUIFIED.sv
sed -i 's/module\( \+\)AsyncResetSynchronizerShiftReg_w4_d3_i0/module\1AsyncResetSynchronizerShiftReg_w4_d3_i0_TestHarness_UNIQUIFIED/' /work/chipyard/sims/verilator/generated-src/chipyard.harness.TestHarness.Baseline4CoreConfig/gen-collateral/AsyncResetSynchronizerShiftReg_w4_d3_i0_TestHarness_UNIQUIFIED.sv
sed -i 's/module\( \+\)AsyncValidSync/module\1AsyncValidSync_TestHarness_UNIQUIFIED/' /work/chipyard/sims/verilator/generated-src/chipyard.harness.TestHarness.Baseline4CoreConfig/gen-collateral/AsyncValidSync_TestHarness_UNIQUIFIED.sv
sed -i 's/module\( \+\)AsyncValidSync/module\1AsyncValidSync_TestHarness_UNIQUIFIED/' /work/chipyard/sims/verilator/generated-src/chipyard.harness.TestHarness.Baseline4CoreConfig/gen-collateral/AsyncValidSync_TestHarness_UNIQUIFIED.sv
sed -i 's/module\( \+\)AsyncValidSync/module\1AsyncValidSync_TestHarness_UNIQUIFIED/' /work/chipyard/sims/verilator/generated-src/chipyard.harness.TestHarness.Baseline4CoreConfig/gen-collateral/AsyncValidSync_TestHarness_UNIQUIFIED.sv
sed -i 's/module\( \+\)AsyncValidSync/module\1AsyncValidSync_TestHarness_UNIQUIFIED/' /work/chipyard/sims/verilator/generated-src/chipyard.harness.TestHarness.Baseline4CoreConfig/gen-collateral/AsyncValidSync_TestHarness_UNIQUIFIED.sv
sed -i 's/module\( \+\)AsyncResetSynchronizerShiftReg_w4_d3_i0/module\1AsyncResetSynchronizerShiftReg_w4_d3_i0_TestHarness_UNIQUIFIED/' /work/chipyard/sims/verilator/generated-src/chipyard.harness.TestHarness.Baseline4CoreConfig/gen-collateral/AsyncResetSynchronizerShiftReg_w4_d3_i0_TestHarness_UNIQUIFIED.sv
sed -i 's/module\( \+\)ClockCrossingReg_w32/module\1ClockCrossingReg_w32_TestHarness_UNIQUIFIED/' /work/chipyard/sims/verilator/generated-src/chipyard.harness.TestHarness.Baseline4CoreConfig/gen-collateral/ClockCrossingReg_w32_TestHarness_UNIQUIFIED.sv
sed -i 's/module\( \+\)AsyncValidSync/module\1AsyncValidSync_TestHarness_UNIQUIFIED/' /work/chipyard/sims/verilator/generated-src/chipyard.harness.TestHarness.Baseline4CoreConfig/gen-collateral/AsyncValidSync_TestHarness_UNIQUIFIED.sv
sed -i 's/module\( \+\)AsyncValidSync/module\1AsyncValidSync_TestHarness_UNIQUIFIED/' /work/chipyard/sims/verilator/generated-src/chipyard.harness.TestHarness.Baseline4CoreConfig/gen-collateral/AsyncValidSync_TestHarness_UNIQUIFIED.sv
sed -i 's/module\( \+\)AsyncValidSync/module\1AsyncValidSync_TestHarness_UNIQUIFIED/' /work/chipyard/sims/verilator/generated-src/chipyard.harness.TestHarness.Baseline4CoreConfig/gen-collateral/AsyncValidSync_TestHarness_UNIQUIFIED.sv
sed -i 's/module\( \+\)AsyncValidSync/module\1AsyncValidSync_TestHarness_UNIQUIFIED/' /work/chipyard/sims/verilator/generated-src/chipyard.harness.TestHarness.Baseline4CoreConfig/gen-collateral/AsyncValidSync_TestHarness_UNIQUIFIED.sv
sed -i 's/module\( \+\)AsyncResetSynchronizerShiftReg_w4_d3_i0/module\1AsyncResetSynchronizerShiftReg_w4_d3_i0_TestHarness_UNIQUIFIED/' /work/chipyard/sims/verilator/generated-src/chipyard.harness.TestHarness.Baseline4CoreConfig/gen-collateral/AsyncResetSynchronizerShiftReg_w4_d3_i0_TestHarness_UNIQUIFIED.sv
sed -i 's/module\( \+\)AsyncValidSync/module\1AsyncValidSync_TestHarness_UNIQUIFIED/' /work/chipyard/sims/verilator/generated-src/chipyard.harness.TestHarness.Baseline4CoreConfig/gen-collateral/AsyncValidSync_TestHarness_UNIQUIFIED.sv
sed -i 's/module\( \+\)AsyncValidSync/module\1AsyncValidSync_TestHarness_UNIQUIFIED/' /work/chipyard/sims/verilator/generated-src/chipyard.harness.TestHarness.Baseline4CoreConfig/gen-collateral/AsyncValidSync_TestHarness_UNIQUIFIED.sv
sed -i 's/module\( \+\)AsyncValidSync/module\1AsyncValidSync_TestHarness_UNIQUIFIED/' /work/chipyard/sims/verilator/generated-src/chipyard.harness.TestHarness.Baseline4CoreConfig/gen-collateral/AsyncValidSync_TestHarness_UNIQUIFIED.sv
sed -i 's/module\( \+\)AsyncValidSync/module\1AsyncValidSync_TestHarness_UNIQUIFIED/' /work/chipyard/sims/verilator/generated-src/chipyard.harness.TestHarness.Baseline4CoreConfig/gen-collateral/AsyncValidSync_TestHarness_UNIQUIFIED.sv
sed -i 's/module\( \+\)AsyncResetSynchronizerShiftReg_w4_d3_i0/module\1AsyncResetSynchronizerShiftReg_w4_d3_i0_TestHarness_UNIQUIFIED/' /work/chipyard/sims/verilator/generated-src/chipyard.harness.TestHarness.Baseline4CoreConfig/gen-collateral/AsyncResetSynchronizerShiftReg_w4_d3_i0_TestHarness_UNIQUIFIED.sv
sed -i 's/module\( \+\)ClockCrossingReg_w32/module\1ClockCrossingReg_w32_TestHarness_UNIQUIFIED/' /work/chipyard/sims/verilator/generated-src/chipyard.harness.TestHarness.Baseline4CoreConfig/gen-collateral/ClockCrossingReg_w32_TestHarness_UNIQUIFIED.sv
sed -i 's/module\( \+\)AsyncValidSync/module\1AsyncValidSync_TestHarness_UNIQUIFIED/' /work/chipyard/sims/verilator/generated-src/chipyard.harness.TestHarness.Baseline4CoreConfig/gen-collateral/AsyncValidSync_TestHarness_UNIQUIFIED.sv
sed -i 's/module\( \+\)AsyncValidSync/module\1AsyncValidSync_TestHarness_UNIQUIFIED/' /work/chipyard/sims/verilator/generated-src/chipyard.harness.TestHarness.Baseline4CoreConfig/gen-collateral/AsyncValidSync_TestHarness_UNIQUIFIED.sv
sed -i 's/module\( \+\)AsyncValidSync/module\1AsyncValidSync_TestHarness_UNIQUIFIED/' /work/chipyard/sims/verilator/generated-src/chipyard.harness.TestHarness.Baseline4CoreConfig/gen-collateral/AsyncValidSync_TestHarness_UNIQUIFIED.sv
sed -i 's/module\( \+\)AsyncValidSync/module\1AsyncValidSync_TestHarness_UNIQUIFIED/' /work/chipyard/sims/verilator/generated-src/chipyard.harness.TestHarness.Baseline4CoreConfig/gen-collateral/AsyncValidSync_TestHarness_UNIQUIFIED.sv
sed -i 's/module\( \+\)AsyncResetSynchronizerShiftReg_w4_d3_i0/module\1AsyncResetSynchronizerShiftReg_w4_d3_i0_TestHarness_UNIQUIFIED/' /work/chipyard/sims/verilator/generated-src/chipyard.harness.TestHarness.Baseline4CoreConfig/gen-collateral/AsyncResetSynchronizerShiftReg_w4_d3_i0_TestHarness_UNIQUIFIED.sv
sed -i 's/module\( \+\)AsyncValidSync/module\1AsyncValidSync_TestHarness_UNIQUIFIED/' /work/chipyard/sims/verilator/generated-src/chipyard.harness.TestHarness.Baseline4CoreConfig/gen-collateral/AsyncValidSync_TestHarness_UNIQUIFIED.sv
sed -i 's/module\( \+\)AsyncValidSync/module\1AsyncValidSync_TestHarness_UNIQUIFIED/' /work/chipyard/sims/verilator/generated-src/chipyard.harness.TestHarness.Baseline4CoreConfig/gen-collateral/AsyncValidSync_TestHarness_UNIQUIFIED.sv
sed -i 's/module\( \+\)AsyncValidSync/module\1AsyncValidSync_TestHarness_UNIQUIFIED/' /work/chipyard/sims/verilator/generated-src/chipyard.harness.TestHarness.Baseline4CoreConfig/gen-collateral/AsyncValidSync_TestHarness_UNIQUIFIED.sv
sed -i 's/module\( \+\)AsyncValidSync/module\1AsyncValidSync_TestHarness_UNIQUIFIED/' /work/chipyard/sims/verilator/generated-src/chipyard.harness.TestHarness.Baseline4CoreConfig/gen-collateral/AsyncValidSync_TestHarness_UNIQUIFIED.sv
sed -i 's/module\( \+\)AsyncResetSynchronizerShiftReg_w4_d3_i0/module\1AsyncResetSynchronizerShiftReg_w4_d3_i0_TestHarness_UNIQUIFIED/' /work/chipyard/sims/verilator/generated-src/chipyard.harness.TestHarness.Baseline4CoreConfig/gen-collateral/AsyncResetSynchronizerShiftReg_w4_d3_i0_TestHarness_UNIQUIFIED.sv
sed -i 's/module\( \+\)ClockCrossingReg_w32/module\1ClockCrossingReg_w32_TestHarness_UNIQUIFIED/' /work/chipyard/sims/verilator/generated-src/chipyard.harness.TestHarness.Baseline4CoreConfig/gen-collateral/ClockCrossingReg_w32_TestHarness_UNIQUIFIED.sv
sed -i 's/module\( \+\)AsyncValidSync/module\1AsyncValidSync_TestHarness_UNIQUIFIED/' /work/chipyard/sims/verilator/generated-src/chipyard.harness.TestHarness.Baseline4CoreConfig/gen-collateral/AsyncValidSync_TestHarness_UNIQUIFIED.sv
sed -i 's/module\( \+\)AsyncValidSync/module\1AsyncValidSync_TestHarness_UNIQUIFIED/' /work/chipyard/sims/verilator/generated-src/chipyard.harness.TestHarness.Baseline4CoreConfig/gen-collateral/AsyncValidSync_TestHarness_UNIQUIFIED.sv
sed -i 's/module\( \+\)AsyncValidSync/module\1AsyncValidSync_TestHarness_UNIQUIFIED/' /work/chipyard/sims/verilator/generated-src/chipyard.harness.TestHarness.Baseline4CoreConfig/gen-collateral/AsyncValidSync_TestHarness_UNIQUIFIED.sv
sed -i 's/module\( \+\)AsyncValidSync/module\1AsyncValidSync_TestHarness_UNIQUIFIED/' /work/chipyard/sims/verilator/generated-src/chipyard.harness.TestHarness.Baseline4CoreConfig/gen-collateral/AsyncValidSync_TestHarness_UNIQUIFIED.sv
sed -i 's/module\( \+\)AsyncResetSynchronizerShiftReg_w4_d3_i0/module\1AsyncResetSynchronizerShiftReg_w4_d3_i0_TestHarness_UNIQUIFIED/' /work/chipyard/sims/verilator/generated-src/chipyard.harness.TestHarness.Baseline4CoreConfig/gen-collateral/AsyncResetSynchronizerShiftReg_w4_d3_i0_TestHarness_UNIQUIFIED.sv
sed -i 's/module\( \+\)AsyncValidSync/module\1AsyncValidSync_TestHarness_UNIQUIFIED/' /work/chipyard/sims/verilator/generated-src/chipyard.harness.TestHarness.Baseline4CoreConfig/gen-collateral/AsyncValidSync_TestHarness_UNIQUIFIED.sv
sed -i 's/module\( \+\)AsyncValidSync/module\1AsyncValidSync_TestHarness_UNIQUIFIED/' /work/chipyard/sims/verilator/generated-src/chipyard.harness.TestHarness.Baseline4CoreConfig/gen-collateral/AsyncValidSync_TestHarness_UNIQUIFIED.sv
sed -i 's/module\( \+\)AsyncValidSync/module\1AsyncValidSync_TestHarness_UNIQUIFIED/' /work/chipyard/sims/verilator/generated-src/chipyard.harness.TestHarness.Baseline4CoreConfig/gen-collateral/AsyncValidSync_TestHarness_UNIQUIFIED.sv
sed -i 's/module\( \+\)AsyncValidSync/module\1AsyncValidSync_TestHarness_UNIQUIFIED/' /work/chipyard/sims/verilator/generated-src/chipyard.harness.TestHarness.Baseline4CoreConfig/gen-collateral/AsyncValidSync_TestHarness_UNIQUIFIED.sv
sed -i 's/module\( \+\)AsyncResetSynchronizerShiftReg_w4_d3_i0/module\1AsyncResetSynchronizerShiftReg_w4_d3_i0_TestHarness_UNIQUIFIED/' /work/chipyard/sims/verilator/generated-src/chipyard.harness.TestHarness.Baseline4CoreConfig/gen-collateral/AsyncResetSynchronizerShiftReg_w4_d3_i0_TestHarness_UNIQUIFIED.sv
sed -i 's/module\( \+\)ClockCrossingReg_w32/module\1ClockCrossingReg_w32_TestHarness_UNIQUIFIED/' /work/chipyard/sims/verilator/generated-src/chipyard.harness.TestHarness.Baseline4CoreConfig/gen-collateral/ClockCrossingReg_w32_TestHarness_UNIQUIFIED.sv
sed -i 's/module\( \+\)AsyncValidSync/module\1AsyncValidSync_TestHarness_UNIQUIFIED/' /work/chipyard/sims/verilator/generated-src/chipyard.harness.TestHarness.Baseline4CoreConfig/gen-collateral/AsyncValidSync_TestHarness_UNIQUIFIED.sv
sed -i 's/module\( \+\)AsyncValidSync/module\1AsyncValidSync_TestHarness_UNIQUIFIED/' /work/chipyard/sims/verilator/generated-src/chipyard.harness.TestHarness.Baseline4CoreConfig/gen-collateral/AsyncValidSync_TestHarness_UNIQUIFIED.sv
sed -i 's/module\( \+\)AsyncValidSync/module\1AsyncValidSync_TestHarness_UNIQUIFIED/' /work/chipyard/sims/verilator/generated-src/chipyard.harness.TestHarness.Baseline4CoreConfig/gen-collateral/AsyncValidSync_TestHarness_UNIQUIFIED.sv
sed -i 's/module\( \+\)AsyncValidSync/module\1AsyncValidSync_TestHarness_UNIQUIFIED/' /work/chipyard/sims/verilator/generated-src/chipyard.harness.TestHarness.Baseline4CoreConfig/gen-collateral/AsyncValidSync_TestHarness_UNIQUIFIED.sv
sed -i 's/module\( \+\)AsyncResetSynchronizerPrimitiveShiftReg_d3_i0/module\1AsyncResetSynchronizerPrimitiveShiftReg_d3_i0_TestHarness_UNIQUIFIED/' /work/chipyard/sims/verilator/generated-src/chipyard.harness.TestHarness.Baseline4CoreConfig/gen-collateral/AsyncResetSynchronizerPrimitiveShiftReg_d3_i0_TestHarness_UNIQUIFIED.sv
sed -i 's/\( \*\)AsyncResetSynchronizerPrimitiveShiftReg_d3_i0\( \+\)/\1AsyncResetSynchronizerPrimitiveShiftReg_d3_i0_TestHarness_UNIQUIFIED\2/' /work/chipyard/sims/verilator/generated-src/chipyard.harness.TestHarness.Baseline4CoreConfig/gen-collateral/AsyncResetSynchronizerShiftReg_w4_d3_i0_TestHarness_UNIQUIFIED.sv
sed -i 's/module\( \+\)AsyncResetSynchronizerPrimitiveShiftReg_d3_i0/module\1AsyncResetSynchronizerPrimitiveShiftReg_d3_i0_TestHarness_UNIQUIFIED/' /work/chipyard/sims/verilator/generated-src/chipyard.harness.TestHarness.Baseline4CoreConfig/gen-collateral/AsyncResetSynchronizerPrimitiveShiftReg_d3_i0_TestHarness_UNIQUIFIED.sv
sed -i 's/module\( \+\)AsyncResetSynchronizerPrimitiveShiftReg_d3_i0/module\1AsyncResetSynchronizerPrimitiveShiftReg_d3_i0_TestHarness_UNIQUIFIED/' /work/chipyard/sims/verilator/generated-src/chipyard.harness.TestHarness.Baseline4CoreConfig/gen-collateral/AsyncResetSynchronizerPrimitiveShiftReg_d3_i0_TestHarness_UNIQUIFIED.sv
sed -i 's/module\( \+\)AsyncResetSynchronizerPrimitiveShiftReg_d3_i0/module\1AsyncResetSynchronizerPrimitiveShiftReg_d3_i0_TestHarness_UNIQUIFIED/' /work/chipyard/sims/verilator/generated-src/chipyard.harness.TestHarness.Baseline4CoreConfig/gen-collateral/AsyncResetSynchronizerPrimitiveShiftReg_d3_i0_TestHarness_UNIQUIFIED.sv
sed -i 's/module\( \+\)AsyncResetSynchronizerShiftReg_w1_d3_i0_1/module\1AsyncResetSynchronizerShiftReg_w1_d3_i0_1_TestHarness_UNIQUIFIED/' /work/chipyard/sims/verilator/generated-src/chipyard.harness.TestHarness.Baseline4CoreConfig/gen-collateral/AsyncResetSynchronizerShiftReg_w1_d3_i0_1_TestHarness_UNIQUIFIED.sv
sed -i 's/\( \*\)AsyncResetSynchronizerShiftReg_w1_d3_i0_1\( \+\)/\1AsyncResetSynchronizerShiftReg_w1_d3_i0_1_TestHarness_UNIQUIFIED\2/' /work/chipyard/sims/verilator/generated-src/chipyard.harness.TestHarness.Baseline4CoreConfig/gen-collateral/AsyncValidSync_TestHarness_UNIQUIFIED.sv
sed -i 's/module\( \+\)AsyncResetSynchronizerShiftReg_w1_d3_i0_1/module\1AsyncResetSynchronizerShiftReg_w1_d3_i0_1_TestHarness_UNIQUIFIED/' /work/chipyard/sims/verilator/generated-src/chipyard.harness.TestHarness.Baseline4CoreConfig/gen-collateral/AsyncResetSynchronizerShiftReg_w1_d3_i0_1_TestHarness_UNIQUIFIED.sv
sed -i 's/module\( \+\)AsyncResetSynchronizerShiftReg_w1_d3_i0_1/module\1AsyncResetSynchronizerShiftReg_w1_d3_i0_1_TestHarness_UNIQUIFIED/' /work/chipyard/sims/verilator/generated-src/chipyard.harness.TestHarness.Baseline4CoreConfig/gen-collateral/AsyncResetSynchronizerShiftReg_w1_d3_i0_1_TestHarness_UNIQUIFIED.sv
sed -i 's/module\( \+\)AsyncResetSynchronizerShiftReg_w1_d3_i0_1/module\1AsyncResetSynchronizerShiftReg_w1_d3_i0_1_TestHarness_UNIQUIFIED/' /work/chipyard/sims/verilator/generated-src/chipyard.harness.TestHarness.Baseline4CoreConfig/gen-collateral/AsyncResetSynchronizerShiftReg_w1_d3_i0_1_TestHarness_UNIQUIFIED.sv
sed -i 's/module\( \+\)AsyncResetSynchronizerPrimitiveShiftReg_d3_i0/module\1AsyncResetSynchronizerPrimitiveShiftReg_d3_i0_TestHarness_UNIQUIFIED/' /work/chipyard/sims/verilator/generated-src/chipyard.harness.TestHarness.Baseline4CoreConfig/gen-collateral/AsyncResetSynchronizerPrimitiveShiftReg_d3_i0_TestHarness_UNIQUIFIED.sv
sed -i 's/module\( \+\)AsyncResetSynchronizerPrimitiveShiftReg_d3_i0/module\1AsyncResetSynchronizerPrimitiveShiftReg_d3_i0_TestHarness_UNIQUIFIED/' /work/chipyard/sims/verilator/generated-src/chipyard.harness.TestHarness.Baseline4CoreConfig/gen-collateral/AsyncResetSynchronizerPrimitiveShiftReg_d3_i0_TestHarness_UNIQUIFIED.sv
sed -i 's/module\( \+\)AsyncResetSynchronizerPrimitiveShiftReg_d3_i0/module\1AsyncResetSynchronizerPrimitiveShiftReg_d3_i0_TestHarness_UNIQUIFIED/' /work/chipyard/sims/verilator/generated-src/chipyard.harness.TestHarness.Baseline4CoreConfig/gen-collateral/AsyncResetSynchronizerPrimitiveShiftReg_d3_i0_TestHarness_UNIQUIFIED.sv
sed -i 's/module\( \+\)AsyncResetSynchronizerPrimitiveShiftReg_d3_i0/module\1AsyncResetSynchronizerPrimitiveShiftReg_d3_i0_TestHarness_UNIQUIFIED/' /work/chipyard/sims/verilator/generated-src/chipyard.harness.TestHarness.Baseline4CoreConfig/gen-collateral/AsyncResetSynchronizerPrimitiveShiftReg_d3_i0_TestHarness_UNIQUIFIED.sv
sed -i 's/module\( \+\)AsyncResetSynchronizerShiftReg_w1_d3_i0_1/module\1AsyncResetSynchronizerShiftReg_w1_d3_i0_1_TestHarness_UNIQUIFIED/' /work/chipyard/sims/verilator/generated-src/chipyard.harness.TestHarness.Baseline4CoreConfig/gen-collateral/AsyncResetSynchronizerShiftReg_w1_d3_i0_1_TestHarness_UNIQUIFIED.sv
sed -i 's/module\( \+\)AsyncResetSynchronizerShiftReg_w1_d3_i0_1/module\1AsyncResetSynchronizerShiftReg_w1_d3_i0_1_TestHarness_UNIQUIFIED/' /work/chipyard/sims/verilator/generated-src/chipyard.harness.TestHarness.Baseline4CoreConfig/gen-collateral/AsyncResetSynchronizerShiftReg_w1_d3_i0_1_TestHarness_UNIQUIFIED.sv
sed -i 's/module\( \+\)AsyncResetSynchronizerShiftReg_w1_d3_i0_1/module\1AsyncResetSynchronizerShiftReg_w1_d3_i0_1_TestHarness_UNIQUIFIED/' /work/chipyard/sims/verilator/generated-src/chipyard.harness.TestHarness.Baseline4CoreConfig/gen-collateral/AsyncResetSynchronizerShiftReg_w1_d3_i0_1_TestHarness_UNIQUIFIED.sv
sed -i 's/module\( \+\)AsyncResetSynchronizerShiftReg_w1_d3_i0_1/module\1AsyncResetSynchronizerShiftReg_w1_d3_i0_1_TestHarness_UNIQUIFIED/' /work/chipyard/sims/verilator/generated-src/chipyard.harness.TestHarness.Baseline4CoreConfig/gen-collateral/AsyncResetSynchronizerShiftReg_w1_d3_i0_1_TestHarness_UNIQUIFIED.sv
sed -i 's/module\( \+\)AsyncResetSynchronizerPrimitiveShiftReg_d3_i0/module\1AsyncResetSynchronizerPrimitiveShiftReg_d3_i0_TestHarness_UNIQUIFIED/' /work/chipyard/sims/verilator/generated-src/chipyard.harness.TestHarness.Baseline4CoreConfig/gen-collateral/AsyncResetSynchronizerPrimitiveShiftReg_d3_i0_TestHarness_UNIQUIFIED.sv
sed -i 's/module\( \+\)AsyncResetSynchronizerPrimitiveShiftReg_d3_i0/module\1AsyncResetSynchronizerPrimitiveShiftReg_d3_i0_TestHarness_UNIQUIFIED/' /work/chipyard/sims/verilator/generated-src/chipyard.harness.TestHarness.Baseline4CoreConfig/gen-collateral/AsyncResetSynchronizerPrimitiveShiftReg_d3_i0_TestHarness_UNIQUIFIED.sv
sed -i 's/module\( \+\)AsyncResetSynchronizerPrimitiveShiftReg_d3_i0/module\1AsyncResetSynchronizerPrimitiveShiftReg_d3_i0_TestHarness_UNIQUIFIED/' /work/chipyard/sims/verilator/generated-src/chipyard.harness.TestHarness.Baseline4CoreConfig/gen-collateral/AsyncResetSynchronizerPrimitiveShiftReg_d3_i0_TestHarness_UNIQUIFIED.sv
sed -i 's/module\( \+\)AsyncResetSynchronizerPrimitiveShiftReg_d3_i0/module\1AsyncResetSynchronizerPrimitiveShiftReg_d3_i0_TestHarness_UNIQUIFIED/' /work/chipyard/sims/verilator/generated-src/chipyard.harness.TestHarness.Baseline4CoreConfig/gen-collateral/AsyncResetSynchronizerPrimitiveShiftReg_d3_i0_TestHarness_UNIQUIFIED.sv
sed -i 's/module\( \+\)AsyncResetSynchronizerShiftReg_w1_d3_i0_1/module\1AsyncResetSynchronizerShiftReg_w1_d3_i0_1_TestHarness_UNIQUIFIED/' /work/chipyard/sims/verilator/generated-src/chipyard.harness.TestHarness.Baseline4CoreConfig/gen-collateral/AsyncResetSynchronizerShiftReg_w1_d3_i0_1_TestHarness_UNIQUIFIED.sv
sed -i 's/module\( \+\)AsyncResetSynchronizerShiftReg_w1_d3_i0_1/module\1AsyncResetSynchronizerShiftReg_w1_d3_i0_1_TestHarness_UNIQUIFIED/' /work/chipyard/sims/verilator/generated-src/chipyard.harness.TestHarness.Baseline4CoreConfig/gen-collateral/AsyncResetSynchronizerShiftReg_w1_d3_i0_1_TestHarness_UNIQUIFIED.sv
sed -i 's/module\( \+\)AsyncResetSynchronizerShiftReg_w1_d3_i0_1/module\1AsyncResetSynchronizerShiftReg_w1_d3_i0_1_TestHarness_UNIQUIFIED/' /work/chipyard/sims/verilator/generated-src/chipyard.harness.TestHarness.Baseline4CoreConfig/gen-collateral/AsyncResetSynchronizerShiftReg_w1_d3_i0_1_TestHarness_UNIQUIFIED.sv
sed -i 's/module\( \+\)AsyncResetSynchronizerShiftReg_w1_d3_i0_1/module\1AsyncResetSynchronizerShiftReg_w1_d3_i0_1_TestHarness_UNIQUIFIED/' /work/chipyard/sims/verilator/generated-src/chipyard.harness.TestHarness.Baseline4CoreConfig/gen-collateral/AsyncResetSynchronizerShiftReg_w1_d3_i0_1_TestHarness_UNIQUIFIED.sv
sed -i 's/module\( \+\)AsyncResetSynchronizerPrimitiveShiftReg_d3_i0/module\1AsyncResetSynchronizerPrimitiveShiftReg_d3_i0_TestHarness_UNIQUIFIED/' /work/chipyard/sims/verilator/generated-src/chipyard.harness.TestHarness.Baseline4CoreConfig/gen-collateral/AsyncResetSynchronizerPrimitiveShiftReg_d3_i0_TestHarness_UNIQUIFIED.sv
sed -i 's/module\( \+\)AsyncResetSynchronizerPrimitiveShiftReg_d3_i0/module\1AsyncResetSynchronizerPrimitiveShiftReg_d3_i0_TestHarness_UNIQUIFIED/' /work/chipyard/sims/verilator/generated-src/chipyard.harness.TestHarness.Baseline4CoreConfig/gen-collateral/AsyncResetSynchronizerPrimitiveShiftReg_d3_i0_TestHarness_UNIQUIFIED.sv
sed -i 's/module\( \+\)AsyncResetSynchronizerPrimitiveShiftReg_d3_i0/module\1AsyncResetSynchronizerPrimitiveShiftReg_d3_i0_TestHarness_UNIQUIFIED/' /work/chipyard/sims/verilator/generated-src/chipyard.harness.TestHarness.Baseline4CoreConfig/gen-collateral/AsyncResetSynchronizerPrimitiveShiftReg_d3_i0_TestHarness_UNIQUIFIED.sv
sed -i 's/module\( \+\)AsyncResetSynchronizerPrimitiveShiftReg_d3_i0/module\1AsyncResetSynchronizerPrimitiveShiftReg_d3_i0_TestHarness_UNIQUIFIED/' /work/chipyard/sims/verilator/generated-src/chipyard.harness.TestHarness.Baseline4CoreConfig/gen-collateral/AsyncResetSynchronizerPrimitiveShiftReg_d3_i0_TestHarness_UNIQUIFIED.sv
sed -i 's/module\( \+\)AsyncResetSynchronizerShiftReg_w1_d3_i0_1/module\1AsyncResetSynchronizerShiftReg_w1_d3_i0_1_TestHarness_UNIQUIFIED/' /work/chipyard/sims/verilator/generated-src/chipyard.harness.TestHarness.Baseline4CoreConfig/gen-collateral/AsyncResetSynchronizerShiftReg_w1_d3_i0_1_TestHarness_UNIQUIFIED.sv
sed -i 's/module\( \+\)AsyncResetSynchronizerShiftReg_w1_d3_i0_1/module\1AsyncResetSynchronizerShiftReg_w1_d3_i0_1_TestHarness_UNIQUIFIED/' /work/chipyard/sims/verilator/generated-src/chipyard.harness.TestHarness.Baseline4CoreConfig/gen-collateral/AsyncResetSynchronizerShiftReg_w1_d3_i0_1_TestHarness_UNIQUIFIED.sv
sed -i 's/module\( \+\)AsyncResetSynchronizerShiftReg_w1_d3_i0_1/module\1AsyncResetSynchronizerShiftReg_w1_d3_i0_1_TestHarness_UNIQUIFIED/' /work/chipyard/sims/verilator/generated-src/chipyard.harness.TestHarness.Baseline4CoreConfig/gen-collateral/AsyncResetSynchronizerShiftReg_w1_d3_i0_1_TestHarness_UNIQUIFIED.sv
sed -i 's/module\( \+\)AsyncResetSynchronizerShiftReg_w1_d3_i0_1/module\1AsyncResetSynchronizerShiftReg_w1_d3_i0_1_TestHarness_UNIQUIFIED/' /work/chipyard/sims/verilator/generated-src/chipyard.harness.TestHarness.Baseline4CoreConfig/gen-collateral/AsyncResetSynchronizerShiftReg_w1_d3_i0_1_TestHarness_UNIQUIFIED.sv
sed -i 's/module\( \+\)AsyncResetSynchronizerPrimitiveShiftReg_d3_i0/module\1AsyncResetSynchronizerPrimitiveShiftReg_d3_i0_TestHarness_UNIQUIFIED/' /work/chipyard/sims/verilator/generated-src/chipyard.harness.TestHarness.Baseline4CoreConfig/gen-collateral/AsyncResetSynchronizerPrimitiveShiftReg_d3_i0_TestHarness_UNIQUIFIED.sv
sed -i 's/module\( \+\)AsyncResetSynchronizerPrimitiveShiftReg_d3_i0/module\1AsyncResetSynchronizerPrimitiveShiftReg_d3_i0_TestHarness_UNIQUIFIED/' /work/chipyard/sims/verilator/generated-src/chipyard.harness.TestHarness.Baseline4CoreConfig/gen-collateral/AsyncResetSynchronizerPrimitiveShiftReg_d3_i0_TestHarness_UNIQUIFIED.sv
sed -i 's/module\( \+\)AsyncResetSynchronizerPrimitiveShiftReg_d3_i0/module\1AsyncResetSynchronizerPrimitiveShiftReg_d3_i0_TestHarness_UNIQUIFIED/' /work/chipyard/sims/verilator/generated-src/chipyard.harness.TestHarness.Baseline4CoreConfig/gen-collateral/AsyncResetSynchronizerPrimitiveShiftReg_d3_i0_TestHarness_UNIQUIFIED.sv
sed -i 's/module\( \+\)AsyncResetSynchronizerPrimitiveShiftReg_d3_i0/module\1AsyncResetSynchronizerPrimitiveShiftReg_d3_i0_TestHarness_UNIQUIFIED/' /work/chipyard/sims/verilator/generated-src/chipyard.harness.TestHarness.Baseline4CoreConfig/gen-collateral/AsyncResetSynchronizerPrimitiveShiftReg_d3_i0_TestHarness_UNIQUIFIED.sv
sed -i 's/module\( \+\)AsyncResetSynchronizerShiftReg_w1_d3_i0_1/module\1AsyncResetSynchronizerShiftReg_w1_d3_i0_1_TestHarness_UNIQUIFIED/' /work/chipyard/sims/verilator/generated-src/chipyard.harness.TestHarness.Baseline4CoreConfig/gen-collateral/AsyncResetSynchronizerShiftReg_w1_d3_i0_1_TestHarness_UNIQUIFIED.sv
sed -i 's/module\( \+\)AsyncResetSynchronizerShiftReg_w1_d3_i0_1/module\1AsyncResetSynchronizerShiftReg_w1_d3_i0_1_TestHarness_UNIQUIFIED/' /work/chipyard/sims/verilator/generated-src/chipyard.harness.TestHarness.Baseline4CoreConfig/gen-collateral/AsyncResetSynchronizerShiftReg_w1_d3_i0_1_TestHarness_UNIQUIFIED.sv
sed -i 's/module\( \+\)AsyncResetSynchronizerShiftReg_w1_d3_i0_1/module\1AsyncResetSynchronizerShiftReg_w1_d3_i0_1_TestHarness_UNIQUIFIED/' /work/chipyard/sims/verilator/generated-src/chipyard.harness.TestHarness.Baseline4CoreConfig/gen-collateral/AsyncResetSynchronizerShiftReg_w1_d3_i0_1_TestHarness_UNIQUIFIED.sv
sed -i 's/module\( \+\)AsyncResetSynchronizerShiftReg_w1_d3_i0_1/module\1AsyncResetSynchronizerShiftReg_w1_d3_i0_1_TestHarness_UNIQUIFIED/' /work/chipyard/sims/verilator/generated-src/chipyard.harness.TestHarness.Baseline4CoreConfig/gen-collateral/AsyncResetSynchronizerShiftReg_w1_d3_i0_1_TestHarness_UNIQUIFIED.sv
sed -i 's/module\( \+\)AsyncResetSynchronizerPrimitiveShiftReg_d3_i0/module\1AsyncResetSynchronizerPrimitiveShiftReg_d3_i0_TestHarness_UNIQUIFIED/' /work/chipyard/sims/verilator/generated-src/chipyard.harness.TestHarness.Baseline4CoreConfig/gen-collateral/AsyncResetSynchronizerPrimitiveShiftReg_d3_i0_TestHarness_UNIQUIFIED.sv
sed -i 's/module\( \+\)AsyncResetSynchronizerPrimitiveShiftReg_d3_i0/module\1AsyncResetSynchronizerPrimitiveShiftReg_d3_i0_TestHarness_UNIQUIFIED/' /work/chipyard/sims/verilator/generated-src/chipyard.harness.TestHarness.Baseline4CoreConfig/gen-collateral/AsyncResetSynchronizerPrimitiveShiftReg_d3_i0_TestHarness_UNIQUIFIED.sv
sed -i 's/module\( \+\)AsyncResetSynchronizerPrimitiveShiftReg_d3_i0/module\1AsyncResetSynchronizerPrimitiveShiftReg_d3_i0_TestHarness_UNIQUIFIED/' /work/chipyard/sims/verilator/generated-src/chipyard.harness.TestHarness.Baseline4CoreConfig/gen-collateral/AsyncResetSynchronizerPrimitiveShiftReg_d3_i0_TestHarness_UNIQUIFIED.sv
sed -i 's/module\( \+\)AsyncResetSynchronizerPrimitiveShiftReg_d3_i0/module\1AsyncResetSynchronizerPrimitiveShiftReg_d3_i0_TestHarness_UNIQUIFIED/' /work/chipyard/sims/verilator/generated-src/chipyard.harness.TestHarness.Baseline4CoreConfig/gen-collateral/AsyncResetSynchronizerPrimitiveShiftReg_d3_i0_TestHarness_UNIQUIFIED.sv
sed -i 's/module\( \+\)AsyncResetSynchronizerShiftReg_w1_d3_i0_1/module\1AsyncResetSynchronizerShiftReg_w1_d3_i0_1_TestHarness_UNIQUIFIED/' /work/chipyard/sims/verilator/generated-src/chipyard.harness.TestHarness.Baseline4CoreConfig/gen-collateral/AsyncResetSynchronizerShiftReg_w1_d3_i0_1_TestHarness_UNIQUIFIED.sv
sed -i 's/module\( \+\)AsyncResetSynchronizerShiftReg_w1_d3_i0_1/module\1AsyncResetSynchronizerShiftReg_w1_d3_i0_1_TestHarness_UNIQUIFIED/' /work/chipyard/sims/verilator/generated-src/chipyard.harness.TestHarness.Baseline4CoreConfig/gen-collateral/AsyncResetSynchronizerShiftReg_w1_d3_i0_1_TestHarness_UNIQUIFIED.sv
sed -i 's/module\( \+\)AsyncResetSynchronizerShiftReg_w1_d3_i0_1/module\1AsyncResetSynchronizerShiftReg_w1_d3_i0_1_TestHarness_UNIQUIFIED/' /work/chipyard/sims/verilator/generated-src/chipyard.harness.TestHarness.Baseline4CoreConfig/gen-collateral/AsyncResetSynchronizerShiftReg_w1_d3_i0_1_TestHarness_UNIQUIFIED.sv
sed -i 's/module\( \+\)AsyncResetSynchronizerShiftReg_w1_d3_i0_1/module\1AsyncResetSynchronizerShiftReg_w1_d3_i0_1_TestHarness_UNIQUIFIED/' /work/chipyard/sims/verilator/generated-src/chipyard.harness.TestHarness.Baseline4CoreConfig/gen-collateral/AsyncResetSynchronizerShiftReg_w1_d3_i0_1_TestHarness_UNIQUIFIED.sv
sed -i 's/module\( \+\)AsyncResetSynchronizerPrimitiveShiftReg_d3_i0/module\1AsyncResetSynchronizerPrimitiveShiftReg_d3_i0_TestHarness_UNIQUIFIED/' /work/chipyard/sims/verilator/generated-src/chipyard.harness.TestHarness.Baseline4CoreConfig/gen-collateral/AsyncResetSynchronizerPrimitiveShiftReg_d3_i0_TestHarness_UNIQUIFIED.sv
sed -i 's/module\( \+\)AsyncResetSynchronizerPrimitiveShiftReg_d3_i0/module\1AsyncResetSynchronizerPrimitiveShiftReg_d3_i0_TestHarness_UNIQUIFIED/' /work/chipyard/sims/verilator/generated-src/chipyard.harness.TestHarness.Baseline4CoreConfig/gen-collateral/AsyncResetSynchronizerPrimitiveShiftReg_d3_i0_TestHarness_UNIQUIFIED.sv
sed -i 's/module\( \+\)AsyncResetSynchronizerPrimitiveShiftReg_d3_i0/module\1AsyncResetSynchronizerPrimitiveShiftReg_d3_i0_TestHarness_UNIQUIFIED/' /work/chipyard/sims/verilator/generated-src/chipyard.harness.TestHarness.Baseline4CoreConfig/gen-collateral/AsyncResetSynchronizerPrimitiveShiftReg_d3_i0_TestHarness_UNIQUIFIED.sv
sed -i 's/module\( \+\)AsyncResetSynchronizerPrimitiveShiftReg_d3_i0/module\1AsyncResetSynchronizerPrimitiveShiftReg_d3_i0_TestHarness_UNIQUIFIED/' /work/chipyard/sims/verilator/generated-src/chipyard.harness.TestHarness.Baseline4CoreConfig/gen-collateral/AsyncResetSynchronizerPrimitiveShiftReg_d3_i0_TestHarness_UNIQUIFIED.sv
sed -i 's/module\( \+\)AsyncResetSynchronizerShiftReg_w1_d3_i0_1/module\1AsyncResetSynchronizerShiftReg_w1_d3_i0_1_TestHarness_UNIQUIFIED/' /work/chipyard/sims/verilator/generated-src/chipyard.harness.TestHarness.Baseline4CoreConfig/gen-collateral/AsyncResetSynchronizerShiftReg_w1_d3_i0_1_TestHarness_UNIQUIFIED.sv
sed -i 's/module\( \+\)AsyncResetSynchronizerShiftReg_w1_d3_i0_1/module\1AsyncResetSynchronizerShiftReg_w1_d3_i0_1_TestHarness_UNIQUIFIED/' /work/chipyard/sims/verilator/generated-src/chipyard.harness.TestHarness.Baseline4CoreConfig/gen-collateral/AsyncResetSynchronizerShiftReg_w1_d3_i0_1_TestHarness_UNIQUIFIED.sv
sed -i 's/module\( \+\)AsyncResetSynchronizerShiftReg_w1_d3_i0_1/module\1AsyncResetSynchronizerShiftReg_w1_d3_i0_1_TestHarness_UNIQUIFIED/' /work/chipyard/sims/verilator/generated-src/chipyard.harness.TestHarness.Baseline4CoreConfig/gen-collateral/AsyncResetSynchronizerShiftReg_w1_d3_i0_1_TestHarness_UNIQUIFIED.sv
sed -i 's/module\( \+\)AsyncResetSynchronizerShiftReg_w1_d3_i0_1/module\1AsyncResetSynchronizerShiftReg_w1_d3_i0_1_TestHarness_UNIQUIFIED/' /work/chipyard/sims/verilator/generated-src/chipyard.harness.TestHarness.Baseline4CoreConfig/gen-collateral/AsyncResetSynchronizerShiftReg_w1_d3_i0_1_TestHarness_UNIQUIFIED.sv
sed -i 's/module\( \+\)AsyncResetSynchronizerPrimitiveShiftReg_d3_i0/module\1AsyncResetSynchronizerPrimitiveShiftReg_d3_i0_TestHarness_UNIQUIFIED/' /work/chipyard/sims/verilator/generated-src/chipyard.harness.TestHarness.Baseline4CoreConfig/gen-collateral/AsyncResetSynchronizerPrimitiveShiftReg_d3_i0_TestHarness_UNIQUIFIED.sv
sed -i 's/module\( \+\)AsyncResetSynchronizerPrimitiveShiftReg_d3_i0/module\1AsyncResetSynchronizerPrimitiveShiftReg_d3_i0_TestHarness_UNIQUIFIED/' /work/chipyard/sims/verilator/generated-src/chipyard.harness.TestHarness.Baseline4CoreConfig/gen-collateral/AsyncResetSynchronizerPrimitiveShiftReg_d3_i0_TestHarness_UNIQUIFIED.sv
sed -i 's/module\( \+\)AsyncResetSynchronizerPrimitiveShiftReg_d3_i0/module\1AsyncResetSynchronizerPrimitiveShiftReg_d3_i0_TestHarness_UNIQUIFIED/' /work/chipyard/sims/verilator/generated-src/chipyard.harness.TestHarness.Baseline4CoreConfig/gen-collateral/AsyncResetSynchronizerPrimitiveShiftReg_d3_i0_TestHarness_UNIQUIFIED.sv
sed -i 's/module\( \+\)AsyncResetSynchronizerPrimitiveShiftReg_d3_i0/module\1AsyncResetSynchronizerPrimitiveShiftReg_d3_i0_TestHarness_UNIQUIFIED/' /work/chipyard/sims/verilator/generated-src/chipyard.harness.TestHarness.Baseline4CoreConfig/gen-collateral/AsyncResetSynchronizerPrimitiveShiftReg_d3_i0_TestHarness_UNIQUIFIED.sv
sed -i 's/module\( \+\)AsyncResetSynchronizerShiftReg_w1_d3_i0_1/module\1AsyncResetSynchronizerShiftReg_w1_d3_i0_1_TestHarness_UNIQUIFIED/' /work/chipyard/sims/verilator/generated-src/chipyard.harness.TestHarness.Baseline4CoreConfig/gen-collateral/AsyncResetSynchronizerShiftReg_w1_d3_i0_1_TestHarness_UNIQUIFIED.sv
sed -i 's/module\( \+\)AsyncResetSynchronizerShiftReg_w1_d3_i0_1/module\1AsyncResetSynchronizerShiftReg_w1_d3_i0_1_TestHarness_UNIQUIFIED/' /work/chipyard/sims/verilator/generated-src/chipyard.harness.TestHarness.Baseline4CoreConfig/gen-collateral/AsyncResetSynchronizerShiftReg_w1_d3_i0_1_TestHarness_UNIQUIFIED.sv
sed -i 's/module\( \+\)AsyncResetSynchronizerShiftReg_w1_d3_i0_1/module\1AsyncResetSynchronizerShiftReg_w1_d3_i0_1_TestHarness_UNIQUIFIED/' /work/chipyard/sims/verilator/generated-src/chipyard.harness.TestHarness.Baseline4CoreConfig/gen-collateral/AsyncResetSynchronizerShiftReg_w1_d3_i0_1_TestHarness_UNIQUIFIED.sv
sed -i 's/module\( \+\)AsyncResetSynchronizerShiftReg_w1_d3_i0_1/module\1AsyncResetSynchronizerShiftReg_w1_d3_i0_1_TestHarness_UNIQUIFIED/' /work/chipyard/sims/verilator/generated-src/chipyard.harness.TestHarness.Baseline4CoreConfig/gen-collateral/AsyncResetSynchronizerShiftReg_w1_d3_i0_1_TestHarness_UNIQUIFIED.sv
sed -i 's/module\( \+\)AsyncResetSynchronizerPrimitiveShiftReg_d3_i0/module\1AsyncResetSynchronizerPrimitiveShiftReg_d3_i0_TestHarness_UNIQUIFIED/' /work/chipyard/sims/verilator/generated-src/chipyard.harness.TestHarness.Baseline4CoreConfig/gen-collateral/AsyncResetSynchronizerPrimitiveShiftReg_d3_i0_TestHarness_UNIQUIFIED.sv
sed -i 's/module\( \+\)AsyncResetSynchronizerPrimitiveShiftReg_d3_i0/module\1AsyncResetSynchronizerPrimitiveShiftReg_d3_i0_TestHarness_UNIQUIFIED/' /work/chipyard/sims/verilator/generated-src/chipyard.harness.TestHarness.Baseline4CoreConfig/gen-collateral/AsyncResetSynchronizerPrimitiveShiftReg_d3_i0_TestHarness_UNIQUIFIED.sv
sed -i 's/module\( \+\)AsyncResetSynchronizerPrimitiveShiftReg_d3_i0/module\1AsyncResetSynchronizerPrimitiveShiftReg_d3_i0_TestHarness_UNIQUIFIED/' /work/chipyard/sims/verilator/generated-src/chipyard.harness.TestHarness.Baseline4CoreConfig/gen-collateral/AsyncResetSynchronizerPrimitiveShiftReg_d3_i0_TestHarness_UNIQUIFIED.sv
sed -i 's/module\( \+\)AsyncResetSynchronizerPrimitiveShiftReg_d3_i0/module\1AsyncResetSynchronizerPrimitiveShiftReg_d3_i0_TestHarness_UNIQUIFIED/' /work/chipyard/sims/verilator/generated-src/chipyard.harness.TestHarness.Baseline4CoreConfig/gen-collateral/AsyncResetSynchronizerPrimitiveShiftReg_d3_i0_TestHarness_UNIQUIFIED.sv
sed -i 's/module\( \+\)AsyncResetSynchronizerShiftReg_w1_d3_i0_1/module\1AsyncResetSynchronizerShiftReg_w1_d3_i0_1_TestHarness_UNIQUIFIED/' /work/chipyard/sims/verilator/generated-src/chipyard.harness.TestHarness.Baseline4CoreConfig/gen-collateral/AsyncResetSynchronizerShiftReg_w1_d3_i0_1_TestHarness_UNIQUIFIED.sv
sed -i 's/module\( \+\)AsyncResetSynchronizerShiftReg_w1_d3_i0_1/module\1AsyncResetSynchronizerShiftReg_w1_d3_i0_1_TestHarness_UNIQUIFIED/' /work/chipyard/sims/verilator/generated-src/chipyard.harness.TestHarness.Baseline4CoreConfig/gen-collateral/AsyncResetSynchronizerShiftReg_w1_d3_i0_1_TestHarness_UNIQUIFIED.sv
sed -i 's/module\( \+\)AsyncResetSynchronizerShiftReg_w1_d3_i0_1/module\1AsyncResetSynchronizerShiftReg_w1_d3_i0_1_TestHarness_UNIQUIFIED/' /work/chipyard/sims/verilator/generated-src/chipyard.harness.TestHarness.Baseline4CoreConfig/gen-collateral/AsyncResetSynchronizerShiftReg_w1_d3_i0_1_TestHarness_UNIQUIFIED.sv
sed -i 's/module\( \+\)AsyncResetSynchronizerShiftReg_w1_d3_i0_1/module\1AsyncResetSynchronizerShiftReg_w1_d3_i0_1_TestHarness_UNIQUIFIED/' /work/chipyard/sims/verilator/generated-src/chipyard.harness.TestHarness.Baseline4CoreConfig/gen-collateral/AsyncResetSynchronizerShiftReg_w1_d3_i0_1_TestHarness_UNIQUIFIED.sv
sed -i 's/module\( \+\)AsyncResetSynchronizerPrimitiveShiftReg_d3_i0/module\1AsyncResetSynchronizerPrimitiveShiftReg_d3_i0_TestHarness_UNIQUIFIED/' /work/chipyard/sims/verilator/generated-src/chipyard.harness.TestHarness.Baseline4CoreConfig/gen-collateral/AsyncResetSynchronizerPrimitiveShiftReg_d3_i0_TestHarness_UNIQUIFIED.sv
sed -i 's/module\( \+\)AsyncResetSynchronizerPrimitiveShiftReg_d3_i0/module\1AsyncResetSynchronizerPrimitiveShiftReg_d3_i0_TestHarness_UNIQUIFIED/' /work/chipyard/sims/verilator/generated-src/chipyard.harness.TestHarness.Baseline4CoreConfig/gen-collateral/AsyncResetSynchronizerPrimitiveShiftReg_d3_i0_TestHarness_UNIQUIFIED.sv
sed -i 's/module\( \+\)AsyncResetSynchronizerPrimitiveShiftReg_d3_i0/module\1AsyncResetSynchronizerPrimitiveShiftReg_d3_i0_TestHarness_UNIQUIFIED/' /work/chipyard/sims/verilator/generated-src/chipyard.harness.TestHarness.Baseline4CoreConfig/gen-collateral/AsyncResetSynchronizerPrimitiveShiftReg_d3_i0_TestHarness_UNIQUIFIED.sv
sed -i 's/module\( \+\)AsyncResetSynchronizerPrimitiveShiftReg_d3_i0/module\1AsyncResetSynchronizerPrimitiveShiftReg_d3_i0_TestHarness_UNIQUIFIED/' /work/chipyard/sims/verilator/generated-src/chipyard.harness.TestHarness.Baseline4CoreConfig/gen-collateral/AsyncResetSynchronizerPrimitiveShiftReg_d3_i0_TestHarness_UNIQUIFIED.sv
sed -i 's/module\( \+\)AsyncResetSynchronizerShiftReg_w1_d3_i0_1/module\1AsyncResetSynchronizerShiftReg_w1_d3_i0_1_TestHarness_UNIQUIFIED/' /work/chipyard/sims/verilator/generated-src/chipyard.harness.TestHarness.Baseline4CoreConfig/gen-collateral/AsyncResetSynchronizerShiftReg_w1_d3_i0_1_TestHarness_UNIQUIFIED.sv
sed -i 's/module\( \+\)AsyncResetSynchronizerShiftReg_w1_d3_i0_1/module\1AsyncResetSynchronizerShiftReg_w1_d3_i0_1_TestHarness_UNIQUIFIED/' /work/chipyard/sims/verilator/generated-src/chipyard.harness.TestHarness.Baseline4CoreConfig/gen-collateral/AsyncResetSynchronizerShiftReg_w1_d3_i0_1_TestHarness_UNIQUIFIED.sv
sed -i 's/module\( \+\)AsyncResetSynchronizerShiftReg_w1_d3_i0_1/module\1AsyncResetSynchronizerShiftReg_w1_d3_i0_1_TestHarness_UNIQUIFIED/' /work/chipyard/sims/verilator/generated-src/chipyard.harness.TestHarness.Baseline4CoreConfig/gen-collateral/AsyncResetSynchronizerShiftReg_w1_d3_i0_1_TestHarness_UNIQUIFIED.sv
sed -i 's/module\( \+\)AsyncResetSynchronizerShiftReg_w1_d3_i0_1/module\1AsyncResetSynchronizerShiftReg_w1_d3_i0_1_TestHarness_UNIQUIFIED/' /work/chipyard/sims/verilator/generated-src/chipyard.harness.TestHarness.Baseline4CoreConfig/gen-collateral/AsyncResetSynchronizerShiftReg_w1_d3_i0_1_TestHarness_UNIQUIFIED.sv
sed -i 's/module\( \+\)AsyncResetSynchronizerPrimitiveShiftReg_d3_i0/module\1AsyncResetSynchronizerPrimitiveShiftReg_d3_i0_TestHarness_UNIQUIFIED/' /work/chipyard/sims/verilator/generated-src/chipyard.harness.TestHarness.Baseline4CoreConfig/gen-collateral/AsyncResetSynchronizerPrimitiveShiftReg_d3_i0_TestHarness_UNIQUIFIED.sv
sed -i 's/module\( \+\)AsyncResetSynchronizerPrimitiveShiftReg_d3_i0/module\1AsyncResetSynchronizerPrimitiveShiftReg_d3_i0_TestHarness_UNIQUIFIED/' /work/chipyard/sims/verilator/generated-src/chipyard.harness.TestHarness.Baseline4CoreConfig/gen-collateral/AsyncResetSynchronizerPrimitiveShiftReg_d3_i0_TestHarness_UNIQUIFIED.sv
sed -i 's/module\( \+\)AsyncResetSynchronizerPrimitiveShiftReg_d3_i0/module\1AsyncResetSynchronizerPrimitiveShiftReg_d3_i0_TestHarness_UNIQUIFIED/' /work/chipyard/sims/verilator/generated-src/chipyard.harness.TestHarness.Baseline4CoreConfig/gen-collateral/AsyncResetSynchronizerPrimitiveShiftReg_d3_i0_TestHarness_UNIQUIFIED.sv
sed -i 's/module\( \+\)AsyncResetSynchronizerPrimitiveShiftReg_d3_i0/module\1AsyncResetSynchronizerPrimitiveShiftReg_d3_i0_TestHarness_UNIQUIFIED/' /work/chipyard/sims/verilator/generated-src/chipyard.harness.TestHarness.Baseline4CoreConfig/gen-collateral/AsyncResetSynchronizerPrimitiveShiftReg_d3_i0_TestHarness_UNIQUIFIED.sv
sed -i 's/module\( \+\)AsyncResetSynchronizerShiftReg_w1_d3_i0_1/module\1AsyncResetSynchronizerShiftReg_w1_d3_i0_1_TestHarness_UNIQUIFIED/' /work/chipyard/sims/verilator/generated-src/chipyard.harness.TestHarness.Baseline4CoreConfig/gen-collateral/AsyncResetSynchronizerShiftReg_w1_d3_i0_1_TestHarness_UNIQUIFIED.sv
sed -i 's/module\( \+\)AsyncResetSynchronizerShiftReg_w1_d3_i0_1/module\1AsyncResetSynchronizerShiftReg_w1_d3_i0_1_TestHarness_UNIQUIFIED/' /work/chipyard/sims/verilator/generated-src/chipyard.harness.TestHarness.Baseline4CoreConfig/gen-collateral/AsyncResetSynchronizerShiftReg_w1_d3_i0_1_TestHarness_UNIQUIFIED.sv
sed -i 's/module\( \+\)AsyncResetSynchronizerShiftReg_w1_d3_i0_1/module\1AsyncResetSynchronizerShiftReg_w1_d3_i0_1_TestHarness_UNIQUIFIED/' /work/chipyard/sims/verilator/generated-src/chipyard.harness.TestHarness.Baseline4CoreConfig/gen-collateral/AsyncResetSynchronizerShiftReg_w1_d3_i0_1_TestHarness_UNIQUIFIED.sv
sed -i 's/module\( \+\)AsyncResetSynchronizerShiftReg_w1_d3_i0_1/module\1AsyncResetSynchronizerShiftReg_w1_d3_i0_1_TestHarness_UNIQUIFIED/' /work/chipyard/sims/verilator/generated-src/chipyard.harness.TestHarness.Baseline4CoreConfig/gen-collateral/AsyncResetSynchronizerShiftReg_w1_d3_i0_1_TestHarness_UNIQUIFIED.sv
sed -i 's/module\( \+\)AsyncResetSynchronizerPrimitiveShiftReg_d3_i0/module\1AsyncResetSynchronizerPrimitiveShiftReg_d3_i0_TestHarness_UNIQUIFIED/' /work/chipyard/sims/verilator/generated-src/chipyard.harness.TestHarness.Baseline4CoreConfig/gen-collateral/AsyncResetSynchronizerPrimitiveShiftReg_d3_i0_TestHarness_UNIQUIFIED.sv
sed -i 's/module\( \+\)AsyncResetSynchronizerPrimitiveShiftReg_d3_i0/module\1AsyncResetSynchronizerPrimitiveShiftReg_d3_i0_TestHarness_UNIQUIFIED/' /work/chipyard/sims/verilator/generated-src/chipyard.harness.TestHarness.Baseline4CoreConfig/gen-collateral/AsyncResetSynchronizerPrimitiveShiftReg_d3_i0_TestHarness_UNIQUIFIED.sv
sed -i 's/module\( \+\)AsyncResetSynchronizerPrimitiveShiftReg_d3_i0/module\1AsyncResetSynchronizerPrimitiveShiftReg_d3_i0_TestHarness_UNIQUIFIED/' /work/chipyard/sims/verilator/generated-src/chipyard.harness.TestHarness.Baseline4CoreConfig/gen-collateral/AsyncResetSynchronizerPrimitiveShiftReg_d3_i0_TestHarness_UNIQUIFIED.sv
sed -i 's/module\( \+\)AsyncResetSynchronizerPrimitiveShiftReg_d3_i0/module\1AsyncResetSynchronizerPrimitiveShiftReg_d3_i0_TestHarness_UNIQUIFIED/' /work/chipyard/sims/verilator/generated-src/chipyard.harness.TestHarness.Baseline4CoreConfig/gen-collateral/AsyncResetSynchronizerPrimitiveShiftReg_d3_i0_TestHarness_UNIQUIFIED.sv
sed -i 's/module\( \+\)AsyncResetSynchronizerShiftReg_w1_d3_i0_1/module\1AsyncResetSynchronizerShiftReg_w1_d3_i0_1_TestHarness_UNIQUIFIED/' /work/chipyard/sims/verilator/generated-src/chipyard.harness.TestHarness.Baseline4CoreConfig/gen-collateral/AsyncResetSynchronizerShiftReg_w1_d3_i0_1_TestHarness_UNIQUIFIED.sv
sed -i 's/module\( \+\)AsyncResetSynchronizerShiftReg_w1_d3_i0_1/module\1AsyncResetSynchronizerShiftReg_w1_d3_i0_1_TestHarness_UNIQUIFIED/' /work/chipyard/sims/verilator/generated-src/chipyard.harness.TestHarness.Baseline4CoreConfig/gen-collateral/AsyncResetSynchronizerShiftReg_w1_d3_i0_1_TestHarness_UNIQUIFIED.sv
sed -i 's/module\( \+\)AsyncResetSynchronizerShiftReg_w1_d3_i0_1/module\1AsyncResetSynchronizerShiftReg_w1_d3_i0_1_TestHarness_UNIQUIFIED/' /work/chipyard/sims/verilator/generated-src/chipyard.harness.TestHarness.Baseline4CoreConfig/gen-collateral/AsyncResetSynchronizerShiftReg_w1_d3_i0_1_TestHarness_UNIQUIFIED.sv
sed -i 's/module\( \+\)AsyncResetSynchronizerShiftReg_w1_d3_i0_1/module\1AsyncResetSynchronizerShiftReg_w1_d3_i0_1_TestHarness_UNIQUIFIED/' /work/chipyard/sims/verilator/generated-src/chipyard.harness.TestHarness.Baseline4CoreConfig/gen-collateral/AsyncResetSynchronizerShiftReg_w1_d3_i0_1_TestHarness_UNIQUIFIED.sv
sed -i 's/module\( \+\)AsyncResetSynchronizerPrimitiveShiftReg_d3_i0/module\1AsyncResetSynchronizerPrimitiveShiftReg_d3_i0_TestHarness_UNIQUIFIED/' /work/chipyard/sims/verilator/generated-src/chipyard.harness.TestHarness.Baseline4CoreConfig/gen-collateral/AsyncResetSynchronizerPrimitiveShiftReg_d3_i0_TestHarness_UNIQUIFIED.sv
sed -i 's/module\( \+\)AsyncResetSynchronizerPrimitiveShiftReg_d3_i0/module\1AsyncResetSynchronizerPrimitiveShiftReg_d3_i0_TestHarness_UNIQUIFIED/' /work/chipyard/sims/verilator/generated-src/chipyard.harness.TestHarness.Baseline4CoreConfig/gen-collateral/AsyncResetSynchronizerPrimitiveShiftReg_d3_i0_TestHarness_UNIQUIFIED.sv
sed -i 's/module\( \+\)AsyncResetSynchronizerPrimitiveShiftReg_d3_i0/module\1AsyncResetSynchronizerPrimitiveShiftReg_d3_i0_TestHarness_UNIQUIFIED/' /work/chipyard/sims/verilator/generated-src/chipyard.harness.TestHarness.Baseline4CoreConfig/gen-collateral/AsyncResetSynchronizerPrimitiveShiftReg_d3_i0_TestHarness_UNIQUIFIED.sv
sed -i 's/module\( \+\)AsyncResetSynchronizerPrimitiveShiftReg_d3_i0/module\1AsyncResetSynchronizerPrimitiveShiftReg_d3_i0_TestHarness_UNIQUIFIED/' /work/chipyard/sims/verilator/generated-src/chipyard.harness.TestHarness.Baseline4CoreConfig/gen-collateral/AsyncResetSynchronizerPrimitiveShiftReg_d3_i0_TestHarness_UNIQUIFIED.sv
sed -i 's/module\( \+\)AsyncResetSynchronizerShiftReg_w1_d3_i0_1/module\1AsyncResetSynchronizerShiftReg_w1_d3_i0_1_TestHarness_UNIQUIFIED/' /work/chipyard/sims/verilator/generated-src/chipyard.harness.TestHarness.Baseline4CoreConfig/gen-collateral/AsyncResetSynchronizerShiftReg_w1_d3_i0_1_TestHarness_UNIQUIFIED.sv
sed -i 's/module\( \+\)AsyncResetSynchronizerShiftReg_w1_d3_i0_1/module\1AsyncResetSynchronizerShiftReg_w1_d3_i0_1_TestHarness_UNIQUIFIED/' /work/chipyard/sims/verilator/generated-src/chipyard.harness.TestHarness.Baseline4CoreConfig/gen-collateral/AsyncResetSynchronizerShiftReg_w1_d3_i0_1_TestHarness_UNIQUIFIED.sv
sed -i 's/module\( \+\)AsyncResetSynchronizerShiftReg_w1_d3_i0_1/module\1AsyncResetSynchronizerShiftReg_w1_d3_i0_1_TestHarness_UNIQUIFIED/' /work/chipyard/sims/verilator/generated-src/chipyard.harness.TestHarness.Baseline4CoreConfig/gen-collateral/AsyncResetSynchronizerShiftReg_w1_d3_i0_1_TestHarness_UNIQUIFIED.sv
sed -i 's/module\( \+\)AsyncResetSynchronizerShiftReg_w1_d3_i0_1/module\1AsyncResetSynchronizerShiftReg_w1_d3_i0_1_TestHarness_UNIQUIFIED/' /work/chipyard/sims/verilator/generated-src/chipyard.harness.TestHarness.Baseline4CoreConfig/gen-collateral/AsyncResetSynchronizerShiftReg_w1_d3_i0_1_TestHarness_UNIQUIFIED.sv
sed -i 's/module\( \+\)AsyncResetSynchronizerPrimitiveShiftReg_d3_i0/module\1AsyncResetSynchronizerPrimitiveShiftReg_d3_i0_TestHarness_UNIQUIFIED/' /work/chipyard/sims/verilator/generated-src/chipyard.harness.TestHarness.Baseline4CoreConfig/gen-collateral/AsyncResetSynchronizerPrimitiveShiftReg_d3_i0_TestHarness_UNIQUIFIED.sv
sed -i 's/module\( \+\)AsyncResetSynchronizerPrimitiveShiftReg_d3_i0/module\1AsyncResetSynchronizerPrimitiveShiftReg_d3_i0_TestHarness_UNIQUIFIED/' /work/chipyard/sims/verilator/generated-src/chipyard.harness.TestHarness.Baseline4CoreConfig/gen-collateral/AsyncResetSynchronizerPrimitiveShiftReg_d3_i0_TestHarness_UNIQUIFIED.sv
sed -i 's/module\( \+\)AsyncResetSynchronizerPrimitiveShiftReg_d3_i0/module\1AsyncResetSynchronizerPrimitiveShiftReg_d3_i0_TestHarness_UNIQUIFIED/' /work/chipyard/sims/verilator/generated-src/chipyard.harness.TestHarness.Baseline4CoreConfig/gen-collateral/AsyncResetSynchronizerPrimitiveShiftReg_d3_i0_TestHarness_UNIQUIFIED.sv
sed -i 's/module\( \+\)AsyncResetSynchronizerPrimitiveShiftReg_d3_i0/module\1AsyncResetSynchronizerPrimitiveShiftReg_d3_i0_TestHarness_UNIQUIFIED/' /work/chipyard/sims/verilator/generated-src/chipyard.harness.TestHarness.Baseline4CoreConfig/gen-collateral/AsyncResetSynchronizerPrimitiveShiftReg_d3_i0_TestHarness_UNIQUIFIED.sv
sed -i 's/module\( \+\)AsyncResetSynchronizerShiftReg_w1_d3_i0_1/module\1AsyncResetSynchronizerShiftReg_w1_d3_i0_1_TestHarness_UNIQUIFIED/' /work/chipyard/sims/verilator/generated-src/chipyard.harness.TestHarness.Baseline4CoreConfig/gen-collateral/AsyncResetSynchronizerShiftReg_w1_d3_i0_1_TestHarness_UNIQUIFIED.sv
sed -i 's/module\( \+\)AsyncResetSynchronizerShiftReg_w1_d3_i0_1/module\1AsyncResetSynchronizerShiftReg_w1_d3_i0_1_TestHarness_UNIQUIFIED/' /work/chipyard/sims/verilator/generated-src/chipyard.harness.TestHarness.Baseline4CoreConfig/gen-collateral/AsyncResetSynchronizerShiftReg_w1_d3_i0_1_TestHarness_UNIQUIFIED.sv
sed -i 's/module\( \+\)AsyncResetSynchronizerShiftReg_w1_d3_i0_1/module\1AsyncResetSynchronizerShiftReg_w1_d3_i0_1_TestHarness_UNIQUIFIED/' /work/chipyard/sims/verilator/generated-src/chipyard.harness.TestHarness.Baseline4CoreConfig/gen-collateral/AsyncResetSynchronizerShiftReg_w1_d3_i0_1_TestHarness_UNIQUIFIED.sv
sed -i 's/module\( \+\)AsyncResetSynchronizerShiftReg_w1_d3_i0_1/module\1AsyncResetSynchronizerShiftReg_w1_d3_i0_1_TestHarness_UNIQUIFIED/' /work/chipyard/sims/verilator/generated-src/chipyard.harness.TestHarness.Baseline4CoreConfig/gen-collateral/AsyncResetSynchronizerShiftReg_w1_d3_i0_1_TestHarness_UNIQUIFIED.sv
sed -i 's/module\( \+\)AsyncResetSynchronizerPrimitiveShiftReg_d3_i0/module\1AsyncResetSynchronizerPrimitiveShiftReg_d3_i0_TestHarness_UNIQUIFIED/' /work/chipyard/sims/verilator/generated-src/chipyard.harness.TestHarness.Baseline4CoreConfig/gen-collateral/AsyncResetSynchronizerPrimitiveShiftReg_d3_i0_TestHarness_UNIQUIFIED.sv
sed -i 's/module\( \+\)AsyncResetSynchronizerPrimitiveShiftReg_d3_i0/module\1AsyncResetSynchronizerPrimitiveShiftReg_d3_i0_TestHarness_UNIQUIFIED/' /work/chipyard/sims/verilator/generated-src/chipyard.harness.TestHarness.Baseline4CoreConfig/gen-collateral/AsyncResetSynchronizerPrimitiveShiftReg_d3_i0_TestHarness_UNIQUIFIED.sv
sed -i 's/module\( \+\)AsyncResetSynchronizerPrimitiveShiftReg_d3_i0/module\1AsyncResetSynchronizerPrimitiveShiftReg_d3_i0_TestHarness_UNIQUIFIED/' /work/chipyard/sims/verilator/generated-src/chipyard.harness.TestHarness.Baseline4CoreConfig/gen-collateral/AsyncResetSynchronizerPrimitiveShiftReg_d3_i0_TestHarness_UNIQUIFIED.sv
sed -i 's/module\( \+\)AsyncResetSynchronizerPrimitiveShiftReg_d3_i0/module\1AsyncResetSynchronizerPrimitiveShiftReg_d3_i0_TestHarness_UNIQUIFIED/' /work/chipyard/sims/verilator/generated-src/chipyard.harness.TestHarness.Baseline4CoreConfig/gen-collateral/AsyncResetSynchronizerPrimitiveShiftReg_d3_i0_TestHarness_UNIQUIFIED.sv
sed -i 's/module\( \+\)AsyncResetSynchronizerShiftReg_w1_d3_i0_1/module\1AsyncResetSynchronizerShiftReg_w1_d3_i0_1_TestHarness_UNIQUIFIED/' /work/chipyard/sims/verilator/generated-src/chipyard.harness.TestHarness.Baseline4CoreConfig/gen-collateral/AsyncResetSynchronizerShiftReg_w1_d3_i0_1_TestHarness_UNIQUIFIED.sv
sed -i 's/module\( \+\)AsyncResetSynchronizerShiftReg_w1_d3_i0_1/module\1AsyncResetSynchronizerShiftReg_w1_d3_i0_1_TestHarness_UNIQUIFIED/' /work/chipyard/sims/verilator/generated-src/chipyard.harness.TestHarness.Baseline4CoreConfig/gen-collateral/AsyncResetSynchronizerShiftReg_w1_d3_i0_1_TestHarness_UNIQUIFIED.sv
sed -i 's/module\( \+\)AsyncResetSynchronizerShiftReg_w1_d3_i0_1/module\1AsyncResetSynchronizerShiftReg_w1_d3_i0_1_TestHarness_UNIQUIFIED/' /work/chipyard/sims/verilator/generated-src/chipyard.harness.TestHarness.Baseline4CoreConfig/gen-collateral/AsyncResetSynchronizerShiftReg_w1_d3_i0_1_TestHarness_UNIQUIFIED.sv
sed -i 's/module\( \+\)AsyncResetSynchronizerShiftReg_w1_d3_i0_1/module\1AsyncResetSynchronizerShiftReg_w1_d3_i0_1_TestHarness_UNIQUIFIED/' /work/chipyard/sims/verilator/generated-src/chipyard.harness.TestHarness.Baseline4CoreConfig/gen-collateral/AsyncResetSynchronizerShiftReg_w1_d3_i0_1_TestHarness_UNIQUIFIED.sv
sed -i 's/module\( \+\)AsyncResetSynchronizerPrimitiveShiftReg_d3_i0/module\1AsyncResetSynchronizerPrimitiveShiftReg_d3_i0_TestHarness_UNIQUIFIED/' /work/chipyard/sims/verilator/generated-src/chipyard.harness.TestHarness.Baseline4CoreConfig/gen-collateral/AsyncResetSynchronizerPrimitiveShiftReg_d3_i0_TestHarness_UNIQUIFIED.sv
sed -i 's/module\( \+\)AsyncResetSynchronizerPrimitiveShiftReg_d3_i0/module\1AsyncResetSynchronizerPrimitiveShiftReg_d3_i0_TestHarness_UNIQUIFIED/' /work/chipyard/sims/verilator/generated-src/chipyard.harness.TestHarness.Baseline4CoreConfig/gen-collateral/AsyncResetSynchronizerPrimitiveShiftReg_d3_i0_TestHarness_UNIQUIFIED.sv
sed -i 's/module\( \+\)AsyncResetSynchronizerPrimitiveShiftReg_d3_i0/module\1AsyncResetSynchronizerPrimitiveShiftReg_d3_i0_TestHarness_UNIQUIFIED/' /work/chipyard/sims/verilator/generated-src/chipyard.harness.TestHarness.Baseline4CoreConfig/gen-collateral/AsyncResetSynchronizerPrimitiveShiftReg_d3_i0_TestHarness_UNIQUIFIED.sv
sed -i 's/module\( \+\)AsyncResetSynchronizerPrimitiveShiftReg_d3_i0/module\1AsyncResetSynchronizerPrimitiveShiftReg_d3_i0_TestHarness_UNIQUIFIED/' /work/chipyard/sims/verilator/generated-src/chipyard.harness.TestHarness.Baseline4CoreConfig/gen-collateral/AsyncResetSynchronizerPrimitiveShiftReg_d3_i0_TestHarness_UNIQUIFIED.sv
sed -i 's/module\( \+\)AsyncResetSynchronizerShiftReg_w1_d3_i0_1/module\1AsyncResetSynchronizerShiftReg_w1_d3_i0_1_TestHarness_UNIQUIFIED/' /work/chipyard/sims/verilator/generated-src/chipyard.harness.TestHarness.Baseline4CoreConfig/gen-collateral/AsyncResetSynchronizerShiftReg_w1_d3_i0_1_TestHarness_UNIQUIFIED.sv
sed -i 's/module\( \+\)AsyncResetSynchronizerShiftReg_w1_d3_i0_1/module\1AsyncResetSynchronizerShiftReg_w1_d3_i0_1_TestHarness_UNIQUIFIED/' /work/chipyard/sims/verilator/generated-src/chipyard.harness.TestHarness.Baseline4CoreConfig/gen-collateral/AsyncResetSynchronizerShiftReg_w1_d3_i0_1_TestHarness_UNIQUIFIED.sv
sed -i 's/module\( \+\)AsyncResetSynchronizerShiftReg_w1_d3_i0_1/module\1AsyncResetSynchronizerShiftReg_w1_d3_i0_1_TestHarness_UNIQUIFIED/' /work/chipyard/sims/verilator/generated-src/chipyard.harness.TestHarness.Baseline4CoreConfig/gen-collateral/AsyncResetSynchronizerShiftReg_w1_d3_i0_1_TestHarness_UNIQUIFIED.sv
sed -i 's/module\( \+\)AsyncResetSynchronizerShiftReg_w1_d3_i0_1/module\1AsyncResetSynchronizerShiftReg_w1_d3_i0_1_TestHarness_UNIQUIFIED/' /work/chipyard/sims/verilator/generated-src/chipyard.harness.TestHarness.Baseline4CoreConfig/gen-collateral/AsyncResetSynchronizerShiftReg_w1_d3_i0_1_TestHarness_UNIQUIFIED.sv
sed -i 's/module\( \+\)AsyncResetSynchronizerPrimitiveShiftReg_d3_i0/module\1AsyncResetSynchronizerPrimitiveShiftReg_d3_i0_TestHarness_UNIQUIFIED/' /work/chipyard/sims/verilator/generated-src/chipyard.harness.TestHarness.Baseline4CoreConfig/gen-collateral/AsyncResetSynchronizerPrimitiveShiftReg_d3_i0_TestHarness_UNIQUIFIED.sv
sed -i 's/module\( \+\)AsyncResetSynchronizerPrimitiveShiftReg_d3_i0/module\1AsyncResetSynchronizerPrimitiveShiftReg_d3_i0_TestHarness_UNIQUIFIED/' /work/chipyard/sims/verilator/generated-src/chipyard.harness.TestHarness.Baseline4CoreConfig/gen-collateral/AsyncResetSynchronizerPrimitiveShiftReg_d3_i0_TestHarness_UNIQUIFIED.sv
sed -i 's/module\( \+\)AsyncResetSynchronizerPrimitiveShiftReg_d3_i0/module\1AsyncResetSynchronizerPrimitiveShiftReg_d3_i0_TestHarness_UNIQUIFIED/' /work/chipyard/sims/verilator/generated-src/chipyard.harness.TestHarness.Baseline4CoreConfig/gen-collateral/AsyncResetSynchronizerPrimitiveShiftReg_d3_i0_TestHarness_UNIQUIFIED.sv
sed -i 's/module\( \+\)AsyncResetSynchronizerPrimitiveShiftReg_d3_i0/module\1AsyncResetSynchronizerPrimitiveShiftReg_d3_i0_TestHarness_UNIQUIFIED/' /work/chipyard/sims/verilator/generated-src/chipyard.harness.TestHarness.Baseline4CoreConfig/gen-collateral/AsyncResetSynchronizerPrimitiveShiftReg_d3_i0_TestHarness_UNIQUIFIED.sv
sed -i 's/module\( \+\)AsyncResetSynchronizerShiftReg_w1_d3_i0_1/module\1AsyncResetSynchronizerShiftReg_w1_d3_i0_1_TestHarness_UNIQUIFIED/' /work/chipyard/sims/verilator/generated-src/chipyard.harness.TestHarness.Baseline4CoreConfig/gen-collateral/AsyncResetSynchronizerShiftReg_w1_d3_i0_1_TestHarness_UNIQUIFIED.sv
sed -i 's/module\( \+\)AsyncResetSynchronizerShiftReg_w1_d3_i0_1/module\1AsyncResetSynchronizerShiftReg_w1_d3_i0_1_TestHarness_UNIQUIFIED/' /work/chipyard/sims/verilator/generated-src/chipyard.harness.TestHarness.Baseline4CoreConfig/gen-collateral/AsyncResetSynchronizerShiftReg_w1_d3_i0_1_TestHarness_UNIQUIFIED.sv
sed -i 's/module\( \+\)AsyncResetSynchronizerShiftReg_w1_d3_i0_1/module\1AsyncResetSynchronizerShiftReg_w1_d3_i0_1_TestHarness_UNIQUIFIED/' /work/chipyard/sims/verilator/generated-src/chipyard.harness.TestHarness.Baseline4CoreConfig/gen-collateral/AsyncResetSynchronizerShiftReg_w1_d3_i0_1_TestHarness_UNIQUIFIED.sv
sed -i 's/module\( \+\)AsyncResetSynchronizerShiftReg_w1_d3_i0_1/module\1AsyncResetSynchronizerShiftReg_w1_d3_i0_1_TestHarness_UNIQUIFIED/' /work/chipyard/sims/verilator/generated-src/chipyard.harness.TestHarness.Baseline4CoreConfig/gen-collateral/AsyncResetSynchronizerShiftReg_w1_d3_i0_1_TestHarness_UNIQUIFIED.sv
sed -i 's/module\( \+\)AsyncResetSynchronizerPrimitiveShiftReg_d3_i0/module\1AsyncResetSynchronizerPrimitiveShiftReg_d3_i0_TestHarness_UNIQUIFIED/' /work/chipyard/sims/verilator/generated-src/chipyard.harness.TestHarness.Baseline4CoreConfig/gen-collateral/AsyncResetSynchronizerPrimitiveShiftReg_d3_i0_TestHarness_UNIQUIFIED.sv
sed -i 's/module\( \+\)AsyncResetSynchronizerPrimitiveShiftReg_d3_i0/module\1AsyncResetSynchronizerPrimitiveShiftReg_d3_i0_TestHarness_UNIQUIFIED/' /work/chipyard/sims/verilator/generated-src/chipyard.harness.TestHarness.Baseline4CoreConfig/gen-collateral/AsyncResetSynchronizerPrimitiveShiftReg_d3_i0_TestHarness_UNIQUIFIED.sv
sed -i 's/module\( \+\)AsyncResetSynchronizerPrimitiveShiftReg_d3_i0/module\1AsyncResetSynchronizerPrimitiveShiftReg_d3_i0_TestHarness_UNIQUIFIED/' /work/chipyard/sims/verilator/generated-src/chipyard.harness.TestHarness.Baseline4CoreConfig/gen-collateral/AsyncResetSynchronizerPrimitiveShiftReg_d3_i0_TestHarness_UNIQUIFIED.sv
sed -i 's/module\( \+\)AsyncResetSynchronizerPrimitiveShiftReg_d3_i0/module\1AsyncResetSynchronizerPrimitiveShiftReg_d3_i0_TestHarness_UNIQUIFIED/' /work/chipyard/sims/verilator/generated-src/chipyard.harness.TestHarness.Baseline4CoreConfig/gen-collateral/AsyncResetSynchronizerPrimitiveShiftReg_d3_i0_TestHarness_UNIQUIFIED.sv
sed -i 's/module\( \+\)AsyncResetSynchronizerShiftReg_w1_d3_i0_1/module\1AsyncResetSynchronizerShiftReg_w1_d3_i0_1_TestHarness_UNIQUIFIED/' /work/chipyard/sims/verilator/generated-src/chipyard.harness.TestHarness.Baseline4CoreConfig/gen-collateral/AsyncResetSynchronizerShiftReg_w1_d3_i0_1_TestHarness_UNIQUIFIED.sv
sed -i 's/module\( \+\)AsyncResetSynchronizerShiftReg_w1_d3_i0_1/module\1AsyncResetSynchronizerShiftReg_w1_d3_i0_1_TestHarness_UNIQUIFIED/' /work/chipyard/sims/verilator/generated-src/chipyard.harness.TestHarness.Baseline4CoreConfig/gen-collateral/AsyncResetSynchronizerShiftReg_w1_d3_i0_1_TestHarness_UNIQUIFIED.sv
sed -i 's/module\( \+\)AsyncResetSynchronizerShiftReg_w1_d3_i0_1/module\1AsyncResetSynchronizerShiftReg_w1_d3_i0_1_TestHarness_UNIQUIFIED/' /work/chipyard/sims/verilator/generated-src/chipyard.harness.TestHarness.Baseline4CoreConfig/gen-collateral/AsyncResetSynchronizerShiftReg_w1_d3_i0_1_TestHarness_UNIQUIFIED.sv
sed -i 's/module\( \+\)AsyncResetSynchronizerShiftReg_w1_d3_i0_1/module\1AsyncResetSynchronizerShiftReg_w1_d3_i0_1_TestHarness_UNIQUIFIED/' /work/chipyard/sims/verilator/generated-src/chipyard.harness.TestHarness.Baseline4CoreConfig/gen-collateral/AsyncResetSynchronizerShiftReg_w1_d3_i0_1_TestHarness_UNIQUIFIED.sv
sed -i 's/module\( \+\)AsyncResetSynchronizerPrimitiveShiftReg_d3_i0/module\1AsyncResetSynchronizerPrimitiveShiftReg_d3_i0_TestHarness_UNIQUIFIED/' /work/chipyard/sims/verilator/generated-src/chipyard.harness.TestHarness.Baseline4CoreConfig/gen-collateral/AsyncResetSynchronizerPrimitiveShiftReg_d3_i0_TestHarness_UNIQUIFIED.sv
sed -i 's/module\( \+\)AsyncResetSynchronizerPrimitiveShiftReg_d3_i0/module\1AsyncResetSynchronizerPrimitiveShiftReg_d3_i0_TestHarness_UNIQUIFIED/' /work/chipyard/sims/verilator/generated-src/chipyard.harness.TestHarness.Baseline4CoreConfig/gen-collateral/AsyncResetSynchronizerPrimitiveShiftReg_d3_i0_TestHarness_UNIQUIFIED.sv
sed -i 's/module\( \+\)AsyncResetSynchronizerPrimitiveShiftReg_d3_i0/module\1AsyncResetSynchronizerPrimitiveShiftReg_d3_i0_TestHarness_UNIQUIFIED/' /work/chipyard/sims/verilator/generated-src/chipyard.harness.TestHarness.Baseline4CoreConfig/gen-collateral/AsyncResetSynchronizerPrimitiveShiftReg_d3_i0_TestHarness_UNIQUIFIED.sv
sed -i 's/module\( \+\)AsyncResetSynchronizerPrimitiveShiftReg_d3_i0/module\1AsyncResetSynchronizerPrimitiveShiftReg_d3_i0_TestHarness_UNIQUIFIED/' /work/chipyard/sims/verilator/generated-src/chipyard.harness.TestHarness.Baseline4CoreConfig/gen-collateral/AsyncResetSynchronizerPrimitiveShiftReg_d3_i0_TestHarness_UNIQUIFIED.sv
sed -i 's/module\( \+\)AsyncResetSynchronizerShiftReg_w1_d3_i0_1/module\1AsyncResetSynchronizerShiftReg_w1_d3_i0_1_TestHarness_UNIQUIFIED/' /work/chipyard/sims/verilator/generated-src/chipyard.harness.TestHarness.Baseline4CoreConfig/gen-collateral/AsyncResetSynchronizerShiftReg_w1_d3_i0_1_TestHarness_UNIQUIFIED.sv
sed -i 's/module\( \+\)AsyncResetSynchronizerShiftReg_w1_d3_i0_1/module\1AsyncResetSynchronizerShiftReg_w1_d3_i0_1_TestHarness_UNIQUIFIED/' /work/chipyard/sims/verilator/generated-src/chipyard.harness.TestHarness.Baseline4CoreConfig/gen-collateral/AsyncResetSynchronizerShiftReg_w1_d3_i0_1_TestHarness_UNIQUIFIED.sv
sed -i 's/module\( \+\)AsyncResetSynchronizerShiftReg_w1_d3_i0_1/module\1AsyncResetSynchronizerShiftReg_w1_d3_i0_1_TestHarness_UNIQUIFIED/' /work/chipyard/sims/verilator/generated-src/chipyard.harness.TestHarness.Baseline4CoreConfig/gen-collateral/AsyncResetSynchronizerShiftReg_w1_d3_i0_1_TestHarness_UNIQUIFIED.sv
sed -i 's/module\( \+\)AsyncResetSynchronizerShiftReg_w1_d3_i0_1/module\1AsyncResetSynchronizerShiftReg_w1_d3_i0_1_TestHarness_UNIQUIFIED/' /work/chipyard/sims/verilator/generated-src/chipyard.harness.TestHarness.Baseline4CoreConfig/gen-collateral/AsyncResetSynchronizerShiftReg_w1_d3_i0_1_TestHarness_UNIQUIFIED.sv
sed -i 's/module\( \+\)AsyncResetSynchronizerPrimitiveShiftReg_d3_i0/module\1AsyncResetSynchronizerPrimitiveShiftReg_d3_i0_TestHarness_UNIQUIFIED/' /work/chipyard/sims/verilator/generated-src/chipyard.harness.TestHarness.Baseline4CoreConfig/gen-collateral/AsyncResetSynchronizerPrimitiveShiftReg_d3_i0_TestHarness_UNIQUIFIED.sv
sed -i 's/module\( \+\)AsyncResetSynchronizerPrimitiveShiftReg_d3_i0/module\1AsyncResetSynchronizerPrimitiveShiftReg_d3_i0_TestHarness_UNIQUIFIED/' /work/chipyard/sims/verilator/generated-src/chipyard.harness.TestHarness.Baseline4CoreConfig/gen-collateral/AsyncResetSynchronizerPrimitiveShiftReg_d3_i0_TestHarness_UNIQUIFIED.sv
sed -i 's/module\( \+\)AsyncResetSynchronizerPrimitiveShiftReg_d3_i0/module\1AsyncResetSynchronizerPrimitiveShiftReg_d3_i0_TestHarness_UNIQUIFIED/' /work/chipyard/sims/verilator/generated-src/chipyard.harness.TestHarness.Baseline4CoreConfig/gen-collateral/AsyncResetSynchronizerPrimitiveShiftReg_d3_i0_TestHarness_UNIQUIFIED.sv
sed -i 's/module\( \+\)AsyncResetSynchronizerPrimitiveShiftReg_d3_i0/module\1AsyncResetSynchronizerPrimitiveShiftReg_d3_i0_TestHarness_UNIQUIFIED/' /work/chipyard/sims/verilator/generated-src/chipyard.harness.TestHarness.Baseline4CoreConfig/gen-collateral/AsyncResetSynchronizerPrimitiveShiftReg_d3_i0_TestHarness_UNIQUIFIED.sv
sed -i 's/module\( \+\)AsyncResetSynchronizerShiftReg_w1_d3_i0_1/module\1AsyncResetSynchronizerShiftReg_w1_d3_i0_1_TestHarness_UNIQUIFIED/' /work/chipyard/sims/verilator/generated-src/chipyard.harness.TestHarness.Baseline4CoreConfig/gen-collateral/AsyncResetSynchronizerShiftReg_w1_d3_i0_1_TestHarness_UNIQUIFIED.sv
sed -i 's/module\( \+\)AsyncResetSynchronizerShiftReg_w1_d3_i0_1/module\1AsyncResetSynchronizerShiftReg_w1_d3_i0_1_TestHarness_UNIQUIFIED/' /work/chipyard/sims/verilator/generated-src/chipyard.harness.TestHarness.Baseline4CoreConfig/gen-collateral/AsyncResetSynchronizerShiftReg_w1_d3_i0_1_TestHarness_UNIQUIFIED.sv
sed -i 's/module\( \+\)AsyncResetSynchronizerShiftReg_w1_d3_i0_1/module\1AsyncResetSynchronizerShiftReg_w1_d3_i0_1_TestHarness_UNIQUIFIED/' /work/chipyard/sims/verilator/generated-src/chipyard.harness.TestHarness.Baseline4CoreConfig/gen-collateral/AsyncResetSynchronizerShiftReg_w1_d3_i0_1_TestHarness_UNIQUIFIED.sv
sed -i 's/module\( \+\)AsyncResetSynchronizerShiftReg_w1_d3_i0_1/module\1AsyncResetSynchronizerShiftReg_w1_d3_i0_1_TestHarness_UNIQUIFIED/' /work/chipyard/sims/verilator/generated-src/chipyard.harness.TestHarness.Baseline4CoreConfig/gen-collateral/AsyncResetSynchronizerShiftReg_w1_d3_i0_1_TestHarness_UNIQUIFIED.sv
sed -i 's/module\( \+\)AsyncResetSynchronizerPrimitiveShiftReg_d3_i0/module\1AsyncResetSynchronizerPrimitiveShiftReg_d3_i0_TestHarness_UNIQUIFIED/' /work/chipyard/sims/verilator/generated-src/chipyard.harness.TestHarness.Baseline4CoreConfig/gen-collateral/AsyncResetSynchronizerPrimitiveShiftReg_d3_i0_TestHarness_UNIQUIFIED.sv
sed -i 's/\( \*\)AsyncResetSynchronizerPrimitiveShiftReg_d3_i0\( \+\)/\1AsyncResetSynchronizerPrimitiveShiftReg_d3_i0_TestHarness_UNIQUIFIED\2/' /work/chipyard/sims/verilator/generated-src/chipyard.harness.TestHarness.Baseline4CoreConfig/gen-collateral/AsyncResetSynchronizerShiftReg_w1_d3_i0_1_TestHarness_UNIQUIFIED.sv
sed -i 's/module\( \+\)AsyncResetSynchronizerPrimitiveShiftReg_d3_i0/module\1AsyncResetSynchronizerPrimitiveShiftReg_d3_i0_TestHarness_UNIQUIFIED/' /work/chipyard/sims/verilator/generated-src/chipyard.harness.TestHarness.Baseline4CoreConfig/gen-collateral/AsyncResetSynchronizerPrimitiveShiftReg_d3_i0_TestHarness_UNIQUIFIED.sv
sed -i 's/module\( \+\)AsyncResetSynchronizerPrimitiveShiftReg_d3_i0/module\1AsyncResetSynchronizerPrimitiveShiftReg_d3_i0_TestHarness_UNIQUIFIED/' /work/chipyard/sims/verilator/generated-src/chipyard.harness.TestHarness.Baseline4CoreConfig/gen-collateral/AsyncResetSynchronizerPrimitiveShiftReg_d3_i0_TestHarness_UNIQUIFIED.sv
sed -i 's/module\( \+\)AsyncResetSynchronizerPrimitiveShiftReg_d3_i0/module\1AsyncResetSynchronizerPrimitiveShiftReg_d3_i0_TestHarness_UNIQUIFIED/' /work/chipyard/sims/verilator/generated-src/chipyard.harness.TestHarness.Baseline4CoreConfig/gen-collateral/AsyncResetSynchronizerPrimitiveShiftReg_d3_i0_TestHarness_UNIQUIFIED.sv
sed -i 's/module\( \+\)AsyncResetSynchronizerPrimitiveShiftReg_d3_i0/module\1AsyncResetSynchronizerPrimitiveShiftReg_d3_i0_TestHarness_UNIQUIFIED/' /work/chipyard/sims/verilator/generated-src/chipyard.harness.TestHarness.Baseline4CoreConfig/gen-collateral/AsyncResetSynchronizerPrimitiveShiftReg_d3_i0_TestHarness_UNIQUIFIED.sv
sed -i 's/module\( \+\)AsyncResetSynchronizerPrimitiveShiftReg_d3_i0/module\1AsyncResetSynchronizerPrimitiveShiftReg_d3_i0_TestHarness_UNIQUIFIED/' /work/chipyard/sims/verilator/generated-src/chipyard.harness.TestHarness.Baseline4CoreConfig/gen-collateral/AsyncResetSynchronizerPrimitiveShiftReg_d3_i0_TestHarness_UNIQUIFIED.sv
sed -i 's/module\( \+\)AsyncResetSynchronizerPrimitiveShiftReg_d3_i0/module\1AsyncResetSynchronizerPrimitiveShiftReg_d3_i0_TestHarness_UNIQUIFIED/' /work/chipyard/sims/verilator/generated-src/chipyard.harness.TestHarness.Baseline4CoreConfig/gen-collateral/AsyncResetSynchronizerPrimitiveShiftReg_d3_i0_TestHarness_UNIQUIFIED.sv
sed -i 's/module\( \+\)AsyncResetSynchronizerPrimitiveShiftReg_d3_i0/module\1AsyncResetSynchronizerPrimitiveShiftReg_d3_i0_TestHarness_UNIQUIFIED/' /work/chipyard/sims/verilator/generated-src/chipyard.harness.TestHarness.Baseline4CoreConfig/gen-collateral/AsyncResetSynchronizerPrimitiveShiftReg_d3_i0_TestHarness_UNIQUIFIED.sv
sed -i 's/module\( \+\)AsyncResetSynchronizerPrimitiveShiftReg_d3_i0/module\1AsyncResetSynchronizerPrimitiveShiftReg_d3_i0_TestHarness_UNIQUIFIED/' /work/chipyard/sims/verilator/generated-src/chipyard.harness.TestHarness.Baseline4CoreConfig/gen-collateral/AsyncResetSynchronizerPrimitiveShiftReg_d3_i0_TestHarness_UNIQUIFIED.sv
sed -i 's/module\( \+\)AsyncResetSynchronizerPrimitiveShiftReg_d3_i0/module\1AsyncResetSynchronizerPrimitiveShiftReg_d3_i0_TestHarness_UNIQUIFIED/' /work/chipyard/sims/verilator/generated-src/chipyard.harness.TestHarness.Baseline4CoreConfig/gen-collateral/AsyncResetSynchronizerPrimitiveShiftReg_d3_i0_TestHarness_UNIQUIFIED.sv
sed -i 's/module\( \+\)AsyncResetSynchronizerPrimitiveShiftReg_d3_i0/module\1AsyncResetSynchronizerPrimitiveShiftReg_d3_i0_TestHarness_UNIQUIFIED/' /work/chipyard/sims/verilator/generated-src/chipyard.harness.TestHarness.Baseline4CoreConfig/gen-collateral/AsyncResetSynchronizerPrimitiveShiftReg_d3_i0_TestHarness_UNIQUIFIED.sv
sed -i 's/module\( \+\)AsyncResetSynchronizerPrimitiveShiftReg_d3_i0/module\1AsyncResetSynchronizerPrimitiveShiftReg_d3_i0_TestHarness_UNIQUIFIED/' /work/chipyard/sims/verilator/generated-src/chipyard.harness.TestHarness.Baseline4CoreConfig/gen-collateral/AsyncResetSynchronizerPrimitiveShiftReg_d3_i0_TestHarness_UNIQUIFIED.sv
sed -i 's/module\( \+\)AsyncResetSynchronizerPrimitiveShiftReg_d3_i0/module\1AsyncResetSynchronizerPrimitiveShiftReg_d3_i0_TestHarness_UNIQUIFIED/' /work/chipyard/sims/verilator/generated-src/chipyard.harness.TestHarness.Baseline4CoreConfig/gen-collateral/AsyncResetSynchronizerPrimitiveShiftReg_d3_i0_TestHarness_UNIQUIFIED.sv
sed -i 's/module\( \+\)AsyncResetSynchronizerPrimitiveShiftReg_d3_i0/module\1AsyncResetSynchronizerPrimitiveShiftReg_d3_i0_TestHarness_UNIQUIFIED/' /work/chipyard/sims/verilator/generated-src/chipyard.harness.TestHarness.Baseline4CoreConfig/gen-collateral/AsyncResetSynchronizerPrimitiveShiftReg_d3_i0_TestHarness_UNIQUIFIED.sv
sed -i 's/module\( \+\)AsyncResetSynchronizerPrimitiveShiftReg_d3_i0/module\1AsyncResetSynchronizerPrimitiveShiftReg_d3_i0_TestHarness_UNIQUIFIED/' /work/chipyard/sims/verilator/generated-src/chipyard.harness.TestHarness.Baseline4CoreConfig/gen-collateral/AsyncResetSynchronizerPrimitiveShiftReg_d3_i0_TestHarness_UNIQUIFIED.sv
sed -i 's/module\( \+\)AsyncResetSynchronizerPrimitiveShiftReg_d3_i0/module\1AsyncResetSynchronizerPrimitiveShiftReg_d3_i0_TestHarness_UNIQUIFIED/' /work/chipyard/sims/verilator/generated-src/chipyard.harness.TestHarness.Baseline4CoreConfig/gen-collateral/AsyncResetSynchronizerPrimitiveShiftReg_d3_i0_TestHarness_UNIQUIFIED.sv
sed -i 's/module\( \+\)AsyncResetSynchronizerPrimitiveShiftReg_d3_i0/module\1AsyncResetSynchronizerPrimitiveShiftReg_d3_i0_TestHarness_UNIQUIFIED/' /work/chipyard/sims/verilator/generated-src/chipyard.harness.TestHarness.Baseline4CoreConfig/gen-collateral/AsyncResetSynchronizerPrimitiveShiftReg_d3_i0_TestHarness_UNIQUIFIED.sv
sed -i 's/module\( \+\)AsyncResetSynchronizerPrimitiveShiftReg_d3_i0/module\1AsyncResetSynchronizerPrimitiveShiftReg_d3_i0_TestHarness_UNIQUIFIED/' /work/chipyard/sims/verilator/generated-src/chipyard.harness.TestHarness.Baseline4CoreConfig/gen-collateral/AsyncResetSynchronizerPrimitiveShiftReg_d3_i0_TestHarness_UNIQUIFIED.sv
sed -i 's/module\( \+\)AsyncResetSynchronizerPrimitiveShiftReg_d3_i0/module\1AsyncResetSynchronizerPrimitiveShiftReg_d3_i0_TestHarness_UNIQUIFIED/' /work/chipyard/sims/verilator/generated-src/chipyard.harness.TestHarness.Baseline4CoreConfig/gen-collateral/AsyncResetSynchronizerPrimitiveShiftReg_d3_i0_TestHarness_UNIQUIFIED.sv
sed -i 's/module\( \+\)AsyncResetSynchronizerPrimitiveShiftReg_d3_i0/module\1AsyncResetSynchronizerPrimitiveShiftReg_d3_i0_TestHarness_UNIQUIFIED/' /work/chipyard/sims/verilator/generated-src/chipyard.harness.TestHarness.Baseline4CoreConfig/gen-collateral/AsyncResetSynchronizerPrimitiveShiftReg_d3_i0_TestHarness_UNIQUIFIED.sv
sed -i 's/module\( \+\)AsyncResetSynchronizerPrimitiveShiftReg_d3_i0/module\1AsyncResetSynchronizerPrimitiveShiftReg_d3_i0_TestHarness_UNIQUIFIED/' /work/chipyard/sims/verilator/generated-src/chipyard.harness.TestHarness.Baseline4CoreConfig/gen-collateral/AsyncResetSynchronizerPrimitiveShiftReg_d3_i0_TestHarness_UNIQUIFIED.sv
sed -i 's/module\( \+\)AsyncResetSynchronizerPrimitiveShiftReg_d3_i0/module\1AsyncResetSynchronizerPrimitiveShiftReg_d3_i0_TestHarness_UNIQUIFIED/' /work/chipyard/sims/verilator/generated-src/chipyard.harness.TestHarness.Baseline4CoreConfig/gen-collateral/AsyncResetSynchronizerPrimitiveShiftReg_d3_i0_TestHarness_UNIQUIFIED.sv
sed -i 's/module\( \+\)AsyncResetSynchronizerPrimitiveShiftReg_d3_i0/module\1AsyncResetSynchronizerPrimitiveShiftReg_d3_i0_TestHarness_UNIQUIFIED/' /work/chipyard/sims/verilator/generated-src/chipyard.harness.TestHarness.Baseline4CoreConfig/gen-collateral/AsyncResetSynchronizerPrimitiveShiftReg_d3_i0_TestHarness_UNIQUIFIED.sv
sed -i 's/module\( \+\)AsyncResetSynchronizerPrimitiveShiftReg_d3_i0/module\1AsyncResetSynchronizerPrimitiveShiftReg_d3_i0_TestHarness_UNIQUIFIED/' /work/chipyard/sims/verilator/generated-src/chipyard.harness.TestHarness.Baseline4CoreConfig/gen-collateral/AsyncResetSynchronizerPrimitiveShiftReg_d3_i0_TestHarness_UNIQUIFIED.sv
sed -i 's/module\( \+\)AsyncResetSynchronizerPrimitiveShiftReg_d3_i0/module\1AsyncResetSynchronizerPrimitiveShiftReg_d3_i0_TestHarness_UNIQUIFIED/' /work/chipyard/sims/verilator/generated-src/chipyard.harness.TestHarness.Baseline4CoreConfig/gen-collateral/AsyncResetSynchronizerPrimitiveShiftReg_d3_i0_TestHarness_UNIQUIFIED.sv
sed -i 's/module\( \+\)AsyncResetSynchronizerPrimitiveShiftReg_d3_i0/module\1AsyncResetSynchronizerPrimitiveShiftReg_d3_i0_TestHarness_UNIQUIFIED/' /work/chipyard/sims/verilator/generated-src/chipyard.harness.TestHarness.Baseline4CoreConfig/gen-collateral/AsyncResetSynchronizerPrimitiveShiftReg_d3_i0_TestHarness_UNIQUIFIED.sv
sed -i 's/module\( \+\)AsyncResetSynchronizerPrimitiveShiftReg_d3_i0/module\1AsyncResetSynchronizerPrimitiveShiftReg_d3_i0_TestHarness_UNIQUIFIED/' /work/chipyard/sims/verilator/generated-src/chipyard.harness.TestHarness.Baseline4CoreConfig/gen-collateral/AsyncResetSynchronizerPrimitiveShiftReg_d3_i0_TestHarness_UNIQUIFIED.sv
sed -i 's/module\( \+\)AsyncResetSynchronizerPrimitiveShiftReg_d3_i0/module\1AsyncResetSynchronizerPrimitiveShiftReg_d3_i0_TestHarness_UNIQUIFIED/' /work/chipyard/sims/verilator/generated-src/chipyard.harness.TestHarness.Baseline4CoreConfig/gen-collateral/AsyncResetSynchronizerPrimitiveShiftReg_d3_i0_TestHarness_UNIQUIFIED.sv
sed -i 's/module\( \+\)AsyncResetSynchronizerPrimitiveShiftReg_d3_i0/module\1AsyncResetSynchronizerPrimitiveShiftReg_d3_i0_TestHarness_UNIQUIFIED/' /work/chipyard/sims/verilator/generated-src/chipyard.harness.TestHarness.Baseline4CoreConfig/gen-collateral/AsyncResetSynchronizerPrimitiveShiftReg_d3_i0_TestHarness_UNIQUIFIED.sv
sed -i 's/module\( \+\)AsyncResetSynchronizerPrimitiveShiftReg_d3_i0/module\1AsyncResetSynchronizerPrimitiveShiftReg_d3_i0_TestHarness_UNIQUIFIED/' /work/chipyard/sims/verilator/generated-src/chipyard.harness.TestHarness.Baseline4CoreConfig/gen-collateral/AsyncResetSynchronizerPrimitiveShiftReg_d3_i0_TestHarness_UNIQUIFIED.sv
sed -i 's/module\( \+\)AsyncResetSynchronizerPrimitiveShiftReg_d3_i0/module\1AsyncResetSynchronizerPrimitiveShiftReg_d3_i0_TestHarness_UNIQUIFIED/' /work/chipyard/sims/verilator/generated-src/chipyard.harness.TestHarness.Baseline4CoreConfig/gen-collateral/AsyncResetSynchronizerPrimitiveShiftReg_d3_i0_TestHarness_UNIQUIFIED.sv
sed -i 's/module\( \+\)AsyncResetSynchronizerPrimitiveShiftReg_d3_i0/module\1AsyncResetSynchronizerPrimitiveShiftReg_d3_i0_TestHarness_UNIQUIFIED/' /work/chipyard/sims/verilator/generated-src/chipyard.harness.TestHarness.Baseline4CoreConfig/gen-collateral/AsyncResetSynchronizerPrimitiveShiftReg_d3_i0_TestHarness_UNIQUIFIED.sv
sed -i 's/module\( \+\)AsyncResetSynchronizerPrimitiveShiftReg_d3_i0/module\1AsyncResetSynchronizerPrimitiveShiftReg_d3_i0_TestHarness_UNIQUIFIED/' /work/chipyard/sims/verilator/generated-src/chipyard.harness.TestHarness.Baseline4CoreConfig/gen-collateral/AsyncResetSynchronizerPrimitiveShiftReg_d3_i0_TestHarness_UNIQUIFIED.sv
sed -i 's/module\( \+\)AsyncResetSynchronizerPrimitiveShiftReg_d3_i0/module\1AsyncResetSynchronizerPrimitiveShiftReg_d3_i0_TestHarness_UNIQUIFIED/' /work/chipyard/sims/verilator/generated-src/chipyard.harness.TestHarness.Baseline4CoreConfig/gen-collateral/AsyncResetSynchronizerPrimitiveShiftReg_d3_i0_TestHarness_UNIQUIFIED.sv
sed -i 's/module\( \+\)AsyncResetSynchronizerPrimitiveShiftReg_d3_i0/module\1AsyncResetSynchronizerPrimitiveShiftReg_d3_i0_TestHarness_UNIQUIFIED/' /work/chipyard/sims/verilator/generated-src/chipyard.harness.TestHarness.Baseline4CoreConfig/gen-collateral/AsyncResetSynchronizerPrimitiveShiftReg_d3_i0_TestHarness_UNIQUIFIED.sv
sed -i 's/module\( \+\)AsyncResetSynchronizerPrimitiveShiftReg_d3_i0/module\1AsyncResetSynchronizerPrimitiveShiftReg_d3_i0_TestHarness_UNIQUIFIED/' /work/chipyard/sims/verilator/generated-src/chipyard.harness.TestHarness.Baseline4CoreConfig/gen-collateral/AsyncResetSynchronizerPrimitiveShiftReg_d3_i0_TestHarness_UNIQUIFIED.sv
sed -i 's/module\( \+\)AsyncResetSynchronizerPrimitiveShiftReg_d3_i0/module\1AsyncResetSynchronizerPrimitiveShiftReg_d3_i0_TestHarness_UNIQUIFIED/' /work/chipyard/sims/verilator/generated-src/chipyard.harness.TestHarness.Baseline4CoreConfig/gen-collateral/AsyncResetSynchronizerPrimitiveShiftReg_d3_i0_TestHarness_UNIQUIFIED.sv
sed -i 's/module\( \+\)AsyncResetSynchronizerPrimitiveShiftReg_d3_i0/module\1AsyncResetSynchronizerPrimitiveShiftReg_d3_i0_TestHarness_UNIQUIFIED/' /work/chipyard/sims/verilator/generated-src/chipyard.harness.TestHarness.Baseline4CoreConfig/gen-collateral/AsyncResetSynchronizerPrimitiveShiftReg_d3_i0_TestHarness_UNIQUIFIED.sv
sed -i 's/module\( \+\)AsyncResetSynchronizerPrimitiveShiftReg_d3_i0/module\1AsyncResetSynchronizerPrimitiveShiftReg_d3_i0_TestHarness_UNIQUIFIED/' /work/chipyard/sims/verilator/generated-src/chipyard.harness.TestHarness.Baseline4CoreConfig/gen-collateral/AsyncResetSynchronizerPrimitiveShiftReg_d3_i0_TestHarness_UNIQUIFIED.sv
sed -i 's/module\( \+\)AsyncResetSynchronizerPrimitiveShiftReg_d3_i0/module\1AsyncResetSynchronizerPrimitiveShiftReg_d3_i0_TestHarness_UNIQUIFIED/' /work/chipyard/sims/verilator/generated-src/chipyard.harness.TestHarness.Baseline4CoreConfig/gen-collateral/AsyncResetSynchronizerPrimitiveShiftReg_d3_i0_TestHarness_UNIQUIFIED.sv
sed -i 's/module\( \+\)AsyncResetSynchronizerPrimitiveShiftReg_d3_i0/module\1AsyncResetSynchronizerPrimitiveShiftReg_d3_i0_TestHarness_UNIQUIFIED/' /work/chipyard/sims/verilator/generated-src/chipyard.harness.TestHarness.Baseline4CoreConfig/gen-collateral/AsyncResetSynchronizerPrimitiveShiftReg_d3_i0_TestHarness_UNIQUIFIED.sv
sed -i 's/module\( \+\)AsyncResetSynchronizerPrimitiveShiftReg_d3_i0/module\1AsyncResetSynchronizerPrimitiveShiftReg_d3_i0_TestHarness_UNIQUIFIED/' /work/chipyard/sims/verilator/generated-src/chipyard.harness.TestHarness.Baseline4CoreConfig/gen-collateral/AsyncResetSynchronizerPrimitiveShiftReg_d3_i0_TestHarness_UNIQUIFIED.sv
sed -i 's/module\( \+\)AsyncResetSynchronizerPrimitiveShiftReg_d3_i0/module\1AsyncResetSynchronizerPrimitiveShiftReg_d3_i0_TestHarness_UNIQUIFIED/' /work/chipyard/sims/verilator/generated-src/chipyard.harness.TestHarness.Baseline4CoreConfig/gen-collateral/AsyncResetSynchronizerPrimitiveShiftReg_d3_i0_TestHarness_UNIQUIFIED.sv
sed -i 's/module\( \+\)AsyncResetSynchronizerPrimitiveShiftReg_d3_i0/module\1AsyncResetSynchronizerPrimitiveShiftReg_d3_i0_TestHarness_UNIQUIFIED/' /work/chipyard/sims/verilator/generated-src/chipyard.harness.TestHarness.Baseline4CoreConfig/gen-collateral/AsyncResetSynchronizerPrimitiveShiftReg_d3_i0_TestHarness_UNIQUIFIED.sv
sed -i 's/module\( \+\)AsyncResetSynchronizerPrimitiveShiftReg_d3_i0/module\1AsyncResetSynchronizerPrimitiveShiftReg_d3_i0_TestHarness_UNIQUIFIED/' /work/chipyard/sims/verilator/generated-src/chipyard.harness.TestHarness.Baseline4CoreConfig/gen-collateral/AsyncResetSynchronizerPrimitiveShiftReg_d3_i0_TestHarness_UNIQUIFIED.sv
sed -i 's/module\( \+\)AsyncResetSynchronizerPrimitiveShiftReg_d3_i0/module\1AsyncResetSynchronizerPrimitiveShiftReg_d3_i0_TestHarness_UNIQUIFIED/' /work/chipyard/sims/verilator/generated-src/chipyard.harness.TestHarness.Baseline4CoreConfig/gen-collateral/AsyncResetSynchronizerPrimitiveShiftReg_d3_i0_TestHarness_UNIQUIFIED.sv
sed -i 's/module\( \+\)AsyncResetSynchronizerPrimitiveShiftReg_d3_i0/module\1AsyncResetSynchronizerPrimitiveShiftReg_d3_i0_TestHarness_UNIQUIFIED/' /work/chipyard/sims/verilator/generated-src/chipyard.harness.TestHarness.Baseline4CoreConfig/gen-collateral/AsyncResetSynchronizerPrimitiveShiftReg_d3_i0_TestHarness_UNIQUIFIED.sv
sed -i 's/module\( \+\)AsyncResetSynchronizerPrimitiveShiftReg_d3_i0/module\1AsyncResetSynchronizerPrimitiveShiftReg_d3_i0_TestHarness_UNIQUIFIED/' /work/chipyard/sims/verilator/generated-src/chipyard.harness.TestHarness.Baseline4CoreConfig/gen-collateral/AsyncResetSynchronizerPrimitiveShiftReg_d3_i0_TestHarness_UNIQUIFIED.sv
sed -i 's/module\( \+\)AsyncResetSynchronizerPrimitiveShiftReg_d3_i0/module\1AsyncResetSynchronizerPrimitiveShiftReg_d3_i0_TestHarness_UNIQUIFIED/' /work/chipyard/sims/verilator/generated-src/chipyard.harness.TestHarness.Baseline4CoreConfig/gen-collateral/AsyncResetSynchronizerPrimitiveShiftReg_d3_i0_TestHarness_UNIQUIFIED.sv
sed -i 's/module\( \+\)AsyncResetSynchronizerPrimitiveShiftReg_d3_i0/module\1AsyncResetSynchronizerPrimitiveShiftReg_d3_i0_TestHarness_UNIQUIFIED/' /work/chipyard/sims/verilator/generated-src/chipyard.harness.TestHarness.Baseline4CoreConfig/gen-collateral/AsyncResetSynchronizerPrimitiveShiftReg_d3_i0_TestHarness_UNIQUIFIED.sv
sed -i 's/module\( \+\)AsyncResetSynchronizerPrimitiveShiftReg_d3_i0/module\1AsyncResetSynchronizerPrimitiveShiftReg_d3_i0_TestHarness_UNIQUIFIED/' /work/chipyard/sims/verilator/generated-src/chipyard.harness.TestHarness.Baseline4CoreConfig/gen-collateral/AsyncResetSynchronizerPrimitiveShiftReg_d3_i0_TestHarness_UNIQUIFIED.sv
sed -i 's/module\( \+\)AsyncResetSynchronizerPrimitiveShiftReg_d3_i0/module\1AsyncResetSynchronizerPrimitiveShiftReg_d3_i0_TestHarness_UNIQUIFIED/' /work/chipyard/sims/verilator/generated-src/chipyard.harness.TestHarness.Baseline4CoreConfig/gen-collateral/AsyncResetSynchronizerPrimitiveShiftReg_d3_i0_TestHarness_UNIQUIFIED.sv
sed -i 's/module\( \+\)AsyncResetSynchronizerPrimitiveShiftReg_d3_i0/module\1AsyncResetSynchronizerPrimitiveShiftReg_d3_i0_TestHarness_UNIQUIFIED/' /work/chipyard/sims/verilator/generated-src/chipyard.harness.TestHarness.Baseline4CoreConfig/gen-collateral/AsyncResetSynchronizerPrimitiveShiftReg_d3_i0_TestHarness_UNIQUIFIED.sv
sed -i 's/module\( \+\)AsyncResetSynchronizerPrimitiveShiftReg_d3_i0/module\1AsyncResetSynchronizerPrimitiveShiftReg_d3_i0_TestHarness_UNIQUIFIED/' /work/chipyard/sims/verilator/generated-src/chipyard.harness.TestHarness.Baseline4CoreConfig/gen-collateral/AsyncResetSynchronizerPrimitiveShiftReg_d3_i0_TestHarness_UNIQUIFIED.sv
sed -i 's/module\( \+\)AsyncResetSynchronizerPrimitiveShiftReg_d3_i0/module\1AsyncResetSynchronizerPrimitiveShiftReg_d3_i0_TestHarness_UNIQUIFIED/' /work/chipyard/sims/verilator/generated-src/chipyard.harness.TestHarness.Baseline4CoreConfig/gen-collateral/AsyncResetSynchronizerPrimitiveShiftReg_d3_i0_TestHarness_UNIQUIFIED.sv
sed -i 's/module\( \+\)AsyncResetSynchronizerPrimitiveShiftReg_d3_i0/module\1AsyncResetSynchronizerPrimitiveShiftReg_d3_i0_TestHarness_UNIQUIFIED/' /work/chipyard/sims/verilator/generated-src/chipyard.harness.TestHarness.Baseline4CoreConfig/gen-collateral/AsyncResetSynchronizerPrimitiveShiftReg_d3_i0_TestHarness_UNIQUIFIED.sv
sed -i 's/module\( \+\)AsyncResetSynchronizerPrimitiveShiftReg_d3_i0/module\1AsyncResetSynchronizerPrimitiveShiftReg_d3_i0_TestHarness_UNIQUIFIED/' /work/chipyard/sims/verilator/generated-src/chipyard.harness.TestHarness.Baseline4CoreConfig/gen-collateral/AsyncResetSynchronizerPrimitiveShiftReg_d3_i0_TestHarness_UNIQUIFIED.sv
sed -i 's/module\( \+\)AsyncResetSynchronizerPrimitiveShiftReg_d3_i0/module\1AsyncResetSynchronizerPrimitiveShiftReg_d3_i0_TestHarness_UNIQUIFIED/' /work/chipyard/sims/verilator/generated-src/chipyard.harness.TestHarness.Baseline4CoreConfig/gen-collateral/AsyncResetSynchronizerPrimitiveShiftReg_d3_i0_TestHarness_UNIQUIFIED.sv
sed -i 's/module\( \+\)AsyncResetSynchronizerPrimitiveShiftReg_d3_i0/module\1AsyncResetSynchronizerPrimitiveShiftReg_d3_i0_TestHarness_UNIQUIFIED/' /work/chipyard/sims/verilator/generated-src/chipyard.harness.TestHarness.Baseline4CoreConfig/gen-collateral/AsyncResetSynchronizerPrimitiveShiftReg_d3_i0_TestHarness_UNIQUIFIED.sv
sed -i 's/module\( \+\)AsyncResetSynchronizerPrimitiveShiftReg_d3_i0/module\1AsyncResetSynchronizerPrimitiveShiftReg_d3_i0_TestHarness_UNIQUIFIED/' /work/chipyard/sims/verilator/generated-src/chipyard.harness.TestHarness.Baseline4CoreConfig/gen-collateral/AsyncResetSynchronizerPrimitiveShiftReg_d3_i0_TestHarness_UNIQUIFIED.sv
sed -i 's/module\( \+\)AsyncResetSynchronizerPrimitiveShiftReg_d3_i0/module\1AsyncResetSynchronizerPrimitiveShiftReg_d3_i0_TestHarness_UNIQUIFIED/' /work/chipyard/sims/verilator/generated-src/chipyard.harness.TestHarness.Baseline4CoreConfig/gen-collateral/AsyncResetSynchronizerPrimitiveShiftReg_d3_i0_TestHarness_UNIQUIFIED.sv
sed -i 's/module\( \+\)AsyncResetSynchronizerPrimitiveShiftReg_d3_i0/module\1AsyncResetSynchronizerPrimitiveShiftReg_d3_i0_TestHarness_UNIQUIFIED/' /work/chipyard/sims/verilator/generated-src/chipyard.harness.TestHarness.Baseline4CoreConfig/gen-collateral/AsyncResetSynchronizerPrimitiveShiftReg_d3_i0_TestHarness_UNIQUIFIED.sv
sed -i 's/module\( \+\)AsyncResetSynchronizerPrimitiveShiftReg_d3_i0/module\1AsyncResetSynchronizerPrimitiveShiftReg_d3_i0_TestHarness_UNIQUIFIED/' /work/chipyard/sims/verilator/generated-src/chipyard.harness.TestHarness.Baseline4CoreConfig/gen-collateral/AsyncResetSynchronizerPrimitiveShiftReg_d3_i0_TestHarness_UNIQUIFIED.sv
sed -i 's/module\( \+\)AsyncResetSynchronizerPrimitiveShiftReg_d3_i0/module\1AsyncResetSynchronizerPrimitiveShiftReg_d3_i0_TestHarness_UNIQUIFIED/' /work/chipyard/sims/verilator/generated-src/chipyard.harness.TestHarness.Baseline4CoreConfig/gen-collateral/AsyncResetSynchronizerPrimitiveShiftReg_d3_i0_TestHarness_UNIQUIFIED.sv
sed -i 's/module\( \+\)AsyncResetSynchronizerPrimitiveShiftReg_d3_i0/module\1AsyncResetSynchronizerPrimitiveShiftReg_d3_i0_TestHarness_UNIQUIFIED/' /work/chipyard/sims/verilator/generated-src/chipyard.harness.TestHarness.Baseline4CoreConfig/gen-collateral/AsyncResetSynchronizerPrimitiveShiftReg_d3_i0_TestHarness_UNIQUIFIED.sv
sed -i 's/module\( \+\)AsyncResetSynchronizerPrimitiveShiftReg_d3_i0/module\1AsyncResetSynchronizerPrimitiveShiftReg_d3_i0_TestHarness_UNIQUIFIED/' /work/chipyard/sims/verilator/generated-src/chipyard.harness.TestHarness.Baseline4CoreConfig/gen-collateral/AsyncResetSynchronizerPrimitiveShiftReg_d3_i0_TestHarness_UNIQUIFIED.sv
sed -i 's/module\( \+\)AsyncResetSynchronizerPrimitiveShiftReg_d3_i0/module\1AsyncResetSynchronizerPrimitiveShiftReg_d3_i0_TestHarness_UNIQUIFIED/' /work/chipyard/sims/verilator/generated-src/chipyard.harness.TestHarness.Baseline4CoreConfig/gen-collateral/AsyncResetSynchronizerPrimitiveShiftReg_d3_i0_TestHarness_UNIQUIFIED.sv
sed -i 's/module\( \+\)AsyncResetSynchronizerPrimitiveShiftReg_d3_i0/module\1AsyncResetSynchronizerPrimitiveShiftReg_d3_i0_TestHarness_UNIQUIFIED/' /work/chipyard/sims/verilator/generated-src/chipyard.harness.TestHarness.Baseline4CoreConfig/gen-collateral/AsyncResetSynchronizerPrimitiveShiftReg_d3_i0_TestHarness_UNIQUIFIED.sv
sed -i 's/module\( \+\)AsyncResetSynchronizerPrimitiveShiftReg_d3_i0/module\1AsyncResetSynchronizerPrimitiveShiftReg_d3_i0_TestHarness_UNIQUIFIED/' /work/chipyard/sims/verilator/generated-src/chipyard.harness.TestHarness.Baseline4CoreConfig/gen-collateral/AsyncResetSynchronizerPrimitiveShiftReg_d3_i0_TestHarness_UNIQUIFIED.sv
sed -i 's/module\( \+\)AsyncResetSynchronizerPrimitiveShiftReg_d3_i0/module\1AsyncResetSynchronizerPrimitiveShiftReg_d3_i0_TestHarness_UNIQUIFIED/' /work/chipyard/sims/verilator/generated-src/chipyard.harness.TestHarness.Baseline4CoreConfig/gen-collateral/AsyncResetSynchronizerPrimitiveShiftReg_d3_i0_TestHarness_UNIQUIFIED.sv
sed -i 's/module\( \+\)AsyncResetSynchronizerPrimitiveShiftReg_d3_i0/module\1AsyncResetSynchronizerPrimitiveShiftReg_d3_i0_TestHarness_UNIQUIFIED/' /work/chipyard/sims/verilator/generated-src/chipyard.harness.TestHarness.Baseline4CoreConfig/gen-collateral/AsyncResetSynchronizerPrimitiveShiftReg_d3_i0_TestHarness_UNIQUIFIED.sv
sed -i 's/module\( \+\)AsyncResetSynchronizerPrimitiveShiftReg_d3_i0/module\1AsyncResetSynchronizerPrimitiveShiftReg_d3_i0_TestHarness_UNIQUIFIED/' /work/chipyard/sims/verilator/generated-src/chipyard.harness.TestHarness.Baseline4CoreConfig/gen-collateral/AsyncResetSynchronizerPrimitiveShiftReg_d3_i0_TestHarness_UNIQUIFIED.sv
sed -i 's/module\( \+\)AsyncResetSynchronizerPrimitiveShiftReg_d3_i0/module\1AsyncResetSynchronizerPrimitiveShiftReg_d3_i0_TestHarness_UNIQUIFIED/' /work/chipyard/sims/verilator/generated-src/chipyard.harness.TestHarness.Baseline4CoreConfig/gen-collateral/AsyncResetSynchronizerPrimitiveShiftReg_d3_i0_TestHarness_UNIQUIFIED.sv
sed -i 's/module\( \+\)AsyncResetSynchronizerPrimitiveShiftReg_d3_i0/module\1AsyncResetSynchronizerPrimitiveShiftReg_d3_i0_TestHarness_UNIQUIFIED/' /work/chipyard/sims/verilator/generated-src/chipyard.harness.TestHarness.Baseline4CoreConfig/gen-collateral/AsyncResetSynchronizerPrimitiveShiftReg_d3_i0_TestHarness_UNIQUIFIED.sv
sed -i 's/module\( \+\)AsyncResetSynchronizerPrimitiveShiftReg_d3_i0/module\1AsyncResetSynchronizerPrimitiveShiftReg_d3_i0_TestHarness_UNIQUIFIED/' /work/chipyard/sims/verilator/generated-src/chipyard.harness.TestHarness.Baseline4CoreConfig/gen-collateral/AsyncResetSynchronizerPrimitiveShiftReg_d3_i0_TestHarness_UNIQUIFIED.sv
sed -i 's/module\( \+\)AsyncResetSynchronizerPrimitiveShiftReg_d3_i0/module\1AsyncResetSynchronizerPrimitiveShiftReg_d3_i0_TestHarness_UNIQUIFIED/' /work/chipyard/sims/verilator/generated-src/chipyard.harness.TestHarness.Baseline4CoreConfig/gen-collateral/AsyncResetSynchronizerPrimitiveShiftReg_d3_i0_TestHarness_UNIQUIFIED.sv
sed -i 's/module\( \+\)AsyncResetSynchronizerPrimitiveShiftReg_d3_i0/module\1AsyncResetSynchronizerPrimitiveShiftReg_d3_i0_TestHarness_UNIQUIFIED/' /work/chipyard/sims/verilator/generated-src/chipyard.harness.TestHarness.Baseline4CoreConfig/gen-collateral/AsyncResetSynchronizerPrimitiveShiftReg_d3_i0_TestHarness_UNIQUIFIED.sv
sed -i 's/module\( \+\)AsyncResetSynchronizerPrimitiveShiftReg_d3_i0/module\1AsyncResetSynchronizerPrimitiveShiftReg_d3_i0_TestHarness_UNIQUIFIED/' /work/chipyard/sims/verilator/generated-src/chipyard.harness.TestHarness.Baseline4CoreConfig/gen-collateral/AsyncResetSynchronizerPrimitiveShiftReg_d3_i0_TestHarness_UNIQUIFIED.sv
sed -i 's/module\( \+\)AsyncResetSynchronizerPrimitiveShiftReg_d3_i0/module\1AsyncResetSynchronizerPrimitiveShiftReg_d3_i0_TestHarness_UNIQUIFIED/' /work/chipyard/sims/verilator/generated-src/chipyard.harness.TestHarness.Baseline4CoreConfig/gen-collateral/AsyncResetSynchronizerPrimitiveShiftReg_d3_i0_TestHarness_UNIQUIFIED.sv
sed -i 's/module\( \+\)AsyncResetSynchronizerPrimitiveShiftReg_d3_i0/module\1AsyncResetSynchronizerPrimitiveShiftReg_d3_i0_TestHarness_UNIQUIFIED/' /work/chipyard/sims/verilator/generated-src/chipyard.harness.TestHarness.Baseline4CoreConfig/gen-collateral/AsyncResetSynchronizerPrimitiveShiftReg_d3_i0_TestHarness_UNIQUIFIED.sv
sed -e 's;^;/work/chipyard/sims/verilator/generated-src/chipyard.harness.TestHarness.Baseline4CoreConfig/gen-collateral/;' /work/chipyard/sims/verilator/generated-src/chipyard.harness.TestHarness.Baseline4CoreConfig/gen-collateral/firrtl_black_box_resource_files.f > /work/chipyard/sims/verilator/generated-src/chipyard.harness.TestHarness.Baseline4CoreConfig/chipyard.harness.TestHarness.Baseline4CoreConfig.bb.f
sed -i 's/\.\///' /work/chipyard/sims/verilator/generated-src/chipyard.harness.TestHarness.Baseline4CoreConfig/chipyard.harness.TestHarness.Baseline4CoreConfig.top.f
sed -i 's/\.\///' /work/chipyard/sims/verilator/generated-src/chipyard.harness.TestHarness.Baseline4CoreConfig/chipyard.harness.TestHarness.Baseline4CoreConfig.model.f
sed -i 's/\.\///' /work/chipyard/sims/verilator/generated-src/chipyard.harness.TestHarness.Baseline4CoreConfig/chipyard.harness.TestHarness.Baseline4CoreConfig.bb.f
sort -u /work/chipyard/sims/verilator/generated-src/chipyard.harness.TestHarness.Baseline4CoreConfig/chipyard.harness.TestHarness.Baseline4CoreConfig.top.f /work/chipyard/sims/verilator/generated-src/chipyard.harness.TestHarness.Baseline4CoreConfig/chipyard.harness.TestHarness.Baseline4CoreConfig.model.f /work/chipyard/sims/verilator/generated-src/chipyard.harness.TestHarness.Baseline4CoreConfig/chipyard.harness.TestHarness.Baseline4CoreConfig.bb.f > /work/chipyard/sims/verilator/generated-src/chipyard.harness.TestHarness.Baseline4CoreConfig/chipyard.harness.TestHarness.Baseline4CoreConfig.all.f
cp -f /work/chipyard/generators/rocket-chip/src/main/resources/vsrc/TestDriver.v /work/chipyard/sims/verilator/generated-src/chipyard.harness.TestHarness.Baseline4CoreConfig/gen-collateral
/work/chipyard/scripts/split-mems-conf.py \
	--in-smems-conf /work/chipyard/sims/verilator/generated-src/chipyard.harness.TestHarness.Baseline4CoreConfig/chipyard.harness.TestHarness.Baseline4CoreConfig.mems.conf \
	--in-model-hrchy-json /work/chipyard/sims/verilator/generated-src/chipyard.harness.TestHarness.Baseline4CoreConfig/model_module_hierarchy.uniquified.json \
	--dut-module-name ChipTop \
	--model-module-name TestHarness \
	--out-dut-smems-conf /work/chipyard/sims/verilator/generated-src/chipyard.harness.TestHarness.Baseline4CoreConfig/chipyard.harness.TestHarness.Baseline4CoreConfig.top.mems.conf \
	--out-model-smems-conf /work/chipyard/sims/verilator/generated-src/chipyard.harness.TestHarness.Baseline4CoreConfig/chipyard.harness.TestHarness.Baseline4CoreConfig.model.mems.conf
echo "/work/chipyard/sims/verilator/generated-src/chipyard.harness.TestHarness.Baseline4CoreConfig/gen-collateral/TestDriver.v" >> /work/chipyard/sims/verilator/generated-src/chipyard.harness.TestHarness.Baseline4CoreConfig/sim_files.f;
cd /work/chipyard && java -cp /work/chipyard/.classpath_cache/tapeout.jar tapeout.macros.MacroCompiler -n /work/chipyard/sims/verilator/generated-src/chipyard.harness.TestHarness.Baseline4CoreConfig/chipyard.harness.TestHarness.Baseline4CoreConfig.top.mems.conf -v /work/chipyard/sims/verilator/generated-src/chipyard.harness.TestHarness.Baseline4CoreConfig/gen-collateral/chipyard.harness.TestHarness.Baseline4CoreConfig.top.mems.v -f /work/chipyard/sims/verilator/generated-src/chipyard.harness.TestHarness.Baseline4CoreConfig/chipyard.harness.TestHarness.Baseline4CoreConfig.top.mems.fir --mode synflops
cd /work/chipyard && java -cp /work/chipyard/.classpath_cache/tapeout.jar tapeout.macros.MacroCompiler  -n /work/chipyard/sims/verilator/generated-src/chipyard.harness.TestHarness.Baseline4CoreConfig/chipyard.harness.TestHarness.Baseline4CoreConfig.model.mems.conf -v /work/chipyard/sims/verilator/generated-src/chipyard.harness.TestHarness.Baseline4CoreConfig/gen-collateral/chipyard.harness.TestHarness.Baseline4CoreConfig.model.mems.v -f /work/chipyard/sims/verilator/generated-src/chipyard.harness.TestHarness.Baseline4CoreConfig/chipyard.harness.TestHarness.Baseline4CoreConfig.model.mems.fir --mode synflops
Picked up JAVA_TOOL_OPTIONS: -Xmx8G -Xss8M -Djava.io.tmpdir=/work/chipyard/.java_tmp
Picked up JAVA_TOOL_OPTIONS: -Xmx8G -Xss8M -Djava.io.tmpdir=/work/chipyard/.java_tmp
WARNING: Empty *.mems.conf file. No memories generated.
touch /work/chipyard/sims/verilator/generated-src/chipyard.harness.TestHarness.Baseline4CoreConfig/gen-collateral/chipyard.harness.TestHarness.Baseline4CoreConfig.model.mems.v /work/chipyard/sims/verilator/generated-src/chipyard.harness.TestHarness.Baseline4CoreConfig/chipyard.harness.TestHarness.Baseline4CoreConfig.model.mems.fir
touch /work/chipyard/sims/verilator/generated-src/chipyard.harness.TestHarness.Baseline4CoreConfig/gen-collateral/chipyard.harness.TestHarness.Baseline4CoreConfig.top.mems.v /work/chipyard/sims/verilator/generated-src/chipyard.harness.TestHarness.Baseline4CoreConfig/chipyard.harness.TestHarness.Baseline4CoreConfig.top.mems.fir
rm -f /work/chipyard/sims/verilator/generated-src/chipyard.harness.TestHarness.Baseline4CoreConfig/sim_files.common.f
sort -u /work/chipyard/sims/verilator/generated-src/chipyard.harness.TestHarness.Baseline4CoreConfig/sim_files.f /work/chipyard/sims/verilator/generated-src/chipyard.harness.TestHarness.Baseline4CoreConfig/chipyard.harness.TestHarness.Baseline4CoreConfig.all.f | grep -v '.*\.\(svh\|h\)$' >> /work/chipyard/sims/verilator/generated-src/chipyard.harness.TestHarness.Baseline4CoreConfig/sim_files.common.f
echo "/work/chipyard/sims/verilator/generated-src/chipyard.harness.TestHarness.Baseline4CoreConfig/gen-collateral/chipyard.harness.TestHarness.Baseline4CoreConfig.top.mems.v" >> /work/chipyard/sims/verilator/generated-src/chipyard.harness.TestHarness.Baseline4CoreConfig/sim_files.common.f
echo "/work/chipyard/sims/verilator/generated-src/chipyard.harness.TestHarness.Baseline4CoreConfig/gen-collateral/chipyard.harness.TestHarness.Baseline4CoreConfig.model.mems.v" >> /work/chipyard/sims/verilator/generated-src/chipyard.harness.TestHarness.Baseline4CoreConfig/sim_files.common.f
rm -rf /work/chipyard/sims/verilator/generated-src/chipyard.harness.TestHarness.Baseline4CoreConfig/chipyard.harness.TestHarness.Baseline4CoreConfig
mkdir -p /work/chipyard/sims/verilator/generated-src/chipyard.harness.TestHarness.Baseline4CoreConfig/chipyard.harness.TestHarness.Baseline4CoreConfig
verilator --main --timing --cc --exe -CFLAGS " -O3 -std=c++17 -I/work/riscv/include -I/work/chipyard/tools/DRAMSim2 -I/work/chipyard/sims/verilator/generated-src/chipyard.harness.TestHarness.Baseline4CoreConfig/gen-collateral   -DVERILATOR" -LDFLAGS " -L/work/riscv/lib -Wl,-rpath,/work/riscv/lib -L/work/chipyard/sims/verilator -L/work/chipyard/tools/DRAMSim2 -lriscv -lfesvr -ldramsim "   --threads 1 --threads-dpi all -O3 --x-assign fast --x-initial fast --output-split 10000 --output-split-cfuncs 100 --assert -Wno-fatal --timescale 1ns/1ps --max-num-width 1048576 +define+CLOCK_PERIOD=1.0 +define+RESET_DELAY=777.7 +define+PRINTF_COND=TestDriver.printf_cond +define+STOP_COND=!TestDriver.reset +define+MODEL=TestHarness +define+RANDOMIZE_MEM_INIT +define+RANDOMIZE_REG_INIT +define+RANDOMIZE_GARBAGE_ASSIGN +define+RANDOMIZE_INVALID_ASSIGN +define+VERILATOR --top-module TestDriver --vpi  -f /work/chipyard/sims/verilator/generated-src/chipyard.harness.TestHarness.Baseline4CoreConfig/sim_files.common.f  -o /work/chipyard/sims/verilator/simulator-chipyard.harness-Baseline4CoreConfig -Mdir /work/chipyard/sims/verilator/generated-src/chipyard.harness.TestHarness.Baseline4CoreConfig/chipyard.harness.TestHarness.Baseline4CoreConfig
%Warning-REDEFMACRO: Redefining existing define: 'VERILATOR', with different value: ''
                     ... Location of previous definition, with value: '1'
                     ... For warning description see https://verilator.org/warn/REDEFMACRO?v=5.020
                     ... Use "/* verilator lint_off REDEFMACRO */" and lint_on around source to disable this message.
%Warning-WIDTHTRUNC: /work/chipyard/sims/verilator/generated-src/chipyard.harness.TestHarness.Baseline4CoreConfig/gen-collateral/ram_data_3x64.sv:26:24: Bit extraction of var[63:0] requires 6 bit index, not 7 bits.
                                                                                                                                                       : ... note: In instance 'TestDriver.testHarness.chiptop0.system.coh_wrapper.l2.inclusive_cache_bank_sched.sourceD.queue.ram_data_ext'
   26 |             _RANDOM_MEM[j +: 32] = $random;  
      |                        ^
%Warning-WIDTHTRUNC: /work/chipyard/sims/verilator/generated-src/chipyard.harness.TestHarness.Baseline4CoreConfig/gen-collateral/ram_2x117.sv:26:24: Bit extraction of var[127:0] requires 7 bit index, not 8 bits.
                                                                                                                                                   : ... note: In instance 'TestDriver.testHarness.chiptop0.system.coh_wrapper.l2.inclusive_cache_bank_sched.sourceA.io_a_q.ram_ext'
   26 |             _RANDOM_MEM[j +: 32] = $random;  
      |                        ^
%Warning-WIDTHTRUNC: /work/chipyard/sims/verilator/generated-src/chipyard.harness.TestHarness.Baseline4CoreConfig/gen-collateral/ram_2x112.sv:26:24: Bit extraction of var[127:0] requires 7 bit index, not 8 bits.
                                                                                                                                                   : ... note: In instance 'TestDriver.testHarness.chiptop0.system.coh_wrapper.l2.inclusive_cache_bank_sched.sinkC.c_q.ram_ext'
   26 |             _RANDOM_MEM[j +: 32] = $random;  
      |                        ^
%Warning-WIDTHTRUNC: /work/chipyard/sims/verilator/generated-src/chipyard.harness.TestHarness.Baseline4CoreConfig/gen-collateral/ram_12x109.sv:26:24: Bit extraction of var[127:0] requires 7 bit index, not 8 bits.
                                                                                                                                                    : ... note: In instance 'TestDriver.testHarness.chiptop0.system.coh_wrapper.l2.inclusive_cache_bank_sched.sourceC.queue.ram_ext'
   26 |             _RANDOM_MEM[j +: 32] = $random;  
      |                        ^
%Warning-WIDTHTRUNC: /work/chipyard/sims/verilator/generated-src/chipyard.harness.TestHarness.Baseline4CoreConfig/gen-collateral/ram_2x119.sv:26:24: Bit extraction of var[127:0] requires 7 bit index, not 8 bits.
                                                                                                                                                   : ... note: In instance 'TestDriver.testHarness.chiptop0.system.fbus.coupler_from_port_named_serial_tl_0_in.buffer.nodeOut_a_q.ram_ext'
   26 |             _RANDOM_MEM[j +: 32] = $random;  
      |                        ^
%Warning-WIDTHTRUNC: /work/chipyard/sims/verilator/generated-src/chipyard.harness.TestHarness.Baseline4CoreConfig/gen-collateral/ram_2x110.sv:26:24: Bit extraction of var[127:0] requires 7 bit index, not 8 bits.
                                                                                                                                                   : ... note: In instance 'TestDriver.testHarness.chiptop0.system.cbus.coupler_to_prci_ctrl.buffer.nodeOut_a_q.ram_ext'
   26 |             _RANDOM_MEM[j +: 32] = $random;  
      |                        ^
%Warning-WIDTHTRUNC: /work/chipyard/sims/verilator/generated-src/chipyard.harness.TestHarness.Baseline4CoreConfig/gen-collateral/ram_2x104.sv:26:24: Bit extraction of var[127:0] requires 7 bit index, not 8 bits.
                                                                                                                                                   : ... note: In instance 'TestDriver.testHarness.chiptop0.system.cbus.wrapped_error_device.buffer.nodeOut_a_q.ram_ext'
   26 |             _RANDOM_MEM[j +: 32] = $random;  
      |                        ^
%Warning-WIDTHTRUNC: /work/chipyard/sims/verilator/generated-src/chipyard.harness.TestHarness.Baseline4CoreConfig/gen-collateral/data_33x44.sv:26:24: Bit extraction of var[63:0] requires 6 bit index, not 7 bits.
                                                                                                                                                    : ... note: In instance 'TestDriver.testHarness.chiptop0.system.coh_wrapper.l2.inclusive_cache_bank_sched.requests.data_ext'
   26 |             _RANDOM_MEM[j +: 32] = $random;  
      |                        ^
%Warning-WIDTHEXPAND: /work/chipyard/sims/verilator/generated-src/chipyard.harness.TestHarness.Baseline4CoreConfig/gen-collateral/Atomics.sv:91:45: Operator COND expects 32 or 4 bits on the Conditional True, but Conditional True's VARREF 'select' generates 2 bits.
                                                                                                                                                  : ... note: In instance 'TestDriver.testHarness.chiptop0.system.coh_wrapper.l2.inclusive_cache_bank_sched.sourceD.atomics'
   91 |   assign io_data_out = {_GEN_8[io_a_mask[7] ? select : 2'h0], _GEN_9[io_a_mask[6] ? select : 2'h0], _GEN_6[io_a_mask[5] ? select : 2'h0], _GEN_7[io_a_mask[4] ? select : 2'h0], _GEN_4[io_a_mask[3] ? select : 2'h0], _GEN_5[io_a_mask[2] ? select : 2'h0], _GEN_2[io_a_mask[1] ? select : 2'h0], _GEN_3[io_a_mask[0] ? select : 2'h0]};  
      |                                             ^
%Warning-WIDTHEXPAND: /work/chipyard/sims/verilator/generated-src/chipyard.harness.TestHarness.Baseline4CoreConfig/gen-collateral/Atomics.sv:91:45: Operator COND expects 32 or 4 bits on the Conditional False, but Conditional False's CONST '2'h0' generates 2 bits.
                                                                                                                                                  : ... note: In instance 'TestDriver.testHarness.chiptop0.system.coh_wrapper.l2.inclusive_cache_bank_sched.sourceD.atomics'
   91 |   assign io_data_out = {_GEN_8[io_a_mask[7] ? select : 2'h0], _GEN_9[io_a_mask[6] ? select : 2'h0], _GEN_6[io_a_mask[5] ? select : 2'h0], _GEN_7[io_a_mask[4] ? select : 2'h0], _GEN_4[io_a_mask[3] ? select : 2'h0], _GEN_5[io_a_mask[2] ? select : 2'h0], _GEN_2[io_a_mask[1] ? select : 2'h0], _GEN_3[io_a_mask[0] ? select : 2'h0]};  
      |                                             ^
%Warning-WIDTHEXPAND: /work/chipyard/sims/verilator/generated-src/chipyard.harness.TestHarness.Baseline4CoreConfig/gen-collateral/Atomics.sv:91:83: Operator COND expects 32 or 4 bits on the Conditional True, but Conditional True's VARREF 'select' generates 2 bits.
                                                                                                                                                  : ... note: In instance 'TestDriver.testHarness.chiptop0.system.coh_wrapper.l2.inclusive_cache_bank_sched.sourceD.atomics'
   91 |   assign io_data_out = {_GEN_8[io_a_mask[7] ? select : 2'h0], _GEN_9[io_a_mask[6] ? select : 2'h0], _GEN_6[io_a_mask[5] ? select : 2'h0], _GEN_7[io_a_mask[4] ? select : 2'h0], _GEN_4[io_a_mask[3] ? select : 2'h0], _GEN_5[io_a_mask[2] ? select : 2'h0], _GEN_2[io_a_mask[1] ? select : 2'h0], _GEN_3[io_a_mask[0] ? select : 2'h0]};  
      |                                                                                   ^
%Warning-WIDTHEXPAND: /work/chipyard/sims/verilator/generated-src/chipyard.harness.TestHarness.Baseline4CoreConfig/gen-collateral/Atomics.sv:91:83: Operator COND expects 32 or 4 bits on the Conditional False, but Conditional False's CONST '2'h0' generates 2 bits.
                                                                                                                                                  : ... note: In instance 'TestDriver.testHarness.chiptop0.system.coh_wrapper.l2.inclusive_cache_bank_sched.sourceD.atomics'
   91 |   assign io_data_out = {_GEN_8[io_a_mask[7] ? select : 2'h0], _GEN_9[io_a_mask[6] ? select : 2'h0], _GEN_6[io_a_mask[5] ? select : 2'h0], _GEN_7[io_a_mask[4] ? select : 2'h0], _GEN_4[io_a_mask[3] ? select : 2'h0], _GEN_5[io_a_mask[2] ? select : 2'h0], _GEN_2[io_a_mask[1] ? select : 2'h0], _GEN_3[io_a_mask[0] ? select : 2'h0]};  
      |                                                                                   ^
%Warning-WIDTHEXPAND: /work/chipyard/sims/verilator/generated-src/chipyard.harness.TestHarness.Baseline4CoreConfig/gen-collateral/Atomics.sv:91:121: Operator COND expects 32 or 4 bits on the Conditional True, but Conditional True's VARREF 'select' generates 2 bits.
                                                                                                                                                   : ... note: In instance 'TestDriver.testHarness.chiptop0.system.coh_wrapper.l2.inclusive_cache_bank_sched.sourceD.atomics'
   91 |   assign io_data_out = {_GEN_8[io_a_mask[7] ? select : 2'h0], _GEN_9[io_a_mask[6] ? select : 2'h0], _GEN_6[io_a_mask[5] ? select : 2'h0], _GEN_7[io_a_mask[4] ? select : 2'h0], _GEN_4[io_a_mask[3] ? select : 2'h0], _GEN_5[io_a_mask[2] ? select : 2'h0], _GEN_2[io_a_mask[1] ? select : 2'h0], _GEN_3[io_a_mask[0] ? select : 2'h0]};  
      |                                                                                                                         ^
%Warning-WIDTHEXPAND: /work/chipyard/sims/verilator/generated-src/chipyard.harness.TestHarness.Baseline4CoreConfig/gen-collateral/Atomics.sv:91:121: Operator COND expects 32 or 4 bits on the Conditional False, but Conditional False's CONST '2'h0' generates 2 bits.
                                                                                                                                                   : ... note: In instance 'TestDriver.testHarness.chiptop0.system.coh_wrapper.l2.inclusive_cache_bank_sched.sourceD.atomics'
   91 |   assign io_data_out = {_GEN_8[io_a_mask[7] ? select : 2'h0], _GEN_9[io_a_mask[6] ? select : 2'h0], _GEN_6[io_a_mask[5] ? select : 2'h0], _GEN_7[io_a_mask[4] ? select : 2'h0], _GEN_4[io_a_mask[3] ? select : 2'h0], _GEN_5[io_a_mask[2] ? select : 2'h0], _GEN_2[io_a_mask[1] ? select : 2'h0], _GEN_3[io_a_mask[0] ? select : 2'h0]};  
      |                                                                                                                         ^
%Warning-WIDTHEXPAND: /work/chipyard/sims/verilator/generated-src/chipyard.harness.TestHarness.Baseline4CoreConfig/gen-collateral/Atomics.sv:91:159: Operator COND expects 32 or 4 bits on the Conditional True, but Conditional True's VARREF 'select' generates 2 bits.
                                                                                                                                                   : ... note: In instance 'TestDriver.testHarness.chiptop0.system.coh_wrapper.l2.inclusive_cache_bank_sched.sourceD.atomics'
   91 |   assign io_data_out = {_GEN_8[io_a_mask[7] ? select : 2'h0], _GEN_9[io_a_mask[6] ? select : 2'h0], _GEN_6[io_a_mask[5] ? select : 2'h0], _GEN_7[io_a_mask[4] ? select : 2'h0], _GEN_4[io_a_mask[3] ? select : 2'h0], _GEN_5[io_a_mask[2] ? select : 2'h0], _GEN_2[io_a_mask[1] ? select : 2'h0], _GEN_3[io_a_mask[0] ? select : 2'h0]};  
      |                                                                                                                                                               ^
%Warning-WIDTHEXPAND: /work/chipyard/sims/verilator/generated-src/chipyard.harness.TestHarness.Baseline4CoreConfig/gen-collateral/Atomics.sv:91:159: Operator COND expects 32 or 4 bits on the Conditional False, but Conditional False's CONST '2'h0' generates 2 bits.
                                                                                                                                                   : ... note: In instance 'TestDriver.testHarness.chiptop0.system.coh_wrapper.l2.inclusive_cache_bank_sched.sourceD.atomics'
   91 |   assign io_data_out = {_GEN_8[io_a_mask[7] ? select : 2'h0], _GEN_9[io_a_mask[6] ? select : 2'h0], _GEN_6[io_a_mask[5] ? select : 2'h0], _GEN_7[io_a_mask[4] ? select : 2'h0], _GEN_4[io_a_mask[3] ? select : 2'h0], _GEN_5[io_a_mask[2] ? select : 2'h0], _GEN_2[io_a_mask[1] ? select : 2'h0], _GEN_3[io_a_mask[0] ? select : 2'h0]};  
      |                                                                                                                                                               ^
%Warning-WIDTHEXPAND: /work/chipyard/sims/verilator/generated-src/chipyard.harness.TestHarness.Baseline4CoreConfig/gen-collateral/Atomics.sv:91:197: Operator COND expects 32 or 4 bits on the Conditional True, but Conditional True's VARREF 'select' generates 2 bits.
                                                                                                                                                   : ... note: In instance 'TestDriver.testHarness.chiptop0.system.coh_wrapper.l2.inclusive_cache_bank_sched.sourceD.atomics'
   91 |   assign io_data_out = {_GEN_8[io_a_mask[7] ? select : 2'h0], _GEN_9[io_a_mask[6] ? select : 2'h0], _GEN_6[io_a_mask[5] ? select : 2'h0], _GEN_7[io_a_mask[4] ? select : 2'h0], _GEN_4[io_a_mask[3] ? select : 2'h0], _GEN_5[io_a_mask[2] ? select : 2'h0], _GEN_2[io_a_mask[1] ? select : 2'h0], _GEN_3[io_a_mask[0] ? select : 2'h0]};  
      |                                                                                                                                                                                                     ^
%Warning-WIDTHEXPAND: /work/chipyard/sims/verilator/generated-src/chipyard.harness.TestHarness.Baseline4CoreConfig/gen-collateral/Atomics.sv:91:197: Operator COND expects 32 or 4 bits on the Conditional False, but Conditional False's CONST '2'h0' generates 2 bits.
                                                                                                                                                   : ... note: In instance 'TestDriver.testHarness.chiptop0.system.coh_wrapper.l2.inclusive_cache_bank_sched.sourceD.atomics'
   91 |   assign io_data_out = {_GEN_8[io_a_mask[7] ? select : 2'h0], _GEN_9[io_a_mask[6] ? select : 2'h0], _GEN_6[io_a_mask[5] ? select : 2'h0], _GEN_7[io_a_mask[4] ? select : 2'h0], _GEN_4[io_a_mask[3] ? select : 2'h0], _GEN_5[io_a_mask[2] ? select : 2'h0], _GEN_2[io_a_mask[1] ? select : 2'h0], _GEN_3[io_a_mask[0] ? select : 2'h0]};  
      |                                                                                                                                                                                                     ^
%Warning-WIDTHEXPAND: /work/chipyard/sims/verilator/generated-src/chipyard.harness.TestHarness.Baseline4CoreConfig/gen-collateral/Atomics.sv:91:235: Operator COND expects 32 or 4 bits on the Conditional True, but Conditional True's VARREF 'select' generates 2 bits.
                                                                                                                                                   : ... note: In instance 'TestDriver.testHarness.chiptop0.system.coh_wrapper.l2.inclusive_cache_bank_sched.sourceD.atomics'
   91 |   assign io_data_out = {_GEN_8[io_a_mask[7] ? select : 2'h0], _GEN_9[io_a_mask[6] ? select : 2'h0], _GEN_6[io_a_mask[5] ? select : 2'h0], _GEN_7[io_a_mask[4] ? select : 2'h0], _GEN_4[io_a_mask[3] ? select : 2'h0], _GEN_5[io_a_mask[2] ? select : 2'h0], _GEN_2[io_a_mask[1] ? select : 2'h0], _GEN_3[io_a_mask[0] ? select : 2'h0]};  
      |                                                                                                                                                                                                                                           ^
%Warning-WIDTHEXPAND: /work/chipyard/sims/verilator/generated-src/chipyard.harness.TestHarness.Baseline4CoreConfig/gen-collateral/Atomics.sv:91:235: Operator COND expects 32 or 4 bits on the Conditional False, but Conditional False's CONST '2'h0' generates 2 bits.
                                                                                                                                                   : ... note: In instance 'TestDriver.testHarness.chiptop0.system.coh_wrapper.l2.inclusive_cache_bank_sched.sourceD.atomics'
   91 |   assign io_data_out = {_GEN_8[io_a_mask[7] ? select : 2'h0], _GEN_9[io_a_mask[6] ? select : 2'h0], _GEN_6[io_a_mask[5] ? select : 2'h0], _GEN_7[io_a_mask[4] ? select : 2'h0], _GEN_4[io_a_mask[3] ? select : 2'h0], _GEN_5[io_a_mask[2] ? select : 2'h0], _GEN_2[io_a_mask[1] ? select : 2'h0], _GEN_3[io_a_mask[0] ? select : 2'h0]};  
      |                                                                                                                                                                                                                                           ^
%Warning-WIDTHEXPAND: /work/chipyard/sims/verilator/generated-src/chipyard.harness.TestHarness.Baseline4CoreConfig/gen-collateral/Atomics.sv:91:273: Operator COND expects 32 or 4 bits on the Conditional True, but Conditional True's VARREF 'select' generates 2 bits.
                                                                                                                                                   : ... note: In instance 'TestDriver.testHarness.chiptop0.system.coh_wrapper.l2.inclusive_cache_bank_sched.sourceD.atomics'
   91 |   assign io_data_out = {_GEN_8[io_a_mask[7] ? select : 2'h0], _GEN_9[io_a_mask[6] ? select : 2'h0], _GEN_6[io_a_mask[5] ? select : 2'h0], _GEN_7[io_a_mask[4] ? select : 2'h0], _GEN_4[io_a_mask[3] ? select : 2'h0], _GEN_5[io_a_mask[2] ? select : 2'h0], _GEN_2[io_a_mask[1] ? select : 2'h0], _GEN_3[io_a_mask[0] ? select : 2'h0]};  
      |                                                                                                                                                                                                                                                                                 ^
%Warning-WIDTHEXPAND: /work/chipyard/sims/verilator/generated-src/chipyard.harness.TestHarness.Baseline4CoreConfig/gen-collateral/Atomics.sv:91:273: Operator COND expects 32 or 4 bits on the Conditional False, but Conditional False's CONST '2'h0' generates 2 bits.
                                                                                                                                                   : ... note: In instance 'TestDriver.testHarness.chiptop0.system.coh_wrapper.l2.inclusive_cache_bank_sched.sourceD.atomics'
   91 |   assign io_data_out = {_GEN_8[io_a_mask[7] ? select : 2'h0], _GEN_9[io_a_mask[6] ? select : 2'h0], _GEN_6[io_a_mask[5] ? select : 2'h0], _GEN_7[io_a_mask[4] ? select : 2'h0], _GEN_4[io_a_mask[3] ? select : 2'h0], _GEN_5[io_a_mask[2] ? select : 2'h0], _GEN_2[io_a_mask[1] ? select : 2'h0], _GEN_3[io_a_mask[0] ? select : 2'h0]};  
      |                                                                                                                                                                                                                                                                                 ^
%Warning-WIDTHEXPAND: /work/chipyard/sims/verilator/generated-src/chipyard.harness.TestHarness.Baseline4CoreConfig/gen-collateral/Atomics.sv:91:311: Operator COND expects 32 or 4 bits on the Conditional True, but Conditional True's VARREF 'select' generates 2 bits.
                                                                                                                                                   : ... note: In instance 'TestDriver.testHarness.chiptop0.system.coh_wrapper.l2.inclusive_cache_bank_sched.sourceD.atomics'
   91 |   assign io_data_out = {_GEN_8[io_a_mask[7] ? select : 2'h0], _GEN_9[io_a_mask[6] ? select : 2'h0], _GEN_6[io_a_mask[5] ? select : 2'h0], _GEN_7[io_a_mask[4] ? select : 2'h0], _GEN_4[io_a_mask[3] ? select : 2'h0], _GEN_5[io_a_mask[2] ? select : 2'h0], _GEN_2[io_a_mask[1] ? select : 2'h0], _GEN_3[io_a_mask[0] ? select : 2'h0]};  
      |                                                                                                                                                                                                                                                                                                                       ^
%Warning-WIDTHEXPAND: /work/chipyard/sims/verilator/generated-src/chipyard.harness.TestHarness.Baseline4CoreConfig/gen-collateral/Atomics.sv:91:311: Operator COND expects 32 or 4 bits on the Conditional False, but Conditional False's CONST '2'h0' generates 2 bits.
                                                                                                                                                   : ... note: In instance 'TestDriver.testHarness.chiptop0.system.coh_wrapper.l2.inclusive_cache_bank_sched.sourceD.atomics'
   91 |   assign io_data_out = {_GEN_8[io_a_mask[7] ? select : 2'h0], _GEN_9[io_a_mask[6] ? select : 2'h0], _GEN_6[io_a_mask[5] ? select : 2'h0], _GEN_7[io_a_mask[4] ? select : 2'h0], _GEN_4[io_a_mask[3] ? select : 2'h0], _GEN_5[io_a_mask[2] ? select : 2'h0], _GEN_2[io_a_mask[1] ? select : 2'h0], _GEN_3[io_a_mask[0] ? select : 2'h0]};  
      |                                                                                                                                                                                                                                                                                                                       ^
%Warning-WIDTHTRUNC: /work/chipyard/sims/verilator/generated-src/chipyard.harness.TestHarness.Baseline4CoreConfig/gen-collateral/rf_31x64.sv:30:24: Bit extraction of var[63:0] requires 6 bit index, not 7 bits.
                                                                                                                                                  : ... note: In instance 'TestDriver.testHarness.chiptop0.system.tile_prci_domain_3.element_reset_domain_rockettile.core.rf_ext'
   30 |             _RANDOM_MEM[j +: 32] = $random;  
      |                        ^
%Warning-WIDTHTRUNC: /work/chipyard/sims/verilator/generated-src/chipyard.harness.TestHarness.Baseline4CoreConfig/gen-collateral/ram_2x52.sv:26:24: Bit extraction of var[63:0] requires 6 bit index, not 7 bits.
                                                                                                                                                  : ... note: In instance 'TestDriver.testHarness.chiptop0.system.tile_prci_domain_3.buffer.nodeIn_b_q.ram_ext'
   26 |             _RANDOM_MEM[j +: 32] = $random;  
      |                        ^
%Warning-WIDTHTRUNC: /work/chipyard/sims/verilator/generated-src/chipyard.harness.TestHarness.Baseline4CoreConfig/gen-collateral/ram_2x120.sv:26:24: Bit extraction of var[127:0] requires 7 bit index, not 8 bits.
                                                                                                                                                   : ... note: In instance 'TestDriver.testHarness.chiptop0.system.fbus.buffer.nodeOut_a_q.ram_ext'
   26 |             _RANDOM_MEM[j +: 32] = $random;  
      |                        ^
%Warning-WIDTHTRUNC: /work/chipyard/sims/verilator/generated-src/chipyard.harness.TestHarness.Baseline4CoreConfig/gen-collateral/ram_2x118.sv:26:24: Bit extraction of var[127:0] requires 7 bit index, not 8 bits.
                                                                                                                                                   : ... note: In instance 'TestDriver.testHarness.chiptop0.system.pbus.buffer_1.nodeOut_a_q.ram_ext'
   26 |             _RANDOM_MEM[j +: 32] = $random;  
      |                        ^
%Warning-WIDTHTRUNC: /work/chipyard/sims/verilator/generated-src/chipyard.harness.TestHarness.Baseline4CoreConfig/gen-collateral/ram_2x114.sv:26:24: Bit extraction of var[127:0] requires 7 bit index, not 8 bits.
                                                                                                                                                   : ... note: In instance 'TestDriver.testHarness.chiptop0.system.bank.buffer.nodeOut_a_q.ram_ext'
   26 |             _RANDOM_MEM[j +: 32] = $random;  
      |                        ^
%Warning-WIDTHTRUNC: /work/chipyard/sims/verilator/generated-src/chipyard.harness.TestHarness.Baseline4CoreConfig/gen-collateral/ram_2x109.sv:26:24: Bit extraction of var[127:0] requires 7 bit index, not 8 bits.
                                                                                                                                                   : ... note: In instance 'TestDriver.testHarness.chiptop0.system.tile_prci_domain_3.buffer.nodeOut_c_q.ram_ext'
   26 |             _RANDOM_MEM[j +: 32] = $random;  
      |                        ^
%Warning-WIDTHEXPAND: /work/chipyard/sims/verilator/generated-src/chipyard.harness.TestHarness.Baseline4CoreConfig/gen-collateral/BTB.sv:987:40: Operator COND expects 32 or 5 bits on the Conditional True, but Conditional True's VARREF 'tgtPages_0' generates 3 bits.
                                                                                                                                               : ... note: In instance 'TestDriver.testHarness.chiptop0.system.tile_prci_domain_3.element_reset_domain_rockettile.frontend.btb'
%Warning-WIDTHEXPAND: /work/chipyard/sims/verilator/generated-src/chipyard.harness.TestHarness.Baseline4CoreConfig/gen-collateral/BTB.sv:987:40: Operator COND expects 32 or 5 bits on the Conditional False, but Conditional False's CONST '3'h0' generates 3 bits.
                                                                                                                                               : ... note: In instance 'TestDriver.testHarness.chiptop0.system.tile_prci_domain_3.element_reset_domain_rockettile.frontend.btb'
%Warning-WIDTHEXPAND: /work/chipyard/sims/verilator/generated-src/chipyard.harness.TestHarness.Baseline4CoreConfig/gen-collateral/BTB.sv:987:90: Operator COND expects 32 or 5 bits on the Conditional True, but Conditional True's VARREF 'tgtPages_1' generates 3 bits.
                                                                                                                                               : ... note: In instance 'TestDriver.testHarness.chiptop0.system.tile_prci_domain_3.element_reset_domain_rockettile.frontend.btb'
%Warning-WIDTHEXPAND: /work/chipyard/sims/verilator/generated-src/chipyard.harness.TestHarness.Baseline4CoreConfig/gen-collateral/BTB.sv:987:90: Operator COND expects 32 or 5 bits on the Conditional False, but Conditional False's CONST '3'h0' generates 3 bits.
                                                                                                                                               : ... note: In instance 'TestDriver.testHarness.chiptop0.system.tile_prci_domain_3.element_reset_domain_rockettile.frontend.btb'
%Warning-WIDTHEXPAND: /work/chipyard/sims/verilator/generated-src/chipyard.harness.TestHarness.Baseline4CoreConfig/gen-collateral/BTB.sv:987:140: Operator COND expects 32 or 5 bits on the Conditional True, but Conditional True's VARREF 'tgtPages_2' generates 3 bits.
                                                                                                                                                : ... note: In instance 'TestDriver.testHarness.chiptop0.system.tile_prci_domain_3.element_reset_domain_rockettile.frontend.btb'
%Warning-WIDTHEXPAND: /work/chipyard/sims/verilator/generated-src/chipyard.harness.TestHarness.Baseline4CoreConfig/gen-collateral/BTB.sv:987:140: Operator COND expects 32 or 5 bits on the Conditional False, but Conditional False's CONST '3'h0' generates 3 bits.
                                                                                                                                                : ... note: In instance 'TestDriver.testHarness.chiptop0.system.tile_prci_domain_3.element_reset_domain_rockettile.frontend.btb'
%Warning-WIDTHEXPAND: /work/chipyard/sims/verilator/generated-src/chipyard.harness.TestHarness.Baseline4CoreConfig/gen-collateral/BTB.sv:987:190: Operator COND expects 32 or 5 bits on the Conditional True, but Conditional True's VARREF 'tgtPages_3' generates 3 bits.
                                                                                                                                                : ... note: In instance 'TestDriver.testHarness.chiptop0.system.tile_prci_domain_3.element_reset_domain_rockettile.frontend.btb'
%Warning-WIDTHEXPAND: /work/chipyard/sims/verilator/generated-src/chipyard.harness.TestHarness.Baseline4CoreConfig/gen-collateral/BTB.sv:987:190: Operator COND expects 32 or 5 bits on the Conditional False, but Conditional False's CONST '3'h0' generates 3 bits.
                                                                                                                                                : ... note: In instance 'TestDriver.testHarness.chiptop0.system.tile_prci_domain_3.element_reset_domain_rockettile.frontend.btb'
%Warning-WIDTHEXPAND: /work/chipyard/sims/verilator/generated-src/chipyard.harness.TestHarness.Baseline4CoreConfig/gen-collateral/BTB.sv:987:240: Operator COND expects 32 or 5 bits on the Conditional True, but Conditional True's VARREF 'tgtPages_4' generates 3 bits.
                                                                                                                                                : ... note: In instance 'TestDriver.testHarness.chiptop0.system.tile_prci_domain_3.element_reset_domain_rockettile.frontend.btb'
%Warning-WIDTHEXPAND: /work/chipyard/sims/verilator/generated-src/chipyard.harness.TestHarness.Baseline4CoreConfig/gen-collateral/BTB.sv:987:240: Operator COND expects 32 or 5 bits on the Conditional False, but Conditional False's CONST '3'h0' generates 3 bits.
                                                                                                                                                : ... note: In instance 'TestDriver.testHarness.chiptop0.system.tile_prci_domain_3.element_reset_domain_rockettile.frontend.btb'
%Warning-WIDTHEXPAND: /work/chipyard/sims/verilator/generated-src/chipyard.harness.TestHarness.Baseline4CoreConfig/gen-collateral/BTB.sv:987:290: Operator COND expects 32 or 5 bits on the Conditional True, but Conditional True's VARREF 'tgtPages_5' generates 3 bits.
                                                                                                                                                : ... note: In instance 'TestDriver.testHarness.chiptop0.system.tile_prci_domain_3.element_reset_domain_rockettile.frontend.btb'
%Warning-WIDTHEXPAND: /work/chipyard/sims/verilator/generated-src/chipyard.harness.TestHarness.Baseline4CoreConfig/gen-collateral/BTB.sv:987:290: Operator COND expects 32 or 5 bits on the Conditional False, but Conditional False's CONST '3'h0' generates 3 bits.
                                                                                                                                                : ... note: In instance 'TestDriver.testHarness.chiptop0.system.tile_prci_domain_3.element_reset_domain_rockettile.frontend.btb'
%Warning-WIDTHEXPAND: /work/chipyard/sims/verilator/generated-src/chipyard.harness.TestHarness.Baseline4CoreConfig/gen-collateral/BTB.sv:987:340: Operator COND expects 32 or 5 bits on the Conditional True, but Conditional True's VARREF 'tgtPages_6' generates 3 bits.
                                                                                                                                                : ... note: In instance 'TestDriver.testHarness.chiptop0.system.tile_prci_domain_3.element_reset_domain_rockettile.frontend.btb'
%Warning-WIDTHEXPAND: /work/chipyard/sims/verilator/generated-src/chipyard.harness.TestHarness.Baseline4CoreConfig/gen-collateral/BTB.sv:987:340: Operator COND expects 32 or 5 bits on the Conditional False, but Conditional False's CONST '3'h0' generates 3 bits.
                                                                                                                                                : ... note: In instance 'TestDriver.testHarness.chiptop0.system.tile_prci_domain_3.element_reset_domain_rockettile.frontend.btb'
%Warning-WIDTHEXPAND: /work/chipyard/sims/verilator/generated-src/chipyard.harness.TestHarness.Baseline4CoreConfig/gen-collateral/BTB.sv:987:390: Operator COND expects 32 or 5 bits on the Conditional True, but Conditional True's VARREF 'tgtPages_7' generates 3 bits.
                                                                                                                                                : ... note: In instance 'TestDriver.testHarness.chiptop0.system.tile_prci_domain_3.element_reset_domain_rockettile.frontend.btb'
%Warning-WIDTHEXPAND: /work/chipyard/sims/verilator/generated-src/chipyard.harness.TestHarness.Baseline4CoreConfig/gen-collateral/BTB.sv:987:390: Operator COND expects 32 or 5 bits on the Conditional False, but Conditional False's CONST '3'h0' generates 3 bits.
                                                                                                                                                : ... note: In instance 'TestDriver.testHarness.chiptop0.system.tile_prci_domain_3.element_reset_domain_rockettile.frontend.btb'
%Warning-WIDTHEXPAND: /work/chipyard/sims/verilator/generated-src/chipyard.harness.TestHarness.Baseline4CoreConfig/gen-collateral/BTB.sv:987:440: Operator COND expects 32 or 5 bits on the Conditional True, but Conditional True's VARREF 'tgtPages_8' generates 3 bits.
                                                                                                                                                : ... note: In instance 'TestDriver.testHarness.chiptop0.system.tile_prci_domain_3.element_reset_domain_rockettile.frontend.btb'
%Warning-WIDTHEXPAND: /work/chipyard/sims/verilator/generated-src/chipyard.harness.TestHarness.Baseline4CoreConfig/gen-collateral/BTB.sv:987:440: Operator COND expects 32 or 5 bits on the Conditional False, but Conditional False's CONST '3'h0' generates 3 bits.
                                                                                                                                                : ... note: In instance 'TestDriver.testHarness.chiptop0.system.tile_prci_domain_3.element_reset_domain_rockettile.frontend.btb'
%Warning-WIDTHEXPAND: /work/chipyard/sims/verilator/generated-src/chipyard.harness.TestHarness.Baseline4CoreConfig/gen-collateral/BTB.sv:987:490: Operator COND expects 32 or 5 bits on the Conditional True, but Conditional True's VARREF 'tgtPages_9' generates 3 bits.
                                                                                                                                                : ... note: In instance 'TestDriver.testHarness.chiptop0.system.tile_prci_domain_3.element_reset_domain_rockettile.frontend.btb'
%Warning-WIDTHEXPAND: /work/chipyard/sims/verilator/generated-src/chipyard.harness.TestHarness.Baseline4CoreConfig/gen-collateral/BTB.sv:987:490: Operator COND expects 32 or 5 bits on the Conditional False, but Conditional False's CONST '3'h0' generates 3 bits.
                                                                                                                                                : ... note: In instance 'TestDriver.testHarness.chiptop0.system.tile_prci_domain_3.element_reset_domain_rockettile.frontend.btb'
%Warning-WIDTHEXPAND: /work/chipyard/sims/verilator/generated-src/chipyard.harness.TestHarness.Baseline4CoreConfig/gen-collateral/BTB.sv:987:541: Operator COND expects 32 or 5 bits on the Conditional True, but Conditional True's VARREF 'tgtPages_10' generates 3 bits.
                                                                                                                                                : ... note: In instance 'TestDriver.testHarness.chiptop0.system.tile_prci_domain_3.element_reset_domain_rockettile.frontend.btb'
%Warning-WIDTHEXPAND: /work/chipyard/sims/verilator/generated-src/chipyard.harness.TestHarness.Baseline4CoreConfig/gen-collateral/BTB.sv:987:541: Operator COND expects 32 or 5 bits on the Conditional False, but Conditional False's CONST '3'h0' generates 3 bits.
                                                                                                                                                : ... note: In instance 'TestDriver.testHarness.chiptop0.system.tile_prci_domain_3.element_reset_domain_rockettile.frontend.btb'
%Warning-WIDTHEXPAND: /work/chipyard/sims/verilator/generated-src/chipyard.harness.TestHarness.Baseline4CoreConfig/gen-collateral/BTB.sv:987:593: Operator COND expects 32 or 5 bits on the Conditional True, but Conditional True's VARREF 'tgtPages_11' generates 3 bits.
                                                                                                                                                : ... note: In instance 'TestDriver.testHarness.chiptop0.system.tile_prci_domain_3.element_reset_domain_rockettile.frontend.btb'
%Warning-WIDTHEXPAND: /work/chipyard/sims/verilator/generated-src/chipyard.harness.TestHarness.Baseline4CoreConfig/gen-collateral/BTB.sv:987:593: Operator COND expects 32 or 5 bits on the Conditional False, but Conditional False's CONST '3'h0' generates 3 bits.
                                                                                                                                                : ... note: In instance 'TestDriver.testHarness.chiptop0.system.tile_prci_domain_3.element_reset_domain_rockettile.frontend.btb'
%Warning-WIDTHEXPAND: /work/chipyard/sims/verilator/generated-src/chipyard.harness.TestHarness.Baseline4CoreConfig/gen-collateral/BTB.sv:987:645: Operator COND expects 32 or 5 bits on the Conditional True, but Conditional True's VARREF 'tgtPages_12' generates 3 bits.
                                                                                                                                                : ... note: In instance 'TestDriver.testHarness.chiptop0.system.tile_prci_domain_3.element_reset_domain_rockettile.frontend.btb'
%Warning-WIDTHEXPAND: /work/chipyard/sims/verilator/generated-src/chipyard.harness.TestHarness.Baseline4CoreConfig/gen-collateral/BTB.sv:987:645: Operator COND expects 32 or 5 bits on the Conditional False, but Conditional False's CONST '3'h0' generates 3 bits.
                                                                                                                                                : ... note: In instance 'TestDriver.testHarness.chiptop0.system.tile_prci_domain_3.element_reset_domain_rockettile.frontend.btb'
%Warning-WIDTHEXPAND: /work/chipyard/sims/verilator/generated-src/chipyard.harness.TestHarness.Baseline4CoreConfig/gen-collateral/BTB.sv:987:697: Operator COND expects 32 or 5 bits on the Conditional True, but Conditional True's VARREF 'tgtPages_13' generates 3 bits.
                                                                                                                                                : ... note: In instance 'TestDriver.testHarness.chiptop0.system.tile_prci_domain_3.element_reset_domain_rockettile.frontend.btb'
%Warning-WIDTHEXPAND: /work/chipyard/sims/verilator/generated-src/chipyard.harness.TestHarness.Baseline4CoreConfig/gen-collateral/BTB.sv:987:697: Operator COND expects 32 or 5 bits on the Conditional False, but Conditional False's CONST '3'h0' generates 3 bits.
                                                                                                                                                : ... note: In instance 'TestDriver.testHarness.chiptop0.system.tile_prci_domain_3.element_reset_domain_rockettile.frontend.btb'
%Warning-WIDTHEXPAND: /work/chipyard/sims/verilator/generated-src/chipyard.harness.TestHarness.Baseline4CoreConfig/gen-collateral/BTB.sv:987:749: Operator COND expects 32 or 5 bits on the Conditional True, but Conditional True's VARREF 'tgtPages_14' generates 3 bits.
                                                                                                                                                : ... note: In instance 'TestDriver.testHarness.chiptop0.system.tile_prci_domain_3.element_reset_domain_rockettile.frontend.btb'
%Warning-WIDTHEXPAND: /work/chipyard/sims/verilator/generated-src/chipyard.harness.TestHarness.Baseline4CoreConfig/gen-collateral/BTB.sv:987:749: Operator COND expects 32 or 5 bits on the Conditional False, but Conditional False's CONST '3'h0' generates 3 bits.
                                                                                                                                                : ... note: In instance 'TestDriver.testHarness.chiptop0.system.tile_prci_domain_3.element_reset_domain_rockettile.frontend.btb'
%Warning-WIDTHEXPAND: /work/chipyard/sims/verilator/generated-src/chipyard.harness.TestHarness.Baseline4CoreConfig/gen-collateral/BTB.sv:987:801: Operator COND expects 32 or 5 bits on the Conditional True, but Conditional True's VARREF 'tgtPages_15' generates 3 bits.
                                                                                                                                                : ... note: In instance 'TestDriver.testHarness.chiptop0.system.tile_prci_domain_3.element_reset_domain_rockettile.frontend.btb'
%Warning-WIDTHEXPAND: /work/chipyard/sims/verilator/generated-src/chipyard.harness.TestHarness.Baseline4CoreConfig/gen-collateral/BTB.sv:987:801: Operator COND expects 32 or 5 bits on the Conditional False, but Conditional False's CONST '3'h0' generates 3 bits.
                                                                                                                                                : ... note: In instance 'TestDriver.testHarness.chiptop0.system.tile_prci_domain_3.element_reset_domain_rockettile.frontend.btb'
%Warning-WIDTHEXPAND: /work/chipyard/sims/verilator/generated-src/chipyard.harness.TestHarness.Baseline4CoreConfig/gen-collateral/BTB.sv:987:853: Operator COND expects 32 or 5 bits on the Conditional True, but Conditional True's VARREF 'tgtPages_16' generates 3 bits.
                                                                                                                                                : ... note: In instance 'TestDriver.testHarness.chiptop0.system.tile_prci_domain_3.element_reset_domain_rockettile.frontend.btb'
%Warning-WIDTHEXPAND: /work/chipyard/sims/verilator/generated-src/chipyard.harness.TestHarness.Baseline4CoreConfig/gen-collateral/BTB.sv:987:853: Operator COND expects 32 or 5 bits on the Conditional False, but Conditional False's CONST '3'h0' generates 3 bits.
                                                                                                                                                : ... note: In instance 'TestDriver.testHarness.chiptop0.system.tile_prci_domain_3.element_reset_domain_rockettile.frontend.btb'
%Warning-WIDTHEXPAND: /work/chipyard/sims/verilator/generated-src/chipyard.harness.TestHarness.Baseline4CoreConfig/gen-collateral/BTB.sv:987:905: Operator COND expects 32 or 5 bits on the Conditional True, but Conditional True's VARREF 'tgtPages_17' generates 3 bits.
                                                                                                                                                : ... note: In instance 'TestDriver.testHarness.chiptop0.system.tile_prci_domain_3.element_reset_domain_rockettile.frontend.btb'
%Warning-WIDTHEXPAND: /work/chipyard/sims/verilator/generated-src/chipyard.harness.TestHarness.Baseline4CoreConfig/gen-collateral/BTB.sv:987:905: Operator COND expects 32 or 5 bits on the Conditional False, but Conditional False's CONST '3'h0' generates 3 bits.
                                                                                                                                                : ... note: In instance 'TestDriver.testHarness.chiptop0.system.tile_prci_domain_3.element_reset_domain_rockettile.frontend.btb'
%Warning-WIDTHEXPAND: /work/chipyard/sims/verilator/generated-src/chipyard.harness.TestHarness.Baseline4CoreConfig/gen-collateral/BTB.sv:987:957: Operator COND expects 32 or 5 bits on the Conditional True, but Conditional True's VARREF 'tgtPages_18' generates 3 bits.
                                                                                                                                                : ... note: In instance 'TestDriver.testHarness.chiptop0.system.tile_prci_domain_3.element_reset_domain_rockettile.frontend.btb'
%Warning-WIDTHEXPAND: /work/chipyard/sims/verilator/generated-src/chipyard.harness.TestHarness.Baseline4CoreConfig/gen-collateral/BTB.sv:987:957: Operator COND expects 32 or 5 bits on the Conditional False, but Conditional False's CONST '3'h0' generates 3 bits.
                                                                                                                                                : ... note: In instance 'TestDriver.testHarness.chiptop0.system.tile_prci_domain_3.element_reset_domain_rockettile.frontend.btb'
%Warning-WIDTHEXPAND: /work/chipyard/sims/verilator/generated-src/chipyard.harness.TestHarness.Baseline4CoreConfig/gen-collateral/BTB.sv:987:1009: Operator COND expects 32 or 5 bits on the Conditional True, but Conditional True's VARREF 'tgtPages_19' generates 3 bits.
                                                                                                                                                 : ... note: In instance 'TestDriver.testHarness.chiptop0.system.tile_prci_domain_3.element_reset_domain_rockettile.frontend.btb'
%Warning-WIDTHEXPAND: /work/chipyard/sims/verilator/generated-src/chipyard.harness.TestHarness.Baseline4CoreConfig/gen-collateral/BTB.sv:987:1009: Operator COND expects 32 or 5 bits on the Conditional False, but Conditional False's CONST '3'h0' generates 3 bits.
                                                                                                                                                 : ... note: In instance 'TestDriver.testHarness.chiptop0.system.tile_prci_domain_3.element_reset_domain_rockettile.frontend.btb'
%Warning-WIDTHEXPAND: /work/chipyard/sims/verilator/generated-src/chipyard.harness.TestHarness.Baseline4CoreConfig/gen-collateral/BTB.sv:987:1061: Operator COND expects 32 or 5 bits on the Conditional True, but Conditional True's VARREF 'tgtPages_20' generates 3 bits.
                                                                                                                                                 : ... note: In instance 'TestDriver.testHarness.chiptop0.system.tile_prci_domain_3.element_reset_domain_rockettile.frontend.btb'
%Warning-WIDTHEXPAND: /work/chipyard/sims/verilator/generated-src/chipyard.harness.TestHarness.Baseline4CoreConfig/gen-collateral/BTB.sv:987:1061: Operator COND expects 32 or 5 bits on the Conditional False, but Conditional False's CONST '3'h0' generates 3 bits.
                                                                                                                                                 : ... note: In instance 'TestDriver.testHarness.chiptop0.system.tile_prci_domain_3.element_reset_domain_rockettile.frontend.btb'
%Warning-WIDTHEXPAND: /work/chipyard/sims/verilator/generated-src/chipyard.harness.TestHarness.Baseline4CoreConfig/gen-collateral/BTB.sv:987:1113: Operator COND expects 32 or 5 bits on the Conditional True, but Conditional True's VARREF 'tgtPages_21' generates 3 bits.
                                                                                                                                                 : ... note: In instance 'TestDriver.testHarness.chiptop0.system.tile_prci_domain_3.element_reset_domain_rockettile.frontend.btb'
%Warning-WIDTHEXPAND: /work/chipyard/sims/verilator/generated-src/chipyard.harness.TestHarness.Baseline4CoreConfig/gen-collateral/BTB.sv:987:1113: Operator COND expects 32 or 5 bits on the Conditional False, but Conditional False's CONST '3'h0' generates 3 bits.
                                                                                                                                                 : ... note: In instance 'TestDriver.testHarness.chiptop0.system.tile_prci_domain_3.element_reset_domain_rockettile.frontend.btb'
%Warning-WIDTHEXPAND: /work/chipyard/sims/verilator/generated-src/chipyard.harness.TestHarness.Baseline4CoreConfig/gen-collateral/BTB.sv:987:1165: Operator COND expects 32 or 5 bits on the Conditional True, but Conditional True's VARREF 'tgtPages_22' generates 3 bits.
                                                                                                                                                 : ... note: In instance 'TestDriver.testHarness.chiptop0.system.tile_prci_domain_3.element_reset_domain_rockettile.frontend.btb'
%Warning-WIDTHEXPAND: /work/chipyard/sims/verilator/generated-src/chipyard.harness.TestHarness.Baseline4CoreConfig/gen-collateral/BTB.sv:987:1165: Operator COND expects 32 or 5 bits on the Conditional False, but Conditional False's CONST '3'h0' generates 3 bits.
                                                                                                                                                 : ... note: In instance 'TestDriver.testHarness.chiptop0.system.tile_prci_domain_3.element_reset_domain_rockettile.frontend.btb'
%Warning-WIDTHEXPAND: /work/chipyard/sims/verilator/generated-src/chipyard.harness.TestHarness.Baseline4CoreConfig/gen-collateral/BTB.sv:987:1217: Operator COND expects 32 or 5 bits on the Conditional True, but Conditional True's VARREF 'tgtPages_23' generates 3 bits.
                                                                                                                                                 : ... note: In instance 'TestDriver.testHarness.chiptop0.system.tile_prci_domain_3.element_reset_domain_rockettile.frontend.btb'
%Warning-WIDTHEXPAND: /work/chipyard/sims/verilator/generated-src/chipyard.harness.TestHarness.Baseline4CoreConfig/gen-collateral/BTB.sv:987:1217: Operator COND expects 32 or 5 bits on the Conditional False, but Conditional False's CONST '3'h0' generates 3 bits.
                                                                                                                                                 : ... note: In instance 'TestDriver.testHarness.chiptop0.system.tile_prci_domain_3.element_reset_domain_rockettile.frontend.btb'
%Warning-WIDTHEXPAND: /work/chipyard/sims/verilator/generated-src/chipyard.harness.TestHarness.Baseline4CoreConfig/gen-collateral/BTB.sv:987:1269: Operator COND expects 32 or 5 bits on the Conditional True, but Conditional True's VARREF 'tgtPages_24' generates 3 bits.
                                                                                                                                                 : ... note: In instance 'TestDriver.testHarness.chiptop0.system.tile_prci_domain_3.element_reset_domain_rockettile.frontend.btb'
%Warning-WIDTHEXPAND: /work/chipyard/sims/verilator/generated-src/chipyard.harness.TestHarness.Baseline4CoreConfig/gen-collateral/BTB.sv:987:1269: Operator COND expects 32 or 5 bits on the Conditional False, but Conditional False's CONST '3'h0' generates 3 bits.
                                                                                                                                                 : ... note: In instance 'TestDriver.testHarness.chiptop0.system.tile_prci_domain_3.element_reset_domain_rockettile.frontend.btb'
%Warning-WIDTHEXPAND: /work/chipyard/sims/verilator/generated-src/chipyard.harness.TestHarness.Baseline4CoreConfig/gen-collateral/BTB.sv:987:1321: Operator COND expects 32 or 5 bits on the Conditional True, but Conditional True's VARREF 'tgtPages_25' generates 3 bits.
                                                                                                                                                 : ... note: In instance 'TestDriver.testHarness.chiptop0.system.tile_prci_domain_3.element_reset_domain_rockettile.frontend.btb'
%Warning-WIDTHEXPAND: /work/chipyard/sims/verilator/generated-src/chipyard.harness.TestHarness.Baseline4CoreConfig/gen-collateral/BTB.sv:987:1321: Operator COND expects 32 or 5 bits on the Conditional False, but Conditional False's CONST '3'h0' generates 3 bits.
                                                                                                                                                 : ... note: In instance 'TestDriver.testHarness.chiptop0.system.tile_prci_domain_3.element_reset_domain_rockettile.frontend.btb'
%Warning-WIDTHEXPAND: /work/chipyard/sims/verilator/generated-src/chipyard.harness.TestHarness.Baseline4CoreConfig/gen-collateral/BTB.sv:987:1373: Operator COND expects 32 or 5 bits on the Conditional True, but Conditional True's VARREF 'tgtPages_26' generates 3 bits.
                                                                                                                                                 : ... note: In instance 'TestDriver.testHarness.chiptop0.system.tile_prci_domain_3.element_reset_domain_rockettile.frontend.btb'
%Warning-WIDTHEXPAND: /work/chipyard/sims/verilator/generated-src/chipyard.harness.TestHarness.Baseline4CoreConfig/gen-collateral/BTB.sv:987:1373: Operator COND expects 32 or 5 bits on the Conditional False, but Conditional False's CONST '3'h0' generates 3 bits.
                                                                                                                                                 : ... note: In instance 'TestDriver.testHarness.chiptop0.system.tile_prci_domain_3.element_reset_domain_rockettile.frontend.btb'
%Warning-WIDTHEXPAND: /work/chipyard/sims/verilator/generated-src/chipyard.harness.TestHarness.Baseline4CoreConfig/gen-collateral/BTB.sv:987:1425: Operator COND expects 32 or 5 bits on the Conditional True, but Conditional True's VARREF 'tgtPages_27' generates 3 bits.
                                                                                                                                                 : ... note: In instance 'TestDriver.testHarness.chiptop0.system.tile_prci_domain_3.element_reset_domain_rockettile.frontend.btb'
%Warning-WIDTHEXPAND: /work/chipyard/sims/verilator/generated-src/chipyard.harness.TestHarness.Baseline4CoreConfig/gen-collateral/BTB.sv:987:1425: Operator COND expects 32 or 5 bits on the Conditional False, but Conditional False's CONST '3'h0' generates 3 bits.
                                                                                                                                                 : ... note: In instance 'TestDriver.testHarness.chiptop0.system.tile_prci_domain_3.element_reset_domain_rockettile.frontend.btb'
%Warning-WIDTHEXPAND: /work/chipyard/sims/verilator/generated-src/chipyard.harness.TestHarness.Baseline4CoreConfig/gen-collateral/AsyncQueueSink_Phit.sv:127:27: Operator XOR expects 32 or 6 bits on the LHS, but LHS's VARREF '_index_T' generates 3 bits.
                                                                                                                                                               : ... note: In instance 'TestDriver.testHarness.chiptop0.system.serial_tl_domain.phy.in_phits_in_async_4.sink'
  127 |     .io_d  (_GEN[_index_T ^ {ridx_incremented[3], 2'h0}]),  
      |                           ^
%Warning-WIDTHEXPAND: /work/chipyard/sims/verilator/generated-src/chipyard.harness.TestHarness.Baseline4CoreConfig/gen-collateral/AsyncQueueSink_Phit.sv:127:27: Operator XOR expects 32 or 6 bits on the RHS, but RHS's REPLICATE generates 3 bits.
                                                                                                                                                               : ... note: In instance 'TestDriver.testHarness.chiptop0.system.serial_tl_domain.phy.in_phits_in_async_4.sink'
  127 |     .io_d  (_GEN[_index_T ^ {ridx_incremented[3], 2'h0}]),  
      |                           ^
%Warning-WIDTHEXPAND: /work/chipyard/sims/verilator/generated-src/chipyard.harness.TestHarness.Baseline4CoreConfig/gen-collateral/TLWidthWidget1.sv:241:56: Operator COND expects 32 or 4 bits on the Conditional True, but Conditional True's VARREF 'repeat_sel_sel_sources_0' generates 3 bits.
                                                                                                                                                          : ... note: In instance 'TestDriver.testHarness.chiptop0.system.fbus.coupler_from_debug_sb.widget'
  241 |   assign auto_anon_in_d_bits_data = _GEN[(repeat_first ? repeat_sel_sel_sources_0 : repeat_sel_hold_r) & _repeat_limit_T[2:0] | repeat_count];  
      |                                                        ^
%Warning-WIDTHEXPAND: /work/chipyard/sims/verilator/generated-src/chipyard.harness.TestHarness.Baseline4CoreConfig/gen-collateral/TLWidthWidget1.sv:241:56: Operator COND expects 32 or 4 bits on the Conditional False, but Conditional False's VARREF 'repeat_sel_hold_r' generates 3 bits.
                                                                                                                                                          : ... note: In instance 'TestDriver.testHarness.chiptop0.system.fbus.coupler_from_debug_sb.widget'
  241 |   assign auto_anon_in_d_bits_data = _GEN[(repeat_first ? repeat_sel_sel_sources_0 : repeat_sel_hold_r) & _repeat_limit_T[2:0] | repeat_count];  
      |                                                        ^
%Warning-WIDTHEXPAND: /work/chipyard/sims/verilator/generated-src/chipyard.harness.TestHarness.Baseline4CoreConfig/gen-collateral/TLWidthWidget1.sv:241:104: Operator AND expects 32 or 4 bits on the RHS, but RHS's SEL generates 3 bits.
                                                                                                                                                           : ... note: In instance 'TestDriver.testHarness.chiptop0.system.fbus.coupler_from_debug_sb.widget'
  241 |   assign auto_anon_in_d_bits_data = _GEN[(repeat_first ? repeat_sel_sel_sources_0 : repeat_sel_hold_r) & _repeat_limit_T[2:0] | repeat_count];  
      |                                                                                                        ^
%Warning-WIDTHEXPAND: /work/chipyard/sims/verilator/generated-src/chipyard.harness.TestHarness.Baseline4CoreConfig/gen-collateral/TLWidthWidget1.sv:241:127: Operator OR expects 32 or 4 bits on the RHS, but RHS's VARREF 'repeat_count' generates 3 bits.
                                                                                                                                                           : ... note: In instance 'TestDriver.testHarness.chiptop0.system.fbus.coupler_from_debug_sb.widget'
  241 |   assign auto_anon_in_d_bits_data = _GEN[(repeat_first ? repeat_sel_sel_sources_0 : repeat_sel_hold_r) & _repeat_limit_T[2:0] | repeat_count];  
      |                                                                                                                               ^
%Warning-WIDTHEXPAND: /work/chipyard/sims/verilator/generated-src/chipyard.harness.TestHarness.Baseline4CoreConfig/gen-collateral/Rocket.sv:966:43: Operator COND expects 32 or 7 bits on the Conditional True, but Conditional True's CONST '2'h3' generates 2 bits.
                                                                                                                                                  : ... note: In instance 'TestDriver.testHarness.chiptop0.system.tile_prci_domain_3.element_reset_domain_rockettile.core'
  966 |       mem_reg_rs2 <= _GEN_15[ex_ctrl_rocc ? 2'h3 : ex_reg_mem_size];  
      |                                           ^
%Warning-WIDTHEXPAND: /work/chipyard/sims/verilator/generated-src/chipyard.harness.TestHarness.Baseline4CoreConfig/gen-collateral/Rocket.sv:966:43: Operator COND expects 32 or 7 bits on the Conditional False, but Conditional False's VARREF 'ex_reg_mem_size' generates 2 bits.
                                                                                                                                                  : ... note: In instance 'TestDriver.testHarness.chiptop0.system.tile_prci_domain_3.element_reset_domain_rockettile.core'
  966 |       mem_reg_rs2 <= _GEN_15[ex_ctrl_rocc ? 2'h3 : ex_reg_mem_size];  
      |                                           ^
%Warning-WIDTHTRUNC: /work/chipyard/sims/verilator/generated-src/chipyard.harness.TestHarness.Baseline4CoreConfig/gen-collateral/ram_2x116.sv:26:24: Bit extraction of var[127:0] requires 7 bit index, not 8 bits.
                                                                                                                                                   : ... note: In instance 'TestDriver.testHarness.ram.buffer.nodeOut_a_q.ram_ext'
   26 |             _RANDOM_MEM[j +: 32] = $random;  
      |                        ^
%Warning-WIDTHEXPAND: /work/chipyard/sims/verilator/generated-src/chipyard.harness.TestHarness.Baseline4CoreConfig/gen-collateral/SimDRAM.v:163:19: Operator FUNCREF 'memory_init' expects 64 bits on the Function Argument, but Function Argument's VARREF 'MEM_BASE' generates 40 bits.
                                                                                                                                                  : ... note: In instance 'TestDriver.testHarness.simdram'
  163 |         channel = memory_init(CHIP_ID, MEM_SIZE, WORD_SIZE, LINE_SIZE, ID_BITS, CLOCK_HZ, MEM_BASE);
      |                   ^~~~~~~~~~~
%Warning-LATCH: /work/chipyard/sims/verilator/generated-src/chipyard.harness.TestHarness.Baseline4CoreConfig/gen-collateral/EICG_wrapper.v:12:3: Latch inferred for signal 'TestDriver.testHarness.chiptop0.gated_clock_debug_clock_gate.en_latched' (not all control paths of combinational always assign a value)
                                                                                                                                               : ... Suggest use of always_latch for intentional latches
   12 |   always @(*) begin
      |   ^~~~~~
touch /work/chipyard/sims/verilator/generated-src/chipyard.harness.TestHarness.Baseline4CoreConfig/chipyard.harness.TestHarness.Baseline4CoreConfig/VTestDriver.mk
make VM_PARALLEL_BUILDS=1 -C /work/chipyard/sims/verilator/generated-src/chipyard.harness.TestHarness.Baseline4CoreConfig/chipyard.harness.TestHarness.Baseline4CoreConfig -f VTestDriver.mk
make[1]: Entering directory '/work/chipyard/sims/verilator/generated-src/chipyard.harness.TestHarness.Baseline4CoreConfig/chipyard.harness.TestHarness.Baseline4CoreConfig'
g++  -I.  -MMD -I/usr/share/verilator/include -I/usr/share/verilator/include/vltstd -DVM_COVERAGE=0 -DVM_SC=0 -DVM_TRACE=0 -DVM_TRACE_FST=0 -DVM_TRACE_VCD=0 -faligned-new -fcf-protection=none -Wno-bool-operation -Wno-overloaded-virtual -Wno-shadow -Wno-sign-compare -Wno-uninitialized -Wno-unused-but-set-parameter -Wno-unused-but-set-variable -Wno-unused-parameter -Wno-unused-variable     -O3 -std=c++17 -I/work/riscv/include -I/work/chipyard/tools/DRAMSim2 -I/work/chipyard/sims/verilator/generated-src/chipyard.harness.TestHarness.Baseline4CoreConfig/gen-collateral   -DVERILATOR -DVL_TIME_CONTEXT   -fcoroutines -Os -c -o SimDRAM.o /work/chipyard/sims/verilator/generated-src/chipyard.harness.TestHarness.Baseline4CoreConfig/gen-collateral/SimDRAM.cc
g++  -I.  -MMD -I/usr/share/verilator/include -I/usr/share/verilator/include/vltstd -DVM_COVERAGE=0 -DVM_SC=0 -DVM_TRACE=0 -DVM_TRACE_FST=0 -DVM_TRACE_VCD=0 -faligned-new -fcf-protection=none -Wno-bool-operation -Wno-overloaded-virtual -Wno-shadow -Wno-sign-compare -Wno-uninitialized -Wno-unused-but-set-parameter -Wno-unused-but-set-variable -Wno-unused-parameter -Wno-unused-variable     -O3 -std=c++17 -I/work/riscv/include -I/work/chipyard/tools/DRAMSim2 -I/work/chipyard/sims/verilator/generated-src/chipyard.harness.TestHarness.Baseline4CoreConfig/gen-collateral   -DVERILATOR -DVL_TIME_CONTEXT   -fcoroutines -Os -c -o SimJTAG.o /work/chipyard/sims/verilator/generated-src/chipyard.harness.TestHarness.Baseline4CoreConfig/gen-collateral/SimJTAG.cc
g++  -I.  -MMD -I/usr/share/verilator/include -I/usr/share/verilator/include/vltstd -DVM_COVERAGE=0 -DVM_SC=0 -DVM_TRACE=0 -DVM_TRACE_FST=0 -DVM_TRACE_VCD=0 -faligned-new -fcf-protection=none -Wno-bool-operation -Wno-overloaded-virtual -Wno-shadow -Wno-sign-compare -Wno-uninitialized -Wno-unused-but-set-parameter -Wno-unused-but-set-variable -Wno-unused-parameter -Wno-unused-variable     -O3 -std=c++17 -I/work/riscv/include -I/work/chipyard/tools/DRAMSim2 -I/work/chipyard/sims/verilator/generated-src/chipyard.harness.TestHarness.Baseline4CoreConfig/gen-collateral   -DVERILATOR -DVL_TIME_CONTEXT   -fcoroutines -Os -c -o SimTSI.o /work/chipyard/sims/verilator/generated-src/chipyard.harness.TestHarness.Baseline4CoreConfig/gen-collateral/SimTSI.cc
g++  -I.  -MMD -I/usr/share/verilator/include -I/usr/share/verilator/include/vltstd -DVM_COVERAGE=0 -DVM_SC=0 -DVM_TRACE=0 -DVM_TRACE_FST=0 -DVM_TRACE_VCD=0 -faligned-new -fcf-protection=none -Wno-bool-operation -Wno-overloaded-virtual -Wno-shadow -Wno-sign-compare -Wno-uninitialized -Wno-unused-but-set-parameter -Wno-unused-but-set-variable -Wno-unused-parameter -Wno-unused-variable     -O3 -std=c++17 -I/work/riscv/include -I/work/chipyard/tools/DRAMSim2 -I/work/chipyard/sims/verilator/generated-src/chipyard.harness.TestHarness.Baseline4CoreConfig/gen-collateral   -DVERILATOR -DVL_TIME_CONTEXT   -fcoroutines -Os -c -o SimUART.o /work/chipyard/sims/verilator/generated-src/chipyard.harness.TestHarness.Baseline4CoreConfig/gen-collateral/SimUART.cc
g++  -I.  -MMD -I/usr/share/verilator/include -I/usr/share/verilator/include/vltstd -DVM_COVERAGE=0 -DVM_SC=0 -DVM_TRACE=0 -DVM_TRACE_FST=0 -DVM_TRACE_VCD=0 -faligned-new -fcf-protection=none -Wno-bool-operation -Wno-overloaded-virtual -Wno-shadow -Wno-sign-compare -Wno-uninitialized -Wno-unused-but-set-parameter -Wno-unused-but-set-variable -Wno-unused-parameter -Wno-unused-variable     -O3 -std=c++17 -I/work/riscv/include -I/work/chipyard/tools/DRAMSim2 -I/work/chipyard/sims/verilator/generated-src/chipyard.harness.TestHarness.Baseline4CoreConfig/gen-collateral   -DVERILATOR -DVL_TIME_CONTEXT   -fcoroutines -Os -c -o mm.o /work/chipyard/sims/verilator/generated-src/chipyard.harness.TestHarness.Baseline4CoreConfig/gen-collateral/mm.cc
g++  -I.  -MMD -I/usr/share/verilator/include -I/usr/share/verilator/include/vltstd -DVM_COVERAGE=0 -DVM_SC=0 -DVM_TRACE=0 -DVM_TRACE_FST=0 -DVM_TRACE_VCD=0 -faligned-new -fcf-protection=none -Wno-bool-operation -Wno-overloaded-virtual -Wno-shadow -Wno-sign-compare -Wno-uninitialized -Wno-unused-but-set-parameter -Wno-unused-but-set-variable -Wno-unused-parameter -Wno-unused-variable     -O3 -std=c++17 -I/work/riscv/include -I/work/chipyard/tools/DRAMSim2 -I/work/chipyard/sims/verilator/generated-src/chipyard.harness.TestHarness.Baseline4CoreConfig/gen-collateral   -DVERILATOR -DVL_TIME_CONTEXT   -fcoroutines -Os -c -o mm_dramsim2.o /work/chipyard/sims/verilator/generated-src/chipyard.harness.TestHarness.Baseline4CoreConfig/gen-collateral/mm_dramsim2.cc
g++  -I.  -MMD -I/usr/share/verilator/include -I/usr/share/verilator/include/vltstd -DVM_COVERAGE=0 -DVM_SC=0 -DVM_TRACE=0 -DVM_TRACE_FST=0 -DVM_TRACE_VCD=0 -faligned-new -fcf-protection=none -Wno-bool-operation -Wno-overloaded-virtual -Wno-shadow -Wno-sign-compare -Wno-uninitialized -Wno-unused-but-set-parameter -Wno-unused-but-set-variable -Wno-unused-parameter -Wno-unused-variable     -O3 -std=c++17 -I/work/riscv/include -I/work/chipyard/tools/DRAMSim2 -I/work/chipyard/sims/verilator/generated-src/chipyard.harness.TestHarness.Baseline4CoreConfig/gen-collateral   -DVERILATOR -DVL_TIME_CONTEXT   -fcoroutines -Os -c -o remote_bitbang.o /work/chipyard/sims/verilator/generated-src/chipyard.harness.TestHarness.Baseline4CoreConfig/gen-collateral/remote_bitbang.cc
g++  -I.  -MMD -I/usr/share/verilator/include -I/usr/share/verilator/include/vltstd -DVM_COVERAGE=0 -DVM_SC=0 -DVM_TRACE=0 -DVM_TRACE_FST=0 -DVM_TRACE_VCD=0 -faligned-new -fcf-protection=none -Wno-bool-operation -Wno-overloaded-virtual -Wno-shadow -Wno-sign-compare -Wno-uninitialized -Wno-unused-but-set-parameter -Wno-unused-but-set-variable -Wno-unused-parameter -Wno-unused-variable     -O3 -std=c++17 -I/work/riscv/include -I/work/chipyard/tools/DRAMSim2 -I/work/chipyard/sims/verilator/generated-src/chipyard.harness.TestHarness.Baseline4CoreConfig/gen-collateral   -DVERILATOR -DVL_TIME_CONTEXT   -fcoroutines -Os -c -o testchip_htif.o /work/chipyard/sims/verilator/generated-src/chipyard.harness.TestHarness.Baseline4CoreConfig/gen-collateral/testchip_htif.cc
g++  -I.  -MMD -I/usr/share/verilator/include -I/usr/share/verilator/include/vltstd -DVM_COVERAGE=0 -DVM_SC=0 -DVM_TRACE=0 -DVM_TRACE_FST=0 -DVM_TRACE_VCD=0 -faligned-new -fcf-protection=none -Wno-bool-operation -Wno-overloaded-virtual -Wno-shadow -Wno-sign-compare -Wno-uninitialized -Wno-unused-but-set-parameter -Wno-unused-but-set-variable -Wno-unused-parameter -Wno-unused-variable     -O3 -std=c++17 -I/work/riscv/include -I/work/chipyard/tools/DRAMSim2 -I/work/chipyard/sims/verilator/generated-src/chipyard.harness.TestHarness.Baseline4CoreConfig/gen-collateral   -DVERILATOR -DVL_TIME_CONTEXT   -fcoroutines -Os -c -o testchip_tsi.o /work/chipyard/sims/verilator/generated-src/chipyard.harness.TestHarness.Baseline4CoreConfig/gen-collateral/testchip_tsi.cc
g++  -I.  -MMD -I/usr/share/verilator/include -I/usr/share/verilator/include/vltstd -DVM_COVERAGE=0 -DVM_SC=0 -DVM_TRACE=0 -DVM_TRACE_FST=0 -DVM_TRACE_VCD=0 -faligned-new -fcf-protection=none -Wno-bool-operation -Wno-overloaded-virtual -Wno-shadow -Wno-sign-compare -Wno-uninitialized -Wno-unused-but-set-parameter -Wno-unused-but-set-variable -Wno-unused-parameter -Wno-unused-variable     -O3 -std=c++17 -I/work/riscv/include -I/work/chipyard/tools/DRAMSim2 -I/work/chipyard/sims/verilator/generated-src/chipyard.harness.TestHarness.Baseline4CoreConfig/gen-collateral   -DVERILATOR -DVL_TIME_CONTEXT   -fcoroutines -Os -c -o uart.o /work/chipyard/sims/verilator/generated-src/chipyard.harness.TestHarness.Baseline4CoreConfig/gen-collateral/uart.cc
/work/chipyard/sims/verilator/generated-src/chipyard.harness.TestHarness.Baseline4CoreConfig/gen-collateral/uart.cc:7: warning: "_XOPEN_SOURCE" redefined
    7 | #define _XOPEN_SOURCE
      | 
In file included from /usr/include/signal.h:25,
                 from /work/chipyard/sims/verilator/generated-src/chipyard.harness.TestHarness.Baseline4CoreConfig/gen-collateral/uart.h:4,
                 from /work/chipyard/sims/verilator/generated-src/chipyard.harness.TestHarness.Baseline4CoreConfig/gen-collateral/uart.cc:3:
/usr/include/features.h:216: note: this is the location of the previous definition
  216 | # define _XOPEN_SOURCE  700
      | 
/work/chipyard/sims/verilator/generated-src/chipyard.harness.TestHarness.Baseline4CoreConfig/gen-collateral/SimDRAM.cc: In function ‘void* memory_init(int, long long int, long long int, long long int, long long int, long long int, long long int)’:
/work/chipyard/sims/verilator/generated-src/chipyard.harness.TestHarness.Baseline4CoreConfig/gen-collateral/SimDRAM.cc:81:52: warning: narrowing conversion of ‘mem_size’ from ‘long long int’ to ‘size_t’ {aka ‘long unsigned int’} [-Wnarrowing]
   81 |       backing_mem_data[chip_id][mem_base] = {data, mem_size};
      |                                                    ^~~~~~~~
g++ -Os  -I.  -MMD -I/usr/share/verilator/include -I/usr/share/verilator/include/vltstd -DVM_COVERAGE=0 -DVM_SC=0 -DVM_TRACE=0 -DVM_TRACE_FST=0 -DVM_TRACE_VCD=0 -faligned-new -fcf-protection=none -Wno-bool-operation -Wno-overloaded-virtual -Wno-shadow -Wno-sign-compare -Wno-uninitialized -Wno-unused-but-set-parameter -Wno-unused-but-set-variable -Wno-unused-parameter -Wno-unused-variable     -O3 -std=c++17 -I/work/riscv/include -I/work/chipyard/tools/DRAMSim2 -I/work/chipyard/sims/verilator/generated-src/chipyard.harness.TestHarness.Baseline4CoreConfig/gen-collateral   -DVERILATOR -DVL_TIME_CONTEXT   -fcoroutines -c -o verilated.o /usr/share/verilator/include/verilated.cpp
g++ -Os  -I.  -MMD -I/usr/share/verilator/include -I/usr/share/verilator/include/vltstd -DVM_COVERAGE=0 -DVM_SC=0 -DVM_TRACE=0 -DVM_TRACE_FST=0 -DVM_TRACE_VCD=0 -faligned-new -fcf-protection=none -Wno-bool-operation -Wno-overloaded-virtual -Wno-shadow -Wno-sign-compare -Wno-uninitialized -Wno-unused-but-set-parameter -Wno-unused-but-set-variable -Wno-unused-parameter -Wno-unused-variable     -O3 -std=c++17 -I/work/riscv/include -I/work/chipyard/tools/DRAMSim2 -I/work/chipyard/sims/verilator/generated-src/chipyard.harness.TestHarness.Baseline4CoreConfig/gen-collateral   -DVERILATOR -DVL_TIME_CONTEXT   -fcoroutines -c -o verilated_dpi.o /usr/share/verilator/include/verilated_dpi.cpp
g++ -Os  -I.  -MMD -I/usr/share/verilator/include -I/usr/share/verilator/include/vltstd -DVM_COVERAGE=0 -DVM_SC=0 -DVM_TRACE=0 -DVM_TRACE_FST=0 -DVM_TRACE_VCD=0 -faligned-new -fcf-protection=none -Wno-bool-operation -Wno-overloaded-virtual -Wno-shadow -Wno-sign-compare -Wno-uninitialized -Wno-unused-but-set-parameter -Wno-unused-but-set-variable -Wno-unused-parameter -Wno-unused-variable     -O3 -std=c++17 -I/work/riscv/include -I/work/chipyard/tools/DRAMSim2 -I/work/chipyard/sims/verilator/generated-src/chipyard.harness.TestHarness.Baseline4CoreConfig/gen-collateral   -DVERILATOR -DVL_TIME_CONTEXT   -fcoroutines -c -o verilated_vpi.o /usr/share/verilator/include/verilated_vpi.cpp
g++ -Os  -I.  -MMD -I/usr/share/verilator/include -I/usr/share/verilator/include/vltstd -DVM_COVERAGE=0 -DVM_SC=0 -DVM_TRACE=0 -DVM_TRACE_FST=0 -DVM_TRACE_VCD=0 -faligned-new -fcf-protection=none -Wno-bool-operation -Wno-overloaded-virtual -Wno-shadow -Wno-sign-compare -Wno-uninitialized -Wno-unused-but-set-parameter -Wno-unused-but-set-variable -Wno-unused-parameter -Wno-unused-variable     -O3 -std=c++17 -I/work/riscv/include -I/work/chipyard/tools/DRAMSim2 -I/work/chipyard/sims/verilator/generated-src/chipyard.harness.TestHarness.Baseline4CoreConfig/gen-collateral   -DVERILATOR -DVL_TIME_CONTEXT   -fcoroutines -c -o verilated_timing.o /usr/share/verilator/include/verilated_timing.cpp
g++ -Os  -I.  -MMD -I/usr/share/verilator/include -I/usr/share/verilator/include/vltstd -DVM_COVERAGE=0 -DVM_SC=0 -DVM_TRACE=0 -DVM_TRACE_FST=0 -DVM_TRACE_VCD=0 -faligned-new -fcf-protection=none -Wno-bool-operation -Wno-overloaded-virtual -Wno-shadow -Wno-sign-compare -Wno-uninitialized -Wno-unused-but-set-parameter -Wno-unused-but-set-variable -Wno-unused-parameter -Wno-unused-variable     -O3 -std=c++17 -I/work/riscv/include -I/work/chipyard/tools/DRAMSim2 -I/work/chipyard/sims/verilator/generated-src/chipyard.harness.TestHarness.Baseline4CoreConfig/gen-collateral   -DVERILATOR -DVL_TIME_CONTEXT   -fcoroutines -c -o verilated_threads.o /usr/share/verilator/include/verilated_threads.cpp
g++ -Os  -I.  -MMD -I/usr/share/verilator/include -I/usr/share/verilator/include/vltstd -DVM_COVERAGE=0 -DVM_SC=0 -DVM_TRACE=0 -DVM_TRACE_FST=0 -DVM_TRACE_VCD=0 -faligned-new -fcf-protection=none -Wno-bool-operation -Wno-overloaded-virtual -Wno-shadow -Wno-sign-compare -Wno-uninitialized -Wno-unused-but-set-parameter -Wno-unused-but-set-variable -Wno-unused-parameter -Wno-unused-variable     -O3 -std=c++17 -I/work/riscv/include -I/work/chipyard/tools/DRAMSim2 -I/work/chipyard/sims/verilator/generated-src/chipyard.harness.TestHarness.Baseline4CoreConfig/gen-collateral   -DVERILATOR -DVL_TIME_CONTEXT   -fcoroutines -x c++-header VTestDriver__pch.h -o VTestDriver__pch.h.fast.gch
g++   -I.  -MMD -I/usr/share/verilator/include -I/usr/share/verilator/include/vltstd -DVM_COVERAGE=0 -DVM_SC=0 -DVM_TRACE=0 -DVM_TRACE_FST=0 -DVM_TRACE_VCD=0 -faligned-new -fcf-protection=none -Wno-bool-operation -Wno-overloaded-virtual -Wno-shadow -Wno-sign-compare -Wno-uninitialized -Wno-unused-but-set-parameter -Wno-unused-but-set-variable -Wno-unused-parameter -Wno-unused-variable     -O3 -std=c++17 -I/work/riscv/include -I/work/chipyard/tools/DRAMSim2 -I/work/chipyard/sims/verilator/generated-src/chipyard.harness.TestHarness.Baseline4CoreConfig/gen-collateral   -DVERILATOR -DVL_TIME_CONTEXT   -fcoroutines -x c++-header VTestDriver__pch.h -o VTestDriver__pch.h.slow.gch
echo "" > VTestDriver__ALL.verilator_deplist.tmp
g++ -Os  -I.  -MMD -I/usr/share/verilator/include -I/usr/share/verilator/include/vltstd -DVM_COVERAGE=0 -DVM_SC=0 -DVM_TRACE=0 -DVM_TRACE_FST=0 -DVM_TRACE_VCD=0 -faligned-new -fcf-protection=none -Wno-bool-operation -Wno-overloaded-virtual -Wno-shadow -Wno-sign-compare -Wno-uninitialized -Wno-unused-but-set-parameter -Wno-unused-but-set-variable -Wno-unused-parameter -Wno-unused-variable     -O3 -std=c++17 -I/work/riscv/include -I/work/chipyard/tools/DRAMSim2 -I/work/chipyard/sims/verilator/generated-src/chipyard.harness.TestHarness.Baseline4CoreConfig/gen-collateral   -DVERILATOR -DVL_TIME_CONTEXT   -fcoroutines -include VTestDriver__pch.h.fast -c -o VTestDriver.o VTestDriver.cpp
g++ -Os  -I.  -MMD -I/usr/share/verilator/include -I/usr/share/verilator/include/vltstd -DVM_COVERAGE=0 -DVM_SC=0 -DVM_TRACE=0 -DVM_TRACE_FST=0 -DVM_TRACE_VCD=0 -faligned-new -fcf-protection=none -Wno-bool-operation -Wno-overloaded-virtual -Wno-shadow -Wno-sign-compare -Wno-uninitialized -Wno-unused-but-set-parameter -Wno-unused-but-set-variable -Wno-unused-parameter -Wno-unused-variable     -O3 -std=c++17 -I/work/riscv/include -I/work/chipyard/tools/DRAMSim2 -I/work/chipyard/sims/verilator/generated-src/chipyard.harness.TestHarness.Baseline4CoreConfig/gen-collateral   -DVERILATOR -DVL_TIME_CONTEXT   -fcoroutines -include VTestDriver__pch.h.fast -c -o VTestDriver___024root__DepSet_h662e1026__0.o VTestDriver___024root__DepSet_h662e1026__0.cpp
g++ -Os  -I.  -MMD -I/usr/share/verilator/include -I/usr/share/verilator/include/vltstd -DVM_COVERAGE=0 -DVM_SC=0 -DVM_TRACE=0 -DVM_TRACE_FST=0 -DVM_TRACE_VCD=0 -faligned-new -fcf-protection=none -Wno-bool-operation -Wno-overloaded-virtual -Wno-shadow -Wno-sign-compare -Wno-uninitialized -Wno-unused-but-set-parameter -Wno-unused-but-set-variable -Wno-unused-parameter -Wno-unused-variable     -O3 -std=c++17 -I/work/riscv/include -I/work/chipyard/tools/DRAMSim2 -I/work/chipyard/sims/verilator/generated-src/chipyard.harness.TestHarness.Baseline4CoreConfig/gen-collateral   -DVERILATOR -DVL_TIME_CONTEXT   -fcoroutines -include VTestDriver__pch.h.fast -c -o VTestDriver___024root__DepSet_h662e1026__1.o VTestDriver___024root__DepSet_h662e1026__1.cpp
g++ -Os  -I.  -MMD -I/usr/share/verilator/include -I/usr/share/verilator/include/vltstd -DVM_COVERAGE=0 -DVM_SC=0 -DVM_TRACE=0 -DVM_TRACE_FST=0 -DVM_TRACE_VCD=0 -faligned-new -fcf-protection=none -Wno-bool-operation -Wno-overloaded-virtual -Wno-shadow -Wno-sign-compare -Wno-uninitialized -Wno-unused-but-set-parameter -Wno-unused-but-set-variable -Wno-unused-parameter -Wno-unused-variable     -O3 -std=c++17 -I/work/riscv/include -I/work/chipyard/tools/DRAMSim2 -I/work/chipyard/sims/verilator/generated-src/chipyard.harness.TestHarness.Baseline4CoreConfig/gen-collateral   -DVERILATOR -DVL_TIME_CONTEXT   -fcoroutines -include VTestDriver__pch.h.fast -c -o VTestDriver___024root__DepSet_h662e1026__2.o VTestDriver___024root__DepSet_h662e1026__2.cpp
g++ -Os  -I.  -MMD -I/usr/share/verilator/include -I/usr/share/verilator/include/vltstd -DVM_COVERAGE=0 -DVM_SC=0 -DVM_TRACE=0 -DVM_TRACE_FST=0 -DVM_TRACE_VCD=0 -faligned-new -fcf-protection=none -Wno-bool-operation -Wno-overloaded-virtual -Wno-shadow -Wno-sign-compare -Wno-uninitialized -Wno-unused-but-set-parameter -Wno-unused-but-set-variable -Wno-unused-parameter -Wno-unused-variable     -O3 -std=c++17 -I/work/riscv/include -I/work/chipyard/tools/DRAMSim2 -I/work/chipyard/sims/verilator/generated-src/chipyard.harness.TestHarness.Baseline4CoreConfig/gen-collateral   -DVERILATOR -DVL_TIME_CONTEXT   -fcoroutines -include VTestDriver__pch.h.fast -c -o VTestDriver___024root__DepSet_h662e1026__3.o VTestDriver___024root__DepSet_h662e1026__3.cpp
g++ -Os  -I.  -MMD -I/usr/share/verilator/include -I/usr/share/verilator/include/vltstd -DVM_COVERAGE=0 -DVM_SC=0 -DVM_TRACE=0 -DVM_TRACE_FST=0 -DVM_TRACE_VCD=0 -faligned-new -fcf-protection=none -Wno-bool-operation -Wno-overloaded-virtual -Wno-shadow -Wno-sign-compare -Wno-uninitialized -Wno-unused-but-set-parameter -Wno-unused-but-set-variable -Wno-unused-parameter -Wno-unused-variable     -O3 -std=c++17 -I/work/riscv/include -I/work/chipyard/tools/DRAMSim2 -I/work/chipyard/sims/verilator/generated-src/chipyard.harness.TestHarness.Baseline4CoreConfig/gen-collateral   -DVERILATOR -DVL_TIME_CONTEXT   -fcoroutines -include VTestDriver__pch.h.fast -c -o VTestDriver___024root__DepSet_h662e1026__4.o VTestDriver___024root__DepSet_h662e1026__4.cpp
g++ -Os  -I.  -MMD -I/usr/share/verilator/include -I/usr/share/verilator/include/vltstd -DVM_COVERAGE=0 -DVM_SC=0 -DVM_TRACE=0 -DVM_TRACE_FST=0 -DVM_TRACE_VCD=0 -faligned-new -fcf-protection=none -Wno-bool-operation -Wno-overloaded-virtual -Wno-shadow -Wno-sign-compare -Wno-uninitialized -Wno-unused-but-set-parameter -Wno-unused-but-set-variable -Wno-unused-parameter -Wno-unused-variable     -O3 -std=c++17 -I/work/riscv/include -I/work/chipyard/tools/DRAMSim2 -I/work/chipyard/sims/verilator/generated-src/chipyard.harness.TestHarness.Baseline4CoreConfig/gen-collateral   -DVERILATOR -DVL_TIME_CONTEXT   -fcoroutines -include VTestDriver__pch.h.fast -c -o VTestDriver___024root__DepSet_h662e1026__5.o VTestDriver___024root__DepSet_h662e1026__5.cpp
g++ -Os  -I.  -MMD -I/usr/share/verilator/include -I/usr/share/verilator/include/vltstd -DVM_COVERAGE=0 -DVM_SC=0 -DVM_TRACE=0 -DVM_TRACE_FST=0 -DVM_TRACE_VCD=0 -faligned-new -fcf-protection=none -Wno-bool-operation -Wno-overloaded-virtual -Wno-shadow -Wno-sign-compare -Wno-uninitialized -Wno-unused-but-set-parameter -Wno-unused-but-set-variable -Wno-unused-parameter -Wno-unused-variable     -O3 -std=c++17 -I/work/riscv/include -I/work/chipyard/tools/DRAMSim2 -I/work/chipyard/sims/verilator/generated-src/chipyard.harness.TestHarness.Baseline4CoreConfig/gen-collateral   -DVERILATOR -DVL_TIME_CONTEXT   -fcoroutines -include VTestDriver__pch.h.fast -c -o VTestDriver___024root__DepSet_h662e1026__6.o VTestDriver___024root__DepSet_h662e1026__6.cpp
g++ -Os  -I.  -MMD -I/usr/share/verilator/include -I/usr/share/verilator/include/vltstd -DVM_COVERAGE=0 -DVM_SC=0 -DVM_TRACE=0 -DVM_TRACE_FST=0 -DVM_TRACE_VCD=0 -faligned-new -fcf-protection=none -Wno-bool-operation -Wno-overloaded-virtual -Wno-shadow -Wno-sign-compare -Wno-uninitialized -Wno-unused-but-set-parameter -Wno-unused-but-set-variable -Wno-unused-parameter -Wno-unused-variable     -O3 -std=c++17 -I/work/riscv/include -I/work/chipyard/tools/DRAMSim2 -I/work/chipyard/sims/verilator/generated-src/chipyard.harness.TestHarness.Baseline4CoreConfig/gen-collateral   -DVERILATOR -DVL_TIME_CONTEXT   -fcoroutines -include VTestDriver__pch.h.fast -c -o VTestDriver___024root__DepSet_h662e1026__7.o VTestDriver___024root__DepSet_h662e1026__7.cpp
g++ -Os  -I.  -MMD -I/usr/share/verilator/include -I/usr/share/verilator/include/vltstd -DVM_COVERAGE=0 -DVM_SC=0 -DVM_TRACE=0 -DVM_TRACE_FST=0 -DVM_TRACE_VCD=0 -faligned-new -fcf-protection=none -Wno-bool-operation -Wno-overloaded-virtual -Wno-shadow -Wno-sign-compare -Wno-uninitialized -Wno-unused-but-set-parameter -Wno-unused-but-set-variable -Wno-unused-parameter -Wno-unused-variable     -O3 -std=c++17 -I/work/riscv/include -I/work/chipyard/tools/DRAMSim2 -I/work/chipyard/sims/verilator/generated-src/chipyard.harness.TestHarness.Baseline4CoreConfig/gen-collateral   -DVERILATOR -DVL_TIME_CONTEXT   -fcoroutines -include VTestDriver__pch.h.fast -c -o VTestDriver___024root__DepSet_h662e1026__8.o VTestDriver___024root__DepSet_h662e1026__8.cpp
g++ -Os  -I.  -MMD -I/usr/share/verilator/include -I/usr/share/verilator/include/vltstd -DVM_COVERAGE=0 -DVM_SC=0 -DVM_TRACE=0 -DVM_TRACE_FST=0 -DVM_TRACE_VCD=0 -faligned-new -fcf-protection=none -Wno-bool-operation -Wno-overloaded-virtual -Wno-shadow -Wno-sign-compare -Wno-uninitialized -Wno-unused-but-set-parameter -Wno-unused-but-set-variable -Wno-unused-parameter -Wno-unused-variable     -O3 -std=c++17 -I/work/riscv/include -I/work/chipyard/tools/DRAMSim2 -I/work/chipyard/sims/verilator/generated-src/chipyard.harness.TestHarness.Baseline4CoreConfig/gen-collateral   -DVERILATOR -DVL_TIME_CONTEXT   -fcoroutines -include VTestDriver__pch.h.fast -c -o VTestDriver___024root__DepSet_h662e1026__9.o VTestDriver___024root__DepSet_h662e1026__9.cpp
g++ -Os  -I.  -MMD -I/usr/share/verilator/include -I/usr/share/verilator/include/vltstd -DVM_COVERAGE=0 -DVM_SC=0 -DVM_TRACE=0 -DVM_TRACE_FST=0 -DVM_TRACE_VCD=0 -faligned-new -fcf-protection=none -Wno-bool-operation -Wno-overloaded-virtual -Wno-shadow -Wno-sign-compare -Wno-uninitialized -Wno-unused-but-set-parameter -Wno-unused-but-set-variable -Wno-unused-parameter -Wno-unused-variable     -O3 -std=c++17 -I/work/riscv/include -I/work/chipyard/tools/DRAMSim2 -I/work/chipyard/sims/verilator/generated-src/chipyard.harness.TestHarness.Baseline4CoreConfig/gen-collateral   -DVERILATOR -DVL_TIME_CONTEXT   -fcoroutines -include VTestDriver__pch.h.fast -c -o VTestDriver___024root__DepSet_h662e1026__10.o VTestDriver___024root__DepSet_h662e1026__10.cpp
g++ -Os  -I.  -MMD -I/usr/share/verilator/include -I/usr/share/verilator/include/vltstd -DVM_COVERAGE=0 -DVM_SC=0 -DVM_TRACE=0 -DVM_TRACE_FST=0 -DVM_TRACE_VCD=0 -faligned-new -fcf-protection=none -Wno-bool-operation -Wno-overloaded-virtual -Wno-shadow -Wno-sign-compare -Wno-uninitialized -Wno-unused-but-set-parameter -Wno-unused-but-set-variable -Wno-unused-parameter -Wno-unused-variable     -O3 -std=c++17 -I/work/riscv/include -I/work/chipyard/tools/DRAMSim2 -I/work/chipyard/sims/verilator/generated-src/chipyard.harness.TestHarness.Baseline4CoreConfig/gen-collateral   -DVERILATOR -DVL_TIME_CONTEXT   -fcoroutines -include VTestDriver__pch.h.fast -c -o VTestDriver___024root__DepSet_h662e1026__11.o VTestDriver___024root__DepSet_h662e1026__11.cpp
g++ -Os  -I.  -MMD -I/usr/share/verilator/include -I/usr/share/verilator/include/vltstd -DVM_COVERAGE=0 -DVM_SC=0 -DVM_TRACE=0 -DVM_TRACE_FST=0 -DVM_TRACE_VCD=0 -faligned-new -fcf-protection=none -Wno-bool-operation -Wno-overloaded-virtual -Wno-shadow -Wno-sign-compare -Wno-uninitialized -Wno-unused-but-set-parameter -Wno-unused-but-set-variable -Wno-unused-parameter -Wno-unused-variable     -O3 -std=c++17 -I/work/riscv/include -I/work/chipyard/tools/DRAMSim2 -I/work/chipyard/sims/verilator/generated-src/chipyard.harness.TestHarness.Baseline4CoreConfig/gen-collateral   -DVERILATOR -DVL_TIME_CONTEXT   -fcoroutines -include VTestDriver__pch.h.fast -c -o VTestDriver___024root__DepSet_h662e1026__12.o VTestDriver___024root__DepSet_h662e1026__12.cpp
g++ -Os  -I.  -MMD -I/usr/share/verilator/include -I/usr/share/verilator/include/vltstd -DVM_COVERAGE=0 -DVM_SC=0 -DVM_TRACE=0 -DVM_TRACE_FST=0 -DVM_TRACE_VCD=0 -faligned-new -fcf-protection=none -Wno-bool-operation -Wno-overloaded-virtual -Wno-shadow -Wno-sign-compare -Wno-uninitialized -Wno-unused-but-set-parameter -Wno-unused-but-set-variable -Wno-unused-parameter -Wno-unused-variable     -O3 -std=c++17 -I/work/riscv/include -I/work/chipyard/tools/DRAMSim2 -I/work/chipyard/sims/verilator/generated-src/chipyard.harness.TestHarness.Baseline4CoreConfig/gen-collateral   -DVERILATOR -DVL_TIME_CONTEXT   -fcoroutines -include VTestDriver__pch.h.fast -c -o VTestDriver___024root__DepSet_h662e1026__13.o VTestDriver___024root__DepSet_h662e1026__13.cpp
g++ -Os  -I.  -MMD -I/usr/share/verilator/include -I/usr/share/verilator/include/vltstd -DVM_COVERAGE=0 -DVM_SC=0 -DVM_TRACE=0 -DVM_TRACE_FST=0 -DVM_TRACE_VCD=0 -faligned-new -fcf-protection=none -Wno-bool-operation -Wno-overloaded-virtual -Wno-shadow -Wno-sign-compare -Wno-uninitialized -Wno-unused-but-set-parameter -Wno-unused-but-set-variable -Wno-unused-parameter -Wno-unused-variable     -O3 -std=c++17 -I/work/riscv/include -I/work/chipyard/tools/DRAMSim2 -I/work/chipyard/sims/verilator/generated-src/chipyard.harness.TestHarness.Baseline4CoreConfig/gen-collateral   -DVERILATOR -DVL_TIME_CONTEXT   -fcoroutines -include VTestDriver__pch.h.fast -c -o VTestDriver___024root__DepSet_h662e1026__14.o VTestDriver___024root__DepSet_h662e1026__14.cpp
g++ -Os  -I.  -MMD -I/usr/share/verilator/include -I/usr/share/verilator/include/vltstd -DVM_COVERAGE=0 -DVM_SC=0 -DVM_TRACE=0 -DVM_TRACE_FST=0 -DVM_TRACE_VCD=0 -faligned-new -fcf-protection=none -Wno-bool-operation -Wno-overloaded-virtual -Wno-shadow -Wno-sign-compare -Wno-uninitialized -Wno-unused-but-set-parameter -Wno-unused-but-set-variable -Wno-unused-parameter -Wno-unused-variable     -O3 -std=c++17 -I/work/riscv/include -I/work/chipyard/tools/DRAMSim2 -I/work/chipyard/sims/verilator/generated-src/chipyard.harness.TestHarness.Baseline4CoreConfig/gen-collateral   -DVERILATOR -DVL_TIME_CONTEXT   -fcoroutines -include VTestDriver__pch.h.fast -c -o VTestDriver___024root__DepSet_h662e1026__15.o VTestDriver___024root__DepSet_h662e1026__15.cpp
g++ -Os  -I.  -MMD -I/usr/share/verilator/include -I/usr/share/verilator/include/vltstd -DVM_COVERAGE=0 -DVM_SC=0 -DVM_TRACE=0 -DVM_TRACE_FST=0 -DVM_TRACE_VCD=0 -faligned-new -fcf-protection=none -Wno-bool-operation -Wno-overloaded-virtual -Wno-shadow -Wno-sign-compare -Wno-uninitialized -Wno-unused-but-set-parameter -Wno-unused-but-set-variable -Wno-unused-parameter -Wno-unused-variable     -O3 -std=c++17 -I/work/riscv/include -I/work/chipyard/tools/DRAMSim2 -I/work/chipyard/sims/verilator/generated-src/chipyard.harness.TestHarness.Baseline4CoreConfig/gen-collateral   -DVERILATOR -DVL_TIME_CONTEXT   -fcoroutines -include VTestDriver__pch.h.fast -c -o VTestDriver___024root__DepSet_h662e1026__16.o VTestDriver___024root__DepSet_h662e1026__16.cpp
g++ -Os  -I.  -MMD -I/usr/share/verilator/include -I/usr/share/verilator/include/vltstd -DVM_COVERAGE=0 -DVM_SC=0 -DVM_TRACE=0 -DVM_TRACE_FST=0 -DVM_TRACE_VCD=0 -faligned-new -fcf-protection=none -Wno-bool-operation -Wno-overloaded-virtual -Wno-shadow -Wno-sign-compare -Wno-uninitialized -Wno-unused-but-set-parameter -Wno-unused-but-set-variable -Wno-unused-parameter -Wno-unused-variable     -O3 -std=c++17 -I/work/riscv/include -I/work/chipyard/tools/DRAMSim2 -I/work/chipyard/sims/verilator/generated-src/chipyard.harness.TestHarness.Baseline4CoreConfig/gen-collateral   -DVERILATOR -DVL_TIME_CONTEXT   -fcoroutines -include VTestDriver__pch.h.fast -c -o VTestDriver___024root__DepSet_h662e1026__17.o VTestDriver___024root__DepSet_h662e1026__17.cpp
g++ -Os  -I.  -MMD -I/usr/share/verilator/include -I/usr/share/verilator/include/vltstd -DVM_COVERAGE=0 -DVM_SC=0 -DVM_TRACE=0 -DVM_TRACE_FST=0 -DVM_TRACE_VCD=0 -faligned-new -fcf-protection=none -Wno-bool-operation -Wno-overloaded-virtual -Wno-shadow -Wno-sign-compare -Wno-uninitialized -Wno-unused-but-set-parameter -Wno-unused-but-set-variable -Wno-unused-parameter -Wno-unused-variable     -O3 -std=c++17 -I/work/riscv/include -I/work/chipyard/tools/DRAMSim2 -I/work/chipyard/sims/verilator/generated-src/chipyard.harness.TestHarness.Baseline4CoreConfig/gen-collateral   -DVERILATOR -DVL_TIME_CONTEXT   -fcoroutines -include VTestDriver__pch.h.fast -c -o VTestDriver___024root__DepSet_h662e1026__18.o VTestDriver___024root__DepSet_h662e1026__18.cpp
g++ -Os  -I.  -MMD -I/usr/share/verilator/include -I/usr/share/verilator/include/vltstd -DVM_COVERAGE=0 -DVM_SC=0 -DVM_TRACE=0 -DVM_TRACE_FST=0 -DVM_TRACE_VCD=0 -faligned-new -fcf-protection=none -Wno-bool-operation -Wno-overloaded-virtual -Wno-shadow -Wno-sign-compare -Wno-uninitialized -Wno-unused-but-set-parameter -Wno-unused-but-set-variable -Wno-unused-parameter -Wno-unused-variable     -O3 -std=c++17 -I/work/riscv/include -I/work/chipyard/tools/DRAMSim2 -I/work/chipyard/sims/verilator/generated-src/chipyard.harness.TestHarness.Baseline4CoreConfig/gen-collateral   -DVERILATOR -DVL_TIME_CONTEXT   -fcoroutines -include VTestDriver__pch.h.fast -c -o VTestDriver___024root__DepSet_h662e1026__19.o VTestDriver___024root__DepSet_h662e1026__19.cpp
g++ -Os  -I.  -MMD -I/usr/share/verilator/include -I/usr/share/verilator/include/vltstd -DVM_COVERAGE=0 -DVM_SC=0 -DVM_TRACE=0 -DVM_TRACE_FST=0 -DVM_TRACE_VCD=0 -faligned-new -fcf-protection=none -Wno-bool-operation -Wno-overloaded-virtual -Wno-shadow -Wno-sign-compare -Wno-uninitialized -Wno-unused-but-set-parameter -Wno-unused-but-set-variable -Wno-unused-parameter -Wno-unused-variable     -O3 -std=c++17 -I/work/riscv/include -I/work/chipyard/tools/DRAMSim2 -I/work/chipyard/sims/verilator/generated-src/chipyard.harness.TestHarness.Baseline4CoreConfig/gen-collateral   -DVERILATOR -DVL_TIME_CONTEXT   -fcoroutines -include VTestDriver__pch.h.fast -c -o VTestDriver___024root__DepSet_h662e1026__20.o VTestDriver___024root__DepSet_h662e1026__20.cpp
g++ -Os  -I.  -MMD -I/usr/share/verilator/include -I/usr/share/verilator/include/vltstd -DVM_COVERAGE=0 -DVM_SC=0 -DVM_TRACE=0 -DVM_TRACE_FST=0 -DVM_TRACE_VCD=0 -faligned-new -fcf-protection=none -Wno-bool-operation -Wno-overloaded-virtual -Wno-shadow -Wno-sign-compare -Wno-uninitialized -Wno-unused-but-set-parameter -Wno-unused-but-set-variable -Wno-unused-parameter -Wno-unused-variable     -O3 -std=c++17 -I/work/riscv/include -I/work/chipyard/tools/DRAMSim2 -I/work/chipyard/sims/verilator/generated-src/chipyard.harness.TestHarness.Baseline4CoreConfig/gen-collateral   -DVERILATOR -DVL_TIME_CONTEXT   -fcoroutines -include VTestDriver__pch.h.fast -c -o VTestDriver___024root__DepSet_h662e1026__21.o VTestDriver___024root__DepSet_h662e1026__21.cpp
g++ -Os  -I.  -MMD -I/usr/share/verilator/include -I/usr/share/verilator/include/vltstd -DVM_COVERAGE=0 -DVM_SC=0 -DVM_TRACE=0 -DVM_TRACE_FST=0 -DVM_TRACE_VCD=0 -faligned-new -fcf-protection=none -Wno-bool-operation -Wno-overloaded-virtual -Wno-shadow -Wno-sign-compare -Wno-uninitialized -Wno-unused-but-set-parameter -Wno-unused-but-set-variable -Wno-unused-parameter -Wno-unused-variable     -O3 -std=c++17 -I/work/riscv/include -I/work/chipyard/tools/DRAMSim2 -I/work/chipyard/sims/verilator/generated-src/chipyard.harness.TestHarness.Baseline4CoreConfig/gen-collateral   -DVERILATOR -DVL_TIME_CONTEXT   -fcoroutines -include VTestDriver__pch.h.fast -c -o VTestDriver___024root__DepSet_h662e1026__22.o VTestDriver___024root__DepSet_h662e1026__22.cpp
g++ -Os  -I.  -MMD -I/usr/share/verilator/include -I/usr/share/verilator/include/vltstd -DVM_COVERAGE=0 -DVM_SC=0 -DVM_TRACE=0 -DVM_TRACE_FST=0 -DVM_TRACE_VCD=0 -faligned-new -fcf-protection=none -Wno-bool-operation -Wno-overloaded-virtual -Wno-shadow -Wno-sign-compare -Wno-uninitialized -Wno-unused-but-set-parameter -Wno-unused-but-set-variable -Wno-unused-parameter -Wno-unused-variable     -O3 -std=c++17 -I/work/riscv/include -I/work/chipyard/tools/DRAMSim2 -I/work/chipyard/sims/verilator/generated-src/chipyard.harness.TestHarness.Baseline4CoreConfig/gen-collateral   -DVERILATOR -DVL_TIME_CONTEXT   -fcoroutines -include VTestDriver__pch.h.fast -c -o VTestDriver___024root__DepSet_h662e1026__23.o VTestDriver___024root__DepSet_h662e1026__23.cpp
g++ -Os  -I.  -MMD -I/usr/share/verilator/include -I/usr/share/verilator/include/vltstd -DVM_COVERAGE=0 -DVM_SC=0 -DVM_TRACE=0 -DVM_TRACE_FST=0 -DVM_TRACE_VCD=0 -faligned-new -fcf-protection=none -Wno-bool-operation -Wno-overloaded-virtual -Wno-shadow -Wno-sign-compare -Wno-uninitialized -Wno-unused-but-set-parameter -Wno-unused-but-set-variable -Wno-unused-parameter -Wno-unused-variable     -O3 -std=c++17 -I/work/riscv/include -I/work/chipyard/tools/DRAMSim2 -I/work/chipyard/sims/verilator/generated-src/chipyard.harness.TestHarness.Baseline4CoreConfig/gen-collateral   -DVERILATOR -DVL_TIME_CONTEXT   -fcoroutines -include VTestDriver__pch.h.fast -c -o VTestDriver___024root__DepSet_h662e1026__24.o VTestDriver___024root__DepSet_h662e1026__24.cpp
g++ -Os  -I.  -MMD -I/usr/share/verilator/include -I/usr/share/verilator/include/vltstd -DVM_COVERAGE=0 -DVM_SC=0 -DVM_TRACE=0 -DVM_TRACE_FST=0 -DVM_TRACE_VCD=0 -faligned-new -fcf-protection=none -Wno-bool-operation -Wno-overloaded-virtual -Wno-shadow -Wno-sign-compare -Wno-uninitialized -Wno-unused-but-set-parameter -Wno-unused-but-set-variable -Wno-unused-parameter -Wno-unused-variable     -O3 -std=c++17 -I/work/riscv/include -I/work/chipyard/tools/DRAMSim2 -I/work/chipyard/sims/verilator/generated-src/chipyard.harness.TestHarness.Baseline4CoreConfig/gen-collateral   -DVERILATOR -DVL_TIME_CONTEXT   -fcoroutines -include VTestDriver__pch.h.fast -c -o VTestDriver___024root__DepSet_h662e1026__25.o VTestDriver___024root__DepSet_h662e1026__25.cpp
g++ -Os  -I.  -MMD -I/usr/share/verilator/include -I/usr/share/verilator/include/vltstd -DVM_COVERAGE=0 -DVM_SC=0 -DVM_TRACE=0 -DVM_TRACE_FST=0 -DVM_TRACE_VCD=0 -faligned-new -fcf-protection=none -Wno-bool-operation -Wno-overloaded-virtual -Wno-shadow -Wno-sign-compare -Wno-uninitialized -Wno-unused-but-set-parameter -Wno-unused-but-set-variable -Wno-unused-parameter -Wno-unused-variable     -O3 -std=c++17 -I/work/riscv/include -I/work/chipyard/tools/DRAMSim2 -I/work/chipyard/sims/verilator/generated-src/chipyard.harness.TestHarness.Baseline4CoreConfig/gen-collateral   -DVERILATOR -DVL_TIME_CONTEXT   -fcoroutines -include VTestDriver__pch.h.fast -c -o VTestDriver___024root__DepSet_h662e1026__26.o VTestDriver___024root__DepSet_h662e1026__26.cpp
g++ -Os  -I.  -MMD -I/usr/share/verilator/include -I/usr/share/verilator/include/vltstd -DVM_COVERAGE=0 -DVM_SC=0 -DVM_TRACE=0 -DVM_TRACE_FST=0 -DVM_TRACE_VCD=0 -faligned-new -fcf-protection=none -Wno-bool-operation -Wno-overloaded-virtual -Wno-shadow -Wno-sign-compare -Wno-uninitialized -Wno-unused-but-set-parameter -Wno-unused-but-set-variable -Wno-unused-parameter -Wno-unused-variable     -O3 -std=c++17 -I/work/riscv/include -I/work/chipyard/tools/DRAMSim2 -I/work/chipyard/sims/verilator/generated-src/chipyard.harness.TestHarness.Baseline4CoreConfig/gen-collateral   -DVERILATOR -DVL_TIME_CONTEXT   -fcoroutines -include VTestDriver__pch.h.fast -c -o VTestDriver___024root__DepSet_h662e1026__27.o VTestDriver___024root__DepSet_h662e1026__27.cpp
g++ -Os  -I.  -MMD -I/usr/share/verilator/include -I/usr/share/verilator/include/vltstd -DVM_COVERAGE=0 -DVM_SC=0 -DVM_TRACE=0 -DVM_TRACE_FST=0 -DVM_TRACE_VCD=0 -faligned-new -fcf-protection=none -Wno-bool-operation -Wno-overloaded-virtual -Wno-shadow -Wno-sign-compare -Wno-uninitialized -Wno-unused-but-set-parameter -Wno-unused-but-set-variable -Wno-unused-parameter -Wno-unused-variable     -O3 -std=c++17 -I/work/riscv/include -I/work/chipyard/tools/DRAMSim2 -I/work/chipyard/sims/verilator/generated-src/chipyard.harness.TestHarness.Baseline4CoreConfig/gen-collateral   -DVERILATOR -DVL_TIME_CONTEXT   -fcoroutines -include VTestDriver__pch.h.fast -c -o VTestDriver___024root__DepSet_h662e1026__28.o VTestDriver___024root__DepSet_h662e1026__28.cpp
g++ -Os  -I.  -MMD -I/usr/share/verilator/include -I/usr/share/verilator/include/vltstd -DVM_COVERAGE=0 -DVM_SC=0 -DVM_TRACE=0 -DVM_TRACE_FST=0 -DVM_TRACE_VCD=0 -faligned-new -fcf-protection=none -Wno-bool-operation -Wno-overloaded-virtual -Wno-shadow -Wno-sign-compare -Wno-uninitialized -Wno-unused-but-set-parameter -Wno-unused-but-set-variable -Wno-unused-parameter -Wno-unused-variable     -O3 -std=c++17 -I/work/riscv/include -I/work/chipyard/tools/DRAMSim2 -I/work/chipyard/sims/verilator/generated-src/chipyard.harness.TestHarness.Baseline4CoreConfig/gen-collateral   -DVERILATOR -DVL_TIME_CONTEXT   -fcoroutines -include VTestDriver__pch.h.fast -c -o VTestDriver___024root__DepSet_h662e1026__29.o VTestDriver___024root__DepSet_h662e1026__29.cpp
g++ -Os  -I.  -MMD -I/usr/share/verilator/include -I/usr/share/verilator/include/vltstd -DVM_COVERAGE=0 -DVM_SC=0 -DVM_TRACE=0 -DVM_TRACE_FST=0 -DVM_TRACE_VCD=0 -faligned-new -fcf-protection=none -Wno-bool-operation -Wno-overloaded-virtual -Wno-shadow -Wno-sign-compare -Wno-uninitialized -Wno-unused-but-set-parameter -Wno-unused-but-set-variable -Wno-unused-parameter -Wno-unused-variable     -O3 -std=c++17 -I/work/riscv/include -I/work/chipyard/tools/DRAMSim2 -I/work/chipyard/sims/verilator/generated-src/chipyard.harness.TestHarness.Baseline4CoreConfig/gen-collateral   -DVERILATOR -DVL_TIME_CONTEXT   -fcoroutines -include VTestDriver__pch.h.fast -c -o VTestDriver___024root__DepSet_h662e1026__30.o VTestDriver___024root__DepSet_h662e1026__30.cpp
g++ -Os  -I.  -MMD -I/usr/share/verilator/include -I/usr/share/verilator/include/vltstd -DVM_COVERAGE=0 -DVM_SC=0 -DVM_TRACE=0 -DVM_TRACE_FST=0 -DVM_TRACE_VCD=0 -faligned-new -fcf-protection=none -Wno-bool-operation -Wno-overloaded-virtual -Wno-shadow -Wno-sign-compare -Wno-uninitialized -Wno-unused-but-set-parameter -Wno-unused-but-set-variable -Wno-unused-parameter -Wno-unused-variable     -O3 -std=c++17 -I/work/riscv/include -I/work/chipyard/tools/DRAMSim2 -I/work/chipyard/sims/verilator/generated-src/chipyard.harness.TestHarness.Baseline4CoreConfig/gen-collateral   -DVERILATOR -DVL_TIME_CONTEXT   -fcoroutines -include VTestDriver__pch.h.fast -c -o VTestDriver___024root__DepSet_h662e1026__31.o VTestDriver___024root__DepSet_h662e1026__31.cpp
g++ -Os  -I.  -MMD -I/usr/share/verilator/include -I/usr/share/verilator/include/vltstd -DVM_COVERAGE=0 -DVM_SC=0 -DVM_TRACE=0 -DVM_TRACE_FST=0 -DVM_TRACE_VCD=0 -faligned-new -fcf-protection=none -Wno-bool-operation -Wno-overloaded-virtual -Wno-shadow -Wno-sign-compare -Wno-uninitialized -Wno-unused-but-set-parameter -Wno-unused-but-set-variable -Wno-unused-parameter -Wno-unused-variable     -O3 -std=c++17 -I/work/riscv/include -I/work/chipyard/tools/DRAMSim2 -I/work/chipyard/sims/verilator/generated-src/chipyard.harness.TestHarness.Baseline4CoreConfig/gen-collateral   -DVERILATOR -DVL_TIME_CONTEXT   -fcoroutines -include VTestDriver__pch.h.fast -c -o VTestDriver___024root__DepSet_h662e1026__32.o VTestDriver___024root__DepSet_h662e1026__32.cpp
g++ -Os  -I.  -MMD -I/usr/share/verilator/include -I/usr/share/verilator/include/vltstd -DVM_COVERAGE=0 -DVM_SC=0 -DVM_TRACE=0 -DVM_TRACE_FST=0 -DVM_TRACE_VCD=0 -faligned-new -fcf-protection=none -Wno-bool-operation -Wno-overloaded-virtual -Wno-shadow -Wno-sign-compare -Wno-uninitialized -Wno-unused-but-set-parameter -Wno-unused-but-set-variable -Wno-unused-parameter -Wno-unused-variable     -O3 -std=c++17 -I/work/riscv/include -I/work/chipyard/tools/DRAMSim2 -I/work/chipyard/sims/verilator/generated-src/chipyard.harness.TestHarness.Baseline4CoreConfig/gen-collateral   -DVERILATOR -DVL_TIME_CONTEXT   -fcoroutines -include VTestDriver__pch.h.fast -c -o VTestDriver___024root__DepSet_h662e1026__33.o VTestDriver___024root__DepSet_h662e1026__33.cpp
g++ -Os  -I.  -MMD -I/usr/share/verilator/include -I/usr/share/verilator/include/vltstd -DVM_COVERAGE=0 -DVM_SC=0 -DVM_TRACE=0 -DVM_TRACE_FST=0 -DVM_TRACE_VCD=0 -faligned-new -fcf-protection=none -Wno-bool-operation -Wno-overloaded-virtual -Wno-shadow -Wno-sign-compare -Wno-uninitialized -Wno-unused-but-set-parameter -Wno-unused-but-set-variable -Wno-unused-parameter -Wno-unused-variable     -O3 -std=c++17 -I/work/riscv/include -I/work/chipyard/tools/DRAMSim2 -I/work/chipyard/sims/verilator/generated-src/chipyard.harness.TestHarness.Baseline4CoreConfig/gen-collateral   -DVERILATOR -DVL_TIME_CONTEXT   -fcoroutines -include VTestDriver__pch.h.fast -c -o VTestDriver___024root__DepSet_h662e1026__34.o VTestDriver___024root__DepSet_h662e1026__34.cpp
g++ -Os  -I.  -MMD -I/usr/share/verilator/include -I/usr/share/verilator/include/vltstd -DVM_COVERAGE=0 -DVM_SC=0 -DVM_TRACE=0 -DVM_TRACE_FST=0 -DVM_TRACE_VCD=0 -faligned-new -fcf-protection=none -Wno-bool-operation -Wno-overloaded-virtual -Wno-shadow -Wno-sign-compare -Wno-uninitialized -Wno-unused-but-set-parameter -Wno-unused-but-set-variable -Wno-unused-parameter -Wno-unused-variable     -O3 -std=c++17 -I/work/riscv/include -I/work/chipyard/tools/DRAMSim2 -I/work/chipyard/sims/verilator/generated-src/chipyard.harness.TestHarness.Baseline4CoreConfig/gen-collateral   -DVERILATOR -DVL_TIME_CONTEXT   -fcoroutines -include VTestDriver__pch.h.fast -c -o VTestDriver___024root__DepSet_h662e1026__35.o VTestDriver___024root__DepSet_h662e1026__35.cpp
g++ -Os  -I.  -MMD -I/usr/share/verilator/include -I/usr/share/verilator/include/vltstd -DVM_COVERAGE=0 -DVM_SC=0 -DVM_TRACE=0 -DVM_TRACE_FST=0 -DVM_TRACE_VCD=0 -faligned-new -fcf-protection=none -Wno-bool-operation -Wno-overloaded-virtual -Wno-shadow -Wno-sign-compare -Wno-uninitialized -Wno-unused-but-set-parameter -Wno-unused-but-set-variable -Wno-unused-parameter -Wno-unused-variable     -O3 -std=c++17 -I/work/riscv/include -I/work/chipyard/tools/DRAMSim2 -I/work/chipyard/sims/verilator/generated-src/chipyard.harness.TestHarness.Baseline4CoreConfig/gen-collateral   -DVERILATOR -DVL_TIME_CONTEXT   -fcoroutines -include VTestDriver__pch.h.fast -c -o VTestDriver___024root__DepSet_h662e1026__36.o VTestDriver___024root__DepSet_h662e1026__36.cpp
g++ -Os  -I.  -MMD -I/usr/share/verilator/include -I/usr/share/verilator/include/vltstd -DVM_COVERAGE=0 -DVM_SC=0 -DVM_TRACE=0 -DVM_TRACE_FST=0 -DVM_TRACE_VCD=0 -faligned-new -fcf-protection=none -Wno-bool-operation -Wno-overloaded-virtual -Wno-shadow -Wno-sign-compare -Wno-uninitialized -Wno-unused-but-set-parameter -Wno-unused-but-set-variable -Wno-unused-parameter -Wno-unused-variable     -O3 -std=c++17 -I/work/riscv/include -I/work/chipyard/tools/DRAMSim2 -I/work/chipyard/sims/verilator/generated-src/chipyard.harness.TestHarness.Baseline4CoreConfig/gen-collateral   -DVERILATOR -DVL_TIME_CONTEXT   -fcoroutines -include VTestDriver__pch.h.fast -c -o VTestDriver___024root__DepSet_h662e1026__37.o VTestDriver___024root__DepSet_h662e1026__37.cpp
g++ -Os  -I.  -MMD -I/usr/share/verilator/include -I/usr/share/verilator/include/vltstd -DVM_COVERAGE=0 -DVM_SC=0 -DVM_TRACE=0 -DVM_TRACE_FST=0 -DVM_TRACE_VCD=0 -faligned-new -fcf-protection=none -Wno-bool-operation -Wno-overloaded-virtual -Wno-shadow -Wno-sign-compare -Wno-uninitialized -Wno-unused-but-set-parameter -Wno-unused-but-set-variable -Wno-unused-parameter -Wno-unused-variable     -O3 -std=c++17 -I/work/riscv/include -I/work/chipyard/tools/DRAMSim2 -I/work/chipyard/sims/verilator/generated-src/chipyard.harness.TestHarness.Baseline4CoreConfig/gen-collateral   -DVERILATOR -DVL_TIME_CONTEXT   -fcoroutines -include VTestDriver__pch.h.fast -c -o VTestDriver___024root__DepSet_h662e1026__38.o VTestDriver___024root__DepSet_h662e1026__38.cpp
g++ -Os  -I.  -MMD -I/usr/share/verilator/include -I/usr/share/verilator/include/vltstd -DVM_COVERAGE=0 -DVM_SC=0 -DVM_TRACE=0 -DVM_TRACE_FST=0 -DVM_TRACE_VCD=0 -faligned-new -fcf-protection=none -Wno-bool-operation -Wno-overloaded-virtual -Wno-shadow -Wno-sign-compare -Wno-uninitialized -Wno-unused-but-set-parameter -Wno-unused-but-set-variable -Wno-unused-parameter -Wno-unused-variable     -O3 -std=c++17 -I/work/riscv/include -I/work/chipyard/tools/DRAMSim2 -I/work/chipyard/sims/verilator/generated-src/chipyard.harness.TestHarness.Baseline4CoreConfig/gen-collateral   -DVERILATOR -DVL_TIME_CONTEXT   -fcoroutines -include VTestDriver__pch.h.fast -c -o VTestDriver___024root__DepSet_h662e1026__39.o VTestDriver___024root__DepSet_h662e1026__39.cpp
g++ -Os  -I.  -MMD -I/usr/share/verilator/include -I/usr/share/verilator/include/vltstd -DVM_COVERAGE=0 -DVM_SC=0 -DVM_TRACE=0 -DVM_TRACE_FST=0 -DVM_TRACE_VCD=0 -faligned-new -fcf-protection=none -Wno-bool-operation -Wno-overloaded-virtual -Wno-shadow -Wno-sign-compare -Wno-uninitialized -Wno-unused-but-set-parameter -Wno-unused-but-set-variable -Wno-unused-parameter -Wno-unused-variable     -O3 -std=c++17 -I/work/riscv/include -I/work/chipyard/tools/DRAMSim2 -I/work/chipyard/sims/verilator/generated-src/chipyard.harness.TestHarness.Baseline4CoreConfig/gen-collateral   -DVERILATOR -DVL_TIME_CONTEXT   -fcoroutines -include VTestDriver__pch.h.fast -c -o VTestDriver___024root__DepSet_h662e1026__40.o VTestDriver___024root__DepSet_h662e1026__40.cpp
g++ -Os  -I.  -MMD -I/usr/share/verilator/include -I/usr/share/verilator/include/vltstd -DVM_COVERAGE=0 -DVM_SC=0 -DVM_TRACE=0 -DVM_TRACE_FST=0 -DVM_TRACE_VCD=0 -faligned-new -fcf-protection=none -Wno-bool-operation -Wno-overloaded-virtual -Wno-shadow -Wno-sign-compare -Wno-uninitialized -Wno-unused-but-set-parameter -Wno-unused-but-set-variable -Wno-unused-parameter -Wno-unused-variable     -O3 -std=c++17 -I/work/riscv/include -I/work/chipyard/tools/DRAMSim2 -I/work/chipyard/sims/verilator/generated-src/chipyard.harness.TestHarness.Baseline4CoreConfig/gen-collateral   -DVERILATOR -DVL_TIME_CONTEXT   -fcoroutines -include VTestDriver__pch.h.fast -c -o VTestDriver___024root__DepSet_h662e1026__41.o VTestDriver___024root__DepSet_h662e1026__41.cpp
g++ -Os  -I.  -MMD -I/usr/share/verilator/include -I/usr/share/verilator/include/vltstd -DVM_COVERAGE=0 -DVM_SC=0 -DVM_TRACE=0 -DVM_TRACE_FST=0 -DVM_TRACE_VCD=0 -faligned-new -fcf-protection=none -Wno-bool-operation -Wno-overloaded-virtual -Wno-shadow -Wno-sign-compare -Wno-uninitialized -Wno-unused-but-set-parameter -Wno-unused-but-set-variable -Wno-unused-parameter -Wno-unused-variable     -O3 -std=c++17 -I/work/riscv/include -I/work/chipyard/tools/DRAMSim2 -I/work/chipyard/sims/verilator/generated-src/chipyard.harness.TestHarness.Baseline4CoreConfig/gen-collateral   -DVERILATOR -DVL_TIME_CONTEXT   -fcoroutines -include VTestDriver__pch.h.fast -c -o VTestDriver___024root__DepSet_h662e1026__42.o VTestDriver___024root__DepSet_h662e1026__42.cpp
g++ -Os  -I.  -MMD -I/usr/share/verilator/include -I/usr/share/verilator/include/vltstd -DVM_COVERAGE=0 -DVM_SC=0 -DVM_TRACE=0 -DVM_TRACE_FST=0 -DVM_TRACE_VCD=0 -faligned-new -fcf-protection=none -Wno-bool-operation -Wno-overloaded-virtual -Wno-shadow -Wno-sign-compare -Wno-uninitialized -Wno-unused-but-set-parameter -Wno-unused-but-set-variable -Wno-unused-parameter -Wno-unused-variable     -O3 -std=c++17 -I/work/riscv/include -I/work/chipyard/tools/DRAMSim2 -I/work/chipyard/sims/verilator/generated-src/chipyard.harness.TestHarness.Baseline4CoreConfig/gen-collateral   -DVERILATOR -DVL_TIME_CONTEXT   -fcoroutines -include VTestDriver__pch.h.fast -c -o VTestDriver___024root__DepSet_h662e1026__43.o VTestDriver___024root__DepSet_h662e1026__43.cpp
g++ -Os  -I.  -MMD -I/usr/share/verilator/include -I/usr/share/verilator/include/vltstd -DVM_COVERAGE=0 -DVM_SC=0 -DVM_TRACE=0 -DVM_TRACE_FST=0 -DVM_TRACE_VCD=0 -faligned-new -fcf-protection=none -Wno-bool-operation -Wno-overloaded-virtual -Wno-shadow -Wno-sign-compare -Wno-uninitialized -Wno-unused-but-set-parameter -Wno-unused-but-set-variable -Wno-unused-parameter -Wno-unused-variable     -O3 -std=c++17 -I/work/riscv/include -I/work/chipyard/tools/DRAMSim2 -I/work/chipyard/sims/verilator/generated-src/chipyard.harness.TestHarness.Baseline4CoreConfig/gen-collateral   -DVERILATOR -DVL_TIME_CONTEXT   -fcoroutines -include VTestDriver__pch.h.fast -c -o VTestDriver___024root__DepSet_h662e1026__44.o VTestDriver___024root__DepSet_h662e1026__44.cpp
g++ -Os  -I.  -MMD -I/usr/share/verilator/include -I/usr/share/verilator/include/vltstd -DVM_COVERAGE=0 -DVM_SC=0 -DVM_TRACE=0 -DVM_TRACE_FST=0 -DVM_TRACE_VCD=0 -faligned-new -fcf-protection=none -Wno-bool-operation -Wno-overloaded-virtual -Wno-shadow -Wno-sign-compare -Wno-uninitialized -Wno-unused-but-set-parameter -Wno-unused-but-set-variable -Wno-unused-parameter -Wno-unused-variable     -O3 -std=c++17 -I/work/riscv/include -I/work/chipyard/tools/DRAMSim2 -I/work/chipyard/sims/verilator/generated-src/chipyard.harness.TestHarness.Baseline4CoreConfig/gen-collateral   -DVERILATOR -DVL_TIME_CONTEXT   -fcoroutines -include VTestDriver__pch.h.fast -c -o VTestDriver___024root__DepSet_h662e1026__45.o VTestDriver___024root__DepSet_h662e1026__45.cpp
g++ -Os  -I.  -MMD -I/usr/share/verilator/include -I/usr/share/verilator/include/vltstd -DVM_COVERAGE=0 -DVM_SC=0 -DVM_TRACE=0 -DVM_TRACE_FST=0 -DVM_TRACE_VCD=0 -faligned-new -fcf-protection=none -Wno-bool-operation -Wno-overloaded-virtual -Wno-shadow -Wno-sign-compare -Wno-uninitialized -Wno-unused-but-set-parameter -Wno-unused-but-set-variable -Wno-unused-parameter -Wno-unused-variable     -O3 -std=c++17 -I/work/riscv/include -I/work/chipyard/tools/DRAMSim2 -I/work/chipyard/sims/verilator/generated-src/chipyard.harness.TestHarness.Baseline4CoreConfig/gen-collateral   -DVERILATOR -DVL_TIME_CONTEXT   -fcoroutines -include VTestDriver__pch.h.fast -c -o VTestDriver___024root__DepSet_h662e1026__46.o VTestDriver___024root__DepSet_h662e1026__46.cpp
g++ -Os  -I.  -MMD -I/usr/share/verilator/include -I/usr/share/verilator/include/vltstd -DVM_COVERAGE=0 -DVM_SC=0 -DVM_TRACE=0 -DVM_TRACE_FST=0 -DVM_TRACE_VCD=0 -faligned-new -fcf-protection=none -Wno-bool-operation -Wno-overloaded-virtual -Wno-shadow -Wno-sign-compare -Wno-uninitialized -Wno-unused-but-set-parameter -Wno-unused-but-set-variable -Wno-unused-parameter -Wno-unused-variable     -O3 -std=c++17 -I/work/riscv/include -I/work/chipyard/tools/DRAMSim2 -I/work/chipyard/sims/verilator/generated-src/chipyard.harness.TestHarness.Baseline4CoreConfig/gen-collateral   -DVERILATOR -DVL_TIME_CONTEXT   -fcoroutines -include VTestDriver__pch.h.fast -c -o VTestDriver___024root__DepSet_h662e1026__47.o VTestDriver___024root__DepSet_h662e1026__47.cpp
g++ -Os  -I.  -MMD -I/usr/share/verilator/include -I/usr/share/verilator/include/vltstd -DVM_COVERAGE=0 -DVM_SC=0 -DVM_TRACE=0 -DVM_TRACE_FST=0 -DVM_TRACE_VCD=0 -faligned-new -fcf-protection=none -Wno-bool-operation -Wno-overloaded-virtual -Wno-shadow -Wno-sign-compare -Wno-uninitialized -Wno-unused-but-set-parameter -Wno-unused-but-set-variable -Wno-unused-parameter -Wno-unused-variable     -O3 -std=c++17 -I/work/riscv/include -I/work/chipyard/tools/DRAMSim2 -I/work/chipyard/sims/verilator/generated-src/chipyard.harness.TestHarness.Baseline4CoreConfig/gen-collateral   -DVERILATOR -DVL_TIME_CONTEXT   -fcoroutines -include VTestDriver__pch.h.fast -c -o VTestDriver___024root__DepSet_h662e1026__48.o VTestDriver___024root__DepSet_h662e1026__48.cpp
g++ -Os  -I.  -MMD -I/usr/share/verilator/include -I/usr/share/verilator/include/vltstd -DVM_COVERAGE=0 -DVM_SC=0 -DVM_TRACE=0 -DVM_TRACE_FST=0 -DVM_TRACE_VCD=0 -faligned-new -fcf-protection=none -Wno-bool-operation -Wno-overloaded-virtual -Wno-shadow -Wno-sign-compare -Wno-uninitialized -Wno-unused-but-set-parameter -Wno-unused-but-set-variable -Wno-unused-parameter -Wno-unused-variable     -O3 -std=c++17 -I/work/riscv/include -I/work/chipyard/tools/DRAMSim2 -I/work/chipyard/sims/verilator/generated-src/chipyard.harness.TestHarness.Baseline4CoreConfig/gen-collateral   -DVERILATOR -DVL_TIME_CONTEXT   -fcoroutines -include VTestDriver__pch.h.fast -c -o VTestDriver___024root__DepSet_h662e1026__49.o VTestDriver___024root__DepSet_h662e1026__49.cpp
g++ -Os  -I.  -MMD -I/usr/share/verilator/include -I/usr/share/verilator/include/vltstd -DVM_COVERAGE=0 -DVM_SC=0 -DVM_TRACE=0 -DVM_TRACE_FST=0 -DVM_TRACE_VCD=0 -faligned-new -fcf-protection=none -Wno-bool-operation -Wno-overloaded-virtual -Wno-shadow -Wno-sign-compare -Wno-uninitialized -Wno-unused-but-set-parameter -Wno-unused-but-set-variable -Wno-unused-parameter -Wno-unused-variable     -O3 -std=c++17 -I/work/riscv/include -I/work/chipyard/tools/DRAMSim2 -I/work/chipyard/sims/verilator/generated-src/chipyard.harness.TestHarness.Baseline4CoreConfig/gen-collateral   -DVERILATOR -DVL_TIME_CONTEXT   -fcoroutines -include VTestDriver__pch.h.fast -c -o VTestDriver___024root__DepSet_h662e1026__50.o VTestDriver___024root__DepSet_h662e1026__50.cpp
g++ -Os  -I.  -MMD -I/usr/share/verilator/include -I/usr/share/verilator/include/vltstd -DVM_COVERAGE=0 -DVM_SC=0 -DVM_TRACE=0 -DVM_TRACE_FST=0 -DVM_TRACE_VCD=0 -faligned-new -fcf-protection=none -Wno-bool-operation -Wno-overloaded-virtual -Wno-shadow -Wno-sign-compare -Wno-uninitialized -Wno-unused-but-set-parameter -Wno-unused-but-set-variable -Wno-unused-parameter -Wno-unused-variable     -O3 -std=c++17 -I/work/riscv/include -I/work/chipyard/tools/DRAMSim2 -I/work/chipyard/sims/verilator/generated-src/chipyard.harness.TestHarness.Baseline4CoreConfig/gen-collateral   -DVERILATOR -DVL_TIME_CONTEXT   -fcoroutines -include VTestDriver__pch.h.fast -c -o VTestDriver___024root__DepSet_h662e1026__51.o VTestDriver___024root__DepSet_h662e1026__51.cpp
g++ -Os  -I.  -MMD -I/usr/share/verilator/include -I/usr/share/verilator/include/vltstd -DVM_COVERAGE=0 -DVM_SC=0 -DVM_TRACE=0 -DVM_TRACE_FST=0 -DVM_TRACE_VCD=0 -faligned-new -fcf-protection=none -Wno-bool-operation -Wno-overloaded-virtual -Wno-shadow -Wno-sign-compare -Wno-uninitialized -Wno-unused-but-set-parameter -Wno-unused-but-set-variable -Wno-unused-parameter -Wno-unused-variable     -O3 -std=c++17 -I/work/riscv/include -I/work/chipyard/tools/DRAMSim2 -I/work/chipyard/sims/verilator/generated-src/chipyard.harness.TestHarness.Baseline4CoreConfig/gen-collateral   -DVERILATOR -DVL_TIME_CONTEXT   -fcoroutines -include VTestDriver__pch.h.fast -c -o VTestDriver___024root__DepSet_h662e1026__52.o VTestDriver___024root__DepSet_h662e1026__52.cpp
g++ -Os  -I.  -MMD -I/usr/share/verilator/include -I/usr/share/verilator/include/vltstd -DVM_COVERAGE=0 -DVM_SC=0 -DVM_TRACE=0 -DVM_TRACE_FST=0 -DVM_TRACE_VCD=0 -faligned-new -fcf-protection=none -Wno-bool-operation -Wno-overloaded-virtual -Wno-shadow -Wno-sign-compare -Wno-uninitialized -Wno-unused-but-set-parameter -Wno-unused-but-set-variable -Wno-unused-parameter -Wno-unused-variable     -O3 -std=c++17 -I/work/riscv/include -I/work/chipyard/tools/DRAMSim2 -I/work/chipyard/sims/verilator/generated-src/chipyard.harness.TestHarness.Baseline4CoreConfig/gen-collateral   -DVERILATOR -DVL_TIME_CONTEXT   -fcoroutines -include VTestDriver__pch.h.fast -c -o VTestDriver___024root__DepSet_h662e1026__53.o VTestDriver___024root__DepSet_h662e1026__53.cpp
g++ -Os  -I.  -MMD -I/usr/share/verilator/include -I/usr/share/verilator/include/vltstd -DVM_COVERAGE=0 -DVM_SC=0 -DVM_TRACE=0 -DVM_TRACE_FST=0 -DVM_TRACE_VCD=0 -faligned-new -fcf-protection=none -Wno-bool-operation -Wno-overloaded-virtual -Wno-shadow -Wno-sign-compare -Wno-uninitialized -Wno-unused-but-set-parameter -Wno-unused-but-set-variable -Wno-unused-parameter -Wno-unused-variable     -O3 -std=c++17 -I/work/riscv/include -I/work/chipyard/tools/DRAMSim2 -I/work/chipyard/sims/verilator/generated-src/chipyard.harness.TestHarness.Baseline4CoreConfig/gen-collateral   -DVERILATOR -DVL_TIME_CONTEXT   -fcoroutines -include VTestDriver__pch.h.fast -c -o VTestDriver___024root__DepSet_h662e1026__54.o VTestDriver___024root__DepSet_h662e1026__54.cpp
g++ -Os  -I.  -MMD -I/usr/share/verilator/include -I/usr/share/verilator/include/vltstd -DVM_COVERAGE=0 -DVM_SC=0 -DVM_TRACE=0 -DVM_TRACE_FST=0 -DVM_TRACE_VCD=0 -faligned-new -fcf-protection=none -Wno-bool-operation -Wno-overloaded-virtual -Wno-shadow -Wno-sign-compare -Wno-uninitialized -Wno-unused-but-set-parameter -Wno-unused-but-set-variable -Wno-unused-parameter -Wno-unused-variable     -O3 -std=c++17 -I/work/riscv/include -I/work/chipyard/tools/DRAMSim2 -I/work/chipyard/sims/verilator/generated-src/chipyard.harness.TestHarness.Baseline4CoreConfig/gen-collateral   -DVERILATOR -DVL_TIME_CONTEXT   -fcoroutines -include VTestDriver__pch.h.fast -c -o VTestDriver___024root__DepSet_h662e1026__55.o VTestDriver___024root__DepSet_h662e1026__55.cpp
g++ -Os  -I.  -MMD -I/usr/share/verilator/include -I/usr/share/verilator/include/vltstd -DVM_COVERAGE=0 -DVM_SC=0 -DVM_TRACE=0 -DVM_TRACE_FST=0 -DVM_TRACE_VCD=0 -faligned-new -fcf-protection=none -Wno-bool-operation -Wno-overloaded-virtual -Wno-shadow -Wno-sign-compare -Wno-uninitialized -Wno-unused-but-set-parameter -Wno-unused-but-set-variable -Wno-unused-parameter -Wno-unused-variable     -O3 -std=c++17 -I/work/riscv/include -I/work/chipyard/tools/DRAMSim2 -I/work/chipyard/sims/verilator/generated-src/chipyard.harness.TestHarness.Baseline4CoreConfig/gen-collateral   -DVERILATOR -DVL_TIME_CONTEXT   -fcoroutines -include VTestDriver__pch.h.fast -c -o VTestDriver___024root__DepSet_h662e1026__56.o VTestDriver___024root__DepSet_h662e1026__56.cpp
g++ -Os  -I.  -MMD -I/usr/share/verilator/include -I/usr/share/verilator/include/vltstd -DVM_COVERAGE=0 -DVM_SC=0 -DVM_TRACE=0 -DVM_TRACE_FST=0 -DVM_TRACE_VCD=0 -faligned-new -fcf-protection=none -Wno-bool-operation -Wno-overloaded-virtual -Wno-shadow -Wno-sign-compare -Wno-uninitialized -Wno-unused-but-set-parameter -Wno-unused-but-set-variable -Wno-unused-parameter -Wno-unused-variable     -O3 -std=c++17 -I/work/riscv/include -I/work/chipyard/tools/DRAMSim2 -I/work/chipyard/sims/verilator/generated-src/chipyard.harness.TestHarness.Baseline4CoreConfig/gen-collateral   -DVERILATOR -DVL_TIME_CONTEXT   -fcoroutines -include VTestDriver__pch.h.fast -c -o VTestDriver___024root__DepSet_h662e1026__57.o VTestDriver___024root__DepSet_h662e1026__57.cpp
g++ -Os  -I.  -MMD -I/usr/share/verilator/include -I/usr/share/verilator/include/vltstd -DVM_COVERAGE=0 -DVM_SC=0 -DVM_TRACE=0 -DVM_TRACE_FST=0 -DVM_TRACE_VCD=0 -faligned-new -fcf-protection=none -Wno-bool-operation -Wno-overloaded-virtual -Wno-shadow -Wno-sign-compare -Wno-uninitialized -Wno-unused-but-set-parameter -Wno-unused-but-set-variable -Wno-unused-parameter -Wno-unused-variable     -O3 -std=c++17 -I/work/riscv/include -I/work/chipyard/tools/DRAMSim2 -I/work/chipyard/sims/verilator/generated-src/chipyard.harness.TestHarness.Baseline4CoreConfig/gen-collateral   -DVERILATOR -DVL_TIME_CONTEXT   -fcoroutines -include VTestDriver__pch.h.fast -c -o VTestDriver___024root__DepSet_h662e1026__58.o VTestDriver___024root__DepSet_h662e1026__58.cpp
g++ -Os  -I.  -MMD -I/usr/share/verilator/include -I/usr/share/verilator/include/vltstd -DVM_COVERAGE=0 -DVM_SC=0 -DVM_TRACE=0 -DVM_TRACE_FST=0 -DVM_TRACE_VCD=0 -faligned-new -fcf-protection=none -Wno-bool-operation -Wno-overloaded-virtual -Wno-shadow -Wno-sign-compare -Wno-uninitialized -Wno-unused-but-set-parameter -Wno-unused-but-set-variable -Wno-unused-parameter -Wno-unused-variable     -O3 -std=c++17 -I/work/riscv/include -I/work/chipyard/tools/DRAMSim2 -I/work/chipyard/sims/verilator/generated-src/chipyard.harness.TestHarness.Baseline4CoreConfig/gen-collateral   -DVERILATOR -DVL_TIME_CONTEXT   -fcoroutines -include VTestDriver__pch.h.fast -c -o VTestDriver___024root__DepSet_h662e1026__59.o VTestDriver___024root__DepSet_h662e1026__59.cpp
g++ -Os  -I.  -MMD -I/usr/share/verilator/include -I/usr/share/verilator/include/vltstd -DVM_COVERAGE=0 -DVM_SC=0 -DVM_TRACE=0 -DVM_TRACE_FST=0 -DVM_TRACE_VCD=0 -faligned-new -fcf-protection=none -Wno-bool-operation -Wno-overloaded-virtual -Wno-shadow -Wno-sign-compare -Wno-uninitialized -Wno-unused-but-set-parameter -Wno-unused-but-set-variable -Wno-unused-parameter -Wno-unused-variable     -O3 -std=c++17 -I/work/riscv/include -I/work/chipyard/tools/DRAMSim2 -I/work/chipyard/sims/verilator/generated-src/chipyard.harness.TestHarness.Baseline4CoreConfig/gen-collateral   -DVERILATOR -DVL_TIME_CONTEXT   -fcoroutines -include VTestDriver__pch.h.fast -c -o VTestDriver___024root__DepSet_h662e1026__60.o VTestDriver___024root__DepSet_h662e1026__60.cpp
g++ -Os  -I.  -MMD -I/usr/share/verilator/include -I/usr/share/verilator/include/vltstd -DVM_COVERAGE=0 -DVM_SC=0 -DVM_TRACE=0 -DVM_TRACE_FST=0 -DVM_TRACE_VCD=0 -faligned-new -fcf-protection=none -Wno-bool-operation -Wno-overloaded-virtual -Wno-shadow -Wno-sign-compare -Wno-uninitialized -Wno-unused-but-set-parameter -Wno-unused-but-set-variable -Wno-unused-parameter -Wno-unused-variable     -O3 -std=c++17 -I/work/riscv/include -I/work/chipyard/tools/DRAMSim2 -I/work/chipyard/sims/verilator/generated-src/chipyard.harness.TestHarness.Baseline4CoreConfig/gen-collateral   -DVERILATOR -DVL_TIME_CONTEXT   -fcoroutines -include VTestDriver__pch.h.fast -c -o VTestDriver___024root__DepSet_h662e1026__61.o VTestDriver___024root__DepSet_h662e1026__61.cpp
g++ -Os  -I.  -MMD -I/usr/share/verilator/include -I/usr/share/verilator/include/vltstd -DVM_COVERAGE=0 -DVM_SC=0 -DVM_TRACE=0 -DVM_TRACE_FST=0 -DVM_TRACE_VCD=0 -faligned-new -fcf-protection=none -Wno-bool-operation -Wno-overloaded-virtual -Wno-shadow -Wno-sign-compare -Wno-uninitialized -Wno-unused-but-set-parameter -Wno-unused-but-set-variable -Wno-unused-parameter -Wno-unused-variable     -O3 -std=c++17 -I/work/riscv/include -I/work/chipyard/tools/DRAMSim2 -I/work/chipyard/sims/verilator/generated-src/chipyard.harness.TestHarness.Baseline4CoreConfig/gen-collateral   -DVERILATOR -DVL_TIME_CONTEXT   -fcoroutines -include VTestDriver__pch.h.fast -c -o VTestDriver___024root__DepSet_h662e1026__62.o VTestDriver___024root__DepSet_h662e1026__62.cpp
g++ -Os  -I.  -MMD -I/usr/share/verilator/include -I/usr/share/verilator/include/vltstd -DVM_COVERAGE=0 -DVM_SC=0 -DVM_TRACE=0 -DVM_TRACE_FST=0 -DVM_TRACE_VCD=0 -faligned-new -fcf-protection=none -Wno-bool-operation -Wno-overloaded-virtual -Wno-shadow -Wno-sign-compare -Wno-uninitialized -Wno-unused-but-set-parameter -Wno-unused-but-set-variable -Wno-unused-parameter -Wno-unused-variable     -O3 -std=c++17 -I/work/riscv/include -I/work/chipyard/tools/DRAMSim2 -I/work/chipyard/sims/verilator/generated-src/chipyard.harness.TestHarness.Baseline4CoreConfig/gen-collateral   -DVERILATOR -DVL_TIME_CONTEXT   -fcoroutines -include VTestDriver__pch.h.fast -c -o VTestDriver___024root__DepSet_h662e1026__63.o VTestDriver___024root__DepSet_h662e1026__63.cpp
g++ -Os  -I.  -MMD -I/usr/share/verilator/include -I/usr/share/verilator/include/vltstd -DVM_COVERAGE=0 -DVM_SC=0 -DVM_TRACE=0 -DVM_TRACE_FST=0 -DVM_TRACE_VCD=0 -faligned-new -fcf-protection=none -Wno-bool-operation -Wno-overloaded-virtual -Wno-shadow -Wno-sign-compare -Wno-uninitialized -Wno-unused-but-set-parameter -Wno-unused-but-set-variable -Wno-unused-parameter -Wno-unused-variable     -O3 -std=c++17 -I/work/riscv/include -I/work/chipyard/tools/DRAMSim2 -I/work/chipyard/sims/verilator/generated-src/chipyard.harness.TestHarness.Baseline4CoreConfig/gen-collateral   -DVERILATOR -DVL_TIME_CONTEXT   -fcoroutines -include VTestDriver__pch.h.fast -c -o VTestDriver___024root__DepSet_h662e1026__64.o VTestDriver___024root__DepSet_h662e1026__64.cpp
g++ -Os  -I.  -MMD -I/usr/share/verilator/include -I/usr/share/verilator/include/vltstd -DVM_COVERAGE=0 -DVM_SC=0 -DVM_TRACE=0 -DVM_TRACE_FST=0 -DVM_TRACE_VCD=0 -faligned-new -fcf-protection=none -Wno-bool-operation -Wno-overloaded-virtual -Wno-shadow -Wno-sign-compare -Wno-uninitialized -Wno-unused-but-set-parameter -Wno-unused-but-set-variable -Wno-unused-parameter -Wno-unused-variable     -O3 -std=c++17 -I/work/riscv/include -I/work/chipyard/tools/DRAMSim2 -I/work/chipyard/sims/verilator/generated-src/chipyard.harness.TestHarness.Baseline4CoreConfig/gen-collateral   -DVERILATOR -DVL_TIME_CONTEXT   -fcoroutines -include VTestDriver__pch.h.fast -c -o VTestDriver___024root__DepSet_h662e1026__65.o VTestDriver___024root__DepSet_h662e1026__65.cpp
g++ -Os  -I.  -MMD -I/usr/share/verilator/include -I/usr/share/verilator/include/vltstd -DVM_COVERAGE=0 -DVM_SC=0 -DVM_TRACE=0 -DVM_TRACE_FST=0 -DVM_TRACE_VCD=0 -faligned-new -fcf-protection=none -Wno-bool-operation -Wno-overloaded-virtual -Wno-shadow -Wno-sign-compare -Wno-uninitialized -Wno-unused-but-set-parameter -Wno-unused-but-set-variable -Wno-unused-parameter -Wno-unused-variable     -O3 -std=c++17 -I/work/riscv/include -I/work/chipyard/tools/DRAMSim2 -I/work/chipyard/sims/verilator/generated-src/chipyard.harness.TestHarness.Baseline4CoreConfig/gen-collateral   -DVERILATOR -DVL_TIME_CONTEXT   -fcoroutines -include VTestDriver__pch.h.fast -c -o VTestDriver___024root__DepSet_h662e1026__66.o VTestDriver___024root__DepSet_h662e1026__66.cpp
g++ -Os  -I.  -MMD -I/usr/share/verilator/include -I/usr/share/verilator/include/vltstd -DVM_COVERAGE=0 -DVM_SC=0 -DVM_TRACE=0 -DVM_TRACE_FST=0 -DVM_TRACE_VCD=0 -faligned-new -fcf-protection=none -Wno-bool-operation -Wno-overloaded-virtual -Wno-shadow -Wno-sign-compare -Wno-uninitialized -Wno-unused-but-set-parameter -Wno-unused-but-set-variable -Wno-unused-parameter -Wno-unused-variable     -O3 -std=c++17 -I/work/riscv/include -I/work/chipyard/tools/DRAMSim2 -I/work/chipyard/sims/verilator/generated-src/chipyard.harness.TestHarness.Baseline4CoreConfig/gen-collateral   -DVERILATOR -DVL_TIME_CONTEXT   -fcoroutines -include VTestDriver__pch.h.fast -c -o VTestDriver___024root__DepSet_h662e1026__67.o VTestDriver___024root__DepSet_h662e1026__67.cpp
g++ -Os  -I.  -MMD -I/usr/share/verilator/include -I/usr/share/verilator/include/vltstd -DVM_COVERAGE=0 -DVM_SC=0 -DVM_TRACE=0 -DVM_TRACE_FST=0 -DVM_TRACE_VCD=0 -faligned-new -fcf-protection=none -Wno-bool-operation -Wno-overloaded-virtual -Wno-shadow -Wno-sign-compare -Wno-uninitialized -Wno-unused-but-set-parameter -Wno-unused-but-set-variable -Wno-unused-parameter -Wno-unused-variable     -O3 -std=c++17 -I/work/riscv/include -I/work/chipyard/tools/DRAMSim2 -I/work/chipyard/sims/verilator/generated-src/chipyard.harness.TestHarness.Baseline4CoreConfig/gen-collateral   -DVERILATOR -DVL_TIME_CONTEXT   -fcoroutines -include VTestDriver__pch.h.fast -c -o VTestDriver___024root__DepSet_h662e1026__68.o VTestDriver___024root__DepSet_h662e1026__68.cpp
g++ -Os  -I.  -MMD -I/usr/share/verilator/include -I/usr/share/verilator/include/vltstd -DVM_COVERAGE=0 -DVM_SC=0 -DVM_TRACE=0 -DVM_TRACE_FST=0 -DVM_TRACE_VCD=0 -faligned-new -fcf-protection=none -Wno-bool-operation -Wno-overloaded-virtual -Wno-shadow -Wno-sign-compare -Wno-uninitialized -Wno-unused-but-set-parameter -Wno-unused-but-set-variable -Wno-unused-parameter -Wno-unused-variable     -O3 -std=c++17 -I/work/riscv/include -I/work/chipyard/tools/DRAMSim2 -I/work/chipyard/sims/verilator/generated-src/chipyard.harness.TestHarness.Baseline4CoreConfig/gen-collateral   -DVERILATOR -DVL_TIME_CONTEXT   -fcoroutines -include VTestDriver__pch.h.fast -c -o VTestDriver___024root__DepSet_h662e1026__69.o VTestDriver___024root__DepSet_h662e1026__69.cpp
g++ -Os  -I.  -MMD -I/usr/share/verilator/include -I/usr/share/verilator/include/vltstd -DVM_COVERAGE=0 -DVM_SC=0 -DVM_TRACE=0 -DVM_TRACE_FST=0 -DVM_TRACE_VCD=0 -faligned-new -fcf-protection=none -Wno-bool-operation -Wno-overloaded-virtual -Wno-shadow -Wno-sign-compare -Wno-uninitialized -Wno-unused-but-set-parameter -Wno-unused-but-set-variable -Wno-unused-parameter -Wno-unused-variable     -O3 -std=c++17 -I/work/riscv/include -I/work/chipyard/tools/DRAMSim2 -I/work/chipyard/sims/verilator/generated-src/chipyard.harness.TestHarness.Baseline4CoreConfig/gen-collateral   -DVERILATOR -DVL_TIME_CONTEXT   -fcoroutines -include VTestDriver__pch.h.fast -c -o VTestDriver___024root__DepSet_h662e1026__70.o VTestDriver___024root__DepSet_h662e1026__70.cpp
g++ -Os  -I.  -MMD -I/usr/share/verilator/include -I/usr/share/verilator/include/vltstd -DVM_COVERAGE=0 -DVM_SC=0 -DVM_TRACE=0 -DVM_TRACE_FST=0 -DVM_TRACE_VCD=0 -faligned-new -fcf-protection=none -Wno-bool-operation -Wno-overloaded-virtual -Wno-shadow -Wno-sign-compare -Wno-uninitialized -Wno-unused-but-set-parameter -Wno-unused-but-set-variable -Wno-unused-parameter -Wno-unused-variable     -O3 -std=c++17 -I/work/riscv/include -I/work/chipyard/tools/DRAMSim2 -I/work/chipyard/sims/verilator/generated-src/chipyard.harness.TestHarness.Baseline4CoreConfig/gen-collateral   -DVERILATOR -DVL_TIME_CONTEXT   -fcoroutines -include VTestDriver__pch.h.fast -c -o VTestDriver___024root__DepSet_h662e1026__71.o VTestDriver___024root__DepSet_h662e1026__71.cpp
g++ -Os  -I.  -MMD -I/usr/share/verilator/include -I/usr/share/verilator/include/vltstd -DVM_COVERAGE=0 -DVM_SC=0 -DVM_TRACE=0 -DVM_TRACE_FST=0 -DVM_TRACE_VCD=0 -faligned-new -fcf-protection=none -Wno-bool-operation -Wno-overloaded-virtual -Wno-shadow -Wno-sign-compare -Wno-uninitialized -Wno-unused-but-set-parameter -Wno-unused-but-set-variable -Wno-unused-parameter -Wno-unused-variable     -O3 -std=c++17 -I/work/riscv/include -I/work/chipyard/tools/DRAMSim2 -I/work/chipyard/sims/verilator/generated-src/chipyard.harness.TestHarness.Baseline4CoreConfig/gen-collateral   -DVERILATOR -DVL_TIME_CONTEXT   -fcoroutines -include VTestDriver__pch.h.fast -c -o VTestDriver___024root__DepSet_h662e1026__72.o VTestDriver___024root__DepSet_h662e1026__72.cpp
g++ -Os  -I.  -MMD -I/usr/share/verilator/include -I/usr/share/verilator/include/vltstd -DVM_COVERAGE=0 -DVM_SC=0 -DVM_TRACE=0 -DVM_TRACE_FST=0 -DVM_TRACE_VCD=0 -faligned-new -fcf-protection=none -Wno-bool-operation -Wno-overloaded-virtual -Wno-shadow -Wno-sign-compare -Wno-uninitialized -Wno-unused-but-set-parameter -Wno-unused-but-set-variable -Wno-unused-parameter -Wno-unused-variable     -O3 -std=c++17 -I/work/riscv/include -I/work/chipyard/tools/DRAMSim2 -I/work/chipyard/sims/verilator/generated-src/chipyard.harness.TestHarness.Baseline4CoreConfig/gen-collateral   -DVERILATOR -DVL_TIME_CONTEXT   -fcoroutines -include VTestDriver__pch.h.fast -c -o VTestDriver___024root__DepSet_h662e1026__73.o VTestDriver___024root__DepSet_h662e1026__73.cpp
g++ -Os  -I.  -MMD -I/usr/share/verilator/include -I/usr/share/verilator/include/vltstd -DVM_COVERAGE=0 -DVM_SC=0 -DVM_TRACE=0 -DVM_TRACE_FST=0 -DVM_TRACE_VCD=0 -faligned-new -fcf-protection=none -Wno-bool-operation -Wno-overloaded-virtual -Wno-shadow -Wno-sign-compare -Wno-uninitialized -Wno-unused-but-set-parameter -Wno-unused-but-set-variable -Wno-unused-parameter -Wno-unused-variable     -O3 -std=c++17 -I/work/riscv/include -I/work/chipyard/tools/DRAMSim2 -I/work/chipyard/sims/verilator/generated-src/chipyard.harness.TestHarness.Baseline4CoreConfig/gen-collateral   -DVERILATOR -DVL_TIME_CONTEXT   -fcoroutines -include VTestDriver__pch.h.fast -c -o VTestDriver___024root__DepSet_h662e1026__74.o VTestDriver___024root__DepSet_h662e1026__74.cpp
g++ -Os  -I.  -MMD -I/usr/share/verilator/include -I/usr/share/verilator/include/vltstd -DVM_COVERAGE=0 -DVM_SC=0 -DVM_TRACE=0 -DVM_TRACE_FST=0 -DVM_TRACE_VCD=0 -faligned-new -fcf-protection=none -Wno-bool-operation -Wno-overloaded-virtual -Wno-shadow -Wno-sign-compare -Wno-uninitialized -Wno-unused-but-set-parameter -Wno-unused-but-set-variable -Wno-unused-parameter -Wno-unused-variable     -O3 -std=c++17 -I/work/riscv/include -I/work/chipyard/tools/DRAMSim2 -I/work/chipyard/sims/verilator/generated-src/chipyard.harness.TestHarness.Baseline4CoreConfig/gen-collateral   -DVERILATOR -DVL_TIME_CONTEXT   -fcoroutines -include VTestDriver__pch.h.fast -c -o VTestDriver___024root__DepSet_hbb6e3b65__0.o VTestDriver___024root__DepSet_hbb6e3b65__0.cpp
g++ -Os  -I.  -MMD -I/usr/share/verilator/include -I/usr/share/verilator/include/vltstd -DVM_COVERAGE=0 -DVM_SC=0 -DVM_TRACE=0 -DVM_TRACE_FST=0 -DVM_TRACE_VCD=0 -faligned-new -fcf-protection=none -Wno-bool-operation -Wno-overloaded-virtual -Wno-shadow -Wno-sign-compare -Wno-uninitialized -Wno-unused-but-set-parameter -Wno-unused-but-set-variable -Wno-unused-parameter -Wno-unused-variable     -O3 -std=c++17 -I/work/riscv/include -I/work/chipyard/tools/DRAMSim2 -I/work/chipyard/sims/verilator/generated-src/chipyard.harness.TestHarness.Baseline4CoreConfig/gen-collateral   -DVERILATOR -DVL_TIME_CONTEXT   -fcoroutines -include VTestDriver__pch.h.fast -c -o VTestDriver___024root__DepSet_hbb6e3b65__1.o VTestDriver___024root__DepSet_hbb6e3b65__1.cpp
g++ -Os  -I.  -MMD -I/usr/share/verilator/include -I/usr/share/verilator/include/vltstd -DVM_COVERAGE=0 -DVM_SC=0 -DVM_TRACE=0 -DVM_TRACE_FST=0 -DVM_TRACE_VCD=0 -faligned-new -fcf-protection=none -Wno-bool-operation -Wno-overloaded-virtual -Wno-shadow -Wno-sign-compare -Wno-uninitialized -Wno-unused-but-set-parameter -Wno-unused-but-set-variable -Wno-unused-parameter -Wno-unused-variable     -O3 -std=c++17 -I/work/riscv/include -I/work/chipyard/tools/DRAMSim2 -I/work/chipyard/sims/verilator/generated-src/chipyard.harness.TestHarness.Baseline4CoreConfig/gen-collateral   -DVERILATOR -DVL_TIME_CONTEXT   -fcoroutines -include VTestDriver__pch.h.fast -c -o VTestDriver___024root__DepSet_hbb6e3b65__2.o VTestDriver___024root__DepSet_hbb6e3b65__2.cpp
g++ -Os  -I.  -MMD -I/usr/share/verilator/include -I/usr/share/verilator/include/vltstd -DVM_COVERAGE=0 -DVM_SC=0 -DVM_TRACE=0 -DVM_TRACE_FST=0 -DVM_TRACE_VCD=0 -faligned-new -fcf-protection=none -Wno-bool-operation -Wno-overloaded-virtual -Wno-shadow -Wno-sign-compare -Wno-uninitialized -Wno-unused-but-set-parameter -Wno-unused-but-set-variable -Wno-unused-parameter -Wno-unused-variable     -O3 -std=c++17 -I/work/riscv/include -I/work/chipyard/tools/DRAMSim2 -I/work/chipyard/sims/verilator/generated-src/chipyard.harness.TestHarness.Baseline4CoreConfig/gen-collateral   -DVERILATOR -DVL_TIME_CONTEXT   -fcoroutines -include VTestDriver__pch.h.fast -c -o VTestDriver___024root__DepSet_hbb6e3b65__3.o VTestDriver___024root__DepSet_hbb6e3b65__3.cpp
g++ -Os  -I.  -MMD -I/usr/share/verilator/include -I/usr/share/verilator/include/vltstd -DVM_COVERAGE=0 -DVM_SC=0 -DVM_TRACE=0 -DVM_TRACE_FST=0 -DVM_TRACE_VCD=0 -faligned-new -fcf-protection=none -Wno-bool-operation -Wno-overloaded-virtual -Wno-shadow -Wno-sign-compare -Wno-uninitialized -Wno-unused-but-set-parameter -Wno-unused-but-set-variable -Wno-unused-parameter -Wno-unused-variable     -O3 -std=c++17 -I/work/riscv/include -I/work/chipyard/tools/DRAMSim2 -I/work/chipyard/sims/verilator/generated-src/chipyard.harness.TestHarness.Baseline4CoreConfig/gen-collateral   -DVERILATOR -DVL_TIME_CONTEXT   -fcoroutines -include VTestDriver__pch.h.fast -c -o VTestDriver___024root__DepSet_hbb6e3b65__4.o VTestDriver___024root__DepSet_hbb6e3b65__4.cpp
g++ -Os  -I.  -MMD -I/usr/share/verilator/include -I/usr/share/verilator/include/vltstd -DVM_COVERAGE=0 -DVM_SC=0 -DVM_TRACE=0 -DVM_TRACE_FST=0 -DVM_TRACE_VCD=0 -faligned-new -fcf-protection=none -Wno-bool-operation -Wno-overloaded-virtual -Wno-shadow -Wno-sign-compare -Wno-uninitialized -Wno-unused-but-set-parameter -Wno-unused-but-set-variable -Wno-unused-parameter -Wno-unused-variable     -O3 -std=c++17 -I/work/riscv/include -I/work/chipyard/tools/DRAMSim2 -I/work/chipyard/sims/verilator/generated-src/chipyard.harness.TestHarness.Baseline4CoreConfig/gen-collateral   -DVERILATOR -DVL_TIME_CONTEXT   -fcoroutines -include VTestDriver__pch.h.fast -c -o VTestDriver___024root__DepSet_hbb6e3b65__5.o VTestDriver___024root__DepSet_hbb6e3b65__5.cpp
g++ -Os  -I.  -MMD -I/usr/share/verilator/include -I/usr/share/verilator/include/vltstd -DVM_COVERAGE=0 -DVM_SC=0 -DVM_TRACE=0 -DVM_TRACE_FST=0 -DVM_TRACE_VCD=0 -faligned-new -fcf-protection=none -Wno-bool-operation -Wno-overloaded-virtual -Wno-shadow -Wno-sign-compare -Wno-uninitialized -Wno-unused-but-set-parameter -Wno-unused-but-set-variable -Wno-unused-parameter -Wno-unused-variable     -O3 -std=c++17 -I/work/riscv/include -I/work/chipyard/tools/DRAMSim2 -I/work/chipyard/sims/verilator/generated-src/chipyard.harness.TestHarness.Baseline4CoreConfig/gen-collateral   -DVERILATOR -DVL_TIME_CONTEXT   -fcoroutines -include VTestDriver__pch.h.fast -c -o VTestDriver___024root__DepSet_hbb6e3b65__6.o VTestDriver___024root__DepSet_hbb6e3b65__6.cpp
g++ -Os  -I.  -MMD -I/usr/share/verilator/include -I/usr/share/verilator/include/vltstd -DVM_COVERAGE=0 -DVM_SC=0 -DVM_TRACE=0 -DVM_TRACE_FST=0 -DVM_TRACE_VCD=0 -faligned-new -fcf-protection=none -Wno-bool-operation -Wno-overloaded-virtual -Wno-shadow -Wno-sign-compare -Wno-uninitialized -Wno-unused-but-set-parameter -Wno-unused-but-set-variable -Wno-unused-parameter -Wno-unused-variable     -O3 -std=c++17 -I/work/riscv/include -I/work/chipyard/tools/DRAMSim2 -I/work/chipyard/sims/verilator/generated-src/chipyard.harness.TestHarness.Baseline4CoreConfig/gen-collateral   -DVERILATOR -DVL_TIME_CONTEXT   -fcoroutines -include VTestDriver__pch.h.fast -c -o VTestDriver___024root__DepSet_hbb6e3b65__7.o VTestDriver___024root__DepSet_hbb6e3b65__7.cpp
g++ -Os  -I.  -MMD -I/usr/share/verilator/include -I/usr/share/verilator/include/vltstd -DVM_COVERAGE=0 -DVM_SC=0 -DVM_TRACE=0 -DVM_TRACE_FST=0 -DVM_TRACE_VCD=0 -faligned-new -fcf-protection=none -Wno-bool-operation -Wno-overloaded-virtual -Wno-shadow -Wno-sign-compare -Wno-uninitialized -Wno-unused-but-set-parameter -Wno-unused-but-set-variable -Wno-unused-parameter -Wno-unused-variable     -O3 -std=c++17 -I/work/riscv/include -I/work/chipyard/tools/DRAMSim2 -I/work/chipyard/sims/verilator/generated-src/chipyard.harness.TestHarness.Baseline4CoreConfig/gen-collateral   -DVERILATOR -DVL_TIME_CONTEXT   -fcoroutines -include VTestDriver__pch.h.fast -c -o VTestDriver___024root__DepSet_hbb6e3b65__8.o VTestDriver___024root__DepSet_hbb6e3b65__8.cpp
g++ -Os  -I.  -MMD -I/usr/share/verilator/include -I/usr/share/verilator/include/vltstd -DVM_COVERAGE=0 -DVM_SC=0 -DVM_TRACE=0 -DVM_TRACE_FST=0 -DVM_TRACE_VCD=0 -faligned-new -fcf-protection=none -Wno-bool-operation -Wno-overloaded-virtual -Wno-shadow -Wno-sign-compare -Wno-uninitialized -Wno-unused-but-set-parameter -Wno-unused-but-set-variable -Wno-unused-parameter -Wno-unused-variable     -O3 -std=c++17 -I/work/riscv/include -I/work/chipyard/tools/DRAMSim2 -I/work/chipyard/sims/verilator/generated-src/chipyard.harness.TestHarness.Baseline4CoreConfig/gen-collateral   -DVERILATOR -DVL_TIME_CONTEXT   -fcoroutines -include VTestDriver__pch.h.fast -c -o VTestDriver___024root__DepSet_hbb6e3b65__9.o VTestDriver___024root__DepSet_hbb6e3b65__9.cpp
g++ -Os  -I.  -MMD -I/usr/share/verilator/include -I/usr/share/verilator/include/vltstd -DVM_COVERAGE=0 -DVM_SC=0 -DVM_TRACE=0 -DVM_TRACE_FST=0 -DVM_TRACE_VCD=0 -faligned-new -fcf-protection=none -Wno-bool-operation -Wno-overloaded-virtual -Wno-shadow -Wno-sign-compare -Wno-uninitialized -Wno-unused-but-set-parameter -Wno-unused-but-set-variable -Wno-unused-parameter -Wno-unused-variable     -O3 -std=c++17 -I/work/riscv/include -I/work/chipyard/tools/DRAMSim2 -I/work/chipyard/sims/verilator/generated-src/chipyard.harness.TestHarness.Baseline4CoreConfig/gen-collateral   -DVERILATOR -DVL_TIME_CONTEXT   -fcoroutines -include VTestDriver__pch.h.fast -c -o VTestDriver___024root__DepSet_hbb6e3b65__10.o VTestDriver___024root__DepSet_hbb6e3b65__10.cpp
g++ -Os  -I.  -MMD -I/usr/share/verilator/include -I/usr/share/verilator/include/vltstd -DVM_COVERAGE=0 -DVM_SC=0 -DVM_TRACE=0 -DVM_TRACE_FST=0 -DVM_TRACE_VCD=0 -faligned-new -fcf-protection=none -Wno-bool-operation -Wno-overloaded-virtual -Wno-shadow -Wno-sign-compare -Wno-uninitialized -Wno-unused-but-set-parameter -Wno-unused-but-set-variable -Wno-unused-parameter -Wno-unused-variable     -O3 -std=c++17 -I/work/riscv/include -I/work/chipyard/tools/DRAMSim2 -I/work/chipyard/sims/verilator/generated-src/chipyard.harness.TestHarness.Baseline4CoreConfig/gen-collateral   -DVERILATOR -DVL_TIME_CONTEXT   -fcoroutines -include VTestDriver__pch.h.fast -c -o VTestDriver___024root__DepSet_hbb6e3b65__11.o VTestDriver___024root__DepSet_hbb6e3b65__11.cpp
g++ -Os  -I.  -MMD -I/usr/share/verilator/include -I/usr/share/verilator/include/vltstd -DVM_COVERAGE=0 -DVM_SC=0 -DVM_TRACE=0 -DVM_TRACE_FST=0 -DVM_TRACE_VCD=0 -faligned-new -fcf-protection=none -Wno-bool-operation -Wno-overloaded-virtual -Wno-shadow -Wno-sign-compare -Wno-uninitialized -Wno-unused-but-set-parameter -Wno-unused-but-set-variable -Wno-unused-parameter -Wno-unused-variable     -O3 -std=c++17 -I/work/riscv/include -I/work/chipyard/tools/DRAMSim2 -I/work/chipyard/sims/verilator/generated-src/chipyard.harness.TestHarness.Baseline4CoreConfig/gen-collateral   -DVERILATOR -DVL_TIME_CONTEXT   -fcoroutines -include VTestDriver__pch.h.fast -c -o VTestDriver___024root__DepSet_hbb6e3b65__12.o VTestDriver___024root__DepSet_hbb6e3b65__12.cpp
g++ -Os  -I.  -MMD -I/usr/share/verilator/include -I/usr/share/verilator/include/vltstd -DVM_COVERAGE=0 -DVM_SC=0 -DVM_TRACE=0 -DVM_TRACE_FST=0 -DVM_TRACE_VCD=0 -faligned-new -fcf-protection=none -Wno-bool-operation -Wno-overloaded-virtual -Wno-shadow -Wno-sign-compare -Wno-uninitialized -Wno-unused-but-set-parameter -Wno-unused-but-set-variable -Wno-unused-parameter -Wno-unused-variable     -O3 -std=c++17 -I/work/riscv/include -I/work/chipyard/tools/DRAMSim2 -I/work/chipyard/sims/verilator/generated-src/chipyard.harness.TestHarness.Baseline4CoreConfig/gen-collateral   -DVERILATOR -DVL_TIME_CONTEXT   -fcoroutines -include VTestDriver__pch.h.fast -c -o VTestDriver___024root__DepSet_hbb6e3b65__13.o VTestDriver___024root__DepSet_hbb6e3b65__13.cpp
g++ -Os  -I.  -MMD -I/usr/share/verilator/include -I/usr/share/verilator/include/vltstd -DVM_COVERAGE=0 -DVM_SC=0 -DVM_TRACE=0 -DVM_TRACE_FST=0 -DVM_TRACE_VCD=0 -faligned-new -fcf-protection=none -Wno-bool-operation -Wno-overloaded-virtual -Wno-shadow -Wno-sign-compare -Wno-uninitialized -Wno-unused-but-set-parameter -Wno-unused-but-set-variable -Wno-unused-parameter -Wno-unused-variable     -O3 -std=c++17 -I/work/riscv/include -I/work/chipyard/tools/DRAMSim2 -I/work/chipyard/sims/verilator/generated-src/chipyard.harness.TestHarness.Baseline4CoreConfig/gen-collateral   -DVERILATOR -DVL_TIME_CONTEXT   -fcoroutines -include VTestDriver__pch.h.fast -c -o VTestDriver___024root__DepSet_hbb6e3b65__14.o VTestDriver___024root__DepSet_hbb6e3b65__14.cpp
g++ -Os  -I.  -MMD -I/usr/share/verilator/include -I/usr/share/verilator/include/vltstd -DVM_COVERAGE=0 -DVM_SC=0 -DVM_TRACE=0 -DVM_TRACE_FST=0 -DVM_TRACE_VCD=0 -faligned-new -fcf-protection=none -Wno-bool-operation -Wno-overloaded-virtual -Wno-shadow -Wno-sign-compare -Wno-uninitialized -Wno-unused-but-set-parameter -Wno-unused-but-set-variable -Wno-unused-parameter -Wno-unused-variable     -O3 -std=c++17 -I/work/riscv/include -I/work/chipyard/tools/DRAMSim2 -I/work/chipyard/sims/verilator/generated-src/chipyard.harness.TestHarness.Baseline4CoreConfig/gen-collateral   -DVERILATOR -DVL_TIME_CONTEXT   -fcoroutines -include VTestDriver__pch.h.fast -c -o VTestDriver___024root__DepSet_hbb6e3b65__15.o VTestDriver___024root__DepSet_hbb6e3b65__15.cpp
g++ -Os  -I.  -MMD -I/usr/share/verilator/include -I/usr/share/verilator/include/vltstd -DVM_COVERAGE=0 -DVM_SC=0 -DVM_TRACE=0 -DVM_TRACE_FST=0 -DVM_TRACE_VCD=0 -faligned-new -fcf-protection=none -Wno-bool-operation -Wno-overloaded-virtual -Wno-shadow -Wno-sign-compare -Wno-uninitialized -Wno-unused-but-set-parameter -Wno-unused-but-set-variable -Wno-unused-parameter -Wno-unused-variable     -O3 -std=c++17 -I/work/riscv/include -I/work/chipyard/tools/DRAMSim2 -I/work/chipyard/sims/verilator/generated-src/chipyard.harness.TestHarness.Baseline4CoreConfig/gen-collateral   -DVERILATOR -DVL_TIME_CONTEXT   -fcoroutines -include VTestDriver__pch.h.fast -c -o VTestDriver___024root__DepSet_hbb6e3b65__16.o VTestDriver___024root__DepSet_hbb6e3b65__16.cpp
g++ -Os  -I.  -MMD -I/usr/share/verilator/include -I/usr/share/verilator/include/vltstd -DVM_COVERAGE=0 -DVM_SC=0 -DVM_TRACE=0 -DVM_TRACE_FST=0 -DVM_TRACE_VCD=0 -faligned-new -fcf-protection=none -Wno-bool-operation -Wno-overloaded-virtual -Wno-shadow -Wno-sign-compare -Wno-uninitialized -Wno-unused-but-set-parameter -Wno-unused-but-set-variable -Wno-unused-parameter -Wno-unused-variable     -O3 -std=c++17 -I/work/riscv/include -I/work/chipyard/tools/DRAMSim2 -I/work/chipyard/sims/verilator/generated-src/chipyard.harness.TestHarness.Baseline4CoreConfig/gen-collateral   -DVERILATOR -DVL_TIME_CONTEXT   -fcoroutines -include VTestDriver__pch.h.fast -c -o VTestDriver___024root__DepSet_hbb6e3b65__17.o VTestDriver___024root__DepSet_hbb6e3b65__17.cpp
g++ -Os  -I.  -MMD -I/usr/share/verilator/include -I/usr/share/verilator/include/vltstd -DVM_COVERAGE=0 -DVM_SC=0 -DVM_TRACE=0 -DVM_TRACE_FST=0 -DVM_TRACE_VCD=0 -faligned-new -fcf-protection=none -Wno-bool-operation -Wno-overloaded-virtual -Wno-shadow -Wno-sign-compare -Wno-uninitialized -Wno-unused-but-set-parameter -Wno-unused-but-set-variable -Wno-unused-parameter -Wno-unused-variable     -O3 -std=c++17 -I/work/riscv/include -I/work/chipyard/tools/DRAMSim2 -I/work/chipyard/sims/verilator/generated-src/chipyard.harness.TestHarness.Baseline4CoreConfig/gen-collateral   -DVERILATOR -DVL_TIME_CONTEXT   -fcoroutines -include VTestDriver__pch.h.fast -c -o VTestDriver___024root__DepSet_hbb6e3b65__18.o VTestDriver___024root__DepSet_hbb6e3b65__18.cpp
g++ -Os  -I.  -MMD -I/usr/share/verilator/include -I/usr/share/verilator/include/vltstd -DVM_COVERAGE=0 -DVM_SC=0 -DVM_TRACE=0 -DVM_TRACE_FST=0 -DVM_TRACE_VCD=0 -faligned-new -fcf-protection=none -Wno-bool-operation -Wno-overloaded-virtual -Wno-shadow -Wno-sign-compare -Wno-uninitialized -Wno-unused-but-set-parameter -Wno-unused-but-set-variable -Wno-unused-parameter -Wno-unused-variable     -O3 -std=c++17 -I/work/riscv/include -I/work/chipyard/tools/DRAMSim2 -I/work/chipyard/sims/verilator/generated-src/chipyard.harness.TestHarness.Baseline4CoreConfig/gen-collateral   -DVERILATOR -DVL_TIME_CONTEXT   -fcoroutines -include VTestDriver__pch.h.fast -c -o VTestDriver___024root__DepSet_hbb6e3b65__19.o VTestDriver___024root__DepSet_hbb6e3b65__19.cpp
g++ -Os  -I.  -MMD -I/usr/share/verilator/include -I/usr/share/verilator/include/vltstd -DVM_COVERAGE=0 -DVM_SC=0 -DVM_TRACE=0 -DVM_TRACE_FST=0 -DVM_TRACE_VCD=0 -faligned-new -fcf-protection=none -Wno-bool-operation -Wno-overloaded-virtual -Wno-shadow -Wno-sign-compare -Wno-uninitialized -Wno-unused-but-set-parameter -Wno-unused-but-set-variable -Wno-unused-parameter -Wno-unused-variable     -O3 -std=c++17 -I/work/riscv/include -I/work/chipyard/tools/DRAMSim2 -I/work/chipyard/sims/verilator/generated-src/chipyard.harness.TestHarness.Baseline4CoreConfig/gen-collateral   -DVERILATOR -DVL_TIME_CONTEXT   -fcoroutines -include VTestDriver__pch.h.fast -c -o VTestDriver___024root__DepSet_hbb6e3b65__20.o VTestDriver___024root__DepSet_hbb6e3b65__20.cpp
g++ -Os  -I.  -MMD -I/usr/share/verilator/include -I/usr/share/verilator/include/vltstd -DVM_COVERAGE=0 -DVM_SC=0 -DVM_TRACE=0 -DVM_TRACE_FST=0 -DVM_TRACE_VCD=0 -faligned-new -fcf-protection=none -Wno-bool-operation -Wno-overloaded-virtual -Wno-shadow -Wno-sign-compare -Wno-uninitialized -Wno-unused-but-set-parameter -Wno-unused-but-set-variable -Wno-unused-parameter -Wno-unused-variable     -O3 -std=c++17 -I/work/riscv/include -I/work/chipyard/tools/DRAMSim2 -I/work/chipyard/sims/verilator/generated-src/chipyard.harness.TestHarness.Baseline4CoreConfig/gen-collateral   -DVERILATOR -DVL_TIME_CONTEXT   -fcoroutines -include VTestDriver__pch.h.fast -c -o VTestDriver___024root__DepSet_hbb6e3b65__21.o VTestDriver___024root__DepSet_hbb6e3b65__21.cpp
g++ -Os  -I.  -MMD -I/usr/share/verilator/include -I/usr/share/verilator/include/vltstd -DVM_COVERAGE=0 -DVM_SC=0 -DVM_TRACE=0 -DVM_TRACE_FST=0 -DVM_TRACE_VCD=0 -faligned-new -fcf-protection=none -Wno-bool-operation -Wno-overloaded-virtual -Wno-shadow -Wno-sign-compare -Wno-uninitialized -Wno-unused-but-set-parameter -Wno-unused-but-set-variable -Wno-unused-parameter -Wno-unused-variable     -O3 -std=c++17 -I/work/riscv/include -I/work/chipyard/tools/DRAMSim2 -I/work/chipyard/sims/verilator/generated-src/chipyard.harness.TestHarness.Baseline4CoreConfig/gen-collateral   -DVERILATOR -DVL_TIME_CONTEXT   -fcoroutines -include VTestDriver__pch.h.fast -c -o VTestDriver___024root__DepSet_hbb6e3b65__22.o VTestDriver___024root__DepSet_hbb6e3b65__22.cpp
g++ -Os  -I.  -MMD -I/usr/share/verilator/include -I/usr/share/verilator/include/vltstd -DVM_COVERAGE=0 -DVM_SC=0 -DVM_TRACE=0 -DVM_TRACE_FST=0 -DVM_TRACE_VCD=0 -faligned-new -fcf-protection=none -Wno-bool-operation -Wno-overloaded-virtual -Wno-shadow -Wno-sign-compare -Wno-uninitialized -Wno-unused-but-set-parameter -Wno-unused-but-set-variable -Wno-unused-parameter -Wno-unused-variable     -O3 -std=c++17 -I/work/riscv/include -I/work/chipyard/tools/DRAMSim2 -I/work/chipyard/sims/verilator/generated-src/chipyard.harness.TestHarness.Baseline4CoreConfig/gen-collateral   -DVERILATOR -DVL_TIME_CONTEXT   -fcoroutines -include VTestDriver__pch.h.fast -c -o VTestDriver___024root__DepSet_hbb6e3b65__23.o VTestDriver___024root__DepSet_hbb6e3b65__23.cpp
g++ -Os  -I.  -MMD -I/usr/share/verilator/include -I/usr/share/verilator/include/vltstd -DVM_COVERAGE=0 -DVM_SC=0 -DVM_TRACE=0 -DVM_TRACE_FST=0 -DVM_TRACE_VCD=0 -faligned-new -fcf-protection=none -Wno-bool-operation -Wno-overloaded-virtual -Wno-shadow -Wno-sign-compare -Wno-uninitialized -Wno-unused-but-set-parameter -Wno-unused-but-set-variable -Wno-unused-parameter -Wno-unused-variable     -O3 -std=c++17 -I/work/riscv/include -I/work/chipyard/tools/DRAMSim2 -I/work/chipyard/sims/verilator/generated-src/chipyard.harness.TestHarness.Baseline4CoreConfig/gen-collateral   -DVERILATOR -DVL_TIME_CONTEXT   -fcoroutines -include VTestDriver__pch.h.fast -c -o VTestDriver___024root__DepSet_hbb6e3b65__24.o VTestDriver___024root__DepSet_hbb6e3b65__24.cpp
g++ -Os  -I.  -MMD -I/usr/share/verilator/include -I/usr/share/verilator/include/vltstd -DVM_COVERAGE=0 -DVM_SC=0 -DVM_TRACE=0 -DVM_TRACE_FST=0 -DVM_TRACE_VCD=0 -faligned-new -fcf-protection=none -Wno-bool-operation -Wno-overloaded-virtual -Wno-shadow -Wno-sign-compare -Wno-uninitialized -Wno-unused-but-set-parameter -Wno-unused-but-set-variable -Wno-unused-parameter -Wno-unused-variable     -O3 -std=c++17 -I/work/riscv/include -I/work/chipyard/tools/DRAMSim2 -I/work/chipyard/sims/verilator/generated-src/chipyard.harness.TestHarness.Baseline4CoreConfig/gen-collateral   -DVERILATOR -DVL_TIME_CONTEXT   -fcoroutines -include VTestDriver__pch.h.fast -c -o VTestDriver___024root__DepSet_hbb6e3b65__25.o VTestDriver___024root__DepSet_hbb6e3b65__25.cpp
g++ -Os  -I.  -MMD -I/usr/share/verilator/include -I/usr/share/verilator/include/vltstd -DVM_COVERAGE=0 -DVM_SC=0 -DVM_TRACE=0 -DVM_TRACE_FST=0 -DVM_TRACE_VCD=0 -faligned-new -fcf-protection=none -Wno-bool-operation -Wno-overloaded-virtual -Wno-shadow -Wno-sign-compare -Wno-uninitialized -Wno-unused-but-set-parameter -Wno-unused-but-set-variable -Wno-unused-parameter -Wno-unused-variable     -O3 -std=c++17 -I/work/riscv/include -I/work/chipyard/tools/DRAMSim2 -I/work/chipyard/sims/verilator/generated-src/chipyard.harness.TestHarness.Baseline4CoreConfig/gen-collateral   -DVERILATOR -DVL_TIME_CONTEXT   -fcoroutines -include VTestDriver__pch.h.fast -c -o VTestDriver___024root__DepSet_hbb6e3b65__26.o VTestDriver___024root__DepSet_hbb6e3b65__26.cpp
g++ -Os  -I.  -MMD -I/usr/share/verilator/include -I/usr/share/verilator/include/vltstd -DVM_COVERAGE=0 -DVM_SC=0 -DVM_TRACE=0 -DVM_TRACE_FST=0 -DVM_TRACE_VCD=0 -faligned-new -fcf-protection=none -Wno-bool-operation -Wno-overloaded-virtual -Wno-shadow -Wno-sign-compare -Wno-uninitialized -Wno-unused-but-set-parameter -Wno-unused-but-set-variable -Wno-unused-parameter -Wno-unused-variable     -O3 -std=c++17 -I/work/riscv/include -I/work/chipyard/tools/DRAMSim2 -I/work/chipyard/sims/verilator/generated-src/chipyard.harness.TestHarness.Baseline4CoreConfig/gen-collateral   -DVERILATOR -DVL_TIME_CONTEXT   -fcoroutines -include VTestDriver__pch.h.fast -c -o VTestDriver___024root__DepSet_hbb6e3b65__27.o VTestDriver___024root__DepSet_hbb6e3b65__27.cpp
g++ -Os  -I.  -MMD -I/usr/share/verilator/include -I/usr/share/verilator/include/vltstd -DVM_COVERAGE=0 -DVM_SC=0 -DVM_TRACE=0 -DVM_TRACE_FST=0 -DVM_TRACE_VCD=0 -faligned-new -fcf-protection=none -Wno-bool-operation -Wno-overloaded-virtual -Wno-shadow -Wno-sign-compare -Wno-uninitialized -Wno-unused-but-set-parameter -Wno-unused-but-set-variable -Wno-unused-parameter -Wno-unused-variable     -O3 -std=c++17 -I/work/riscv/include -I/work/chipyard/tools/DRAMSim2 -I/work/chipyard/sims/verilator/generated-src/chipyard.harness.TestHarness.Baseline4CoreConfig/gen-collateral   -DVERILATOR -DVL_TIME_CONTEXT   -fcoroutines -include VTestDriver__pch.h.fast -c -o VTestDriver___024root__DepSet_hbb6e3b65__28.o VTestDriver___024root__DepSet_hbb6e3b65__28.cpp
g++ -Os  -I.  -MMD -I/usr/share/verilator/include -I/usr/share/verilator/include/vltstd -DVM_COVERAGE=0 -DVM_SC=0 -DVM_TRACE=0 -DVM_TRACE_FST=0 -DVM_TRACE_VCD=0 -faligned-new -fcf-protection=none -Wno-bool-operation -Wno-overloaded-virtual -Wno-shadow -Wno-sign-compare -Wno-uninitialized -Wno-unused-but-set-parameter -Wno-unused-but-set-variable -Wno-unused-parameter -Wno-unused-variable     -O3 -std=c++17 -I/work/riscv/include -I/work/chipyard/tools/DRAMSim2 -I/work/chipyard/sims/verilator/generated-src/chipyard.harness.TestHarness.Baseline4CoreConfig/gen-collateral   -DVERILATOR -DVL_TIME_CONTEXT   -fcoroutines -include VTestDriver__pch.h.fast -c -o VTestDriver___024root__DepSet_hbb6e3b65__29.o VTestDriver___024root__DepSet_hbb6e3b65__29.cpp
g++ -Os  -I.  -MMD -I/usr/share/verilator/include -I/usr/share/verilator/include/vltstd -DVM_COVERAGE=0 -DVM_SC=0 -DVM_TRACE=0 -DVM_TRACE_FST=0 -DVM_TRACE_VCD=0 -faligned-new -fcf-protection=none -Wno-bool-operation -Wno-overloaded-virtual -Wno-shadow -Wno-sign-compare -Wno-uninitialized -Wno-unused-but-set-parameter -Wno-unused-but-set-variable -Wno-unused-parameter -Wno-unused-variable     -O3 -std=c++17 -I/work/riscv/include -I/work/chipyard/tools/DRAMSim2 -I/work/chipyard/sims/verilator/generated-src/chipyard.harness.TestHarness.Baseline4CoreConfig/gen-collateral   -DVERILATOR -DVL_TIME_CONTEXT   -fcoroutines -include VTestDriver__pch.h.fast -c -o VTestDriver___024root__DepSet_hbb6e3b65__30.o VTestDriver___024root__DepSet_hbb6e3b65__30.cpp
g++ -Os  -I.  -MMD -I/usr/share/verilator/include -I/usr/share/verilator/include/vltstd -DVM_COVERAGE=0 -DVM_SC=0 -DVM_TRACE=0 -DVM_TRACE_FST=0 -DVM_TRACE_VCD=0 -faligned-new -fcf-protection=none -Wno-bool-operation -Wno-overloaded-virtual -Wno-shadow -Wno-sign-compare -Wno-uninitialized -Wno-unused-but-set-parameter -Wno-unused-but-set-variable -Wno-unused-parameter -Wno-unused-variable     -O3 -std=c++17 -I/work/riscv/include -I/work/chipyard/tools/DRAMSim2 -I/work/chipyard/sims/verilator/generated-src/chipyard.harness.TestHarness.Baseline4CoreConfig/gen-collateral   -DVERILATOR -DVL_TIME_CONTEXT   -fcoroutines -include VTestDriver__pch.h.fast -c -o VTestDriver___024root__DepSet_hbb6e3b65__31.o VTestDriver___024root__DepSet_hbb6e3b65__31.cpp
g++ -Os  -I.  -MMD -I/usr/share/verilator/include -I/usr/share/verilator/include/vltstd -DVM_COVERAGE=0 -DVM_SC=0 -DVM_TRACE=0 -DVM_TRACE_FST=0 -DVM_TRACE_VCD=0 -faligned-new -fcf-protection=none -Wno-bool-operation -Wno-overloaded-virtual -Wno-shadow -Wno-sign-compare -Wno-uninitialized -Wno-unused-but-set-parameter -Wno-unused-but-set-variable -Wno-unused-parameter -Wno-unused-variable     -O3 -std=c++17 -I/work/riscv/include -I/work/chipyard/tools/DRAMSim2 -I/work/chipyard/sims/verilator/generated-src/chipyard.harness.TestHarness.Baseline4CoreConfig/gen-collateral   -DVERILATOR -DVL_TIME_CONTEXT   -fcoroutines -include VTestDriver__pch.h.fast -c -o VTestDriver___024root__DepSet_hbb6e3b65__32.o VTestDriver___024root__DepSet_hbb6e3b65__32.cpp
g++ -Os  -I.  -MMD -I/usr/share/verilator/include -I/usr/share/verilator/include/vltstd -DVM_COVERAGE=0 -DVM_SC=0 -DVM_TRACE=0 -DVM_TRACE_FST=0 -DVM_TRACE_VCD=0 -faligned-new -fcf-protection=none -Wno-bool-operation -Wno-overloaded-virtual -Wno-shadow -Wno-sign-compare -Wno-uninitialized -Wno-unused-but-set-parameter -Wno-unused-but-set-variable -Wno-unused-parameter -Wno-unused-variable     -O3 -std=c++17 -I/work/riscv/include -I/work/chipyard/tools/DRAMSim2 -I/work/chipyard/sims/verilator/generated-src/chipyard.harness.TestHarness.Baseline4CoreConfig/gen-collateral   -DVERILATOR -DVL_TIME_CONTEXT   -fcoroutines -include VTestDriver__pch.h.fast -c -o VTestDriver___024root__DepSet_hbb6e3b65__33.o VTestDriver___024root__DepSet_hbb6e3b65__33.cpp
g++ -Os  -I.  -MMD -I/usr/share/verilator/include -I/usr/share/verilator/include/vltstd -DVM_COVERAGE=0 -DVM_SC=0 -DVM_TRACE=0 -DVM_TRACE_FST=0 -DVM_TRACE_VCD=0 -faligned-new -fcf-protection=none -Wno-bool-operation -Wno-overloaded-virtual -Wno-shadow -Wno-sign-compare -Wno-uninitialized -Wno-unused-but-set-parameter -Wno-unused-but-set-variable -Wno-unused-parameter -Wno-unused-variable     -O3 -std=c++17 -I/work/riscv/include -I/work/chipyard/tools/DRAMSim2 -I/work/chipyard/sims/verilator/generated-src/chipyard.harness.TestHarness.Baseline4CoreConfig/gen-collateral   -DVERILATOR -DVL_TIME_CONTEXT   -fcoroutines -include VTestDriver__pch.h.fast -c -o VTestDriver___024root__DepSet_hbb6e3b65__34.o VTestDriver___024root__DepSet_hbb6e3b65__34.cpp
g++ -Os  -I.  -MMD -I/usr/share/verilator/include -I/usr/share/verilator/include/vltstd -DVM_COVERAGE=0 -DVM_SC=0 -DVM_TRACE=0 -DVM_TRACE_FST=0 -DVM_TRACE_VCD=0 -faligned-new -fcf-protection=none -Wno-bool-operation -Wno-overloaded-virtual -Wno-shadow -Wno-sign-compare -Wno-uninitialized -Wno-unused-but-set-parameter -Wno-unused-but-set-variable -Wno-unused-parameter -Wno-unused-variable     -O3 -std=c++17 -I/work/riscv/include -I/work/chipyard/tools/DRAMSim2 -I/work/chipyard/sims/verilator/generated-src/chipyard.harness.TestHarness.Baseline4CoreConfig/gen-collateral   -DVERILATOR -DVL_TIME_CONTEXT   -fcoroutines -include VTestDriver__pch.h.fast -c -o VTestDriver___024root__DepSet_hbb6e3b65__35.o VTestDriver___024root__DepSet_hbb6e3b65__35.cpp
g++ -Os  -I.  -MMD -I/usr/share/verilator/include -I/usr/share/verilator/include/vltstd -DVM_COVERAGE=0 -DVM_SC=0 -DVM_TRACE=0 -DVM_TRACE_FST=0 -DVM_TRACE_VCD=0 -faligned-new -fcf-protection=none -Wno-bool-operation -Wno-overloaded-virtual -Wno-shadow -Wno-sign-compare -Wno-uninitialized -Wno-unused-but-set-parameter -Wno-unused-but-set-variable -Wno-unused-parameter -Wno-unused-variable     -O3 -std=c++17 -I/work/riscv/include -I/work/chipyard/tools/DRAMSim2 -I/work/chipyard/sims/verilator/generated-src/chipyard.harness.TestHarness.Baseline4CoreConfig/gen-collateral   -DVERILATOR -DVL_TIME_CONTEXT   -fcoroutines -include VTestDriver__pch.h.fast -c -o VTestDriver___024root__DepSet_hbb6e3b65__36.o VTestDriver___024root__DepSet_hbb6e3b65__36.cpp
g++ -Os  -I.  -MMD -I/usr/share/verilator/include -I/usr/share/verilator/include/vltstd -DVM_COVERAGE=0 -DVM_SC=0 -DVM_TRACE=0 -DVM_TRACE_FST=0 -DVM_TRACE_VCD=0 -faligned-new -fcf-protection=none -Wno-bool-operation -Wno-overloaded-virtual -Wno-shadow -Wno-sign-compare -Wno-uninitialized -Wno-unused-but-set-parameter -Wno-unused-but-set-variable -Wno-unused-parameter -Wno-unused-variable     -O3 -std=c++17 -I/work/riscv/include -I/work/chipyard/tools/DRAMSim2 -I/work/chipyard/sims/verilator/generated-src/chipyard.harness.TestHarness.Baseline4CoreConfig/gen-collateral   -DVERILATOR -DVL_TIME_CONTEXT   -fcoroutines -include VTestDriver__pch.h.fast -c -o VTestDriver___024root__DepSet_hbb6e3b65__37.o VTestDriver___024root__DepSet_hbb6e3b65__37.cpp
g++ -Os  -I.  -MMD -I/usr/share/verilator/include -I/usr/share/verilator/include/vltstd -DVM_COVERAGE=0 -DVM_SC=0 -DVM_TRACE=0 -DVM_TRACE_FST=0 -DVM_TRACE_VCD=0 -faligned-new -fcf-protection=none -Wno-bool-operation -Wno-overloaded-virtual -Wno-shadow -Wno-sign-compare -Wno-uninitialized -Wno-unused-but-set-parameter -Wno-unused-but-set-variable -Wno-unused-parameter -Wno-unused-variable     -O3 -std=c++17 -I/work/riscv/include -I/work/chipyard/tools/DRAMSim2 -I/work/chipyard/sims/verilator/generated-src/chipyard.harness.TestHarness.Baseline4CoreConfig/gen-collateral   -DVERILATOR -DVL_TIME_CONTEXT   -fcoroutines -include VTestDriver__pch.h.fast -c -o VTestDriver___024root__DepSet_hbb6e3b65__38.o VTestDriver___024root__DepSet_hbb6e3b65__38.cpp
g++ -Os  -I.  -MMD -I/usr/share/verilator/include -I/usr/share/verilator/include/vltstd -DVM_COVERAGE=0 -DVM_SC=0 -DVM_TRACE=0 -DVM_TRACE_FST=0 -DVM_TRACE_VCD=0 -faligned-new -fcf-protection=none -Wno-bool-operation -Wno-overloaded-virtual -Wno-shadow -Wno-sign-compare -Wno-uninitialized -Wno-unused-but-set-parameter -Wno-unused-but-set-variable -Wno-unused-parameter -Wno-unused-variable     -O3 -std=c++17 -I/work/riscv/include -I/work/chipyard/tools/DRAMSim2 -I/work/chipyard/sims/verilator/generated-src/chipyard.harness.TestHarness.Baseline4CoreConfig/gen-collateral   -DVERILATOR -DVL_TIME_CONTEXT   -fcoroutines -include VTestDriver__pch.h.fast -c -o VTestDriver___024root__DepSet_hbb6e3b65__39.o VTestDriver___024root__DepSet_hbb6e3b65__39.cpp
g++ -Os  -I.  -MMD -I/usr/share/verilator/include -I/usr/share/verilator/include/vltstd -DVM_COVERAGE=0 -DVM_SC=0 -DVM_TRACE=0 -DVM_TRACE_FST=0 -DVM_TRACE_VCD=0 -faligned-new -fcf-protection=none -Wno-bool-operation -Wno-overloaded-virtual -Wno-shadow -Wno-sign-compare -Wno-uninitialized -Wno-unused-but-set-parameter -Wno-unused-but-set-variable -Wno-unused-parameter -Wno-unused-variable     -O3 -std=c++17 -I/work/riscv/include -I/work/chipyard/tools/DRAMSim2 -I/work/chipyard/sims/verilator/generated-src/chipyard.harness.TestHarness.Baseline4CoreConfig/gen-collateral   -DVERILATOR -DVL_TIME_CONTEXT   -fcoroutines -include VTestDriver__pch.h.fast -c -o VTestDriver___024root__DepSet_hbb6e3b65__40.o VTestDriver___024root__DepSet_hbb6e3b65__40.cpp
g++ -Os  -I.  -MMD -I/usr/share/verilator/include -I/usr/share/verilator/include/vltstd -DVM_COVERAGE=0 -DVM_SC=0 -DVM_TRACE=0 -DVM_TRACE_FST=0 -DVM_TRACE_VCD=0 -faligned-new -fcf-protection=none -Wno-bool-operation -Wno-overloaded-virtual -Wno-shadow -Wno-sign-compare -Wno-uninitialized -Wno-unused-but-set-parameter -Wno-unused-but-set-variable -Wno-unused-parameter -Wno-unused-variable     -O3 -std=c++17 -I/work/riscv/include -I/work/chipyard/tools/DRAMSim2 -I/work/chipyard/sims/verilator/generated-src/chipyard.harness.TestHarness.Baseline4CoreConfig/gen-collateral   -DVERILATOR -DVL_TIME_CONTEXT   -fcoroutines -include VTestDriver__pch.h.fast -c -o VTestDriver___024root__DepSet_hbb6e3b65__41.o VTestDriver___024root__DepSet_hbb6e3b65__41.cpp
g++ -Os  -I.  -MMD -I/usr/share/verilator/include -I/usr/share/verilator/include/vltstd -DVM_COVERAGE=0 -DVM_SC=0 -DVM_TRACE=0 -DVM_TRACE_FST=0 -DVM_TRACE_VCD=0 -faligned-new -fcf-protection=none -Wno-bool-operation -Wno-overloaded-virtual -Wno-shadow -Wno-sign-compare -Wno-uninitialized -Wno-unused-but-set-parameter -Wno-unused-but-set-variable -Wno-unused-parameter -Wno-unused-variable     -O3 -std=c++17 -I/work/riscv/include -I/work/chipyard/tools/DRAMSim2 -I/work/chipyard/sims/verilator/generated-src/chipyard.harness.TestHarness.Baseline4CoreConfig/gen-collateral   -DVERILATOR -DVL_TIME_CONTEXT   -fcoroutines -include VTestDriver__pch.h.fast -c -o VTestDriver___024root__DepSet_hbb6e3b65__42.o VTestDriver___024root__DepSet_hbb6e3b65__42.cpp
g++ -Os  -I.  -MMD -I/usr/share/verilator/include -I/usr/share/verilator/include/vltstd -DVM_COVERAGE=0 -DVM_SC=0 -DVM_TRACE=0 -DVM_TRACE_FST=0 -DVM_TRACE_VCD=0 -faligned-new -fcf-protection=none -Wno-bool-operation -Wno-overloaded-virtual -Wno-shadow -Wno-sign-compare -Wno-uninitialized -Wno-unused-but-set-parameter -Wno-unused-but-set-variable -Wno-unused-parameter -Wno-unused-variable     -O3 -std=c++17 -I/work/riscv/include -I/work/chipyard/tools/DRAMSim2 -I/work/chipyard/sims/verilator/generated-src/chipyard.harness.TestHarness.Baseline4CoreConfig/gen-collateral   -DVERILATOR -DVL_TIME_CONTEXT   -fcoroutines -include VTestDriver__pch.h.fast -c -o VTestDriver___024root__DepSet_hbb6e3b65__43.o VTestDriver___024root__DepSet_hbb6e3b65__43.cpp
g++ -Os  -I.  -MMD -I/usr/share/verilator/include -I/usr/share/verilator/include/vltstd -DVM_COVERAGE=0 -DVM_SC=0 -DVM_TRACE=0 -DVM_TRACE_FST=0 -DVM_TRACE_VCD=0 -faligned-new -fcf-protection=none -Wno-bool-operation -Wno-overloaded-virtual -Wno-shadow -Wno-sign-compare -Wno-uninitialized -Wno-unused-but-set-parameter -Wno-unused-but-set-variable -Wno-unused-parameter -Wno-unused-variable     -O3 -std=c++17 -I/work/riscv/include -I/work/chipyard/tools/DRAMSim2 -I/work/chipyard/sims/verilator/generated-src/chipyard.harness.TestHarness.Baseline4CoreConfig/gen-collateral   -DVERILATOR -DVL_TIME_CONTEXT   -fcoroutines -include VTestDriver__pch.h.fast -c -o VTestDriver___024root__DepSet_hbb6e3b65__44.o VTestDriver___024root__DepSet_hbb6e3b65__44.cpp
g++ -Os  -I.  -MMD -I/usr/share/verilator/include -I/usr/share/verilator/include/vltstd -DVM_COVERAGE=0 -DVM_SC=0 -DVM_TRACE=0 -DVM_TRACE_FST=0 -DVM_TRACE_VCD=0 -faligned-new -fcf-protection=none -Wno-bool-operation -Wno-overloaded-virtual -Wno-shadow -Wno-sign-compare -Wno-uninitialized -Wno-unused-but-set-parameter -Wno-unused-but-set-variable -Wno-unused-parameter -Wno-unused-variable     -O3 -std=c++17 -I/work/riscv/include -I/work/chipyard/tools/DRAMSim2 -I/work/chipyard/sims/verilator/generated-src/chipyard.harness.TestHarness.Baseline4CoreConfig/gen-collateral   -DVERILATOR -DVL_TIME_CONTEXT   -fcoroutines -include VTestDriver__pch.h.fast -c -o VTestDriver___024root__DepSet_hbb6e3b65__45.o VTestDriver___024root__DepSet_hbb6e3b65__45.cpp
g++ -Os  -I.  -MMD -I/usr/share/verilator/include -I/usr/share/verilator/include/vltstd -DVM_COVERAGE=0 -DVM_SC=0 -DVM_TRACE=0 -DVM_TRACE_FST=0 -DVM_TRACE_VCD=0 -faligned-new -fcf-protection=none -Wno-bool-operation -Wno-overloaded-virtual -Wno-shadow -Wno-sign-compare -Wno-uninitialized -Wno-unused-but-set-parameter -Wno-unused-but-set-variable -Wno-unused-parameter -Wno-unused-variable     -O3 -std=c++17 -I/work/riscv/include -I/work/chipyard/tools/DRAMSim2 -I/work/chipyard/sims/verilator/generated-src/chipyard.harness.TestHarness.Baseline4CoreConfig/gen-collateral   -DVERILATOR -DVL_TIME_CONTEXT   -fcoroutines -include VTestDriver__pch.h.fast -c -o VTestDriver___024root__DepSet_hbb6e3b65__46.o VTestDriver___024root__DepSet_hbb6e3b65__46.cpp
g++ -Os  -I.  -MMD -I/usr/share/verilator/include -I/usr/share/verilator/include/vltstd -DVM_COVERAGE=0 -DVM_SC=0 -DVM_TRACE=0 -DVM_TRACE_FST=0 -DVM_TRACE_VCD=0 -faligned-new -fcf-protection=none -Wno-bool-operation -Wno-overloaded-virtual -Wno-shadow -Wno-sign-compare -Wno-uninitialized -Wno-unused-but-set-parameter -Wno-unused-but-set-variable -Wno-unused-parameter -Wno-unused-variable     -O3 -std=c++17 -I/work/riscv/include -I/work/chipyard/tools/DRAMSim2 -I/work/chipyard/sims/verilator/generated-src/chipyard.harness.TestHarness.Baseline4CoreConfig/gen-collateral   -DVERILATOR -DVL_TIME_CONTEXT   -fcoroutines -include VTestDriver__pch.h.fast -c -o VTestDriver___024root__DepSet_hbb6e3b65__47.o VTestDriver___024root__DepSet_hbb6e3b65__47.cpp
g++ -Os  -I.  -MMD -I/usr/share/verilator/include -I/usr/share/verilator/include/vltstd -DVM_COVERAGE=0 -DVM_SC=0 -DVM_TRACE=0 -DVM_TRACE_FST=0 -DVM_TRACE_VCD=0 -faligned-new -fcf-protection=none -Wno-bool-operation -Wno-overloaded-virtual -Wno-shadow -Wno-sign-compare -Wno-uninitialized -Wno-unused-but-set-parameter -Wno-unused-but-set-variable -Wno-unused-parameter -Wno-unused-variable     -O3 -std=c++17 -I/work/riscv/include -I/work/chipyard/tools/DRAMSim2 -I/work/chipyard/sims/verilator/generated-src/chipyard.harness.TestHarness.Baseline4CoreConfig/gen-collateral   -DVERILATOR -DVL_TIME_CONTEXT   -fcoroutines -include VTestDriver__pch.h.fast -c -o VTestDriver___024root__DepSet_hbb6e3b65__48.o VTestDriver___024root__DepSet_hbb6e3b65__48.cpp
g++ -Os  -I.  -MMD -I/usr/share/verilator/include -I/usr/share/verilator/include/vltstd -DVM_COVERAGE=0 -DVM_SC=0 -DVM_TRACE=0 -DVM_TRACE_FST=0 -DVM_TRACE_VCD=0 -faligned-new -fcf-protection=none -Wno-bool-operation -Wno-overloaded-virtual -Wno-shadow -Wno-sign-compare -Wno-uninitialized -Wno-unused-but-set-parameter -Wno-unused-but-set-variable -Wno-unused-parameter -Wno-unused-variable     -O3 -std=c++17 -I/work/riscv/include -I/work/chipyard/tools/DRAMSim2 -I/work/chipyard/sims/verilator/generated-src/chipyard.harness.TestHarness.Baseline4CoreConfig/gen-collateral   -DVERILATOR -DVL_TIME_CONTEXT   -fcoroutines -include VTestDriver__pch.h.fast -c -o VTestDriver___024root__DepSet_hbb6e3b65__49.o VTestDriver___024root__DepSet_hbb6e3b65__49.cpp
g++ -Os  -I.  -MMD -I/usr/share/verilator/include -I/usr/share/verilator/include/vltstd -DVM_COVERAGE=0 -DVM_SC=0 -DVM_TRACE=0 -DVM_TRACE_FST=0 -DVM_TRACE_VCD=0 -faligned-new -fcf-protection=none -Wno-bool-operation -Wno-overloaded-virtual -Wno-shadow -Wno-sign-compare -Wno-uninitialized -Wno-unused-but-set-parameter -Wno-unused-but-set-variable -Wno-unused-parameter -Wno-unused-variable     -O3 -std=c++17 -I/work/riscv/include -I/work/chipyard/tools/DRAMSim2 -I/work/chipyard/sims/verilator/generated-src/chipyard.harness.TestHarness.Baseline4CoreConfig/gen-collateral   -DVERILATOR -DVL_TIME_CONTEXT   -fcoroutines -include VTestDriver__pch.h.fast -c -o VTestDriver___024root__DepSet_hbb6e3b65__50.o VTestDriver___024root__DepSet_hbb6e3b65__50.cpp
g++ -Os  -I.  -MMD -I/usr/share/verilator/include -I/usr/share/verilator/include/vltstd -DVM_COVERAGE=0 -DVM_SC=0 -DVM_TRACE=0 -DVM_TRACE_FST=0 -DVM_TRACE_VCD=0 -faligned-new -fcf-protection=none -Wno-bool-operation -Wno-overloaded-virtual -Wno-shadow -Wno-sign-compare -Wno-uninitialized -Wno-unused-but-set-parameter -Wno-unused-but-set-variable -Wno-unused-parameter -Wno-unused-variable     -O3 -std=c++17 -I/work/riscv/include -I/work/chipyard/tools/DRAMSim2 -I/work/chipyard/sims/verilator/generated-src/chipyard.harness.TestHarness.Baseline4CoreConfig/gen-collateral   -DVERILATOR -DVL_TIME_CONTEXT   -fcoroutines -include VTestDriver__pch.h.fast -c -o VTestDriver___024root__DepSet_hbb6e3b65__51.o VTestDriver___024root__DepSet_hbb6e3b65__51.cpp
g++ -Os  -I.  -MMD -I/usr/share/verilator/include -I/usr/share/verilator/include/vltstd -DVM_COVERAGE=0 -DVM_SC=0 -DVM_TRACE=0 -DVM_TRACE_FST=0 -DVM_TRACE_VCD=0 -faligned-new -fcf-protection=none -Wno-bool-operation -Wno-overloaded-virtual -Wno-shadow -Wno-sign-compare -Wno-uninitialized -Wno-unused-but-set-parameter -Wno-unused-but-set-variable -Wno-unused-parameter -Wno-unused-variable     -O3 -std=c++17 -I/work/riscv/include -I/work/chipyard/tools/DRAMSim2 -I/work/chipyard/sims/verilator/generated-src/chipyard.harness.TestHarness.Baseline4CoreConfig/gen-collateral   -DVERILATOR -DVL_TIME_CONTEXT   -fcoroutines -include VTestDriver__pch.h.fast -c -o VTestDriver___024root__DepSet_hbb6e3b65__52.o VTestDriver___024root__DepSet_hbb6e3b65__52.cpp
g++ -Os  -I.  -MMD -I/usr/share/verilator/include -I/usr/share/verilator/include/vltstd -DVM_COVERAGE=0 -DVM_SC=0 -DVM_TRACE=0 -DVM_TRACE_FST=0 -DVM_TRACE_VCD=0 -faligned-new -fcf-protection=none -Wno-bool-operation -Wno-overloaded-virtual -Wno-shadow -Wno-sign-compare -Wno-uninitialized -Wno-unused-but-set-parameter -Wno-unused-but-set-variable -Wno-unused-parameter -Wno-unused-variable     -O3 -std=c++17 -I/work/riscv/include -I/work/chipyard/tools/DRAMSim2 -I/work/chipyard/sims/verilator/generated-src/chipyard.harness.TestHarness.Baseline4CoreConfig/gen-collateral   -DVERILATOR -DVL_TIME_CONTEXT   -fcoroutines -include VTestDriver__pch.h.fast -c -o VTestDriver___024root__DepSet_hbb6e3b65__53.o VTestDriver___024root__DepSet_hbb6e3b65__53.cpp
g++ -Os  -I.  -MMD -I/usr/share/verilator/include -I/usr/share/verilator/include/vltstd -DVM_COVERAGE=0 -DVM_SC=0 -DVM_TRACE=0 -DVM_TRACE_FST=0 -DVM_TRACE_VCD=0 -faligned-new -fcf-protection=none -Wno-bool-operation -Wno-overloaded-virtual -Wno-shadow -Wno-sign-compare -Wno-uninitialized -Wno-unused-but-set-parameter -Wno-unused-but-set-variable -Wno-unused-parameter -Wno-unused-variable     -O3 -std=c++17 -I/work/riscv/include -I/work/chipyard/tools/DRAMSim2 -I/work/chipyard/sims/verilator/generated-src/chipyard.harness.TestHarness.Baseline4CoreConfig/gen-collateral   -DVERILATOR -DVL_TIME_CONTEXT   -fcoroutines -include VTestDriver__pch.h.fast -c -o VTestDriver___024root__DepSet_hbb6e3b65__54.o VTestDriver___024root__DepSet_hbb6e3b65__54.cpp
g++ -Os  -I.  -MMD -I/usr/share/verilator/include -I/usr/share/verilator/include/vltstd -DVM_COVERAGE=0 -DVM_SC=0 -DVM_TRACE=0 -DVM_TRACE_FST=0 -DVM_TRACE_VCD=0 -faligned-new -fcf-protection=none -Wno-bool-operation -Wno-overloaded-virtual -Wno-shadow -Wno-sign-compare -Wno-uninitialized -Wno-unused-but-set-parameter -Wno-unused-but-set-variable -Wno-unused-parameter -Wno-unused-variable     -O3 -std=c++17 -I/work/riscv/include -I/work/chipyard/tools/DRAMSim2 -I/work/chipyard/sims/verilator/generated-src/chipyard.harness.TestHarness.Baseline4CoreConfig/gen-collateral   -DVERILATOR -DVL_TIME_CONTEXT   -fcoroutines -include VTestDriver__pch.h.fast -c -o VTestDriver___024root__DepSet_hbb6e3b65__55.o VTestDriver___024root__DepSet_hbb6e3b65__55.cpp
g++ -Os  -I.  -MMD -I/usr/share/verilator/include -I/usr/share/verilator/include/vltstd -DVM_COVERAGE=0 -DVM_SC=0 -DVM_TRACE=0 -DVM_TRACE_FST=0 -DVM_TRACE_VCD=0 -faligned-new -fcf-protection=none -Wno-bool-operation -Wno-overloaded-virtual -Wno-shadow -Wno-sign-compare -Wno-uninitialized -Wno-unused-but-set-parameter -Wno-unused-but-set-variable -Wno-unused-parameter -Wno-unused-variable     -O3 -std=c++17 -I/work/riscv/include -I/work/chipyard/tools/DRAMSim2 -I/work/chipyard/sims/verilator/generated-src/chipyard.harness.TestHarness.Baseline4CoreConfig/gen-collateral   -DVERILATOR -DVL_TIME_CONTEXT   -fcoroutines -include VTestDriver__pch.h.fast -c -o VTestDriver___024root__DepSet_hbb6e3b65__56.o VTestDriver___024root__DepSet_hbb6e3b65__56.cpp
g++ -Os  -I.  -MMD -I/usr/share/verilator/include -I/usr/share/verilator/include/vltstd -DVM_COVERAGE=0 -DVM_SC=0 -DVM_TRACE=0 -DVM_TRACE_FST=0 -DVM_TRACE_VCD=0 -faligned-new -fcf-protection=none -Wno-bool-operation -Wno-overloaded-virtual -Wno-shadow -Wno-sign-compare -Wno-uninitialized -Wno-unused-but-set-parameter -Wno-unused-but-set-variable -Wno-unused-parameter -Wno-unused-variable     -O3 -std=c++17 -I/work/riscv/include -I/work/chipyard/tools/DRAMSim2 -I/work/chipyard/sims/verilator/generated-src/chipyard.harness.TestHarness.Baseline4CoreConfig/gen-collateral   -DVERILATOR -DVL_TIME_CONTEXT   -fcoroutines -include VTestDriver__pch.h.fast -c -o VTestDriver___024root__DepSet_hbb6e3b65__57.o VTestDriver___024root__DepSet_hbb6e3b65__57.cpp
g++ -Os  -I.  -MMD -I/usr/share/verilator/include -I/usr/share/verilator/include/vltstd -DVM_COVERAGE=0 -DVM_SC=0 -DVM_TRACE=0 -DVM_TRACE_FST=0 -DVM_TRACE_VCD=0 -faligned-new -fcf-protection=none -Wno-bool-operation -Wno-overloaded-virtual -Wno-shadow -Wno-sign-compare -Wno-uninitialized -Wno-unused-but-set-parameter -Wno-unused-but-set-variable -Wno-unused-parameter -Wno-unused-variable     -O3 -std=c++17 -I/work/riscv/include -I/work/chipyard/tools/DRAMSim2 -I/work/chipyard/sims/verilator/generated-src/chipyard.harness.TestHarness.Baseline4CoreConfig/gen-collateral   -DVERILATOR -DVL_TIME_CONTEXT   -fcoroutines -include VTestDriver__pch.h.fast -c -o VTestDriver___024root__DepSet_hbb6e3b65__58.o VTestDriver___024root__DepSet_hbb6e3b65__58.cpp
g++ -Os  -I.  -MMD -I/usr/share/verilator/include -I/usr/share/verilator/include/vltstd -DVM_COVERAGE=0 -DVM_SC=0 -DVM_TRACE=0 -DVM_TRACE_FST=0 -DVM_TRACE_VCD=0 -faligned-new -fcf-protection=none -Wno-bool-operation -Wno-overloaded-virtual -Wno-shadow -Wno-sign-compare -Wno-uninitialized -Wno-unused-but-set-parameter -Wno-unused-but-set-variable -Wno-unused-parameter -Wno-unused-variable     -O3 -std=c++17 -I/work/riscv/include -I/work/chipyard/tools/DRAMSim2 -I/work/chipyard/sims/verilator/generated-src/chipyard.harness.TestHarness.Baseline4CoreConfig/gen-collateral   -DVERILATOR -DVL_TIME_CONTEXT   -fcoroutines -include VTestDriver__pch.h.fast -c -o VTestDriver___024root__DepSet_hbb6e3b65__59.o VTestDriver___024root__DepSet_hbb6e3b65__59.cpp
g++ -Os  -I.  -MMD -I/usr/share/verilator/include -I/usr/share/verilator/include/vltstd -DVM_COVERAGE=0 -DVM_SC=0 -DVM_TRACE=0 -DVM_TRACE_FST=0 -DVM_TRACE_VCD=0 -faligned-new -fcf-protection=none -Wno-bool-operation -Wno-overloaded-virtual -Wno-shadow -Wno-sign-compare -Wno-uninitialized -Wno-unused-but-set-parameter -Wno-unused-but-set-variable -Wno-unused-parameter -Wno-unused-variable     -O3 -std=c++17 -I/work/riscv/include -I/work/chipyard/tools/DRAMSim2 -I/work/chipyard/sims/verilator/generated-src/chipyard.harness.TestHarness.Baseline4CoreConfig/gen-collateral   -DVERILATOR -DVL_TIME_CONTEXT   -fcoroutines -include VTestDriver__pch.h.fast -c -o VTestDriver___024root__DepSet_hbb6e3b65__60.o VTestDriver___024root__DepSet_hbb6e3b65__60.cpp
g++ -Os  -I.  -MMD -I/usr/share/verilator/include -I/usr/share/verilator/include/vltstd -DVM_COVERAGE=0 -DVM_SC=0 -DVM_TRACE=0 -DVM_TRACE_FST=0 -DVM_TRACE_VCD=0 -faligned-new -fcf-protection=none -Wno-bool-operation -Wno-overloaded-virtual -Wno-shadow -Wno-sign-compare -Wno-uninitialized -Wno-unused-but-set-parameter -Wno-unused-but-set-variable -Wno-unused-parameter -Wno-unused-variable     -O3 -std=c++17 -I/work/riscv/include -I/work/chipyard/tools/DRAMSim2 -I/work/chipyard/sims/verilator/generated-src/chipyard.harness.TestHarness.Baseline4CoreConfig/gen-collateral   -DVERILATOR -DVL_TIME_CONTEXT   -fcoroutines -include VTestDriver__pch.h.fast -c -o VTestDriver___024root__DepSet_hbb6e3b65__61.o VTestDriver___024root__DepSet_hbb6e3b65__61.cpp
g++ -Os  -I.  -MMD -I/usr/share/verilator/include -I/usr/share/verilator/include/vltstd -DVM_COVERAGE=0 -DVM_SC=0 -DVM_TRACE=0 -DVM_TRACE_FST=0 -DVM_TRACE_VCD=0 -faligned-new -fcf-protection=none -Wno-bool-operation -Wno-overloaded-virtual -Wno-shadow -Wno-sign-compare -Wno-uninitialized -Wno-unused-but-set-parameter -Wno-unused-but-set-variable -Wno-unused-parameter -Wno-unused-variable     -O3 -std=c++17 -I/work/riscv/include -I/work/chipyard/tools/DRAMSim2 -I/work/chipyard/sims/verilator/generated-src/chipyard.harness.TestHarness.Baseline4CoreConfig/gen-collateral   -DVERILATOR -DVL_TIME_CONTEXT   -fcoroutines -include VTestDriver__pch.h.fast -c -o VTestDriver___024root__DepSet_hbb6e3b65__62.o VTestDriver___024root__DepSet_hbb6e3b65__62.cpp
g++ -Os  -I.  -MMD -I/usr/share/verilator/include -I/usr/share/verilator/include/vltstd -DVM_COVERAGE=0 -DVM_SC=0 -DVM_TRACE=0 -DVM_TRACE_FST=0 -DVM_TRACE_VCD=0 -faligned-new -fcf-protection=none -Wno-bool-operation -Wno-overloaded-virtual -Wno-shadow -Wno-sign-compare -Wno-uninitialized -Wno-unused-but-set-parameter -Wno-unused-but-set-variable -Wno-unused-parameter -Wno-unused-variable     -O3 -std=c++17 -I/work/riscv/include -I/work/chipyard/tools/DRAMSim2 -I/work/chipyard/sims/verilator/generated-src/chipyard.harness.TestHarness.Baseline4CoreConfig/gen-collateral   -DVERILATOR -DVL_TIME_CONTEXT   -fcoroutines -include VTestDriver__pch.h.fast -c -o VTestDriver___024root__DepSet_hbb6e3b65__63.o VTestDriver___024root__DepSet_hbb6e3b65__63.cpp
g++ -Os  -I.  -MMD -I/usr/share/verilator/include -I/usr/share/verilator/include/vltstd -DVM_COVERAGE=0 -DVM_SC=0 -DVM_TRACE=0 -DVM_TRACE_FST=0 -DVM_TRACE_VCD=0 -faligned-new -fcf-protection=none -Wno-bool-operation -Wno-overloaded-virtual -Wno-shadow -Wno-sign-compare -Wno-uninitialized -Wno-unused-but-set-parameter -Wno-unused-but-set-variable -Wno-unused-parameter -Wno-unused-variable     -O3 -std=c++17 -I/work/riscv/include -I/work/chipyard/tools/DRAMSim2 -I/work/chipyard/sims/verilator/generated-src/chipyard.harness.TestHarness.Baseline4CoreConfig/gen-collateral   -DVERILATOR -DVL_TIME_CONTEXT   -fcoroutines -include VTestDriver__pch.h.fast -c -o VTestDriver___024root__DepSet_hbb6e3b65__64.o VTestDriver___024root__DepSet_hbb6e3b65__64.cpp
g++ -Os  -I.  -MMD -I/usr/share/verilator/include -I/usr/share/verilator/include/vltstd -DVM_COVERAGE=0 -DVM_SC=0 -DVM_TRACE=0 -DVM_TRACE_FST=0 -DVM_TRACE_VCD=0 -faligned-new -fcf-protection=none -Wno-bool-operation -Wno-overloaded-virtual -Wno-shadow -Wno-sign-compare -Wno-uninitialized -Wno-unused-but-set-parameter -Wno-unused-but-set-variable -Wno-unused-parameter -Wno-unused-variable     -O3 -std=c++17 -I/work/riscv/include -I/work/chipyard/tools/DRAMSim2 -I/work/chipyard/sims/verilator/generated-src/chipyard.harness.TestHarness.Baseline4CoreConfig/gen-collateral   -DVERILATOR -DVL_TIME_CONTEXT   -fcoroutines -include VTestDriver__pch.h.fast -c -o VTestDriver___024root__DepSet_hbb6e3b65__65.o VTestDriver___024root__DepSet_hbb6e3b65__65.cpp
g++ -Os  -I.  -MMD -I/usr/share/verilator/include -I/usr/share/verilator/include/vltstd -DVM_COVERAGE=0 -DVM_SC=0 -DVM_TRACE=0 -DVM_TRACE_FST=0 -DVM_TRACE_VCD=0 -faligned-new -fcf-protection=none -Wno-bool-operation -Wno-overloaded-virtual -Wno-shadow -Wno-sign-compare -Wno-uninitialized -Wno-unused-but-set-parameter -Wno-unused-but-set-variable -Wno-unused-parameter -Wno-unused-variable     -O3 -std=c++17 -I/work/riscv/include -I/work/chipyard/tools/DRAMSim2 -I/work/chipyard/sims/verilator/generated-src/chipyard.harness.TestHarness.Baseline4CoreConfig/gen-collateral   -DVERILATOR -DVL_TIME_CONTEXT   -fcoroutines -include VTestDriver__pch.h.fast -c -o VTestDriver___024unit__DepSet_hf172cd27__0.o VTestDriver___024unit__DepSet_hf172cd27__0.cpp
g++ -Os  -I.  -MMD -I/usr/share/verilator/include -I/usr/share/verilator/include/vltstd -DVM_COVERAGE=0 -DVM_SC=0 -DVM_TRACE=0 -DVM_TRACE_FST=0 -DVM_TRACE_VCD=0 -faligned-new -fcf-protection=none -Wno-bool-operation -Wno-overloaded-virtual -Wno-shadow -Wno-sign-compare -Wno-uninitialized -Wno-unused-but-set-parameter -Wno-unused-but-set-variable -Wno-unused-parameter -Wno-unused-variable     -O3 -std=c++17 -I/work/riscv/include -I/work/chipyard/tools/DRAMSim2 -I/work/chipyard/sims/verilator/generated-src/chipyard.harness.TestHarness.Baseline4CoreConfig/gen-collateral   -DVERILATOR -DVL_TIME_CONTEXT   -fcoroutines -include VTestDriver__pch.h.fast -c -o VTestDriver__main.o VTestDriver__main.cpp
g++ -Os  -I.  -MMD -I/usr/share/verilator/include -I/usr/share/verilator/include/vltstd -DVM_COVERAGE=0 -DVM_SC=0 -DVM_TRACE=0 -DVM_TRACE_FST=0 -DVM_TRACE_VCD=0 -faligned-new -fcf-protection=none -Wno-bool-operation -Wno-overloaded-virtual -Wno-shadow -Wno-sign-compare -Wno-uninitialized -Wno-unused-but-set-parameter -Wno-unused-but-set-variable -Wno-unused-parameter -Wno-unused-variable     -O3 -std=c++17 -I/work/riscv/include -I/work/chipyard/tools/DRAMSim2 -I/work/chipyard/sims/verilator/generated-src/chipyard.harness.TestHarness.Baseline4CoreConfig/gen-collateral   -DVERILATOR -DVL_TIME_CONTEXT   -fcoroutines -include VTestDriver__pch.h.fast -c -o VTestDriver__Dpi.o VTestDriver__Dpi.cpp
g++   -I.  -MMD -I/usr/share/verilator/include -I/usr/share/verilator/include/vltstd -DVM_COVERAGE=0 -DVM_SC=0 -DVM_TRACE=0 -DVM_TRACE_FST=0 -DVM_TRACE_VCD=0 -faligned-new -fcf-protection=none -Wno-bool-operation -Wno-overloaded-virtual -Wno-shadow -Wno-sign-compare -Wno-uninitialized -Wno-unused-but-set-parameter -Wno-unused-but-set-variable -Wno-unused-parameter -Wno-unused-variable     -O3 -std=c++17 -I/work/riscv/include -I/work/chipyard/tools/DRAMSim2 -I/work/chipyard/sims/verilator/generated-src/chipyard.harness.TestHarness.Baseline4CoreConfig/gen-collateral   -DVERILATOR -DVL_TIME_CONTEXT   -fcoroutines -include VTestDriver__pch.h.slow -c -o VTestDriver__ConstPool_0.o VTestDriver__ConstPool_0.cpp
g++   -I.  -MMD -I/usr/share/verilator/include -I/usr/share/verilator/include/vltstd -DVM_COVERAGE=0 -DVM_SC=0 -DVM_TRACE=0 -DVM_TRACE_FST=0 -DVM_TRACE_VCD=0 -faligned-new -fcf-protection=none -Wno-bool-operation -Wno-overloaded-virtual -Wno-shadow -Wno-sign-compare -Wno-uninitialized -Wno-unused-but-set-parameter -Wno-unused-but-set-variable -Wno-unused-parameter -Wno-unused-variable     -O3 -std=c++17 -I/work/riscv/include -I/work/chipyard/tools/DRAMSim2 -I/work/chipyard/sims/verilator/generated-src/chipyard.harness.TestHarness.Baseline4CoreConfig/gen-collateral   -DVERILATOR -DVL_TIME_CONTEXT   -fcoroutines -include VTestDriver__pch.h.slow -c -o VTestDriver___024root__Slow.o VTestDriver___024root__Slow.cpp
g++   -I.  -MMD -I/usr/share/verilator/include -I/usr/share/verilator/include/vltstd -DVM_COVERAGE=0 -DVM_SC=0 -DVM_TRACE=0 -DVM_TRACE_FST=0 -DVM_TRACE_VCD=0 -faligned-new -fcf-protection=none -Wno-bool-operation -Wno-overloaded-virtual -Wno-shadow -Wno-sign-compare -Wno-uninitialized -Wno-unused-but-set-parameter -Wno-unused-but-set-variable -Wno-unused-parameter -Wno-unused-variable     -O3 -std=c++17 -I/work/riscv/include -I/work/chipyard/tools/DRAMSim2 -I/work/chipyard/sims/verilator/generated-src/chipyard.harness.TestHarness.Baseline4CoreConfig/gen-collateral   -DVERILATOR -DVL_TIME_CONTEXT   -fcoroutines -include VTestDriver__pch.h.slow -c -o VTestDriver___024root__DepSet_h662e1026__0__Slow.o VTestDriver___024root__DepSet_h662e1026__0__Slow.cpp
g++   -I.  -MMD -I/usr/share/verilator/include -I/usr/share/verilator/include/vltstd -DVM_COVERAGE=0 -DVM_SC=0 -DVM_TRACE=0 -DVM_TRACE_FST=0 -DVM_TRACE_VCD=0 -faligned-new -fcf-protection=none -Wno-bool-operation -Wno-overloaded-virtual -Wno-shadow -Wno-sign-compare -Wno-uninitialized -Wno-unused-but-set-parameter -Wno-unused-but-set-variable -Wno-unused-parameter -Wno-unused-variable     -O3 -std=c++17 -I/work/riscv/include -I/work/chipyard/tools/DRAMSim2 -I/work/chipyard/sims/verilator/generated-src/chipyard.harness.TestHarness.Baseline4CoreConfig/gen-collateral   -DVERILATOR -DVL_TIME_CONTEXT   -fcoroutines -include VTestDriver__pch.h.slow -c -o VTestDriver___024root__DepSet_hbb6e3b65__0__Slow.o VTestDriver___024root__DepSet_hbb6e3b65__0__Slow.cpp
g++   -I.  -MMD -I/usr/share/verilator/include -I/usr/share/verilator/include/vltstd -DVM_COVERAGE=0 -DVM_SC=0 -DVM_TRACE=0 -DVM_TRACE_FST=0 -DVM_TRACE_VCD=0 -faligned-new -fcf-protection=none -Wno-bool-operation -Wno-overloaded-virtual -Wno-shadow -Wno-sign-compare -Wno-uninitialized -Wno-unused-but-set-parameter -Wno-unused-but-set-variable -Wno-unused-parameter -Wno-unused-variable     -O3 -std=c++17 -I/work/riscv/include -I/work/chipyard/tools/DRAMSim2 -I/work/chipyard/sims/verilator/generated-src/chipyard.harness.TestHarness.Baseline4CoreConfig/gen-collateral   -DVERILATOR -DVL_TIME_CONTEXT   -fcoroutines -include VTestDriver__pch.h.slow -c -o VTestDriver___024root__DepSet_hbb6e3b65__1__Slow.o VTestDriver___024root__DepSet_hbb6e3b65__1__Slow.cpp
g++   -I.  -MMD -I/usr/share/verilator/include -I/usr/share/verilator/include/vltstd -DVM_COVERAGE=0 -DVM_SC=0 -DVM_TRACE=0 -DVM_TRACE_FST=0 -DVM_TRACE_VCD=0 -faligned-new -fcf-protection=none -Wno-bool-operation -Wno-overloaded-virtual -Wno-shadow -Wno-sign-compare -Wno-uninitialized -Wno-unused-but-set-parameter -Wno-unused-but-set-variable -Wno-unused-parameter -Wno-unused-variable     -O3 -std=c++17 -I/work/riscv/include -I/work/chipyard/tools/DRAMSim2 -I/work/chipyard/sims/verilator/generated-src/chipyard.harness.TestHarness.Baseline4CoreConfig/gen-collateral   -DVERILATOR -DVL_TIME_CONTEXT   -fcoroutines -include VTestDriver__pch.h.slow -c -o VTestDriver___024root__DepSet_hbb6e3b65__2__Slow.o VTestDriver___024root__DepSet_hbb6e3b65__2__Slow.cpp
g++   -I.  -MMD -I/usr/share/verilator/include -I/usr/share/verilator/include/vltstd -DVM_COVERAGE=0 -DVM_SC=0 -DVM_TRACE=0 -DVM_TRACE_FST=0 -DVM_TRACE_VCD=0 -faligned-new -fcf-protection=none -Wno-bool-operation -Wno-overloaded-virtual -Wno-shadow -Wno-sign-compare -Wno-uninitialized -Wno-unused-but-set-parameter -Wno-unused-but-set-variable -Wno-unused-parameter -Wno-unused-variable     -O3 -std=c++17 -I/work/riscv/include -I/work/chipyard/tools/DRAMSim2 -I/work/chipyard/sims/verilator/generated-src/chipyard.harness.TestHarness.Baseline4CoreConfig/gen-collateral   -DVERILATOR -DVL_TIME_CONTEXT   -fcoroutines -include VTestDriver__pch.h.slow -c -o VTestDriver___024root__DepSet_hbb6e3b65__3__Slow.o VTestDriver___024root__DepSet_hbb6e3b65__3__Slow.cpp
g++   -I.  -MMD -I/usr/share/verilator/include -I/usr/share/verilator/include/vltstd -DVM_COVERAGE=0 -DVM_SC=0 -DVM_TRACE=0 -DVM_TRACE_FST=0 -DVM_TRACE_VCD=0 -faligned-new -fcf-protection=none -Wno-bool-operation -Wno-overloaded-virtual -Wno-shadow -Wno-sign-compare -Wno-uninitialized -Wno-unused-but-set-parameter -Wno-unused-but-set-variable -Wno-unused-parameter -Wno-unused-variable     -O3 -std=c++17 -I/work/riscv/include -I/work/chipyard/tools/DRAMSim2 -I/work/chipyard/sims/verilator/generated-src/chipyard.harness.TestHarness.Baseline4CoreConfig/gen-collateral   -DVERILATOR -DVL_TIME_CONTEXT   -fcoroutines -include VTestDriver__pch.h.slow -c -o VTestDriver___024root__DepSet_hbb6e3b65__4__Slow.o VTestDriver___024root__DepSet_hbb6e3b65__4__Slow.cpp
g++   -I.  -MMD -I/usr/share/verilator/include -I/usr/share/verilator/include/vltstd -DVM_COVERAGE=0 -DVM_SC=0 -DVM_TRACE=0 -DVM_TRACE_FST=0 -DVM_TRACE_VCD=0 -faligned-new -fcf-protection=none -Wno-bool-operation -Wno-overloaded-virtual -Wno-shadow -Wno-sign-compare -Wno-uninitialized -Wno-unused-but-set-parameter -Wno-unused-but-set-variable -Wno-unused-parameter -Wno-unused-variable     -O3 -std=c++17 -I/work/riscv/include -I/work/chipyard/tools/DRAMSim2 -I/work/chipyard/sims/verilator/generated-src/chipyard.harness.TestHarness.Baseline4CoreConfig/gen-collateral   -DVERILATOR -DVL_TIME_CONTEXT   -fcoroutines -include VTestDriver__pch.h.slow -c -o VTestDriver___024root__DepSet_hbb6e3b65__5__Slow.o VTestDriver___024root__DepSet_hbb6e3b65__5__Slow.cpp
g++   -I.  -MMD -I/usr/share/verilator/include -I/usr/share/verilator/include/vltstd -DVM_COVERAGE=0 -DVM_SC=0 -DVM_TRACE=0 -DVM_TRACE_FST=0 -DVM_TRACE_VCD=0 -faligned-new -fcf-protection=none -Wno-bool-operation -Wno-overloaded-virtual -Wno-shadow -Wno-sign-compare -Wno-uninitialized -Wno-unused-but-set-parameter -Wno-unused-but-set-variable -Wno-unused-parameter -Wno-unused-variable     -O3 -std=c++17 -I/work/riscv/include -I/work/chipyard/tools/DRAMSim2 -I/work/chipyard/sims/verilator/generated-src/chipyard.harness.TestHarness.Baseline4CoreConfig/gen-collateral   -DVERILATOR -DVL_TIME_CONTEXT   -fcoroutines -include VTestDriver__pch.h.slow -c -o VTestDriver___024root__DepSet_hbb6e3b65__6__Slow.o VTestDriver___024root__DepSet_hbb6e3b65__6__Slow.cpp
g++   -I.  -MMD -I/usr/share/verilator/include -I/usr/share/verilator/include/vltstd -DVM_COVERAGE=0 -DVM_SC=0 -DVM_TRACE=0 -DVM_TRACE_FST=0 -DVM_TRACE_VCD=0 -faligned-new -fcf-protection=none -Wno-bool-operation -Wno-overloaded-virtual -Wno-shadow -Wno-sign-compare -Wno-uninitialized -Wno-unused-but-set-parameter -Wno-unused-but-set-variable -Wno-unused-parameter -Wno-unused-variable     -O3 -std=c++17 -I/work/riscv/include -I/work/chipyard/tools/DRAMSim2 -I/work/chipyard/sims/verilator/generated-src/chipyard.harness.TestHarness.Baseline4CoreConfig/gen-collateral   -DVERILATOR -DVL_TIME_CONTEXT   -fcoroutines -include VTestDriver__pch.h.slow -c -o VTestDriver___024root__DepSet_hbb6e3b65__7__Slow.o VTestDriver___024root__DepSet_hbb6e3b65__7__Slow.cpp
g++   -I.  -MMD -I/usr/share/verilator/include -I/usr/share/verilator/include/vltstd -DVM_COVERAGE=0 -DVM_SC=0 -DVM_TRACE=0 -DVM_TRACE_FST=0 -DVM_TRACE_VCD=0 -faligned-new -fcf-protection=none -Wno-bool-operation -Wno-overloaded-virtual -Wno-shadow -Wno-sign-compare -Wno-uninitialized -Wno-unused-but-set-parameter -Wno-unused-but-set-variable -Wno-unused-parameter -Wno-unused-variable     -O3 -std=c++17 -I/work/riscv/include -I/work/chipyard/tools/DRAMSim2 -I/work/chipyard/sims/verilator/generated-src/chipyard.harness.TestHarness.Baseline4CoreConfig/gen-collateral   -DVERILATOR -DVL_TIME_CONTEXT   -fcoroutines -include VTestDriver__pch.h.slow -c -o VTestDriver___024root__DepSet_hbb6e3b65__8__Slow.o VTestDriver___024root__DepSet_hbb6e3b65__8__Slow.cpp
g++   -I.  -MMD -I/usr/share/verilator/include -I/usr/share/verilator/include/vltstd -DVM_COVERAGE=0 -DVM_SC=0 -DVM_TRACE=0 -DVM_TRACE_FST=0 -DVM_TRACE_VCD=0 -faligned-new -fcf-protection=none -Wno-bool-operation -Wno-overloaded-virtual -Wno-shadow -Wno-sign-compare -Wno-uninitialized -Wno-unused-but-set-parameter -Wno-unused-but-set-variable -Wno-unused-parameter -Wno-unused-variable     -O3 -std=c++17 -I/work/riscv/include -I/work/chipyard/tools/DRAMSim2 -I/work/chipyard/sims/verilator/generated-src/chipyard.harness.TestHarness.Baseline4CoreConfig/gen-collateral   -DVERILATOR -DVL_TIME_CONTEXT   -fcoroutines -include VTestDriver__pch.h.slow -c -o VTestDriver___024root__DepSet_hbb6e3b65__9__Slow.o VTestDriver___024root__DepSet_hbb6e3b65__9__Slow.cpp
g++   -I.  -MMD -I/usr/share/verilator/include -I/usr/share/verilator/include/vltstd -DVM_COVERAGE=0 -DVM_SC=0 -DVM_TRACE=0 -DVM_TRACE_FST=0 -DVM_TRACE_VCD=0 -faligned-new -fcf-protection=none -Wno-bool-operation -Wno-overloaded-virtual -Wno-shadow -Wno-sign-compare -Wno-uninitialized -Wno-unused-but-set-parameter -Wno-unused-but-set-variable -Wno-unused-parameter -Wno-unused-variable     -O3 -std=c++17 -I/work/riscv/include -I/work/chipyard/tools/DRAMSim2 -I/work/chipyard/sims/verilator/generated-src/chipyard.harness.TestHarness.Baseline4CoreConfig/gen-collateral   -DVERILATOR -DVL_TIME_CONTEXT   -fcoroutines -include VTestDriver__pch.h.slow -c -o VTestDriver___024root__DepSet_hbb6e3b65__10__Slow.o VTestDriver___024root__DepSet_hbb6e3b65__10__Slow.cpp
g++   -I.  -MMD -I/usr/share/verilator/include -I/usr/share/verilator/include/vltstd -DVM_COVERAGE=0 -DVM_SC=0 -DVM_TRACE=0 -DVM_TRACE_FST=0 -DVM_TRACE_VCD=0 -faligned-new -fcf-protection=none -Wno-bool-operation -Wno-overloaded-virtual -Wno-shadow -Wno-sign-compare -Wno-uninitialized -Wno-unused-but-set-parameter -Wno-unused-but-set-variable -Wno-unused-parameter -Wno-unused-variable     -O3 -std=c++17 -I/work/riscv/include -I/work/chipyard/tools/DRAMSim2 -I/work/chipyard/sims/verilator/generated-src/chipyard.harness.TestHarness.Baseline4CoreConfig/gen-collateral   -DVERILATOR -DVL_TIME_CONTEXT   -fcoroutines -include VTestDriver__pch.h.slow -c -o VTestDriver___024root__DepSet_hbb6e3b65__11__Slow.o VTestDriver___024root__DepSet_hbb6e3b65__11__Slow.cpp
g++   -I.  -MMD -I/usr/share/verilator/include -I/usr/share/verilator/include/vltstd -DVM_COVERAGE=0 -DVM_SC=0 -DVM_TRACE=0 -DVM_TRACE_FST=0 -DVM_TRACE_VCD=0 -faligned-new -fcf-protection=none -Wno-bool-operation -Wno-overloaded-virtual -Wno-shadow -Wno-sign-compare -Wno-uninitialized -Wno-unused-but-set-parameter -Wno-unused-but-set-variable -Wno-unused-parameter -Wno-unused-variable     -O3 -std=c++17 -I/work/riscv/include -I/work/chipyard/tools/DRAMSim2 -I/work/chipyard/sims/verilator/generated-src/chipyard.harness.TestHarness.Baseline4CoreConfig/gen-collateral   -DVERILATOR -DVL_TIME_CONTEXT   -fcoroutines -include VTestDriver__pch.h.slow -c -o VTestDriver___024root__DepSet_hbb6e3b65__12__Slow.o VTestDriver___024root__DepSet_hbb6e3b65__12__Slow.cpp
g++   -I.  -MMD -I/usr/share/verilator/include -I/usr/share/verilator/include/vltstd -DVM_COVERAGE=0 -DVM_SC=0 -DVM_TRACE=0 -DVM_TRACE_FST=0 -DVM_TRACE_VCD=0 -faligned-new -fcf-protection=none -Wno-bool-operation -Wno-overloaded-virtual -Wno-shadow -Wno-sign-compare -Wno-uninitialized -Wno-unused-but-set-parameter -Wno-unused-but-set-variable -Wno-unused-parameter -Wno-unused-variable     -O3 -std=c++17 -I/work/riscv/include -I/work/chipyard/tools/DRAMSim2 -I/work/chipyard/sims/verilator/generated-src/chipyard.harness.TestHarness.Baseline4CoreConfig/gen-collateral   -DVERILATOR -DVL_TIME_CONTEXT   -fcoroutines -include VTestDriver__pch.h.slow -c -o VTestDriver___024root__DepSet_hbb6e3b65__13__Slow.o VTestDriver___024root__DepSet_hbb6e3b65__13__Slow.cpp
g++   -I.  -MMD -I/usr/share/verilator/include -I/usr/share/verilator/include/vltstd -DVM_COVERAGE=0 -DVM_SC=0 -DVM_TRACE=0 -DVM_TRACE_FST=0 -DVM_TRACE_VCD=0 -faligned-new -fcf-protection=none -Wno-bool-operation -Wno-overloaded-virtual -Wno-shadow -Wno-sign-compare -Wno-uninitialized -Wno-unused-but-set-parameter -Wno-unused-but-set-variable -Wno-unused-parameter -Wno-unused-variable     -O3 -std=c++17 -I/work/riscv/include -I/work/chipyard/tools/DRAMSim2 -I/work/chipyard/sims/verilator/generated-src/chipyard.harness.TestHarness.Baseline4CoreConfig/gen-collateral   -DVERILATOR -DVL_TIME_CONTEXT   -fcoroutines -include VTestDriver__pch.h.slow -c -o VTestDriver___024root__DepSet_hbb6e3b65__14__Slow.o VTestDriver___024root__DepSet_hbb6e3b65__14__Slow.cpp
g++   -I.  -MMD -I/usr/share/verilator/include -I/usr/share/verilator/include/vltstd -DVM_COVERAGE=0 -DVM_SC=0 -DVM_TRACE=0 -DVM_TRACE_FST=0 -DVM_TRACE_VCD=0 -faligned-new -fcf-protection=none -Wno-bool-operation -Wno-overloaded-virtual -Wno-shadow -Wno-sign-compare -Wno-uninitialized -Wno-unused-but-set-parameter -Wno-unused-but-set-variable -Wno-unused-parameter -Wno-unused-variable     -O3 -std=c++17 -I/work/riscv/include -I/work/chipyard/tools/DRAMSim2 -I/work/chipyard/sims/verilator/generated-src/chipyard.harness.TestHarness.Baseline4CoreConfig/gen-collateral   -DVERILATOR -DVL_TIME_CONTEXT   -fcoroutines -include VTestDriver__pch.h.slow -c -o VTestDriver___024root__DepSet_hbb6e3b65__15__Slow.o VTestDriver___024root__DepSet_hbb6e3b65__15__Slow.cpp
g++   -I.  -MMD -I/usr/share/verilator/include -I/usr/share/verilator/include/vltstd -DVM_COVERAGE=0 -DVM_SC=0 -DVM_TRACE=0 -DVM_TRACE_FST=0 -DVM_TRACE_VCD=0 -faligned-new -fcf-protection=none -Wno-bool-operation -Wno-overloaded-virtual -Wno-shadow -Wno-sign-compare -Wno-uninitialized -Wno-unused-but-set-parameter -Wno-unused-but-set-variable -Wno-unused-parameter -Wno-unused-variable     -O3 -std=c++17 -I/work/riscv/include -I/work/chipyard/tools/DRAMSim2 -I/work/chipyard/sims/verilator/generated-src/chipyard.harness.TestHarness.Baseline4CoreConfig/gen-collateral   -DVERILATOR -DVL_TIME_CONTEXT   -fcoroutines -include VTestDriver__pch.h.slow -c -o VTestDriver___024root__DepSet_hbb6e3b65__16__Slow.o VTestDriver___024root__DepSet_hbb6e3b65__16__Slow.cpp
g++   -I.  -MMD -I/usr/share/verilator/include -I/usr/share/verilator/include/vltstd -DVM_COVERAGE=0 -DVM_SC=0 -DVM_TRACE=0 -DVM_TRACE_FST=0 -DVM_TRACE_VCD=0 -faligned-new -fcf-protection=none -Wno-bool-operation -Wno-overloaded-virtual -Wno-shadow -Wno-sign-compare -Wno-uninitialized -Wno-unused-but-set-parameter -Wno-unused-but-set-variable -Wno-unused-parameter -Wno-unused-variable     -O3 -std=c++17 -I/work/riscv/include -I/work/chipyard/tools/DRAMSim2 -I/work/chipyard/sims/verilator/generated-src/chipyard.harness.TestHarness.Baseline4CoreConfig/gen-collateral   -DVERILATOR -DVL_TIME_CONTEXT   -fcoroutines -include VTestDriver__pch.h.slow -c -o VTestDriver___024root__DepSet_hbb6e3b65__17__Slow.o VTestDriver___024root__DepSet_hbb6e3b65__17__Slow.cpp
g++   -I.  -MMD -I/usr/share/verilator/include -I/usr/share/verilator/include/vltstd -DVM_COVERAGE=0 -DVM_SC=0 -DVM_TRACE=0 -DVM_TRACE_FST=0 -DVM_TRACE_VCD=0 -faligned-new -fcf-protection=none -Wno-bool-operation -Wno-overloaded-virtual -Wno-shadow -Wno-sign-compare -Wno-uninitialized -Wno-unused-but-set-parameter -Wno-unused-but-set-variable -Wno-unused-parameter -Wno-unused-variable     -O3 -std=c++17 -I/work/riscv/include -I/work/chipyard/tools/DRAMSim2 -I/work/chipyard/sims/verilator/generated-src/chipyard.harness.TestHarness.Baseline4CoreConfig/gen-collateral   -DVERILATOR -DVL_TIME_CONTEXT   -fcoroutines -include VTestDriver__pch.h.slow -c -o VTestDriver___024root__DepSet_hbb6e3b65__18__Slow.o VTestDriver___024root__DepSet_hbb6e3b65__18__Slow.cpp
g++   -I.  -MMD -I/usr/share/verilator/include -I/usr/share/verilator/include/vltstd -DVM_COVERAGE=0 -DVM_SC=0 -DVM_TRACE=0 -DVM_TRACE_FST=0 -DVM_TRACE_VCD=0 -faligned-new -fcf-protection=none -Wno-bool-operation -Wno-overloaded-virtual -Wno-shadow -Wno-sign-compare -Wno-uninitialized -Wno-unused-but-set-parameter -Wno-unused-but-set-variable -Wno-unused-parameter -Wno-unused-variable     -O3 -std=c++17 -I/work/riscv/include -I/work/chipyard/tools/DRAMSim2 -I/work/chipyard/sims/verilator/generated-src/chipyard.harness.TestHarness.Baseline4CoreConfig/gen-collateral   -DVERILATOR -DVL_TIME_CONTEXT   -fcoroutines -include VTestDriver__pch.h.slow -c -o VTestDriver___024root__DepSet_hbb6e3b65__19__Slow.o VTestDriver___024root__DepSet_hbb6e3b65__19__Slow.cpp
g++   -I.  -MMD -I/usr/share/verilator/include -I/usr/share/verilator/include/vltstd -DVM_COVERAGE=0 -DVM_SC=0 -DVM_TRACE=0 -DVM_TRACE_FST=0 -DVM_TRACE_VCD=0 -faligned-new -fcf-protection=none -Wno-bool-operation -Wno-overloaded-virtual -Wno-shadow -Wno-sign-compare -Wno-uninitialized -Wno-unused-but-set-parameter -Wno-unused-but-set-variable -Wno-unused-parameter -Wno-unused-variable     -O3 -std=c++17 -I/work/riscv/include -I/work/chipyard/tools/DRAMSim2 -I/work/chipyard/sims/verilator/generated-src/chipyard.harness.TestHarness.Baseline4CoreConfig/gen-collateral   -DVERILATOR -DVL_TIME_CONTEXT   -fcoroutines -include VTestDriver__pch.h.slow -c -o VTestDriver___024root__DepSet_hbb6e3b65__20__Slow.o VTestDriver___024root__DepSet_hbb6e3b65__20__Slow.cpp
g++   -I.  -MMD -I/usr/share/verilator/include -I/usr/share/verilator/include/vltstd -DVM_COVERAGE=0 -DVM_SC=0 -DVM_TRACE=0 -DVM_TRACE_FST=0 -DVM_TRACE_VCD=0 -faligned-new -fcf-protection=none -Wno-bool-operation -Wno-overloaded-virtual -Wno-shadow -Wno-sign-compare -Wno-uninitialized -Wno-unused-but-set-parameter -Wno-unused-but-set-variable -Wno-unused-parameter -Wno-unused-variable     -O3 -std=c++17 -I/work/riscv/include -I/work/chipyard/tools/DRAMSim2 -I/work/chipyard/sims/verilator/generated-src/chipyard.harness.TestHarness.Baseline4CoreConfig/gen-collateral   -DVERILATOR -DVL_TIME_CONTEXT   -fcoroutines -include VTestDriver__pch.h.slow -c -o VTestDriver___024root__DepSet_hbb6e3b65__21__Slow.o VTestDriver___024root__DepSet_hbb6e3b65__21__Slow.cpp
g++   -I.  -MMD -I/usr/share/verilator/include -I/usr/share/verilator/include/vltstd -DVM_COVERAGE=0 -DVM_SC=0 -DVM_TRACE=0 -DVM_TRACE_FST=0 -DVM_TRACE_VCD=0 -faligned-new -fcf-protection=none -Wno-bool-operation -Wno-overloaded-virtual -Wno-shadow -Wno-sign-compare -Wno-uninitialized -Wno-unused-but-set-parameter -Wno-unused-but-set-variable -Wno-unused-parameter -Wno-unused-variable     -O3 -std=c++17 -I/work/riscv/include -I/work/chipyard/tools/DRAMSim2 -I/work/chipyard/sims/verilator/generated-src/chipyard.harness.TestHarness.Baseline4CoreConfig/gen-collateral   -DVERILATOR -DVL_TIME_CONTEXT   -fcoroutines -include VTestDriver__pch.h.slow -c -o VTestDriver___024root__DepSet_hbb6e3b65__22__Slow.o VTestDriver___024root__DepSet_hbb6e3b65__22__Slow.cpp
g++   -I.  -MMD -I/usr/share/verilator/include -I/usr/share/verilator/include/vltstd -DVM_COVERAGE=0 -DVM_SC=0 -DVM_TRACE=0 -DVM_TRACE_FST=0 -DVM_TRACE_VCD=0 -faligned-new -fcf-protection=none -Wno-bool-operation -Wno-overloaded-virtual -Wno-shadow -Wno-sign-compare -Wno-uninitialized -Wno-unused-but-set-parameter -Wno-unused-but-set-variable -Wno-unused-parameter -Wno-unused-variable     -O3 -std=c++17 -I/work/riscv/include -I/work/chipyard/tools/DRAMSim2 -I/work/chipyard/sims/verilator/generated-src/chipyard.harness.TestHarness.Baseline4CoreConfig/gen-collateral   -DVERILATOR -DVL_TIME_CONTEXT   -fcoroutines -include VTestDriver__pch.h.slow -c -o VTestDriver___024root__DepSet_hbb6e3b65__23__Slow.o VTestDriver___024root__DepSet_hbb6e3b65__23__Slow.cpp
g++   -I.  -MMD -I/usr/share/verilator/include -I/usr/share/verilator/include/vltstd -DVM_COVERAGE=0 -DVM_SC=0 -DVM_TRACE=0 -DVM_TRACE_FST=0 -DVM_TRACE_VCD=0 -faligned-new -fcf-protection=none -Wno-bool-operation -Wno-overloaded-virtual -Wno-shadow -Wno-sign-compare -Wno-uninitialized -Wno-unused-but-set-parameter -Wno-unused-but-set-variable -Wno-unused-parameter -Wno-unused-variable     -O3 -std=c++17 -I/work/riscv/include -I/work/chipyard/tools/DRAMSim2 -I/work/chipyard/sims/verilator/generated-src/chipyard.harness.TestHarness.Baseline4CoreConfig/gen-collateral   -DVERILATOR -DVL_TIME_CONTEXT   -fcoroutines -include VTestDriver__pch.h.slow -c -o VTestDriver___024root__DepSet_hbb6e3b65__24__Slow.o VTestDriver___024root__DepSet_hbb6e3b65__24__Slow.cpp
g++   -I.  -MMD -I/usr/share/verilator/include -I/usr/share/verilator/include/vltstd -DVM_COVERAGE=0 -DVM_SC=0 -DVM_TRACE=0 -DVM_TRACE_FST=0 -DVM_TRACE_VCD=0 -faligned-new -fcf-protection=none -Wno-bool-operation -Wno-overloaded-virtual -Wno-shadow -Wno-sign-compare -Wno-uninitialized -Wno-unused-but-set-parameter -Wno-unused-but-set-variable -Wno-unused-parameter -Wno-unused-variable     -O3 -std=c++17 -I/work/riscv/include -I/work/chipyard/tools/DRAMSim2 -I/work/chipyard/sims/verilator/generated-src/chipyard.harness.TestHarness.Baseline4CoreConfig/gen-collateral   -DVERILATOR -DVL_TIME_CONTEXT   -fcoroutines -include VTestDriver__pch.h.slow -c -o VTestDriver___024root__DepSet_hbb6e3b65__25__Slow.o VTestDriver___024root__DepSet_hbb6e3b65__25__Slow.cpp
g++   -I.  -MMD -I/usr/share/verilator/include -I/usr/share/verilator/include/vltstd -DVM_COVERAGE=0 -DVM_SC=0 -DVM_TRACE=0 -DVM_TRACE_FST=0 -DVM_TRACE_VCD=0 -faligned-new -fcf-protection=none -Wno-bool-operation -Wno-overloaded-virtual -Wno-shadow -Wno-sign-compare -Wno-uninitialized -Wno-unused-but-set-parameter -Wno-unused-but-set-variable -Wno-unused-parameter -Wno-unused-variable     -O3 -std=c++17 -I/work/riscv/include -I/work/chipyard/tools/DRAMSim2 -I/work/chipyard/sims/verilator/generated-src/chipyard.harness.TestHarness.Baseline4CoreConfig/gen-collateral   -DVERILATOR -DVL_TIME_CONTEXT   -fcoroutines -include VTestDriver__pch.h.slow -c -o VTestDriver___024root__DepSet_hbb6e3b65__26__Slow.o VTestDriver___024root__DepSet_hbb6e3b65__26__Slow.cpp
g++   -I.  -MMD -I/usr/share/verilator/include -I/usr/share/verilator/include/vltstd -DVM_COVERAGE=0 -DVM_SC=0 -DVM_TRACE=0 -DVM_TRACE_FST=0 -DVM_TRACE_VCD=0 -faligned-new -fcf-protection=none -Wno-bool-operation -Wno-overloaded-virtual -Wno-shadow -Wno-sign-compare -Wno-uninitialized -Wno-unused-but-set-parameter -Wno-unused-but-set-variable -Wno-unused-parameter -Wno-unused-variable     -O3 -std=c++17 -I/work/riscv/include -I/work/chipyard/tools/DRAMSim2 -I/work/chipyard/sims/verilator/generated-src/chipyard.harness.TestHarness.Baseline4CoreConfig/gen-collateral   -DVERILATOR -DVL_TIME_CONTEXT   -fcoroutines -include VTestDriver__pch.h.slow -c -o VTestDriver___024root__DepSet_hbb6e3b65__27__Slow.o VTestDriver___024root__DepSet_hbb6e3b65__27__Slow.cpp
g++   -I.  -MMD -I/usr/share/verilator/include -I/usr/share/verilator/include/vltstd -DVM_COVERAGE=0 -DVM_SC=0 -DVM_TRACE=0 -DVM_TRACE_FST=0 -DVM_TRACE_VCD=0 -faligned-new -fcf-protection=none -Wno-bool-operation -Wno-overloaded-virtual -Wno-shadow -Wno-sign-compare -Wno-uninitialized -Wno-unused-but-set-parameter -Wno-unused-but-set-variable -Wno-unused-parameter -Wno-unused-variable     -O3 -std=c++17 -I/work/riscv/include -I/work/chipyard/tools/DRAMSim2 -I/work/chipyard/sims/verilator/generated-src/chipyard.harness.TestHarness.Baseline4CoreConfig/gen-collateral   -DVERILATOR -DVL_TIME_CONTEXT   -fcoroutines -include VTestDriver__pch.h.slow -c -o VTestDriver___024root__DepSet_hbb6e3b65__28__Slow.o VTestDriver___024root__DepSet_hbb6e3b65__28__Slow.cpp
g++   -I.  -MMD -I/usr/share/verilator/include -I/usr/share/verilator/include/vltstd -DVM_COVERAGE=0 -DVM_SC=0 -DVM_TRACE=0 -DVM_TRACE_FST=0 -DVM_TRACE_VCD=0 -faligned-new -fcf-protection=none -Wno-bool-operation -Wno-overloaded-virtual -Wno-shadow -Wno-sign-compare -Wno-uninitialized -Wno-unused-but-set-parameter -Wno-unused-but-set-variable -Wno-unused-parameter -Wno-unused-variable     -O3 -std=c++17 -I/work/riscv/include -I/work/chipyard/tools/DRAMSim2 -I/work/chipyard/sims/verilator/generated-src/chipyard.harness.TestHarness.Baseline4CoreConfig/gen-collateral   -DVERILATOR -DVL_TIME_CONTEXT   -fcoroutines -include VTestDriver__pch.h.slow -c -o VTestDriver___024root__DepSet_hbb6e3b65__29__Slow.o VTestDriver___024root__DepSet_hbb6e3b65__29__Slow.cpp
g++   -I.  -MMD -I/usr/share/verilator/include -I/usr/share/verilator/include/vltstd -DVM_COVERAGE=0 -DVM_SC=0 -DVM_TRACE=0 -DVM_TRACE_FST=0 -DVM_TRACE_VCD=0 -faligned-new -fcf-protection=none -Wno-bool-operation -Wno-overloaded-virtual -Wno-shadow -Wno-sign-compare -Wno-uninitialized -Wno-unused-but-set-parameter -Wno-unused-but-set-variable -Wno-unused-parameter -Wno-unused-variable     -O3 -std=c++17 -I/work/riscv/include -I/work/chipyard/tools/DRAMSim2 -I/work/chipyard/sims/verilator/generated-src/chipyard.harness.TestHarness.Baseline4CoreConfig/gen-collateral   -DVERILATOR -DVL_TIME_CONTEXT   -fcoroutines -include VTestDriver__pch.h.slow -c -o VTestDriver___024root__DepSet_hbb6e3b65__30__Slow.o VTestDriver___024root__DepSet_hbb6e3b65__30__Slow.cpp
g++   -I.  -MMD -I/usr/share/verilator/include -I/usr/share/verilator/include/vltstd -DVM_COVERAGE=0 -DVM_SC=0 -DVM_TRACE=0 -DVM_TRACE_FST=0 -DVM_TRACE_VCD=0 -faligned-new -fcf-protection=none -Wno-bool-operation -Wno-overloaded-virtual -Wno-shadow -Wno-sign-compare -Wno-uninitialized -Wno-unused-but-set-parameter -Wno-unused-but-set-variable -Wno-unused-parameter -Wno-unused-variable     -O3 -std=c++17 -I/work/riscv/include -I/work/chipyard/tools/DRAMSim2 -I/work/chipyard/sims/verilator/generated-src/chipyard.harness.TestHarness.Baseline4CoreConfig/gen-collateral   -DVERILATOR -DVL_TIME_CONTEXT   -fcoroutines -include VTestDriver__pch.h.slow -c -o VTestDriver___024root__DepSet_hbb6e3b65__31__Slow.o VTestDriver___024root__DepSet_hbb6e3b65__31__Slow.cpp
g++   -I.  -MMD -I/usr/share/verilator/include -I/usr/share/verilator/include/vltstd -DVM_COVERAGE=0 -DVM_SC=0 -DVM_TRACE=0 -DVM_TRACE_FST=0 -DVM_TRACE_VCD=0 -faligned-new -fcf-protection=none -Wno-bool-operation -Wno-overloaded-virtual -Wno-shadow -Wno-sign-compare -Wno-uninitialized -Wno-unused-but-set-parameter -Wno-unused-but-set-variable -Wno-unused-parameter -Wno-unused-variable     -O3 -std=c++17 -I/work/riscv/include -I/work/chipyard/tools/DRAMSim2 -I/work/chipyard/sims/verilator/generated-src/chipyard.harness.TestHarness.Baseline4CoreConfig/gen-collateral   -DVERILATOR -DVL_TIME_CONTEXT   -fcoroutines -include VTestDriver__pch.h.slow -c -o VTestDriver___024root__DepSet_hbb6e3b65__32__Slow.o VTestDriver___024root__DepSet_hbb6e3b65__32__Slow.cpp
g++   -I.  -MMD -I/usr/share/verilator/include -I/usr/share/verilator/include/vltstd -DVM_COVERAGE=0 -DVM_SC=0 -DVM_TRACE=0 -DVM_TRACE_FST=0 -DVM_TRACE_VCD=0 -faligned-new -fcf-protection=none -Wno-bool-operation -Wno-overloaded-virtual -Wno-shadow -Wno-sign-compare -Wno-uninitialized -Wno-unused-but-set-parameter -Wno-unused-but-set-variable -Wno-unused-parameter -Wno-unused-variable     -O3 -std=c++17 -I/work/riscv/include -I/work/chipyard/tools/DRAMSim2 -I/work/chipyard/sims/verilator/generated-src/chipyard.harness.TestHarness.Baseline4CoreConfig/gen-collateral   -DVERILATOR -DVL_TIME_CONTEXT   -fcoroutines -include VTestDriver__pch.h.slow -c -o VTestDriver___024root__DepSet_hbb6e3b65__33__Slow.o VTestDriver___024root__DepSet_hbb6e3b65__33__Slow.cpp
g++   -I.  -MMD -I/usr/share/verilator/include -I/usr/share/verilator/include/vltstd -DVM_COVERAGE=0 -DVM_SC=0 -DVM_TRACE=0 -DVM_TRACE_FST=0 -DVM_TRACE_VCD=0 -faligned-new -fcf-protection=none -Wno-bool-operation -Wno-overloaded-virtual -Wno-shadow -Wno-sign-compare -Wno-uninitialized -Wno-unused-but-set-parameter -Wno-unused-but-set-variable -Wno-unused-parameter -Wno-unused-variable     -O3 -std=c++17 -I/work/riscv/include -I/work/chipyard/tools/DRAMSim2 -I/work/chipyard/sims/verilator/generated-src/chipyard.harness.TestHarness.Baseline4CoreConfig/gen-collateral   -DVERILATOR -DVL_TIME_CONTEXT   -fcoroutines -include VTestDriver__pch.h.slow -c -o VTestDriver___024root__DepSet_hbb6e3b65__34__Slow.o VTestDriver___024root__DepSet_hbb6e3b65__34__Slow.cpp
g++   -I.  -MMD -I/usr/share/verilator/include -I/usr/share/verilator/include/vltstd -DVM_COVERAGE=0 -DVM_SC=0 -DVM_TRACE=0 -DVM_TRACE_FST=0 -DVM_TRACE_VCD=0 -faligned-new -fcf-protection=none -Wno-bool-operation -Wno-overloaded-virtual -Wno-shadow -Wno-sign-compare -Wno-uninitialized -Wno-unused-but-set-parameter -Wno-unused-but-set-variable -Wno-unused-parameter -Wno-unused-variable     -O3 -std=c++17 -I/work/riscv/include -I/work/chipyard/tools/DRAMSim2 -I/work/chipyard/sims/verilator/generated-src/chipyard.harness.TestHarness.Baseline4CoreConfig/gen-collateral   -DVERILATOR -DVL_TIME_CONTEXT   -fcoroutines -include VTestDriver__pch.h.slow -c -o VTestDriver___024root__DepSet_hbb6e3b65__35__Slow.o VTestDriver___024root__DepSet_hbb6e3b65__35__Slow.cpp
g++   -I.  -MMD -I/usr/share/verilator/include -I/usr/share/verilator/include/vltstd -DVM_COVERAGE=0 -DVM_SC=0 -DVM_TRACE=0 -DVM_TRACE_FST=0 -DVM_TRACE_VCD=0 -faligned-new -fcf-protection=none -Wno-bool-operation -Wno-overloaded-virtual -Wno-shadow -Wno-sign-compare -Wno-uninitialized -Wno-unused-but-set-parameter -Wno-unused-but-set-variable -Wno-unused-parameter -Wno-unused-variable     -O3 -std=c++17 -I/work/riscv/include -I/work/chipyard/tools/DRAMSim2 -I/work/chipyard/sims/verilator/generated-src/chipyard.harness.TestHarness.Baseline4CoreConfig/gen-collateral   -DVERILATOR -DVL_TIME_CONTEXT   -fcoroutines -include VTestDriver__pch.h.slow -c -o VTestDriver___024root__DepSet_hbb6e3b65__36__Slow.o VTestDriver___024root__DepSet_hbb6e3b65__36__Slow.cpp
g++   -I.  -MMD -I/usr/share/verilator/include -I/usr/share/verilator/include/vltstd -DVM_COVERAGE=0 -DVM_SC=0 -DVM_TRACE=0 -DVM_TRACE_FST=0 -DVM_TRACE_VCD=0 -faligned-new -fcf-protection=none -Wno-bool-operation -Wno-overloaded-virtual -Wno-shadow -Wno-sign-compare -Wno-uninitialized -Wno-unused-but-set-parameter -Wno-unused-but-set-variable -Wno-unused-parameter -Wno-unused-variable     -O3 -std=c++17 -I/work/riscv/include -I/work/chipyard/tools/DRAMSim2 -I/work/chipyard/sims/verilator/generated-src/chipyard.harness.TestHarness.Baseline4CoreConfig/gen-collateral   -DVERILATOR -DVL_TIME_CONTEXT   -fcoroutines -include VTestDriver__pch.h.slow -c -o VTestDriver___024root__DepSet_hbb6e3b65__37__Slow.o VTestDriver___024root__DepSet_hbb6e3b65__37__Slow.cpp
g++   -I.  -MMD -I/usr/share/verilator/include -I/usr/share/verilator/include/vltstd -DVM_COVERAGE=0 -DVM_SC=0 -DVM_TRACE=0 -DVM_TRACE_FST=0 -DVM_TRACE_VCD=0 -faligned-new -fcf-protection=none -Wno-bool-operation -Wno-overloaded-virtual -Wno-shadow -Wno-sign-compare -Wno-uninitialized -Wno-unused-but-set-parameter -Wno-unused-but-set-variable -Wno-unused-parameter -Wno-unused-variable     -O3 -std=c++17 -I/work/riscv/include -I/work/chipyard/tools/DRAMSim2 -I/work/chipyard/sims/verilator/generated-src/chipyard.harness.TestHarness.Baseline4CoreConfig/gen-collateral   -DVERILATOR -DVL_TIME_CONTEXT   -fcoroutines -include VTestDriver__pch.h.slow -c -o VTestDriver___024root__DepSet_hbb6e3b65__38__Slow.o VTestDriver___024root__DepSet_hbb6e3b65__38__Slow.cpp
g++   -I.  -MMD -I/usr/share/verilator/include -I/usr/share/verilator/include/vltstd -DVM_COVERAGE=0 -DVM_SC=0 -DVM_TRACE=0 -DVM_TRACE_FST=0 -DVM_TRACE_VCD=0 -faligned-new -fcf-protection=none -Wno-bool-operation -Wno-overloaded-virtual -Wno-shadow -Wno-sign-compare -Wno-uninitialized -Wno-unused-but-set-parameter -Wno-unused-but-set-variable -Wno-unused-parameter -Wno-unused-variable     -O3 -std=c++17 -I/work/riscv/include -I/work/chipyard/tools/DRAMSim2 -I/work/chipyard/sims/verilator/generated-src/chipyard.harness.TestHarness.Baseline4CoreConfig/gen-collateral   -DVERILATOR -DVL_TIME_CONTEXT   -fcoroutines -include VTestDriver__pch.h.slow -c -o VTestDriver___024root__DepSet_hbb6e3b65__39__Slow.o VTestDriver___024root__DepSet_hbb6e3b65__39__Slow.cpp
g++   -I.  -MMD -I/usr/share/verilator/include -I/usr/share/verilator/include/vltstd -DVM_COVERAGE=0 -DVM_SC=0 -DVM_TRACE=0 -DVM_TRACE_FST=0 -DVM_TRACE_VCD=0 -faligned-new -fcf-protection=none -Wno-bool-operation -Wno-overloaded-virtual -Wno-shadow -Wno-sign-compare -Wno-uninitialized -Wno-unused-but-set-parameter -Wno-unused-but-set-variable -Wno-unused-parameter -Wno-unused-variable     -O3 -std=c++17 -I/work/riscv/include -I/work/chipyard/tools/DRAMSim2 -I/work/chipyard/sims/verilator/generated-src/chipyard.harness.TestHarness.Baseline4CoreConfig/gen-collateral   -DVERILATOR -DVL_TIME_CONTEXT   -fcoroutines -include VTestDriver__pch.h.slow -c -o VTestDriver___024root__DepSet_hbb6e3b65__40__Slow.o VTestDriver___024root__DepSet_hbb6e3b65__40__Slow.cpp
g++   -I.  -MMD -I/usr/share/verilator/include -I/usr/share/verilator/include/vltstd -DVM_COVERAGE=0 -DVM_SC=0 -DVM_TRACE=0 -DVM_TRACE_FST=0 -DVM_TRACE_VCD=0 -faligned-new -fcf-protection=none -Wno-bool-operation -Wno-overloaded-virtual -Wno-shadow -Wno-sign-compare -Wno-uninitialized -Wno-unused-but-set-parameter -Wno-unused-but-set-variable -Wno-unused-parameter -Wno-unused-variable     -O3 -std=c++17 -I/work/riscv/include -I/work/chipyard/tools/DRAMSim2 -I/work/chipyard/sims/verilator/generated-src/chipyard.harness.TestHarness.Baseline4CoreConfig/gen-collateral   -DVERILATOR -DVL_TIME_CONTEXT   -fcoroutines -include VTestDriver__pch.h.slow -c -o VTestDriver___024root__DepSet_hbb6e3b65__41__Slow.o VTestDriver___024root__DepSet_hbb6e3b65__41__Slow.cpp
g++   -I.  -MMD -I/usr/share/verilator/include -I/usr/share/verilator/include/vltstd -DVM_COVERAGE=0 -DVM_SC=0 -DVM_TRACE=0 -DVM_TRACE_FST=0 -DVM_TRACE_VCD=0 -faligned-new -fcf-protection=none -Wno-bool-operation -Wno-overloaded-virtual -Wno-shadow -Wno-sign-compare -Wno-uninitialized -Wno-unused-but-set-parameter -Wno-unused-but-set-variable -Wno-unused-parameter -Wno-unused-variable     -O3 -std=c++17 -I/work/riscv/include -I/work/chipyard/tools/DRAMSim2 -I/work/chipyard/sims/verilator/generated-src/chipyard.harness.TestHarness.Baseline4CoreConfig/gen-collateral   -DVERILATOR -DVL_TIME_CONTEXT   -fcoroutines -include VTestDriver__pch.h.slow -c -o VTestDriver___024root__DepSet_hbb6e3b65__42__Slow.o VTestDriver___024root__DepSet_hbb6e3b65__42__Slow.cpp
g++   -I.  -MMD -I/usr/share/verilator/include -I/usr/share/verilator/include/vltstd -DVM_COVERAGE=0 -DVM_SC=0 -DVM_TRACE=0 -DVM_TRACE_FST=0 -DVM_TRACE_VCD=0 -faligned-new -fcf-protection=none -Wno-bool-operation -Wno-overloaded-virtual -Wno-shadow -Wno-sign-compare -Wno-uninitialized -Wno-unused-but-set-parameter -Wno-unused-but-set-variable -Wno-unused-parameter -Wno-unused-variable     -O3 -std=c++17 -I/work/riscv/include -I/work/chipyard/tools/DRAMSim2 -I/work/chipyard/sims/verilator/generated-src/chipyard.harness.TestHarness.Baseline4CoreConfig/gen-collateral   -DVERILATOR -DVL_TIME_CONTEXT   -fcoroutines -include VTestDriver__pch.h.slow -c -o VTestDriver___024root__DepSet_hbb6e3b65__43__Slow.o VTestDriver___024root__DepSet_hbb6e3b65__43__Slow.cpp
g++   -I.  -MMD -I/usr/share/verilator/include -I/usr/share/verilator/include/vltstd -DVM_COVERAGE=0 -DVM_SC=0 -DVM_TRACE=0 -DVM_TRACE_FST=0 -DVM_TRACE_VCD=0 -faligned-new -fcf-protection=none -Wno-bool-operation -Wno-overloaded-virtual -Wno-shadow -Wno-sign-compare -Wno-uninitialized -Wno-unused-but-set-parameter -Wno-unused-but-set-variable -Wno-unused-parameter -Wno-unused-variable     -O3 -std=c++17 -I/work/riscv/include -I/work/chipyard/tools/DRAMSim2 -I/work/chipyard/sims/verilator/generated-src/chipyard.harness.TestHarness.Baseline4CoreConfig/gen-collateral   -DVERILATOR -DVL_TIME_CONTEXT   -fcoroutines -include VTestDriver__pch.h.slow -c -o VTestDriver___024root__DepSet_hbb6e3b65__44__Slow.o VTestDriver___024root__DepSet_hbb6e3b65__44__Slow.cpp
g++   -I.  -MMD -I/usr/share/verilator/include -I/usr/share/verilator/include/vltstd -DVM_COVERAGE=0 -DVM_SC=0 -DVM_TRACE=0 -DVM_TRACE_FST=0 -DVM_TRACE_VCD=0 -faligned-new -fcf-protection=none -Wno-bool-operation -Wno-overloaded-virtual -Wno-shadow -Wno-sign-compare -Wno-uninitialized -Wno-unused-but-set-parameter -Wno-unused-but-set-variable -Wno-unused-parameter -Wno-unused-variable     -O3 -std=c++17 -I/work/riscv/include -I/work/chipyard/tools/DRAMSim2 -I/work/chipyard/sims/verilator/generated-src/chipyard.harness.TestHarness.Baseline4CoreConfig/gen-collateral   -DVERILATOR -DVL_TIME_CONTEXT   -fcoroutines -include VTestDriver__pch.h.slow -c -o VTestDriver___024root__DepSet_hbb6e3b65__45__Slow.o VTestDriver___024root__DepSet_hbb6e3b65__45__Slow.cpp
g++   -I.  -MMD -I/usr/share/verilator/include -I/usr/share/verilator/include/vltstd -DVM_COVERAGE=0 -DVM_SC=0 -DVM_TRACE=0 -DVM_TRACE_FST=0 -DVM_TRACE_VCD=0 -faligned-new -fcf-protection=none -Wno-bool-operation -Wno-overloaded-virtual -Wno-shadow -Wno-sign-compare -Wno-uninitialized -Wno-unused-but-set-parameter -Wno-unused-but-set-variable -Wno-unused-parameter -Wno-unused-variable     -O3 -std=c++17 -I/work/riscv/include -I/work/chipyard/tools/DRAMSim2 -I/work/chipyard/sims/verilator/generated-src/chipyard.harness.TestHarness.Baseline4CoreConfig/gen-collateral   -DVERILATOR -DVL_TIME_CONTEXT   -fcoroutines -include VTestDriver__pch.h.slow -c -o VTestDriver___024root__DepSet_hbb6e3b65__46__Slow.o VTestDriver___024root__DepSet_hbb6e3b65__46__Slow.cpp
g++   -I.  -MMD -I/usr/share/verilator/include -I/usr/share/verilator/include/vltstd -DVM_COVERAGE=0 -DVM_SC=0 -DVM_TRACE=0 -DVM_TRACE_FST=0 -DVM_TRACE_VCD=0 -faligned-new -fcf-protection=none -Wno-bool-operation -Wno-overloaded-virtual -Wno-shadow -Wno-sign-compare -Wno-uninitialized -Wno-unused-but-set-parameter -Wno-unused-but-set-variable -Wno-unused-parameter -Wno-unused-variable     -O3 -std=c++17 -I/work/riscv/include -I/work/chipyard/tools/DRAMSim2 -I/work/chipyard/sims/verilator/generated-src/chipyard.harness.TestHarness.Baseline4CoreConfig/gen-collateral   -DVERILATOR -DVL_TIME_CONTEXT   -fcoroutines -include VTestDriver__pch.h.slow -c -o VTestDriver___024root__DepSet_hbb6e3b65__47__Slow.o VTestDriver___024root__DepSet_hbb6e3b65__47__Slow.cpp
g++   -I.  -MMD -I/usr/share/verilator/include -I/usr/share/verilator/include/vltstd -DVM_COVERAGE=0 -DVM_SC=0 -DVM_TRACE=0 -DVM_TRACE_FST=0 -DVM_TRACE_VCD=0 -faligned-new -fcf-protection=none -Wno-bool-operation -Wno-overloaded-virtual -Wno-shadow -Wno-sign-compare -Wno-uninitialized -Wno-unused-but-set-parameter -Wno-unused-but-set-variable -Wno-unused-parameter -Wno-unused-variable     -O3 -std=c++17 -I/work/riscv/include -I/work/chipyard/tools/DRAMSim2 -I/work/chipyard/sims/verilator/generated-src/chipyard.harness.TestHarness.Baseline4CoreConfig/gen-collateral   -DVERILATOR -DVL_TIME_CONTEXT   -fcoroutines -include VTestDriver__pch.h.slow -c -o VTestDriver___024root__DepSet_hbb6e3b65__48__Slow.o VTestDriver___024root__DepSet_hbb6e3b65__48__Slow.cpp
g++   -I.  -MMD -I/usr/share/verilator/include -I/usr/share/verilator/include/vltstd -DVM_COVERAGE=0 -DVM_SC=0 -DVM_TRACE=0 -DVM_TRACE_FST=0 -DVM_TRACE_VCD=0 -faligned-new -fcf-protection=none -Wno-bool-operation -Wno-overloaded-virtual -Wno-shadow -Wno-sign-compare -Wno-uninitialized -Wno-unused-but-set-parameter -Wno-unused-but-set-variable -Wno-unused-parameter -Wno-unused-variable     -O3 -std=c++17 -I/work/riscv/include -I/work/chipyard/tools/DRAMSim2 -I/work/chipyard/sims/verilator/generated-src/chipyard.harness.TestHarness.Baseline4CoreConfig/gen-collateral   -DVERILATOR -DVL_TIME_CONTEXT   -fcoroutines -include VTestDriver__pch.h.slow -c -o VTestDriver___024root__DepSet_hbb6e3b65__49__Slow.o VTestDriver___024root__DepSet_hbb6e3b65__49__Slow.cpp
g++   -I.  -MMD -I/usr/share/verilator/include -I/usr/share/verilator/include/vltstd -DVM_COVERAGE=0 -DVM_SC=0 -DVM_TRACE=0 -DVM_TRACE_FST=0 -DVM_TRACE_VCD=0 -faligned-new -fcf-protection=none -Wno-bool-operation -Wno-overloaded-virtual -Wno-shadow -Wno-sign-compare -Wno-uninitialized -Wno-unused-but-set-parameter -Wno-unused-but-set-variable -Wno-unused-parameter -Wno-unused-variable     -O3 -std=c++17 -I/work/riscv/include -I/work/chipyard/tools/DRAMSim2 -I/work/chipyard/sims/verilator/generated-src/chipyard.harness.TestHarness.Baseline4CoreConfig/gen-collateral   -DVERILATOR -DVL_TIME_CONTEXT   -fcoroutines -include VTestDriver__pch.h.slow -c -o VTestDriver___024root__DepSet_hbb6e3b65__50__Slow.o VTestDriver___024root__DepSet_hbb6e3b65__50__Slow.cpp
g++   -I.  -MMD -I/usr/share/verilator/include -I/usr/share/verilator/include/vltstd -DVM_COVERAGE=0 -DVM_SC=0 -DVM_TRACE=0 -DVM_TRACE_FST=0 -DVM_TRACE_VCD=0 -faligned-new -fcf-protection=none -Wno-bool-operation -Wno-overloaded-virtual -Wno-shadow -Wno-sign-compare -Wno-uninitialized -Wno-unused-but-set-parameter -Wno-unused-but-set-variable -Wno-unused-parameter -Wno-unused-variable     -O3 -std=c++17 -I/work/riscv/include -I/work/chipyard/tools/DRAMSim2 -I/work/chipyard/sims/verilator/generated-src/chipyard.harness.TestHarness.Baseline4CoreConfig/gen-collateral   -DVERILATOR -DVL_TIME_CONTEXT   -fcoroutines -include VTestDriver__pch.h.slow -c -o VTestDriver___024root__DepSet_hbb6e3b65__51__Slow.o VTestDriver___024root__DepSet_hbb6e3b65__51__Slow.cpp
g++   -I.  -MMD -I/usr/share/verilator/include -I/usr/share/verilator/include/vltstd -DVM_COVERAGE=0 -DVM_SC=0 -DVM_TRACE=0 -DVM_TRACE_FST=0 -DVM_TRACE_VCD=0 -faligned-new -fcf-protection=none -Wno-bool-operation -Wno-overloaded-virtual -Wno-shadow -Wno-sign-compare -Wno-uninitialized -Wno-unused-but-set-parameter -Wno-unused-but-set-variable -Wno-unused-parameter -Wno-unused-variable     -O3 -std=c++17 -I/work/riscv/include -I/work/chipyard/tools/DRAMSim2 -I/work/chipyard/sims/verilator/generated-src/chipyard.harness.TestHarness.Baseline4CoreConfig/gen-collateral   -DVERILATOR -DVL_TIME_CONTEXT   -fcoroutines -include VTestDriver__pch.h.slow -c -o VTestDriver___024root__DepSet_hbb6e3b65__52__Slow.o VTestDriver___024root__DepSet_hbb6e3b65__52__Slow.cpp
g++   -I.  -MMD -I/usr/share/verilator/include -I/usr/share/verilator/include/vltstd -DVM_COVERAGE=0 -DVM_SC=0 -DVM_TRACE=0 -DVM_TRACE_FST=0 -DVM_TRACE_VCD=0 -faligned-new -fcf-protection=none -Wno-bool-operation -Wno-overloaded-virtual -Wno-shadow -Wno-sign-compare -Wno-uninitialized -Wno-unused-but-set-parameter -Wno-unused-but-set-variable -Wno-unused-parameter -Wno-unused-variable     -O3 -std=c++17 -I/work/riscv/include -I/work/chipyard/tools/DRAMSim2 -I/work/chipyard/sims/verilator/generated-src/chipyard.harness.TestHarness.Baseline4CoreConfig/gen-collateral   -DVERILATOR -DVL_TIME_CONTEXT   -fcoroutines -include VTestDriver__pch.h.slow -c -o VTestDriver___024root__DepSet_hbb6e3b65__53__Slow.o VTestDriver___024root__DepSet_hbb6e3b65__53__Slow.cpp
g++   -I.  -MMD -I/usr/share/verilator/include -I/usr/share/verilator/include/vltstd -DVM_COVERAGE=0 -DVM_SC=0 -DVM_TRACE=0 -DVM_TRACE_FST=0 -DVM_TRACE_VCD=0 -faligned-new -fcf-protection=none -Wno-bool-operation -Wno-overloaded-virtual -Wno-shadow -Wno-sign-compare -Wno-uninitialized -Wno-unused-but-set-parameter -Wno-unused-but-set-variable -Wno-unused-parameter -Wno-unused-variable     -O3 -std=c++17 -I/work/riscv/include -I/work/chipyard/tools/DRAMSim2 -I/work/chipyard/sims/verilator/generated-src/chipyard.harness.TestHarness.Baseline4CoreConfig/gen-collateral   -DVERILATOR -DVL_TIME_CONTEXT   -fcoroutines -include VTestDriver__pch.h.slow -c -o VTestDriver___024root__DepSet_hbb6e3b65__54__Slow.o VTestDriver___024root__DepSet_hbb6e3b65__54__Slow.cpp
g++   -I.  -MMD -I/usr/share/verilator/include -I/usr/share/verilator/include/vltstd -DVM_COVERAGE=0 -DVM_SC=0 -DVM_TRACE=0 -DVM_TRACE_FST=0 -DVM_TRACE_VCD=0 -faligned-new -fcf-protection=none -Wno-bool-operation -Wno-overloaded-virtual -Wno-shadow -Wno-sign-compare -Wno-uninitialized -Wno-unused-but-set-parameter -Wno-unused-but-set-variable -Wno-unused-parameter -Wno-unused-variable     -O3 -std=c++17 -I/work/riscv/include -I/work/chipyard/tools/DRAMSim2 -I/work/chipyard/sims/verilator/generated-src/chipyard.harness.TestHarness.Baseline4CoreConfig/gen-collateral   -DVERILATOR -DVL_TIME_CONTEXT   -fcoroutines -include VTestDriver__pch.h.slow -c -o VTestDriver___024root__DepSet_hbb6e3b65__55__Slow.o VTestDriver___024root__DepSet_hbb6e3b65__55__Slow.cpp
g++   -I.  -MMD -I/usr/share/verilator/include -I/usr/share/verilator/include/vltstd -DVM_COVERAGE=0 -DVM_SC=0 -DVM_TRACE=0 -DVM_TRACE_FST=0 -DVM_TRACE_VCD=0 -faligned-new -fcf-protection=none -Wno-bool-operation -Wno-overloaded-virtual -Wno-shadow -Wno-sign-compare -Wno-uninitialized -Wno-unused-but-set-parameter -Wno-unused-but-set-variable -Wno-unused-parameter -Wno-unused-variable     -O3 -std=c++17 -I/work/riscv/include -I/work/chipyard/tools/DRAMSim2 -I/work/chipyard/sims/verilator/generated-src/chipyard.harness.TestHarness.Baseline4CoreConfig/gen-collateral   -DVERILATOR -DVL_TIME_CONTEXT   -fcoroutines -include VTestDriver__pch.h.slow -c -o VTestDriver___024root__DepSet_hbb6e3b65__56__Slow.o VTestDriver___024root__DepSet_hbb6e3b65__56__Slow.cpp
g++   -I.  -MMD -I/usr/share/verilator/include -I/usr/share/verilator/include/vltstd -DVM_COVERAGE=0 -DVM_SC=0 -DVM_TRACE=0 -DVM_TRACE_FST=0 -DVM_TRACE_VCD=0 -faligned-new -fcf-protection=none -Wno-bool-operation -Wno-overloaded-virtual -Wno-shadow -Wno-sign-compare -Wno-uninitialized -Wno-unused-but-set-parameter -Wno-unused-but-set-variable -Wno-unused-parameter -Wno-unused-variable     -O3 -std=c++17 -I/work/riscv/include -I/work/chipyard/tools/DRAMSim2 -I/work/chipyard/sims/verilator/generated-src/chipyard.harness.TestHarness.Baseline4CoreConfig/gen-collateral   -DVERILATOR -DVL_TIME_CONTEXT   -fcoroutines -include VTestDriver__pch.h.slow -c -o VTestDriver___024root__DepSet_hbb6e3b65__57__Slow.o VTestDriver___024root__DepSet_hbb6e3b65__57__Slow.cpp
g++   -I.  -MMD -I/usr/share/verilator/include -I/usr/share/verilator/include/vltstd -DVM_COVERAGE=0 -DVM_SC=0 -DVM_TRACE=0 -DVM_TRACE_FST=0 -DVM_TRACE_VCD=0 -faligned-new -fcf-protection=none -Wno-bool-operation -Wno-overloaded-virtual -Wno-shadow -Wno-sign-compare -Wno-uninitialized -Wno-unused-but-set-parameter -Wno-unused-but-set-variable -Wno-unused-parameter -Wno-unused-variable     -O3 -std=c++17 -I/work/riscv/include -I/work/chipyard/tools/DRAMSim2 -I/work/chipyard/sims/verilator/generated-src/chipyard.harness.TestHarness.Baseline4CoreConfig/gen-collateral   -DVERILATOR -DVL_TIME_CONTEXT   -fcoroutines -include VTestDriver__pch.h.slow -c -o VTestDriver___024root__DepSet_hbb6e3b65__58__Slow.o VTestDriver___024root__DepSet_hbb6e3b65__58__Slow.cpp
g++   -I.  -MMD -I/usr/share/verilator/include -I/usr/share/verilator/include/vltstd -DVM_COVERAGE=0 -DVM_SC=0 -DVM_TRACE=0 -DVM_TRACE_FST=0 -DVM_TRACE_VCD=0 -faligned-new -fcf-protection=none -Wno-bool-operation -Wno-overloaded-virtual -Wno-shadow -Wno-sign-compare -Wno-uninitialized -Wno-unused-but-set-parameter -Wno-unused-but-set-variable -Wno-unused-parameter -Wno-unused-variable     -O3 -std=c++17 -I/work/riscv/include -I/work/chipyard/tools/DRAMSim2 -I/work/chipyard/sims/verilator/generated-src/chipyard.harness.TestHarness.Baseline4CoreConfig/gen-collateral   -DVERILATOR -DVL_TIME_CONTEXT   -fcoroutines -include VTestDriver__pch.h.slow -c -o VTestDriver___024root__DepSet_hbb6e3b65__59__Slow.o VTestDriver___024root__DepSet_hbb6e3b65__59__Slow.cpp
g++   -I.  -MMD -I/usr/share/verilator/include -I/usr/share/verilator/include/vltstd -DVM_COVERAGE=0 -DVM_SC=0 -DVM_TRACE=0 -DVM_TRACE_FST=0 -DVM_TRACE_VCD=0 -faligned-new -fcf-protection=none -Wno-bool-operation -Wno-overloaded-virtual -Wno-shadow -Wno-sign-compare -Wno-uninitialized -Wno-unused-but-set-parameter -Wno-unused-but-set-variable -Wno-unused-parameter -Wno-unused-variable     -O3 -std=c++17 -I/work/riscv/include -I/work/chipyard/tools/DRAMSim2 -I/work/chipyard/sims/verilator/generated-src/chipyard.harness.TestHarness.Baseline4CoreConfig/gen-collateral   -DVERILATOR -DVL_TIME_CONTEXT   -fcoroutines -include VTestDriver__pch.h.slow -c -o VTestDriver___024root__DepSet_hbb6e3b65__60__Slow.o VTestDriver___024root__DepSet_hbb6e3b65__60__Slow.cpp
g++   -I.  -MMD -I/usr/share/verilator/include -I/usr/share/verilator/include/vltstd -DVM_COVERAGE=0 -DVM_SC=0 -DVM_TRACE=0 -DVM_TRACE_FST=0 -DVM_TRACE_VCD=0 -faligned-new -fcf-protection=none -Wno-bool-operation -Wno-overloaded-virtual -Wno-shadow -Wno-sign-compare -Wno-uninitialized -Wno-unused-but-set-parameter -Wno-unused-but-set-variable -Wno-unused-parameter -Wno-unused-variable     -O3 -std=c++17 -I/work/riscv/include -I/work/chipyard/tools/DRAMSim2 -I/work/chipyard/sims/verilator/generated-src/chipyard.harness.TestHarness.Baseline4CoreConfig/gen-collateral   -DVERILATOR -DVL_TIME_CONTEXT   -fcoroutines -include VTestDriver__pch.h.slow -c -o VTestDriver___024unit__Slow.o VTestDriver___024unit__Slow.cpp
g++   -I.  -MMD -I/usr/share/verilator/include -I/usr/share/verilator/include/vltstd -DVM_COVERAGE=0 -DVM_SC=0 -DVM_TRACE=0 -DVM_TRACE_FST=0 -DVM_TRACE_VCD=0 -faligned-new -fcf-protection=none -Wno-bool-operation -Wno-overloaded-virtual -Wno-shadow -Wno-sign-compare -Wno-uninitialized -Wno-unused-but-set-parameter -Wno-unused-but-set-variable -Wno-unused-parameter -Wno-unused-variable     -O3 -std=c++17 -I/work/riscv/include -I/work/chipyard/tools/DRAMSim2 -I/work/chipyard/sims/verilator/generated-src/chipyard.harness.TestHarness.Baseline4CoreConfig/gen-collateral   -DVERILATOR -DVL_TIME_CONTEXT   -fcoroutines -include VTestDriver__pch.h.slow -c -o VTestDriver___024unit__DepSet_h44496666__0__Slow.o VTestDriver___024unit__DepSet_h44496666__0__Slow.cpp
g++   -I.  -MMD -I/usr/share/verilator/include -I/usr/share/verilator/include/vltstd -DVM_COVERAGE=0 -DVM_SC=0 -DVM_TRACE=0 -DVM_TRACE_FST=0 -DVM_TRACE_VCD=0 -faligned-new -fcf-protection=none -Wno-bool-operation -Wno-overloaded-virtual -Wno-shadow -Wno-sign-compare -Wno-uninitialized -Wno-unused-but-set-parameter -Wno-unused-but-set-variable -Wno-unused-parameter -Wno-unused-variable     -O3 -std=c++17 -I/work/riscv/include -I/work/chipyard/tools/DRAMSim2 -I/work/chipyard/sims/verilator/generated-src/chipyard.harness.TestHarness.Baseline4CoreConfig/gen-collateral   -DVERILATOR -DVL_TIME_CONTEXT   -fcoroutines -include VTestDriver__pch.h.slow -c -o VTestDriver__Syms.o VTestDriver__Syms.cpp
g++   -I.  -MMD -I/usr/share/verilator/include -I/usr/share/verilator/include/vltstd -DVM_COVERAGE=0 -DVM_SC=0 -DVM_TRACE=0 -DVM_TRACE_FST=0 -DVM_TRACE_VCD=0 -faligned-new -fcf-protection=none -Wno-bool-operation -Wno-overloaded-virtual -Wno-shadow -Wno-sign-compare -Wno-uninitialized -Wno-unused-but-set-parameter -Wno-unused-but-set-variable -Wno-unused-parameter -Wno-unused-variable     -O3 -std=c++17 -I/work/riscv/include -I/work/chipyard/tools/DRAMSim2 -I/work/chipyard/sims/verilator/generated-src/chipyard.harness.TestHarness.Baseline4CoreConfig/gen-collateral   -DVERILATOR -DVL_TIME_CONTEXT   -fcoroutines -include VTestDriver__pch.h.slow -c -o VTestDriver__Syms__1.o VTestDriver__Syms__1.cpp
Archive ar -rcs VTestDriver__ALL.a VTestDriver.o VTestDriver___024root__DepSet_h662e1026__0.o VTestDriver___024root__DepSet_h662e1026__1.o VTestDriver___024root__DepSet_h662e1026__2.o VTestDriver___024root__DepSet_h662e1026__3.o VTestDriver___024root__DepSet_h662e1026__4.o VTestDriver___024root__DepSet_h662e1026__5.o VTestDriver___024root__DepSet_h662e1026__6.o VTestDriver___024root__DepSet_h662e1026__7.o VTestDriver___024root__DepSet_h662e1026__8.o VTestDriver___024root__DepSet_h662e1026__9.o VTestDriver___024root__DepSet_h662e1026__10.o VTestDriver___024root__DepSet_h662e1026__11.o VTestDriver___024root__DepSet_h662e1026__12.o VTestDriver___024root__DepSet_h662e1026__13.o VTestDriver___024root__DepSet_h662e1026__14.o VTestDriver___024root__DepSet_h662e1026__15.o VTestDriver___024root__DepSet_h662e1026__16.o VTestDriver___024root__DepSet_h662e1026__17.o VTestDriver___024root__DepSet_h662e1026__18.o VTestDriver___024root__DepSet_h662e1026__19.o VTestDriver___024root__DepSet_h662e1026__20.o VTestDriver___024root__DepSet_h662e1026__21.o VTestDriver___024root__DepSet_h662e1026__22.o VTestDriver___024root__DepSet_h662e1026__23.o VTestDriver___024root__DepSet_h662e1026__24.o VTestDriver___024root__DepSet_h662e1026__25.o VTestDriver___024root__DepSet_h662e1026__26.o VTestDriver___024root__DepSet_h662e1026__27.o VTestDriver___024root__DepSet_h662e1026__28.o VTestDriver___024root__DepSet_h662e1026__29.o VTestDriver___024root__DepSet_h662e1026__30.o VTestDriver___024root__DepSet_h662e1026__31.o VTestDriver___024root__DepSet_h662e1026__32.o VTestDriver___024root__DepSet_h662e1026__33.o VTestDriver___024root__DepSet_h662e1026__34.o VTestDriver___024root__DepSet_h662e1026__35.o VTestDriver___024root__DepSet_h662e1026__36.o VTestDriver___024root__DepSet_h662e1026__37.o VTestDriver___024root__DepSet_h662e1026__38.o VTestDriver___024root__DepSet_h662e1026__39.o VTestDriver___024root__DepSet_h662e1026__40.o VTestDriver___024root__DepSet_h662e1026__41.o VTestDriver___024root__DepSet_h662e1026__42.o VTestDriver___024root__DepSet_h662e1026__43.o VTestDriver___024root__DepSet_h662e1026__44.o VTestDriver___024root__DepSet_h662e1026__45.o VTestDriver___024root__DepSet_h662e1026__46.o VTestDriver___024root__DepSet_h662e1026__47.o VTestDriver___024root__DepSet_h662e1026__48.o VTestDriver___024root__DepSet_h662e1026__49.o VTestDriver___024root__DepSet_h662e1026__50.o VTestDriver___024root__DepSet_h662e1026__51.o VTestDriver___024root__DepSet_h662e1026__52.o VTestDriver___024root__DepSet_h662e1026__53.o VTestDriver___024root__DepSet_h662e1026__54.o VTestDriver___024root__DepSet_h662e1026__55.o VTestDriver___024root__DepSet_h662e1026__56.o VTestDriver___024root__DepSet_h662e1026__57.o VTestDriver___024root__DepSet_h662e1026__58.o VTestDriver___024root__DepSet_h662e1026__59.o VTestDriver___024root__DepSet_h662e1026__60.o VTestDriver___024root__DepSet_h662e1026__61.o VTestDriver___024root__DepSet_h662e1026__62.o VTestDriver___024root__DepSet_h662e1026__63.o VTestDriver___024root__DepSet_h662e1026__64.o VTestDriver___024root__DepSet_h662e1026__65.o VTestDriver___024root__DepSet_h662e1026__66.o VTestDriver___024root__DepSet_h662e1026__67.o VTestDriver___024root__DepSet_h662e1026__68.o VTestDriver___024root__DepSet_h662e1026__69.o VTestDriver___024root__DepSet_h662e1026__70.o VTestDriver___024root__DepSet_h662e1026__71.o VTestDriver___024root__DepSet_h662e1026__72.o VTestDriver___024root__DepSet_h662e1026__73.o VTestDriver___024root__DepSet_h662e1026__74.o VTestDriver___024root__DepSet_hbb6e3b65__0.o VTestDriver___024root__DepSet_hbb6e3b65__1.o VTestDriver___024root__DepSet_hbb6e3b65__2.o VTestDriver___024root__DepSet_hbb6e3b65__3.o VTestDriver___024root__DepSet_hbb6e3b65__4.o VTestDriver___024root__DepSet_hbb6e3b65__5.o VTestDriver___024root__DepSet_hbb6e3b65__6.o VTestDriver___024root__DepSet_hbb6e3b65__7.o VTestDriver___024root__DepSet_hbb6e3b65__8.o VTestDriver___024root__DepSet_hbb6e3b65__9.o VTestDriver___024root__DepSet_hbb6e3b65__10.o VTestDriver___024root__DepSet_hbb6e3b65__11.o VTestDriver___024root__DepSet_hbb6e3b65__12.o VTestDriver___024root__DepSet_hbb6e3b65__13.o VTestDriver___024root__DepSet_hbb6e3b65__14.o VTestDriver___024root__DepSet_hbb6e3b65__15.o VTestDriver___024root__DepSet_hbb6e3b65__16.o VTestDriver___024root__DepSet_hbb6e3b65__17.o VTestDriver___024root__DepSet_hbb6e3b65__18.o VTestDriver___024root__DepSet_hbb6e3b65__19.o VTestDriver___024root__DepSet_hbb6e3b65__20.o VTestDriver___024root__DepSet_hbb6e3b65__21.o VTestDriver___024root__DepSet_hbb6e3b65__22.o VTestDriver___024root__DepSet_hbb6e3b65__23.o VTestDriver___024root__DepSet_hbb6e3b65__24.o VTestDriver___024root__DepSet_hbb6e3b65__25.o VTestDriver___024root__DepSet_hbb6e3b65__26.o VTestDriver___024root__DepSet_hbb6e3b65__27.o VTestDriver___024root__DepSet_hbb6e3b65__28.o VTestDriver___024root__DepSet_hbb6e3b65__29.o VTestDriver___024root__DepSet_hbb6e3b65__30.o VTestDriver___024root__DepSet_hbb6e3b65__31.o VTestDriver___024root__DepSet_hbb6e3b65__32.o VTestDriver___024root__DepSet_hbb6e3b65__33.o VTestDriver___024root__DepSet_hbb6e3b65__34.o VTestDriver___024root__DepSet_hbb6e3b65__35.o VTestDriver___024root__DepSet_hbb6e3b65__36.o VTestDriver___024root__DepSet_hbb6e3b65__37.o VTestDriver___024root__DepSet_hbb6e3b65__38.o VTestDriver___024root__DepSet_hbb6e3b65__39.o VTestDriver___024root__DepSet_hbb6e3b65__40.o VTestDriver___024root__DepSet_hbb6e3b65__41.o VTestDriver___024root__DepSet_hbb6e3b65__42.o VTestDriver___024root__DepSet_hbb6e3b65__43.o VTestDriver___024root__DepSet_hbb6e3b65__44.o VTestDriver___024root__DepSet_hbb6e3b65__45.o VTestDriver___024root__DepSet_hbb6e3b65__46.o VTestDriver___024root__DepSet_hbb6e3b65__47.o VTestDriver___024root__DepSet_hbb6e3b65__48.o VTestDriver___024root__DepSet_hbb6e3b65__49.o VTestDriver___024root__DepSet_hbb6e3b65__50.o VTestDriver___024root__DepSet_hbb6e3b65__51.o VTestDriver___024root__DepSet_hbb6e3b65__52.o VTestDriver___024root__DepSet_hbb6e3b65__53.o VTestDriver___024root__DepSet_hbb6e3b65__54.o VTestDriver___024root__DepSet_hbb6e3b65__55.o VTestDriver___024root__DepSet_hbb6e3b65__56.o VTestDriver___024root__DepSet_hbb6e3b65__57.o VTestDriver___024root__DepSet_hbb6e3b65__58.o VTestDriver___024root__DepSet_hbb6e3b65__59.o VTestDriver___024root__DepSet_hbb6e3b65__60.o VTestDriver___024root__DepSet_hbb6e3b65__61.o VTestDriver___024root__DepSet_hbb6e3b65__62.o VTestDriver___024root__DepSet_hbb6e3b65__63.o VTestDriver___024root__DepSet_hbb6e3b65__64.o VTestDriver___024root__DepSet_hbb6e3b65__65.o VTestDriver___024unit__DepSet_hf172cd27__0.o VTestDriver__main.o VTestDriver__Dpi.o VTestDriver__ConstPool_0.o VTestDriver___024root__Slow.o VTestDriver___024root__DepSet_h662e1026__0__Slow.o VTestDriver___024root__DepSet_hbb6e3b65__0__Slow.o VTestDriver___024root__DepSet_hbb6e3b65__1__Slow.o VTestDriver___024root__DepSet_hbb6e3b65__2__Slow.o VTestDriver___024root__DepSet_hbb6e3b65__3__Slow.o VTestDriver___024root__DepSet_hbb6e3b65__4__Slow.o VTestDriver___024root__DepSet_hbb6e3b65__5__Slow.o VTestDriver___024root__DepSet_hbb6e3b65__6__Slow.o VTestDriver___024root__DepSet_hbb6e3b65__7__Slow.o VTestDriver___024root__DepSet_hbb6e3b65__8__Slow.o VTestDriver___024root__DepSet_hbb6e3b65__9__Slow.o VTestDriver___024root__DepSet_hbb6e3b65__10__Slow.o VTestDriver___024root__DepSet_hbb6e3b65__11__Slow.o VTestDriver___024root__DepSet_hbb6e3b65__12__Slow.o VTestDriver___024root__DepSet_hbb6e3b65__13__Slow.o VTestDriver___024root__DepSet_hbb6e3b65__14__Slow.o VTestDriver___024root__DepSet_hbb6e3b65__15__Slow.o VTestDriver___024root__DepSet_hbb6e3b65__16__Slow.o VTestDriver___024root__DepSet_hbb6e3b65__17__Slow.o VTestDriver___024root__DepSet_hbb6e3b65__18__Slow.o VTestDriver___024root__DepSet_hbb6e3b65__19__Slow.o VTestDriver___024root__DepSet_hbb6e3b65__20__Slow.o VTestDriver___024root__DepSet_hbb6e3b65__21__Slow.o VTestDriver___024root__DepSet_hbb6e3b65__22__Slow.o VTestDriver___024root__DepSet_hbb6e3b65__23__Slow.o VTestDriver___024root__DepSet_hbb6e3b65__24__Slow.o VTestDriver___024root__DepSet_hbb6e3b65__25__Slow.o VTestDriver___024root__DepSet_hbb6e3b65__26__Slow.o VTestDriver___024root__DepSet_hbb6e3b65__27__Slow.o VTestDriver___024root__DepSet_hbb6e3b65__28__Slow.o VTestDriver___024root__DepSet_hbb6e3b65__29__Slow.o VTestDriver___024root__DepSet_hbb6e3b65__30__Slow.o VTestDriver___024root__DepSet_hbb6e3b65__31__Slow.o VTestDriver___024root__DepSet_hbb6e3b65__32__Slow.o VTestDriver___024root__DepSet_hbb6e3b65__33__Slow.o VTestDriver___024root__DepSet_hbb6e3b65__34__Slow.o VTestDriver___024root__DepSet_hbb6e3b65__35__Slow.o VTestDriver___024root__DepSet_hbb6e3b65__36__Slow.o VTestDriver___024root__DepSet_hbb6e3b65__37__Slow.o VTestDriver___024root__DepSet_hbb6e3b65__38__Slow.o VTestDriver___024root__DepSet_hbb6e3b65__39__Slow.o VTestDriver___024root__DepSet_hbb6e3b65__40__Slow.o VTestDriver___024root__DepSet_hbb6e3b65__41__Slow.o VTestDriver___024root__DepSet_hbb6e3b65__42__Slow.o VTestDriver___024root__DepSet_hbb6e3b65__43__Slow.o VTestDriver___024root__DepSet_hbb6e3b65__44__Slow.o VTestDriver___024root__DepSet_hbb6e3b65__45__Slow.o VTestDriver___024root__DepSet_hbb6e3b65__46__Slow.o VTestDriver___024root__DepSet_hbb6e3b65__47__Slow.o VTestDriver___024root__DepSet_hbb6e3b65__48__Slow.o VTestDriver___024root__DepSet_hbb6e3b65__49__Slow.o VTestDriver___024root__DepSet_hbb6e3b65__50__Slow.o VTestDriver___024root__DepSet_hbb6e3b65__51__Slow.o VTestDriver___024root__DepSet_hbb6e3b65__52__Slow.o VTestDriver___024root__DepSet_hbb6e3b65__53__Slow.o VTestDriver___024root__DepSet_hbb6e3b65__54__Slow.o VTestDriver___024root__DepSet_hbb6e3b65__55__Slow.o VTestDriver___024root__DepSet_hbb6e3b65__56__Slow.o VTestDriver___024root__DepSet_hbb6e3b65__57__Slow.o VTestDriver___024root__DepSet_hbb6e3b65__58__Slow.o VTestDriver___024root__DepSet_hbb6e3b65__59__Slow.o VTestDriver___024root__DepSet_hbb6e3b65__60__Slow.o VTestDriver___024unit__Slow.o VTestDriver___024unit__DepSet_h44496666__0__Slow.o VTestDriver__Syms.o VTestDriver__Syms__1.o
g++     SimDRAM.o SimJTAG.o SimTSI.o SimUART.o mm.o mm_dramsim2.o remote_bitbang.o testchip_htif.o testchip_tsi.o uart.o verilated.o verilated_dpi.o verilated_vpi.o verilated_timing.o verilated_threads.o VTestDriver__ALL.a   -L/work/riscv/lib -Wl,-rpath,/work/riscv/lib -L/work/chipyard/sims/verilator -L/work/chipyard/tools/DRAMSim2 -lriscv -lfesvr -ldramsim  -pthread -lpthread -latomic   -o /work/chipyard/sims/verilator/simulator-chipyard.harness-Baseline4CoreConfig
rm VTestDriver__ALL.verilator_deplist.tmp
make[1]: Leaving directory '/work/chipyard/sims/verilator/generated-src/chipyard.harness.TestHarness.Baseline4CoreConfig/chipyard.harness.TestHarness.Baseline4CoreConfig'

real	1m35.244s
user	7m1.701s
sys	0m10.643s
-rwxr-xr-x 1 dev dev 14338680 Jun 11 22:24 simulator-chipyard.harness-Baseline4CoreConfig
########## Baseline8CoreConfig ##########
Running with RISCV=/work/riscv
mkdir -p /work/chipyard/sims/verilator/generated-src/chipyard.harness.TestHarness.Baseline8CoreConfig
mkdir -p /work/chipyard/sims/verilator/generated-src/chipyard.harness.TestHarness.Baseline8CoreConfig/
cp -f /work/chipyard/generators/testchipip/src/main/resources/testchipip/bootrom/bootrom.rv64.img /work/chipyard/sims/verilator/generated-src/chipyard.harness.TestHarness.Baseline8CoreConfig/bootrom.rv64.img
cp -f /work/chipyard/generators/testchipip/src/main/resources/testchipip/bootrom/bootrom.rv32.img /work/chipyard/sims/verilator/generated-src/chipyard.harness.TestHarness.Baseline8CoreConfig/bootrom.rv32.img
echo "emittedLineLength=2048,noAlwaysComb,disallowLocalVariables,verifLabels,disallowPortDeclSharing,locationInfoStyle=wrapInAtSquareBracket" > /work/chipyard/sims/verilator/generated-src/chipyard.harness.TestHarness.Baseline8CoreConfig/.mfc_lowering_options
mkdir -p /work/chipyard/sims/verilator/generated-src/chipyard.harness.TestHarness.Baseline8CoreConfig
(set -o pipefail && 	cd /work/chipyard && java -cp /work/chipyard/.classpath_cache/chipyard.jar chipyard.Generator  --target-dir /work/chipyard/sims/verilator/generated-src/chipyard.harness.TestHarness.Baseline8CoreConfig --name chipyard.harness.TestHarness.Baseline8CoreConfig --top-module chipyard.harness.TestHarness --legacy-configs chipyard:Baseline8CoreConfig   | tee /work/chipyard/sims/verilator/generated-src/chipyard.harness.TestHarness.Baseline8CoreConfig/chipyard.harness.TestHarness.Baseline8CoreConfig.chisel.log)
Picked up JAVA_TOOL_OPTIONS: -Xmx8G -Xss8M -Djava.io.tmpdir=/work/chipyard/.java_tmp
L2 InclusiveCache Client Map:
	0 <= debug
	1 <= serial_tl_0_0
	2 <= serial_tl_0_1
	3 <= serial_tl_0_2
	4 <= serial_tl_0_3
	5 <= Core 0 DCache
	6 <= Core 0 ICache
	7 <= Core 1 DCache
	8 <= Core 1 ICache
	9 <= Core 2 DCache
	10 <= Core 2 ICache
	11 <= Core 3 DCache
	12 <= Core 3 ICache
	13 <= Core 4 DCache
	14 <= Core 4 ICache
	15 <= Core 5 DCache
	16 <= Core 5 ICache
	17 <= Core 6 DCache
	18 <= Core 6 ICache
	19 <= Core 7 DCache
	20 <= Core 7 ICache

Interrupt map (8 harts 1 interrupts):
  [1, 1] => uart_0

<stdin>:244.18-249.5: Warning (simple_bus_reg): /soc/cbus_clock: missing or empty reg/ranges property
<stdin>:271.18-276.5: Warning (simple_bus_reg): /soc/fbus_clock: missing or empty reg/ranges property
<stdin>:287.18-292.5: Warning (simple_bus_reg): /soc/mbus_clock: missing or empty reg/ranges property
<stdin>:293.18-298.5: Warning (simple_bus_reg): /soc/pbus_clock: missing or empty reg/ranges property
<stdin>:304.18-309.5: Warning (simple_bus_reg): /soc/sbus_clock: missing or empty reg/ranges property
Clock sbus_0: using diplomatically specified frequency of 500.0.
Clock pbus_0: using diplomatically specified frequency of 500.0.
Clock fbus_0: using diplomatically specified frequency of 500.0.
Clock mbus_0: using diplomatically specified frequency of 500.0.
Clock cbus_0: using diplomatically specified frequency of 500.0.
/dts-v1/;

/ {
	#address-cells = <1>;
	#size-cells = <1>;
	compatible = "ucb-bar,chipyard-dev";
	model = "ucb-bar,chipyard";
	L3: aliases {
		serial0 = &L47;
	};
	L39: chosen {
		stdout-path = &L47;
	};
	L2: cpus {
		#address-cells = <1>;
		#size-cells = <0>;
		timebase-frequency = <500000>;
		L13: cpu@0 {
			clock-frequency = <0>;
			compatible = "sifive,rocket0", "riscv";
			d-cache-block-size = <64>;
			d-cache-sets = <64>;
			d-cache-size = <4096>;
			device_type = "cpu";
			hardware-exec-breakpoint-count = <1>;
			i-cache-block-size = <64>;
			i-cache-sets = <64>;
			i-cache-size = <4096>;
			next-level-cache = <&L10>;
			reg = <0x0>;
			riscv,isa = "rv64imaczicsr_zifencei_zihpm_xrocket";
			riscv,pmpgranularity = <4>;
			riscv,pmpregions = <8>;
			status = "okay";
			timebase-frequency = <500000>;
			L11: interrupt-controller {
				#interrupt-cells = <1>;
				compatible = "riscv,cpu-intc";
				interrupt-controller;
			};
		};
		L16: cpu@1 {
			clock-frequency = <0>;
			compatible = "sifive,rocket0", "riscv";
			d-cache-block-size = <64>;
			d-cache-sets = <64>;
			d-cache-size = <4096>;
			device_type = "cpu";
			hardware-exec-breakpoint-count = <1>;
			i-cache-block-size = <64>;
			i-cache-sets = <64>;
			i-cache-size = <4096>;
			next-level-cache = <&L10>;
			reg = <0x1>;
			riscv,isa = "rv64imaczicsr_zifencei_zihpm_xrocket";
			riscv,pmpgranularity = <4>;
			riscv,pmpregions = <8>;
			status = "okay";
			timebase-frequency = <500000>;
			L14: interrupt-controller {
				#interrupt-cells = <1>;
				compatible = "riscv,cpu-intc";
				interrupt-controller;
			};
		};
		L19: cpu@2 {
			clock-frequency = <0>;
			compatible = "sifive,rocket0", "riscv";
			d-cache-block-size = <64>;
			d-cache-sets = <64>;
			d-cache-size = <4096>;
			device_type = "cpu";
			hardware-exec-breakpoint-count = <1>;
			i-cache-block-size = <64>;
			i-cache-sets = <64>;
			i-cache-size = <4096>;
			next-level-cache = <&L10>;
			reg = <0x2>;
			riscv,isa = "rv64imaczicsr_zifencei_zihpm_xrocket";
			riscv,pmpgranularity = <4>;
			riscv,pmpregions = <8>;
			status = "okay";
			timebase-frequency = <500000>;
			L17: interrupt-controller {
				#interrupt-cells = <1>;
				compatible = "riscv,cpu-intc";
				interrupt-controller;
			};
		};
		L22: cpu@3 {
			clock-frequency = <0>;
			compatible = "sifive,rocket0", "riscv";
			d-cache-block-size = <64>;
			d-cache-sets = <64>;
			d-cache-size = <4096>;
			device_type = "cpu";
			hardware-exec-breakpoint-count = <1>;
			i-cache-block-size = <64>;
			i-cache-sets = <64>;
			i-cache-size = <4096>;
			next-level-cache = <&L10>;
			reg = <0x3>;
			riscv,isa = "rv64imaczicsr_zifencei_zihpm_xrocket";
			riscv,pmpgranularity = <4>;
			riscv,pmpregions = <8>;
			status = "okay";
			timebase-frequency = <500000>;
			L20: interrupt-controller {
				#interrupt-cells = <1>;
				compatible = "riscv,cpu-intc";
				interrupt-controller;
			};
		};
		L25: cpu@4 {
			clock-frequency = <0>;
			compatible = "sifive,rocket0", "riscv";
			d-cache-block-size = <64>;
			d-cache-sets = <64>;
			d-cache-size = <4096>;
			device_type = "cpu";
			hardware-exec-breakpoint-count = <1>;
			i-cache-block-size = <64>;
			i-cache-sets = <64>;
			i-cache-size = <4096>;
			next-level-cache = <&L10>;
			reg = <0x4>;
			riscv,isa = "rv64imaczicsr_zifencei_zihpm_xrocket";
			riscv,pmpgranularity = <4>;
			riscv,pmpregions = <8>;
			status = "okay";
			timebase-frequency = <500000>;
			L23: interrupt-controller {
				#interrupt-cells = <1>;
				compatible = "riscv,cpu-intc";
				interrupt-controller;
			};
		};
		L28: cpu@5 {
			clock-frequency = <0>;
			compatible = "sifive,rocket0", "riscv";
			d-cache-block-size = <64>;
			d-cache-sets = <64>;
			d-cache-size = <4096>;
			device_type = "cpu";
			hardware-exec-breakpoint-count = <1>;
			i-cache-block-size = <64>;
			i-cache-sets = <64>;
			i-cache-size = <4096>;
			next-level-cache = <&L10>;
			reg = <0x5>;
			riscv,isa = "rv64imaczicsr_zifencei_zihpm_xrocket";
			riscv,pmpgranularity = <4>;
			riscv,pmpregions = <8>;
			status = "okay";
			timebase-frequency = <500000>;
			L26: interrupt-controller {
				#interrupt-cells = <1>;
				compatible = "riscv,cpu-intc";
				interrupt-controller;
			};
		};
		L31: cpu@6 {
			clock-frequency = <0>;
			compatible = "sifive,rocket0", "riscv";
			d-cache-block-size = <64>;
			d-cache-sets = <64>;
			d-cache-size = <4096>;
			device_type = "cpu";
			hardware-exec-breakpoint-count = <1>;
			i-cache-block-size = <64>;
			i-cache-sets = <64>;
			i-cache-size = <4096>;
			next-level-cache = <&L10>;
			reg = <0x6>;
			riscv,isa = "rv64imaczicsr_zifencei_zihpm_xrocket";
			riscv,pmpgranularity = <4>;
			riscv,pmpregions = <8>;
			status = "okay";
			timebase-frequency = <500000>;
			L29: interrupt-controller {
				#interrupt-cells = <1>;
				compatible = "riscv,cpu-intc";
				interrupt-controller;
			};
		};
		L34: cpu@7 {
			clock-frequency = <0>;
			compatible = "sifive,rocket0", "riscv";
			d-cache-block-size = <64>;
			d-cache-sets = <64>;
			d-cache-size = <4096>;
			device_type = "cpu";
			hardware-exec-breakpoint-count = <1>;
			i-cache-block-size = <64>;
			i-cache-sets = <64>;
			i-cache-size = <4096>;
			next-level-cache = <&L10>;
			reg = <0x7>;
			riscv,isa = "rv64imaczicsr_zifencei_zihpm_xrocket";
			riscv,pmpgranularity = <4>;
			riscv,pmpregions = <8>;
			status = "okay";
			timebase-frequency = <500000>;
			L32: interrupt-controller {
				#interrupt-cells = <1>;
				compatible = "riscv,cpu-intc";
				interrupt-controller;
			};
		};
	};
	L50: htif {
		compatible = "ucb,htif0";
	};
	L46: memory@8000000 {
		device_type = "memory";
		reg = <0x8000000 0x10000>;
		status = "disabled";
	};
	L42: memory@80000000 {
		device_type = "memory";
		reg = <0x80000000 0x10000000>;
	};
	L1: soc {
		#address-cells = <1>;
		#size-cells = <1>;
		compatible = "ucb-bar,chipyard-soc", "simple-bus";
		ranges;
		L45: boot-address-reg@1000 {
			reg = <0x1000 0x1000>;
			reg-names = "control";
		};
		L10: cache-controller@2010000 {
			cache-block-size = <64>;
			cache-level = <2>;
			cache-sets = <1024>;
			cache-size = <524288>;
			cache-unified;
			compatible = "sifive,inclusivecache0", "cache";
			next-level-cache = <&L42 &L46>;
			reg = <0x2010000 0x1000>;
			reg-names = "control";
			sifive,mshr-count = <7>;
		};
		L7: cbus_clock {
			#clock-cells = <0>;
			clock-frequency = <500000000>;
			clock-output-names = "cbus_clock";
			compatible = "fixed-clock";
		};
		L35: clint@2000000 {
			compatible = "riscv,clint0";
			interrupts-extended = <&L11 3 &L11 7 &L14 3 &L14 7 &L17 3 &L17 7 &L20 3 &L20 7 &L23 3 &L23 7 &L26 3 &L26 7 &L29 3 &L29 7 &L32 3 &L32 7>;
			reg = <0x2000000 0x10000>;
			reg-names = "control";
		};
		L48: clock-gater@100000 {
			reg = <0x100000 0x1000>;
			reg-names = "control";
		};
		L37: debug-controller@0 {
			compatible = "sifive,debug-013", "riscv,debug-013";
			debug-attach = "jtag";
			interrupts-extended = <&L11 65535 &L14 65535 &L17 65535 &L20 65535 &L23 65535 &L26 65535 &L29 65535 &L32 65535>;
			reg = <0x0 0x1000>;
			reg-names = "control";
		};
		L8: error-device@3000 {
			compatible = "sifive,error0";
			reg = <0x3000 0x1000>;
		};
		L6: fbus_clock {
			#clock-cells = <0>;
			clock-frequency = <500000000>;
			clock-output-names = "fbus_clock";
			compatible = "fixed-clock";
		};
		L36: interrupt-controller@c000000 {
			#interrupt-cells = <1>;
			compatible = "riscv,plic0";
			interrupt-controller;
			interrupts-extended = <&L11 11 &L14 11 &L17 11 &L20 11 &L23 11 &L26 11 &L29 11 &L32 11>;
			reg = <0xc000000 0x4000000>;
			reg-names = "control";
			riscv,max-priority = <1>;
			riscv,ndev = <1>;
		};
		L9: mbus_clock {
			#clock-cells = <0>;
			clock-frequency = <500000000>;
			clock-output-names = "mbus_clock";
			compatible = "fixed-clock";
		};
		L5: pbus_clock {
			#clock-cells = <0>;
			clock-frequency = <500000000>;
			clock-output-names = "pbus_clock";
			compatible = "fixed-clock";
		};
		L44: rom@10000 {
			compatible = "sifive,rom0";
			reg = <0x10000 0x10000>;
			reg-names = "mem";
		};
		L4: sbus_clock {
			#clock-cells = <0>;
			clock-frequency = <500000000>;
			clock-output-names = "sbus_clock";
			compatible = "fixed-clock";
		};
		L47: serial@10020000 {
			clocks = <&L5>;
			compatible = "sifive,uart0";
			interrupt-parent = <&L36>;
			interrupts = <1>;
			reg = <0x10020000 0x1000>;
			reg-names = "control";
		};
		L49: tile-reset-setter@110000 {
			reg = <0x110000 0x1000>;
			reg-names = "control";
		};
	};
};

Generated Address Map
	       0 -     1000 ARWX  debug-controller@0
	    1000 -     2000 ARW   boot-address-reg@1000
	    3000 -     4000 ARWX  error-device@3000
	   10000 -    20000  R X  rom@10000
	  100000 -   101000 ARW   clock-gater@100000
	  110000 -   111000 ARW   tile-reset-setter@110000
	 2000000 -  2010000 ARW   clint@2000000
	 2010000 -  2011000 ARW   cache-controller@2010000
	 8000000 -  8010000 ARWXC memory@8000000
	 c000000 - 10000000 ARW   interrupt-controller@c000000
	10020000 - 10021000 ARW   serial@10020000
	80000000 - 90000000 ARWXC memory@80000000

IOCells generated by IOBinders:
  IOBinder for interface sifive.blocks.devices.uart.HasPeripheryUART generated:
    1 X GenericDigitalInIOCell
    1 X GenericDigitalOutIOCell
  IOBinder for interface testchipip.boot.CanHavePeripheryCustomBootPin generated:
    1 X GenericDigitalInIOCell
  IOBinder for interface freechips.rocketchip.devices.debug.HasPeripheryDebug generated:
    3 X GenericDigitalInIOCell
    1 X GenericDigitalOutIOCell
  IOBinder for interface chipyard.clocking.CanHaveClockTap generated:
    1 X GenericDigitalOutIOCell
  IOBinder for interface testchipip.serdes.CanHavePeripheryTLSerial generated:
    35 X GenericDigitalInIOCell
    34 X GenericDigitalOutIOCell

  Total generated 77 IOCells:
    40 X GenericDigitalInIOCell
    37 X GenericDigitalOutIOCell
Harness binder clock is 100.0
[warn] generators/rocket-chip/src/main/scala/rocket/ICache.scala 508:25: [W002] Dynamic index with width 7 is too large for extractee of width 64
[warn]     val s1_vb = vb_array(Cat(i.U, s1_idx).pad(log2Ceil(nSets*nWays))) && !s1_slaveValid
[warn]                         ^
[warn] generators/rocket-chip/src/main/scala/devices/debug/Debug.scala 1128:60: [W002] Dynamic index with width 10 is too large for extractee of width 8
[warn]         hgHartFiring(hg) := hartHaltedWrEn & ~haltedBitRegs(hartHaltedId) & (hgParticipateHart(hartSelFuncs.hartIdToHartSel(hartHaltedId)) === hg.U)
[warn]                                                            ^
[warn] generators/rocket-chip/src/main/scala/devices/debug/Debug.scala 1128:95: [W004] Dynamic index with width 10 is too wide for Vec of size 8 (expected index width 3).
[warn]         hgHartFiring(hg) := hartHaltedWrEn & ~haltedBitRegs(hartHaltedId) & (hgParticipateHart(hartSelFuncs.hartIdToHartSel(hartHaltedId)) === hg.U)
[warn]                                                                                               ^
[warn] generators/testchipip/src/main/scala/serdes/TLSerdes.scala 85:9: [W008] Return values of asTypeOf will soon be read-only
[warn]       c <> b.io.protocol
[warn]         ^
[warn] There were 4 warning(s) during hardware elaboration.
echo "$mfc_extra_anno_contents" > /work/chipyard/sims/verilator/generated-src/chipyard.harness.TestHarness.Baseline8CoreConfig/chipyard.harness.TestHarness.Baseline8CoreConfig.extrafirtool.anno.json
jq -s '[.[][]]' /work/chipyard/sims/verilator/generated-src/chipyard.harness.TestHarness.Baseline8CoreConfig/chipyard.harness.TestHarness.Baseline8CoreConfig.anno.json /work/chipyard/sims/verilator/generated-src/chipyard.harness.TestHarness.Baseline8CoreConfig/chipyard.harness.TestHarness.Baseline8CoreConfig.extrafirtool.anno.json > /work/chipyard/sims/verilator/generated-src/chipyard.harness.TestHarness.Baseline8CoreConfig/chipyard.harness.TestHarness.Baseline8CoreConfig.appended.anno.json
rm -rf /work/chipyard/sims/verilator/generated-src/chipyard.harness.TestHarness.Baseline8CoreConfig/gen-collateral
(set -o pipefail && firtool \
	--format=fir \
	--export-module-hierarchy \
	--verify-each=true \
	--warn-on-unprocessed-annotations \
	--disable-annotation-classless \
	--disable-annotation-unknown \
	--mlir-timing \
	--lowering-options=emittedLineLength=2048,noAlwaysComb,disallowLocalVariables,verifLabels,disallowPortDeclSharing,locationInfoStyle=wrapInAtSquareBracket \
	--repl-seq-mem \
	--repl-seq-mem-file=/work/chipyard/sims/verilator/generated-src/chipyard.harness.TestHarness.Baseline8CoreConfig/chipyard.harness.TestHarness.Baseline8CoreConfig.mems.conf \
	--annotation-file=/work/chipyard/sims/verilator/generated-src/chipyard.harness.TestHarness.Baseline8CoreConfig/chipyard.harness.TestHarness.Baseline8CoreConfig.appended.anno.json \
	--split-verilog \
	-o /work/chipyard/sims/verilator/generated-src/chipyard.harness.TestHarness.Baseline8CoreConfig/gen-collateral \
	/work/chipyard/sims/verilator/generated-src/chipyard.harness.TestHarness.Baseline8CoreConfig/chipyard.harness.TestHarness.Baseline8CoreConfig.fir |& tee /work/chipyard/sims/verilator/generated-src/chipyard.harness.TestHarness.Baseline8CoreConfig/chipyard.harness.TestHarness.Baseline8CoreConfig.firtool.log)
generators/rocket-chip/src/main/scala/tilelink/Monitor.scala:36:7: warning: module contains 114 printf-encoded verification operation(s), which are deprecated and will be removed in the future
generators/rocket-chip/src/main/scala/tilelink/Monitor.scala:45:11: note: example printf here, will just be a printf in the future
generators/rocket-chip/src/main/scala/tilelink/Monitor.scala:36:7: note: For more information, see https://github.com/llvm/circt/issues/6970
generators/rocket-chip/src/main/scala/tilelink/Monitor.scala:36:7: warning: module contains 210 printf-encoded verification operation(s), which are deprecated and will be removed in the future
generators/rocket-chip/src/main/scala/tilelink/Monitor.scala:45:11: note: example printf here, will just be a printf in the future
generators/rocket-chip/src/main/scala/tilelink/Monitor.scala:36:7: note: For more information, see https://github.com/llvm/circt/issues/6970
generators/rocket-chip/src/main/scala/tilelink/Monitor.scala:36:7: warning: module contains 210 printf-encoded verification operation(s), which are deprecated and will be removed in the future
generators/rocket-chip/src/main/scala/tilelink/Monitor.scala:45:11: note: example printf here, will just be a printf in the future
generators/rocket-chip/src/main/scala/tilelink/Monitor.scala:36:7: note: For more information, see https://github.com/llvm/circt/issues/6970
generators/rocket-chip/src/main/scala/tilelink/Monitor.scala:36:7: warning: module contains 210 printf-encoded verification operation(s), which are deprecated and will be removed in the future
generators/rocket-chip/src/main/scala/tilelink/Monitor.scala:45:11: note: example printf here, will just be a printf in the future
generators/rocket-chip/src/main/scala/tilelink/Monitor.scala:36:7: note: For more information, see https://github.com/llvm/circt/issues/6970
generators/rocket-chip/src/main/scala/tilelink/Monitor.scala:36:7: warning: module contains 210 printf-encoded verification operation(s), which are deprecated and will be removed in the future
generators/rocket-chip/src/main/scala/tilelink/Monitor.scala:45:11: note: example printf here, will just be a printf in the future
generators/rocket-chip/src/main/scala/tilelink/Monitor.scala:36:7: note: For more information, see https://github.com/llvm/circt/issues/6970
generators/rocket-chip/src/main/scala/tilelink/Monitor.scala:36:7: warning: module contains 210 printf-encoded verification operation(s), which are deprecated and will be removed in the future
generators/rocket-chip/src/main/scala/tilelink/Monitor.scala:45:11: note: example printf here, will just be a printf in the future
generators/rocket-chip/src/main/scala/tilelink/Monitor.scala:36:7: note: For more information, see https://github.com/llvm/circt/issues/6970
generators/rocket-chip/src/main/scala/tilelink/Monitor.scala:36:7: warning: module contains 210 printf-encoded verification operation(s), which are deprecated and will be removed in the future
generators/rocket-chip/src/main/scala/tilelink/Monitor.scala:45:11: note: example printf here, will just be a printf in the future
generators/rocket-chip/src/main/scala/tilelink/Monitor.scala:36:7: note: For more information, see https://github.com/llvm/circt/issues/6970
generators/rocket-chip/src/main/scala/tilelink/Monitor.scala:36:7: warning: module contains 210 printf-encoded verification operation(s), which are deprecated and will be removed in the future
generators/rocket-chip/src/main/scala/tilelink/Monitor.scala:45:11: note: example printf here, will just be a printf in the future
generators/rocket-chip/src/main/scala/tilelink/Monitor.scala:36:7: note: For more information, see https://github.com/llvm/circt/issues/6970
generators/rocket-chip/src/main/scala/tilelink/Monitor.scala:36:7: warning: module contains 210 printf-encoded verification operation(s), which are deprecated and will be removed in the future
generators/rocket-chip/src/main/scala/tilelink/Monitor.scala:45:11: note: example printf here, will just be a printf in the future
generators/rocket-chip/src/main/scala/tilelink/Monitor.scala:36:7: note: For more information, see https://github.com/llvm/circt/issues/6970
generators/rocket-chip/src/main/scala/tilelink/Xbar.scala:74:9: warning: module contains 39 printf-encoded verification operation(s), which are deprecated and will be removed in the future
generators/rocket-chip/src/main/scala/tilelink/Arbiter.scala:22:12: note: example printf here, will just be a printf in the future
generators/rocket-chip/src/main/scala/tilelink/Xbar.scala:74:9: note: For more information, see https://github.com/llvm/circt/issues/6970
generators/rocket-chip/src/main/scala/tilelink/Monitor.scala:36:7: warning: module contains 112 printf-encoded verification operation(s), which are deprecated and will be removed in the future
generators/rocket-chip/src/main/scala/tilelink/Monitor.scala:45:11: note: example printf here, will just be a printf in the future
generators/rocket-chip/src/main/scala/tilelink/Monitor.scala:36:7: note: For more information, see https://github.com/llvm/circt/issues/6970
generators/rocket-chip/src/main/scala/tilelink/Xbar.scala:74:9: warning: module contains 3 printf-encoded verification operation(s), which are deprecated and will be removed in the future
generators/rocket-chip/src/main/scala/tilelink/Arbiter.scala:22:12: note: example printf here, will just be a printf in the future
generators/rocket-chip/src/main/scala/tilelink/Xbar.scala:74:9: note: For more information, see https://github.com/llvm/circt/issues/6970
generators/rocket-chip/src/main/scala/tilelink/Monitor.scala:36:7: warning: module contains 114 printf-encoded verification operation(s), which are deprecated and will be removed in the future
generators/rocket-chip/src/main/scala/tilelink/Monitor.scala:45:11: note: example printf here, will just be a printf in the future
generators/rocket-chip/src/main/scala/tilelink/Monitor.scala:36:7: note: For more information, see https://github.com/llvm/circt/issues/6970
generators/rocket-chip/src/main/scala/tilelink/Monitor.scala:36:7: warning: module contains 114 printf-encoded verification operation(s), which are deprecated and will be removed in the future
generators/rocket-chip/src/main/scala/tilelink/Monitor.scala:45:11: note: example printf here, will just be a printf in the future
generators/rocket-chip/src/main/scala/tilelink/Monitor.scala:36:7: note: For more information, see https://github.com/llvm/circt/issues/6970
generators/rocket-chip/src/main/scala/tilelink/AtomicAutomata.scala:36:9: warning: module contains 2 printf-encoded verification operation(s), which are deprecated and will be removed in the future
generators/rocket-chip/src/main/scala/tilelink/Arbiter.scala:77:13: note: example printf here, will just be a printf in the future
generators/rocket-chip/src/main/scala/tilelink/AtomicAutomata.scala:36:9: note: For more information, see https://github.com/llvm/circt/issues/6970
generators/rocket-chip/src/main/scala/tilelink/Monitor.scala:36:7: warning: module contains 114 printf-encoded verification operation(s), which are deprecated and will be removed in the future
generators/rocket-chip/src/main/scala/tilelink/Monitor.scala:45:11: note: example printf here, will just be a printf in the future
generators/rocket-chip/src/main/scala/tilelink/Monitor.scala:36:7: note: For more information, see https://github.com/llvm/circt/issues/6970
generators/rocket-chip/src/main/scala/tilelink/Monitor.scala:36:7: warning: module contains 112 printf-encoded verification operation(s), which are deprecated and will be removed in the future
generators/rocket-chip/src/main/scala/tilelink/Monitor.scala:45:11: note: example printf here, will just be a printf in the future
generators/rocket-chip/src/main/scala/tilelink/Monitor.scala:36:7: note: For more information, see https://github.com/llvm/circt/issues/6970
generators/rocket-chip/src/main/scala/tilelink/Fragmenter.scala:92:9: warning: module contains 3 printf-encoded verification operation(s), which are deprecated and will be removed in the future
generators/rocket-chip/src/main/scala/tilelink/Fragmenter.scala:214:16: note: example printf here, will just be a printf in the future
generators/rocket-chip/src/main/scala/tilelink/Fragmenter.scala:92:9: note: For more information, see https://github.com/llvm/circt/issues/6970
generators/rocket-chip/src/main/scala/tilelink/Monitor.scala:36:7: warning: module contains 112 printf-encoded verification operation(s), which are deprecated and will be removed in the future
generators/rocket-chip/src/main/scala/tilelink/Monitor.scala:45:11: note: example printf here, will just be a printf in the future
generators/rocket-chip/src/main/scala/tilelink/Monitor.scala:36:7: note: For more information, see https://github.com/llvm/circt/issues/6970
generators/rocket-chip/src/main/scala/tilelink/Fragmenter.scala:92:9: warning: module contains 3 printf-encoded verification operation(s), which are deprecated and will be removed in the future
generators/rocket-chip/src/main/scala/tilelink/Fragmenter.scala:214:16: note: example printf here, will just be a printf in the future
generators/rocket-chip/src/main/scala/tilelink/Fragmenter.scala:92:9: note: For more information, see https://github.com/llvm/circt/issues/6970
generators/rocket-chip/src/main/scala/tilelink/Monitor.scala:36:7: warning: module contains 112 printf-encoded verification operation(s), which are deprecated and will be removed in the future
generators/rocket-chip/src/main/scala/tilelink/Monitor.scala:45:11: note: example printf here, will just be a printf in the future
generators/rocket-chip/src/main/scala/tilelink/Monitor.scala:36:7: note: For more information, see https://github.com/llvm/circt/issues/6970
generators/rocket-chip/src/main/scala/tilelink/Monitor.scala:36:7: warning: module contains 114 printf-encoded verification operation(s), which are deprecated and will be removed in the future
generators/rocket-chip/src/main/scala/tilelink/Monitor.scala:45:11: note: example printf here, will just be a printf in the future
generators/rocket-chip/src/main/scala/tilelink/Monitor.scala:36:7: note: For more information, see https://github.com/llvm/circt/issues/6970
generators/rocket-chip/src/main/scala/tilelink/Monitor.scala:36:7: warning: module contains 114 printf-encoded verification operation(s), which are deprecated and will be removed in the future
generators/rocket-chip/src/main/scala/tilelink/Monitor.scala:45:11: note: example printf here, will just be a printf in the future
generators/rocket-chip/src/main/scala/tilelink/Monitor.scala:36:7: note: For more information, see https://github.com/llvm/circt/issues/6970
generators/rocket-chip/src/main/scala/tilelink/Xbar.scala:74:9: warning: module contains 3 printf-encoded verification operation(s), which are deprecated and will be removed in the future
generators/rocket-chip/src/main/scala/tilelink/Arbiter.scala:22:12: note: example printf here, will just be a printf in the future
generators/rocket-chip/src/main/scala/tilelink/Xbar.scala:74:9: note: For more information, see https://github.com/llvm/circt/issues/6970
generators/rocket-chip/src/main/scala/tilelink/Monitor.scala:36:7: warning: module contains 114 printf-encoded verification operation(s), which are deprecated and will be removed in the future
generators/rocket-chip/src/main/scala/tilelink/Monitor.scala:45:11: note: example printf here, will just be a printf in the future
generators/rocket-chip/src/main/scala/tilelink/Monitor.scala:36:7: note: For more information, see https://github.com/llvm/circt/issues/6970
generators/rocket-chip/src/main/scala/tilelink/Monitor.scala:36:7: warning: module contains 114 printf-encoded verification operation(s), which are deprecated and will be removed in the future
generators/rocket-chip/src/main/scala/tilelink/Monitor.scala:45:11: note: example printf here, will just be a printf in the future
generators/rocket-chip/src/main/scala/tilelink/Monitor.scala:36:7: note: For more information, see https://github.com/llvm/circt/issues/6970
generators/rocket-chip/src/main/scala/tilelink/Monitor.scala:36:7: warning: module contains 114 printf-encoded verification operation(s), which are deprecated and will be removed in the future
generators/rocket-chip/src/main/scala/tilelink/Monitor.scala:45:11: note: example printf here, will just be a printf in the future
generators/rocket-chip/src/main/scala/tilelink/Monitor.scala:36:7: note: For more information, see https://github.com/llvm/circt/issues/6970
generators/rocket-chip/src/main/scala/tilelink/Monitor.scala:36:7: warning: module contains 114 printf-encoded verification operation(s), which are deprecated and will be removed in the future
generators/rocket-chip/src/main/scala/tilelink/Monitor.scala:45:11: note: example printf here, will just be a printf in the future
generators/rocket-chip/src/main/scala/tilelink/Monitor.scala:36:7: note: For more information, see https://github.com/llvm/circt/issues/6970
generators/rocket-chip/src/main/scala/tilelink/Monitor.scala:36:7: warning: module contains 114 printf-encoded verification operation(s), which are deprecated and will be removed in the future
generators/rocket-chip/src/main/scala/tilelink/Monitor.scala:45:11: note: example printf here, will just be a printf in the future
generators/rocket-chip/src/main/scala/tilelink/Monitor.scala:36:7: note: For more information, see https://github.com/llvm/circt/issues/6970
generators/rocket-chip/src/main/scala/tilelink/Xbar.scala:74:9: warning: module contains 3 printf-encoded verification operation(s), which are deprecated and will be removed in the future
generators/rocket-chip/src/main/scala/tilelink/Arbiter.scala:22:12: note: example printf here, will just be a printf in the future
generators/rocket-chip/src/main/scala/tilelink/Xbar.scala:74:9: note: For more information, see https://github.com/llvm/circt/issues/6970
generators/rocket-chip/src/main/scala/tilelink/Monitor.scala:36:7: warning: module contains 112 printf-encoded verification operation(s), which are deprecated and will be removed in the future
generators/rocket-chip/src/main/scala/tilelink/Monitor.scala:45:11: note: example printf here, will just be a printf in the future
generators/rocket-chip/src/main/scala/tilelink/Monitor.scala:36:7: note: For more information, see https://github.com/llvm/circt/issues/6970
generators/rocket-chip/src/main/scala/tilelink/Xbar.scala:74:9: warning: module contains 3 printf-encoded verification operation(s), which are deprecated and will be removed in the future
generators/rocket-chip/src/main/scala/tilelink/Arbiter.scala:22:12: note: example printf here, will just be a printf in the future
generators/rocket-chip/src/main/scala/tilelink/Xbar.scala:74:9: note: For more information, see https://github.com/llvm/circt/issues/6970
generators/rocket-chip/src/main/scala/tilelink/Monitor.scala:36:7: warning: module contains 114 printf-encoded verification operation(s), which are deprecated and will be removed in the future
generators/rocket-chip/src/main/scala/tilelink/Monitor.scala:45:11: note: example printf here, will just be a printf in the future
generators/rocket-chip/src/main/scala/tilelink/Monitor.scala:36:7: note: For more information, see https://github.com/llvm/circt/issues/6970
generators/rocket-chip/src/main/scala/tilelink/Monitor.scala:36:7: warning: module contains 114 printf-encoded verification operation(s), which are deprecated and will be removed in the future
generators/rocket-chip/src/main/scala/tilelink/Monitor.scala:45:11: note: example printf here, will just be a printf in the future
generators/rocket-chip/src/main/scala/tilelink/Monitor.scala:36:7: note: For more information, see https://github.com/llvm/circt/issues/6970
generators/rocket-chip/src/main/scala/tilelink/AtomicAutomata.scala:36:9: warning: module contains 2 printf-encoded verification operation(s), which are deprecated and will be removed in the future
generators/rocket-chip/src/main/scala/tilelink/Arbiter.scala:77:13: note: example printf here, will just be a printf in the future
generators/rocket-chip/src/main/scala/tilelink/AtomicAutomata.scala:36:9: note: For more information, see https://github.com/llvm/circt/issues/6970
generators/rocket-chip/src/main/scala/tilelink/Monitor.scala:36:7: warning: module contains 114 printf-encoded verification operation(s), which are deprecated and will be removed in the future
generators/rocket-chip/src/main/scala/tilelink/Monitor.scala:45:11: note: example printf here, will just be a printf in the future
generators/rocket-chip/src/main/scala/tilelink/Monitor.scala:36:7: note: For more information, see https://github.com/llvm/circt/issues/6970
generators/rocket-chip/src/main/scala/devices/tilelink/Error.scala:21:9: warning: module contains 1 printf-encoded verification operation(s), which are deprecated and will be removed in the future
generators/rocket-chip/src/main/scala/devices/tilelink/Error.scala:34:12: note: example printf here, will just be a printf in the future
generators/rocket-chip/src/main/scala/devices/tilelink/Error.scala:21:9: note: For more information, see https://github.com/llvm/circt/issues/6970
generators/rocket-chip/src/main/scala/tilelink/Monitor.scala:36:7: warning: module contains 114 printf-encoded verification operation(s), which are deprecated and will be removed in the future
generators/rocket-chip/src/main/scala/tilelink/Monitor.scala:45:11: note: example printf here, will just be a printf in the future
generators/rocket-chip/src/main/scala/tilelink/Monitor.scala:36:7: note: For more information, see https://github.com/llvm/circt/issues/6970
generators/rocket-chip/src/main/scala/tilelink/Monitor.scala:36:7: warning: module contains 114 printf-encoded verification operation(s), which are deprecated and will be removed in the future
generators/rocket-chip/src/main/scala/tilelink/Monitor.scala:45:11: note: example printf here, will just be a printf in the future
generators/rocket-chip/src/main/scala/tilelink/Monitor.scala:36:7: note: For more information, see https://github.com/llvm/circt/issues/6970
generators/rocket-chip/src/main/scala/tilelink/Monitor.scala:36:7: warning: module contains 114 printf-encoded verification operation(s), which are deprecated and will be removed in the future
generators/rocket-chip/src/main/scala/tilelink/Monitor.scala:45:11: note: example printf here, will just be a printf in the future
generators/rocket-chip/src/main/scala/tilelink/Monitor.scala:36:7: note: For more information, see https://github.com/llvm/circt/issues/6970
generators/rocket-chip/src/main/scala/tilelink/Fragmenter.scala:92:9: warning: module contains 3 printf-encoded verification operation(s), which are deprecated and will be removed in the future
generators/rocket-chip/src/main/scala/tilelink/Fragmenter.scala:214:16: note: example printf here, will just be a printf in the future
generators/rocket-chip/src/main/scala/tilelink/Fragmenter.scala:92:9: note: For more information, see https://github.com/llvm/circt/issues/6970
generators/rocket-chip/src/main/scala/tilelink/Monitor.scala:36:7: warning: module contains 112 printf-encoded verification operation(s), which are deprecated and will be removed in the future
generators/rocket-chip/src/main/scala/tilelink/Monitor.scala:45:11: note: example printf here, will just be a printf in the future
generators/rocket-chip/src/main/scala/tilelink/Monitor.scala:36:7: note: For more information, see https://github.com/llvm/circt/issues/6970
generators/rocket-chip/src/main/scala/tilelink/Fragmenter.scala:92:9: warning: module contains 3 printf-encoded verification operation(s), which are deprecated and will be removed in the future
generators/rocket-chip/src/main/scala/tilelink/Fragmenter.scala:214:16: note: example printf here, will just be a printf in the future
generators/rocket-chip/src/main/scala/tilelink/Fragmenter.scala:92:9: note: For more information, see https://github.com/llvm/circt/issues/6970
generators/rocket-chip/src/main/scala/tilelink/Monitor.scala:36:7: warning: module contains 114 printf-encoded verification operation(s), which are deprecated and will be removed in the future
generators/rocket-chip/src/main/scala/tilelink/Monitor.scala:45:11: note: example printf here, will just be a printf in the future
generators/rocket-chip/src/main/scala/tilelink/Monitor.scala:36:7: note: For more information, see https://github.com/llvm/circt/issues/6970
generators/rocket-chip/src/main/scala/tilelink/Fragmenter.scala:92:9: warning: module contains 3 printf-encoded verification operation(s), which are deprecated and will be removed in the future
generators/rocket-chip/src/main/scala/tilelink/Fragmenter.scala:214:16: note: example printf here, will just be a printf in the future
generators/rocket-chip/src/main/scala/tilelink/Fragmenter.scala:92:9: note: For more information, see https://github.com/llvm/circt/issues/6970
generators/rocket-chip/src/main/scala/tilelink/Monitor.scala:36:7: warning: module contains 112 printf-encoded verification operation(s), which are deprecated and will be removed in the future
generators/rocket-chip/src/main/scala/tilelink/Monitor.scala:45:11: note: example printf here, will just be a printf in the future
generators/rocket-chip/src/main/scala/tilelink/Monitor.scala:36:7: note: For more information, see https://github.com/llvm/circt/issues/6970
generators/rocket-chip/src/main/scala/tilelink/Fragmenter.scala:92:9: warning: module contains 3 printf-encoded verification operation(s), which are deprecated and will be removed in the future
generators/rocket-chip/src/main/scala/tilelink/Fragmenter.scala:214:16: note: example printf here, will just be a printf in the future
generators/rocket-chip/src/main/scala/tilelink/Fragmenter.scala:92:9: note: For more information, see https://github.com/llvm/circt/issues/6970
generators/rocket-chip/src/main/scala/tilelink/Monitor.scala:36:7: warning: module contains 112 printf-encoded verification operation(s), which are deprecated and will be removed in the future
generators/rocket-chip/src/main/scala/tilelink/Monitor.scala:45:11: note: example printf here, will just be a printf in the future
generators/rocket-chip/src/main/scala/tilelink/Monitor.scala:36:7: note: For more information, see https://github.com/llvm/circt/issues/6970
generators/rocket-chip/src/main/scala/tilelink/Fragmenter.scala:92:9: warning: module contains 3 printf-encoded verification operation(s), which are deprecated and will be removed in the future
generators/rocket-chip/src/main/scala/tilelink/Fragmenter.scala:214:16: note: example printf here, will just be a printf in the future
generators/rocket-chip/src/main/scala/tilelink/Fragmenter.scala:92:9: note: For more information, see https://github.com/llvm/circt/issues/6970
generators/rocket-chip/src/main/scala/tilelink/Monitor.scala:36:7: warning: module contains 114 printf-encoded verification operation(s), which are deprecated and will be removed in the future
generators/rocket-chip/src/main/scala/tilelink/Monitor.scala:45:11: note: example printf here, will just be a printf in the future
generators/rocket-chip/src/main/scala/tilelink/Monitor.scala:36:7: note: For more information, see https://github.com/llvm/circt/issues/6970
generators/rocket-chip/src/main/scala/tilelink/Monitor.scala:36:7: warning: module contains 114 printf-encoded verification operation(s), which are deprecated and will be removed in the future
generators/rocket-chip/src/main/scala/tilelink/Monitor.scala:45:11: note: example printf here, will just be a printf in the future
generators/rocket-chip/src/main/scala/tilelink/Monitor.scala:36:7: note: For more information, see https://github.com/llvm/circt/issues/6970
generators/rocket-chip/src/main/scala/tilelink/Xbar.scala:74:9: warning: module contains 3 printf-encoded verification operation(s), which are deprecated and will be removed in the future
generators/rocket-chip/src/main/scala/tilelink/Arbiter.scala:22:12: note: example printf here, will just be a printf in the future
generators/rocket-chip/src/main/scala/tilelink/Xbar.scala:74:9: note: For more information, see https://github.com/llvm/circt/issues/6970
generators/rocket-chip/src/main/scala/tilelink/Monitor.scala:36:7: warning: module contains 114 printf-encoded verification operation(s), which are deprecated and will be removed in the future
generators/rocket-chip/src/main/scala/tilelink/Monitor.scala:45:11: note: example printf here, will just be a printf in the future
generators/rocket-chip/src/main/scala/tilelink/Monitor.scala:36:7: note: For more information, see https://github.com/llvm/circt/issues/6970
generators/rocket-chip/src/main/scala/tilelink/Monitor.scala:36:7: warning: module contains 114 printf-encoded verification operation(s), which are deprecated and will be removed in the future
generators/rocket-chip/src/main/scala/tilelink/Monitor.scala:45:11: note: example printf here, will just be a printf in the future
generators/rocket-chip/src/main/scala/tilelink/Monitor.scala:36:7: note: For more information, see https://github.com/llvm/circt/issues/6970
generators/rocket-chip/src/main/scala/amba/axi4/UserYanker.scala:36:9: warning: module contains 2 printf-encoded verification operation(s), which are deprecated and will be removed in the future
generators/rocket-chip/src/main/scala/amba/axi4/UserYanker.scala:69:14: note: example printf here, will just be a printf in the future
generators/rocket-chip/src/main/scala/amba/axi4/UserYanker.scala:36:9: note: For more information, see https://github.com/llvm/circt/issues/6970
generators/rocket-chip/src/main/scala/tilelink/Monitor.scala:36:7: warning: module contains 114 printf-encoded verification operation(s), which are deprecated and will be removed in the future
generators/rocket-chip/src/main/scala/tilelink/Monitor.scala:45:11: note: example printf here, will just be a printf in the future
generators/rocket-chip/src/main/scala/tilelink/Monitor.scala:36:7: note: For more information, see https://github.com/llvm/circt/issues/6970
generators/rocket-chip/src/main/scala/tilelink/ToAXI4.scala:103:9: warning: module contains 20 printf-encoded verification operation(s), which are deprecated and will be removed in the future
generators/rocket-chip/src/main/scala/tilelink/ToAXI4.scala:280:16: note: example printf here, will just be a printf in the future
generators/rocket-chip/src/main/scala/tilelink/ToAXI4.scala:103:9: note: For more information, see https://github.com/llvm/circt/issues/6970
generators/rocket-chip/src/main/scala/tilelink/Monitor.scala:36:7: warning: module contains 114 printf-encoded verification operation(s), which are deprecated and will be removed in the future
generators/rocket-chip/src/main/scala/tilelink/Monitor.scala:45:11: note: example printf here, will just be a printf in the future
generators/rocket-chip/src/main/scala/tilelink/Monitor.scala:36:7: note: For more information, see https://github.com/llvm/circt/issues/6970
generators/rocket-chip/src/main/scala/tilelink/Monitor.scala:36:7: warning: module contains 114 printf-encoded verification operation(s), which are deprecated and will be removed in the future
generators/rocket-chip/src/main/scala/tilelink/Monitor.scala:45:11: note: example printf here, will just be a printf in the future
generators/rocket-chip/src/main/scala/tilelink/Monitor.scala:36:7: note: For more information, see https://github.com/llvm/circt/issues/6970
generators/rocket-chip/src/main/scala/tilelink/Monitor.scala:36:7: warning: module contains 210 printf-encoded verification operation(s), which are deprecated and will be removed in the future
generators/rocket-chip/src/main/scala/tilelink/Monitor.scala:45:11: note: example printf here, will just be a printf in the future
generators/rocket-chip/src/main/scala/tilelink/Monitor.scala:36:7: note: For more information, see https://github.com/llvm/circt/issues/6970
generators/rocket-chip-inclusive-cache/design/craft/inclusivecache/src/SourceA.scala:33:7: warning: module contains 3 printf-encoded verification operation(s), which are deprecated and will be removed in the future
generators/rocket-chip-inclusive-cache/design/craft/inclusivecache/src/Parameters.scala:222:12: note: example printf here, will just be a printf in the future
generators/rocket-chip-inclusive-cache/design/craft/inclusivecache/src/SourceA.scala:33:7: note: For more information, see https://github.com/llvm/circt/issues/6970
generators/rocket-chip-inclusive-cache/design/craft/inclusivecache/src/SourceB.scala:33:7: warning: module contains 4 printf-encoded verification operation(s), which are deprecated and will be removed in the future
generators/rocket-chip-inclusive-cache/design/craft/inclusivecache/src/SourceB.scala:59:12: note: example printf here, will just be a printf in the future
generators/rocket-chip-inclusive-cache/design/craft/inclusivecache/src/SourceB.scala:33:7: note: For more information, see https://github.com/llvm/circt/issues/6970
generators/rocket-chip-inclusive-cache/design/craft/inclusivecache/src/SourceC.scala:35:7: warning: module contains 5 printf-encoded verification operation(s), which are deprecated and will be removed in the future
generators/rocket-chip-inclusive-cache/design/craft/inclusivecache/src/SourceC.scala:64:10: note: example printf here, will just be a printf in the future
generators/rocket-chip-inclusive-cache/design/craft/inclusivecache/src/SourceC.scala:35:7: note: For more information, see https://github.com/llvm/circt/issues/6970
generators/rocket-chip-inclusive-cache/design/craft/inclusivecache/src/SourceD.scala:48:7: warning: module contains 3 printf-encoded verification operation(s), which are deprecated and will be removed in the future
generators/rocket-chip-inclusive-cache/design/craft/inclusivecache/src/SourceD.scala:123:10: note: example printf here, will just be a printf in the future
generators/rocket-chip-inclusive-cache/design/craft/inclusivecache/src/SourceD.scala:48:7: note: For more information, see https://github.com/llvm/circt/issues/6970
generators/rocket-chip-inclusive-cache/design/craft/inclusivecache/src/ListBuffer.scala:36:7: warning: module contains 1 printf-encoded verification operation(s), which are deprecated and will be removed in the future
generators/rocket-chip-inclusive-cache/design/craft/inclusivecache/src/ListBuffer.scala:86:10: note: example printf here, will just be a printf in the future
generators/rocket-chip-inclusive-cache/design/craft/inclusivecache/src/ListBuffer.scala:36:7: note: For more information, see https://github.com/llvm/circt/issues/6970
generators/rocket-chip-inclusive-cache/design/craft/inclusivecache/src/ListBuffer.scala:36:7: warning: module contains 1 printf-encoded verification operation(s), which are deprecated and will be removed in the future
generators/rocket-chip-inclusive-cache/design/craft/inclusivecache/src/ListBuffer.scala:86:10: note: example printf here, will just be a printf in the future
generators/rocket-chip-inclusive-cache/design/craft/inclusivecache/src/ListBuffer.scala:36:7: note: For more information, see https://github.com/llvm/circt/issues/6970
generators/rocket-chip-inclusive-cache/design/craft/inclusivecache/src/SinkC.scala:41:7: warning: module contains 1 printf-encoded verification operation(s), which are deprecated and will be removed in the future
generators/rocket-chip-inclusive-cache/design/craft/inclusivecache/src/SinkC.scala:90:12: note: example printf here, will just be a printf in the future
generators/rocket-chip-inclusive-cache/design/craft/inclusivecache/src/SinkC.scala:41:7: note: For more information, see https://github.com/llvm/circt/issues/6970
generators/rocket-chip-inclusive-cache/design/craft/inclusivecache/src/SinkD.scala:34:7: warning: module contains 1 printf-encoded verification operation(s), which are deprecated and will be removed in the future
generators/rocket-chip-inclusive-cache/design/craft/inclusivecache/src/SinkD.scala:82:10: note: example printf here, will just be a printf in the future
generators/rocket-chip-inclusive-cache/design/craft/inclusivecache/src/SinkD.scala:34:7: note: For more information, see https://github.com/llvm/circt/issues/6970
generators/rocket-chip-inclusive-cache/design/craft/inclusivecache/src/Directory.scala:56:7: warning: module contains 5 printf-encoded verification operation(s), which are deprecated and will be removed in the future
generators/rocket-chip-inclusive-cache/design/craft/inclusivecache/src/Directory.scala:86:10: note: example printf here, will just be a printf in the future
generators/rocket-chip-inclusive-cache/design/craft/inclusivecache/src/Directory.scala:56:7: note: For more information, see https://github.com/llvm/circt/issues/6970
generators/rocket-chip-inclusive-cache/design/craft/inclusivecache/src/ListBuffer.scala:36:7: warning: module contains 1 printf-encoded verification operation(s), which are deprecated and will be removed in the future
generators/rocket-chip-inclusive-cache/design/craft/inclusivecache/src/ListBuffer.scala:86:10: note: example printf here, will just be a printf in the future
generators/rocket-chip-inclusive-cache/design/craft/inclusivecache/src/ListBuffer.scala:36:7: note: For more information, see https://github.com/llvm/circt/issues/6970
generators/rocket-chip-inclusive-cache/design/craft/inclusivecache/src/MSHR.scala:84:7: warning: module contains 70 printf-encoded verification operation(s), which are deprecated and will be removed in the future
generators/rocket-chip-inclusive-cache/design/craft/inclusivecache/src/MSHR.scala:105:14: note: example printf here, will just be a printf in the future
generators/rocket-chip-inclusive-cache/design/craft/inclusivecache/src/MSHR.scala:84:7: note: For more information, see https://github.com/llvm/circt/issues/6970
generators/rocket-chip-inclusive-cache/design/craft/inclusivecache/src/MSHR.scala:84:7: warning: module contains 70 printf-encoded verification operation(s), which are deprecated and will be removed in the future
generators/rocket-chip-inclusive-cache/design/craft/inclusivecache/src/MSHR.scala:105:14: note: example printf here, will just be a printf in the future
generators/rocket-chip-inclusive-cache/design/craft/inclusivecache/src/MSHR.scala:84:7: note: For more information, see https://github.com/llvm/circt/issues/6970
generators/rocket-chip-inclusive-cache/design/craft/inclusivecache/src/MSHR.scala:84:7: warning: module contains 70 printf-encoded verification operation(s), which are deprecated and will be removed in the future
generators/rocket-chip-inclusive-cache/design/craft/inclusivecache/src/MSHR.scala:105:14: note: example printf here, will just be a printf in the future
generators/rocket-chip-inclusive-cache/design/craft/inclusivecache/src/MSHR.scala:84:7: note: For more information, see https://github.com/llvm/circt/issues/6970
generators/rocket-chip-inclusive-cache/design/craft/inclusivecache/src/MSHR.scala:84:7: warning: module contains 70 printf-encoded verification operation(s), which are deprecated and will be removed in the future
generators/rocket-chip-inclusive-cache/design/craft/inclusivecache/src/MSHR.scala:105:14: note: example printf here, will just be a printf in the future
generators/rocket-chip-inclusive-cache/design/craft/inclusivecache/src/MSHR.scala:84:7: note: For more information, see https://github.com/llvm/circt/issues/6970
generators/rocket-chip-inclusive-cache/design/craft/inclusivecache/src/MSHR.scala:84:7: warning: module contains 70 printf-encoded verification operation(s), which are deprecated and will be removed in the future
generators/rocket-chip-inclusive-cache/design/craft/inclusivecache/src/MSHR.scala:105:14: note: example printf here, will just be a printf in the future
generators/rocket-chip-inclusive-cache/design/craft/inclusivecache/src/MSHR.scala:84:7: note: For more information, see https://github.com/llvm/circt/issues/6970
generators/rocket-chip-inclusive-cache/design/craft/inclusivecache/src/MSHR.scala:84:7: warning: module contains 70 printf-encoded verification operation(s), which are deprecated and will be removed in the future
generators/rocket-chip-inclusive-cache/design/craft/inclusivecache/src/MSHR.scala:105:14: note: example printf here, will just be a printf in the future
generators/rocket-chip-inclusive-cache/design/craft/inclusivecache/src/MSHR.scala:84:7: note: For more information, see https://github.com/llvm/circt/issues/6970
generators/rocket-chip-inclusive-cache/design/craft/inclusivecache/src/MSHR.scala:84:7: warning: module contains 70 printf-encoded verification operation(s), which are deprecated and will be removed in the future
generators/rocket-chip-inclusive-cache/design/craft/inclusivecache/src/MSHR.scala:105:14: note: example printf here, will just be a printf in the future
generators/rocket-chip-inclusive-cache/design/craft/inclusivecache/src/MSHR.scala:84:7: note: For more information, see https://github.com/llvm/circt/issues/6970
generators/rocket-chip-inclusive-cache/design/craft/inclusivecache/src/Scheduler.scala:27:7: warning: module contains 3 printf-encoded verification operation(s), which are deprecated and will be removed in the future
generators/rocket-chip-inclusive-cache/design/craft/inclusivecache/src/Scheduler.scala:291:12: note: example printf here, will just be a printf in the future
generators/rocket-chip-inclusive-cache/design/craft/inclusivecache/src/Scheduler.scala:27:7: note: For more information, see https://github.com/llvm/circt/issues/6970
generators/rocket-chip/src/main/scala/tilelink/Monitor.scala:36:7: warning: module contains 210 printf-encoded verification operation(s), which are deprecated and will be removed in the future
generators/rocket-chip/src/main/scala/tilelink/Monitor.scala:45:11: note: example printf here, will just be a printf in the future
generators/rocket-chip/src/main/scala/tilelink/Monitor.scala:36:7: note: For more information, see https://github.com/llvm/circt/issues/6970
generators/rocket-chip/src/main/scala/tilelink/Monitor.scala:36:7: warning: module contains 210 printf-encoded verification operation(s), which are deprecated and will be removed in the future
generators/rocket-chip/src/main/scala/tilelink/Monitor.scala:45:11: note: example printf here, will just be a printf in the future
generators/rocket-chip/src/main/scala/tilelink/Monitor.scala:36:7: note: For more information, see https://github.com/llvm/circt/issues/6970
generators/rocket-chip/src/main/scala/util/IDPool.scala:8:7: warning: module contains 3 printf-encoded verification operation(s), which are deprecated and will be removed in the future
generators/rocket-chip/src/main/scala/util/IDPool.scala:44:10: note: example printf here, will just be a printf in the future
generators/rocket-chip/src/main/scala/util/IDPool.scala:8:7: note: For more information, see https://github.com/llvm/circt/issues/6970
generators/rocket-chip/src/main/scala/tilelink/CacheCork.scala:42:9: warning: module contains 6 printf-encoded verification operation(s), which are deprecated and will be removed in the future
generators/rocket-chip/src/main/scala/tilelink/CacheCork.scala:116:16: note: example printf here, will just be a printf in the future
generators/rocket-chip/src/main/scala/tilelink/CacheCork.scala:42:9: note: For more information, see https://github.com/llvm/circt/issues/6970
generators/rocket-chip/src/main/scala/tilelink/Monitor.scala:36:7: warning: module contains 114 printf-encoded verification operation(s), which are deprecated and will be removed in the future
generators/rocket-chip/src/main/scala/tilelink/Monitor.scala:45:11: note: example printf here, will just be a printf in the future
generators/rocket-chip/src/main/scala/tilelink/Monitor.scala:36:7: note: For more information, see https://github.com/llvm/circt/issues/6970
generators/rocket-chip/src/main/scala/tilelink/Monitor.scala:36:7: warning: module contains 210 printf-encoded verification operation(s), which are deprecated and will be removed in the future
generators/rocket-chip/src/main/scala/tilelink/Monitor.scala:45:11: note: example printf here, will just be a printf in the future
generators/rocket-chip/src/main/scala/tilelink/Monitor.scala:36:7: note: For more information, see https://github.com/llvm/circt/issues/6970
generators/rocket-chip/src/main/scala/tilelink/Monitor.scala:36:7: warning: module contains 114 printf-encoded verification operation(s), which are deprecated and will be removed in the future
generators/rocket-chip/src/main/scala/tilelink/Monitor.scala:45:11: note: example printf here, will just be a printf in the future
generators/rocket-chip/src/main/scala/tilelink/Monitor.scala:36:7: note: For more information, see https://github.com/llvm/circt/issues/6970
generators/rocket-chip/src/main/scala/tilelink/Xbar.scala:74:9: warning: module contains 3 printf-encoded verification operation(s), which are deprecated and will be removed in the future
generators/rocket-chip/src/main/scala/tilelink/Arbiter.scala:22:12: note: example printf here, will just be a printf in the future
generators/rocket-chip/src/main/scala/tilelink/Xbar.scala:74:9: note: For more information, see https://github.com/llvm/circt/issues/6970
generators/rocket-chip/src/main/scala/rocket/DCache.scala:101:7: warning: module contains 10 printf-encoded verification operation(s), which are deprecated and will be removed in the future
generators/rocket-chip/src/main/scala/rocket/DCache.scala:1186:11: note: example printf here, will just be a printf in the future
generators/rocket-chip/src/main/scala/rocket/DCache.scala:101:7: note: For more information, see https://github.com/llvm/circt/issues/6970
generators/rocket-chip/src/main/scala/rocket/ICache.scala:251:7: warning: module contains 2 printf-encoded verification operation(s), which are deprecated and will be removed in the future
generators/rocket-chip/src/main/scala/rocket/ICache.scala:521:9: note: example printf here, will just be a printf in the future
generators/rocket-chip/src/main/scala/rocket/ICache.scala:251:7: note: For more information, see https://github.com/llvm/circt/issues/6970
generators/rocket-chip/src/main/scala/rocket/Frontend.scala:82:7: warning: module contains 2 printf-encoded verification operation(s), which are deprecated and will be removed in the future
generators/rocket-chip/src/main/scala/rocket/Frontend.scala:96:9: note: example printf here, will just be a printf in the future
generators/rocket-chip/src/main/scala/rocket/Frontend.scala:82:7: note: For more information, see https://github.com/llvm/circt/issues/6970
generators/rocket-chip/src/main/scala/rocket/PTW.scala:219:7: warning: module contains 5 printf-encoded verification operation(s), which are deprecated and will be removed in the future
generators/rocket-chip/src/main/scala/rocket/PTW.scala:395:9: note: example printf here, will just be a printf in the future
generators/rocket-chip/src/main/scala/rocket/PTW.scala:219:7: note: For more information, see https://github.com/llvm/circt/issues/6970
generators/rocket-chip/src/main/scala/rocket/IBuf.scala:21:7: warning: module contains 1 printf-encoded verification operation(s), which are deprecated and will be removed in the future
generators/rocket-chip/src/main/scala/rocket/IBuf.scala:79:9: note: example printf here, will just be a printf in the future
generators/rocket-chip/src/main/scala/rocket/IBuf.scala:21:7: note: For more information, see https://github.com/llvm/circt/issues/6970
generators/rocket-chip/src/main/scala/rocket/CSR.scala:377:7: warning: module contains 3 printf-encoded verification operation(s), which are deprecated and will be removed in the future
generators/rocket-chip/src/main/scala/rocket/CSR.scala:1021:9: note: example printf here, will just be a printf in the future
generators/rocket-chip/src/main/scala/rocket/CSR.scala:377:7: note: For more information, see https://github.com/llvm/circt/issues/6970
generators/rocket-chip/src/main/scala/util/PlusArg.scala:58:7: warning: module contains 1 printf-encoded verification operation(s), which are deprecated and will be removed in the future
generators/rocket-chip/src/main/scala/util/PlusArg.scala:64:12: note: example printf here, will just be a printf in the future
generators/rocket-chip/src/main/scala/util/PlusArg.scala:58:7: note: For more information, see https://github.com/llvm/circt/issues/6970
generators/rocket-chip/src/main/scala/rocket/RocketCore.scala:153:7: warning: module contains 1 printf-encoded verification operation(s), which are deprecated and will be removed in the future
generators/rocket-chip/src/main/scala/rocket/RocketCore.scala:855:11: note: example printf here, will just be a printf in the future
generators/rocket-chip/src/main/scala/rocket/RocketCore.scala:153:7: note: For more information, see https://github.com/llvm/circt/issues/6970
generators/rocket-chip/src/main/scala/tilelink/Monitor.scala:36:7: warning: module contains 210 printf-encoded verification operation(s), which are deprecated and will be removed in the future
generators/rocket-chip/src/main/scala/tilelink/Monitor.scala:45:11: note: example printf here, will just be a printf in the future
generators/rocket-chip/src/main/scala/tilelink/Monitor.scala:36:7: note: For more information, see https://github.com/llvm/circt/issues/6970
generators/rocket-chip/src/main/scala/tilelink/Monitor.scala:36:7: warning: module contains 210 printf-encoded verification operation(s), which are deprecated and will be removed in the future
generators/rocket-chip/src/main/scala/tilelink/Monitor.scala:45:11: note: example printf here, will just be a printf in the future
generators/rocket-chip/src/main/scala/tilelink/Monitor.scala:36:7: note: For more information, see https://github.com/llvm/circt/issues/6970
generators/rocket-chip/src/main/scala/tilelink/Monitor.scala:36:7: warning: module contains 114 printf-encoded verification operation(s), which are deprecated and will be removed in the future
generators/rocket-chip/src/main/scala/tilelink/Monitor.scala:45:11: note: example printf here, will just be a printf in the future
generators/rocket-chip/src/main/scala/tilelink/Monitor.scala:36:7: note: For more information, see https://github.com/llvm/circt/issues/6970
generators/rocket-chip/src/main/scala/tilelink/Xbar.scala:74:9: warning: module contains 3 printf-encoded verification operation(s), which are deprecated and will be removed in the future
generators/rocket-chip/src/main/scala/tilelink/Arbiter.scala:22:12: note: example printf here, will just be a printf in the future
generators/rocket-chip/src/main/scala/tilelink/Xbar.scala:74:9: note: For more information, see https://github.com/llvm/circt/issues/6970
generators/rocket-chip/src/main/scala/rocket/DCache.scala:101:7: warning: module contains 10 printf-encoded verification operation(s), which are deprecated and will be removed in the future
generators/rocket-chip/src/main/scala/rocket/DCache.scala:1186:11: note: example printf here, will just be a printf in the future
generators/rocket-chip/src/main/scala/rocket/DCache.scala:101:7: note: For more information, see https://github.com/llvm/circt/issues/6970
generators/rocket-chip/src/main/scala/rocket/ICache.scala:251:7: warning: module contains 2 printf-encoded verification operation(s), which are deprecated and will be removed in the future
generators/rocket-chip/src/main/scala/rocket/ICache.scala:521:9: note: example printf here, will just be a printf in the future
generators/rocket-chip/src/main/scala/rocket/ICache.scala:251:7: note: For more information, see https://github.com/llvm/circt/issues/6970
generators/rocket-chip/src/main/scala/rocket/Frontend.scala:82:7: warning: module contains 2 printf-encoded verification operation(s), which are deprecated and will be removed in the future
generators/rocket-chip/src/main/scala/rocket/Frontend.scala:96:9: note: example printf here, will just be a printf in the future
generators/rocket-chip/src/main/scala/rocket/Frontend.scala:82:7: note: For more information, see https://github.com/llvm/circt/issues/6970
generators/rocket-chip/src/main/scala/rocket/PTW.scala:219:7: warning: module contains 5 printf-encoded verification operation(s), which are deprecated and will be removed in the future
generators/rocket-chip/src/main/scala/rocket/PTW.scala:395:9: note: example printf here, will just be a printf in the future
generators/rocket-chip/src/main/scala/rocket/PTW.scala:219:7: note: For more information, see https://github.com/llvm/circt/issues/6970
generators/rocket-chip/src/main/scala/rocket/IBuf.scala:21:7: warning: module contains 1 printf-encoded verification operation(s), which are deprecated and will be removed in the future
generators/rocket-chip/src/main/scala/rocket/IBuf.scala:79:9: note: example printf here, will just be a printf in the future
generators/rocket-chip/src/main/scala/rocket/IBuf.scala:21:7: note: For more information, see https://github.com/llvm/circt/issues/6970
generators/rocket-chip/src/main/scala/rocket/CSR.scala:377:7: warning: module contains 3 printf-encoded verification operation(s), which are deprecated and will be removed in the future
generators/rocket-chip/src/main/scala/rocket/CSR.scala:1021:9: note: example printf here, will just be a printf in the future
generators/rocket-chip/src/main/scala/rocket/CSR.scala:377:7: note: For more information, see https://github.com/llvm/circt/issues/6970
generators/rocket-chip/src/main/scala/util/PlusArg.scala:58:7: warning: module contains 1 printf-encoded verification operation(s), which are deprecated and will be removed in the future
generators/rocket-chip/src/main/scala/util/PlusArg.scala:64:12: note: example printf here, will just be a printf in the future
generators/rocket-chip/src/main/scala/util/PlusArg.scala:58:7: note: For more information, see https://github.com/llvm/circt/issues/6970
generators/rocket-chip/src/main/scala/rocket/RocketCore.scala:153:7: warning: module contains 1 printf-encoded verification operation(s), which are deprecated and will be removed in the future
generators/rocket-chip/src/main/scala/rocket/RocketCore.scala:855:11: note: example printf here, will just be a printf in the future
generators/rocket-chip/src/main/scala/rocket/RocketCore.scala:153:7: note: For more information, see https://github.com/llvm/circt/issues/6970
generators/rocket-chip/src/main/scala/tilelink/Monitor.scala:36:7: warning: module contains 210 printf-encoded verification operation(s), which are deprecated and will be removed in the future
generators/rocket-chip/src/main/scala/tilelink/Monitor.scala:45:11: note: example printf here, will just be a printf in the future
generators/rocket-chip/src/main/scala/tilelink/Monitor.scala:36:7: note: For more information, see https://github.com/llvm/circt/issues/6970
generators/rocket-chip/src/main/scala/tilelink/Monitor.scala:36:7: warning: module contains 210 printf-encoded verification operation(s), which are deprecated and will be removed in the future
generators/rocket-chip/src/main/scala/tilelink/Monitor.scala:45:11: note: example printf here, will just be a printf in the future
generators/rocket-chip/src/main/scala/tilelink/Monitor.scala:36:7: note: For more information, see https://github.com/llvm/circt/issues/6970
generators/rocket-chip/src/main/scala/tilelink/Monitor.scala:36:7: warning: module contains 114 printf-encoded verification operation(s), which are deprecated and will be removed in the future
generators/rocket-chip/src/main/scala/tilelink/Monitor.scala:45:11: note: example printf here, will just be a printf in the future
generators/rocket-chip/src/main/scala/tilelink/Monitor.scala:36:7: note: For more information, see https://github.com/llvm/circt/issues/6970
generators/rocket-chip/src/main/scala/tilelink/Xbar.scala:74:9: warning: module contains 3 printf-encoded verification operation(s), which are deprecated and will be removed in the future
generators/rocket-chip/src/main/scala/tilelink/Arbiter.scala:22:12: note: example printf here, will just be a printf in the future
generators/rocket-chip/src/main/scala/tilelink/Xbar.scala:74:9: note: For more information, see https://github.com/llvm/circt/issues/6970
generators/rocket-chip/src/main/scala/rocket/DCache.scala:101:7: warning: module contains 10 printf-encoded verification operation(s), which are deprecated and will be removed in the future
generators/rocket-chip/src/main/scala/rocket/DCache.scala:1186:11: note: example printf here, will just be a printf in the future
generators/rocket-chip/src/main/scala/rocket/DCache.scala:101:7: note: For more information, see https://github.com/llvm/circt/issues/6970
generators/rocket-chip/src/main/scala/rocket/ICache.scala:251:7: warning: module contains 2 printf-encoded verification operation(s), which are deprecated and will be removed in the future
generators/rocket-chip/src/main/scala/rocket/ICache.scala:521:9: note: example printf here, will just be a printf in the future
generators/rocket-chip/src/main/scala/rocket/ICache.scala:251:7: note: For more information, see https://github.com/llvm/circt/issues/6970
generators/rocket-chip/src/main/scala/rocket/Frontend.scala:82:7: warning: module contains 2 printf-encoded verification operation(s), which are deprecated and will be removed in the future
generators/rocket-chip/src/main/scala/rocket/Frontend.scala:96:9: note: example printf here, will just be a printf in the future
generators/rocket-chip/src/main/scala/rocket/Frontend.scala:82:7: note: For more information, see https://github.com/llvm/circt/issues/6970
generators/rocket-chip/src/main/scala/rocket/PTW.scala:219:7: warning: module contains 5 printf-encoded verification operation(s), which are deprecated and will be removed in the future
generators/rocket-chip/src/main/scala/rocket/PTW.scala:395:9: note: example printf here, will just be a printf in the future
generators/rocket-chip/src/main/scala/rocket/PTW.scala:219:7: note: For more information, see https://github.com/llvm/circt/issues/6970
generators/rocket-chip/src/main/scala/rocket/IBuf.scala:21:7: warning: module contains 1 printf-encoded verification operation(s), which are deprecated and will be removed in the future
generators/rocket-chip/src/main/scala/rocket/IBuf.scala:79:9: note: example printf here, will just be a printf in the future
generators/rocket-chip/src/main/scala/rocket/IBuf.scala:21:7: note: For more information, see https://github.com/llvm/circt/issues/6970
generators/rocket-chip/src/main/scala/rocket/CSR.scala:377:7: warning: module contains 3 printf-encoded verification operation(s), which are deprecated and will be removed in the future
generators/rocket-chip/src/main/scala/rocket/CSR.scala:1021:9: note: example printf here, will just be a printf in the future
generators/rocket-chip/src/main/scala/rocket/CSR.scala:377:7: note: For more information, see https://github.com/llvm/circt/issues/6970
generators/rocket-chip/src/main/scala/util/PlusArg.scala:58:7: warning: module contains 1 printf-encoded verification operation(s), which are deprecated and will be removed in the future
generators/rocket-chip/src/main/scala/util/PlusArg.scala:64:12: note: example printf here, will just be a printf in the future
generators/rocket-chip/src/main/scala/util/PlusArg.scala:58:7: note: For more information, see https://github.com/llvm/circt/issues/6970
generators/rocket-chip/src/main/scala/rocket/RocketCore.scala:153:7: warning: module contains 1 printf-encoded verification operation(s), which are deprecated and will be removed in the future
generators/rocket-chip/src/main/scala/rocket/RocketCore.scala:855:11: note: example printf here, will just be a printf in the future
generators/rocket-chip/src/main/scala/rocket/RocketCore.scala:153:7: note: For more information, see https://github.com/llvm/circt/issues/6970
generators/rocket-chip/src/main/scala/tilelink/Monitor.scala:36:7: warning: module contains 210 printf-encoded verification operation(s), which are deprecated and will be removed in the future
generators/rocket-chip/src/main/scala/tilelink/Monitor.scala:45:11: note: example printf here, will just be a printf in the future
generators/rocket-chip/src/main/scala/tilelink/Monitor.scala:36:7: note: For more information, see https://github.com/llvm/circt/issues/6970
generators/rocket-chip/src/main/scala/tilelink/Monitor.scala:36:7: warning: module contains 210 printf-encoded verification operation(s), which are deprecated and will be removed in the future
generators/rocket-chip/src/main/scala/tilelink/Monitor.scala:45:11: note: example printf here, will just be a printf in the future
generators/rocket-chip/src/main/scala/tilelink/Monitor.scala:36:7: note: For more information, see https://github.com/llvm/circt/issues/6970
generators/rocket-chip/src/main/scala/tilelink/Monitor.scala:36:7: warning: module contains 114 printf-encoded verification operation(s), which are deprecated and will be removed in the future
generators/rocket-chip/src/main/scala/tilelink/Monitor.scala:45:11: note: example printf here, will just be a printf in the future
generators/rocket-chip/src/main/scala/tilelink/Monitor.scala:36:7: note: For more information, see https://github.com/llvm/circt/issues/6970
generators/rocket-chip/src/main/scala/tilelink/Xbar.scala:74:9: warning: module contains 3 printf-encoded verification operation(s), which are deprecated and will be removed in the future
generators/rocket-chip/src/main/scala/tilelink/Arbiter.scala:22:12: note: example printf here, will just be a printf in the future
generators/rocket-chip/src/main/scala/tilelink/Xbar.scala:74:9: note: For more information, see https://github.com/llvm/circt/issues/6970
generators/rocket-chip/src/main/scala/rocket/DCache.scala:101:7: warning: module contains 10 printf-encoded verification operation(s), which are deprecated and will be removed in the future
generators/rocket-chip/src/main/scala/rocket/DCache.scala:1186:11: note: example printf here, will just be a printf in the future
generators/rocket-chip/src/main/scala/rocket/DCache.scala:101:7: note: For more information, see https://github.com/llvm/circt/issues/6970
generators/rocket-chip/src/main/scala/rocket/ICache.scala:251:7: warning: module contains 2 printf-encoded verification operation(s), which are deprecated and will be removed in the future
generators/rocket-chip/src/main/scala/rocket/ICache.scala:521:9: note: example printf here, will just be a printf in the future
generators/rocket-chip/src/main/scala/rocket/ICache.scala:251:7: note: For more information, see https://github.com/llvm/circt/issues/6970
generators/rocket-chip/src/main/scala/rocket/Frontend.scala:82:7: warning: module contains 2 printf-encoded verification operation(s), which are deprecated and will be removed in the future
generators/rocket-chip/src/main/scala/rocket/Frontend.scala:96:9: note: example printf here, will just be a printf in the future
generators/rocket-chip/src/main/scala/rocket/Frontend.scala:82:7: note: For more information, see https://github.com/llvm/circt/issues/6970
generators/rocket-chip/src/main/scala/rocket/PTW.scala:219:7: warning: module contains 5 printf-encoded verification operation(s), which are deprecated and will be removed in the future
generators/rocket-chip/src/main/scala/rocket/PTW.scala:395:9: note: example printf here, will just be a printf in the future
generators/rocket-chip/src/main/scala/rocket/PTW.scala:219:7: note: For more information, see https://github.com/llvm/circt/issues/6970
generators/rocket-chip/src/main/scala/rocket/IBuf.scala:21:7: warning: module contains 1 printf-encoded verification operation(s), which are deprecated and will be removed in the future
generators/rocket-chip/src/main/scala/rocket/IBuf.scala:79:9: note: example printf here, will just be a printf in the future
generators/rocket-chip/src/main/scala/rocket/IBuf.scala:21:7: note: For more information, see https://github.com/llvm/circt/issues/6970
generators/rocket-chip/src/main/scala/rocket/CSR.scala:377:7: warning: module contains 3 printf-encoded verification operation(s), which are deprecated and will be removed in the future
generators/rocket-chip/src/main/scala/rocket/CSR.scala:1021:9: note: example printf here, will just be a printf in the future
generators/rocket-chip/src/main/scala/rocket/CSR.scala:377:7: note: For more information, see https://github.com/llvm/circt/issues/6970
generators/rocket-chip/src/main/scala/util/PlusArg.scala:58:7: warning: module contains 1 printf-encoded verification operation(s), which are deprecated and will be removed in the future
generators/rocket-chip/src/main/scala/util/PlusArg.scala:64:12: note: example printf here, will just be a printf in the future
generators/rocket-chip/src/main/scala/util/PlusArg.scala:58:7: note: For more information, see https://github.com/llvm/circt/issues/6970
generators/rocket-chip/src/main/scala/rocket/RocketCore.scala:153:7: warning: module contains 1 printf-encoded verification operation(s), which are deprecated and will be removed in the future
generators/rocket-chip/src/main/scala/rocket/RocketCore.scala:855:11: note: example printf here, will just be a printf in the future
generators/rocket-chip/src/main/scala/rocket/RocketCore.scala:153:7: note: For more information, see https://github.com/llvm/circt/issues/6970
generators/rocket-chip/src/main/scala/tilelink/Monitor.scala:36:7: warning: module contains 210 printf-encoded verification operation(s), which are deprecated and will be removed in the future
generators/rocket-chip/src/main/scala/tilelink/Monitor.scala:45:11: note: example printf here, will just be a printf in the future
generators/rocket-chip/src/main/scala/tilelink/Monitor.scala:36:7: note: For more information, see https://github.com/llvm/circt/issues/6970
generators/rocket-chip/src/main/scala/tilelink/Monitor.scala:36:7: warning: module contains 210 printf-encoded verification operation(s), which are deprecated and will be removed in the future
generators/rocket-chip/src/main/scala/tilelink/Monitor.scala:45:11: note: example printf here, will just be a printf in the future
generators/rocket-chip/src/main/scala/tilelink/Monitor.scala:36:7: note: For more information, see https://github.com/llvm/circt/issues/6970
generators/rocket-chip/src/main/scala/tilelink/Monitor.scala:36:7: warning: module contains 114 printf-encoded verification operation(s), which are deprecated and will be removed in the future
generators/rocket-chip/src/main/scala/tilelink/Monitor.scala:45:11: note: example printf here, will just be a printf in the future
generators/rocket-chip/src/main/scala/tilelink/Monitor.scala:36:7: note: For more information, see https://github.com/llvm/circt/issues/6970
generators/rocket-chip/src/main/scala/tilelink/Xbar.scala:74:9: warning: module contains 3 printf-encoded verification operation(s), which are deprecated and will be removed in the future
generators/rocket-chip/src/main/scala/tilelink/Arbiter.scala:22:12: note: example printf here, will just be a printf in the future
generators/rocket-chip/src/main/scala/tilelink/Xbar.scala:74:9: note: For more information, see https://github.com/llvm/circt/issues/6970
generators/rocket-chip/src/main/scala/rocket/DCache.scala:101:7: warning: module contains 10 printf-encoded verification operation(s), which are deprecated and will be removed in the future
generators/rocket-chip/src/main/scala/rocket/DCache.scala:1186:11: note: example printf here, will just be a printf in the future
generators/rocket-chip/src/main/scala/rocket/DCache.scala:101:7: note: For more information, see https://github.com/llvm/circt/issues/6970
generators/rocket-chip/src/main/scala/rocket/ICache.scala:251:7: warning: module contains 2 printf-encoded verification operation(s), which are deprecated and will be removed in the future
generators/rocket-chip/src/main/scala/rocket/ICache.scala:521:9: note: example printf here, will just be a printf in the future
generators/rocket-chip/src/main/scala/rocket/ICache.scala:251:7: note: For more information, see https://github.com/llvm/circt/issues/6970
generators/rocket-chip/src/main/scala/rocket/Frontend.scala:82:7: warning: module contains 2 printf-encoded verification operation(s), which are deprecated and will be removed in the future
generators/rocket-chip/src/main/scala/rocket/Frontend.scala:96:9: note: example printf here, will just be a printf in the future
generators/rocket-chip/src/main/scala/rocket/Frontend.scala:82:7: note: For more information, see https://github.com/llvm/circt/issues/6970
generators/rocket-chip/src/main/scala/rocket/PTW.scala:219:7: warning: module contains 5 printf-encoded verification operation(s), which are deprecated and will be removed in the future
generators/rocket-chip/src/main/scala/rocket/PTW.scala:395:9: note: example printf here, will just be a printf in the future
generators/rocket-chip/src/main/scala/rocket/PTW.scala:219:7: note: For more information, see https://github.com/llvm/circt/issues/6970
generators/rocket-chip/src/main/scala/rocket/IBuf.scala:21:7: warning: module contains 1 printf-encoded verification operation(s), which are deprecated and will be removed in the future
generators/rocket-chip/src/main/scala/rocket/IBuf.scala:79:9: note: example printf here, will just be a printf in the future
generators/rocket-chip/src/main/scala/rocket/IBuf.scala:21:7: note: For more information, see https://github.com/llvm/circt/issues/6970
generators/rocket-chip/src/main/scala/rocket/CSR.scala:377:7: warning: module contains 3 printf-encoded verification operation(s), which are deprecated and will be removed in the future
generators/rocket-chip/src/main/scala/rocket/CSR.scala:1021:9: note: example printf here, will just be a printf in the future
generators/rocket-chip/src/main/scala/rocket/CSR.scala:377:7: note: For more information, see https://github.com/llvm/circt/issues/6970
generators/rocket-chip/src/main/scala/util/PlusArg.scala:58:7: warning: module contains 1 printf-encoded verification operation(s), which are deprecated and will be removed in the future
generators/rocket-chip/src/main/scala/util/PlusArg.scala:64:12: note: example printf here, will just be a printf in the future
generators/rocket-chip/src/main/scala/util/PlusArg.scala:58:7: note: For more information, see https://github.com/llvm/circt/issues/6970
generators/rocket-chip/src/main/scala/rocket/RocketCore.scala:153:7: warning: module contains 1 printf-encoded verification operation(s), which are deprecated and will be removed in the future
generators/rocket-chip/src/main/scala/rocket/RocketCore.scala:855:11: note: example printf here, will just be a printf in the future
generators/rocket-chip/src/main/scala/rocket/RocketCore.scala:153:7: note: For more information, see https://github.com/llvm/circt/issues/6970
generators/rocket-chip/src/main/scala/tilelink/Monitor.scala:36:7: warning: module contains 210 printf-encoded verification operation(s), which are deprecated and will be removed in the future
generators/rocket-chip/src/main/scala/tilelink/Monitor.scala:45:11: note: example printf here, will just be a printf in the future
generators/rocket-chip/src/main/scala/tilelink/Monitor.scala:36:7: note: For more information, see https://github.com/llvm/circt/issues/6970
generators/rocket-chip/src/main/scala/tilelink/Monitor.scala:36:7: warning: module contains 210 printf-encoded verification operation(s), which are deprecated and will be removed in the future
generators/rocket-chip/src/main/scala/tilelink/Monitor.scala:45:11: note: example printf here, will just be a printf in the future
generators/rocket-chip/src/main/scala/tilelink/Monitor.scala:36:7: note: For more information, see https://github.com/llvm/circt/issues/6970
generators/rocket-chip/src/main/scala/tilelink/Monitor.scala:36:7: warning: module contains 114 printf-encoded verification operation(s), which are deprecated and will be removed in the future
generators/rocket-chip/src/main/scala/tilelink/Monitor.scala:45:11: note: example printf here, will just be a printf in the future
generators/rocket-chip/src/main/scala/tilelink/Monitor.scala:36:7: note: For more information, see https://github.com/llvm/circt/issues/6970
generators/rocket-chip/src/main/scala/tilelink/Xbar.scala:74:9: warning: module contains 3 printf-encoded verification operation(s), which are deprecated and will be removed in the future
generators/rocket-chip/src/main/scala/tilelink/Arbiter.scala:22:12: note: example printf here, will just be a printf in the future
generators/rocket-chip/src/main/scala/tilelink/Xbar.scala:74:9: note: For more information, see https://github.com/llvm/circt/issues/6970
generators/rocket-chip/src/main/scala/rocket/DCache.scala:101:7: warning: module contains 10 printf-encoded verification operation(s), which are deprecated and will be removed in the future
generators/rocket-chip/src/main/scala/rocket/DCache.scala:1186:11: note: example printf here, will just be a printf in the future
generators/rocket-chip/src/main/scala/rocket/DCache.scala:101:7: note: For more information, see https://github.com/llvm/circt/issues/6970
generators/rocket-chip/src/main/scala/rocket/ICache.scala:251:7: warning: module contains 2 printf-encoded verification operation(s), which are deprecated and will be removed in the future
generators/rocket-chip/src/main/scala/rocket/ICache.scala:521:9: note: example printf here, will just be a printf in the future
generators/rocket-chip/src/main/scala/rocket/ICache.scala:251:7: note: For more information, see https://github.com/llvm/circt/issues/6970
generators/rocket-chip/src/main/scala/rocket/Frontend.scala:82:7: warning: module contains 2 printf-encoded verification operation(s), which are deprecated and will be removed in the future
generators/rocket-chip/src/main/scala/rocket/Frontend.scala:96:9: note: example printf here, will just be a printf in the future
generators/rocket-chip/src/main/scala/rocket/Frontend.scala:82:7: note: For more information, see https://github.com/llvm/circt/issues/6970
generators/rocket-chip/src/main/scala/rocket/PTW.scala:219:7: warning: module contains 5 printf-encoded verification operation(s), which are deprecated and will be removed in the future
generators/rocket-chip/src/main/scala/rocket/PTW.scala:395:9: note: example printf here, will just be a printf in the future
generators/rocket-chip/src/main/scala/rocket/PTW.scala:219:7: note: For more information, see https://github.com/llvm/circt/issues/6970
generators/rocket-chip/src/main/scala/rocket/IBuf.scala:21:7: warning: module contains 1 printf-encoded verification operation(s), which are deprecated and will be removed in the future
generators/rocket-chip/src/main/scala/rocket/IBuf.scala:79:9: note: example printf here, will just be a printf in the future
generators/rocket-chip/src/main/scala/rocket/IBuf.scala:21:7: note: For more information, see https://github.com/llvm/circt/issues/6970
generators/rocket-chip/src/main/scala/rocket/CSR.scala:377:7: warning: module contains 3 printf-encoded verification operation(s), which are deprecated and will be removed in the future
generators/rocket-chip/src/main/scala/rocket/CSR.scala:1021:9: note: example printf here, will just be a printf in the future
generators/rocket-chip/src/main/scala/rocket/CSR.scala:377:7: note: For more information, see https://github.com/llvm/circt/issues/6970
generators/rocket-chip/src/main/scala/util/PlusArg.scala:58:7: warning: module contains 1 printf-encoded verification operation(s), which are deprecated and will be removed in the future
generators/rocket-chip/src/main/scala/util/PlusArg.scala:64:12: note: example printf here, will just be a printf in the future
generators/rocket-chip/src/main/scala/util/PlusArg.scala:58:7: note: For more information, see https://github.com/llvm/circt/issues/6970
generators/rocket-chip/src/main/scala/rocket/RocketCore.scala:153:7: warning: module contains 1 printf-encoded verification operation(s), which are deprecated and will be removed in the future
generators/rocket-chip/src/main/scala/rocket/RocketCore.scala:855:11: note: example printf here, will just be a printf in the future
generators/rocket-chip/src/main/scala/rocket/RocketCore.scala:153:7: note: For more information, see https://github.com/llvm/circt/issues/6970
generators/rocket-chip/src/main/scala/tilelink/Monitor.scala:36:7: warning: module contains 210 printf-encoded verification operation(s), which are deprecated and will be removed in the future
generators/rocket-chip/src/main/scala/tilelink/Monitor.scala:45:11: note: example printf here, will just be a printf in the future
generators/rocket-chip/src/main/scala/tilelink/Monitor.scala:36:7: note: For more information, see https://github.com/llvm/circt/issues/6970
generators/rocket-chip/src/main/scala/tilelink/Monitor.scala:36:7: warning: module contains 210 printf-encoded verification operation(s), which are deprecated and will be removed in the future
generators/rocket-chip/src/main/scala/tilelink/Monitor.scala:45:11: note: example printf here, will just be a printf in the future
generators/rocket-chip/src/main/scala/tilelink/Monitor.scala:36:7: note: For more information, see https://github.com/llvm/circt/issues/6970
generators/rocket-chip/src/main/scala/tilelink/Monitor.scala:36:7: warning: module contains 114 printf-encoded verification operation(s), which are deprecated and will be removed in the future
generators/rocket-chip/src/main/scala/tilelink/Monitor.scala:45:11: note: example printf here, will just be a printf in the future
generators/rocket-chip/src/main/scala/tilelink/Monitor.scala:36:7: note: For more information, see https://github.com/llvm/circt/issues/6970
generators/rocket-chip/src/main/scala/tilelink/Xbar.scala:74:9: warning: module contains 3 printf-encoded verification operation(s), which are deprecated and will be removed in the future
generators/rocket-chip/src/main/scala/tilelink/Arbiter.scala:22:12: note: example printf here, will just be a printf in the future
generators/rocket-chip/src/main/scala/tilelink/Xbar.scala:74:9: note: For more information, see https://github.com/llvm/circt/issues/6970
generators/rocket-chip/src/main/scala/rocket/DCache.scala:101:7: warning: module contains 10 printf-encoded verification operation(s), which are deprecated and will be removed in the future
generators/rocket-chip/src/main/scala/rocket/DCache.scala:1186:11: note: example printf here, will just be a printf in the future
generators/rocket-chip/src/main/scala/rocket/DCache.scala:101:7: note: For more information, see https://github.com/llvm/circt/issues/6970
generators/rocket-chip/src/main/scala/rocket/ICache.scala:251:7: warning: module contains 2 printf-encoded verification operation(s), which are deprecated and will be removed in the future
generators/rocket-chip/src/main/scala/rocket/ICache.scala:521:9: note: example printf here, will just be a printf in the future
generators/rocket-chip/src/main/scala/rocket/ICache.scala:251:7: note: For more information, see https://github.com/llvm/circt/issues/6970
generators/rocket-chip/src/main/scala/rocket/Frontend.scala:82:7: warning: module contains 2 printf-encoded verification operation(s), which are deprecated and will be removed in the future
generators/rocket-chip/src/main/scala/rocket/Frontend.scala:96:9: note: example printf here, will just be a printf in the future
generators/rocket-chip/src/main/scala/rocket/Frontend.scala:82:7: note: For more information, see https://github.com/llvm/circt/issues/6970
generators/rocket-chip/src/main/scala/rocket/PTW.scala:219:7: warning: module contains 5 printf-encoded verification operation(s), which are deprecated and will be removed in the future
generators/rocket-chip/src/main/scala/rocket/PTW.scala:395:9: note: example printf here, will just be a printf in the future
generators/rocket-chip/src/main/scala/rocket/PTW.scala:219:7: note: For more information, see https://github.com/llvm/circt/issues/6970
generators/rocket-chip/src/main/scala/rocket/IBuf.scala:21:7: warning: module contains 1 printf-encoded verification operation(s), which are deprecated and will be removed in the future
generators/rocket-chip/src/main/scala/rocket/IBuf.scala:79:9: note: example printf here, will just be a printf in the future
generators/rocket-chip/src/main/scala/rocket/IBuf.scala:21:7: note: For more information, see https://github.com/llvm/circt/issues/6970
generators/rocket-chip/src/main/scala/rocket/CSR.scala:377:7: warning: module contains 3 printf-encoded verification operation(s), which are deprecated and will be removed in the future
generators/rocket-chip/src/main/scala/rocket/CSR.scala:1021:9: note: example printf here, will just be a printf in the future
generators/rocket-chip/src/main/scala/rocket/CSR.scala:377:7: note: For more information, see https://github.com/llvm/circt/issues/6970
generators/rocket-chip/src/main/scala/util/PlusArg.scala:58:7: warning: module contains 1 printf-encoded verification operation(s), which are deprecated and will be removed in the future
generators/rocket-chip/src/main/scala/util/PlusArg.scala:64:12: note: example printf here, will just be a printf in the future
generators/rocket-chip/src/main/scala/util/PlusArg.scala:58:7: note: For more information, see https://github.com/llvm/circt/issues/6970
generators/rocket-chip/src/main/scala/rocket/RocketCore.scala:153:7: warning: module contains 1 printf-encoded verification operation(s), which are deprecated and will be removed in the future
generators/rocket-chip/src/main/scala/rocket/RocketCore.scala:855:11: note: example printf here, will just be a printf in the future
generators/rocket-chip/src/main/scala/rocket/RocketCore.scala:153:7: note: For more information, see https://github.com/llvm/circt/issues/6970
generators/rocket-chip/src/main/scala/tilelink/Monitor.scala:36:7: warning: module contains 210 printf-encoded verification operation(s), which are deprecated and will be removed in the future
generators/rocket-chip/src/main/scala/tilelink/Monitor.scala:45:11: note: example printf here, will just be a printf in the future
generators/rocket-chip/src/main/scala/tilelink/Monitor.scala:36:7: note: For more information, see https://github.com/llvm/circt/issues/6970
generators/rocket-chip/src/main/scala/tilelink/Monitor.scala:36:7: warning: module contains 210 printf-encoded verification operation(s), which are deprecated and will be removed in the future
generators/rocket-chip/src/main/scala/tilelink/Monitor.scala:45:11: note: example printf here, will just be a printf in the future
generators/rocket-chip/src/main/scala/tilelink/Monitor.scala:36:7: note: For more information, see https://github.com/llvm/circt/issues/6970
generators/rocket-chip/src/main/scala/tilelink/Monitor.scala:36:7: warning: module contains 114 printf-encoded verification operation(s), which are deprecated and will be removed in the future
generators/rocket-chip/src/main/scala/tilelink/Monitor.scala:45:11: note: example printf here, will just be a printf in the future
generators/rocket-chip/src/main/scala/tilelink/Monitor.scala:36:7: note: For more information, see https://github.com/llvm/circt/issues/6970
generators/rocket-chip/src/main/scala/tilelink/Xbar.scala:74:9: warning: module contains 3 printf-encoded verification operation(s), which are deprecated and will be removed in the future
generators/rocket-chip/src/main/scala/tilelink/Arbiter.scala:22:12: note: example printf here, will just be a printf in the future
generators/rocket-chip/src/main/scala/tilelink/Xbar.scala:74:9: note: For more information, see https://github.com/llvm/circt/issues/6970
generators/rocket-chip/src/main/scala/rocket/DCache.scala:101:7: warning: module contains 10 printf-encoded verification operation(s), which are deprecated and will be removed in the future
generators/rocket-chip/src/main/scala/rocket/DCache.scala:1186:11: note: example printf here, will just be a printf in the future
generators/rocket-chip/src/main/scala/rocket/DCache.scala:101:7: note: For more information, see https://github.com/llvm/circt/issues/6970
generators/rocket-chip/src/main/scala/rocket/ICache.scala:251:7: warning: module contains 2 printf-encoded verification operation(s), which are deprecated and will be removed in the future
generators/rocket-chip/src/main/scala/rocket/ICache.scala:521:9: note: example printf here, will just be a printf in the future
generators/rocket-chip/src/main/scala/rocket/ICache.scala:251:7: note: For more information, see https://github.com/llvm/circt/issues/6970
generators/rocket-chip/src/main/scala/rocket/Frontend.scala:82:7: warning: module contains 2 printf-encoded verification operation(s), which are deprecated and will be removed in the future
generators/rocket-chip/src/main/scala/rocket/Frontend.scala:96:9: note: example printf here, will just be a printf in the future
generators/rocket-chip/src/main/scala/rocket/Frontend.scala:82:7: note: For more information, see https://github.com/llvm/circt/issues/6970
generators/rocket-chip/src/main/scala/rocket/PTW.scala:219:7: warning: module contains 5 printf-encoded verification operation(s), which are deprecated and will be removed in the future
generators/rocket-chip/src/main/scala/rocket/PTW.scala:395:9: note: example printf here, will just be a printf in the future
generators/rocket-chip/src/main/scala/rocket/PTW.scala:219:7: note: For more information, see https://github.com/llvm/circt/issues/6970
generators/rocket-chip/src/main/scala/rocket/IBuf.scala:21:7: warning: module contains 1 printf-encoded verification operation(s), which are deprecated and will be removed in the future
generators/rocket-chip/src/main/scala/rocket/IBuf.scala:79:9: note: example printf here, will just be a printf in the future
generators/rocket-chip/src/main/scala/rocket/IBuf.scala:21:7: note: For more information, see https://github.com/llvm/circt/issues/6970
generators/rocket-chip/src/main/scala/rocket/CSR.scala:377:7: warning: module contains 3 printf-encoded verification operation(s), which are deprecated and will be removed in the future
generators/rocket-chip/src/main/scala/rocket/CSR.scala:1021:9: note: example printf here, will just be a printf in the future
generators/rocket-chip/src/main/scala/rocket/CSR.scala:377:7: note: For more information, see https://github.com/llvm/circt/issues/6970
generators/rocket-chip/src/main/scala/util/PlusArg.scala:58:7: warning: module contains 1 printf-encoded verification operation(s), which are deprecated and will be removed in the future
generators/rocket-chip/src/main/scala/util/PlusArg.scala:64:12: note: example printf here, will just be a printf in the future
generators/rocket-chip/src/main/scala/util/PlusArg.scala:58:7: note: For more information, see https://github.com/llvm/circt/issues/6970
generators/rocket-chip/src/main/scala/rocket/RocketCore.scala:153:7: warning: module contains 1 printf-encoded verification operation(s), which are deprecated and will be removed in the future
generators/rocket-chip/src/main/scala/rocket/RocketCore.scala:855:11: note: example printf here, will just be a printf in the future
generators/rocket-chip/src/main/scala/rocket/RocketCore.scala:153:7: note: For more information, see https://github.com/llvm/circt/issues/6970
generators/rocket-chip/src/main/scala/tilelink/Monitor.scala:36:7: warning: module contains 210 printf-encoded verification operation(s), which are deprecated and will be removed in the future
generators/rocket-chip/src/main/scala/tilelink/Monitor.scala:45:11: note: example printf here, will just be a printf in the future
generators/rocket-chip/src/main/scala/tilelink/Monitor.scala:36:7: note: For more information, see https://github.com/llvm/circt/issues/6970
generators/rocket-chip/src/main/scala/tilelink/Monitor.scala:36:7: warning: module contains 112 printf-encoded verification operation(s), which are deprecated and will be removed in the future
generators/rocket-chip/src/main/scala/tilelink/Monitor.scala:45:11: note: example printf here, will just be a printf in the future
generators/rocket-chip/src/main/scala/tilelink/Monitor.scala:36:7: note: For more information, see https://github.com/llvm/circt/issues/6970
generators/rocket-chip/src/main/scala/tilelink/Monitor.scala:36:7: warning: module contains 114 printf-encoded verification operation(s), which are deprecated and will be removed in the future
generators/rocket-chip/src/main/scala/tilelink/Monitor.scala:45:11: note: example printf here, will just be a printf in the future
generators/rocket-chip/src/main/scala/tilelink/Monitor.scala:36:7: note: For more information, see https://github.com/llvm/circt/issues/6970
generators/rocket-chip/src/main/scala/devices/tilelink/Plic.scala:132:9: warning: module contains 10 printf-encoded verification operation(s), which are deprecated and will be removed in the future
generators/rocket-chip/src/main/scala/devices/tilelink/Plic.scala:251:11: note: example printf here, will just be a printf in the future
generators/rocket-chip/src/main/scala/devices/tilelink/Plic.scala:132:9: note: For more information, see https://github.com/llvm/circt/issues/6970
generators/rocket-chip/src/main/scala/tilelink/Monitor.scala:36:7: warning: module contains 112 printf-encoded verification operation(s), which are deprecated and will be removed in the future
generators/rocket-chip/src/main/scala/tilelink/Monitor.scala:45:11: note: example printf here, will just be a printf in the future
generators/rocket-chip/src/main/scala/tilelink/Monitor.scala:36:7: note: For more information, see https://github.com/llvm/circt/issues/6970
generators/rocket-chip/src/main/scala/tilelink/Xbar.scala:74:9: warning: module contains 3 printf-encoded verification operation(s), which are deprecated and will be removed in the future
generators/rocket-chip/src/main/scala/tilelink/Arbiter.scala:22:12: note: example printf here, will just be a printf in the future
generators/rocket-chip/src/main/scala/tilelink/Xbar.scala:74:9: note: For more information, see https://github.com/llvm/circt/issues/6970
generators/rocket-chip/src/main/scala/tilelink/Monitor.scala:36:7: warning: module contains 112 printf-encoded verification operation(s), which are deprecated and will be removed in the future
generators/rocket-chip/src/main/scala/tilelink/Monitor.scala:45:11: note: example printf here, will just be a printf in the future
generators/rocket-chip/src/main/scala/tilelink/Monitor.scala:36:7: note: For more information, see https://github.com/llvm/circt/issues/6970
generators/rocket-chip/src/main/scala/tilelink/Monitor.scala:36:7: warning: module contains 112 printf-encoded verification operation(s), which are deprecated and will be removed in the future
generators/rocket-chip/src/main/scala/tilelink/Monitor.scala:45:11: note: example printf here, will just be a printf in the future
generators/rocket-chip/src/main/scala/tilelink/Monitor.scala:36:7: note: For more information, see https://github.com/llvm/circt/issues/6970
generators/rocket-chip/src/main/scala/tilelink/Monitor.scala:36:7: warning: module contains 112 printf-encoded verification operation(s), which are deprecated and will be removed in the future
generators/rocket-chip/src/main/scala/tilelink/Monitor.scala:45:11: note: example printf here, will just be a printf in the future
generators/rocket-chip/src/main/scala/tilelink/Monitor.scala:36:7: note: For more information, see https://github.com/llvm/circt/issues/6970
generators/rocket-chip/src/main/scala/devices/tilelink/Error.scala:21:9: warning: module contains 3 printf-encoded verification operation(s), which are deprecated and will be removed in the future
generators/rocket-chip/src/main/scala/devices/tilelink/Error.scala:34:12: note: example printf here, will just be a printf in the future
generators/rocket-chip/src/main/scala/devices/tilelink/Error.scala:21:9: note: For more information, see https://github.com/llvm/circt/issues/6970
generators/rocket-chip/src/main/scala/tilelink/Monitor.scala:36:7: warning: module contains 114 printf-encoded verification operation(s), which are deprecated and will be removed in the future
generators/rocket-chip/src/main/scala/tilelink/Monitor.scala:45:11: note: example printf here, will just be a printf in the future
generators/rocket-chip/src/main/scala/tilelink/Monitor.scala:36:7: note: For more information, see https://github.com/llvm/circt/issues/6970
generators/rocket-chip/src/main/scala/devices/debug/SBA.scala:273:9: warning: module contains 1 printf-encoded verification operation(s), which are deprecated and will be removed in the future
generators/rocket-chip/src/main/scala/devices/debug/SBA.scala:373:12: note: example printf here, will just be a printf in the future
generators/rocket-chip/src/main/scala/devices/debug/SBA.scala:273:9: note: For more information, see https://github.com/llvm/circt/issues/6970
generators/rocket-chip/src/main/scala/tilelink/Monitor.scala:36:7: warning: module contains 112 printf-encoded verification operation(s), which are deprecated and will be removed in the future
generators/rocket-chip/src/main/scala/tilelink/Monitor.scala:45:11: note: example printf here, will just be a printf in the future
generators/rocket-chip/src/main/scala/tilelink/Monitor.scala:36:7: note: For more information, see https://github.com/llvm/circt/issues/6970
generators/rocket-chip/src/main/scala/tilelink/Monitor.scala:36:7: warning: module contains 112 printf-encoded verification operation(s), which are deprecated and will be removed in the future
generators/rocket-chip/src/main/scala/tilelink/Monitor.scala:45:11: note: example printf here, will just be a printf in the future
generators/rocket-chip/src/main/scala/tilelink/Monitor.scala:36:7: note: For more information, see https://github.com/llvm/circt/issues/6970
generators/rocket-chip/src/main/scala/devices/debug/Debug.scala:790:9: warning: module contains 5 printf-encoded verification operation(s), which are deprecated and will be removed in the future
generators/rocket-chip/src/main/scala/devices/debug/Debug.scala:1506:15: note: example printf here, will just be a printf in the future
generators/rocket-chip/src/main/scala/devices/debug/Debug.scala:790:9: note: For more information, see https://github.com/llvm/circt/issues/6970
generators/rocket-chip/src/main/scala/tilelink/Monitor.scala:36:7: warning: module contains 112 printf-encoded verification operation(s), which are deprecated and will be removed in the future
generators/rocket-chip/src/main/scala/tilelink/Monitor.scala:45:11: note: example printf here, will just be a printf in the future
generators/rocket-chip/src/main/scala/tilelink/Monitor.scala:36:7: note: For more information, see https://github.com/llvm/circt/issues/6970
generators/rocket-chip/src/main/scala/tilelink/Monitor.scala:36:7: warning: module contains 114 printf-encoded verification operation(s), which are deprecated and will be removed in the future
generators/rocket-chip/src/main/scala/tilelink/Monitor.scala:45:11: note: example printf here, will just be a printf in the future
generators/rocket-chip/src/main/scala/tilelink/Monitor.scala:36:7: note: For more information, see https://github.com/llvm/circt/issues/6970
generators/rocket-chip/src/main/scala/tilelink/SRAM.scala:63:9: warning: module contains 1 printf-encoded verification operation(s), which are deprecated and will be removed in the future
generators/rocket-chip/src/main/scala/tilelink/SRAM.scala:231:12: note: example printf here, will just be a printf in the future
generators/rocket-chip/src/main/scala/tilelink/SRAM.scala:63:9: note: For more information, see https://github.com/llvm/circt/issues/6970
generators/rocket-chip/src/main/scala/tilelink/Monitor.scala:36:7: warning: module contains 114 printf-encoded verification operation(s), which are deprecated and will be removed in the future
generators/rocket-chip/src/main/scala/tilelink/Monitor.scala:45:11: note: example printf here, will just be a printf in the future
generators/rocket-chip/src/main/scala/tilelink/Monitor.scala:36:7: note: For more information, see https://github.com/llvm/circt/issues/6970
generators/rocket-chip/src/main/scala/tilelink/Fragmenter.scala:92:9: warning: module contains 3 printf-encoded verification operation(s), which are deprecated and will be removed in the future
generators/rocket-chip/src/main/scala/tilelink/Fragmenter.scala:214:16: note: example printf here, will just be a printf in the future
generators/rocket-chip/src/main/scala/tilelink/Fragmenter.scala:92:9: note: For more information, see https://github.com/llvm/circt/issues/6970
generators/rocket-chip/src/main/scala/tilelink/Monitor.scala:36:7: warning: module contains 114 printf-encoded verification operation(s), which are deprecated and will be removed in the future
generators/rocket-chip/src/main/scala/tilelink/Monitor.scala:45:11: note: example printf here, will just be a printf in the future
generators/rocket-chip/src/main/scala/tilelink/Monitor.scala:36:7: note: For more information, see https://github.com/llvm/circt/issues/6970
generators/rocket-chip/src/main/scala/tilelink/Monitor.scala:36:7: warning: module contains 112 printf-encoded verification operation(s), which are deprecated and will be removed in the future
generators/rocket-chip/src/main/scala/tilelink/Monitor.scala:45:11: note: example printf here, will just be a printf in the future
generators/rocket-chip/src/main/scala/tilelink/Monitor.scala:36:7: note: For more information, see https://github.com/llvm/circt/issues/6970
generators/rocket-chip/src/main/scala/tilelink/Monitor.scala:36:7: warning: module contains 112 printf-encoded verification operation(s), which are deprecated and will be removed in the future
generators/rocket-chip/src/main/scala/tilelink/Monitor.scala:45:11: note: example printf here, will just be a printf in the future
generators/rocket-chip/src/main/scala/tilelink/Monitor.scala:36:7: note: For more information, see https://github.com/llvm/circt/issues/6970
generators/rocket-chip/src/main/scala/tilelink/Xbar.scala:74:9: warning: module contains 3 printf-encoded verification operation(s), which are deprecated and will be removed in the future
generators/rocket-chip/src/main/scala/tilelink/Arbiter.scala:22:12: note: example printf here, will just be a printf in the future
generators/rocket-chip/src/main/scala/tilelink/Xbar.scala:74:9: note: For more information, see https://github.com/llvm/circt/issues/6970
generators/rocket-chip/src/main/scala/tilelink/Monitor.scala:36:7: warning: module contains 112 printf-encoded verification operation(s), which are deprecated and will be removed in the future
generators/rocket-chip/src/main/scala/tilelink/Monitor.scala:45:11: note: example printf here, will just be a printf in the future
generators/rocket-chip/src/main/scala/tilelink/Monitor.scala:36:7: note: For more information, see https://github.com/llvm/circt/issues/6970
generators/rocket-chip/src/main/scala/tilelink/Monitor.scala:36:7: warning: module contains 112 printf-encoded verification operation(s), which are deprecated and will be removed in the future
generators/rocket-chip/src/main/scala/tilelink/Monitor.scala:45:11: note: example printf here, will just be a printf in the future
generators/rocket-chip/src/main/scala/tilelink/Monitor.scala:36:7: note: For more information, see https://github.com/llvm/circt/issues/6970
generators/rocket-chip/src/main/scala/tilelink/Fragmenter.scala:92:9: warning: module contains 3 printf-encoded verification operation(s), which are deprecated and will be removed in the future
generators/rocket-chip/src/main/scala/tilelink/Fragmenter.scala:214:16: note: example printf here, will just be a printf in the future
generators/rocket-chip/src/main/scala/tilelink/Fragmenter.scala:92:9: note: For more information, see https://github.com/llvm/circt/issues/6970
generators/rocket-chip/src/main/scala/tilelink/Monitor.scala:36:7: warning: module contains 112 printf-encoded verification operation(s), which are deprecated and will be removed in the future
generators/rocket-chip/src/main/scala/tilelink/Monitor.scala:45:11: note: example printf here, will just be a printf in the future
generators/rocket-chip/src/main/scala/tilelink/Monitor.scala:36:7: note: For more information, see https://github.com/llvm/circt/issues/6970
generators/rocket-chip/src/main/scala/tilelink/Monitor.scala:36:7: warning: module contains 112 printf-encoded verification operation(s), which are deprecated and will be removed in the future
generators/rocket-chip/src/main/scala/tilelink/Monitor.scala:45:11: note: example printf here, will just be a printf in the future
generators/rocket-chip/src/main/scala/tilelink/Monitor.scala:36:7: note: For more information, see https://github.com/llvm/circt/issues/6970
generators/rocket-chip/src/main/scala/tilelink/Fragmenter.scala:92:9: warning: module contains 3 printf-encoded verification operation(s), which are deprecated and will be removed in the future
generators/rocket-chip/src/main/scala/tilelink/Fragmenter.scala:214:16: note: example printf here, will just be a printf in the future
generators/rocket-chip/src/main/scala/tilelink/Fragmenter.scala:92:9: note: For more information, see https://github.com/llvm/circt/issues/6970
generators/rocket-chip/src/main/scala/jtag/JtagShifter.scala:137:7: warning: module contains 1 printf-encoded verification operation(s), which are deprecated and will be removed in the future
generators/rocket-chip/src/main/scala/jtag/JtagShifter.scala:185:9: note: example printf here, will just be a printf in the future
generators/rocket-chip/src/main/scala/jtag/JtagShifter.scala:137:7: note: For more information, see https://github.com/llvm/circt/issues/6970
generators/rocket-chip/src/main/scala/jtag/JtagShifter.scala:137:7: warning: module contains 1 printf-encoded verification operation(s), which are deprecated and will be removed in the future
generators/rocket-chip/src/main/scala/jtag/JtagShifter.scala:185:9: note: example printf here, will just be a printf in the future
generators/rocket-chip/src/main/scala/jtag/JtagShifter.scala:137:7: note: For more information, see https://github.com/llvm/circt/issues/6970
generators/rocket-chip/src/main/scala/jtag/JtagShifter.scala:89:7: warning: module contains 1 printf-encoded verification operation(s), which are deprecated and will be removed in the future
generators/rocket-chip/src/main/scala/jtag/JtagShifter.scala:118:9: note: example printf here, will just be a printf in the future
generators/rocket-chip/src/main/scala/jtag/JtagShifter.scala:89:7: note: For more information, see https://github.com/llvm/circt/issues/6970
generators/rocket-chip/src/main/scala/jtag/JtagShifter.scala:137:7: warning: module contains 1 printf-encoded verification operation(s), which are deprecated and will be removed in the future
generators/rocket-chip/src/main/scala/jtag/JtagShifter.scala:185:9: note: example printf here, will just be a printf in the future
generators/rocket-chip/src/main/scala/jtag/JtagShifter.scala:137:7: note: For more information, see https://github.com/llvm/circt/issues/6970
generators/rocket-chip/src/main/scala/jtag/JtagShifter.scala:56:7: warning: module contains 1 printf-encoded verification operation(s), which are deprecated and will be removed in the future
generators/rocket-chip/src/main/scala/jtag/JtagShifter.scala:72:9: note: example printf here, will just be a printf in the future
generators/rocket-chip/src/main/scala/jtag/JtagShifter.scala:56:7: note: For more information, see https://github.com/llvm/circt/issues/6970
generators/rocket-chip/src/main/scala/devices/debug/DebugTransport.scala:73:7: warning: module contains 3 printf-encoded verification operation(s), which are deprecated and will be removed in the future
generators/rocket-chip/src/main/scala/devices/debug/DebugTransport.scala:203:9: note: example printf here, will just be a printf in the future
generators/rocket-chip/src/main/scala/devices/debug/DebugTransport.scala:73:7: note: For more information, see https://github.com/llvm/circt/issues/6970
generators/testchipip/src/main/scala/uart/SimUART.scala:26:7: warning: module contains 1 printf-encoded verification operation(s), which are deprecated and will be removed in the future
generators/testchipip/src/main/scala/uart/SimUART.scala:48:35: note: example printf here, will just be a printf in the future
generators/testchipip/src/main/scala/uart/SimUART.scala:26:7: note: For more information, see https://github.com/llvm/circt/issues/6970
generators/rocket-chip/src/main/scala/tilelink/Monitor.scala:36:7: warning: module contains 114 printf-encoded verification operation(s), which are deprecated and will be removed in the future
generators/rocket-chip/src/main/scala/tilelink/Monitor.scala:45:11: note: example printf here, will just be a printf in the future
generators/rocket-chip/src/main/scala/tilelink/Monitor.scala:36:7: note: For more information, see https://github.com/llvm/circt/issues/6970
generators/testchipip/src/main/scala/tsi/TSIToTileLink.scala:36:7: warning: module contains 1 printf-encoded verification operation(s), which are deprecated and will be removed in the future
generators/testchipip/src/main/scala/tsi/TSIToTileLink.scala:137:15: note: example printf here, will just be a printf in the future
generators/testchipip/src/main/scala/tsi/TSIToTileLink.scala:36:7: note: For more information, see https://github.com/llvm/circt/issues/6970
generators/rocket-chip/src/main/scala/tilelink/Monitor.scala:36:7: warning: module contains 114 printf-encoded verification operation(s), which are deprecated and will be removed in the future
generators/rocket-chip/src/main/scala/tilelink/Monitor.scala:45:11: note: example printf here, will just be a printf in the future
generators/rocket-chip/src/main/scala/tilelink/Monitor.scala:36:7: note: For more information, see https://github.com/llvm/circt/issues/6970
generators/chipyard/src/main/scala/harness/TestHarness.scala:19:7: warning: module contains 2 printf-encoded verification operation(s), which are deprecated and will be removed in the future
generators/rocket-chip/src/main/scala/devices/debug/Periphery.scala:236:11: note: example printf here, will just be a printf in the future
generators/chipyard/src/main/scala/harness/TestHarness.scala:19:7: note: For more information, see https://github.com/llvm/circt/issues/6970
generators/rocket-chip/src/main/scala/prci/ClockDomain.scala:14:9: warning: unprocessed annotation:'freechips.rocketchip.util.RegFieldDescMappingAnnotation' still remaining after LowerToHW
generators/rocket-chip/src/main/scala/tile/RocketTile.scala:141:7: warning: unprocessed annotation:'freechips.rocketchip.util.ParamsAnnotation' still remaining after LowerToHW
generators/chipyard/src/main/scala/DigitalTop.scala:47:7: warning: unprocessed annotation:'freechips.rocketchip.util.AddressMapAnnotation' still remaining after LowerToHW
generators/rocket-chip/src/main/scala/util/DescribedSRAM.scala:17:26: warning: unprocessed annotation:'freechips.rocketchip.util.SRAMAnnotation' still remaining after LowerToHW
===-------------------------------------------------------------------------===
                         ... Execution time report ...
===-------------------------------------------------------------------------===
  Total Execution Time: 36.5897 seconds

  ----User Time----  ----Wall Time----  ----Name----
    4.9408 (  5.0%)    4.9408 ( 13.5%)  FIR Parser
    0.2376 (  0.2%)    0.2376 (  0.6%)    Parse annotations
    0.0000 (  0.0%)    0.0000 (  0.0%)    Parse OMIR
    3.5123 (  3.6%)    3.5123 (  9.6%)    Parse modules
    0.9738 (  1.0%)    0.9738 (  2.7%)    Verify circuit
   72.9877 ( 73.9%)   23.4691 ( 64.1%)  'firrtl.circuit' Pipeline
    0.0930 (  0.1%)    0.0930 (  0.3%)    LowerOpenAggs
    1.0331 (  1.0%)    1.0331 (  2.8%)    ResolvePaths
    0.0374 (  0.0%)    0.0374 (  0.1%)      (A) circt::firrtl::InstanceGraph
    0.9949 (  1.0%)    0.9949 (  2.7%)    LowerFIRRTLAnnotations
    0.0313 (  0.0%)    0.0313 (  0.1%)    LowerIntmodules
    0.0308 (  0.0%)    0.0308 (  0.1%)      (A) circt::firrtl::InstanceGraph
    1.1102 (  1.1%)    0.1137 (  0.3%)    'firrtl.module' Pipeline
    1.0429 (  1.1%)    0.1100 (  0.3%)      LowerIntrinsics
    1.3182 (  1.3%)    1.3182 (  3.6%)    LowerSignatures
    0.0002 (  0.0%)    0.0002 (  0.0%)    InjectDUTHierarchy
   26.3466 ( 26.7%)    2.8961 (  7.9%)    'firrtl.module' Pipeline
    5.0711 (  5.1%)    0.5557 (  1.5%)      PassiveWires
    7.3346 (  7.4%)    0.8367 (  2.3%)      DropName
    8.0881 (  8.2%)    0.9150 (  2.5%)      CSE
    0.0245 (  0.0%)    0.0053 (  0.0%)        (A) DominanceInfo
    1.4655 (  1.5%)    0.1887 (  0.5%)      LowerCHIRRTLPass
    4.2826 (  4.3%)    0.4852 (  1.3%)      LowerMatches
    2.3708 (  2.4%)    2.3708 (  6.5%)    InferWidths
    0.0006 (  0.0%)    0.0006 (  0.0%)      (A) SymbolTable
    0.0496 (  0.1%)    0.0496 (  0.1%)      (A) circt::hw::InnerSymbolTableCollection
    0.8409 (  0.9%)    0.8409 (  2.3%)    MemToRegOfVec
    1.2326 (  1.2%)    1.2326 (  3.4%)    InferResets
    0.0281 (  0.0%)    0.0281 (  0.1%)      (A) circt::firrtl::InstanceGraph
    0.8937 (  0.9%)    0.8937 (  2.4%)    DropConst
    0.0126 (  0.0%)    0.0126 (  0.0%)    HoistPassthrough
    2.2533 (  2.3%)    2.2533 (  6.2%)    Dedup
    0.0016 (  0.0%)    0.0016 (  0.0%)      (A) circt::firrtl::NLATable
    0.0005 (  0.0%)    0.0005 (  0.0%)      (A) SymbolTable
    1.8671 (  1.9%)    0.2438 (  0.7%)    'firrtl.module' Pipeline
    1.8619 (  1.9%)    0.2436 (  0.7%)      FlattenMemory
    0.8920 (  0.9%)    0.8920 (  2.4%)    LowerFIRRTLTypes
    0.0002 (  0.0%)    0.0002 (  0.0%)      (A) SymbolTable
    2.7481 (  2.8%)    0.3464 (  0.9%)    'any' Pipeline
    2.7419 (  2.8%)    0.3460 (  0.9%)      ExpandWhens
    4.9244 (  5.0%)    0.6923 (  1.9%)    'firrtl.module' Pipeline
    1.2138 (  1.2%)    0.2040 (  0.6%)      SFCCompat
    1.8579 (  1.9%)    0.2612 (  0.7%)      LayerMerge
    1.8423 (  1.9%)    0.2266 (  0.6%)      LayerSink
    0.0040 (  0.0%)    0.0010 (  0.0%)        (A) DominanceInfo
    0.6094 (  0.6%)    0.6094 (  1.7%)    LowerLayers
    1.1010 (  1.1%)    1.1010 (  3.0%)    Inliner
    0.0002 (  0.0%)    0.0002 (  0.0%)      (A) SymbolTable
    2.0452 (  2.1%)    0.2572 (  0.7%)    'firrtl.module' Pipeline
    2.0421 (  2.1%)    0.2570 (  0.7%)      RandomizeRegisterInit
    0.9295 (  0.9%)    0.9295 (  2.5%)    CheckCombLoops
    0.0159 (  0.0%)    0.0159 (  0.0%)      (A) circt::firrtl::InstanceGraph
   10.4769 ( 10.6%)    1.3013 (  3.6%)    'firrtl.module' Pipeline
    9.6906 (  9.8%)    1.2291 (  3.4%)      Canonicalizer
    0.7814 (  0.8%)    0.0917 (  0.3%)      InferReadWrite
    0.2296 (  0.2%)    0.2296 (  0.6%)    LowerMemory
    0.0074 (  0.0%)    0.0074 (  0.0%)      (A) circt::firrtl::InstanceGraph
    0.0002 (  0.0%)    0.0002 (  0.0%)      (A) SymbolTable
    0.2630 (  0.3%)    0.2630 (  0.7%)    PrefixModules
    0.0074 (  0.0%)    0.0074 (  0.0%)      (A) circt::firrtl::InstanceGraph
    0.0006 (  0.0%)    0.0006 (  0.0%)      (A) circt::firrtl::NLATable
    0.9513 (  1.0%)    0.9513 (  2.6%)    IMConstProp
    0.0119 (  0.0%)    0.0119 (  0.0%)    HoistPassthrough
    0.0062 (  0.0%)    0.0062 (  0.0%)      (A) circt::firrtl::InstanceGraph
    0.8755 (  0.9%)    0.8755 (  2.4%)  IMDeadCodeElim
    0.0061 (  0.0%)    0.0061 (  0.0%)    (A) circt::firrtl::InstanceGraph
    0.0002 (  0.0%)    0.0002 (  0.0%)    (A) SymbolTable
    0.0109 (  0.0%)    0.0109 (  0.0%)    (A) circt::hw::InnerSymbolTableCollection
    0.0070 (  0.0%)    0.0070 (  0.0%)  'firrtl.circuit' Pipeline
    0.0069 (  0.0%)    0.0069 (  0.0%)    AddSeqMemPorts
    0.0057 (  0.0%)    0.0057 (  0.0%)      (A) circt::firrtl::InstanceGraph
    0.1716 (  0.2%)    0.1716 (  0.5%)  CreateSiFiveMetadata
    0.0053 (  0.0%)    0.0053 (  0.0%)    (A) circt::firrtl::InstanceGraph
    0.6128 (  0.6%)    0.6128 (  1.7%)  'firrtl.circuit' Pipeline
    0.0323 (  0.0%)    0.0323 (  0.1%)    ExtractInstances
    0.0063 (  0.0%)    0.0063 (  0.0%)      (A) circt::firrtl::InstanceGraph
    0.0006 (  0.0%)    0.0006 (  0.0%)      (A) circt::firrtl::NLATable
    0.0005 (  0.0%)    0.0005 (  0.0%)    GrandCentral
    0.1350 (  0.1%)    0.1350 (  0.4%)    BlackBoxReader
    0.4449 (  0.5%)    0.4449 (  1.2%)    SymbolDCE
    0.3654 (  0.4%)    0.3654 (  1.0%)  InnerSymbolDCE
    3.0377 (  3.1%)    0.9477 (  2.6%)  'firrtl.circuit' Pipeline
    2.0900 (  2.1%)    0.2235 (  0.6%)    'firrtl.module' Pipeline
    1.6224 (  1.6%)    0.1818 (  0.5%)      Canonicalizer
    0.4607 (  0.5%)    0.0547 (  0.1%)      RegisterOptimizer
    0.6629 (  0.7%)    0.6629 (  1.8%)    IMConstProp
    0.0078 (  0.0%)    0.0078 (  0.0%)      (A) circt::firrtl::InstanceGraph
    0.6735 (  0.7%)    0.6735 (  1.8%)  IMDeadCodeElim
    0.0051 (  0.0%)    0.0051 (  0.0%)    (A) circt::firrtl::InstanceGraph
    0.0001 (  0.0%)    0.0001 (  0.0%)    (A) SymbolTable
    0.0085 (  0.0%)    0.0085 (  0.0%)    (A) circt::hw::InnerSymbolTableCollection
    2.0378 (  2.1%)    0.8315 (  2.3%)  'firrtl.circuit' Pipeline
    0.0001 (  0.0%)    0.0001 (  0.0%)    EmitOMIR
    1.1492 (  1.2%)    0.1228 (  0.3%)    'firrtl.module' Pipeline
    0.0389 (  0.0%)    0.0046 (  0.0%)      MergeConnections
    1.1016 (  1.1%)    0.1185 (  0.3%)      Vectorization
    0.0362 (  0.0%)    0.0362 (  0.1%)    ResolveTraces
    0.0003 (  0.0%)    0.0003 (  0.0%)      (A) circt::firrtl::NLATable
    0.0083 (  0.0%)    0.0083 (  0.0%)      (A) circt::hw::InnerSymbolTableCollection
    0.1828 (  0.2%)    0.1828 (  0.5%)    LowerXMR
    0.0056 (  0.0%)    0.0056 (  0.0%)      (A) circt::firrtl::InstanceGraph
    0.3564 (  0.4%)    0.3564 (  1.0%)    LowerClasses
    0.0047 (  0.0%)    0.0047 (  0.0%)      (A) circt::firrtl::InstanceGraph
    0.0001 (  0.0%)    0.0001 (  0.0%)      (A) SymbolTable
    0.0034 (  0.0%)    0.0034 (  0.0%)    VerifyObjectFields
    0.0002 (  0.0%)    0.0002 (  0.0%)      (A) SymbolTable
    0.0571 (  0.1%)    0.0062 (  0.0%)    'firrtl.module' Pipeline
    0.0344 (  0.0%)    0.0041 (  0.0%)      Lint
    0.6415 (  0.6%)    0.6415 (  1.8%)  LowerFIRRTLToHW
    0.0049 (  0.0%)    0.0049 (  0.0%)    (A) circt::firrtl::InstanceGraph
    0.0004 (  0.0%)    0.0004 (  0.0%)    (A) circt::firrtl::NLATable
    3.7563 (  3.8%)    0.4106 (  1.1%)  'hw.module' Pipeline
    0.9282 (  0.9%)    0.1055 (  0.3%)    CSE
    0.0023 (  0.0%)    0.0007 (  0.0%)      (A) DominanceInfo
    2.8228 (  2.9%)    0.3069 (  0.8%)    Canonicalizer
    0.0108 (  0.0%)    0.0108 (  0.0%)  VerifyInnerRefNamespace
    0.0010 (  0.0%)    0.0010 (  0.0%)  VerifyObjectFields
    0.0002 (  0.0%)    0.0002 (  0.0%)    (A) SymbolTable
    0.0128 (  0.0%)    0.0128 (  0.0%)  ExternalizeClockGate
    0.0976 (  0.1%)    0.0976 (  0.3%)  LowerSimToSV
    0.4448 (  0.5%)    0.4448 (  1.2%)  LowerSeqToSV
    0.5228 (  0.5%)    0.0559 (  0.2%)  'hw.module' Pipeline
    0.5190 (  0.5%)    0.0555 (  0.2%)    LowerVerifToSV
    0.1149 (  0.1%)    0.1149 (  0.3%)  HWMemSimImpl
    2.6156 (  2.6%)    0.2767 (  0.8%)  'hw.module' Pipeline
    0.8069 (  0.8%)    0.0937 (  0.3%)    CSE
    0.0037 (  0.0%)    0.0008 (  0.0%)      (A) DominanceInfo
    1.0983 (  1.1%)    0.1262 (  0.3%)    Canonicalizer
    0.4199 (  0.4%)    0.0481 (  0.1%)    CSE
    0.0013 (  0.0%)    0.0003 (  0.0%)      (A) DominanceInfo
    0.2757 (  0.3%)    0.0322 (  0.1%)    HWCleanup
    0.0104 (  0.0%)    0.0104 (  0.0%)  VerifyInnerRefNamespace
    0.0007 (  0.0%)    0.0007 (  0.0%)  VerifyObjectFields
    0.0002 (  0.0%)    0.0002 (  0.0%)    (A) SymbolTable
    0.6222 (  0.6%)    0.0655 (  0.2%)  'hw.module' Pipeline
    0.0411 (  0.0%)    0.0050 (  0.0%)    HWLegalizeModules
    0.5746 (  0.6%)    0.0603 (  0.2%)    PrettifyVerilog
    0.1198 (  0.1%)    0.1198 (  0.3%)  StripDebugInfoWithPred
    0.1069 (  0.1%)    0.1069 (  0.3%)  HWExportModuleHierarchy
    0.0002 (  0.0%)    0.0002 (  0.0%)    (A) SymbolTable
    0.0123 (  0.0%)    0.0123 (  0.0%)  VerifyInnerRefNamespace
    0.0006 (  0.0%)    0.0006 (  0.0%)  VerifyObjectFields
    0.9491 (  1.0%)    0.9491 (  2.6%)  ExportSplitVerilog
    2.1895 (  2.2%)    0.3948 (  1.1%)  'builtin.module' Pipeline
    0.1292 (  0.1%)    0.1292 (  0.4%)    HWLowerInstanceChoices
    1.7947 (  1.8%)    0.1835 (  0.5%)    'hw.module' Pipeline
    1.7906 (  1.8%)    0.1834 (  0.5%)      PrepareForEmission
   -0.2976 ( -0.3%)   -0.2976 ( -0.8%)  Rest
   98.7162 (100.0%)   36.5897 (100.0%)  Total
sed -i 's/.*/& /' /work/chipyard/sims/verilator/generated-src/chipyard.harness.TestHarness.Baseline8CoreConfig/chipyard.harness.TestHarness.Baseline8CoreConfig.mems.conf # need trailing space for SFC macrocompiler
touch /work/chipyard/sims/verilator/generated-src/chipyard.harness.TestHarness.Baseline8CoreConfig/gen-collateral/firrtl_black_box_resource_files.f # if there are no BB's then the file might not be generated, instead always generate it
/work/chipyard/scripts/uniquify-module-names.py \
	--model-hier-json /work/chipyard/sims/verilator/generated-src/chipyard.harness.TestHarness.Baseline8CoreConfig/model_module_hierarchy.json \
	--top-hier-json /work/chipyard/sims/verilator/generated-src/chipyard.harness.TestHarness.Baseline8CoreConfig/top_module_hierarchy.json \
	--in-all-filelist /work/chipyard/sims/verilator/generated-src/chipyard.harness.TestHarness.Baseline8CoreConfig/gen-collateral/filelist.f \
	--in-bb-filelist /work/chipyard/sims/verilator/generated-src/chipyard.harness.TestHarness.Baseline8CoreConfig/gen-collateral/firrtl_black_box_resource_files.f \
	--dut ChipTop \
	--model TestHarness \
	--target-dir /work/chipyard/sims/verilator/generated-src/chipyard.harness.TestHarness.Baseline8CoreConfig/gen-collateral \
	--out-dut-filelist /work/chipyard/sims/verilator/generated-src/chipyard.harness.TestHarness.Baseline8CoreConfig/chipyard.harness.TestHarness.Baseline8CoreConfig.top.f \
	--out-model-filelist /work/chipyard/sims/verilator/generated-src/chipyard.harness.TestHarness.Baseline8CoreConfig/chipyard.harness.TestHarness.Baseline8CoreConfig.model.f \
	--out-model-hier-json /work/chipyard/sims/verilator/generated-src/chipyard.harness.TestHarness.Baseline8CoreConfig/model_module_hierarchy.uniquified.json \
	--gcpath /work/chipyard/sims/verilator/generated-src/chipyard.harness.TestHarness.Baseline8CoreConfig/gen-collateral
sed -i 's/module\( \+\)plusarg_reader/module\1plusarg_reader_TestHarness_UNIQUIFIED/' /work/chipyard/sims/verilator/generated-src/chipyard.harness.TestHarness.Baseline8CoreConfig/gen-collateral/plusarg_reader_TestHarness_UNIQUIFIED.v
sed -i 's/\( \*\)plusarg_reader\( \+\)/\1plusarg_reader_TestHarness_UNIQUIFIED\2/' /work/chipyard/sims/verilator/generated-src/chipyard.harness.TestHarness.Baseline8CoreConfig/gen-collateral/TestHarness.sv
sed -i 's/module\( \+\)plusarg_reader/module\1plusarg_reader_TestHarness_UNIQUIFIED/' /work/chipyard/sims/verilator/generated-src/chipyard.harness.TestHarness.Baseline8CoreConfig/gen-collateral/plusarg_reader_TestHarness_UNIQUIFIED.v
sed -i 's/module\( \+\)ResetCatchAndSync_d3/module\1ResetCatchAndSync_d3_TestHarness_UNIQUIFIED/' /work/chipyard/sims/verilator/generated-src/chipyard.harness.TestHarness.Baseline8CoreConfig/gen-collateral/ResetCatchAndSync_d3_TestHarness_UNIQUIFIED.sv
sed -i 's/\( \*\)ResetCatchAndSync_d3\( \+\)/\1ResetCatchAndSync_d3_TestHarness_UNIQUIFIED\2/' /work/chipyard/sims/verilator/generated-src/chipyard.harness.TestHarness.Baseline8CoreConfig/gen-collateral/TestHarness.sv
sed -i 's/module\( \+\)UARTRx/module\1UARTRx_TestHarness_UNIQUIFIED/' /work/chipyard/sims/verilator/generated-src/chipyard.harness.TestHarness.Baseline8CoreConfig/gen-collateral/UARTRx_TestHarness_UNIQUIFIED.sv
sed -i 's/\( \*\)UARTRx\( \+\)/\1UARTRx_TestHarness_UNIQUIFIED\2/' /work/chipyard/sims/verilator/generated-src/chipyard.harness.TestHarness.Baseline8CoreConfig/gen-collateral/UARTAdapter.sv
sed -i 's/module\( \+\)Queue8_UInt8/module\1Queue8_UInt8_TestHarness_UNIQUIFIED/' /work/chipyard/sims/verilator/generated-src/chipyard.harness.TestHarness.Baseline8CoreConfig/gen-collateral/Queue8_UInt8_TestHarness_UNIQUIFIED.sv
sed -i 's/\( \*\)Queue8_UInt8\( \+\)/\1Queue8_UInt8_TestHarness_UNIQUIFIED\2/' /work/chipyard/sims/verilator/generated-src/chipyard.harness.TestHarness.Baseline8CoreConfig/gen-collateral/UARTAdapter.sv
sed -i 's/module\( \+\)UARTTx/module\1UARTTx_TestHarness_UNIQUIFIED/' /work/chipyard/sims/verilator/generated-src/chipyard.harness.TestHarness.Baseline8CoreConfig/gen-collateral/UARTTx_TestHarness_UNIQUIFIED.sv
sed -i 's/\( \*\)UARTTx\( \+\)/\1UARTTx_TestHarness_UNIQUIFIED\2/' /work/chipyard/sims/verilator/generated-src/chipyard.harness.TestHarness.Baseline8CoreConfig/gen-collateral/UARTAdapter.sv
sed -i 's/module\( \+\)Queue8_UInt8/module\1Queue8_UInt8_TestHarness_UNIQUIFIED/' /work/chipyard/sims/verilator/generated-src/chipyard.harness.TestHarness.Baseline8CoreConfig/gen-collateral/Queue8_UInt8_TestHarness_UNIQUIFIED.sv
sed -i 's/module\( \+\)DecoupledSerialPhy/module\1DecoupledSerialPhy_TestHarness_UNIQUIFIED/' /work/chipyard/sims/verilator/generated-src/chipyard.harness.TestHarness.Baseline8CoreConfig/gen-collateral/DecoupledSerialPhy_TestHarness_UNIQUIFIED.sv
sed -i 's/\( \*\)DecoupledSerialPhy\( \+\)/\1DecoupledSerialPhy_TestHarness_UNIQUIFIED\2/' /work/chipyard/sims/verilator/generated-src/chipyard.harness.TestHarness.Baseline8CoreConfig/gen-collateral/SerialRAM.sv
sed -i 's/module\( \+\)AsyncResetSynchronizerShiftReg_w1_d3_i0/module\1AsyncResetSynchronizerShiftReg_w1_d3_i0_TestHarness_UNIQUIFIED/' /work/chipyard/sims/verilator/generated-src/chipyard.harness.TestHarness.Baseline8CoreConfig/gen-collateral/AsyncResetSynchronizerShiftReg_w1_d3_i0_TestHarness_UNIQUIFIED.sv
sed -i 's/\( \*\)AsyncResetSynchronizerShiftReg_w1_d3_i0\( \+\)/\1AsyncResetSynchronizerShiftReg_w1_d3_i0_TestHarness_UNIQUIFIED\2/' /work/chipyard/sims/verilator/generated-src/chipyard.harness.TestHarness.Baseline8CoreConfig/gen-collateral/ResetCatchAndSync_d3_TestHarness_UNIQUIFIED.sv
sed -i 's/module\( \+\)ram_8x8/module\1ram_8x8_TestHarness_UNIQUIFIED/' /work/chipyard/sims/verilator/generated-src/chipyard.harness.TestHarness.Baseline8CoreConfig/gen-collateral/ram_8x8_TestHarness_UNIQUIFIED.sv
sed -i 's/\( \*\)ram_8x8\( \+\)/\1ram_8x8_TestHarness_UNIQUIFIED\2/' /work/chipyard/sims/verilator/generated-src/chipyard.harness.TestHarness.Baseline8CoreConfig/gen-collateral/Queue8_UInt8_TestHarness_UNIQUIFIED.sv
sed -i 's/module\( \+\)plusarg_reader/module\1plusarg_reader_TestHarness_UNIQUIFIED/' /work/chipyard/sims/verilator/generated-src/chipyard.harness.TestHarness.Baseline8CoreConfig/gen-collateral/plusarg_reader_TestHarness_UNIQUIFIED.v
sed -i 's/\( \*\)plusarg_reader\( \+\)/\1plusarg_reader_TestHarness_UNIQUIFIED\2/' /work/chipyard/sims/verilator/generated-src/chipyard.harness.TestHarness.Baseline8CoreConfig/gen-collateral/UARTTx_TestHarness_UNIQUIFIED.sv
sed -i 's/module\( \+\)plusarg_reader/module\1plusarg_reader_TestHarness_UNIQUIFIED/' /work/chipyard/sims/verilator/generated-src/chipyard.harness.TestHarness.Baseline8CoreConfig/gen-collateral/plusarg_reader_TestHarness_UNIQUIFIED.v
sed -i 's/module\( \+\)ram_8x8/module\1ram_8x8_TestHarness_UNIQUIFIED/' /work/chipyard/sims/verilator/generated-src/chipyard.harness.TestHarness.Baseline8CoreConfig/gen-collateral/ram_8x8_TestHarness_UNIQUIFIED.sv
sed -i 's/module\( \+\)GenericDeserializer_TLBeatw10_f32/module\1GenericDeserializer_TLBeatw10_f32_TestHarness_UNIQUIFIED/' /work/chipyard/sims/verilator/generated-src/chipyard.harness.TestHarness.Baseline8CoreConfig/gen-collateral/GenericDeserializer_TLBeatw10_f32_TestHarness_UNIQUIFIED.sv
sed -i 's/\( \*\)GenericDeserializer_TLBeatw10_f32\( \+\)/\1GenericDeserializer_TLBeatw10_f32_TestHarness_UNIQUIFIED\2/' /work/chipyard/sims/verilator/generated-src/chipyard.harness.TestHarness.Baseline8CoreConfig/gen-collateral/TLSerdesser_SerialRAM.sv
sed -i 's/module\( \+\)GenericDeserializer_TLBeatw67_f32/module\1GenericDeserializer_TLBeatw67_f32_TestHarness_UNIQUIFIED/' /work/chipyard/sims/verilator/generated-src/chipyard.harness.TestHarness.Baseline8CoreConfig/gen-collateral/GenericDeserializer_TLBeatw67_f32_TestHarness_UNIQUIFIED.sv
sed -i 's/\( \*\)GenericDeserializer_TLBeatw67_f32\( \+\)/\1GenericDeserializer_TLBeatw67_f32_TestHarness_UNIQUIFIED\2/' /work/chipyard/sims/verilator/generated-src/chipyard.harness.TestHarness.Baseline8CoreConfig/gen-collateral/TLSerdesser_SerialRAM.sv
sed -i 's/module\( \+\)GenericDeserializer_TLBeatw88_f32/module\1GenericDeserializer_TLBeatw88_f32_TestHarness_UNIQUIFIED/' /work/chipyard/sims/verilator/generated-src/chipyard.harness.TestHarness.Baseline8CoreConfig/gen-collateral/GenericDeserializer_TLBeatw88_f32_TestHarness_UNIQUIFIED.sv
sed -i 's/\( \*\)GenericDeserializer_TLBeatw88_f32\( \+\)/\1GenericDeserializer_TLBeatw88_f32_TestHarness_UNIQUIFIED\2/' /work/chipyard/sims/verilator/generated-src/chipyard.harness.TestHarness.Baseline8CoreConfig/gen-collateral/TLSerdesser_SerialRAM.sv
sed -i 's/module\( \+\)GenericDeserializer_TLBeatw87_f32/module\1GenericDeserializer_TLBeatw87_f32_TestHarness_UNIQUIFIED/' /work/chipyard/sims/verilator/generated-src/chipyard.harness.TestHarness.Baseline8CoreConfig/gen-collateral/GenericDeserializer_TLBeatw87_f32_TestHarness_UNIQUIFIED.sv
sed -i 's/\( \*\)GenericDeserializer_TLBeatw87_f32\( \+\)/\1GenericDeserializer_TLBeatw87_f32_TestHarness_UNIQUIFIED\2/' /work/chipyard/sims/verilator/generated-src/chipyard.harness.TestHarness.Baseline8CoreConfig/gen-collateral/TLSerdesser_SerialRAM.sv
sed -i 's/module\( \+\)GenericDeserializer_TLBeatw88_f32/module\1GenericDeserializer_TLBeatw88_f32_TestHarness_UNIQUIFIED/' /work/chipyard/sims/verilator/generated-src/chipyard.harness.TestHarness.Baseline8CoreConfig/gen-collateral/GenericDeserializer_TLBeatw88_f32_TestHarness_UNIQUIFIED.sv
sed -i 's/module\( \+\)AsyncQueue/module\1AsyncQueue_TestHarness_UNIQUIFIED/' /work/chipyard/sims/verilator/generated-src/chipyard.harness.TestHarness.Baseline8CoreConfig/gen-collateral/AsyncQueue_TestHarness_UNIQUIFIED.sv
sed -i 's/\( \*\)AsyncQueue\( \+\)/\1AsyncQueue_TestHarness_UNIQUIFIED\2/' /work/chipyard/sims/verilator/generated-src/chipyard.harness.TestHarness.Baseline8CoreConfig/gen-collateral/DecoupledSerialPhy_TestHarness_UNIQUIFIED.sv
sed -i 's/module\( \+\)Queue8_Flit/module\1Queue8_Flit_TestHarness_UNIQUIFIED/' /work/chipyard/sims/verilator/generated-src/chipyard.harness.TestHarness.Baseline8CoreConfig/gen-collateral/Queue8_Flit_TestHarness_UNIQUIFIED.sv
sed -i 's/\( \*\)Queue8_Flit\( \+\)/\1Queue8_Flit_TestHarness_UNIQUIFIED\2/' /work/chipyard/sims/verilator/generated-src/chipyard.harness.TestHarness.Baseline8CoreConfig/gen-collateral/DecoupledSerialPhy_TestHarness_UNIQUIFIED.sv
sed -i 's/module\( \+\)FlitToPhit_f32_p32/module\1FlitToPhit_f32_p32_TestHarness_UNIQUIFIED/' /work/chipyard/sims/verilator/generated-src/chipyard.harness.TestHarness.Baseline8CoreConfig/gen-collateral/FlitToPhit_f32_p32_TestHarness_UNIQUIFIED.sv
sed -i 's/\( \*\)FlitToPhit_f32_p32\( \+\)/\1FlitToPhit_f32_p32_TestHarness_UNIQUIFIED\2/' /work/chipyard/sims/verilator/generated-src/chipyard.harness.TestHarness.Baseline8CoreConfig/gen-collateral/DecoupledSerialPhy_TestHarness_UNIQUIFIED.sv
sed -i 's/module\( \+\)AsyncQueue/module\1AsyncQueue_TestHarness_UNIQUIFIED/' /work/chipyard/sims/verilator/generated-src/chipyard.harness.TestHarness.Baseline8CoreConfig/gen-collateral/AsyncQueue_TestHarness_UNIQUIFIED.sv
sed -i 's/module\( \+\)Queue8_Flit/module\1Queue8_Flit_TestHarness_UNIQUIFIED/' /work/chipyard/sims/verilator/generated-src/chipyard.harness.TestHarness.Baseline8CoreConfig/gen-collateral/Queue8_Flit_TestHarness_UNIQUIFIED.sv
sed -i 's/module\( \+\)FlitToPhit_f32_p32/module\1FlitToPhit_f32_p32_TestHarness_UNIQUIFIED/' /work/chipyard/sims/verilator/generated-src/chipyard.harness.TestHarness.Baseline8CoreConfig/gen-collateral/FlitToPhit_f32_p32_TestHarness_UNIQUIFIED.sv
sed -i 's/module\( \+\)AsyncQueue/module\1AsyncQueue_TestHarness_UNIQUIFIED/' /work/chipyard/sims/verilator/generated-src/chipyard.harness.TestHarness.Baseline8CoreConfig/gen-collateral/AsyncQueue_TestHarness_UNIQUIFIED.sv
sed -i 's/module\( \+\)Queue8_Flit/module\1Queue8_Flit_TestHarness_UNIQUIFIED/' /work/chipyard/sims/verilator/generated-src/chipyard.harness.TestHarness.Baseline8CoreConfig/gen-collateral/Queue8_Flit_TestHarness_UNIQUIFIED.sv
sed -i 's/module\( \+\)FlitToPhit_f32_p32/module\1FlitToPhit_f32_p32_TestHarness_UNIQUIFIED/' /work/chipyard/sims/verilator/generated-src/chipyard.harness.TestHarness.Baseline8CoreConfig/gen-collateral/FlitToPhit_f32_p32_TestHarness_UNIQUIFIED.sv
sed -i 's/module\( \+\)AsyncQueue/module\1AsyncQueue_TestHarness_UNIQUIFIED/' /work/chipyard/sims/verilator/generated-src/chipyard.harness.TestHarness.Baseline8CoreConfig/gen-collateral/AsyncQueue_TestHarness_UNIQUIFIED.sv
sed -i 's/module\( \+\)Queue8_Flit/module\1Queue8_Flit_TestHarness_UNIQUIFIED/' /work/chipyard/sims/verilator/generated-src/chipyard.harness.TestHarness.Baseline8CoreConfig/gen-collateral/Queue8_Flit_TestHarness_UNIQUIFIED.sv
sed -i 's/module\( \+\)FlitToPhit_f32_p32/module\1FlitToPhit_f32_p32_TestHarness_UNIQUIFIED/' /work/chipyard/sims/verilator/generated-src/chipyard.harness.TestHarness.Baseline8CoreConfig/gen-collateral/FlitToPhit_f32_p32_TestHarness_UNIQUIFIED.sv
sed -i 's/module\( \+\)AsyncQueue/module\1AsyncQueue_TestHarness_UNIQUIFIED/' /work/chipyard/sims/verilator/generated-src/chipyard.harness.TestHarness.Baseline8CoreConfig/gen-collateral/AsyncQueue_TestHarness_UNIQUIFIED.sv
sed -i 's/module\( \+\)Queue8_Flit/module\1Queue8_Flit_TestHarness_UNIQUIFIED/' /work/chipyard/sims/verilator/generated-src/chipyard.harness.TestHarness.Baseline8CoreConfig/gen-collateral/Queue8_Flit_TestHarness_UNIQUIFIED.sv
sed -i 's/module\( \+\)FlitToPhit_f32_p32/module\1FlitToPhit_f32_p32_TestHarness_UNIQUIFIED/' /work/chipyard/sims/verilator/generated-src/chipyard.harness.TestHarness.Baseline8CoreConfig/gen-collateral/FlitToPhit_f32_p32_TestHarness_UNIQUIFIED.sv
sed -i 's/module\( \+\)PhitArbiter_p32_f32_n5/module\1PhitArbiter_p32_f32_n5_TestHarness_UNIQUIFIED/' /work/chipyard/sims/verilator/generated-src/chipyard.harness.TestHarness.Baseline8CoreConfig/gen-collateral/PhitArbiter_p32_f32_n5_TestHarness_UNIQUIFIED.sv
sed -i 's/\( \*\)PhitArbiter_p32_f32_n5\( \+\)/\1PhitArbiter_p32_f32_n5_TestHarness_UNIQUIFIED\2/' /work/chipyard/sims/verilator/generated-src/chipyard.harness.TestHarness.Baseline8CoreConfig/gen-collateral/DecoupledSerialPhy_TestHarness_UNIQUIFIED.sv
sed -i 's/module\( \+\)AsyncQueue/module\1AsyncQueue_TestHarness_UNIQUIFIED/' /work/chipyard/sims/verilator/generated-src/chipyard.harness.TestHarness.Baseline8CoreConfig/gen-collateral/AsyncQueue_TestHarness_UNIQUIFIED.sv
sed -i 's/module\( \+\)PhitToFlit_p32_f32/module\1PhitToFlit_p32_f32_TestHarness_UNIQUIFIED/' /work/chipyard/sims/verilator/generated-src/chipyard.harness.TestHarness.Baseline8CoreConfig/gen-collateral/PhitToFlit_p32_f32_TestHarness_UNIQUIFIED.sv
sed -i 's/\( \*\)PhitToFlit_p32_f32\( \+\)/\1PhitToFlit_p32_f32_TestHarness_UNIQUIFIED\2/' /work/chipyard/sims/verilator/generated-src/chipyard.harness.TestHarness.Baseline8CoreConfig/gen-collateral/DecoupledSerialPhy_TestHarness_UNIQUIFIED.sv
sed -i 's/module\( \+\)Queue8_Flit/module\1Queue8_Flit_TestHarness_UNIQUIFIED/' /work/chipyard/sims/verilator/generated-src/chipyard.harness.TestHarness.Baseline8CoreConfig/gen-collateral/Queue8_Flit_TestHarness_UNIQUIFIED.sv
sed -i 's/module\( \+\)AsyncQueue/module\1AsyncQueue_TestHarness_UNIQUIFIED/' /work/chipyard/sims/verilator/generated-src/chipyard.harness.TestHarness.Baseline8CoreConfig/gen-collateral/AsyncQueue_TestHarness_UNIQUIFIED.sv
sed -i 's/module\( \+\)PhitToFlit_p32_f32/module\1PhitToFlit_p32_f32_TestHarness_UNIQUIFIED/' /work/chipyard/sims/verilator/generated-src/chipyard.harness.TestHarness.Baseline8CoreConfig/gen-collateral/PhitToFlit_p32_f32_TestHarness_UNIQUIFIED.sv
sed -i 's/module\( \+\)Queue8_Flit/module\1Queue8_Flit_TestHarness_UNIQUIFIED/' /work/chipyard/sims/verilator/generated-src/chipyard.harness.TestHarness.Baseline8CoreConfig/gen-collateral/Queue8_Flit_TestHarness_UNIQUIFIED.sv
sed -i 's/module\( \+\)AsyncQueue/module\1AsyncQueue_TestHarness_UNIQUIFIED/' /work/chipyard/sims/verilator/generated-src/chipyard.harness.TestHarness.Baseline8CoreConfig/gen-collateral/AsyncQueue_TestHarness_UNIQUIFIED.sv
sed -i 's/module\( \+\)PhitToFlit_p32_f32/module\1PhitToFlit_p32_f32_TestHarness_UNIQUIFIED/' /work/chipyard/sims/verilator/generated-src/chipyard.harness.TestHarness.Baseline8CoreConfig/gen-collateral/PhitToFlit_p32_f32_TestHarness_UNIQUIFIED.sv
sed -i 's/module\( \+\)Queue8_Flit/module\1Queue8_Flit_TestHarness_UNIQUIFIED/' /work/chipyard/sims/verilator/generated-src/chipyard.harness.TestHarness.Baseline8CoreConfig/gen-collateral/Queue8_Flit_TestHarness_UNIQUIFIED.sv
sed -i 's/module\( \+\)AsyncQueue/module\1AsyncQueue_TestHarness_UNIQUIFIED/' /work/chipyard/sims/verilator/generated-src/chipyard.harness.TestHarness.Baseline8CoreConfig/gen-collateral/AsyncQueue_TestHarness_UNIQUIFIED.sv
sed -i 's/module\( \+\)PhitToFlit_p32_f32/module\1PhitToFlit_p32_f32_TestHarness_UNIQUIFIED/' /work/chipyard/sims/verilator/generated-src/chipyard.harness.TestHarness.Baseline8CoreConfig/gen-collateral/PhitToFlit_p32_f32_TestHarness_UNIQUIFIED.sv
sed -i 's/module\( \+\)Queue8_Flit/module\1Queue8_Flit_TestHarness_UNIQUIFIED/' /work/chipyard/sims/verilator/generated-src/chipyard.harness.TestHarness.Baseline8CoreConfig/gen-collateral/Queue8_Flit_TestHarness_UNIQUIFIED.sv
sed -i 's/module\( \+\)AsyncQueue/module\1AsyncQueue_TestHarness_UNIQUIFIED/' /work/chipyard/sims/verilator/generated-src/chipyard.harness.TestHarness.Baseline8CoreConfig/gen-collateral/AsyncQueue_TestHarness_UNIQUIFIED.sv
sed -i 's/module\( \+\)PhitToFlit_p32_f32/module\1PhitToFlit_p32_f32_TestHarness_UNIQUIFIED/' /work/chipyard/sims/verilator/generated-src/chipyard.harness.TestHarness.Baseline8CoreConfig/gen-collateral/PhitToFlit_p32_f32_TestHarness_UNIQUIFIED.sv
sed -i 's/module\( \+\)Queue8_Flit/module\1Queue8_Flit_TestHarness_UNIQUIFIED/' /work/chipyard/sims/verilator/generated-src/chipyard.harness.TestHarness.Baseline8CoreConfig/gen-collateral/Queue8_Flit_TestHarness_UNIQUIFIED.sv
sed -i 's/module\( \+\)PhitDemux_p32_f32_n5/module\1PhitDemux_p32_f32_n5_TestHarness_UNIQUIFIED/' /work/chipyard/sims/verilator/generated-src/chipyard.harness.TestHarness.Baseline8CoreConfig/gen-collateral/PhitDemux_p32_f32_n5_TestHarness_UNIQUIFIED.sv
sed -i 's/\( \*\)PhitDemux_p32_f32_n5\( \+\)/\1PhitDemux_p32_f32_n5_TestHarness_UNIQUIFIED\2/' /work/chipyard/sims/verilator/generated-src/chipyard.harness.TestHarness.Baseline8CoreConfig/gen-collateral/DecoupledSerialPhy_TestHarness_UNIQUIFIED.sv
sed -i 's/module\( \+\)AsyncResetSynchronizerPrimitiveShiftReg_d3_i0/module\1AsyncResetSynchronizerPrimitiveShiftReg_d3_i0_TestHarness_UNIQUIFIED/' /work/chipyard/sims/verilator/generated-src/chipyard.harness.TestHarness.Baseline8CoreConfig/gen-collateral/AsyncResetSynchronizerPrimitiveShiftReg_d3_i0_TestHarness_UNIQUIFIED.sv
sed -i 's/\( \*\)AsyncResetSynchronizerPrimitiveShiftReg_d3_i0\( \+\)/\1AsyncResetSynchronizerPrimitiveShiftReg_d3_i0_TestHarness_UNIQUIFIED\2/' /work/chipyard/sims/verilator/generated-src/chipyard.harness.TestHarness.Baseline8CoreConfig/gen-collateral/AsyncResetSynchronizerShiftReg_w1_d3_i0_TestHarness_UNIQUIFIED.sv
sed -i 's/module\( \+\)plusarg_reader/module\1plusarg_reader_TestHarness_UNIQUIFIED/' /work/chipyard/sims/verilator/generated-src/chipyard.harness.TestHarness.Baseline8CoreConfig/gen-collateral/plusarg_reader_TestHarness_UNIQUIFIED.v
sed -i 's/\( \*\)plusarg_reader\( \+\)/\1plusarg_reader_TestHarness_UNIQUIFIED\2/' /work/chipyard/sims/verilator/generated-src/chipyard.harness.TestHarness.Baseline8CoreConfig/gen-collateral/TLMonitor_88.sv
sed -i 's/module\( \+\)plusarg_reader/module\1plusarg_reader_TestHarness_UNIQUIFIED/' /work/chipyard/sims/verilator/generated-src/chipyard.harness.TestHarness.Baseline8CoreConfig/gen-collateral/plusarg_reader_TestHarness_UNIQUIFIED.v
sed -i 's/module\( \+\)plusarg_reader/module\1plusarg_reader_TestHarness_UNIQUIFIED/' /work/chipyard/sims/verilator/generated-src/chipyard.harness.TestHarness.Baseline8CoreConfig/gen-collateral/plusarg_reader_TestHarness_UNIQUIFIED.v
sed -i 's/\( \*\)plusarg_reader\( \+\)/\1plusarg_reader_TestHarness_UNIQUIFIED\2/' /work/chipyard/sims/verilator/generated-src/chipyard.harness.TestHarness.Baseline8CoreConfig/gen-collateral/TLMonitor_89.sv
sed -i 's/module\( \+\)plusarg_reader/module\1plusarg_reader_TestHarness_UNIQUIFIED/' /work/chipyard/sims/verilator/generated-src/chipyard.harness.TestHarness.Baseline8CoreConfig/gen-collateral/plusarg_reader_TestHarness_UNIQUIFIED.v
sed -i 's/module\( \+\)ram_2x79/module\1ram_2x79_TestHarness_UNIQUIFIED/' /work/chipyard/sims/verilator/generated-src/chipyard.harness.TestHarness.Baseline8CoreConfig/gen-collateral/ram_2x79_TestHarness_UNIQUIFIED.sv
sed -i 's/\( \*\)ram_2x79\( \+\)/\1ram_2x79_TestHarness_UNIQUIFIED\2/' /work/chipyard/sims/verilator/generated-src/chipyard.harness.TestHarness.Baseline8CoreConfig/gen-collateral/Queue2_TLBundleD_a32d64s1k3z4u.sv
sed -i 's/module\( \+\)AsyncQueueSource_Phit/module\1AsyncQueueSource_Phit_TestHarness_UNIQUIFIED/' /work/chipyard/sims/verilator/generated-src/chipyard.harness.TestHarness.Baseline8CoreConfig/gen-collateral/AsyncQueueSource_Phit_TestHarness_UNIQUIFIED.sv
sed -i 's/\( \*\)AsyncQueueSource_Phit\( \+\)/\1AsyncQueueSource_Phit_TestHarness_UNIQUIFIED\2/' /work/chipyard/sims/verilator/generated-src/chipyard.harness.TestHarness.Baseline8CoreConfig/gen-collateral/AsyncQueue_TestHarness_UNIQUIFIED.sv
sed -i 's/module\( \+\)AsyncQueueSink_Phit/module\1AsyncQueueSink_Phit_TestHarness_UNIQUIFIED/' /work/chipyard/sims/verilator/generated-src/chipyard.harness.TestHarness.Baseline8CoreConfig/gen-collateral/AsyncQueueSink_Phit_TestHarness_UNIQUIFIED.sv
sed -i 's/\( \*\)AsyncQueueSink_Phit\( \+\)/\1AsyncQueueSink_Phit_TestHarness_UNIQUIFIED\2/' /work/chipyard/sims/verilator/generated-src/chipyard.harness.TestHarness.Baseline8CoreConfig/gen-collateral/AsyncQueue_TestHarness_UNIQUIFIED.sv
sed -i 's/module\( \+\)ram_flit_8x32/module\1ram_flit_8x32_TestHarness_UNIQUIFIED/' /work/chipyard/sims/verilator/generated-src/chipyard.harness.TestHarness.Baseline8CoreConfig/gen-collateral/ram_flit_8x32_TestHarness_UNIQUIFIED.sv
sed -i 's/\( \*\)ram_flit_8x32\( \+\)/\1ram_flit_8x32_TestHarness_UNIQUIFIED\2/' /work/chipyard/sims/verilator/generated-src/chipyard.harness.TestHarness.Baseline8CoreConfig/gen-collateral/Queue8_Flit_TestHarness_UNIQUIFIED.sv
sed -i 's/module\( \+\)AsyncQueueSource_Phit/module\1AsyncQueueSource_Phit_TestHarness_UNIQUIFIED/' /work/chipyard/sims/verilator/generated-src/chipyard.harness.TestHarness.Baseline8CoreConfig/gen-collateral/AsyncQueueSource_Phit_TestHarness_UNIQUIFIED.sv
sed -i 's/module\( \+\)AsyncQueueSink_Phit/module\1AsyncQueueSink_Phit_TestHarness_UNIQUIFIED/' /work/chipyard/sims/verilator/generated-src/chipyard.harness.TestHarness.Baseline8CoreConfig/gen-collateral/AsyncQueueSink_Phit_TestHarness_UNIQUIFIED.sv
sed -i 's/module\( \+\)ram_flit_8x32/module\1ram_flit_8x32_TestHarness_UNIQUIFIED/' /work/chipyard/sims/verilator/generated-src/chipyard.harness.TestHarness.Baseline8CoreConfig/gen-collateral/ram_flit_8x32_TestHarness_UNIQUIFIED.sv
sed -i 's/module\( \+\)AsyncQueueSource_Phit/module\1AsyncQueueSource_Phit_TestHarness_UNIQUIFIED/' /work/chipyard/sims/verilator/generated-src/chipyard.harness.TestHarness.Baseline8CoreConfig/gen-collateral/AsyncQueueSource_Phit_TestHarness_UNIQUIFIED.sv
sed -i 's/module\( \+\)AsyncQueueSink_Phit/module\1AsyncQueueSink_Phit_TestHarness_UNIQUIFIED/' /work/chipyard/sims/verilator/generated-src/chipyard.harness.TestHarness.Baseline8CoreConfig/gen-collateral/AsyncQueueSink_Phit_TestHarness_UNIQUIFIED.sv
sed -i 's/module\( \+\)ram_flit_8x32/module\1ram_flit_8x32_TestHarness_UNIQUIFIED/' /work/chipyard/sims/verilator/generated-src/chipyard.harness.TestHarness.Baseline8CoreConfig/gen-collateral/ram_flit_8x32_TestHarness_UNIQUIFIED.sv
sed -i 's/module\( \+\)AsyncQueueSource_Phit/module\1AsyncQueueSource_Phit_TestHarness_UNIQUIFIED/' /work/chipyard/sims/verilator/generated-src/chipyard.harness.TestHarness.Baseline8CoreConfig/gen-collateral/AsyncQueueSource_Phit_TestHarness_UNIQUIFIED.sv
sed -i 's/module\( \+\)AsyncQueueSink_Phit/module\1AsyncQueueSink_Phit_TestHarness_UNIQUIFIED/' /work/chipyard/sims/verilator/generated-src/chipyard.harness.TestHarness.Baseline8CoreConfig/gen-collateral/AsyncQueueSink_Phit_TestHarness_UNIQUIFIED.sv
sed -i 's/module\( \+\)ram_flit_8x32/module\1ram_flit_8x32_TestHarness_UNIQUIFIED/' /work/chipyard/sims/verilator/generated-src/chipyard.harness.TestHarness.Baseline8CoreConfig/gen-collateral/ram_flit_8x32_TestHarness_UNIQUIFIED.sv
sed -i 's/module\( \+\)AsyncQueueSource_Phit/module\1AsyncQueueSource_Phit_TestHarness_UNIQUIFIED/' /work/chipyard/sims/verilator/generated-src/chipyard.harness.TestHarness.Baseline8CoreConfig/gen-collateral/AsyncQueueSource_Phit_TestHarness_UNIQUIFIED.sv
sed -i 's/module\( \+\)AsyncQueueSink_Phit/module\1AsyncQueueSink_Phit_TestHarness_UNIQUIFIED/' /work/chipyard/sims/verilator/generated-src/chipyard.harness.TestHarness.Baseline8CoreConfig/gen-collateral/AsyncQueueSink_Phit_TestHarness_UNIQUIFIED.sv
sed -i 's/module\( \+\)ram_flit_8x32/module\1ram_flit_8x32_TestHarness_UNIQUIFIED/' /work/chipyard/sims/verilator/generated-src/chipyard.harness.TestHarness.Baseline8CoreConfig/gen-collateral/ram_flit_8x32_TestHarness_UNIQUIFIED.sv
sed -i 's/module\( \+\)AsyncQueueSource_Phit/module\1AsyncQueueSource_Phit_TestHarness_UNIQUIFIED/' /work/chipyard/sims/verilator/generated-src/chipyard.harness.TestHarness.Baseline8CoreConfig/gen-collateral/AsyncQueueSource_Phit_TestHarness_UNIQUIFIED.sv
sed -i 's/module\( \+\)AsyncQueueSink_Phit/module\1AsyncQueueSink_Phit_TestHarness_UNIQUIFIED/' /work/chipyard/sims/verilator/generated-src/chipyard.harness.TestHarness.Baseline8CoreConfig/gen-collateral/AsyncQueueSink_Phit_TestHarness_UNIQUIFIED.sv
sed -i 's/module\( \+\)ram_flit_8x32/module\1ram_flit_8x32_TestHarness_UNIQUIFIED/' /work/chipyard/sims/verilator/generated-src/chipyard.harness.TestHarness.Baseline8CoreConfig/gen-collateral/ram_flit_8x32_TestHarness_UNIQUIFIED.sv
sed -i 's/module\( \+\)AsyncQueueSource_Phit/module\1AsyncQueueSource_Phit_TestHarness_UNIQUIFIED/' /work/chipyard/sims/verilator/generated-src/chipyard.harness.TestHarness.Baseline8CoreConfig/gen-collateral/AsyncQueueSource_Phit_TestHarness_UNIQUIFIED.sv
sed -i 's/module\( \+\)AsyncQueueSink_Phit/module\1AsyncQueueSink_Phit_TestHarness_UNIQUIFIED/' /work/chipyard/sims/verilator/generated-src/chipyard.harness.TestHarness.Baseline8CoreConfig/gen-collateral/AsyncQueueSink_Phit_TestHarness_UNIQUIFIED.sv
sed -i 's/module\( \+\)ram_flit_8x32/module\1ram_flit_8x32_TestHarness_UNIQUIFIED/' /work/chipyard/sims/verilator/generated-src/chipyard.harness.TestHarness.Baseline8CoreConfig/gen-collateral/ram_flit_8x32_TestHarness_UNIQUIFIED.sv
sed -i 's/module\( \+\)AsyncQueueSource_Phit/module\1AsyncQueueSource_Phit_TestHarness_UNIQUIFIED/' /work/chipyard/sims/verilator/generated-src/chipyard.harness.TestHarness.Baseline8CoreConfig/gen-collateral/AsyncQueueSource_Phit_TestHarness_UNIQUIFIED.sv
sed -i 's/module\( \+\)AsyncQueueSink_Phit/module\1AsyncQueueSink_Phit_TestHarness_UNIQUIFIED/' /work/chipyard/sims/verilator/generated-src/chipyard.harness.TestHarness.Baseline8CoreConfig/gen-collateral/AsyncQueueSink_Phit_TestHarness_UNIQUIFIED.sv
sed -i 's/module\( \+\)ram_flit_8x32/module\1ram_flit_8x32_TestHarness_UNIQUIFIED/' /work/chipyard/sims/verilator/generated-src/chipyard.harness.TestHarness.Baseline8CoreConfig/gen-collateral/ram_flit_8x32_TestHarness_UNIQUIFIED.sv
sed -i 's/module\( \+\)AsyncQueueSource_Phit/module\1AsyncQueueSource_Phit_TestHarness_UNIQUIFIED/' /work/chipyard/sims/verilator/generated-src/chipyard.harness.TestHarness.Baseline8CoreConfig/gen-collateral/AsyncQueueSource_Phit_TestHarness_UNIQUIFIED.sv
sed -i 's/module\( \+\)AsyncQueueSink_Phit/module\1AsyncQueueSink_Phit_TestHarness_UNIQUIFIED/' /work/chipyard/sims/verilator/generated-src/chipyard.harness.TestHarness.Baseline8CoreConfig/gen-collateral/AsyncQueueSink_Phit_TestHarness_UNIQUIFIED.sv
sed -i 's/module\( \+\)ram_flit_8x32/module\1ram_flit_8x32_TestHarness_UNIQUIFIED/' /work/chipyard/sims/verilator/generated-src/chipyard.harness.TestHarness.Baseline8CoreConfig/gen-collateral/ram_flit_8x32_TestHarness_UNIQUIFIED.sv
sed -i 's/module\( \+\)AsyncQueueSource_Phit/module\1AsyncQueueSource_Phit_TestHarness_UNIQUIFIED/' /work/chipyard/sims/verilator/generated-src/chipyard.harness.TestHarness.Baseline8CoreConfig/gen-collateral/AsyncQueueSource_Phit_TestHarness_UNIQUIFIED.sv
sed -i 's/module\( \+\)AsyncQueueSink_Phit/module\1AsyncQueueSink_Phit_TestHarness_UNIQUIFIED/' /work/chipyard/sims/verilator/generated-src/chipyard.harness.TestHarness.Baseline8CoreConfig/gen-collateral/AsyncQueueSink_Phit_TestHarness_UNIQUIFIED.sv
sed -i 's/module\( \+\)ram_flit_8x32/module\1ram_flit_8x32_TestHarness_UNIQUIFIED/' /work/chipyard/sims/verilator/generated-src/chipyard.harness.TestHarness.Baseline8CoreConfig/gen-collateral/ram_flit_8x32_TestHarness_UNIQUIFIED.sv
sed -i 's/module\( \+\)AsyncResetSynchronizerShiftReg_w4_d3_i0/module\1AsyncResetSynchronizerShiftReg_w4_d3_i0_TestHarness_UNIQUIFIED/' /work/chipyard/sims/verilator/generated-src/chipyard.harness.TestHarness.Baseline8CoreConfig/gen-collateral/AsyncResetSynchronizerShiftReg_w4_d3_i0_TestHarness_UNIQUIFIED.sv
sed -i 's/\( \*\)AsyncResetSynchronizerShiftReg_w4_d3_i0\( \+\)/\1AsyncResetSynchronizerShiftReg_w4_d3_i0_TestHarness_UNIQUIFIED\2/' /work/chipyard/sims/verilator/generated-src/chipyard.harness.TestHarness.Baseline8CoreConfig/gen-collateral/AsyncQueueSource_Phit_TestHarness_UNIQUIFIED.sv
sed -i 's/module\( \+\)AsyncValidSync/module\1AsyncValidSync_TestHarness_UNIQUIFIED/' /work/chipyard/sims/verilator/generated-src/chipyard.harness.TestHarness.Baseline8CoreConfig/gen-collateral/AsyncValidSync_TestHarness_UNIQUIFIED.sv
sed -i 's/\( \*\)AsyncValidSync\( \+\)/\1AsyncValidSync_TestHarness_UNIQUIFIED\2/' /work/chipyard/sims/verilator/generated-src/chipyard.harness.TestHarness.Baseline8CoreConfig/gen-collateral/AsyncQueueSource_Phit_TestHarness_UNIQUIFIED.sv
sed -i 's/module\( \+\)AsyncValidSync/module\1AsyncValidSync_TestHarness_UNIQUIFIED/' /work/chipyard/sims/verilator/generated-src/chipyard.harness.TestHarness.Baseline8CoreConfig/gen-collateral/AsyncValidSync_TestHarness_UNIQUIFIED.sv
sed -i 's/module\( \+\)AsyncValidSync/module\1AsyncValidSync_TestHarness_UNIQUIFIED/' /work/chipyard/sims/verilator/generated-src/chipyard.harness.TestHarness.Baseline8CoreConfig/gen-collateral/AsyncValidSync_TestHarness_UNIQUIFIED.sv
sed -i 's/module\( \+\)AsyncValidSync/module\1AsyncValidSync_TestHarness_UNIQUIFIED/' /work/chipyard/sims/verilator/generated-src/chipyard.harness.TestHarness.Baseline8CoreConfig/gen-collateral/AsyncValidSync_TestHarness_UNIQUIFIED.sv
sed -i 's/module\( \+\)AsyncResetSynchronizerShiftReg_w4_d3_i0/module\1AsyncResetSynchronizerShiftReg_w4_d3_i0_TestHarness_UNIQUIFIED/' /work/chipyard/sims/verilator/generated-src/chipyard.harness.TestHarness.Baseline8CoreConfig/gen-collateral/AsyncResetSynchronizerShiftReg_w4_d3_i0_TestHarness_UNIQUIFIED.sv
sed -i 's/\( \*\)AsyncResetSynchronizerShiftReg_w4_d3_i0\( \+\)/\1AsyncResetSynchronizerShiftReg_w4_d3_i0_TestHarness_UNIQUIFIED\2/' /work/chipyard/sims/verilator/generated-src/chipyard.harness.TestHarness.Baseline8CoreConfig/gen-collateral/AsyncQueueSink_Phit_TestHarness_UNIQUIFIED.sv
sed -i 's/module\( \+\)ClockCrossingReg_w32/module\1ClockCrossingReg_w32_TestHarness_UNIQUIFIED/' /work/chipyard/sims/verilator/generated-src/chipyard.harness.TestHarness.Baseline8CoreConfig/gen-collateral/ClockCrossingReg_w32_TestHarness_UNIQUIFIED.sv
sed -i 's/\( \*\)ClockCrossingReg_w32\( \+\)/\1ClockCrossingReg_w32_TestHarness_UNIQUIFIED\2/' /work/chipyard/sims/verilator/generated-src/chipyard.harness.TestHarness.Baseline8CoreConfig/gen-collateral/AsyncQueueSink_Phit_TestHarness_UNIQUIFIED.sv
sed -i 's/module\( \+\)AsyncValidSync/module\1AsyncValidSync_TestHarness_UNIQUIFIED/' /work/chipyard/sims/verilator/generated-src/chipyard.harness.TestHarness.Baseline8CoreConfig/gen-collateral/AsyncValidSync_TestHarness_UNIQUIFIED.sv
sed -i 's/\( \*\)AsyncValidSync\( \+\)/\1AsyncValidSync_TestHarness_UNIQUIFIED\2/' /work/chipyard/sims/verilator/generated-src/chipyard.harness.TestHarness.Baseline8CoreConfig/gen-collateral/AsyncQueueSink_Phit_TestHarness_UNIQUIFIED.sv
sed -i 's/module\( \+\)AsyncValidSync/module\1AsyncValidSync_TestHarness_UNIQUIFIED/' /work/chipyard/sims/verilator/generated-src/chipyard.harness.TestHarness.Baseline8CoreConfig/gen-collateral/AsyncValidSync_TestHarness_UNIQUIFIED.sv
sed -i 's/module\( \+\)AsyncValidSync/module\1AsyncValidSync_TestHarness_UNIQUIFIED/' /work/chipyard/sims/verilator/generated-src/chipyard.harness.TestHarness.Baseline8CoreConfig/gen-collateral/AsyncValidSync_TestHarness_UNIQUIFIED.sv
sed -i 's/module\( \+\)AsyncValidSync/module\1AsyncValidSync_TestHarness_UNIQUIFIED/' /work/chipyard/sims/verilator/generated-src/chipyard.harness.TestHarness.Baseline8CoreConfig/gen-collateral/AsyncValidSync_TestHarness_UNIQUIFIED.sv
sed -i 's/module\( \+\)AsyncResetSynchronizerShiftReg_w4_d3_i0/module\1AsyncResetSynchronizerShiftReg_w4_d3_i0_TestHarness_UNIQUIFIED/' /work/chipyard/sims/verilator/generated-src/chipyard.harness.TestHarness.Baseline8CoreConfig/gen-collateral/AsyncResetSynchronizerShiftReg_w4_d3_i0_TestHarness_UNIQUIFIED.sv
sed -i 's/module\( \+\)AsyncValidSync/module\1AsyncValidSync_TestHarness_UNIQUIFIED/' /work/chipyard/sims/verilator/generated-src/chipyard.harness.TestHarness.Baseline8CoreConfig/gen-collateral/AsyncValidSync_TestHarness_UNIQUIFIED.sv
sed -i 's/module\( \+\)AsyncValidSync/module\1AsyncValidSync_TestHarness_UNIQUIFIED/' /work/chipyard/sims/verilator/generated-src/chipyard.harness.TestHarness.Baseline8CoreConfig/gen-collateral/AsyncValidSync_TestHarness_UNIQUIFIED.sv
sed -i 's/module\( \+\)AsyncValidSync/module\1AsyncValidSync_TestHarness_UNIQUIFIED/' /work/chipyard/sims/verilator/generated-src/chipyard.harness.TestHarness.Baseline8CoreConfig/gen-collateral/AsyncValidSync_TestHarness_UNIQUIFIED.sv
sed -i 's/module\( \+\)AsyncValidSync/module\1AsyncValidSync_TestHarness_UNIQUIFIED/' /work/chipyard/sims/verilator/generated-src/chipyard.harness.TestHarness.Baseline8CoreConfig/gen-collateral/AsyncValidSync_TestHarness_UNIQUIFIED.sv
sed -i 's/module\( \+\)AsyncResetSynchronizerShiftReg_w4_d3_i0/module\1AsyncResetSynchronizerShiftReg_w4_d3_i0_TestHarness_UNIQUIFIED/' /work/chipyard/sims/verilator/generated-src/chipyard.harness.TestHarness.Baseline8CoreConfig/gen-collateral/AsyncResetSynchronizerShiftReg_w4_d3_i0_TestHarness_UNIQUIFIED.sv
sed -i 's/module\( \+\)ClockCrossingReg_w32/module\1ClockCrossingReg_w32_TestHarness_UNIQUIFIED/' /work/chipyard/sims/verilator/generated-src/chipyard.harness.TestHarness.Baseline8CoreConfig/gen-collateral/ClockCrossingReg_w32_TestHarness_UNIQUIFIED.sv
sed -i 's/module\( \+\)AsyncValidSync/module\1AsyncValidSync_TestHarness_UNIQUIFIED/' /work/chipyard/sims/verilator/generated-src/chipyard.harness.TestHarness.Baseline8CoreConfig/gen-collateral/AsyncValidSync_TestHarness_UNIQUIFIED.sv
sed -i 's/module\( \+\)AsyncValidSync/module\1AsyncValidSync_TestHarness_UNIQUIFIED/' /work/chipyard/sims/verilator/generated-src/chipyard.harness.TestHarness.Baseline8CoreConfig/gen-collateral/AsyncValidSync_TestHarness_UNIQUIFIED.sv
sed -i 's/module\( \+\)AsyncValidSync/module\1AsyncValidSync_TestHarness_UNIQUIFIED/' /work/chipyard/sims/verilator/generated-src/chipyard.harness.TestHarness.Baseline8CoreConfig/gen-collateral/AsyncValidSync_TestHarness_UNIQUIFIED.sv
sed -i 's/module\( \+\)AsyncValidSync/module\1AsyncValidSync_TestHarness_UNIQUIFIED/' /work/chipyard/sims/verilator/generated-src/chipyard.harness.TestHarness.Baseline8CoreConfig/gen-collateral/AsyncValidSync_TestHarness_UNIQUIFIED.sv
sed -i 's/module\( \+\)AsyncResetSynchronizerShiftReg_w4_d3_i0/module\1AsyncResetSynchronizerShiftReg_w4_d3_i0_TestHarness_UNIQUIFIED/' /work/chipyard/sims/verilator/generated-src/chipyard.harness.TestHarness.Baseline8CoreConfig/gen-collateral/AsyncResetSynchronizerShiftReg_w4_d3_i0_TestHarness_UNIQUIFIED.sv
sed -i 's/module\( \+\)AsyncValidSync/module\1AsyncValidSync_TestHarness_UNIQUIFIED/' /work/chipyard/sims/verilator/generated-src/chipyard.harness.TestHarness.Baseline8CoreConfig/gen-collateral/AsyncValidSync_TestHarness_UNIQUIFIED.sv
sed -i 's/module\( \+\)AsyncValidSync/module\1AsyncValidSync_TestHarness_UNIQUIFIED/' /work/chipyard/sims/verilator/generated-src/chipyard.harness.TestHarness.Baseline8CoreConfig/gen-collateral/AsyncValidSync_TestHarness_UNIQUIFIED.sv
sed -i 's/module\( \+\)AsyncValidSync/module\1AsyncValidSync_TestHarness_UNIQUIFIED/' /work/chipyard/sims/verilator/generated-src/chipyard.harness.TestHarness.Baseline8CoreConfig/gen-collateral/AsyncValidSync_TestHarness_UNIQUIFIED.sv
sed -i 's/module\( \+\)AsyncValidSync/module\1AsyncValidSync_TestHarness_UNIQUIFIED/' /work/chipyard/sims/verilator/generated-src/chipyard.harness.TestHarness.Baseline8CoreConfig/gen-collateral/AsyncValidSync_TestHarness_UNIQUIFIED.sv
sed -i 's/module\( \+\)AsyncResetSynchronizerShiftReg_w4_d3_i0/module\1AsyncResetSynchronizerShiftReg_w4_d3_i0_TestHarness_UNIQUIFIED/' /work/chipyard/sims/verilator/generated-src/chipyard.harness.TestHarness.Baseline8CoreConfig/gen-collateral/AsyncResetSynchronizerShiftReg_w4_d3_i0_TestHarness_UNIQUIFIED.sv
sed -i 's/module\( \+\)ClockCrossingReg_w32/module\1ClockCrossingReg_w32_TestHarness_UNIQUIFIED/' /work/chipyard/sims/verilator/generated-src/chipyard.harness.TestHarness.Baseline8CoreConfig/gen-collateral/ClockCrossingReg_w32_TestHarness_UNIQUIFIED.sv
sed -i 's/module\( \+\)AsyncValidSync/module\1AsyncValidSync_TestHarness_UNIQUIFIED/' /work/chipyard/sims/verilator/generated-src/chipyard.harness.TestHarness.Baseline8CoreConfig/gen-collateral/AsyncValidSync_TestHarness_UNIQUIFIED.sv
sed -i 's/module\( \+\)AsyncValidSync/module\1AsyncValidSync_TestHarness_UNIQUIFIED/' /work/chipyard/sims/verilator/generated-src/chipyard.harness.TestHarness.Baseline8CoreConfig/gen-collateral/AsyncValidSync_TestHarness_UNIQUIFIED.sv
sed -i 's/module\( \+\)AsyncValidSync/module\1AsyncValidSync_TestHarness_UNIQUIFIED/' /work/chipyard/sims/verilator/generated-src/chipyard.harness.TestHarness.Baseline8CoreConfig/gen-collateral/AsyncValidSync_TestHarness_UNIQUIFIED.sv
sed -i 's/module\( \+\)AsyncValidSync/module\1AsyncValidSync_TestHarness_UNIQUIFIED/' /work/chipyard/sims/verilator/generated-src/chipyard.harness.TestHarness.Baseline8CoreConfig/gen-collateral/AsyncValidSync_TestHarness_UNIQUIFIED.sv
sed -i 's/module\( \+\)AsyncResetSynchronizerShiftReg_w4_d3_i0/module\1AsyncResetSynchronizerShiftReg_w4_d3_i0_TestHarness_UNIQUIFIED/' /work/chipyard/sims/verilator/generated-src/chipyard.harness.TestHarness.Baseline8CoreConfig/gen-collateral/AsyncResetSynchronizerShiftReg_w4_d3_i0_TestHarness_UNIQUIFIED.sv
sed -i 's/module\( \+\)AsyncValidSync/module\1AsyncValidSync_TestHarness_UNIQUIFIED/' /work/chipyard/sims/verilator/generated-src/chipyard.harness.TestHarness.Baseline8CoreConfig/gen-collateral/AsyncValidSync_TestHarness_UNIQUIFIED.sv
sed -i 's/module\( \+\)AsyncValidSync/module\1AsyncValidSync_TestHarness_UNIQUIFIED/' /work/chipyard/sims/verilator/generated-src/chipyard.harness.TestHarness.Baseline8CoreConfig/gen-collateral/AsyncValidSync_TestHarness_UNIQUIFIED.sv
sed -i 's/module\( \+\)AsyncValidSync/module\1AsyncValidSync_TestHarness_UNIQUIFIED/' /work/chipyard/sims/verilator/generated-src/chipyard.harness.TestHarness.Baseline8CoreConfig/gen-collateral/AsyncValidSync_TestHarness_UNIQUIFIED.sv
sed -i 's/module\( \+\)AsyncValidSync/module\1AsyncValidSync_TestHarness_UNIQUIFIED/' /work/chipyard/sims/verilator/generated-src/chipyard.harness.TestHarness.Baseline8CoreConfig/gen-collateral/AsyncValidSync_TestHarness_UNIQUIFIED.sv
sed -i 's/module\( \+\)AsyncResetSynchronizerShiftReg_w4_d3_i0/module\1AsyncResetSynchronizerShiftReg_w4_d3_i0_TestHarness_UNIQUIFIED/' /work/chipyard/sims/verilator/generated-src/chipyard.harness.TestHarness.Baseline8CoreConfig/gen-collateral/AsyncResetSynchronizerShiftReg_w4_d3_i0_TestHarness_UNIQUIFIED.sv
sed -i 's/module\( \+\)ClockCrossingReg_w32/module\1ClockCrossingReg_w32_TestHarness_UNIQUIFIED/' /work/chipyard/sims/verilator/generated-src/chipyard.harness.TestHarness.Baseline8CoreConfig/gen-collateral/ClockCrossingReg_w32_TestHarness_UNIQUIFIED.sv
sed -i 's/module\( \+\)AsyncValidSync/module\1AsyncValidSync_TestHarness_UNIQUIFIED/' /work/chipyard/sims/verilator/generated-src/chipyard.harness.TestHarness.Baseline8CoreConfig/gen-collateral/AsyncValidSync_TestHarness_UNIQUIFIED.sv
sed -i 's/module\( \+\)AsyncValidSync/module\1AsyncValidSync_TestHarness_UNIQUIFIED/' /work/chipyard/sims/verilator/generated-src/chipyard.harness.TestHarness.Baseline8CoreConfig/gen-collateral/AsyncValidSync_TestHarness_UNIQUIFIED.sv
sed -i 's/module\( \+\)AsyncValidSync/module\1AsyncValidSync_TestHarness_UNIQUIFIED/' /work/chipyard/sims/verilator/generated-src/chipyard.harness.TestHarness.Baseline8CoreConfig/gen-collateral/AsyncValidSync_TestHarness_UNIQUIFIED.sv
sed -i 's/module\( \+\)AsyncValidSync/module\1AsyncValidSync_TestHarness_UNIQUIFIED/' /work/chipyard/sims/verilator/generated-src/chipyard.harness.TestHarness.Baseline8CoreConfig/gen-collateral/AsyncValidSync_TestHarness_UNIQUIFIED.sv
sed -i 's/module\( \+\)AsyncResetSynchronizerShiftReg_w4_d3_i0/module\1AsyncResetSynchronizerShiftReg_w4_d3_i0_TestHarness_UNIQUIFIED/' /work/chipyard/sims/verilator/generated-src/chipyard.harness.TestHarness.Baseline8CoreConfig/gen-collateral/AsyncResetSynchronizerShiftReg_w4_d3_i0_TestHarness_UNIQUIFIED.sv
sed -i 's/module\( \+\)AsyncValidSync/module\1AsyncValidSync_TestHarness_UNIQUIFIED/' /work/chipyard/sims/verilator/generated-src/chipyard.harness.TestHarness.Baseline8CoreConfig/gen-collateral/AsyncValidSync_TestHarness_UNIQUIFIED.sv
sed -i 's/module\( \+\)AsyncValidSync/module\1AsyncValidSync_TestHarness_UNIQUIFIED/' /work/chipyard/sims/verilator/generated-src/chipyard.harness.TestHarness.Baseline8CoreConfig/gen-collateral/AsyncValidSync_TestHarness_UNIQUIFIED.sv
sed -i 's/module\( \+\)AsyncValidSync/module\1AsyncValidSync_TestHarness_UNIQUIFIED/' /work/chipyard/sims/verilator/generated-src/chipyard.harness.TestHarness.Baseline8CoreConfig/gen-collateral/AsyncValidSync_TestHarness_UNIQUIFIED.sv
sed -i 's/module\( \+\)AsyncValidSync/module\1AsyncValidSync_TestHarness_UNIQUIFIED/' /work/chipyard/sims/verilator/generated-src/chipyard.harness.TestHarness.Baseline8CoreConfig/gen-collateral/AsyncValidSync_TestHarness_UNIQUIFIED.sv
sed -i 's/module\( \+\)AsyncResetSynchronizerShiftReg_w4_d3_i0/module\1AsyncResetSynchronizerShiftReg_w4_d3_i0_TestHarness_UNIQUIFIED/' /work/chipyard/sims/verilator/generated-src/chipyard.harness.TestHarness.Baseline8CoreConfig/gen-collateral/AsyncResetSynchronizerShiftReg_w4_d3_i0_TestHarness_UNIQUIFIED.sv
sed -i 's/module\( \+\)ClockCrossingReg_w32/module\1ClockCrossingReg_w32_TestHarness_UNIQUIFIED/' /work/chipyard/sims/verilator/generated-src/chipyard.harness.TestHarness.Baseline8CoreConfig/gen-collateral/ClockCrossingReg_w32_TestHarness_UNIQUIFIED.sv
sed -i 's/module\( \+\)AsyncValidSync/module\1AsyncValidSync_TestHarness_UNIQUIFIED/' /work/chipyard/sims/verilator/generated-src/chipyard.harness.TestHarness.Baseline8CoreConfig/gen-collateral/AsyncValidSync_TestHarness_UNIQUIFIED.sv
sed -i 's/module\( \+\)AsyncValidSync/module\1AsyncValidSync_TestHarness_UNIQUIFIED/' /work/chipyard/sims/verilator/generated-src/chipyard.harness.TestHarness.Baseline8CoreConfig/gen-collateral/AsyncValidSync_TestHarness_UNIQUIFIED.sv
sed -i 's/module\( \+\)AsyncValidSync/module\1AsyncValidSync_TestHarness_UNIQUIFIED/' /work/chipyard/sims/verilator/generated-src/chipyard.harness.TestHarness.Baseline8CoreConfig/gen-collateral/AsyncValidSync_TestHarness_UNIQUIFIED.sv
sed -i 's/module\( \+\)AsyncValidSync/module\1AsyncValidSync_TestHarness_UNIQUIFIED/' /work/chipyard/sims/verilator/generated-src/chipyard.harness.TestHarness.Baseline8CoreConfig/gen-collateral/AsyncValidSync_TestHarness_UNIQUIFIED.sv
sed -i 's/module\( \+\)AsyncResetSynchronizerShiftReg_w4_d3_i0/module\1AsyncResetSynchronizerShiftReg_w4_d3_i0_TestHarness_UNIQUIFIED/' /work/chipyard/sims/verilator/generated-src/chipyard.harness.TestHarness.Baseline8CoreConfig/gen-collateral/AsyncResetSynchronizerShiftReg_w4_d3_i0_TestHarness_UNIQUIFIED.sv
sed -i 's/module\( \+\)AsyncValidSync/module\1AsyncValidSync_TestHarness_UNIQUIFIED/' /work/chipyard/sims/verilator/generated-src/chipyard.harness.TestHarness.Baseline8CoreConfig/gen-collateral/AsyncValidSync_TestHarness_UNIQUIFIED.sv
sed -i 's/module\( \+\)AsyncValidSync/module\1AsyncValidSync_TestHarness_UNIQUIFIED/' /work/chipyard/sims/verilator/generated-src/chipyard.harness.TestHarness.Baseline8CoreConfig/gen-collateral/AsyncValidSync_TestHarness_UNIQUIFIED.sv
sed -i 's/module\( \+\)AsyncValidSync/module\1AsyncValidSync_TestHarness_UNIQUIFIED/' /work/chipyard/sims/verilator/generated-src/chipyard.harness.TestHarness.Baseline8CoreConfig/gen-collateral/AsyncValidSync_TestHarness_UNIQUIFIED.sv
sed -i 's/module\( \+\)AsyncValidSync/module\1AsyncValidSync_TestHarness_UNIQUIFIED/' /work/chipyard/sims/verilator/generated-src/chipyard.harness.TestHarness.Baseline8CoreConfig/gen-collateral/AsyncValidSync_TestHarness_UNIQUIFIED.sv
sed -i 's/module\( \+\)AsyncResetSynchronizerShiftReg_w4_d3_i0/module\1AsyncResetSynchronizerShiftReg_w4_d3_i0_TestHarness_UNIQUIFIED/' /work/chipyard/sims/verilator/generated-src/chipyard.harness.TestHarness.Baseline8CoreConfig/gen-collateral/AsyncResetSynchronizerShiftReg_w4_d3_i0_TestHarness_UNIQUIFIED.sv
sed -i 's/module\( \+\)ClockCrossingReg_w32/module\1ClockCrossingReg_w32_TestHarness_UNIQUIFIED/' /work/chipyard/sims/verilator/generated-src/chipyard.harness.TestHarness.Baseline8CoreConfig/gen-collateral/ClockCrossingReg_w32_TestHarness_UNIQUIFIED.sv
sed -i 's/module\( \+\)AsyncValidSync/module\1AsyncValidSync_TestHarness_UNIQUIFIED/' /work/chipyard/sims/verilator/generated-src/chipyard.harness.TestHarness.Baseline8CoreConfig/gen-collateral/AsyncValidSync_TestHarness_UNIQUIFIED.sv
sed -i 's/module\( \+\)AsyncValidSync/module\1AsyncValidSync_TestHarness_UNIQUIFIED/' /work/chipyard/sims/verilator/generated-src/chipyard.harness.TestHarness.Baseline8CoreConfig/gen-collateral/AsyncValidSync_TestHarness_UNIQUIFIED.sv
sed -i 's/module\( \+\)AsyncValidSync/module\1AsyncValidSync_TestHarness_UNIQUIFIED/' /work/chipyard/sims/verilator/generated-src/chipyard.harness.TestHarness.Baseline8CoreConfig/gen-collateral/AsyncValidSync_TestHarness_UNIQUIFIED.sv
sed -i 's/module\( \+\)AsyncValidSync/module\1AsyncValidSync_TestHarness_UNIQUIFIED/' /work/chipyard/sims/verilator/generated-src/chipyard.harness.TestHarness.Baseline8CoreConfig/gen-collateral/AsyncValidSync_TestHarness_UNIQUIFIED.sv
sed -i 's/module\( \+\)AsyncResetSynchronizerShiftReg_w4_d3_i0/module\1AsyncResetSynchronizerShiftReg_w4_d3_i0_TestHarness_UNIQUIFIED/' /work/chipyard/sims/verilator/generated-src/chipyard.harness.TestHarness.Baseline8CoreConfig/gen-collateral/AsyncResetSynchronizerShiftReg_w4_d3_i0_TestHarness_UNIQUIFIED.sv
sed -i 's/module\( \+\)AsyncValidSync/module\1AsyncValidSync_TestHarness_UNIQUIFIED/' /work/chipyard/sims/verilator/generated-src/chipyard.harness.TestHarness.Baseline8CoreConfig/gen-collateral/AsyncValidSync_TestHarness_UNIQUIFIED.sv
sed -i 's/module\( \+\)AsyncValidSync/module\1AsyncValidSync_TestHarness_UNIQUIFIED/' /work/chipyard/sims/verilator/generated-src/chipyard.harness.TestHarness.Baseline8CoreConfig/gen-collateral/AsyncValidSync_TestHarness_UNIQUIFIED.sv
sed -i 's/module\( \+\)AsyncValidSync/module\1AsyncValidSync_TestHarness_UNIQUIFIED/' /work/chipyard/sims/verilator/generated-src/chipyard.harness.TestHarness.Baseline8CoreConfig/gen-collateral/AsyncValidSync_TestHarness_UNIQUIFIED.sv
sed -i 's/module\( \+\)AsyncValidSync/module\1AsyncValidSync_TestHarness_UNIQUIFIED/' /work/chipyard/sims/verilator/generated-src/chipyard.harness.TestHarness.Baseline8CoreConfig/gen-collateral/AsyncValidSync_TestHarness_UNIQUIFIED.sv
sed -i 's/module\( \+\)AsyncResetSynchronizerShiftReg_w4_d3_i0/module\1AsyncResetSynchronizerShiftReg_w4_d3_i0_TestHarness_UNIQUIFIED/' /work/chipyard/sims/verilator/generated-src/chipyard.harness.TestHarness.Baseline8CoreConfig/gen-collateral/AsyncResetSynchronizerShiftReg_w4_d3_i0_TestHarness_UNIQUIFIED.sv
sed -i 's/module\( \+\)ClockCrossingReg_w32/module\1ClockCrossingReg_w32_TestHarness_UNIQUIFIED/' /work/chipyard/sims/verilator/generated-src/chipyard.harness.TestHarness.Baseline8CoreConfig/gen-collateral/ClockCrossingReg_w32_TestHarness_UNIQUIFIED.sv
sed -i 's/module\( \+\)AsyncValidSync/module\1AsyncValidSync_TestHarness_UNIQUIFIED/' /work/chipyard/sims/verilator/generated-src/chipyard.harness.TestHarness.Baseline8CoreConfig/gen-collateral/AsyncValidSync_TestHarness_UNIQUIFIED.sv
sed -i 's/module\( \+\)AsyncValidSync/module\1AsyncValidSync_TestHarness_UNIQUIFIED/' /work/chipyard/sims/verilator/generated-src/chipyard.harness.TestHarness.Baseline8CoreConfig/gen-collateral/AsyncValidSync_TestHarness_UNIQUIFIED.sv
sed -i 's/module\( \+\)AsyncValidSync/module\1AsyncValidSync_TestHarness_UNIQUIFIED/' /work/chipyard/sims/verilator/generated-src/chipyard.harness.TestHarness.Baseline8CoreConfig/gen-collateral/AsyncValidSync_TestHarness_UNIQUIFIED.sv
sed -i 's/module\( \+\)AsyncValidSync/module\1AsyncValidSync_TestHarness_UNIQUIFIED/' /work/chipyard/sims/verilator/generated-src/chipyard.harness.TestHarness.Baseline8CoreConfig/gen-collateral/AsyncValidSync_TestHarness_UNIQUIFIED.sv
sed -i 's/module\( \+\)AsyncResetSynchronizerShiftReg_w4_d3_i0/module\1AsyncResetSynchronizerShiftReg_w4_d3_i0_TestHarness_UNIQUIFIED/' /work/chipyard/sims/verilator/generated-src/chipyard.harness.TestHarness.Baseline8CoreConfig/gen-collateral/AsyncResetSynchronizerShiftReg_w4_d3_i0_TestHarness_UNIQUIFIED.sv
sed -i 's/module\( \+\)AsyncValidSync/module\1AsyncValidSync_TestHarness_UNIQUIFIED/' /work/chipyard/sims/verilator/generated-src/chipyard.harness.TestHarness.Baseline8CoreConfig/gen-collateral/AsyncValidSync_TestHarness_UNIQUIFIED.sv
sed -i 's/module\( \+\)AsyncValidSync/module\1AsyncValidSync_TestHarness_UNIQUIFIED/' /work/chipyard/sims/verilator/generated-src/chipyard.harness.TestHarness.Baseline8CoreConfig/gen-collateral/AsyncValidSync_TestHarness_UNIQUIFIED.sv
sed -i 's/module\( \+\)AsyncValidSync/module\1AsyncValidSync_TestHarness_UNIQUIFIED/' /work/chipyard/sims/verilator/generated-src/chipyard.harness.TestHarness.Baseline8CoreConfig/gen-collateral/AsyncValidSync_TestHarness_UNIQUIFIED.sv
sed -i 's/module\( \+\)AsyncValidSync/module\1AsyncValidSync_TestHarness_UNIQUIFIED/' /work/chipyard/sims/verilator/generated-src/chipyard.harness.TestHarness.Baseline8CoreConfig/gen-collateral/AsyncValidSync_TestHarness_UNIQUIFIED.sv
sed -i 's/module\( \+\)AsyncResetSynchronizerShiftReg_w4_d3_i0/module\1AsyncResetSynchronizerShiftReg_w4_d3_i0_TestHarness_UNIQUIFIED/' /work/chipyard/sims/verilator/generated-src/chipyard.harness.TestHarness.Baseline8CoreConfig/gen-collateral/AsyncResetSynchronizerShiftReg_w4_d3_i0_TestHarness_UNIQUIFIED.sv
sed -i 's/module\( \+\)ClockCrossingReg_w32/module\1ClockCrossingReg_w32_TestHarness_UNIQUIFIED/' /work/chipyard/sims/verilator/generated-src/chipyard.harness.TestHarness.Baseline8CoreConfig/gen-collateral/ClockCrossingReg_w32_TestHarness_UNIQUIFIED.sv
sed -i 's/module\( \+\)AsyncValidSync/module\1AsyncValidSync_TestHarness_UNIQUIFIED/' /work/chipyard/sims/verilator/generated-src/chipyard.harness.TestHarness.Baseline8CoreConfig/gen-collateral/AsyncValidSync_TestHarness_UNIQUIFIED.sv
sed -i 's/module\( \+\)AsyncValidSync/module\1AsyncValidSync_TestHarness_UNIQUIFIED/' /work/chipyard/sims/verilator/generated-src/chipyard.harness.TestHarness.Baseline8CoreConfig/gen-collateral/AsyncValidSync_TestHarness_UNIQUIFIED.sv
sed -i 's/module\( \+\)AsyncValidSync/module\1AsyncValidSync_TestHarness_UNIQUIFIED/' /work/chipyard/sims/verilator/generated-src/chipyard.harness.TestHarness.Baseline8CoreConfig/gen-collateral/AsyncValidSync_TestHarness_UNIQUIFIED.sv
sed -i 's/module\( \+\)AsyncValidSync/module\1AsyncValidSync_TestHarness_UNIQUIFIED/' /work/chipyard/sims/verilator/generated-src/chipyard.harness.TestHarness.Baseline8CoreConfig/gen-collateral/AsyncValidSync_TestHarness_UNIQUIFIED.sv
sed -i 's/module\( \+\)AsyncResetSynchronizerShiftReg_w4_d3_i0/module\1AsyncResetSynchronizerShiftReg_w4_d3_i0_TestHarness_UNIQUIFIED/' /work/chipyard/sims/verilator/generated-src/chipyard.harness.TestHarness.Baseline8CoreConfig/gen-collateral/AsyncResetSynchronizerShiftReg_w4_d3_i0_TestHarness_UNIQUIFIED.sv
sed -i 's/module\( \+\)AsyncValidSync/module\1AsyncValidSync_TestHarness_UNIQUIFIED/' /work/chipyard/sims/verilator/generated-src/chipyard.harness.TestHarness.Baseline8CoreConfig/gen-collateral/AsyncValidSync_TestHarness_UNIQUIFIED.sv
sed -i 's/module\( \+\)AsyncValidSync/module\1AsyncValidSync_TestHarness_UNIQUIFIED/' /work/chipyard/sims/verilator/generated-src/chipyard.harness.TestHarness.Baseline8CoreConfig/gen-collateral/AsyncValidSync_TestHarness_UNIQUIFIED.sv
sed -i 's/module\( \+\)AsyncValidSync/module\1AsyncValidSync_TestHarness_UNIQUIFIED/' /work/chipyard/sims/verilator/generated-src/chipyard.harness.TestHarness.Baseline8CoreConfig/gen-collateral/AsyncValidSync_TestHarness_UNIQUIFIED.sv
sed -i 's/module\( \+\)AsyncValidSync/module\1AsyncValidSync_TestHarness_UNIQUIFIED/' /work/chipyard/sims/verilator/generated-src/chipyard.harness.TestHarness.Baseline8CoreConfig/gen-collateral/AsyncValidSync_TestHarness_UNIQUIFIED.sv
sed -i 's/module\( \+\)AsyncResetSynchronizerShiftReg_w4_d3_i0/module\1AsyncResetSynchronizerShiftReg_w4_d3_i0_TestHarness_UNIQUIFIED/' /work/chipyard/sims/verilator/generated-src/chipyard.harness.TestHarness.Baseline8CoreConfig/gen-collateral/AsyncResetSynchronizerShiftReg_w4_d3_i0_TestHarness_UNIQUIFIED.sv
sed -i 's/module\( \+\)ClockCrossingReg_w32/module\1ClockCrossingReg_w32_TestHarness_UNIQUIFIED/' /work/chipyard/sims/verilator/generated-src/chipyard.harness.TestHarness.Baseline8CoreConfig/gen-collateral/ClockCrossingReg_w32_TestHarness_UNIQUIFIED.sv
sed -i 's/module\( \+\)AsyncValidSync/module\1AsyncValidSync_TestHarness_UNIQUIFIED/' /work/chipyard/sims/verilator/generated-src/chipyard.harness.TestHarness.Baseline8CoreConfig/gen-collateral/AsyncValidSync_TestHarness_UNIQUIFIED.sv
sed -i 's/module\( \+\)AsyncValidSync/module\1AsyncValidSync_TestHarness_UNIQUIFIED/' /work/chipyard/sims/verilator/generated-src/chipyard.harness.TestHarness.Baseline8CoreConfig/gen-collateral/AsyncValidSync_TestHarness_UNIQUIFIED.sv
sed -i 's/module\( \+\)AsyncValidSync/module\1AsyncValidSync_TestHarness_UNIQUIFIED/' /work/chipyard/sims/verilator/generated-src/chipyard.harness.TestHarness.Baseline8CoreConfig/gen-collateral/AsyncValidSync_TestHarness_UNIQUIFIED.sv
sed -i 's/module\( \+\)AsyncValidSync/module\1AsyncValidSync_TestHarness_UNIQUIFIED/' /work/chipyard/sims/verilator/generated-src/chipyard.harness.TestHarness.Baseline8CoreConfig/gen-collateral/AsyncValidSync_TestHarness_UNIQUIFIED.sv
sed -i 's/module\( \+\)AsyncResetSynchronizerShiftReg_w4_d3_i0/module\1AsyncResetSynchronizerShiftReg_w4_d3_i0_TestHarness_UNIQUIFIED/' /work/chipyard/sims/verilator/generated-src/chipyard.harness.TestHarness.Baseline8CoreConfig/gen-collateral/AsyncResetSynchronizerShiftReg_w4_d3_i0_TestHarness_UNIQUIFIED.sv
sed -i 's/module\( \+\)AsyncValidSync/module\1AsyncValidSync_TestHarness_UNIQUIFIED/' /work/chipyard/sims/verilator/generated-src/chipyard.harness.TestHarness.Baseline8CoreConfig/gen-collateral/AsyncValidSync_TestHarness_UNIQUIFIED.sv
sed -i 's/module\( \+\)AsyncValidSync/module\1AsyncValidSync_TestHarness_UNIQUIFIED/' /work/chipyard/sims/verilator/generated-src/chipyard.harness.TestHarness.Baseline8CoreConfig/gen-collateral/AsyncValidSync_TestHarness_UNIQUIFIED.sv
sed -i 's/module\( \+\)AsyncValidSync/module\1AsyncValidSync_TestHarness_UNIQUIFIED/' /work/chipyard/sims/verilator/generated-src/chipyard.harness.TestHarness.Baseline8CoreConfig/gen-collateral/AsyncValidSync_TestHarness_UNIQUIFIED.sv
sed -i 's/module\( \+\)AsyncValidSync/module\1AsyncValidSync_TestHarness_UNIQUIFIED/' /work/chipyard/sims/verilator/generated-src/chipyard.harness.TestHarness.Baseline8CoreConfig/gen-collateral/AsyncValidSync_TestHarness_UNIQUIFIED.sv
sed -i 's/module\( \+\)AsyncResetSynchronizerShiftReg_w4_d3_i0/module\1AsyncResetSynchronizerShiftReg_w4_d3_i0_TestHarness_UNIQUIFIED/' /work/chipyard/sims/verilator/generated-src/chipyard.harness.TestHarness.Baseline8CoreConfig/gen-collateral/AsyncResetSynchronizerShiftReg_w4_d3_i0_TestHarness_UNIQUIFIED.sv
sed -i 's/module\( \+\)ClockCrossingReg_w32/module\1ClockCrossingReg_w32_TestHarness_UNIQUIFIED/' /work/chipyard/sims/verilator/generated-src/chipyard.harness.TestHarness.Baseline8CoreConfig/gen-collateral/ClockCrossingReg_w32_TestHarness_UNIQUIFIED.sv
sed -i 's/module\( \+\)AsyncValidSync/module\1AsyncValidSync_TestHarness_UNIQUIFIED/' /work/chipyard/sims/verilator/generated-src/chipyard.harness.TestHarness.Baseline8CoreConfig/gen-collateral/AsyncValidSync_TestHarness_UNIQUIFIED.sv
sed -i 's/module\( \+\)AsyncValidSync/module\1AsyncValidSync_TestHarness_UNIQUIFIED/' /work/chipyard/sims/verilator/generated-src/chipyard.harness.TestHarness.Baseline8CoreConfig/gen-collateral/AsyncValidSync_TestHarness_UNIQUIFIED.sv
sed -i 's/module\( \+\)AsyncValidSync/module\1AsyncValidSync_TestHarness_UNIQUIFIED/' /work/chipyard/sims/verilator/generated-src/chipyard.harness.TestHarness.Baseline8CoreConfig/gen-collateral/AsyncValidSync_TestHarness_UNIQUIFIED.sv
sed -i 's/module\( \+\)AsyncValidSync/module\1AsyncValidSync_TestHarness_UNIQUIFIED/' /work/chipyard/sims/verilator/generated-src/chipyard.harness.TestHarness.Baseline8CoreConfig/gen-collateral/AsyncValidSync_TestHarness_UNIQUIFIED.sv
sed -i 's/module\( \+\)AsyncResetSynchronizerPrimitiveShiftReg_d3_i0/module\1AsyncResetSynchronizerPrimitiveShiftReg_d3_i0_TestHarness_UNIQUIFIED/' /work/chipyard/sims/verilator/generated-src/chipyard.harness.TestHarness.Baseline8CoreConfig/gen-collateral/AsyncResetSynchronizerPrimitiveShiftReg_d3_i0_TestHarness_UNIQUIFIED.sv
sed -i 's/\( \*\)AsyncResetSynchronizerPrimitiveShiftReg_d3_i0\( \+\)/\1AsyncResetSynchronizerPrimitiveShiftReg_d3_i0_TestHarness_UNIQUIFIED\2/' /work/chipyard/sims/verilator/generated-src/chipyard.harness.TestHarness.Baseline8CoreConfig/gen-collateral/AsyncResetSynchronizerShiftReg_w4_d3_i0_TestHarness_UNIQUIFIED.sv
sed -i 's/module\( \+\)AsyncResetSynchronizerPrimitiveShiftReg_d3_i0/module\1AsyncResetSynchronizerPrimitiveShiftReg_d3_i0_TestHarness_UNIQUIFIED/' /work/chipyard/sims/verilator/generated-src/chipyard.harness.TestHarness.Baseline8CoreConfig/gen-collateral/AsyncResetSynchronizerPrimitiveShiftReg_d3_i0_TestHarness_UNIQUIFIED.sv
sed -i 's/module\( \+\)AsyncResetSynchronizerPrimitiveShiftReg_d3_i0/module\1AsyncResetSynchronizerPrimitiveShiftReg_d3_i0_TestHarness_UNIQUIFIED/' /work/chipyard/sims/verilator/generated-src/chipyard.harness.TestHarness.Baseline8CoreConfig/gen-collateral/AsyncResetSynchronizerPrimitiveShiftReg_d3_i0_TestHarness_UNIQUIFIED.sv
sed -i 's/module\( \+\)AsyncResetSynchronizerPrimitiveShiftReg_d3_i0/module\1AsyncResetSynchronizerPrimitiveShiftReg_d3_i0_TestHarness_UNIQUIFIED/' /work/chipyard/sims/verilator/generated-src/chipyard.harness.TestHarness.Baseline8CoreConfig/gen-collateral/AsyncResetSynchronizerPrimitiveShiftReg_d3_i0_TestHarness_UNIQUIFIED.sv
sed -i 's/module\( \+\)AsyncResetSynchronizerShiftReg_w1_d3_i0_1/module\1AsyncResetSynchronizerShiftReg_w1_d3_i0_1_TestHarness_UNIQUIFIED/' /work/chipyard/sims/verilator/generated-src/chipyard.harness.TestHarness.Baseline8CoreConfig/gen-collateral/AsyncResetSynchronizerShiftReg_w1_d3_i0_1_TestHarness_UNIQUIFIED.sv
sed -i 's/\( \*\)AsyncResetSynchronizerShiftReg_w1_d3_i0_1\( \+\)/\1AsyncResetSynchronizerShiftReg_w1_d3_i0_1_TestHarness_UNIQUIFIED\2/' /work/chipyard/sims/verilator/generated-src/chipyard.harness.TestHarness.Baseline8CoreConfig/gen-collateral/AsyncValidSync_TestHarness_UNIQUIFIED.sv
sed -i 's/module\( \+\)AsyncResetSynchronizerShiftReg_w1_d3_i0_1/module\1AsyncResetSynchronizerShiftReg_w1_d3_i0_1_TestHarness_UNIQUIFIED/' /work/chipyard/sims/verilator/generated-src/chipyard.harness.TestHarness.Baseline8CoreConfig/gen-collateral/AsyncResetSynchronizerShiftReg_w1_d3_i0_1_TestHarness_UNIQUIFIED.sv
sed -i 's/module\( \+\)AsyncResetSynchronizerShiftReg_w1_d3_i0_1/module\1AsyncResetSynchronizerShiftReg_w1_d3_i0_1_TestHarness_UNIQUIFIED/' /work/chipyard/sims/verilator/generated-src/chipyard.harness.TestHarness.Baseline8CoreConfig/gen-collateral/AsyncResetSynchronizerShiftReg_w1_d3_i0_1_TestHarness_UNIQUIFIED.sv
sed -i 's/module\( \+\)AsyncResetSynchronizerShiftReg_w1_d3_i0_1/module\1AsyncResetSynchronizerShiftReg_w1_d3_i0_1_TestHarness_UNIQUIFIED/' /work/chipyard/sims/verilator/generated-src/chipyard.harness.TestHarness.Baseline8CoreConfig/gen-collateral/AsyncResetSynchronizerShiftReg_w1_d3_i0_1_TestHarness_UNIQUIFIED.sv
sed -i 's/module\( \+\)AsyncResetSynchronizerPrimitiveShiftReg_d3_i0/module\1AsyncResetSynchronizerPrimitiveShiftReg_d3_i0_TestHarness_UNIQUIFIED/' /work/chipyard/sims/verilator/generated-src/chipyard.harness.TestHarness.Baseline8CoreConfig/gen-collateral/AsyncResetSynchronizerPrimitiveShiftReg_d3_i0_TestHarness_UNIQUIFIED.sv
sed -i 's/module\( \+\)AsyncResetSynchronizerPrimitiveShiftReg_d3_i0/module\1AsyncResetSynchronizerPrimitiveShiftReg_d3_i0_TestHarness_UNIQUIFIED/' /work/chipyard/sims/verilator/generated-src/chipyard.harness.TestHarness.Baseline8CoreConfig/gen-collateral/AsyncResetSynchronizerPrimitiveShiftReg_d3_i0_TestHarness_UNIQUIFIED.sv
sed -i 's/module\( \+\)AsyncResetSynchronizerPrimitiveShiftReg_d3_i0/module\1AsyncResetSynchronizerPrimitiveShiftReg_d3_i0_TestHarness_UNIQUIFIED/' /work/chipyard/sims/verilator/generated-src/chipyard.harness.TestHarness.Baseline8CoreConfig/gen-collateral/AsyncResetSynchronizerPrimitiveShiftReg_d3_i0_TestHarness_UNIQUIFIED.sv
sed -i 's/module\( \+\)AsyncResetSynchronizerPrimitiveShiftReg_d3_i0/module\1AsyncResetSynchronizerPrimitiveShiftReg_d3_i0_TestHarness_UNIQUIFIED/' /work/chipyard/sims/verilator/generated-src/chipyard.harness.TestHarness.Baseline8CoreConfig/gen-collateral/AsyncResetSynchronizerPrimitiveShiftReg_d3_i0_TestHarness_UNIQUIFIED.sv
sed -i 's/module\( \+\)AsyncResetSynchronizerShiftReg_w1_d3_i0_1/module\1AsyncResetSynchronizerShiftReg_w1_d3_i0_1_TestHarness_UNIQUIFIED/' /work/chipyard/sims/verilator/generated-src/chipyard.harness.TestHarness.Baseline8CoreConfig/gen-collateral/AsyncResetSynchronizerShiftReg_w1_d3_i0_1_TestHarness_UNIQUIFIED.sv
sed -i 's/module\( \+\)AsyncResetSynchronizerShiftReg_w1_d3_i0_1/module\1AsyncResetSynchronizerShiftReg_w1_d3_i0_1_TestHarness_UNIQUIFIED/' /work/chipyard/sims/verilator/generated-src/chipyard.harness.TestHarness.Baseline8CoreConfig/gen-collateral/AsyncResetSynchronizerShiftReg_w1_d3_i0_1_TestHarness_UNIQUIFIED.sv
sed -i 's/module\( \+\)AsyncResetSynchronizerShiftReg_w1_d3_i0_1/module\1AsyncResetSynchronizerShiftReg_w1_d3_i0_1_TestHarness_UNIQUIFIED/' /work/chipyard/sims/verilator/generated-src/chipyard.harness.TestHarness.Baseline8CoreConfig/gen-collateral/AsyncResetSynchronizerShiftReg_w1_d3_i0_1_TestHarness_UNIQUIFIED.sv
sed -i 's/module\( \+\)AsyncResetSynchronizerShiftReg_w1_d3_i0_1/module\1AsyncResetSynchronizerShiftReg_w1_d3_i0_1_TestHarness_UNIQUIFIED/' /work/chipyard/sims/verilator/generated-src/chipyard.harness.TestHarness.Baseline8CoreConfig/gen-collateral/AsyncResetSynchronizerShiftReg_w1_d3_i0_1_TestHarness_UNIQUIFIED.sv
sed -i 's/module\( \+\)AsyncResetSynchronizerPrimitiveShiftReg_d3_i0/module\1AsyncResetSynchronizerPrimitiveShiftReg_d3_i0_TestHarness_UNIQUIFIED/' /work/chipyard/sims/verilator/generated-src/chipyard.harness.TestHarness.Baseline8CoreConfig/gen-collateral/AsyncResetSynchronizerPrimitiveShiftReg_d3_i0_TestHarness_UNIQUIFIED.sv
sed -i 's/module\( \+\)AsyncResetSynchronizerPrimitiveShiftReg_d3_i0/module\1AsyncResetSynchronizerPrimitiveShiftReg_d3_i0_TestHarness_UNIQUIFIED/' /work/chipyard/sims/verilator/generated-src/chipyard.harness.TestHarness.Baseline8CoreConfig/gen-collateral/AsyncResetSynchronizerPrimitiveShiftReg_d3_i0_TestHarness_UNIQUIFIED.sv
sed -i 's/module\( \+\)AsyncResetSynchronizerPrimitiveShiftReg_d3_i0/module\1AsyncResetSynchronizerPrimitiveShiftReg_d3_i0_TestHarness_UNIQUIFIED/' /work/chipyard/sims/verilator/generated-src/chipyard.harness.TestHarness.Baseline8CoreConfig/gen-collateral/AsyncResetSynchronizerPrimitiveShiftReg_d3_i0_TestHarness_UNIQUIFIED.sv
sed -i 's/module\( \+\)AsyncResetSynchronizerPrimitiveShiftReg_d3_i0/module\1AsyncResetSynchronizerPrimitiveShiftReg_d3_i0_TestHarness_UNIQUIFIED/' /work/chipyard/sims/verilator/generated-src/chipyard.harness.TestHarness.Baseline8CoreConfig/gen-collateral/AsyncResetSynchronizerPrimitiveShiftReg_d3_i0_TestHarness_UNIQUIFIED.sv
sed -i 's/module\( \+\)AsyncResetSynchronizerShiftReg_w1_d3_i0_1/module\1AsyncResetSynchronizerShiftReg_w1_d3_i0_1_TestHarness_UNIQUIFIED/' /work/chipyard/sims/verilator/generated-src/chipyard.harness.TestHarness.Baseline8CoreConfig/gen-collateral/AsyncResetSynchronizerShiftReg_w1_d3_i0_1_TestHarness_UNIQUIFIED.sv
sed -i 's/module\( \+\)AsyncResetSynchronizerShiftReg_w1_d3_i0_1/module\1AsyncResetSynchronizerShiftReg_w1_d3_i0_1_TestHarness_UNIQUIFIED/' /work/chipyard/sims/verilator/generated-src/chipyard.harness.TestHarness.Baseline8CoreConfig/gen-collateral/AsyncResetSynchronizerShiftReg_w1_d3_i0_1_TestHarness_UNIQUIFIED.sv
sed -i 's/module\( \+\)AsyncResetSynchronizerShiftReg_w1_d3_i0_1/module\1AsyncResetSynchronizerShiftReg_w1_d3_i0_1_TestHarness_UNIQUIFIED/' /work/chipyard/sims/verilator/generated-src/chipyard.harness.TestHarness.Baseline8CoreConfig/gen-collateral/AsyncResetSynchronizerShiftReg_w1_d3_i0_1_TestHarness_UNIQUIFIED.sv
sed -i 's/module\( \+\)AsyncResetSynchronizerShiftReg_w1_d3_i0_1/module\1AsyncResetSynchronizerShiftReg_w1_d3_i0_1_TestHarness_UNIQUIFIED/' /work/chipyard/sims/verilator/generated-src/chipyard.harness.TestHarness.Baseline8CoreConfig/gen-collateral/AsyncResetSynchronizerShiftReg_w1_d3_i0_1_TestHarness_UNIQUIFIED.sv
sed -i 's/module\( \+\)AsyncResetSynchronizerPrimitiveShiftReg_d3_i0/module\1AsyncResetSynchronizerPrimitiveShiftReg_d3_i0_TestHarness_UNIQUIFIED/' /work/chipyard/sims/verilator/generated-src/chipyard.harness.TestHarness.Baseline8CoreConfig/gen-collateral/AsyncResetSynchronizerPrimitiveShiftReg_d3_i0_TestHarness_UNIQUIFIED.sv
sed -i 's/module\( \+\)AsyncResetSynchronizerPrimitiveShiftReg_d3_i0/module\1AsyncResetSynchronizerPrimitiveShiftReg_d3_i0_TestHarness_UNIQUIFIED/' /work/chipyard/sims/verilator/generated-src/chipyard.harness.TestHarness.Baseline8CoreConfig/gen-collateral/AsyncResetSynchronizerPrimitiveShiftReg_d3_i0_TestHarness_UNIQUIFIED.sv
sed -i 's/module\( \+\)AsyncResetSynchronizerPrimitiveShiftReg_d3_i0/module\1AsyncResetSynchronizerPrimitiveShiftReg_d3_i0_TestHarness_UNIQUIFIED/' /work/chipyard/sims/verilator/generated-src/chipyard.harness.TestHarness.Baseline8CoreConfig/gen-collateral/AsyncResetSynchronizerPrimitiveShiftReg_d3_i0_TestHarness_UNIQUIFIED.sv
sed -i 's/module\( \+\)AsyncResetSynchronizerPrimitiveShiftReg_d3_i0/module\1AsyncResetSynchronizerPrimitiveShiftReg_d3_i0_TestHarness_UNIQUIFIED/' /work/chipyard/sims/verilator/generated-src/chipyard.harness.TestHarness.Baseline8CoreConfig/gen-collateral/AsyncResetSynchronizerPrimitiveShiftReg_d3_i0_TestHarness_UNIQUIFIED.sv
sed -i 's/module\( \+\)AsyncResetSynchronizerShiftReg_w1_d3_i0_1/module\1AsyncResetSynchronizerShiftReg_w1_d3_i0_1_TestHarness_UNIQUIFIED/' /work/chipyard/sims/verilator/generated-src/chipyard.harness.TestHarness.Baseline8CoreConfig/gen-collateral/AsyncResetSynchronizerShiftReg_w1_d3_i0_1_TestHarness_UNIQUIFIED.sv
sed -i 's/module\( \+\)AsyncResetSynchronizerShiftReg_w1_d3_i0_1/module\1AsyncResetSynchronizerShiftReg_w1_d3_i0_1_TestHarness_UNIQUIFIED/' /work/chipyard/sims/verilator/generated-src/chipyard.harness.TestHarness.Baseline8CoreConfig/gen-collateral/AsyncResetSynchronizerShiftReg_w1_d3_i0_1_TestHarness_UNIQUIFIED.sv
sed -i 's/module\( \+\)AsyncResetSynchronizerShiftReg_w1_d3_i0_1/module\1AsyncResetSynchronizerShiftReg_w1_d3_i0_1_TestHarness_UNIQUIFIED/' /work/chipyard/sims/verilator/generated-src/chipyard.harness.TestHarness.Baseline8CoreConfig/gen-collateral/AsyncResetSynchronizerShiftReg_w1_d3_i0_1_TestHarness_UNIQUIFIED.sv
sed -i 's/module\( \+\)AsyncResetSynchronizerShiftReg_w1_d3_i0_1/module\1AsyncResetSynchronizerShiftReg_w1_d3_i0_1_TestHarness_UNIQUIFIED/' /work/chipyard/sims/verilator/generated-src/chipyard.harness.TestHarness.Baseline8CoreConfig/gen-collateral/AsyncResetSynchronizerShiftReg_w1_d3_i0_1_TestHarness_UNIQUIFIED.sv
sed -i 's/module\( \+\)AsyncResetSynchronizerPrimitiveShiftReg_d3_i0/module\1AsyncResetSynchronizerPrimitiveShiftReg_d3_i0_TestHarness_UNIQUIFIED/' /work/chipyard/sims/verilator/generated-src/chipyard.harness.TestHarness.Baseline8CoreConfig/gen-collateral/AsyncResetSynchronizerPrimitiveShiftReg_d3_i0_TestHarness_UNIQUIFIED.sv
sed -i 's/module\( \+\)AsyncResetSynchronizerPrimitiveShiftReg_d3_i0/module\1AsyncResetSynchronizerPrimitiveShiftReg_d3_i0_TestHarness_UNIQUIFIED/' /work/chipyard/sims/verilator/generated-src/chipyard.harness.TestHarness.Baseline8CoreConfig/gen-collateral/AsyncResetSynchronizerPrimitiveShiftReg_d3_i0_TestHarness_UNIQUIFIED.sv
sed -i 's/module\( \+\)AsyncResetSynchronizerPrimitiveShiftReg_d3_i0/module\1AsyncResetSynchronizerPrimitiveShiftReg_d3_i0_TestHarness_UNIQUIFIED/' /work/chipyard/sims/verilator/generated-src/chipyard.harness.TestHarness.Baseline8CoreConfig/gen-collateral/AsyncResetSynchronizerPrimitiveShiftReg_d3_i0_TestHarness_UNIQUIFIED.sv
sed -i 's/module\( \+\)AsyncResetSynchronizerPrimitiveShiftReg_d3_i0/module\1AsyncResetSynchronizerPrimitiveShiftReg_d3_i0_TestHarness_UNIQUIFIED/' /work/chipyard/sims/verilator/generated-src/chipyard.harness.TestHarness.Baseline8CoreConfig/gen-collateral/AsyncResetSynchronizerPrimitiveShiftReg_d3_i0_TestHarness_UNIQUIFIED.sv
sed -i 's/module\( \+\)AsyncResetSynchronizerShiftReg_w1_d3_i0_1/module\1AsyncResetSynchronizerShiftReg_w1_d3_i0_1_TestHarness_UNIQUIFIED/' /work/chipyard/sims/verilator/generated-src/chipyard.harness.TestHarness.Baseline8CoreConfig/gen-collateral/AsyncResetSynchronizerShiftReg_w1_d3_i0_1_TestHarness_UNIQUIFIED.sv
sed -i 's/module\( \+\)AsyncResetSynchronizerShiftReg_w1_d3_i0_1/module\1AsyncResetSynchronizerShiftReg_w1_d3_i0_1_TestHarness_UNIQUIFIED/' /work/chipyard/sims/verilator/generated-src/chipyard.harness.TestHarness.Baseline8CoreConfig/gen-collateral/AsyncResetSynchronizerShiftReg_w1_d3_i0_1_TestHarness_UNIQUIFIED.sv
sed -i 's/module\( \+\)AsyncResetSynchronizerShiftReg_w1_d3_i0_1/module\1AsyncResetSynchronizerShiftReg_w1_d3_i0_1_TestHarness_UNIQUIFIED/' /work/chipyard/sims/verilator/generated-src/chipyard.harness.TestHarness.Baseline8CoreConfig/gen-collateral/AsyncResetSynchronizerShiftReg_w1_d3_i0_1_TestHarness_UNIQUIFIED.sv
sed -i 's/module\( \+\)AsyncResetSynchronizerShiftReg_w1_d3_i0_1/module\1AsyncResetSynchronizerShiftReg_w1_d3_i0_1_TestHarness_UNIQUIFIED/' /work/chipyard/sims/verilator/generated-src/chipyard.harness.TestHarness.Baseline8CoreConfig/gen-collateral/AsyncResetSynchronizerShiftReg_w1_d3_i0_1_TestHarness_UNIQUIFIED.sv
sed -i 's/module\( \+\)AsyncResetSynchronizerPrimitiveShiftReg_d3_i0/module\1AsyncResetSynchronizerPrimitiveShiftReg_d3_i0_TestHarness_UNIQUIFIED/' /work/chipyard/sims/verilator/generated-src/chipyard.harness.TestHarness.Baseline8CoreConfig/gen-collateral/AsyncResetSynchronizerPrimitiveShiftReg_d3_i0_TestHarness_UNIQUIFIED.sv
sed -i 's/module\( \+\)AsyncResetSynchronizerPrimitiveShiftReg_d3_i0/module\1AsyncResetSynchronizerPrimitiveShiftReg_d3_i0_TestHarness_UNIQUIFIED/' /work/chipyard/sims/verilator/generated-src/chipyard.harness.TestHarness.Baseline8CoreConfig/gen-collateral/AsyncResetSynchronizerPrimitiveShiftReg_d3_i0_TestHarness_UNIQUIFIED.sv
sed -i 's/module\( \+\)AsyncResetSynchronizerPrimitiveShiftReg_d3_i0/module\1AsyncResetSynchronizerPrimitiveShiftReg_d3_i0_TestHarness_UNIQUIFIED/' /work/chipyard/sims/verilator/generated-src/chipyard.harness.TestHarness.Baseline8CoreConfig/gen-collateral/AsyncResetSynchronizerPrimitiveShiftReg_d3_i0_TestHarness_UNIQUIFIED.sv
sed -i 's/module\( \+\)AsyncResetSynchronizerPrimitiveShiftReg_d3_i0/module\1AsyncResetSynchronizerPrimitiveShiftReg_d3_i0_TestHarness_UNIQUIFIED/' /work/chipyard/sims/verilator/generated-src/chipyard.harness.TestHarness.Baseline8CoreConfig/gen-collateral/AsyncResetSynchronizerPrimitiveShiftReg_d3_i0_TestHarness_UNIQUIFIED.sv
sed -i 's/module\( \+\)AsyncResetSynchronizerShiftReg_w1_d3_i0_1/module\1AsyncResetSynchronizerShiftReg_w1_d3_i0_1_TestHarness_UNIQUIFIED/' /work/chipyard/sims/verilator/generated-src/chipyard.harness.TestHarness.Baseline8CoreConfig/gen-collateral/AsyncResetSynchronizerShiftReg_w1_d3_i0_1_TestHarness_UNIQUIFIED.sv
sed -i 's/module\( \+\)AsyncResetSynchronizerShiftReg_w1_d3_i0_1/module\1AsyncResetSynchronizerShiftReg_w1_d3_i0_1_TestHarness_UNIQUIFIED/' /work/chipyard/sims/verilator/generated-src/chipyard.harness.TestHarness.Baseline8CoreConfig/gen-collateral/AsyncResetSynchronizerShiftReg_w1_d3_i0_1_TestHarness_UNIQUIFIED.sv
sed -i 's/module\( \+\)AsyncResetSynchronizerShiftReg_w1_d3_i0_1/module\1AsyncResetSynchronizerShiftReg_w1_d3_i0_1_TestHarness_UNIQUIFIED/' /work/chipyard/sims/verilator/generated-src/chipyard.harness.TestHarness.Baseline8CoreConfig/gen-collateral/AsyncResetSynchronizerShiftReg_w1_d3_i0_1_TestHarness_UNIQUIFIED.sv
sed -i 's/module\( \+\)AsyncResetSynchronizerShiftReg_w1_d3_i0_1/module\1AsyncResetSynchronizerShiftReg_w1_d3_i0_1_TestHarness_UNIQUIFIED/' /work/chipyard/sims/verilator/generated-src/chipyard.harness.TestHarness.Baseline8CoreConfig/gen-collateral/AsyncResetSynchronizerShiftReg_w1_d3_i0_1_TestHarness_UNIQUIFIED.sv
sed -i 's/module\( \+\)AsyncResetSynchronizerPrimitiveShiftReg_d3_i0/module\1AsyncResetSynchronizerPrimitiveShiftReg_d3_i0_TestHarness_UNIQUIFIED/' /work/chipyard/sims/verilator/generated-src/chipyard.harness.TestHarness.Baseline8CoreConfig/gen-collateral/AsyncResetSynchronizerPrimitiveShiftReg_d3_i0_TestHarness_UNIQUIFIED.sv
sed -i 's/module\( \+\)AsyncResetSynchronizerPrimitiveShiftReg_d3_i0/module\1AsyncResetSynchronizerPrimitiveShiftReg_d3_i0_TestHarness_UNIQUIFIED/' /work/chipyard/sims/verilator/generated-src/chipyard.harness.TestHarness.Baseline8CoreConfig/gen-collateral/AsyncResetSynchronizerPrimitiveShiftReg_d3_i0_TestHarness_UNIQUIFIED.sv
sed -i 's/module\( \+\)AsyncResetSynchronizerPrimitiveShiftReg_d3_i0/module\1AsyncResetSynchronizerPrimitiveShiftReg_d3_i0_TestHarness_UNIQUIFIED/' /work/chipyard/sims/verilator/generated-src/chipyard.harness.TestHarness.Baseline8CoreConfig/gen-collateral/AsyncResetSynchronizerPrimitiveShiftReg_d3_i0_TestHarness_UNIQUIFIED.sv
sed -i 's/module\( \+\)AsyncResetSynchronizerPrimitiveShiftReg_d3_i0/module\1AsyncResetSynchronizerPrimitiveShiftReg_d3_i0_TestHarness_UNIQUIFIED/' /work/chipyard/sims/verilator/generated-src/chipyard.harness.TestHarness.Baseline8CoreConfig/gen-collateral/AsyncResetSynchronizerPrimitiveShiftReg_d3_i0_TestHarness_UNIQUIFIED.sv
sed -i 's/module\( \+\)AsyncResetSynchronizerShiftReg_w1_d3_i0_1/module\1AsyncResetSynchronizerShiftReg_w1_d3_i0_1_TestHarness_UNIQUIFIED/' /work/chipyard/sims/verilator/generated-src/chipyard.harness.TestHarness.Baseline8CoreConfig/gen-collateral/AsyncResetSynchronizerShiftReg_w1_d3_i0_1_TestHarness_UNIQUIFIED.sv
sed -i 's/module\( \+\)AsyncResetSynchronizerShiftReg_w1_d3_i0_1/module\1AsyncResetSynchronizerShiftReg_w1_d3_i0_1_TestHarness_UNIQUIFIED/' /work/chipyard/sims/verilator/generated-src/chipyard.harness.TestHarness.Baseline8CoreConfig/gen-collateral/AsyncResetSynchronizerShiftReg_w1_d3_i0_1_TestHarness_UNIQUIFIED.sv
sed -i 's/module\( \+\)AsyncResetSynchronizerShiftReg_w1_d3_i0_1/module\1AsyncResetSynchronizerShiftReg_w1_d3_i0_1_TestHarness_UNIQUIFIED/' /work/chipyard/sims/verilator/generated-src/chipyard.harness.TestHarness.Baseline8CoreConfig/gen-collateral/AsyncResetSynchronizerShiftReg_w1_d3_i0_1_TestHarness_UNIQUIFIED.sv
sed -i 's/module\( \+\)AsyncResetSynchronizerShiftReg_w1_d3_i0_1/module\1AsyncResetSynchronizerShiftReg_w1_d3_i0_1_TestHarness_UNIQUIFIED/' /work/chipyard/sims/verilator/generated-src/chipyard.harness.TestHarness.Baseline8CoreConfig/gen-collateral/AsyncResetSynchronizerShiftReg_w1_d3_i0_1_TestHarness_UNIQUIFIED.sv
sed -i 's/module\( \+\)AsyncResetSynchronizerPrimitiveShiftReg_d3_i0/module\1AsyncResetSynchronizerPrimitiveShiftReg_d3_i0_TestHarness_UNIQUIFIED/' /work/chipyard/sims/verilator/generated-src/chipyard.harness.TestHarness.Baseline8CoreConfig/gen-collateral/AsyncResetSynchronizerPrimitiveShiftReg_d3_i0_TestHarness_UNIQUIFIED.sv
sed -i 's/module\( \+\)AsyncResetSynchronizerPrimitiveShiftReg_d3_i0/module\1AsyncResetSynchronizerPrimitiveShiftReg_d3_i0_TestHarness_UNIQUIFIED/' /work/chipyard/sims/verilator/generated-src/chipyard.harness.TestHarness.Baseline8CoreConfig/gen-collateral/AsyncResetSynchronizerPrimitiveShiftReg_d3_i0_TestHarness_UNIQUIFIED.sv
sed -i 's/module\( \+\)AsyncResetSynchronizerPrimitiveShiftReg_d3_i0/module\1AsyncResetSynchronizerPrimitiveShiftReg_d3_i0_TestHarness_UNIQUIFIED/' /work/chipyard/sims/verilator/generated-src/chipyard.harness.TestHarness.Baseline8CoreConfig/gen-collateral/AsyncResetSynchronizerPrimitiveShiftReg_d3_i0_TestHarness_UNIQUIFIED.sv
sed -i 's/module\( \+\)AsyncResetSynchronizerPrimitiveShiftReg_d3_i0/module\1AsyncResetSynchronizerPrimitiveShiftReg_d3_i0_TestHarness_UNIQUIFIED/' /work/chipyard/sims/verilator/generated-src/chipyard.harness.TestHarness.Baseline8CoreConfig/gen-collateral/AsyncResetSynchronizerPrimitiveShiftReg_d3_i0_TestHarness_UNIQUIFIED.sv
sed -i 's/module\( \+\)AsyncResetSynchronizerShiftReg_w1_d3_i0_1/module\1AsyncResetSynchronizerShiftReg_w1_d3_i0_1_TestHarness_UNIQUIFIED/' /work/chipyard/sims/verilator/generated-src/chipyard.harness.TestHarness.Baseline8CoreConfig/gen-collateral/AsyncResetSynchronizerShiftReg_w1_d3_i0_1_TestHarness_UNIQUIFIED.sv
sed -i 's/module\( \+\)AsyncResetSynchronizerShiftReg_w1_d3_i0_1/module\1AsyncResetSynchronizerShiftReg_w1_d3_i0_1_TestHarness_UNIQUIFIED/' /work/chipyard/sims/verilator/generated-src/chipyard.harness.TestHarness.Baseline8CoreConfig/gen-collateral/AsyncResetSynchronizerShiftReg_w1_d3_i0_1_TestHarness_UNIQUIFIED.sv
sed -i 's/module\( \+\)AsyncResetSynchronizerShiftReg_w1_d3_i0_1/module\1AsyncResetSynchronizerShiftReg_w1_d3_i0_1_TestHarness_UNIQUIFIED/' /work/chipyard/sims/verilator/generated-src/chipyard.harness.TestHarness.Baseline8CoreConfig/gen-collateral/AsyncResetSynchronizerShiftReg_w1_d3_i0_1_TestHarness_UNIQUIFIED.sv
sed -i 's/module\( \+\)AsyncResetSynchronizerShiftReg_w1_d3_i0_1/module\1AsyncResetSynchronizerShiftReg_w1_d3_i0_1_TestHarness_UNIQUIFIED/' /work/chipyard/sims/verilator/generated-src/chipyard.harness.TestHarness.Baseline8CoreConfig/gen-collateral/AsyncResetSynchronizerShiftReg_w1_d3_i0_1_TestHarness_UNIQUIFIED.sv
sed -i 's/module\( \+\)AsyncResetSynchronizerPrimitiveShiftReg_d3_i0/module\1AsyncResetSynchronizerPrimitiveShiftReg_d3_i0_TestHarness_UNIQUIFIED/' /work/chipyard/sims/verilator/generated-src/chipyard.harness.TestHarness.Baseline8CoreConfig/gen-collateral/AsyncResetSynchronizerPrimitiveShiftReg_d3_i0_TestHarness_UNIQUIFIED.sv
sed -i 's/module\( \+\)AsyncResetSynchronizerPrimitiveShiftReg_d3_i0/module\1AsyncResetSynchronizerPrimitiveShiftReg_d3_i0_TestHarness_UNIQUIFIED/' /work/chipyard/sims/verilator/generated-src/chipyard.harness.TestHarness.Baseline8CoreConfig/gen-collateral/AsyncResetSynchronizerPrimitiveShiftReg_d3_i0_TestHarness_UNIQUIFIED.sv
sed -i 's/module\( \+\)AsyncResetSynchronizerPrimitiveShiftReg_d3_i0/module\1AsyncResetSynchronizerPrimitiveShiftReg_d3_i0_TestHarness_UNIQUIFIED/' /work/chipyard/sims/verilator/generated-src/chipyard.harness.TestHarness.Baseline8CoreConfig/gen-collateral/AsyncResetSynchronizerPrimitiveShiftReg_d3_i0_TestHarness_UNIQUIFIED.sv
sed -i 's/module\( \+\)AsyncResetSynchronizerPrimitiveShiftReg_d3_i0/module\1AsyncResetSynchronizerPrimitiveShiftReg_d3_i0_TestHarness_UNIQUIFIED/' /work/chipyard/sims/verilator/generated-src/chipyard.harness.TestHarness.Baseline8CoreConfig/gen-collateral/AsyncResetSynchronizerPrimitiveShiftReg_d3_i0_TestHarness_UNIQUIFIED.sv
sed -i 's/module\( \+\)AsyncResetSynchronizerShiftReg_w1_d3_i0_1/module\1AsyncResetSynchronizerShiftReg_w1_d3_i0_1_TestHarness_UNIQUIFIED/' /work/chipyard/sims/verilator/generated-src/chipyard.harness.TestHarness.Baseline8CoreConfig/gen-collateral/AsyncResetSynchronizerShiftReg_w1_d3_i0_1_TestHarness_UNIQUIFIED.sv
sed -i 's/module\( \+\)AsyncResetSynchronizerShiftReg_w1_d3_i0_1/module\1AsyncResetSynchronizerShiftReg_w1_d3_i0_1_TestHarness_UNIQUIFIED/' /work/chipyard/sims/verilator/generated-src/chipyard.harness.TestHarness.Baseline8CoreConfig/gen-collateral/AsyncResetSynchronizerShiftReg_w1_d3_i0_1_TestHarness_UNIQUIFIED.sv
sed -i 's/module\( \+\)AsyncResetSynchronizerShiftReg_w1_d3_i0_1/module\1AsyncResetSynchronizerShiftReg_w1_d3_i0_1_TestHarness_UNIQUIFIED/' /work/chipyard/sims/verilator/generated-src/chipyard.harness.TestHarness.Baseline8CoreConfig/gen-collateral/AsyncResetSynchronizerShiftReg_w1_d3_i0_1_TestHarness_UNIQUIFIED.sv
sed -i 's/module\( \+\)AsyncResetSynchronizerShiftReg_w1_d3_i0_1/module\1AsyncResetSynchronizerShiftReg_w1_d3_i0_1_TestHarness_UNIQUIFIED/' /work/chipyard/sims/verilator/generated-src/chipyard.harness.TestHarness.Baseline8CoreConfig/gen-collateral/AsyncResetSynchronizerShiftReg_w1_d3_i0_1_TestHarness_UNIQUIFIED.sv
sed -i 's/module\( \+\)AsyncResetSynchronizerPrimitiveShiftReg_d3_i0/module\1AsyncResetSynchronizerPrimitiveShiftReg_d3_i0_TestHarness_UNIQUIFIED/' /work/chipyard/sims/verilator/generated-src/chipyard.harness.TestHarness.Baseline8CoreConfig/gen-collateral/AsyncResetSynchronizerPrimitiveShiftReg_d3_i0_TestHarness_UNIQUIFIED.sv
sed -i 's/module\( \+\)AsyncResetSynchronizerPrimitiveShiftReg_d3_i0/module\1AsyncResetSynchronizerPrimitiveShiftReg_d3_i0_TestHarness_UNIQUIFIED/' /work/chipyard/sims/verilator/generated-src/chipyard.harness.TestHarness.Baseline8CoreConfig/gen-collateral/AsyncResetSynchronizerPrimitiveShiftReg_d3_i0_TestHarness_UNIQUIFIED.sv
sed -i 's/module\( \+\)AsyncResetSynchronizerPrimitiveShiftReg_d3_i0/module\1AsyncResetSynchronizerPrimitiveShiftReg_d3_i0_TestHarness_UNIQUIFIED/' /work/chipyard/sims/verilator/generated-src/chipyard.harness.TestHarness.Baseline8CoreConfig/gen-collateral/AsyncResetSynchronizerPrimitiveShiftReg_d3_i0_TestHarness_UNIQUIFIED.sv
sed -i 's/module\( \+\)AsyncResetSynchronizerPrimitiveShiftReg_d3_i0/module\1AsyncResetSynchronizerPrimitiveShiftReg_d3_i0_TestHarness_UNIQUIFIED/' /work/chipyard/sims/verilator/generated-src/chipyard.harness.TestHarness.Baseline8CoreConfig/gen-collateral/AsyncResetSynchronizerPrimitiveShiftReg_d3_i0_TestHarness_UNIQUIFIED.sv
sed -i 's/module\( \+\)AsyncResetSynchronizerShiftReg_w1_d3_i0_1/module\1AsyncResetSynchronizerShiftReg_w1_d3_i0_1_TestHarness_UNIQUIFIED/' /work/chipyard/sims/verilator/generated-src/chipyard.harness.TestHarness.Baseline8CoreConfig/gen-collateral/AsyncResetSynchronizerShiftReg_w1_d3_i0_1_TestHarness_UNIQUIFIED.sv
sed -i 's/module\( \+\)AsyncResetSynchronizerShiftReg_w1_d3_i0_1/module\1AsyncResetSynchronizerShiftReg_w1_d3_i0_1_TestHarness_UNIQUIFIED/' /work/chipyard/sims/verilator/generated-src/chipyard.harness.TestHarness.Baseline8CoreConfig/gen-collateral/AsyncResetSynchronizerShiftReg_w1_d3_i0_1_TestHarness_UNIQUIFIED.sv
sed -i 's/module\( \+\)AsyncResetSynchronizerShiftReg_w1_d3_i0_1/module\1AsyncResetSynchronizerShiftReg_w1_d3_i0_1_TestHarness_UNIQUIFIED/' /work/chipyard/sims/verilator/generated-src/chipyard.harness.TestHarness.Baseline8CoreConfig/gen-collateral/AsyncResetSynchronizerShiftReg_w1_d3_i0_1_TestHarness_UNIQUIFIED.sv
sed -i 's/module\( \+\)AsyncResetSynchronizerShiftReg_w1_d3_i0_1/module\1AsyncResetSynchronizerShiftReg_w1_d3_i0_1_TestHarness_UNIQUIFIED/' /work/chipyard/sims/verilator/generated-src/chipyard.harness.TestHarness.Baseline8CoreConfig/gen-collateral/AsyncResetSynchronizerShiftReg_w1_d3_i0_1_TestHarness_UNIQUIFIED.sv
sed -i 's/module\( \+\)AsyncResetSynchronizerPrimitiveShiftReg_d3_i0/module\1AsyncResetSynchronizerPrimitiveShiftReg_d3_i0_TestHarness_UNIQUIFIED/' /work/chipyard/sims/verilator/generated-src/chipyard.harness.TestHarness.Baseline8CoreConfig/gen-collateral/AsyncResetSynchronizerPrimitiveShiftReg_d3_i0_TestHarness_UNIQUIFIED.sv
sed -i 's/module\( \+\)AsyncResetSynchronizerPrimitiveShiftReg_d3_i0/module\1AsyncResetSynchronizerPrimitiveShiftReg_d3_i0_TestHarness_UNIQUIFIED/' /work/chipyard/sims/verilator/generated-src/chipyard.harness.TestHarness.Baseline8CoreConfig/gen-collateral/AsyncResetSynchronizerPrimitiveShiftReg_d3_i0_TestHarness_UNIQUIFIED.sv
sed -i 's/module\( \+\)AsyncResetSynchronizerPrimitiveShiftReg_d3_i0/module\1AsyncResetSynchronizerPrimitiveShiftReg_d3_i0_TestHarness_UNIQUIFIED/' /work/chipyard/sims/verilator/generated-src/chipyard.harness.TestHarness.Baseline8CoreConfig/gen-collateral/AsyncResetSynchronizerPrimitiveShiftReg_d3_i0_TestHarness_UNIQUIFIED.sv
sed -i 's/module\( \+\)AsyncResetSynchronizerPrimitiveShiftReg_d3_i0/module\1AsyncResetSynchronizerPrimitiveShiftReg_d3_i0_TestHarness_UNIQUIFIED/' /work/chipyard/sims/verilator/generated-src/chipyard.harness.TestHarness.Baseline8CoreConfig/gen-collateral/AsyncResetSynchronizerPrimitiveShiftReg_d3_i0_TestHarness_UNIQUIFIED.sv
sed -i 's/module\( \+\)AsyncResetSynchronizerShiftReg_w1_d3_i0_1/module\1AsyncResetSynchronizerShiftReg_w1_d3_i0_1_TestHarness_UNIQUIFIED/' /work/chipyard/sims/verilator/generated-src/chipyard.harness.TestHarness.Baseline8CoreConfig/gen-collateral/AsyncResetSynchronizerShiftReg_w1_d3_i0_1_TestHarness_UNIQUIFIED.sv
sed -i 's/module\( \+\)AsyncResetSynchronizerShiftReg_w1_d3_i0_1/module\1AsyncResetSynchronizerShiftReg_w1_d3_i0_1_TestHarness_UNIQUIFIED/' /work/chipyard/sims/verilator/generated-src/chipyard.harness.TestHarness.Baseline8CoreConfig/gen-collateral/AsyncResetSynchronizerShiftReg_w1_d3_i0_1_TestHarness_UNIQUIFIED.sv
sed -i 's/module\( \+\)AsyncResetSynchronizerShiftReg_w1_d3_i0_1/module\1AsyncResetSynchronizerShiftReg_w1_d3_i0_1_TestHarness_UNIQUIFIED/' /work/chipyard/sims/verilator/generated-src/chipyard.harness.TestHarness.Baseline8CoreConfig/gen-collateral/AsyncResetSynchronizerShiftReg_w1_d3_i0_1_TestHarness_UNIQUIFIED.sv
sed -i 's/module\( \+\)AsyncResetSynchronizerShiftReg_w1_d3_i0_1/module\1AsyncResetSynchronizerShiftReg_w1_d3_i0_1_TestHarness_UNIQUIFIED/' /work/chipyard/sims/verilator/generated-src/chipyard.harness.TestHarness.Baseline8CoreConfig/gen-collateral/AsyncResetSynchronizerShiftReg_w1_d3_i0_1_TestHarness_UNIQUIFIED.sv
sed -i 's/module\( \+\)AsyncResetSynchronizerPrimitiveShiftReg_d3_i0/module\1AsyncResetSynchronizerPrimitiveShiftReg_d3_i0_TestHarness_UNIQUIFIED/' /work/chipyard/sims/verilator/generated-src/chipyard.harness.TestHarness.Baseline8CoreConfig/gen-collateral/AsyncResetSynchronizerPrimitiveShiftReg_d3_i0_TestHarness_UNIQUIFIED.sv
sed -i 's/module\( \+\)AsyncResetSynchronizerPrimitiveShiftReg_d3_i0/module\1AsyncResetSynchronizerPrimitiveShiftReg_d3_i0_TestHarness_UNIQUIFIED/' /work/chipyard/sims/verilator/generated-src/chipyard.harness.TestHarness.Baseline8CoreConfig/gen-collateral/AsyncResetSynchronizerPrimitiveShiftReg_d3_i0_TestHarness_UNIQUIFIED.sv
sed -i 's/module\( \+\)AsyncResetSynchronizerPrimitiveShiftReg_d3_i0/module\1AsyncResetSynchronizerPrimitiveShiftReg_d3_i0_TestHarness_UNIQUIFIED/' /work/chipyard/sims/verilator/generated-src/chipyard.harness.TestHarness.Baseline8CoreConfig/gen-collateral/AsyncResetSynchronizerPrimitiveShiftReg_d3_i0_TestHarness_UNIQUIFIED.sv
sed -i 's/module\( \+\)AsyncResetSynchronizerPrimitiveShiftReg_d3_i0/module\1AsyncResetSynchronizerPrimitiveShiftReg_d3_i0_TestHarness_UNIQUIFIED/' /work/chipyard/sims/verilator/generated-src/chipyard.harness.TestHarness.Baseline8CoreConfig/gen-collateral/AsyncResetSynchronizerPrimitiveShiftReg_d3_i0_TestHarness_UNIQUIFIED.sv
sed -i 's/module\( \+\)AsyncResetSynchronizerShiftReg_w1_d3_i0_1/module\1AsyncResetSynchronizerShiftReg_w1_d3_i0_1_TestHarness_UNIQUIFIED/' /work/chipyard/sims/verilator/generated-src/chipyard.harness.TestHarness.Baseline8CoreConfig/gen-collateral/AsyncResetSynchronizerShiftReg_w1_d3_i0_1_TestHarness_UNIQUIFIED.sv
sed -i 's/module\( \+\)AsyncResetSynchronizerShiftReg_w1_d3_i0_1/module\1AsyncResetSynchronizerShiftReg_w1_d3_i0_1_TestHarness_UNIQUIFIED/' /work/chipyard/sims/verilator/generated-src/chipyard.harness.TestHarness.Baseline8CoreConfig/gen-collateral/AsyncResetSynchronizerShiftReg_w1_d3_i0_1_TestHarness_UNIQUIFIED.sv
sed -i 's/module\( \+\)AsyncResetSynchronizerShiftReg_w1_d3_i0_1/module\1AsyncResetSynchronizerShiftReg_w1_d3_i0_1_TestHarness_UNIQUIFIED/' /work/chipyard/sims/verilator/generated-src/chipyard.harness.TestHarness.Baseline8CoreConfig/gen-collateral/AsyncResetSynchronizerShiftReg_w1_d3_i0_1_TestHarness_UNIQUIFIED.sv
sed -i 's/module\( \+\)AsyncResetSynchronizerShiftReg_w1_d3_i0_1/module\1AsyncResetSynchronizerShiftReg_w1_d3_i0_1_TestHarness_UNIQUIFIED/' /work/chipyard/sims/verilator/generated-src/chipyard.harness.TestHarness.Baseline8CoreConfig/gen-collateral/AsyncResetSynchronizerShiftReg_w1_d3_i0_1_TestHarness_UNIQUIFIED.sv
sed -i 's/module\( \+\)AsyncResetSynchronizerPrimitiveShiftReg_d3_i0/module\1AsyncResetSynchronizerPrimitiveShiftReg_d3_i0_TestHarness_UNIQUIFIED/' /work/chipyard/sims/verilator/generated-src/chipyard.harness.TestHarness.Baseline8CoreConfig/gen-collateral/AsyncResetSynchronizerPrimitiveShiftReg_d3_i0_TestHarness_UNIQUIFIED.sv
sed -i 's/module\( \+\)AsyncResetSynchronizerPrimitiveShiftReg_d3_i0/module\1AsyncResetSynchronizerPrimitiveShiftReg_d3_i0_TestHarness_UNIQUIFIED/' /work/chipyard/sims/verilator/generated-src/chipyard.harness.TestHarness.Baseline8CoreConfig/gen-collateral/AsyncResetSynchronizerPrimitiveShiftReg_d3_i0_TestHarness_UNIQUIFIED.sv
sed -i 's/module\( \+\)AsyncResetSynchronizerPrimitiveShiftReg_d3_i0/module\1AsyncResetSynchronizerPrimitiveShiftReg_d3_i0_TestHarness_UNIQUIFIED/' /work/chipyard/sims/verilator/generated-src/chipyard.harness.TestHarness.Baseline8CoreConfig/gen-collateral/AsyncResetSynchronizerPrimitiveShiftReg_d3_i0_TestHarness_UNIQUIFIED.sv
sed -i 's/module\( \+\)AsyncResetSynchronizerPrimitiveShiftReg_d3_i0/module\1AsyncResetSynchronizerPrimitiveShiftReg_d3_i0_TestHarness_UNIQUIFIED/' /work/chipyard/sims/verilator/generated-src/chipyard.harness.TestHarness.Baseline8CoreConfig/gen-collateral/AsyncResetSynchronizerPrimitiveShiftReg_d3_i0_TestHarness_UNIQUIFIED.sv
sed -i 's/module\( \+\)AsyncResetSynchronizerShiftReg_w1_d3_i0_1/module\1AsyncResetSynchronizerShiftReg_w1_d3_i0_1_TestHarness_UNIQUIFIED/' /work/chipyard/sims/verilator/generated-src/chipyard.harness.TestHarness.Baseline8CoreConfig/gen-collateral/AsyncResetSynchronizerShiftReg_w1_d3_i0_1_TestHarness_UNIQUIFIED.sv
sed -i 's/module\( \+\)AsyncResetSynchronizerShiftReg_w1_d3_i0_1/module\1AsyncResetSynchronizerShiftReg_w1_d3_i0_1_TestHarness_UNIQUIFIED/' /work/chipyard/sims/verilator/generated-src/chipyard.harness.TestHarness.Baseline8CoreConfig/gen-collateral/AsyncResetSynchronizerShiftReg_w1_d3_i0_1_TestHarness_UNIQUIFIED.sv
sed -i 's/module\( \+\)AsyncResetSynchronizerShiftReg_w1_d3_i0_1/module\1AsyncResetSynchronizerShiftReg_w1_d3_i0_1_TestHarness_UNIQUIFIED/' /work/chipyard/sims/verilator/generated-src/chipyard.harness.TestHarness.Baseline8CoreConfig/gen-collateral/AsyncResetSynchronizerShiftReg_w1_d3_i0_1_TestHarness_UNIQUIFIED.sv
sed -i 's/module\( \+\)AsyncResetSynchronizerShiftReg_w1_d3_i0_1/module\1AsyncResetSynchronizerShiftReg_w1_d3_i0_1_TestHarness_UNIQUIFIED/' /work/chipyard/sims/verilator/generated-src/chipyard.harness.TestHarness.Baseline8CoreConfig/gen-collateral/AsyncResetSynchronizerShiftReg_w1_d3_i0_1_TestHarness_UNIQUIFIED.sv
sed -i 's/module\( \+\)AsyncResetSynchronizerPrimitiveShiftReg_d3_i0/module\1AsyncResetSynchronizerPrimitiveShiftReg_d3_i0_TestHarness_UNIQUIFIED/' /work/chipyard/sims/verilator/generated-src/chipyard.harness.TestHarness.Baseline8CoreConfig/gen-collateral/AsyncResetSynchronizerPrimitiveShiftReg_d3_i0_TestHarness_UNIQUIFIED.sv
sed -i 's/module\( \+\)AsyncResetSynchronizerPrimitiveShiftReg_d3_i0/module\1AsyncResetSynchronizerPrimitiveShiftReg_d3_i0_TestHarness_UNIQUIFIED/' /work/chipyard/sims/verilator/generated-src/chipyard.harness.TestHarness.Baseline8CoreConfig/gen-collateral/AsyncResetSynchronizerPrimitiveShiftReg_d3_i0_TestHarness_UNIQUIFIED.sv
sed -i 's/module\( \+\)AsyncResetSynchronizerPrimitiveShiftReg_d3_i0/module\1AsyncResetSynchronizerPrimitiveShiftReg_d3_i0_TestHarness_UNIQUIFIED/' /work/chipyard/sims/verilator/generated-src/chipyard.harness.TestHarness.Baseline8CoreConfig/gen-collateral/AsyncResetSynchronizerPrimitiveShiftReg_d3_i0_TestHarness_UNIQUIFIED.sv
sed -i 's/module\( \+\)AsyncResetSynchronizerPrimitiveShiftReg_d3_i0/module\1AsyncResetSynchronizerPrimitiveShiftReg_d3_i0_TestHarness_UNIQUIFIED/' /work/chipyard/sims/verilator/generated-src/chipyard.harness.TestHarness.Baseline8CoreConfig/gen-collateral/AsyncResetSynchronizerPrimitiveShiftReg_d3_i0_TestHarness_UNIQUIFIED.sv
sed -i 's/module\( \+\)AsyncResetSynchronizerShiftReg_w1_d3_i0_1/module\1AsyncResetSynchronizerShiftReg_w1_d3_i0_1_TestHarness_UNIQUIFIED/' /work/chipyard/sims/verilator/generated-src/chipyard.harness.TestHarness.Baseline8CoreConfig/gen-collateral/AsyncResetSynchronizerShiftReg_w1_d3_i0_1_TestHarness_UNIQUIFIED.sv
sed -i 's/module\( \+\)AsyncResetSynchronizerShiftReg_w1_d3_i0_1/module\1AsyncResetSynchronizerShiftReg_w1_d3_i0_1_TestHarness_UNIQUIFIED/' /work/chipyard/sims/verilator/generated-src/chipyard.harness.TestHarness.Baseline8CoreConfig/gen-collateral/AsyncResetSynchronizerShiftReg_w1_d3_i0_1_TestHarness_UNIQUIFIED.sv
sed -i 's/module\( \+\)AsyncResetSynchronizerShiftReg_w1_d3_i0_1/module\1AsyncResetSynchronizerShiftReg_w1_d3_i0_1_TestHarness_UNIQUIFIED/' /work/chipyard/sims/verilator/generated-src/chipyard.harness.TestHarness.Baseline8CoreConfig/gen-collateral/AsyncResetSynchronizerShiftReg_w1_d3_i0_1_TestHarness_UNIQUIFIED.sv
sed -i 's/module\( \+\)AsyncResetSynchronizerShiftReg_w1_d3_i0_1/module\1AsyncResetSynchronizerShiftReg_w1_d3_i0_1_TestHarness_UNIQUIFIED/' /work/chipyard/sims/verilator/generated-src/chipyard.harness.TestHarness.Baseline8CoreConfig/gen-collateral/AsyncResetSynchronizerShiftReg_w1_d3_i0_1_TestHarness_UNIQUIFIED.sv
sed -i 's/module\( \+\)AsyncResetSynchronizerPrimitiveShiftReg_d3_i0/module\1AsyncResetSynchronizerPrimitiveShiftReg_d3_i0_TestHarness_UNIQUIFIED/' /work/chipyard/sims/verilator/generated-src/chipyard.harness.TestHarness.Baseline8CoreConfig/gen-collateral/AsyncResetSynchronizerPrimitiveShiftReg_d3_i0_TestHarness_UNIQUIFIED.sv
sed -i 's/module\( \+\)AsyncResetSynchronizerPrimitiveShiftReg_d3_i0/module\1AsyncResetSynchronizerPrimitiveShiftReg_d3_i0_TestHarness_UNIQUIFIED/' /work/chipyard/sims/verilator/generated-src/chipyard.harness.TestHarness.Baseline8CoreConfig/gen-collateral/AsyncResetSynchronizerPrimitiveShiftReg_d3_i0_TestHarness_UNIQUIFIED.sv
sed -i 's/module\( \+\)AsyncResetSynchronizerPrimitiveShiftReg_d3_i0/module\1AsyncResetSynchronizerPrimitiveShiftReg_d3_i0_TestHarness_UNIQUIFIED/' /work/chipyard/sims/verilator/generated-src/chipyard.harness.TestHarness.Baseline8CoreConfig/gen-collateral/AsyncResetSynchronizerPrimitiveShiftReg_d3_i0_TestHarness_UNIQUIFIED.sv
sed -i 's/module\( \+\)AsyncResetSynchronizerPrimitiveShiftReg_d3_i0/module\1AsyncResetSynchronizerPrimitiveShiftReg_d3_i0_TestHarness_UNIQUIFIED/' /work/chipyard/sims/verilator/generated-src/chipyard.harness.TestHarness.Baseline8CoreConfig/gen-collateral/AsyncResetSynchronizerPrimitiveShiftReg_d3_i0_TestHarness_UNIQUIFIED.sv
sed -i 's/module\( \+\)AsyncResetSynchronizerShiftReg_w1_d3_i0_1/module\1AsyncResetSynchronizerShiftReg_w1_d3_i0_1_TestHarness_UNIQUIFIED/' /work/chipyard/sims/verilator/generated-src/chipyard.harness.TestHarness.Baseline8CoreConfig/gen-collateral/AsyncResetSynchronizerShiftReg_w1_d3_i0_1_TestHarness_UNIQUIFIED.sv
sed -i 's/module\( \+\)AsyncResetSynchronizerShiftReg_w1_d3_i0_1/module\1AsyncResetSynchronizerShiftReg_w1_d3_i0_1_TestHarness_UNIQUIFIED/' /work/chipyard/sims/verilator/generated-src/chipyard.harness.TestHarness.Baseline8CoreConfig/gen-collateral/AsyncResetSynchronizerShiftReg_w1_d3_i0_1_TestHarness_UNIQUIFIED.sv
sed -i 's/module\( \+\)AsyncResetSynchronizerShiftReg_w1_d3_i0_1/module\1AsyncResetSynchronizerShiftReg_w1_d3_i0_1_TestHarness_UNIQUIFIED/' /work/chipyard/sims/verilator/generated-src/chipyard.harness.TestHarness.Baseline8CoreConfig/gen-collateral/AsyncResetSynchronizerShiftReg_w1_d3_i0_1_TestHarness_UNIQUIFIED.sv
sed -i 's/module\( \+\)AsyncResetSynchronizerShiftReg_w1_d3_i0_1/module\1AsyncResetSynchronizerShiftReg_w1_d3_i0_1_TestHarness_UNIQUIFIED/' /work/chipyard/sims/verilator/generated-src/chipyard.harness.TestHarness.Baseline8CoreConfig/gen-collateral/AsyncResetSynchronizerShiftReg_w1_d3_i0_1_TestHarness_UNIQUIFIED.sv
sed -i 's/module\( \+\)AsyncResetSynchronizerPrimitiveShiftReg_d3_i0/module\1AsyncResetSynchronizerPrimitiveShiftReg_d3_i0_TestHarness_UNIQUIFIED/' /work/chipyard/sims/verilator/generated-src/chipyard.harness.TestHarness.Baseline8CoreConfig/gen-collateral/AsyncResetSynchronizerPrimitiveShiftReg_d3_i0_TestHarness_UNIQUIFIED.sv
sed -i 's/module\( \+\)AsyncResetSynchronizerPrimitiveShiftReg_d3_i0/module\1AsyncResetSynchronizerPrimitiveShiftReg_d3_i0_TestHarness_UNIQUIFIED/' /work/chipyard/sims/verilator/generated-src/chipyard.harness.TestHarness.Baseline8CoreConfig/gen-collateral/AsyncResetSynchronizerPrimitiveShiftReg_d3_i0_TestHarness_UNIQUIFIED.sv
sed -i 's/module\( \+\)AsyncResetSynchronizerPrimitiveShiftReg_d3_i0/module\1AsyncResetSynchronizerPrimitiveShiftReg_d3_i0_TestHarness_UNIQUIFIED/' /work/chipyard/sims/verilator/generated-src/chipyard.harness.TestHarness.Baseline8CoreConfig/gen-collateral/AsyncResetSynchronizerPrimitiveShiftReg_d3_i0_TestHarness_UNIQUIFIED.sv
sed -i 's/module\( \+\)AsyncResetSynchronizerPrimitiveShiftReg_d3_i0/module\1AsyncResetSynchronizerPrimitiveShiftReg_d3_i0_TestHarness_UNIQUIFIED/' /work/chipyard/sims/verilator/generated-src/chipyard.harness.TestHarness.Baseline8CoreConfig/gen-collateral/AsyncResetSynchronizerPrimitiveShiftReg_d3_i0_TestHarness_UNIQUIFIED.sv
sed -i 's/module\( \+\)AsyncResetSynchronizerShiftReg_w1_d3_i0_1/module\1AsyncResetSynchronizerShiftReg_w1_d3_i0_1_TestHarness_UNIQUIFIED/' /work/chipyard/sims/verilator/generated-src/chipyard.harness.TestHarness.Baseline8CoreConfig/gen-collateral/AsyncResetSynchronizerShiftReg_w1_d3_i0_1_TestHarness_UNIQUIFIED.sv
sed -i 's/module\( \+\)AsyncResetSynchronizerShiftReg_w1_d3_i0_1/module\1AsyncResetSynchronizerShiftReg_w1_d3_i0_1_TestHarness_UNIQUIFIED/' /work/chipyard/sims/verilator/generated-src/chipyard.harness.TestHarness.Baseline8CoreConfig/gen-collateral/AsyncResetSynchronizerShiftReg_w1_d3_i0_1_TestHarness_UNIQUIFIED.sv
sed -i 's/module\( \+\)AsyncResetSynchronizerShiftReg_w1_d3_i0_1/module\1AsyncResetSynchronizerShiftReg_w1_d3_i0_1_TestHarness_UNIQUIFIED/' /work/chipyard/sims/verilator/generated-src/chipyard.harness.TestHarness.Baseline8CoreConfig/gen-collateral/AsyncResetSynchronizerShiftReg_w1_d3_i0_1_TestHarness_UNIQUIFIED.sv
sed -i 's/module\( \+\)AsyncResetSynchronizerShiftReg_w1_d3_i0_1/module\1AsyncResetSynchronizerShiftReg_w1_d3_i0_1_TestHarness_UNIQUIFIED/' /work/chipyard/sims/verilator/generated-src/chipyard.harness.TestHarness.Baseline8CoreConfig/gen-collateral/AsyncResetSynchronizerShiftReg_w1_d3_i0_1_TestHarness_UNIQUIFIED.sv
sed -i 's/module\( \+\)AsyncResetSynchronizerPrimitiveShiftReg_d3_i0/module\1AsyncResetSynchronizerPrimitiveShiftReg_d3_i0_TestHarness_UNIQUIFIED/' /work/chipyard/sims/verilator/generated-src/chipyard.harness.TestHarness.Baseline8CoreConfig/gen-collateral/AsyncResetSynchronizerPrimitiveShiftReg_d3_i0_TestHarness_UNIQUIFIED.sv
sed -i 's/module\( \+\)AsyncResetSynchronizerPrimitiveShiftReg_d3_i0/module\1AsyncResetSynchronizerPrimitiveShiftReg_d3_i0_TestHarness_UNIQUIFIED/' /work/chipyard/sims/verilator/generated-src/chipyard.harness.TestHarness.Baseline8CoreConfig/gen-collateral/AsyncResetSynchronizerPrimitiveShiftReg_d3_i0_TestHarness_UNIQUIFIED.sv
sed -i 's/module\( \+\)AsyncResetSynchronizerPrimitiveShiftReg_d3_i0/module\1AsyncResetSynchronizerPrimitiveShiftReg_d3_i0_TestHarness_UNIQUIFIED/' /work/chipyard/sims/verilator/generated-src/chipyard.harness.TestHarness.Baseline8CoreConfig/gen-collateral/AsyncResetSynchronizerPrimitiveShiftReg_d3_i0_TestHarness_UNIQUIFIED.sv
sed -i 's/module\( \+\)AsyncResetSynchronizerPrimitiveShiftReg_d3_i0/module\1AsyncResetSynchronizerPrimitiveShiftReg_d3_i0_TestHarness_UNIQUIFIED/' /work/chipyard/sims/verilator/generated-src/chipyard.harness.TestHarness.Baseline8CoreConfig/gen-collateral/AsyncResetSynchronizerPrimitiveShiftReg_d3_i0_TestHarness_UNIQUIFIED.sv
sed -i 's/module\( \+\)AsyncResetSynchronizerShiftReg_w1_d3_i0_1/module\1AsyncResetSynchronizerShiftReg_w1_d3_i0_1_TestHarness_UNIQUIFIED/' /work/chipyard/sims/verilator/generated-src/chipyard.harness.TestHarness.Baseline8CoreConfig/gen-collateral/AsyncResetSynchronizerShiftReg_w1_d3_i0_1_TestHarness_UNIQUIFIED.sv
sed -i 's/module\( \+\)AsyncResetSynchronizerShiftReg_w1_d3_i0_1/module\1AsyncResetSynchronizerShiftReg_w1_d3_i0_1_TestHarness_UNIQUIFIED/' /work/chipyard/sims/verilator/generated-src/chipyard.harness.TestHarness.Baseline8CoreConfig/gen-collateral/AsyncResetSynchronizerShiftReg_w1_d3_i0_1_TestHarness_UNIQUIFIED.sv
sed -i 's/module\( \+\)AsyncResetSynchronizerShiftReg_w1_d3_i0_1/module\1AsyncResetSynchronizerShiftReg_w1_d3_i0_1_TestHarness_UNIQUIFIED/' /work/chipyard/sims/verilator/generated-src/chipyard.harness.TestHarness.Baseline8CoreConfig/gen-collateral/AsyncResetSynchronizerShiftReg_w1_d3_i0_1_TestHarness_UNIQUIFIED.sv
sed -i 's/module\( \+\)AsyncResetSynchronizerShiftReg_w1_d3_i0_1/module\1AsyncResetSynchronizerShiftReg_w1_d3_i0_1_TestHarness_UNIQUIFIED/' /work/chipyard/sims/verilator/generated-src/chipyard.harness.TestHarness.Baseline8CoreConfig/gen-collateral/AsyncResetSynchronizerShiftReg_w1_d3_i0_1_TestHarness_UNIQUIFIED.sv
sed -i 's/module\( \+\)AsyncResetSynchronizerPrimitiveShiftReg_d3_i0/module\1AsyncResetSynchronizerPrimitiveShiftReg_d3_i0_TestHarness_UNIQUIFIED/' /work/chipyard/sims/verilator/generated-src/chipyard.harness.TestHarness.Baseline8CoreConfig/gen-collateral/AsyncResetSynchronizerPrimitiveShiftReg_d3_i0_TestHarness_UNIQUIFIED.sv
sed -i 's/module\( \+\)AsyncResetSynchronizerPrimitiveShiftReg_d3_i0/module\1AsyncResetSynchronizerPrimitiveShiftReg_d3_i0_TestHarness_UNIQUIFIED/' /work/chipyard/sims/verilator/generated-src/chipyard.harness.TestHarness.Baseline8CoreConfig/gen-collateral/AsyncResetSynchronizerPrimitiveShiftReg_d3_i0_TestHarness_UNIQUIFIED.sv
sed -i 's/module\( \+\)AsyncResetSynchronizerPrimitiveShiftReg_d3_i0/module\1AsyncResetSynchronizerPrimitiveShiftReg_d3_i0_TestHarness_UNIQUIFIED/' /work/chipyard/sims/verilator/generated-src/chipyard.harness.TestHarness.Baseline8CoreConfig/gen-collateral/AsyncResetSynchronizerPrimitiveShiftReg_d3_i0_TestHarness_UNIQUIFIED.sv
sed -i 's/module\( \+\)AsyncResetSynchronizerPrimitiveShiftReg_d3_i0/module\1AsyncResetSynchronizerPrimitiveShiftReg_d3_i0_TestHarness_UNIQUIFIED/' /work/chipyard/sims/verilator/generated-src/chipyard.harness.TestHarness.Baseline8CoreConfig/gen-collateral/AsyncResetSynchronizerPrimitiveShiftReg_d3_i0_TestHarness_UNIQUIFIED.sv
sed -i 's/module\( \+\)AsyncResetSynchronizerShiftReg_w1_d3_i0_1/module\1AsyncResetSynchronizerShiftReg_w1_d3_i0_1_TestHarness_UNIQUIFIED/' /work/chipyard/sims/verilator/generated-src/chipyard.harness.TestHarness.Baseline8CoreConfig/gen-collateral/AsyncResetSynchronizerShiftReg_w1_d3_i0_1_TestHarness_UNIQUIFIED.sv
sed -i 's/module\( \+\)AsyncResetSynchronizerShiftReg_w1_d3_i0_1/module\1AsyncResetSynchronizerShiftReg_w1_d3_i0_1_TestHarness_UNIQUIFIED/' /work/chipyard/sims/verilator/generated-src/chipyard.harness.TestHarness.Baseline8CoreConfig/gen-collateral/AsyncResetSynchronizerShiftReg_w1_d3_i0_1_TestHarness_UNIQUIFIED.sv
sed -i 's/module\( \+\)AsyncResetSynchronizerShiftReg_w1_d3_i0_1/module\1AsyncResetSynchronizerShiftReg_w1_d3_i0_1_TestHarness_UNIQUIFIED/' /work/chipyard/sims/verilator/generated-src/chipyard.harness.TestHarness.Baseline8CoreConfig/gen-collateral/AsyncResetSynchronizerShiftReg_w1_d3_i0_1_TestHarness_UNIQUIFIED.sv
sed -i 's/module\( \+\)AsyncResetSynchronizerShiftReg_w1_d3_i0_1/module\1AsyncResetSynchronizerShiftReg_w1_d3_i0_1_TestHarness_UNIQUIFIED/' /work/chipyard/sims/verilator/generated-src/chipyard.harness.TestHarness.Baseline8CoreConfig/gen-collateral/AsyncResetSynchronizerShiftReg_w1_d3_i0_1_TestHarness_UNIQUIFIED.sv
sed -i 's/module\( \+\)AsyncResetSynchronizerPrimitiveShiftReg_d3_i0/module\1AsyncResetSynchronizerPrimitiveShiftReg_d3_i0_TestHarness_UNIQUIFIED/' /work/chipyard/sims/verilator/generated-src/chipyard.harness.TestHarness.Baseline8CoreConfig/gen-collateral/AsyncResetSynchronizerPrimitiveShiftReg_d3_i0_TestHarness_UNIQUIFIED.sv
sed -i 's/module\( \+\)AsyncResetSynchronizerPrimitiveShiftReg_d3_i0/module\1AsyncResetSynchronizerPrimitiveShiftReg_d3_i0_TestHarness_UNIQUIFIED/' /work/chipyard/sims/verilator/generated-src/chipyard.harness.TestHarness.Baseline8CoreConfig/gen-collateral/AsyncResetSynchronizerPrimitiveShiftReg_d3_i0_TestHarness_UNIQUIFIED.sv
sed -i 's/module\( \+\)AsyncResetSynchronizerPrimitiveShiftReg_d3_i0/module\1AsyncResetSynchronizerPrimitiveShiftReg_d3_i0_TestHarness_UNIQUIFIED/' /work/chipyard/sims/verilator/generated-src/chipyard.harness.TestHarness.Baseline8CoreConfig/gen-collateral/AsyncResetSynchronizerPrimitiveShiftReg_d3_i0_TestHarness_UNIQUIFIED.sv
sed -i 's/module\( \+\)AsyncResetSynchronizerPrimitiveShiftReg_d3_i0/module\1AsyncResetSynchronizerPrimitiveShiftReg_d3_i0_TestHarness_UNIQUIFIED/' /work/chipyard/sims/verilator/generated-src/chipyard.harness.TestHarness.Baseline8CoreConfig/gen-collateral/AsyncResetSynchronizerPrimitiveShiftReg_d3_i0_TestHarness_UNIQUIFIED.sv
sed -i 's/module\( \+\)AsyncResetSynchronizerShiftReg_w1_d3_i0_1/module\1AsyncResetSynchronizerShiftReg_w1_d3_i0_1_TestHarness_UNIQUIFIED/' /work/chipyard/sims/verilator/generated-src/chipyard.harness.TestHarness.Baseline8CoreConfig/gen-collateral/AsyncResetSynchronizerShiftReg_w1_d3_i0_1_TestHarness_UNIQUIFIED.sv
sed -i 's/module\( \+\)AsyncResetSynchronizerShiftReg_w1_d3_i0_1/module\1AsyncResetSynchronizerShiftReg_w1_d3_i0_1_TestHarness_UNIQUIFIED/' /work/chipyard/sims/verilator/generated-src/chipyard.harness.TestHarness.Baseline8CoreConfig/gen-collateral/AsyncResetSynchronizerShiftReg_w1_d3_i0_1_TestHarness_UNIQUIFIED.sv
sed -i 's/module\( \+\)AsyncResetSynchronizerShiftReg_w1_d3_i0_1/module\1AsyncResetSynchronizerShiftReg_w1_d3_i0_1_TestHarness_UNIQUIFIED/' /work/chipyard/sims/verilator/generated-src/chipyard.harness.TestHarness.Baseline8CoreConfig/gen-collateral/AsyncResetSynchronizerShiftReg_w1_d3_i0_1_TestHarness_UNIQUIFIED.sv
sed -i 's/module\( \+\)AsyncResetSynchronizerShiftReg_w1_d3_i0_1/module\1AsyncResetSynchronizerShiftReg_w1_d3_i0_1_TestHarness_UNIQUIFIED/' /work/chipyard/sims/verilator/generated-src/chipyard.harness.TestHarness.Baseline8CoreConfig/gen-collateral/AsyncResetSynchronizerShiftReg_w1_d3_i0_1_TestHarness_UNIQUIFIED.sv
sed -i 's/module\( \+\)AsyncResetSynchronizerPrimitiveShiftReg_d3_i0/module\1AsyncResetSynchronizerPrimitiveShiftReg_d3_i0_TestHarness_UNIQUIFIED/' /work/chipyard/sims/verilator/generated-src/chipyard.harness.TestHarness.Baseline8CoreConfig/gen-collateral/AsyncResetSynchronizerPrimitiveShiftReg_d3_i0_TestHarness_UNIQUIFIED.sv
sed -i 's/module\( \+\)AsyncResetSynchronizerPrimitiveShiftReg_d3_i0/module\1AsyncResetSynchronizerPrimitiveShiftReg_d3_i0_TestHarness_UNIQUIFIED/' /work/chipyard/sims/verilator/generated-src/chipyard.harness.TestHarness.Baseline8CoreConfig/gen-collateral/AsyncResetSynchronizerPrimitiveShiftReg_d3_i0_TestHarness_UNIQUIFIED.sv
sed -i 's/module\( \+\)AsyncResetSynchronizerPrimitiveShiftReg_d3_i0/module\1AsyncResetSynchronizerPrimitiveShiftReg_d3_i0_TestHarness_UNIQUIFIED/' /work/chipyard/sims/verilator/generated-src/chipyard.harness.TestHarness.Baseline8CoreConfig/gen-collateral/AsyncResetSynchronizerPrimitiveShiftReg_d3_i0_TestHarness_UNIQUIFIED.sv
sed -i 's/module\( \+\)AsyncResetSynchronizerPrimitiveShiftReg_d3_i0/module\1AsyncResetSynchronizerPrimitiveShiftReg_d3_i0_TestHarness_UNIQUIFIED/' /work/chipyard/sims/verilator/generated-src/chipyard.harness.TestHarness.Baseline8CoreConfig/gen-collateral/AsyncResetSynchronizerPrimitiveShiftReg_d3_i0_TestHarness_UNIQUIFIED.sv
sed -i 's/module\( \+\)AsyncResetSynchronizerShiftReg_w1_d3_i0_1/module\1AsyncResetSynchronizerShiftReg_w1_d3_i0_1_TestHarness_UNIQUIFIED/' /work/chipyard/sims/verilator/generated-src/chipyard.harness.TestHarness.Baseline8CoreConfig/gen-collateral/AsyncResetSynchronizerShiftReg_w1_d3_i0_1_TestHarness_UNIQUIFIED.sv
sed -i 's/module\( \+\)AsyncResetSynchronizerShiftReg_w1_d3_i0_1/module\1AsyncResetSynchronizerShiftReg_w1_d3_i0_1_TestHarness_UNIQUIFIED/' /work/chipyard/sims/verilator/generated-src/chipyard.harness.TestHarness.Baseline8CoreConfig/gen-collateral/AsyncResetSynchronizerShiftReg_w1_d3_i0_1_TestHarness_UNIQUIFIED.sv
sed -i 's/module\( \+\)AsyncResetSynchronizerShiftReg_w1_d3_i0_1/module\1AsyncResetSynchronizerShiftReg_w1_d3_i0_1_TestHarness_UNIQUIFIED/' /work/chipyard/sims/verilator/generated-src/chipyard.harness.TestHarness.Baseline8CoreConfig/gen-collateral/AsyncResetSynchronizerShiftReg_w1_d3_i0_1_TestHarness_UNIQUIFIED.sv
sed -i 's/module\( \+\)AsyncResetSynchronizerShiftReg_w1_d3_i0_1/module\1AsyncResetSynchronizerShiftReg_w1_d3_i0_1_TestHarness_UNIQUIFIED/' /work/chipyard/sims/verilator/generated-src/chipyard.harness.TestHarness.Baseline8CoreConfig/gen-collateral/AsyncResetSynchronizerShiftReg_w1_d3_i0_1_TestHarness_UNIQUIFIED.sv
sed -i 's/module\( \+\)AsyncResetSynchronizerPrimitiveShiftReg_d3_i0/module\1AsyncResetSynchronizerPrimitiveShiftReg_d3_i0_TestHarness_UNIQUIFIED/' /work/chipyard/sims/verilator/generated-src/chipyard.harness.TestHarness.Baseline8CoreConfig/gen-collateral/AsyncResetSynchronizerPrimitiveShiftReg_d3_i0_TestHarness_UNIQUIFIED.sv
sed -i 's/\( \*\)AsyncResetSynchronizerPrimitiveShiftReg_d3_i0\( \+\)/\1AsyncResetSynchronizerPrimitiveShiftReg_d3_i0_TestHarness_UNIQUIFIED\2/' /work/chipyard/sims/verilator/generated-src/chipyard.harness.TestHarness.Baseline8CoreConfig/gen-collateral/AsyncResetSynchronizerShiftReg_w1_d3_i0_1_TestHarness_UNIQUIFIED.sv
sed -i 's/module\( \+\)AsyncResetSynchronizerPrimitiveShiftReg_d3_i0/module\1AsyncResetSynchronizerPrimitiveShiftReg_d3_i0_TestHarness_UNIQUIFIED/' /work/chipyard/sims/verilator/generated-src/chipyard.harness.TestHarness.Baseline8CoreConfig/gen-collateral/AsyncResetSynchronizerPrimitiveShiftReg_d3_i0_TestHarness_UNIQUIFIED.sv
sed -i 's/module\( \+\)AsyncResetSynchronizerPrimitiveShiftReg_d3_i0/module\1AsyncResetSynchronizerPrimitiveShiftReg_d3_i0_TestHarness_UNIQUIFIED/' /work/chipyard/sims/verilator/generated-src/chipyard.harness.TestHarness.Baseline8CoreConfig/gen-collateral/AsyncResetSynchronizerPrimitiveShiftReg_d3_i0_TestHarness_UNIQUIFIED.sv
sed -i 's/module\( \+\)AsyncResetSynchronizerPrimitiveShiftReg_d3_i0/module\1AsyncResetSynchronizerPrimitiveShiftReg_d3_i0_TestHarness_UNIQUIFIED/' /work/chipyard/sims/verilator/generated-src/chipyard.harness.TestHarness.Baseline8CoreConfig/gen-collateral/AsyncResetSynchronizerPrimitiveShiftReg_d3_i0_TestHarness_UNIQUIFIED.sv
sed -i 's/module\( \+\)AsyncResetSynchronizerPrimitiveShiftReg_d3_i0/module\1AsyncResetSynchronizerPrimitiveShiftReg_d3_i0_TestHarness_UNIQUIFIED/' /work/chipyard/sims/verilator/generated-src/chipyard.harness.TestHarness.Baseline8CoreConfig/gen-collateral/AsyncResetSynchronizerPrimitiveShiftReg_d3_i0_TestHarness_UNIQUIFIED.sv
sed -i 's/module\( \+\)AsyncResetSynchronizerPrimitiveShiftReg_d3_i0/module\1AsyncResetSynchronizerPrimitiveShiftReg_d3_i0_TestHarness_UNIQUIFIED/' /work/chipyard/sims/verilator/generated-src/chipyard.harness.TestHarness.Baseline8CoreConfig/gen-collateral/AsyncResetSynchronizerPrimitiveShiftReg_d3_i0_TestHarness_UNIQUIFIED.sv
sed -i 's/module\( \+\)AsyncResetSynchronizerPrimitiveShiftReg_d3_i0/module\1AsyncResetSynchronizerPrimitiveShiftReg_d3_i0_TestHarness_UNIQUIFIED/' /work/chipyard/sims/verilator/generated-src/chipyard.harness.TestHarness.Baseline8CoreConfig/gen-collateral/AsyncResetSynchronizerPrimitiveShiftReg_d3_i0_TestHarness_UNIQUIFIED.sv
sed -i 's/module\( \+\)AsyncResetSynchronizerPrimitiveShiftReg_d3_i0/module\1AsyncResetSynchronizerPrimitiveShiftReg_d3_i0_TestHarness_UNIQUIFIED/' /work/chipyard/sims/verilator/generated-src/chipyard.harness.TestHarness.Baseline8CoreConfig/gen-collateral/AsyncResetSynchronizerPrimitiveShiftReg_d3_i0_TestHarness_UNIQUIFIED.sv
sed -i 's/module\( \+\)AsyncResetSynchronizerPrimitiveShiftReg_d3_i0/module\1AsyncResetSynchronizerPrimitiveShiftReg_d3_i0_TestHarness_UNIQUIFIED/' /work/chipyard/sims/verilator/generated-src/chipyard.harness.TestHarness.Baseline8CoreConfig/gen-collateral/AsyncResetSynchronizerPrimitiveShiftReg_d3_i0_TestHarness_UNIQUIFIED.sv
sed -i 's/module\( \+\)AsyncResetSynchronizerPrimitiveShiftReg_d3_i0/module\1AsyncResetSynchronizerPrimitiveShiftReg_d3_i0_TestHarness_UNIQUIFIED/' /work/chipyard/sims/verilator/generated-src/chipyard.harness.TestHarness.Baseline8CoreConfig/gen-collateral/AsyncResetSynchronizerPrimitiveShiftReg_d3_i0_TestHarness_UNIQUIFIED.sv
sed -i 's/module\( \+\)AsyncResetSynchronizerPrimitiveShiftReg_d3_i0/module\1AsyncResetSynchronizerPrimitiveShiftReg_d3_i0_TestHarness_UNIQUIFIED/' /work/chipyard/sims/verilator/generated-src/chipyard.harness.TestHarness.Baseline8CoreConfig/gen-collateral/AsyncResetSynchronizerPrimitiveShiftReg_d3_i0_TestHarness_UNIQUIFIED.sv
sed -i 's/module\( \+\)AsyncResetSynchronizerPrimitiveShiftReg_d3_i0/module\1AsyncResetSynchronizerPrimitiveShiftReg_d3_i0_TestHarness_UNIQUIFIED/' /work/chipyard/sims/verilator/generated-src/chipyard.harness.TestHarness.Baseline8CoreConfig/gen-collateral/AsyncResetSynchronizerPrimitiveShiftReg_d3_i0_TestHarness_UNIQUIFIED.sv
sed -i 's/module\( \+\)AsyncResetSynchronizerPrimitiveShiftReg_d3_i0/module\1AsyncResetSynchronizerPrimitiveShiftReg_d3_i0_TestHarness_UNIQUIFIED/' /work/chipyard/sims/verilator/generated-src/chipyard.harness.TestHarness.Baseline8CoreConfig/gen-collateral/AsyncResetSynchronizerPrimitiveShiftReg_d3_i0_TestHarness_UNIQUIFIED.sv
sed -i 's/module\( \+\)AsyncResetSynchronizerPrimitiveShiftReg_d3_i0/module\1AsyncResetSynchronizerPrimitiveShiftReg_d3_i0_TestHarness_UNIQUIFIED/' /work/chipyard/sims/verilator/generated-src/chipyard.harness.TestHarness.Baseline8CoreConfig/gen-collateral/AsyncResetSynchronizerPrimitiveShiftReg_d3_i0_TestHarness_UNIQUIFIED.sv
sed -i 's/module\( \+\)AsyncResetSynchronizerPrimitiveShiftReg_d3_i0/module\1AsyncResetSynchronizerPrimitiveShiftReg_d3_i0_TestHarness_UNIQUIFIED/' /work/chipyard/sims/verilator/generated-src/chipyard.harness.TestHarness.Baseline8CoreConfig/gen-collateral/AsyncResetSynchronizerPrimitiveShiftReg_d3_i0_TestHarness_UNIQUIFIED.sv
sed -i 's/module\( \+\)AsyncResetSynchronizerPrimitiveShiftReg_d3_i0/module\1AsyncResetSynchronizerPrimitiveShiftReg_d3_i0_TestHarness_UNIQUIFIED/' /work/chipyard/sims/verilator/generated-src/chipyard.harness.TestHarness.Baseline8CoreConfig/gen-collateral/AsyncResetSynchronizerPrimitiveShiftReg_d3_i0_TestHarness_UNIQUIFIED.sv
sed -i 's/module\( \+\)AsyncResetSynchronizerPrimitiveShiftReg_d3_i0/module\1AsyncResetSynchronizerPrimitiveShiftReg_d3_i0_TestHarness_UNIQUIFIED/' /work/chipyard/sims/verilator/generated-src/chipyard.harness.TestHarness.Baseline8CoreConfig/gen-collateral/AsyncResetSynchronizerPrimitiveShiftReg_d3_i0_TestHarness_UNIQUIFIED.sv
sed -i 's/module\( \+\)AsyncResetSynchronizerPrimitiveShiftReg_d3_i0/module\1AsyncResetSynchronizerPrimitiveShiftReg_d3_i0_TestHarness_UNIQUIFIED/' /work/chipyard/sims/verilator/generated-src/chipyard.harness.TestHarness.Baseline8CoreConfig/gen-collateral/AsyncResetSynchronizerPrimitiveShiftReg_d3_i0_TestHarness_UNIQUIFIED.sv
sed -i 's/module\( \+\)AsyncResetSynchronizerPrimitiveShiftReg_d3_i0/module\1AsyncResetSynchronizerPrimitiveShiftReg_d3_i0_TestHarness_UNIQUIFIED/' /work/chipyard/sims/verilator/generated-src/chipyard.harness.TestHarness.Baseline8CoreConfig/gen-collateral/AsyncResetSynchronizerPrimitiveShiftReg_d3_i0_TestHarness_UNIQUIFIED.sv
sed -i 's/module\( \+\)AsyncResetSynchronizerPrimitiveShiftReg_d3_i0/module\1AsyncResetSynchronizerPrimitiveShiftReg_d3_i0_TestHarness_UNIQUIFIED/' /work/chipyard/sims/verilator/generated-src/chipyard.harness.TestHarness.Baseline8CoreConfig/gen-collateral/AsyncResetSynchronizerPrimitiveShiftReg_d3_i0_TestHarness_UNIQUIFIED.sv
sed -i 's/module\( \+\)AsyncResetSynchronizerPrimitiveShiftReg_d3_i0/module\1AsyncResetSynchronizerPrimitiveShiftReg_d3_i0_TestHarness_UNIQUIFIED/' /work/chipyard/sims/verilator/generated-src/chipyard.harness.TestHarness.Baseline8CoreConfig/gen-collateral/AsyncResetSynchronizerPrimitiveShiftReg_d3_i0_TestHarness_UNIQUIFIED.sv
sed -i 's/module\( \+\)AsyncResetSynchronizerPrimitiveShiftReg_d3_i0/module\1AsyncResetSynchronizerPrimitiveShiftReg_d3_i0_TestHarness_UNIQUIFIED/' /work/chipyard/sims/verilator/generated-src/chipyard.harness.TestHarness.Baseline8CoreConfig/gen-collateral/AsyncResetSynchronizerPrimitiveShiftReg_d3_i0_TestHarness_UNIQUIFIED.sv
sed -i 's/module\( \+\)AsyncResetSynchronizerPrimitiveShiftReg_d3_i0/module\1AsyncResetSynchronizerPrimitiveShiftReg_d3_i0_TestHarness_UNIQUIFIED/' /work/chipyard/sims/verilator/generated-src/chipyard.harness.TestHarness.Baseline8CoreConfig/gen-collateral/AsyncResetSynchronizerPrimitiveShiftReg_d3_i0_TestHarness_UNIQUIFIED.sv
sed -i 's/module\( \+\)AsyncResetSynchronizerPrimitiveShiftReg_d3_i0/module\1AsyncResetSynchronizerPrimitiveShiftReg_d3_i0_TestHarness_UNIQUIFIED/' /work/chipyard/sims/verilator/generated-src/chipyard.harness.TestHarness.Baseline8CoreConfig/gen-collateral/AsyncResetSynchronizerPrimitiveShiftReg_d3_i0_TestHarness_UNIQUIFIED.sv
sed -i 's/module\( \+\)AsyncResetSynchronizerPrimitiveShiftReg_d3_i0/module\1AsyncResetSynchronizerPrimitiveShiftReg_d3_i0_TestHarness_UNIQUIFIED/' /work/chipyard/sims/verilator/generated-src/chipyard.harness.TestHarness.Baseline8CoreConfig/gen-collateral/AsyncResetSynchronizerPrimitiveShiftReg_d3_i0_TestHarness_UNIQUIFIED.sv
sed -i 's/module\( \+\)AsyncResetSynchronizerPrimitiveShiftReg_d3_i0/module\1AsyncResetSynchronizerPrimitiveShiftReg_d3_i0_TestHarness_UNIQUIFIED/' /work/chipyard/sims/verilator/generated-src/chipyard.harness.TestHarness.Baseline8CoreConfig/gen-collateral/AsyncResetSynchronizerPrimitiveShiftReg_d3_i0_TestHarness_UNIQUIFIED.sv
sed -i 's/module\( \+\)AsyncResetSynchronizerPrimitiveShiftReg_d3_i0/module\1AsyncResetSynchronizerPrimitiveShiftReg_d3_i0_TestHarness_UNIQUIFIED/' /work/chipyard/sims/verilator/generated-src/chipyard.harness.TestHarness.Baseline8CoreConfig/gen-collateral/AsyncResetSynchronizerPrimitiveShiftReg_d3_i0_TestHarness_UNIQUIFIED.sv
sed -i 's/module\( \+\)AsyncResetSynchronizerPrimitiveShiftReg_d3_i0/module\1AsyncResetSynchronizerPrimitiveShiftReg_d3_i0_TestHarness_UNIQUIFIED/' /work/chipyard/sims/verilator/generated-src/chipyard.harness.TestHarness.Baseline8CoreConfig/gen-collateral/AsyncResetSynchronizerPrimitiveShiftReg_d3_i0_TestHarness_UNIQUIFIED.sv
sed -i 's/module\( \+\)AsyncResetSynchronizerPrimitiveShiftReg_d3_i0/module\1AsyncResetSynchronizerPrimitiveShiftReg_d3_i0_TestHarness_UNIQUIFIED/' /work/chipyard/sims/verilator/generated-src/chipyard.harness.TestHarness.Baseline8CoreConfig/gen-collateral/AsyncResetSynchronizerPrimitiveShiftReg_d3_i0_TestHarness_UNIQUIFIED.sv
sed -i 's/module\( \+\)AsyncResetSynchronizerPrimitiveShiftReg_d3_i0/module\1AsyncResetSynchronizerPrimitiveShiftReg_d3_i0_TestHarness_UNIQUIFIED/' /work/chipyard/sims/verilator/generated-src/chipyard.harness.TestHarness.Baseline8CoreConfig/gen-collateral/AsyncResetSynchronizerPrimitiveShiftReg_d3_i0_TestHarness_UNIQUIFIED.sv
sed -i 's/module\( \+\)AsyncResetSynchronizerPrimitiveShiftReg_d3_i0/module\1AsyncResetSynchronizerPrimitiveShiftReg_d3_i0_TestHarness_UNIQUIFIED/' /work/chipyard/sims/verilator/generated-src/chipyard.harness.TestHarness.Baseline8CoreConfig/gen-collateral/AsyncResetSynchronizerPrimitiveShiftReg_d3_i0_TestHarness_UNIQUIFIED.sv
sed -i 's/module\( \+\)AsyncResetSynchronizerPrimitiveShiftReg_d3_i0/module\1AsyncResetSynchronizerPrimitiveShiftReg_d3_i0_TestHarness_UNIQUIFIED/' /work/chipyard/sims/verilator/generated-src/chipyard.harness.TestHarness.Baseline8CoreConfig/gen-collateral/AsyncResetSynchronizerPrimitiveShiftReg_d3_i0_TestHarness_UNIQUIFIED.sv
sed -i 's/module\( \+\)AsyncResetSynchronizerPrimitiveShiftReg_d3_i0/module\1AsyncResetSynchronizerPrimitiveShiftReg_d3_i0_TestHarness_UNIQUIFIED/' /work/chipyard/sims/verilator/generated-src/chipyard.harness.TestHarness.Baseline8CoreConfig/gen-collateral/AsyncResetSynchronizerPrimitiveShiftReg_d3_i0_TestHarness_UNIQUIFIED.sv
sed -i 's/module\( \+\)AsyncResetSynchronizerPrimitiveShiftReg_d3_i0/module\1AsyncResetSynchronizerPrimitiveShiftReg_d3_i0_TestHarness_UNIQUIFIED/' /work/chipyard/sims/verilator/generated-src/chipyard.harness.TestHarness.Baseline8CoreConfig/gen-collateral/AsyncResetSynchronizerPrimitiveShiftReg_d3_i0_TestHarness_UNIQUIFIED.sv
sed -i 's/module\( \+\)AsyncResetSynchronizerPrimitiveShiftReg_d3_i0/module\1AsyncResetSynchronizerPrimitiveShiftReg_d3_i0_TestHarness_UNIQUIFIED/' /work/chipyard/sims/verilator/generated-src/chipyard.harness.TestHarness.Baseline8CoreConfig/gen-collateral/AsyncResetSynchronizerPrimitiveShiftReg_d3_i0_TestHarness_UNIQUIFIED.sv
sed -i 's/module\( \+\)AsyncResetSynchronizerPrimitiveShiftReg_d3_i0/module\1AsyncResetSynchronizerPrimitiveShiftReg_d3_i0_TestHarness_UNIQUIFIED/' /work/chipyard/sims/verilator/generated-src/chipyard.harness.TestHarness.Baseline8CoreConfig/gen-collateral/AsyncResetSynchronizerPrimitiveShiftReg_d3_i0_TestHarness_UNIQUIFIED.sv
sed -i 's/module\( \+\)AsyncResetSynchronizerPrimitiveShiftReg_d3_i0/module\1AsyncResetSynchronizerPrimitiveShiftReg_d3_i0_TestHarness_UNIQUIFIED/' /work/chipyard/sims/verilator/generated-src/chipyard.harness.TestHarness.Baseline8CoreConfig/gen-collateral/AsyncResetSynchronizerPrimitiveShiftReg_d3_i0_TestHarness_UNIQUIFIED.sv
sed -i 's/module\( \+\)AsyncResetSynchronizerPrimitiveShiftReg_d3_i0/module\1AsyncResetSynchronizerPrimitiveShiftReg_d3_i0_TestHarness_UNIQUIFIED/' /work/chipyard/sims/verilator/generated-src/chipyard.harness.TestHarness.Baseline8CoreConfig/gen-collateral/AsyncResetSynchronizerPrimitiveShiftReg_d3_i0_TestHarness_UNIQUIFIED.sv
sed -i 's/module\( \+\)AsyncResetSynchronizerPrimitiveShiftReg_d3_i0/module\1AsyncResetSynchronizerPrimitiveShiftReg_d3_i0_TestHarness_UNIQUIFIED/' /work/chipyard/sims/verilator/generated-src/chipyard.harness.TestHarness.Baseline8CoreConfig/gen-collateral/AsyncResetSynchronizerPrimitiveShiftReg_d3_i0_TestHarness_UNIQUIFIED.sv
sed -i 's/module\( \+\)AsyncResetSynchronizerPrimitiveShiftReg_d3_i0/module\1AsyncResetSynchronizerPrimitiveShiftReg_d3_i0_TestHarness_UNIQUIFIED/' /work/chipyard/sims/verilator/generated-src/chipyard.harness.TestHarness.Baseline8CoreConfig/gen-collateral/AsyncResetSynchronizerPrimitiveShiftReg_d3_i0_TestHarness_UNIQUIFIED.sv
sed -i 's/module\( \+\)AsyncResetSynchronizerPrimitiveShiftReg_d3_i0/module\1AsyncResetSynchronizerPrimitiveShiftReg_d3_i0_TestHarness_UNIQUIFIED/' /work/chipyard/sims/verilator/generated-src/chipyard.harness.TestHarness.Baseline8CoreConfig/gen-collateral/AsyncResetSynchronizerPrimitiveShiftReg_d3_i0_TestHarness_UNIQUIFIED.sv
sed -i 's/module\( \+\)AsyncResetSynchronizerPrimitiveShiftReg_d3_i0/module\1AsyncResetSynchronizerPrimitiveShiftReg_d3_i0_TestHarness_UNIQUIFIED/' /work/chipyard/sims/verilator/generated-src/chipyard.harness.TestHarness.Baseline8CoreConfig/gen-collateral/AsyncResetSynchronizerPrimitiveShiftReg_d3_i0_TestHarness_UNIQUIFIED.sv
sed -i 's/module\( \+\)AsyncResetSynchronizerPrimitiveShiftReg_d3_i0/module\1AsyncResetSynchronizerPrimitiveShiftReg_d3_i0_TestHarness_UNIQUIFIED/' /work/chipyard/sims/verilator/generated-src/chipyard.harness.TestHarness.Baseline8CoreConfig/gen-collateral/AsyncResetSynchronizerPrimitiveShiftReg_d3_i0_TestHarness_UNIQUIFIED.sv
sed -i 's/module\( \+\)AsyncResetSynchronizerPrimitiveShiftReg_d3_i0/module\1AsyncResetSynchronizerPrimitiveShiftReg_d3_i0_TestHarness_UNIQUIFIED/' /work/chipyard/sims/verilator/generated-src/chipyard.harness.TestHarness.Baseline8CoreConfig/gen-collateral/AsyncResetSynchronizerPrimitiveShiftReg_d3_i0_TestHarness_UNIQUIFIED.sv
sed -i 's/module\( \+\)AsyncResetSynchronizerPrimitiveShiftReg_d3_i0/module\1AsyncResetSynchronizerPrimitiveShiftReg_d3_i0_TestHarness_UNIQUIFIED/' /work/chipyard/sims/verilator/generated-src/chipyard.harness.TestHarness.Baseline8CoreConfig/gen-collateral/AsyncResetSynchronizerPrimitiveShiftReg_d3_i0_TestHarness_UNIQUIFIED.sv
sed -i 's/module\( \+\)AsyncResetSynchronizerPrimitiveShiftReg_d3_i0/module\1AsyncResetSynchronizerPrimitiveShiftReg_d3_i0_TestHarness_UNIQUIFIED/' /work/chipyard/sims/verilator/generated-src/chipyard.harness.TestHarness.Baseline8CoreConfig/gen-collateral/AsyncResetSynchronizerPrimitiveShiftReg_d3_i0_TestHarness_UNIQUIFIED.sv
sed -i 's/module\( \+\)AsyncResetSynchronizerPrimitiveShiftReg_d3_i0/module\1AsyncResetSynchronizerPrimitiveShiftReg_d3_i0_TestHarness_UNIQUIFIED/' /work/chipyard/sims/verilator/generated-src/chipyard.harness.TestHarness.Baseline8CoreConfig/gen-collateral/AsyncResetSynchronizerPrimitiveShiftReg_d3_i0_TestHarness_UNIQUIFIED.sv
sed -i 's/module\( \+\)AsyncResetSynchronizerPrimitiveShiftReg_d3_i0/module\1AsyncResetSynchronizerPrimitiveShiftReg_d3_i0_TestHarness_UNIQUIFIED/' /work/chipyard/sims/verilator/generated-src/chipyard.harness.TestHarness.Baseline8CoreConfig/gen-collateral/AsyncResetSynchronizerPrimitiveShiftReg_d3_i0_TestHarness_UNIQUIFIED.sv
sed -i 's/module\( \+\)AsyncResetSynchronizerPrimitiveShiftReg_d3_i0/module\1AsyncResetSynchronizerPrimitiveShiftReg_d3_i0_TestHarness_UNIQUIFIED/' /work/chipyard/sims/verilator/generated-src/chipyard.harness.TestHarness.Baseline8CoreConfig/gen-collateral/AsyncResetSynchronizerPrimitiveShiftReg_d3_i0_TestHarness_UNIQUIFIED.sv
sed -i 's/module\( \+\)AsyncResetSynchronizerPrimitiveShiftReg_d3_i0/module\1AsyncResetSynchronizerPrimitiveShiftReg_d3_i0_TestHarness_UNIQUIFIED/' /work/chipyard/sims/verilator/generated-src/chipyard.harness.TestHarness.Baseline8CoreConfig/gen-collateral/AsyncResetSynchronizerPrimitiveShiftReg_d3_i0_TestHarness_UNIQUIFIED.sv
sed -i 's/module\( \+\)AsyncResetSynchronizerPrimitiveShiftReg_d3_i0/module\1AsyncResetSynchronizerPrimitiveShiftReg_d3_i0_TestHarness_UNIQUIFIED/' /work/chipyard/sims/verilator/generated-src/chipyard.harness.TestHarness.Baseline8CoreConfig/gen-collateral/AsyncResetSynchronizerPrimitiveShiftReg_d3_i0_TestHarness_UNIQUIFIED.sv
sed -i 's/module\( \+\)AsyncResetSynchronizerPrimitiveShiftReg_d3_i0/module\1AsyncResetSynchronizerPrimitiveShiftReg_d3_i0_TestHarness_UNIQUIFIED/' /work/chipyard/sims/verilator/generated-src/chipyard.harness.TestHarness.Baseline8CoreConfig/gen-collateral/AsyncResetSynchronizerPrimitiveShiftReg_d3_i0_TestHarness_UNIQUIFIED.sv
sed -i 's/module\( \+\)AsyncResetSynchronizerPrimitiveShiftReg_d3_i0/module\1AsyncResetSynchronizerPrimitiveShiftReg_d3_i0_TestHarness_UNIQUIFIED/' /work/chipyard/sims/verilator/generated-src/chipyard.harness.TestHarness.Baseline8CoreConfig/gen-collateral/AsyncResetSynchronizerPrimitiveShiftReg_d3_i0_TestHarness_UNIQUIFIED.sv
sed -i 's/module\( \+\)AsyncResetSynchronizerPrimitiveShiftReg_d3_i0/module\1AsyncResetSynchronizerPrimitiveShiftReg_d3_i0_TestHarness_UNIQUIFIED/' /work/chipyard/sims/verilator/generated-src/chipyard.harness.TestHarness.Baseline8CoreConfig/gen-collateral/AsyncResetSynchronizerPrimitiveShiftReg_d3_i0_TestHarness_UNIQUIFIED.sv
sed -i 's/module\( \+\)AsyncResetSynchronizerPrimitiveShiftReg_d3_i0/module\1AsyncResetSynchronizerPrimitiveShiftReg_d3_i0_TestHarness_UNIQUIFIED/' /work/chipyard/sims/verilator/generated-src/chipyard.harness.TestHarness.Baseline8CoreConfig/gen-collateral/AsyncResetSynchronizerPrimitiveShiftReg_d3_i0_TestHarness_UNIQUIFIED.sv
sed -i 's/module\( \+\)AsyncResetSynchronizerPrimitiveShiftReg_d3_i0/module\1AsyncResetSynchronizerPrimitiveShiftReg_d3_i0_TestHarness_UNIQUIFIED/' /work/chipyard/sims/verilator/generated-src/chipyard.harness.TestHarness.Baseline8CoreConfig/gen-collateral/AsyncResetSynchronizerPrimitiveShiftReg_d3_i0_TestHarness_UNIQUIFIED.sv
sed -i 's/module\( \+\)AsyncResetSynchronizerPrimitiveShiftReg_d3_i0/module\1AsyncResetSynchronizerPrimitiveShiftReg_d3_i0_TestHarness_UNIQUIFIED/' /work/chipyard/sims/verilator/generated-src/chipyard.harness.TestHarness.Baseline8CoreConfig/gen-collateral/AsyncResetSynchronizerPrimitiveShiftReg_d3_i0_TestHarness_UNIQUIFIED.sv
sed -i 's/module\( \+\)AsyncResetSynchronizerPrimitiveShiftReg_d3_i0/module\1AsyncResetSynchronizerPrimitiveShiftReg_d3_i0_TestHarness_UNIQUIFIED/' /work/chipyard/sims/verilator/generated-src/chipyard.harness.TestHarness.Baseline8CoreConfig/gen-collateral/AsyncResetSynchronizerPrimitiveShiftReg_d3_i0_TestHarness_UNIQUIFIED.sv
sed -i 's/module\( \+\)AsyncResetSynchronizerPrimitiveShiftReg_d3_i0/module\1AsyncResetSynchronizerPrimitiveShiftReg_d3_i0_TestHarness_UNIQUIFIED/' /work/chipyard/sims/verilator/generated-src/chipyard.harness.TestHarness.Baseline8CoreConfig/gen-collateral/AsyncResetSynchronizerPrimitiveShiftReg_d3_i0_TestHarness_UNIQUIFIED.sv
sed -i 's/module\( \+\)AsyncResetSynchronizerPrimitiveShiftReg_d3_i0/module\1AsyncResetSynchronizerPrimitiveShiftReg_d3_i0_TestHarness_UNIQUIFIED/' /work/chipyard/sims/verilator/generated-src/chipyard.harness.TestHarness.Baseline8CoreConfig/gen-collateral/AsyncResetSynchronizerPrimitiveShiftReg_d3_i0_TestHarness_UNIQUIFIED.sv
sed -i 's/module\( \+\)AsyncResetSynchronizerPrimitiveShiftReg_d3_i0/module\1AsyncResetSynchronizerPrimitiveShiftReg_d3_i0_TestHarness_UNIQUIFIED/' /work/chipyard/sims/verilator/generated-src/chipyard.harness.TestHarness.Baseline8CoreConfig/gen-collateral/AsyncResetSynchronizerPrimitiveShiftReg_d3_i0_TestHarness_UNIQUIFIED.sv
sed -i 's/module\( \+\)AsyncResetSynchronizerPrimitiveShiftReg_d3_i0/module\1AsyncResetSynchronizerPrimitiveShiftReg_d3_i0_TestHarness_UNIQUIFIED/' /work/chipyard/sims/verilator/generated-src/chipyard.harness.TestHarness.Baseline8CoreConfig/gen-collateral/AsyncResetSynchronizerPrimitiveShiftReg_d3_i0_TestHarness_UNIQUIFIED.sv
sed -i 's/module\( \+\)AsyncResetSynchronizerPrimitiveShiftReg_d3_i0/module\1AsyncResetSynchronizerPrimitiveShiftReg_d3_i0_TestHarness_UNIQUIFIED/' /work/chipyard/sims/verilator/generated-src/chipyard.harness.TestHarness.Baseline8CoreConfig/gen-collateral/AsyncResetSynchronizerPrimitiveShiftReg_d3_i0_TestHarness_UNIQUIFIED.sv
sed -i 's/module\( \+\)AsyncResetSynchronizerPrimitiveShiftReg_d3_i0/module\1AsyncResetSynchronizerPrimitiveShiftReg_d3_i0_TestHarness_UNIQUIFIED/' /work/chipyard/sims/verilator/generated-src/chipyard.harness.TestHarness.Baseline8CoreConfig/gen-collateral/AsyncResetSynchronizerPrimitiveShiftReg_d3_i0_TestHarness_UNIQUIFIED.sv
sed -i 's/module\( \+\)AsyncResetSynchronizerPrimitiveShiftReg_d3_i0/module\1AsyncResetSynchronizerPrimitiveShiftReg_d3_i0_TestHarness_UNIQUIFIED/' /work/chipyard/sims/verilator/generated-src/chipyard.harness.TestHarness.Baseline8CoreConfig/gen-collateral/AsyncResetSynchronizerPrimitiveShiftReg_d3_i0_TestHarness_UNIQUIFIED.sv
sed -i 's/module\( \+\)AsyncResetSynchronizerPrimitiveShiftReg_d3_i0/module\1AsyncResetSynchronizerPrimitiveShiftReg_d3_i0_TestHarness_UNIQUIFIED/' /work/chipyard/sims/verilator/generated-src/chipyard.harness.TestHarness.Baseline8CoreConfig/gen-collateral/AsyncResetSynchronizerPrimitiveShiftReg_d3_i0_TestHarness_UNIQUIFIED.sv
sed -i 's/module\( \+\)AsyncResetSynchronizerPrimitiveShiftReg_d3_i0/module\1AsyncResetSynchronizerPrimitiveShiftReg_d3_i0_TestHarness_UNIQUIFIED/' /work/chipyard/sims/verilator/generated-src/chipyard.harness.TestHarness.Baseline8CoreConfig/gen-collateral/AsyncResetSynchronizerPrimitiveShiftReg_d3_i0_TestHarness_UNIQUIFIED.sv
sed -i 's/module\( \+\)AsyncResetSynchronizerPrimitiveShiftReg_d3_i0/module\1AsyncResetSynchronizerPrimitiveShiftReg_d3_i0_TestHarness_UNIQUIFIED/' /work/chipyard/sims/verilator/generated-src/chipyard.harness.TestHarness.Baseline8CoreConfig/gen-collateral/AsyncResetSynchronizerPrimitiveShiftReg_d3_i0_TestHarness_UNIQUIFIED.sv
sed -i 's/module\( \+\)AsyncResetSynchronizerPrimitiveShiftReg_d3_i0/module\1AsyncResetSynchronizerPrimitiveShiftReg_d3_i0_TestHarness_UNIQUIFIED/' /work/chipyard/sims/verilator/generated-src/chipyard.harness.TestHarness.Baseline8CoreConfig/gen-collateral/AsyncResetSynchronizerPrimitiveShiftReg_d3_i0_TestHarness_UNIQUIFIED.sv
sed -i 's/module\( \+\)AsyncResetSynchronizerPrimitiveShiftReg_d3_i0/module\1AsyncResetSynchronizerPrimitiveShiftReg_d3_i0_TestHarness_UNIQUIFIED/' /work/chipyard/sims/verilator/generated-src/chipyard.harness.TestHarness.Baseline8CoreConfig/gen-collateral/AsyncResetSynchronizerPrimitiveShiftReg_d3_i0_TestHarness_UNIQUIFIED.sv
sed -i 's/module\( \+\)AsyncResetSynchronizerPrimitiveShiftReg_d3_i0/module\1AsyncResetSynchronizerPrimitiveShiftReg_d3_i0_TestHarness_UNIQUIFIED/' /work/chipyard/sims/verilator/generated-src/chipyard.harness.TestHarness.Baseline8CoreConfig/gen-collateral/AsyncResetSynchronizerPrimitiveShiftReg_d3_i0_TestHarness_UNIQUIFIED.sv
sed -i 's/module\( \+\)AsyncResetSynchronizerPrimitiveShiftReg_d3_i0/module\1AsyncResetSynchronizerPrimitiveShiftReg_d3_i0_TestHarness_UNIQUIFIED/' /work/chipyard/sims/verilator/generated-src/chipyard.harness.TestHarness.Baseline8CoreConfig/gen-collateral/AsyncResetSynchronizerPrimitiveShiftReg_d3_i0_TestHarness_UNIQUIFIED.sv
sed -i 's/module\( \+\)AsyncResetSynchronizerPrimitiveShiftReg_d3_i0/module\1AsyncResetSynchronizerPrimitiveShiftReg_d3_i0_TestHarness_UNIQUIFIED/' /work/chipyard/sims/verilator/generated-src/chipyard.harness.TestHarness.Baseline8CoreConfig/gen-collateral/AsyncResetSynchronizerPrimitiveShiftReg_d3_i0_TestHarness_UNIQUIFIED.sv
sed -i 's/module\( \+\)AsyncResetSynchronizerPrimitiveShiftReg_d3_i0/module\1AsyncResetSynchronizerPrimitiveShiftReg_d3_i0_TestHarness_UNIQUIFIED/' /work/chipyard/sims/verilator/generated-src/chipyard.harness.TestHarness.Baseline8CoreConfig/gen-collateral/AsyncResetSynchronizerPrimitiveShiftReg_d3_i0_TestHarness_UNIQUIFIED.sv
sed -i 's/module\( \+\)AsyncResetSynchronizerPrimitiveShiftReg_d3_i0/module\1AsyncResetSynchronizerPrimitiveShiftReg_d3_i0_TestHarness_UNIQUIFIED/' /work/chipyard/sims/verilator/generated-src/chipyard.harness.TestHarness.Baseline8CoreConfig/gen-collateral/AsyncResetSynchronizerPrimitiveShiftReg_d3_i0_TestHarness_UNIQUIFIED.sv
sed -i 's/module\( \+\)AsyncResetSynchronizerPrimitiveShiftReg_d3_i0/module\1AsyncResetSynchronizerPrimitiveShiftReg_d3_i0_TestHarness_UNIQUIFIED/' /work/chipyard/sims/verilator/generated-src/chipyard.harness.TestHarness.Baseline8CoreConfig/gen-collateral/AsyncResetSynchronizerPrimitiveShiftReg_d3_i0_TestHarness_UNIQUIFIED.sv
sed -i 's/module\( \+\)AsyncResetSynchronizerPrimitiveShiftReg_d3_i0/module\1AsyncResetSynchronizerPrimitiveShiftReg_d3_i0_TestHarness_UNIQUIFIED/' /work/chipyard/sims/verilator/generated-src/chipyard.harness.TestHarness.Baseline8CoreConfig/gen-collateral/AsyncResetSynchronizerPrimitiveShiftReg_d3_i0_TestHarness_UNIQUIFIED.sv
sed -i 's/module\( \+\)AsyncResetSynchronizerPrimitiveShiftReg_d3_i0/module\1AsyncResetSynchronizerPrimitiveShiftReg_d3_i0_TestHarness_UNIQUIFIED/' /work/chipyard/sims/verilator/generated-src/chipyard.harness.TestHarness.Baseline8CoreConfig/gen-collateral/AsyncResetSynchronizerPrimitiveShiftReg_d3_i0_TestHarness_UNIQUIFIED.sv
sed -i 's/module\( \+\)AsyncResetSynchronizerPrimitiveShiftReg_d3_i0/module\1AsyncResetSynchronizerPrimitiveShiftReg_d3_i0_TestHarness_UNIQUIFIED/' /work/chipyard/sims/verilator/generated-src/chipyard.harness.TestHarness.Baseline8CoreConfig/gen-collateral/AsyncResetSynchronizerPrimitiveShiftReg_d3_i0_TestHarness_UNIQUIFIED.sv
sed -i 's/module\( \+\)AsyncResetSynchronizerPrimitiveShiftReg_d3_i0/module\1AsyncResetSynchronizerPrimitiveShiftReg_d3_i0_TestHarness_UNIQUIFIED/' /work/chipyard/sims/verilator/generated-src/chipyard.harness.TestHarness.Baseline8CoreConfig/gen-collateral/AsyncResetSynchronizerPrimitiveShiftReg_d3_i0_TestHarness_UNIQUIFIED.sv
sed -e 's;^;/work/chipyard/sims/verilator/generated-src/chipyard.harness.TestHarness.Baseline8CoreConfig/gen-collateral/;' /work/chipyard/sims/verilator/generated-src/chipyard.harness.TestHarness.Baseline8CoreConfig/gen-collateral/firrtl_black_box_resource_files.f > /work/chipyard/sims/verilator/generated-src/chipyard.harness.TestHarness.Baseline8CoreConfig/chipyard.harness.TestHarness.Baseline8CoreConfig.bb.f
sed -i 's/\.\///' /work/chipyard/sims/verilator/generated-src/chipyard.harness.TestHarness.Baseline8CoreConfig/chipyard.harness.TestHarness.Baseline8CoreConfig.top.f
sed -i 's/\.\///' /work/chipyard/sims/verilator/generated-src/chipyard.harness.TestHarness.Baseline8CoreConfig/chipyard.harness.TestHarness.Baseline8CoreConfig.model.f
sed -i 's/\.\///' /work/chipyard/sims/verilator/generated-src/chipyard.harness.TestHarness.Baseline8CoreConfig/chipyard.harness.TestHarness.Baseline8CoreConfig.bb.f
sort -u /work/chipyard/sims/verilator/generated-src/chipyard.harness.TestHarness.Baseline8CoreConfig/chipyard.harness.TestHarness.Baseline8CoreConfig.top.f /work/chipyard/sims/verilator/generated-src/chipyard.harness.TestHarness.Baseline8CoreConfig/chipyard.harness.TestHarness.Baseline8CoreConfig.model.f /work/chipyard/sims/verilator/generated-src/chipyard.harness.TestHarness.Baseline8CoreConfig/chipyard.harness.TestHarness.Baseline8CoreConfig.bb.f > /work/chipyard/sims/verilator/generated-src/chipyard.harness.TestHarness.Baseline8CoreConfig/chipyard.harness.TestHarness.Baseline8CoreConfig.all.f
cp -f /work/chipyard/generators/rocket-chip/src/main/resources/vsrc/TestDriver.v /work/chipyard/sims/verilator/generated-src/chipyard.harness.TestHarness.Baseline8CoreConfig/gen-collateral
/work/chipyard/scripts/split-mems-conf.py \
	--in-smems-conf /work/chipyard/sims/verilator/generated-src/chipyard.harness.TestHarness.Baseline8CoreConfig/chipyard.harness.TestHarness.Baseline8CoreConfig.mems.conf \
	--in-model-hrchy-json /work/chipyard/sims/verilator/generated-src/chipyard.harness.TestHarness.Baseline8CoreConfig/model_module_hierarchy.uniquified.json \
	--dut-module-name ChipTop \
	--model-module-name TestHarness \
	--out-dut-smems-conf /work/chipyard/sims/verilator/generated-src/chipyard.harness.TestHarness.Baseline8CoreConfig/chipyard.harness.TestHarness.Baseline8CoreConfig.top.mems.conf \
	--out-model-smems-conf /work/chipyard/sims/verilator/generated-src/chipyard.harness.TestHarness.Baseline8CoreConfig/chipyard.harness.TestHarness.Baseline8CoreConfig.model.mems.conf
echo "/work/chipyard/sims/verilator/generated-src/chipyard.harness.TestHarness.Baseline8CoreConfig/gen-collateral/TestDriver.v" >> /work/chipyard/sims/verilator/generated-src/chipyard.harness.TestHarness.Baseline8CoreConfig/sim_files.f;
cd /work/chipyard && java -cp /work/chipyard/.classpath_cache/tapeout.jar tapeout.macros.MacroCompiler -n /work/chipyard/sims/verilator/generated-src/chipyard.harness.TestHarness.Baseline8CoreConfig/chipyard.harness.TestHarness.Baseline8CoreConfig.top.mems.conf -v /work/chipyard/sims/verilator/generated-src/chipyard.harness.TestHarness.Baseline8CoreConfig/gen-collateral/chipyard.harness.TestHarness.Baseline8CoreConfig.top.mems.v -f /work/chipyard/sims/verilator/generated-src/chipyard.harness.TestHarness.Baseline8CoreConfig/chipyard.harness.TestHarness.Baseline8CoreConfig.top.mems.fir --mode synflops
cd /work/chipyard && java -cp /work/chipyard/.classpath_cache/tapeout.jar tapeout.macros.MacroCompiler  -n /work/chipyard/sims/verilator/generated-src/chipyard.harness.TestHarness.Baseline8CoreConfig/chipyard.harness.TestHarness.Baseline8CoreConfig.model.mems.conf -v /work/chipyard/sims/verilator/generated-src/chipyard.harness.TestHarness.Baseline8CoreConfig/gen-collateral/chipyard.harness.TestHarness.Baseline8CoreConfig.model.mems.v -f /work/chipyard/sims/verilator/generated-src/chipyard.harness.TestHarness.Baseline8CoreConfig/chipyard.harness.TestHarness.Baseline8CoreConfig.model.mems.fir --mode synflops
Picked up JAVA_TOOL_OPTIONS: -Xmx8G -Xss8M -Djava.io.tmpdir=/work/chipyard/.java_tmp
Picked up JAVA_TOOL_OPTIONS: -Xmx8G -Xss8M -Djava.io.tmpdir=/work/chipyard/.java_tmp
WARNING: Empty *.mems.conf file. No memories generated.
touch /work/chipyard/sims/verilator/generated-src/chipyard.harness.TestHarness.Baseline8CoreConfig/gen-collateral/chipyard.harness.TestHarness.Baseline8CoreConfig.model.mems.v /work/chipyard/sims/verilator/generated-src/chipyard.harness.TestHarness.Baseline8CoreConfig/chipyard.harness.TestHarness.Baseline8CoreConfig.model.mems.fir
touch /work/chipyard/sims/verilator/generated-src/chipyard.harness.TestHarness.Baseline8CoreConfig/gen-collateral/chipyard.harness.TestHarness.Baseline8CoreConfig.top.mems.v /work/chipyard/sims/verilator/generated-src/chipyard.harness.TestHarness.Baseline8CoreConfig/chipyard.harness.TestHarness.Baseline8CoreConfig.top.mems.fir
rm -f /work/chipyard/sims/verilator/generated-src/chipyard.harness.TestHarness.Baseline8CoreConfig/sim_files.common.f
sort -u /work/chipyard/sims/verilator/generated-src/chipyard.harness.TestHarness.Baseline8CoreConfig/sim_files.f /work/chipyard/sims/verilator/generated-src/chipyard.harness.TestHarness.Baseline8CoreConfig/chipyard.harness.TestHarness.Baseline8CoreConfig.all.f | grep -v '.*\.\(svh\|h\)$' >> /work/chipyard/sims/verilator/generated-src/chipyard.harness.TestHarness.Baseline8CoreConfig/sim_files.common.f
echo "/work/chipyard/sims/verilator/generated-src/chipyard.harness.TestHarness.Baseline8CoreConfig/gen-collateral/chipyard.harness.TestHarness.Baseline8CoreConfig.top.mems.v" >> /work/chipyard/sims/verilator/generated-src/chipyard.harness.TestHarness.Baseline8CoreConfig/sim_files.common.f
echo "/work/chipyard/sims/verilator/generated-src/chipyard.harness.TestHarness.Baseline8CoreConfig/gen-collateral/chipyard.harness.TestHarness.Baseline8CoreConfig.model.mems.v" >> /work/chipyard/sims/verilator/generated-src/chipyard.harness.TestHarness.Baseline8CoreConfig/sim_files.common.f
rm -rf /work/chipyard/sims/verilator/generated-src/chipyard.harness.TestHarness.Baseline8CoreConfig/chipyard.harness.TestHarness.Baseline8CoreConfig
mkdir -p /work/chipyard/sims/verilator/generated-src/chipyard.harness.TestHarness.Baseline8CoreConfig/chipyard.harness.TestHarness.Baseline8CoreConfig
verilator --main --timing --cc --exe -CFLAGS " -O3 -std=c++17 -I/work/riscv/include -I/work/chipyard/tools/DRAMSim2 -I/work/chipyard/sims/verilator/generated-src/chipyard.harness.TestHarness.Baseline8CoreConfig/gen-collateral   -DVERILATOR" -LDFLAGS " -L/work/riscv/lib -Wl,-rpath,/work/riscv/lib -L/work/chipyard/sims/verilator -L/work/chipyard/tools/DRAMSim2 -lriscv -lfesvr -ldramsim "   --threads 1 --threads-dpi all -O3 --x-assign fast --x-initial fast --output-split 10000 --output-split-cfuncs 100 --assert -Wno-fatal --timescale 1ns/1ps --max-num-width 1048576 +define+CLOCK_PERIOD=1.0 +define+RESET_DELAY=777.7 +define+PRINTF_COND=TestDriver.printf_cond +define+STOP_COND=!TestDriver.reset +define+MODEL=TestHarness +define+RANDOMIZE_MEM_INIT +define+RANDOMIZE_REG_INIT +define+RANDOMIZE_GARBAGE_ASSIGN +define+RANDOMIZE_INVALID_ASSIGN +define+VERILATOR --top-module TestDriver --vpi  -f /work/chipyard/sims/verilator/generated-src/chipyard.harness.TestHarness.Baseline8CoreConfig/sim_files.common.f  -o /work/chipyard/sims/verilator/simulator-chipyard.harness-Baseline8CoreConfig -Mdir /work/chipyard/sims/verilator/generated-src/chipyard.harness.TestHarness.Baseline8CoreConfig/chipyard.harness.TestHarness.Baseline8CoreConfig
%Warning-REDEFMACRO: Redefining existing define: 'VERILATOR', with different value: ''
                     ... Location of previous definition, with value: '1'
                     ... For warning description see https://verilator.org/warn/REDEFMACRO?v=5.020
                     ... Use "/* verilator lint_off REDEFMACRO */" and lint_on around source to disable this message.
%Warning-WIDTHTRUNC: /work/chipyard/sims/verilator/generated-src/chipyard.harness.TestHarness.Baseline8CoreConfig/gen-collateral/ram_data_3x64.sv:26:24: Bit extraction of var[63:0] requires 6 bit index, not 7 bits.
                                                                                                                                                       : ... note: In instance 'TestDriver.testHarness.chiptop0.system.coh_wrapper.l2.inclusive_cache_bank_sched.sourceD.queue.ram_data_ext'
   26 |             _RANDOM_MEM[j +: 32] = $random;  
      |                        ^
%Warning-WIDTHTRUNC: /work/chipyard/sims/verilator/generated-src/chipyard.harness.TestHarness.Baseline8CoreConfig/gen-collateral/ram_2x117.sv:26:24: Bit extraction of var[127:0] requires 7 bit index, not 8 bits.
                                                                                                                                                   : ... note: In instance 'TestDriver.testHarness.chiptop0.system.coh_wrapper.l2.inclusive_cache_bank_sched.sourceA.io_a_q.ram_ext'
   26 |             _RANDOM_MEM[j +: 32] = $random;  
      |                        ^
%Warning-WIDTHTRUNC: /work/chipyard/sims/verilator/generated-src/chipyard.harness.TestHarness.Baseline8CoreConfig/gen-collateral/ram_2x112.sv:26:24: Bit extraction of var[127:0] requires 7 bit index, not 8 bits.
                                                                                                                                                   : ... note: In instance 'TestDriver.testHarness.chiptop0.system.coh_wrapper.l2.inclusive_cache_bank_sched.sinkC.c_q.ram_ext'
   26 |             _RANDOM_MEM[j +: 32] = $random;  
      |                        ^
%Warning-WIDTHTRUNC: /work/chipyard/sims/verilator/generated-src/chipyard.harness.TestHarness.Baseline8CoreConfig/gen-collateral/ram_12x109.sv:26:24: Bit extraction of var[127:0] requires 7 bit index, not 8 bits.
                                                                                                                                                    : ... note: In instance 'TestDriver.testHarness.chiptop0.system.coh_wrapper.l2.inclusive_cache_bank_sched.sourceC.queue.ram_ext'
   26 |             _RANDOM_MEM[j +: 32] = $random;  
      |                        ^
%Warning-WIDTHTRUNC: /work/chipyard/sims/verilator/generated-src/chipyard.harness.TestHarness.Baseline8CoreConfig/gen-collateral/ram_2x119.sv:26:24: Bit extraction of var[127:0] requires 7 bit index, not 8 bits.
                                                                                                                                                   : ... note: In instance 'TestDriver.testHarness.chiptop0.system.fbus.coupler_from_port_named_serial_tl_0_in.buffer.nodeOut_a_q.ram_ext'
   26 |             _RANDOM_MEM[j +: 32] = $random;  
      |                        ^
%Warning-WIDTHTRUNC: /work/chipyard/sims/verilator/generated-src/chipyard.harness.TestHarness.Baseline8CoreConfig/gen-collateral/ram_2x110.sv:26:24: Bit extraction of var[127:0] requires 7 bit index, not 8 bits.
                                                                                                                                                   : ... note: In instance 'TestDriver.testHarness.chiptop0.system.cbus.coupler_to_prci_ctrl.buffer.nodeOut_a_q.ram_ext'
   26 |             _RANDOM_MEM[j +: 32] = $random;  
      |                        ^
%Warning-WIDTHTRUNC: /work/chipyard/sims/verilator/generated-src/chipyard.harness.TestHarness.Baseline8CoreConfig/gen-collateral/ram_2x104.sv:26:24: Bit extraction of var[127:0] requires 7 bit index, not 8 bits.
                                                                                                                                                   : ... note: In instance 'TestDriver.testHarness.chiptop0.system.cbus.wrapped_error_device.buffer.nodeOut_a_q.ram_ext'
   26 |             _RANDOM_MEM[j +: 32] = $random;  
      |                        ^
%Warning-WIDTHTRUNC: /work/chipyard/sims/verilator/generated-src/chipyard.harness.TestHarness.Baseline8CoreConfig/gen-collateral/data_33x44.sv:26:24: Bit extraction of var[63:0] requires 6 bit index, not 7 bits.
                                                                                                                                                    : ... note: In instance 'TestDriver.testHarness.chiptop0.system.coh_wrapper.l2.inclusive_cache_bank_sched.requests.data_ext'
   26 |             _RANDOM_MEM[j +: 32] = $random;  
      |                        ^
%Warning-WIDTHEXPAND: /work/chipyard/sims/verilator/generated-src/chipyard.harness.TestHarness.Baseline8CoreConfig/gen-collateral/Atomics.sv:91:45: Operator COND expects 32 or 4 bits on the Conditional True, but Conditional True's VARREF 'select' generates 2 bits.
                                                                                                                                                  : ... note: In instance 'TestDriver.testHarness.chiptop0.system.coh_wrapper.l2.inclusive_cache_bank_sched.sourceD.atomics'
   91 |   assign io_data_out = {_GEN_8[io_a_mask[7] ? select : 2'h0], _GEN_9[io_a_mask[6] ? select : 2'h0], _GEN_6[io_a_mask[5] ? select : 2'h0], _GEN_7[io_a_mask[4] ? select : 2'h0], _GEN_4[io_a_mask[3] ? select : 2'h0], _GEN_5[io_a_mask[2] ? select : 2'h0], _GEN_2[io_a_mask[1] ? select : 2'h0], _GEN_3[io_a_mask[0] ? select : 2'h0]};  
      |                                             ^
%Warning-WIDTHEXPAND: /work/chipyard/sims/verilator/generated-src/chipyard.harness.TestHarness.Baseline8CoreConfig/gen-collateral/Atomics.sv:91:45: Operator COND expects 32 or 4 bits on the Conditional False, but Conditional False's CONST '2'h0' generates 2 bits.
                                                                                                                                                  : ... note: In instance 'TestDriver.testHarness.chiptop0.system.coh_wrapper.l2.inclusive_cache_bank_sched.sourceD.atomics'
   91 |   assign io_data_out = {_GEN_8[io_a_mask[7] ? select : 2'h0], _GEN_9[io_a_mask[6] ? select : 2'h0], _GEN_6[io_a_mask[5] ? select : 2'h0], _GEN_7[io_a_mask[4] ? select : 2'h0], _GEN_4[io_a_mask[3] ? select : 2'h0], _GEN_5[io_a_mask[2] ? select : 2'h0], _GEN_2[io_a_mask[1] ? select : 2'h0], _GEN_3[io_a_mask[0] ? select : 2'h0]};  
      |                                             ^
%Warning-WIDTHEXPAND: /work/chipyard/sims/verilator/generated-src/chipyard.harness.TestHarness.Baseline8CoreConfig/gen-collateral/Atomics.sv:91:83: Operator COND expects 32 or 4 bits on the Conditional True, but Conditional True's VARREF 'select' generates 2 bits.
                                                                                                                                                  : ... note: In instance 'TestDriver.testHarness.chiptop0.system.coh_wrapper.l2.inclusive_cache_bank_sched.sourceD.atomics'
   91 |   assign io_data_out = {_GEN_8[io_a_mask[7] ? select : 2'h0], _GEN_9[io_a_mask[6] ? select : 2'h0], _GEN_6[io_a_mask[5] ? select : 2'h0], _GEN_7[io_a_mask[4] ? select : 2'h0], _GEN_4[io_a_mask[3] ? select : 2'h0], _GEN_5[io_a_mask[2] ? select : 2'h0], _GEN_2[io_a_mask[1] ? select : 2'h0], _GEN_3[io_a_mask[0] ? select : 2'h0]};  
      |                                                                                   ^
%Warning-WIDTHEXPAND: /work/chipyard/sims/verilator/generated-src/chipyard.harness.TestHarness.Baseline8CoreConfig/gen-collateral/Atomics.sv:91:83: Operator COND expects 32 or 4 bits on the Conditional False, but Conditional False's CONST '2'h0' generates 2 bits.
                                                                                                                                                  : ... note: In instance 'TestDriver.testHarness.chiptop0.system.coh_wrapper.l2.inclusive_cache_bank_sched.sourceD.atomics'
   91 |   assign io_data_out = {_GEN_8[io_a_mask[7] ? select : 2'h0], _GEN_9[io_a_mask[6] ? select : 2'h0], _GEN_6[io_a_mask[5] ? select : 2'h0], _GEN_7[io_a_mask[4] ? select : 2'h0], _GEN_4[io_a_mask[3] ? select : 2'h0], _GEN_5[io_a_mask[2] ? select : 2'h0], _GEN_2[io_a_mask[1] ? select : 2'h0], _GEN_3[io_a_mask[0] ? select : 2'h0]};  
      |                                                                                   ^
%Warning-WIDTHEXPAND: /work/chipyard/sims/verilator/generated-src/chipyard.harness.TestHarness.Baseline8CoreConfig/gen-collateral/Atomics.sv:91:121: Operator COND expects 32 or 4 bits on the Conditional True, but Conditional True's VARREF 'select' generates 2 bits.
                                                                                                                                                   : ... note: In instance 'TestDriver.testHarness.chiptop0.system.coh_wrapper.l2.inclusive_cache_bank_sched.sourceD.atomics'
   91 |   assign io_data_out = {_GEN_8[io_a_mask[7] ? select : 2'h0], _GEN_9[io_a_mask[6] ? select : 2'h0], _GEN_6[io_a_mask[5] ? select : 2'h0], _GEN_7[io_a_mask[4] ? select : 2'h0], _GEN_4[io_a_mask[3] ? select : 2'h0], _GEN_5[io_a_mask[2] ? select : 2'h0], _GEN_2[io_a_mask[1] ? select : 2'h0], _GEN_3[io_a_mask[0] ? select : 2'h0]};  
      |                                                                                                                         ^
%Warning-WIDTHEXPAND: /work/chipyard/sims/verilator/generated-src/chipyard.harness.TestHarness.Baseline8CoreConfig/gen-collateral/Atomics.sv:91:121: Operator COND expects 32 or 4 bits on the Conditional False, but Conditional False's CONST '2'h0' generates 2 bits.
                                                                                                                                                   : ... note: In instance 'TestDriver.testHarness.chiptop0.system.coh_wrapper.l2.inclusive_cache_bank_sched.sourceD.atomics'
   91 |   assign io_data_out = {_GEN_8[io_a_mask[7] ? select : 2'h0], _GEN_9[io_a_mask[6] ? select : 2'h0], _GEN_6[io_a_mask[5] ? select : 2'h0], _GEN_7[io_a_mask[4] ? select : 2'h0], _GEN_4[io_a_mask[3] ? select : 2'h0], _GEN_5[io_a_mask[2] ? select : 2'h0], _GEN_2[io_a_mask[1] ? select : 2'h0], _GEN_3[io_a_mask[0] ? select : 2'h0]};  
      |                                                                                                                         ^
%Warning-WIDTHEXPAND: /work/chipyard/sims/verilator/generated-src/chipyard.harness.TestHarness.Baseline8CoreConfig/gen-collateral/Atomics.sv:91:159: Operator COND expects 32 or 4 bits on the Conditional True, but Conditional True's VARREF 'select' generates 2 bits.
                                                                                                                                                   : ... note: In instance 'TestDriver.testHarness.chiptop0.system.coh_wrapper.l2.inclusive_cache_bank_sched.sourceD.atomics'
   91 |   assign io_data_out = {_GEN_8[io_a_mask[7] ? select : 2'h0], _GEN_9[io_a_mask[6] ? select : 2'h0], _GEN_6[io_a_mask[5] ? select : 2'h0], _GEN_7[io_a_mask[4] ? select : 2'h0], _GEN_4[io_a_mask[3] ? select : 2'h0], _GEN_5[io_a_mask[2] ? select : 2'h0], _GEN_2[io_a_mask[1] ? select : 2'h0], _GEN_3[io_a_mask[0] ? select : 2'h0]};  
      |                                                                                                                                                               ^
%Warning-WIDTHEXPAND: /work/chipyard/sims/verilator/generated-src/chipyard.harness.TestHarness.Baseline8CoreConfig/gen-collateral/Atomics.sv:91:159: Operator COND expects 32 or 4 bits on the Conditional False, but Conditional False's CONST '2'h0' generates 2 bits.
                                                                                                                                                   : ... note: In instance 'TestDriver.testHarness.chiptop0.system.coh_wrapper.l2.inclusive_cache_bank_sched.sourceD.atomics'
   91 |   assign io_data_out = {_GEN_8[io_a_mask[7] ? select : 2'h0], _GEN_9[io_a_mask[6] ? select : 2'h0], _GEN_6[io_a_mask[5] ? select : 2'h0], _GEN_7[io_a_mask[4] ? select : 2'h0], _GEN_4[io_a_mask[3] ? select : 2'h0], _GEN_5[io_a_mask[2] ? select : 2'h0], _GEN_2[io_a_mask[1] ? select : 2'h0], _GEN_3[io_a_mask[0] ? select : 2'h0]};  
      |                                                                                                                                                               ^
%Warning-WIDTHEXPAND: /work/chipyard/sims/verilator/generated-src/chipyard.harness.TestHarness.Baseline8CoreConfig/gen-collateral/Atomics.sv:91:197: Operator COND expects 32 or 4 bits on the Conditional True, but Conditional True's VARREF 'select' generates 2 bits.
                                                                                                                                                   : ... note: In instance 'TestDriver.testHarness.chiptop0.system.coh_wrapper.l2.inclusive_cache_bank_sched.sourceD.atomics'
   91 |   assign io_data_out = {_GEN_8[io_a_mask[7] ? select : 2'h0], _GEN_9[io_a_mask[6] ? select : 2'h0], _GEN_6[io_a_mask[5] ? select : 2'h0], _GEN_7[io_a_mask[4] ? select : 2'h0], _GEN_4[io_a_mask[3] ? select : 2'h0], _GEN_5[io_a_mask[2] ? select : 2'h0], _GEN_2[io_a_mask[1] ? select : 2'h0], _GEN_3[io_a_mask[0] ? select : 2'h0]};  
      |                                                                                                                                                                                                     ^
%Warning-WIDTHEXPAND: /work/chipyard/sims/verilator/generated-src/chipyard.harness.TestHarness.Baseline8CoreConfig/gen-collateral/Atomics.sv:91:197: Operator COND expects 32 or 4 bits on the Conditional False, but Conditional False's CONST '2'h0' generates 2 bits.
                                                                                                                                                   : ... note: In instance 'TestDriver.testHarness.chiptop0.system.coh_wrapper.l2.inclusive_cache_bank_sched.sourceD.atomics'
   91 |   assign io_data_out = {_GEN_8[io_a_mask[7] ? select : 2'h0], _GEN_9[io_a_mask[6] ? select : 2'h0], _GEN_6[io_a_mask[5] ? select : 2'h0], _GEN_7[io_a_mask[4] ? select : 2'h0], _GEN_4[io_a_mask[3] ? select : 2'h0], _GEN_5[io_a_mask[2] ? select : 2'h0], _GEN_2[io_a_mask[1] ? select : 2'h0], _GEN_3[io_a_mask[0] ? select : 2'h0]};  
      |                                                                                                                                                                                                     ^
%Warning-WIDTHEXPAND: /work/chipyard/sims/verilator/generated-src/chipyard.harness.TestHarness.Baseline8CoreConfig/gen-collateral/Atomics.sv:91:235: Operator COND expects 32 or 4 bits on the Conditional True, but Conditional True's VARREF 'select' generates 2 bits.
                                                                                                                                                   : ... note: In instance 'TestDriver.testHarness.chiptop0.system.coh_wrapper.l2.inclusive_cache_bank_sched.sourceD.atomics'
   91 |   assign io_data_out = {_GEN_8[io_a_mask[7] ? select : 2'h0], _GEN_9[io_a_mask[6] ? select : 2'h0], _GEN_6[io_a_mask[5] ? select : 2'h0], _GEN_7[io_a_mask[4] ? select : 2'h0], _GEN_4[io_a_mask[3] ? select : 2'h0], _GEN_5[io_a_mask[2] ? select : 2'h0], _GEN_2[io_a_mask[1] ? select : 2'h0], _GEN_3[io_a_mask[0] ? select : 2'h0]};  
      |                                                                                                                                                                                                                                           ^
%Warning-WIDTHEXPAND: /work/chipyard/sims/verilator/generated-src/chipyard.harness.TestHarness.Baseline8CoreConfig/gen-collateral/Atomics.sv:91:235: Operator COND expects 32 or 4 bits on the Conditional False, but Conditional False's CONST '2'h0' generates 2 bits.
                                                                                                                                                   : ... note: In instance 'TestDriver.testHarness.chiptop0.system.coh_wrapper.l2.inclusive_cache_bank_sched.sourceD.atomics'
   91 |   assign io_data_out = {_GEN_8[io_a_mask[7] ? select : 2'h0], _GEN_9[io_a_mask[6] ? select : 2'h0], _GEN_6[io_a_mask[5] ? select : 2'h0], _GEN_7[io_a_mask[4] ? select : 2'h0], _GEN_4[io_a_mask[3] ? select : 2'h0], _GEN_5[io_a_mask[2] ? select : 2'h0], _GEN_2[io_a_mask[1] ? select : 2'h0], _GEN_3[io_a_mask[0] ? select : 2'h0]};  
      |                                                                                                                                                                                                                                           ^
%Warning-WIDTHEXPAND: /work/chipyard/sims/verilator/generated-src/chipyard.harness.TestHarness.Baseline8CoreConfig/gen-collateral/Atomics.sv:91:273: Operator COND expects 32 or 4 bits on the Conditional True, but Conditional True's VARREF 'select' generates 2 bits.
                                                                                                                                                   : ... note: In instance 'TestDriver.testHarness.chiptop0.system.coh_wrapper.l2.inclusive_cache_bank_sched.sourceD.atomics'
   91 |   assign io_data_out = {_GEN_8[io_a_mask[7] ? select : 2'h0], _GEN_9[io_a_mask[6] ? select : 2'h0], _GEN_6[io_a_mask[5] ? select : 2'h0], _GEN_7[io_a_mask[4] ? select : 2'h0], _GEN_4[io_a_mask[3] ? select : 2'h0], _GEN_5[io_a_mask[2] ? select : 2'h0], _GEN_2[io_a_mask[1] ? select : 2'h0], _GEN_3[io_a_mask[0] ? select : 2'h0]};  
      |                                                                                                                                                                                                                                                                                 ^
%Warning-WIDTHEXPAND: /work/chipyard/sims/verilator/generated-src/chipyard.harness.TestHarness.Baseline8CoreConfig/gen-collateral/Atomics.sv:91:273: Operator COND expects 32 or 4 bits on the Conditional False, but Conditional False's CONST '2'h0' generates 2 bits.
                                                                                                                                                   : ... note: In instance 'TestDriver.testHarness.chiptop0.system.coh_wrapper.l2.inclusive_cache_bank_sched.sourceD.atomics'
   91 |   assign io_data_out = {_GEN_8[io_a_mask[7] ? select : 2'h0], _GEN_9[io_a_mask[6] ? select : 2'h0], _GEN_6[io_a_mask[5] ? select : 2'h0], _GEN_7[io_a_mask[4] ? select : 2'h0], _GEN_4[io_a_mask[3] ? select : 2'h0], _GEN_5[io_a_mask[2] ? select : 2'h0], _GEN_2[io_a_mask[1] ? select : 2'h0], _GEN_3[io_a_mask[0] ? select : 2'h0]};  
      |                                                                                                                                                                                                                                                                                 ^
%Warning-WIDTHEXPAND: /work/chipyard/sims/verilator/generated-src/chipyard.harness.TestHarness.Baseline8CoreConfig/gen-collateral/Atomics.sv:91:311: Operator COND expects 32 or 4 bits on the Conditional True, but Conditional True's VARREF 'select' generates 2 bits.
                                                                                                                                                   : ... note: In instance 'TestDriver.testHarness.chiptop0.system.coh_wrapper.l2.inclusive_cache_bank_sched.sourceD.atomics'
   91 |   assign io_data_out = {_GEN_8[io_a_mask[7] ? select : 2'h0], _GEN_9[io_a_mask[6] ? select : 2'h0], _GEN_6[io_a_mask[5] ? select : 2'h0], _GEN_7[io_a_mask[4] ? select : 2'h0], _GEN_4[io_a_mask[3] ? select : 2'h0], _GEN_5[io_a_mask[2] ? select : 2'h0], _GEN_2[io_a_mask[1] ? select : 2'h0], _GEN_3[io_a_mask[0] ? select : 2'h0]};  
      |                                                                                                                                                                                                                                                                                                                       ^
%Warning-WIDTHEXPAND: /work/chipyard/sims/verilator/generated-src/chipyard.harness.TestHarness.Baseline8CoreConfig/gen-collateral/Atomics.sv:91:311: Operator COND expects 32 or 4 bits on the Conditional False, but Conditional False's CONST '2'h0' generates 2 bits.
                                                                                                                                                   : ... note: In instance 'TestDriver.testHarness.chiptop0.system.coh_wrapper.l2.inclusive_cache_bank_sched.sourceD.atomics'
   91 |   assign io_data_out = {_GEN_8[io_a_mask[7] ? select : 2'h0], _GEN_9[io_a_mask[6] ? select : 2'h0], _GEN_6[io_a_mask[5] ? select : 2'h0], _GEN_7[io_a_mask[4] ? select : 2'h0], _GEN_4[io_a_mask[3] ? select : 2'h0], _GEN_5[io_a_mask[2] ? select : 2'h0], _GEN_2[io_a_mask[1] ? select : 2'h0], _GEN_3[io_a_mask[0] ? select : 2'h0]};  
      |                                                                                                                                                                                                                                                                                                                       ^
%Warning-WIDTHTRUNC: /work/chipyard/sims/verilator/generated-src/chipyard.harness.TestHarness.Baseline8CoreConfig/gen-collateral/rf_31x64.sv:30:24: Bit extraction of var[63:0] requires 6 bit index, not 7 bits.
                                                                                                                                                  : ... note: In instance 'TestDriver.testHarness.chiptop0.system.tile_prci_domain_7.element_reset_domain_rockettile.core.rf_ext'
   30 |             _RANDOM_MEM[j +: 32] = $random;  
      |                        ^
%Warning-WIDTHTRUNC: /work/chipyard/sims/verilator/generated-src/chipyard.harness.TestHarness.Baseline8CoreConfig/gen-collateral/ram_2x52.sv:26:24: Bit extraction of var[63:0] requires 6 bit index, not 7 bits.
                                                                                                                                                  : ... note: In instance 'TestDriver.testHarness.chiptop0.system.tile_prci_domain_7.buffer.nodeIn_b_q.ram_ext'
   26 |             _RANDOM_MEM[j +: 32] = $random;  
      |                        ^
%Warning-WIDTHTRUNC: /work/chipyard/sims/verilator/generated-src/chipyard.harness.TestHarness.Baseline8CoreConfig/gen-collateral/ram_2x120.sv:26:24: Bit extraction of var[127:0] requires 7 bit index, not 8 bits.
                                                                                                                                                   : ... note: In instance 'TestDriver.testHarness.chiptop0.system.fbus.buffer.nodeOut_a_q.ram_ext'
   26 |             _RANDOM_MEM[j +: 32] = $random;  
      |                        ^
%Warning-WIDTHTRUNC: /work/chipyard/sims/verilator/generated-src/chipyard.harness.TestHarness.Baseline8CoreConfig/gen-collateral/ram_2x118.sv:26:24: Bit extraction of var[127:0] requires 7 bit index, not 8 bits.
                                                                                                                                                   : ... note: In instance 'TestDriver.testHarness.chiptop0.system.pbus.buffer_1.nodeOut_a_q.ram_ext'
   26 |             _RANDOM_MEM[j +: 32] = $random;  
      |                        ^
%Warning-WIDTHTRUNC: /work/chipyard/sims/verilator/generated-src/chipyard.harness.TestHarness.Baseline8CoreConfig/gen-collateral/ram_2x114.sv:26:24: Bit extraction of var[127:0] requires 7 bit index, not 8 bits.
                                                                                                                                                   : ... note: In instance 'TestDriver.testHarness.chiptop0.system.bank.buffer.nodeOut_a_q.ram_ext'
   26 |             _RANDOM_MEM[j +: 32] = $random;  
      |                        ^
%Warning-WIDTHTRUNC: /work/chipyard/sims/verilator/generated-src/chipyard.harness.TestHarness.Baseline8CoreConfig/gen-collateral/ram_2x109.sv:26:24: Bit extraction of var[127:0] requires 7 bit index, not 8 bits.
                                                                                                                                                   : ... note: In instance 'TestDriver.testHarness.chiptop0.system.tile_prci_domain_7.buffer.nodeOut_c_q.ram_ext'
   26 |             _RANDOM_MEM[j +: 32] = $random;  
      |                        ^
%Warning-WIDTHEXPAND: /work/chipyard/sims/verilator/generated-src/chipyard.harness.TestHarness.Baseline8CoreConfig/gen-collateral/AsyncQueueSink_Phit.sv:127:27: Operator XOR expects 32 or 6 bits on the LHS, but LHS's VARREF '_index_T' generates 3 bits.
                                                                                                                                                               : ... note: In instance 'TestDriver.testHarness.chiptop0.system.serial_tl_domain.phy.in_phits_in_async_4.sink'
  127 |     .io_d  (_GEN[_index_T ^ {ridx_incremented[3], 2'h0}]),  
      |                           ^
%Warning-WIDTHEXPAND: /work/chipyard/sims/verilator/generated-src/chipyard.harness.TestHarness.Baseline8CoreConfig/gen-collateral/AsyncQueueSink_Phit.sv:127:27: Operator XOR expects 32 or 6 bits on the RHS, but RHS's REPLICATE generates 3 bits.
                                                                                                                                                               : ... note: In instance 'TestDriver.testHarness.chiptop0.system.serial_tl_domain.phy.in_phits_in_async_4.sink'
  127 |     .io_d  (_GEN[_index_T ^ {ridx_incremented[3], 2'h0}]),  
      |                           ^
%Warning-WIDTHEXPAND: /work/chipyard/sims/verilator/generated-src/chipyard.harness.TestHarness.Baseline8CoreConfig/gen-collateral/TLWidthWidget1.sv:241:56: Operator COND expects 32 or 4 bits on the Conditional True, but Conditional True's VARREF 'repeat_sel_sel_sources_0' generates 3 bits.
                                                                                                                                                          : ... note: In instance 'TestDriver.testHarness.chiptop0.system.fbus.coupler_from_debug_sb.widget'
  241 |   assign auto_anon_in_d_bits_data = _GEN[(repeat_first ? repeat_sel_sel_sources_0 : repeat_sel_hold_r) & _repeat_limit_T[2:0] | repeat_count];  
      |                                                        ^
%Warning-WIDTHEXPAND: /work/chipyard/sims/verilator/generated-src/chipyard.harness.TestHarness.Baseline8CoreConfig/gen-collateral/TLWidthWidget1.sv:241:56: Operator COND expects 32 or 4 bits on the Conditional False, but Conditional False's VARREF 'repeat_sel_hold_r' generates 3 bits.
                                                                                                                                                          : ... note: In instance 'TestDriver.testHarness.chiptop0.system.fbus.coupler_from_debug_sb.widget'
  241 |   assign auto_anon_in_d_bits_data = _GEN[(repeat_first ? repeat_sel_sel_sources_0 : repeat_sel_hold_r) & _repeat_limit_T[2:0] | repeat_count];  
      |                                                        ^
%Warning-WIDTHEXPAND: /work/chipyard/sims/verilator/generated-src/chipyard.harness.TestHarness.Baseline8CoreConfig/gen-collateral/TLWidthWidget1.sv:241:104: Operator AND expects 32 or 4 bits on the RHS, but RHS's SEL generates 3 bits.
                                                                                                                                                           : ... note: In instance 'TestDriver.testHarness.chiptop0.system.fbus.coupler_from_debug_sb.widget'
  241 |   assign auto_anon_in_d_bits_data = _GEN[(repeat_first ? repeat_sel_sel_sources_0 : repeat_sel_hold_r) & _repeat_limit_T[2:0] | repeat_count];  
      |                                                                                                        ^
%Warning-WIDTHEXPAND: /work/chipyard/sims/verilator/generated-src/chipyard.harness.TestHarness.Baseline8CoreConfig/gen-collateral/TLWidthWidget1.sv:241:127: Operator OR expects 32 or 4 bits on the RHS, but RHS's VARREF 'repeat_count' generates 3 bits.
                                                                                                                                                           : ... note: In instance 'TestDriver.testHarness.chiptop0.system.fbus.coupler_from_debug_sb.widget'
  241 |   assign auto_anon_in_d_bits_data = _GEN[(repeat_first ? repeat_sel_sel_sources_0 : repeat_sel_hold_r) & _repeat_limit_T[2:0] | repeat_count];  
      |                                                                                                                               ^
%Warning-WIDTHEXPAND: /work/chipyard/sims/verilator/generated-src/chipyard.harness.TestHarness.Baseline8CoreConfig/gen-collateral/Rocket.sv:744:43: Operator COND expects 32 or 7 bits on the Conditional True, but Conditional True's CONST '2'h3' generates 2 bits.
                                                                                                                                                  : ... note: In instance 'TestDriver.testHarness.chiptop0.system.tile_prci_domain_7.element_reset_domain_rockettile.core'
  744 |       mem_reg_rs2 <= _GEN_11[ex_ctrl_rocc ? 2'h3 : ex_reg_mem_size];  
      |                                           ^
%Warning-WIDTHEXPAND: /work/chipyard/sims/verilator/generated-src/chipyard.harness.TestHarness.Baseline8CoreConfig/gen-collateral/Rocket.sv:744:43: Operator COND expects 32 or 7 bits on the Conditional False, but Conditional False's VARREF 'ex_reg_mem_size' generates 2 bits.
                                                                                                                                                  : ... note: In instance 'TestDriver.testHarness.chiptop0.system.tile_prci_domain_7.element_reset_domain_rockettile.core'
  744 |       mem_reg_rs2 <= _GEN_11[ex_ctrl_rocc ? 2'h3 : ex_reg_mem_size];  
      |                                           ^
%Warning-WIDTHTRUNC: /work/chipyard/sims/verilator/generated-src/chipyard.harness.TestHarness.Baseline8CoreConfig/gen-collateral/ram_2x116.sv:26:24: Bit extraction of var[127:0] requires 7 bit index, not 8 bits.
                                                                                                                                                   : ... note: In instance 'TestDriver.testHarness.ram.buffer.nodeOut_a_q.ram_ext'
   26 |             _RANDOM_MEM[j +: 32] = $random;  
      |                        ^
%Warning-WIDTHEXPAND: /work/chipyard/sims/verilator/generated-src/chipyard.harness.TestHarness.Baseline8CoreConfig/gen-collateral/SimDRAM.v:163:19: Operator FUNCREF 'memory_init' expects 64 bits on the Function Argument, but Function Argument's VARREF 'MEM_BASE' generates 40 bits.
                                                                                                                                                  : ... note: In instance 'TestDriver.testHarness.simdram'
  163 |         channel = memory_init(CHIP_ID, MEM_SIZE, WORD_SIZE, LINE_SIZE, ID_BITS, CLOCK_HZ, MEM_BASE);
      |                   ^~~~~~~~~~~
%Warning-LATCH: /work/chipyard/sims/verilator/generated-src/chipyard.harness.TestHarness.Baseline8CoreConfig/gen-collateral/EICG_wrapper.v:12:3: Latch inferred for signal 'TestDriver.testHarness.chiptop0.gated_clock_debug_clock_gate.en_latched' (not all control paths of combinational always assign a value)
                                                                                                                                               : ... Suggest use of always_latch for intentional latches
   12 |   always @(*) begin
      |   ^~~~~~
touch /work/chipyard/sims/verilator/generated-src/chipyard.harness.TestHarness.Baseline8CoreConfig/chipyard.harness.TestHarness.Baseline8CoreConfig/VTestDriver.mk
make VM_PARALLEL_BUILDS=1 -C /work/chipyard/sims/verilator/generated-src/chipyard.harness.TestHarness.Baseline8CoreConfig/chipyard.harness.TestHarness.Baseline8CoreConfig -f VTestDriver.mk
make[1]: Entering directory '/work/chipyard/sims/verilator/generated-src/chipyard.harness.TestHarness.Baseline8CoreConfig/chipyard.harness.TestHarness.Baseline8CoreConfig'
g++  -I.  -MMD -I/usr/share/verilator/include -I/usr/share/verilator/include/vltstd -DVM_COVERAGE=0 -DVM_SC=0 -DVM_TRACE=0 -DVM_TRACE_FST=0 -DVM_TRACE_VCD=0 -faligned-new -fcf-protection=none -Wno-bool-operation -Wno-overloaded-virtual -Wno-shadow -Wno-sign-compare -Wno-uninitialized -Wno-unused-but-set-parameter -Wno-unused-but-set-variable -Wno-unused-parameter -Wno-unused-variable     -O3 -std=c++17 -I/work/riscv/include -I/work/chipyard/tools/DRAMSim2 -I/work/chipyard/sims/verilator/generated-src/chipyard.harness.TestHarness.Baseline8CoreConfig/gen-collateral   -DVERILATOR -DVL_TIME_CONTEXT   -fcoroutines -Os -c -o SimDRAM.o /work/chipyard/sims/verilator/generated-src/chipyard.harness.TestHarness.Baseline8CoreConfig/gen-collateral/SimDRAM.cc
g++  -I.  -MMD -I/usr/share/verilator/include -I/usr/share/verilator/include/vltstd -DVM_COVERAGE=0 -DVM_SC=0 -DVM_TRACE=0 -DVM_TRACE_FST=0 -DVM_TRACE_VCD=0 -faligned-new -fcf-protection=none -Wno-bool-operation -Wno-overloaded-virtual -Wno-shadow -Wno-sign-compare -Wno-uninitialized -Wno-unused-but-set-parameter -Wno-unused-but-set-variable -Wno-unused-parameter -Wno-unused-variable     -O3 -std=c++17 -I/work/riscv/include -I/work/chipyard/tools/DRAMSim2 -I/work/chipyard/sims/verilator/generated-src/chipyard.harness.TestHarness.Baseline8CoreConfig/gen-collateral   -DVERILATOR -DVL_TIME_CONTEXT   -fcoroutines -Os -c -o SimJTAG.o /work/chipyard/sims/verilator/generated-src/chipyard.harness.TestHarness.Baseline8CoreConfig/gen-collateral/SimJTAG.cc
g++  -I.  -MMD -I/usr/share/verilator/include -I/usr/share/verilator/include/vltstd -DVM_COVERAGE=0 -DVM_SC=0 -DVM_TRACE=0 -DVM_TRACE_FST=0 -DVM_TRACE_VCD=0 -faligned-new -fcf-protection=none -Wno-bool-operation -Wno-overloaded-virtual -Wno-shadow -Wno-sign-compare -Wno-uninitialized -Wno-unused-but-set-parameter -Wno-unused-but-set-variable -Wno-unused-parameter -Wno-unused-variable     -O3 -std=c++17 -I/work/riscv/include -I/work/chipyard/tools/DRAMSim2 -I/work/chipyard/sims/verilator/generated-src/chipyard.harness.TestHarness.Baseline8CoreConfig/gen-collateral   -DVERILATOR -DVL_TIME_CONTEXT   -fcoroutines -Os -c -o SimTSI.o /work/chipyard/sims/verilator/generated-src/chipyard.harness.TestHarness.Baseline8CoreConfig/gen-collateral/SimTSI.cc
g++  -I.  -MMD -I/usr/share/verilator/include -I/usr/share/verilator/include/vltstd -DVM_COVERAGE=0 -DVM_SC=0 -DVM_TRACE=0 -DVM_TRACE_FST=0 -DVM_TRACE_VCD=0 -faligned-new -fcf-protection=none -Wno-bool-operation -Wno-overloaded-virtual -Wno-shadow -Wno-sign-compare -Wno-uninitialized -Wno-unused-but-set-parameter -Wno-unused-but-set-variable -Wno-unused-parameter -Wno-unused-variable     -O3 -std=c++17 -I/work/riscv/include -I/work/chipyard/tools/DRAMSim2 -I/work/chipyard/sims/verilator/generated-src/chipyard.harness.TestHarness.Baseline8CoreConfig/gen-collateral   -DVERILATOR -DVL_TIME_CONTEXT   -fcoroutines -Os -c -o SimUART.o /work/chipyard/sims/verilator/generated-src/chipyard.harness.TestHarness.Baseline8CoreConfig/gen-collateral/SimUART.cc
g++  -I.  -MMD -I/usr/share/verilator/include -I/usr/share/verilator/include/vltstd -DVM_COVERAGE=0 -DVM_SC=0 -DVM_TRACE=0 -DVM_TRACE_FST=0 -DVM_TRACE_VCD=0 -faligned-new -fcf-protection=none -Wno-bool-operation -Wno-overloaded-virtual -Wno-shadow -Wno-sign-compare -Wno-uninitialized -Wno-unused-but-set-parameter -Wno-unused-but-set-variable -Wno-unused-parameter -Wno-unused-variable     -O3 -std=c++17 -I/work/riscv/include -I/work/chipyard/tools/DRAMSim2 -I/work/chipyard/sims/verilator/generated-src/chipyard.harness.TestHarness.Baseline8CoreConfig/gen-collateral   -DVERILATOR -DVL_TIME_CONTEXT   -fcoroutines -Os -c -o mm.o /work/chipyard/sims/verilator/generated-src/chipyard.harness.TestHarness.Baseline8CoreConfig/gen-collateral/mm.cc
g++  -I.  -MMD -I/usr/share/verilator/include -I/usr/share/verilator/include/vltstd -DVM_COVERAGE=0 -DVM_SC=0 -DVM_TRACE=0 -DVM_TRACE_FST=0 -DVM_TRACE_VCD=0 -faligned-new -fcf-protection=none -Wno-bool-operation -Wno-overloaded-virtual -Wno-shadow -Wno-sign-compare -Wno-uninitialized -Wno-unused-but-set-parameter -Wno-unused-but-set-variable -Wno-unused-parameter -Wno-unused-variable     -O3 -std=c++17 -I/work/riscv/include -I/work/chipyard/tools/DRAMSim2 -I/work/chipyard/sims/verilator/generated-src/chipyard.harness.TestHarness.Baseline8CoreConfig/gen-collateral   -DVERILATOR -DVL_TIME_CONTEXT   -fcoroutines -Os -c -o mm_dramsim2.o /work/chipyard/sims/verilator/generated-src/chipyard.harness.TestHarness.Baseline8CoreConfig/gen-collateral/mm_dramsim2.cc
g++  -I.  -MMD -I/usr/share/verilator/include -I/usr/share/verilator/include/vltstd -DVM_COVERAGE=0 -DVM_SC=0 -DVM_TRACE=0 -DVM_TRACE_FST=0 -DVM_TRACE_VCD=0 -faligned-new -fcf-protection=none -Wno-bool-operation -Wno-overloaded-virtual -Wno-shadow -Wno-sign-compare -Wno-uninitialized -Wno-unused-but-set-parameter -Wno-unused-but-set-variable -Wno-unused-parameter -Wno-unused-variable     -O3 -std=c++17 -I/work/riscv/include -I/work/chipyard/tools/DRAMSim2 -I/work/chipyard/sims/verilator/generated-src/chipyard.harness.TestHarness.Baseline8CoreConfig/gen-collateral   -DVERILATOR -DVL_TIME_CONTEXT   -fcoroutines -Os -c -o remote_bitbang.o /work/chipyard/sims/verilator/generated-src/chipyard.harness.TestHarness.Baseline8CoreConfig/gen-collateral/remote_bitbang.cc
g++  -I.  -MMD -I/usr/share/verilator/include -I/usr/share/verilator/include/vltstd -DVM_COVERAGE=0 -DVM_SC=0 -DVM_TRACE=0 -DVM_TRACE_FST=0 -DVM_TRACE_VCD=0 -faligned-new -fcf-protection=none -Wno-bool-operation -Wno-overloaded-virtual -Wno-shadow -Wno-sign-compare -Wno-uninitialized -Wno-unused-but-set-parameter -Wno-unused-but-set-variable -Wno-unused-parameter -Wno-unused-variable     -O3 -std=c++17 -I/work/riscv/include -I/work/chipyard/tools/DRAMSim2 -I/work/chipyard/sims/verilator/generated-src/chipyard.harness.TestHarness.Baseline8CoreConfig/gen-collateral   -DVERILATOR -DVL_TIME_CONTEXT   -fcoroutines -Os -c -o testchip_htif.o /work/chipyard/sims/verilator/generated-src/chipyard.harness.TestHarness.Baseline8CoreConfig/gen-collateral/testchip_htif.cc
g++  -I.  -MMD -I/usr/share/verilator/include -I/usr/share/verilator/include/vltstd -DVM_COVERAGE=0 -DVM_SC=0 -DVM_TRACE=0 -DVM_TRACE_FST=0 -DVM_TRACE_VCD=0 -faligned-new -fcf-protection=none -Wno-bool-operation -Wno-overloaded-virtual -Wno-shadow -Wno-sign-compare -Wno-uninitialized -Wno-unused-but-set-parameter -Wno-unused-but-set-variable -Wno-unused-parameter -Wno-unused-variable     -O3 -std=c++17 -I/work/riscv/include -I/work/chipyard/tools/DRAMSim2 -I/work/chipyard/sims/verilator/generated-src/chipyard.harness.TestHarness.Baseline8CoreConfig/gen-collateral   -DVERILATOR -DVL_TIME_CONTEXT   -fcoroutines -Os -c -o testchip_tsi.o /work/chipyard/sims/verilator/generated-src/chipyard.harness.TestHarness.Baseline8CoreConfig/gen-collateral/testchip_tsi.cc
g++  -I.  -MMD -I/usr/share/verilator/include -I/usr/share/verilator/include/vltstd -DVM_COVERAGE=0 -DVM_SC=0 -DVM_TRACE=0 -DVM_TRACE_FST=0 -DVM_TRACE_VCD=0 -faligned-new -fcf-protection=none -Wno-bool-operation -Wno-overloaded-virtual -Wno-shadow -Wno-sign-compare -Wno-uninitialized -Wno-unused-but-set-parameter -Wno-unused-but-set-variable -Wno-unused-parameter -Wno-unused-variable     -O3 -std=c++17 -I/work/riscv/include -I/work/chipyard/tools/DRAMSim2 -I/work/chipyard/sims/verilator/generated-src/chipyard.harness.TestHarness.Baseline8CoreConfig/gen-collateral   -DVERILATOR -DVL_TIME_CONTEXT   -fcoroutines -Os -c -o uart.o /work/chipyard/sims/verilator/generated-src/chipyard.harness.TestHarness.Baseline8CoreConfig/gen-collateral/uart.cc
/work/chipyard/sims/verilator/generated-src/chipyard.harness.TestHarness.Baseline8CoreConfig/gen-collateral/uart.cc:7: warning: "_XOPEN_SOURCE" redefined
    7 | #define _XOPEN_SOURCE
      | 
In file included from /usr/include/signal.h:25,
                 from /work/chipyard/sims/verilator/generated-src/chipyard.harness.TestHarness.Baseline8CoreConfig/gen-collateral/uart.h:4,
                 from /work/chipyard/sims/verilator/generated-src/chipyard.harness.TestHarness.Baseline8CoreConfig/gen-collateral/uart.cc:3:
/usr/include/features.h:216: note: this is the location of the previous definition
  216 | # define _XOPEN_SOURCE  700
      | 
g++ -Os  -I.  -MMD -I/usr/share/verilator/include -I/usr/share/verilator/include/vltstd -DVM_COVERAGE=0 -DVM_SC=0 -DVM_TRACE=0 -DVM_TRACE_FST=0 -DVM_TRACE_VCD=0 -faligned-new -fcf-protection=none -Wno-bool-operation -Wno-overloaded-virtual -Wno-shadow -Wno-sign-compare -Wno-uninitialized -Wno-unused-but-set-parameter -Wno-unused-but-set-variable -Wno-unused-parameter -Wno-unused-variable     -O3 -std=c++17 -I/work/riscv/include -I/work/chipyard/tools/DRAMSim2 -I/work/chipyard/sims/verilator/generated-src/chipyard.harness.TestHarness.Baseline8CoreConfig/gen-collateral   -DVERILATOR -DVL_TIME_CONTEXT   -fcoroutines -c -o verilated.o /usr/share/verilator/include/verilated.cpp
/work/chipyard/sims/verilator/generated-src/chipyard.harness.TestHarness.Baseline8CoreConfig/gen-collateral/SimDRAM.cc: In function ‘void* memory_init(int, long long int, long long int, long long int, long long int, long long int, long long int)’:
/work/chipyard/sims/verilator/generated-src/chipyard.harness.TestHarness.Baseline8CoreConfig/gen-collateral/SimDRAM.cc:81:52: warning: narrowing conversion of ‘mem_size’ from ‘long long int’ to ‘size_t’ {aka ‘long unsigned int’} [-Wnarrowing]
   81 |       backing_mem_data[chip_id][mem_base] = {data, mem_size};
      |                                                    ^~~~~~~~
g++ -Os  -I.  -MMD -I/usr/share/verilator/include -I/usr/share/verilator/include/vltstd -DVM_COVERAGE=0 -DVM_SC=0 -DVM_TRACE=0 -DVM_TRACE_FST=0 -DVM_TRACE_VCD=0 -faligned-new -fcf-protection=none -Wno-bool-operation -Wno-overloaded-virtual -Wno-shadow -Wno-sign-compare -Wno-uninitialized -Wno-unused-but-set-parameter -Wno-unused-but-set-variable -Wno-unused-parameter -Wno-unused-variable     -O3 -std=c++17 -I/work/riscv/include -I/work/chipyard/tools/DRAMSim2 -I/work/chipyard/sims/verilator/generated-src/chipyard.harness.TestHarness.Baseline8CoreConfig/gen-collateral   -DVERILATOR -DVL_TIME_CONTEXT   -fcoroutines -c -o verilated_dpi.o /usr/share/verilator/include/verilated_dpi.cpp
g++ -Os  -I.  -MMD -I/usr/share/verilator/include -I/usr/share/verilator/include/vltstd -DVM_COVERAGE=0 -DVM_SC=0 -DVM_TRACE=0 -DVM_TRACE_FST=0 -DVM_TRACE_VCD=0 -faligned-new -fcf-protection=none -Wno-bool-operation -Wno-overloaded-virtual -Wno-shadow -Wno-sign-compare -Wno-uninitialized -Wno-unused-but-set-parameter -Wno-unused-but-set-variable -Wno-unused-parameter -Wno-unused-variable     -O3 -std=c++17 -I/work/riscv/include -I/work/chipyard/tools/DRAMSim2 -I/work/chipyard/sims/verilator/generated-src/chipyard.harness.TestHarness.Baseline8CoreConfig/gen-collateral   -DVERILATOR -DVL_TIME_CONTEXT   -fcoroutines -c -o verilated_vpi.o /usr/share/verilator/include/verilated_vpi.cpp
g++ -Os  -I.  -MMD -I/usr/share/verilator/include -I/usr/share/verilator/include/vltstd -DVM_COVERAGE=0 -DVM_SC=0 -DVM_TRACE=0 -DVM_TRACE_FST=0 -DVM_TRACE_VCD=0 -faligned-new -fcf-protection=none -Wno-bool-operation -Wno-overloaded-virtual -Wno-shadow -Wno-sign-compare -Wno-uninitialized -Wno-unused-but-set-parameter -Wno-unused-but-set-variable -Wno-unused-parameter -Wno-unused-variable     -O3 -std=c++17 -I/work/riscv/include -I/work/chipyard/tools/DRAMSim2 -I/work/chipyard/sims/verilator/generated-src/chipyard.harness.TestHarness.Baseline8CoreConfig/gen-collateral   -DVERILATOR -DVL_TIME_CONTEXT   -fcoroutines -c -o verilated_timing.o /usr/share/verilator/include/verilated_timing.cpp
g++ -Os  -I.  -MMD -I/usr/share/verilator/include -I/usr/share/verilator/include/vltstd -DVM_COVERAGE=0 -DVM_SC=0 -DVM_TRACE=0 -DVM_TRACE_FST=0 -DVM_TRACE_VCD=0 -faligned-new -fcf-protection=none -Wno-bool-operation -Wno-overloaded-virtual -Wno-shadow -Wno-sign-compare -Wno-uninitialized -Wno-unused-but-set-parameter -Wno-unused-but-set-variable -Wno-unused-parameter -Wno-unused-variable     -O3 -std=c++17 -I/work/riscv/include -I/work/chipyard/tools/DRAMSim2 -I/work/chipyard/sims/verilator/generated-src/chipyard.harness.TestHarness.Baseline8CoreConfig/gen-collateral   -DVERILATOR -DVL_TIME_CONTEXT   -fcoroutines -c -o verilated_threads.o /usr/share/verilator/include/verilated_threads.cpp
g++ -Os  -I.  -MMD -I/usr/share/verilator/include -I/usr/share/verilator/include/vltstd -DVM_COVERAGE=0 -DVM_SC=0 -DVM_TRACE=0 -DVM_TRACE_FST=0 -DVM_TRACE_VCD=0 -faligned-new -fcf-protection=none -Wno-bool-operation -Wno-overloaded-virtual -Wno-shadow -Wno-sign-compare -Wno-uninitialized -Wno-unused-but-set-parameter -Wno-unused-but-set-variable -Wno-unused-parameter -Wno-unused-variable     -O3 -std=c++17 -I/work/riscv/include -I/work/chipyard/tools/DRAMSim2 -I/work/chipyard/sims/verilator/generated-src/chipyard.harness.TestHarness.Baseline8CoreConfig/gen-collateral   -DVERILATOR -DVL_TIME_CONTEXT   -fcoroutines -x c++-header VTestDriver__pch.h -o VTestDriver__pch.h.fast.gch
g++   -I.  -MMD -I/usr/share/verilator/include -I/usr/share/verilator/include/vltstd -DVM_COVERAGE=0 -DVM_SC=0 -DVM_TRACE=0 -DVM_TRACE_FST=0 -DVM_TRACE_VCD=0 -faligned-new -fcf-protection=none -Wno-bool-operation -Wno-overloaded-virtual -Wno-shadow -Wno-sign-compare -Wno-uninitialized -Wno-unused-but-set-parameter -Wno-unused-but-set-variable -Wno-unused-parameter -Wno-unused-variable     -O3 -std=c++17 -I/work/riscv/include -I/work/chipyard/tools/DRAMSim2 -I/work/chipyard/sims/verilator/generated-src/chipyard.harness.TestHarness.Baseline8CoreConfig/gen-collateral   -DVERILATOR -DVL_TIME_CONTEXT   -fcoroutines -x c++-header VTestDriver__pch.h -o VTestDriver__pch.h.slow.gch
echo "" > VTestDriver__ALL.verilator_deplist.tmp
g++ -Os  -I.  -MMD -I/usr/share/verilator/include -I/usr/share/verilator/include/vltstd -DVM_COVERAGE=0 -DVM_SC=0 -DVM_TRACE=0 -DVM_TRACE_FST=0 -DVM_TRACE_VCD=0 -faligned-new -fcf-protection=none -Wno-bool-operation -Wno-overloaded-virtual -Wno-shadow -Wno-sign-compare -Wno-uninitialized -Wno-unused-but-set-parameter -Wno-unused-but-set-variable -Wno-unused-parameter -Wno-unused-variable     -O3 -std=c++17 -I/work/riscv/include -I/work/chipyard/tools/DRAMSim2 -I/work/chipyard/sims/verilator/generated-src/chipyard.harness.TestHarness.Baseline8CoreConfig/gen-collateral   -DVERILATOR -DVL_TIME_CONTEXT   -fcoroutines -include VTestDriver__pch.h.fast -c -o VTestDriver.o VTestDriver.cpp
g++ -Os  -I.  -MMD -I/usr/share/verilator/include -I/usr/share/verilator/include/vltstd -DVM_COVERAGE=0 -DVM_SC=0 -DVM_TRACE=0 -DVM_TRACE_FST=0 -DVM_TRACE_VCD=0 -faligned-new -fcf-protection=none -Wno-bool-operation -Wno-overloaded-virtual -Wno-shadow -Wno-sign-compare -Wno-uninitialized -Wno-unused-but-set-parameter -Wno-unused-but-set-variable -Wno-unused-parameter -Wno-unused-variable     -O3 -std=c++17 -I/work/riscv/include -I/work/chipyard/tools/DRAMSim2 -I/work/chipyard/sims/verilator/generated-src/chipyard.harness.TestHarness.Baseline8CoreConfig/gen-collateral   -DVERILATOR -DVL_TIME_CONTEXT   -fcoroutines -include VTestDriver__pch.h.fast -c -o VTestDriver___024root__DepSet_h662e1026__0.o VTestDriver___024root__DepSet_h662e1026__0.cpp
g++ -Os  -I.  -MMD -I/usr/share/verilator/include -I/usr/share/verilator/include/vltstd -DVM_COVERAGE=0 -DVM_SC=0 -DVM_TRACE=0 -DVM_TRACE_FST=0 -DVM_TRACE_VCD=0 -faligned-new -fcf-protection=none -Wno-bool-operation -Wno-overloaded-virtual -Wno-shadow -Wno-sign-compare -Wno-uninitialized -Wno-unused-but-set-parameter -Wno-unused-but-set-variable -Wno-unused-parameter -Wno-unused-variable     -O3 -std=c++17 -I/work/riscv/include -I/work/chipyard/tools/DRAMSim2 -I/work/chipyard/sims/verilator/generated-src/chipyard.harness.TestHarness.Baseline8CoreConfig/gen-collateral   -DVERILATOR -DVL_TIME_CONTEXT   -fcoroutines -include VTestDriver__pch.h.fast -c -o VTestDriver___024root__DepSet_h662e1026__1.o VTestDriver___024root__DepSet_h662e1026__1.cpp
g++ -Os  -I.  -MMD -I/usr/share/verilator/include -I/usr/share/verilator/include/vltstd -DVM_COVERAGE=0 -DVM_SC=0 -DVM_TRACE=0 -DVM_TRACE_FST=0 -DVM_TRACE_VCD=0 -faligned-new -fcf-protection=none -Wno-bool-operation -Wno-overloaded-virtual -Wno-shadow -Wno-sign-compare -Wno-uninitialized -Wno-unused-but-set-parameter -Wno-unused-but-set-variable -Wno-unused-parameter -Wno-unused-variable     -O3 -std=c++17 -I/work/riscv/include -I/work/chipyard/tools/DRAMSim2 -I/work/chipyard/sims/verilator/generated-src/chipyard.harness.TestHarness.Baseline8CoreConfig/gen-collateral   -DVERILATOR -DVL_TIME_CONTEXT   -fcoroutines -include VTestDriver__pch.h.fast -c -o VTestDriver___024root__DepSet_h662e1026__2.o VTestDriver___024root__DepSet_h662e1026__2.cpp
g++ -Os  -I.  -MMD -I/usr/share/verilator/include -I/usr/share/verilator/include/vltstd -DVM_COVERAGE=0 -DVM_SC=0 -DVM_TRACE=0 -DVM_TRACE_FST=0 -DVM_TRACE_VCD=0 -faligned-new -fcf-protection=none -Wno-bool-operation -Wno-overloaded-virtual -Wno-shadow -Wno-sign-compare -Wno-uninitialized -Wno-unused-but-set-parameter -Wno-unused-but-set-variable -Wno-unused-parameter -Wno-unused-variable     -O3 -std=c++17 -I/work/riscv/include -I/work/chipyard/tools/DRAMSim2 -I/work/chipyard/sims/verilator/generated-src/chipyard.harness.TestHarness.Baseline8CoreConfig/gen-collateral   -DVERILATOR -DVL_TIME_CONTEXT   -fcoroutines -include VTestDriver__pch.h.fast -c -o VTestDriver___024root__DepSet_h662e1026__3.o VTestDriver___024root__DepSet_h662e1026__3.cpp
g++ -Os  -I.  -MMD -I/usr/share/verilator/include -I/usr/share/verilator/include/vltstd -DVM_COVERAGE=0 -DVM_SC=0 -DVM_TRACE=0 -DVM_TRACE_FST=0 -DVM_TRACE_VCD=0 -faligned-new -fcf-protection=none -Wno-bool-operation -Wno-overloaded-virtual -Wno-shadow -Wno-sign-compare -Wno-uninitialized -Wno-unused-but-set-parameter -Wno-unused-but-set-variable -Wno-unused-parameter -Wno-unused-variable     -O3 -std=c++17 -I/work/riscv/include -I/work/chipyard/tools/DRAMSim2 -I/work/chipyard/sims/verilator/generated-src/chipyard.harness.TestHarness.Baseline8CoreConfig/gen-collateral   -DVERILATOR -DVL_TIME_CONTEXT   -fcoroutines -include VTestDriver__pch.h.fast -c -o VTestDriver___024root__DepSet_h662e1026__4.o VTestDriver___024root__DepSet_h662e1026__4.cpp
g++ -Os  -I.  -MMD -I/usr/share/verilator/include -I/usr/share/verilator/include/vltstd -DVM_COVERAGE=0 -DVM_SC=0 -DVM_TRACE=0 -DVM_TRACE_FST=0 -DVM_TRACE_VCD=0 -faligned-new -fcf-protection=none -Wno-bool-operation -Wno-overloaded-virtual -Wno-shadow -Wno-sign-compare -Wno-uninitialized -Wno-unused-but-set-parameter -Wno-unused-but-set-variable -Wno-unused-parameter -Wno-unused-variable     -O3 -std=c++17 -I/work/riscv/include -I/work/chipyard/tools/DRAMSim2 -I/work/chipyard/sims/verilator/generated-src/chipyard.harness.TestHarness.Baseline8CoreConfig/gen-collateral   -DVERILATOR -DVL_TIME_CONTEXT   -fcoroutines -include VTestDriver__pch.h.fast -c -o VTestDriver___024root__DepSet_h662e1026__5.o VTestDriver___024root__DepSet_h662e1026__5.cpp
g++ -Os  -I.  -MMD -I/usr/share/verilator/include -I/usr/share/verilator/include/vltstd -DVM_COVERAGE=0 -DVM_SC=0 -DVM_TRACE=0 -DVM_TRACE_FST=0 -DVM_TRACE_VCD=0 -faligned-new -fcf-protection=none -Wno-bool-operation -Wno-overloaded-virtual -Wno-shadow -Wno-sign-compare -Wno-uninitialized -Wno-unused-but-set-parameter -Wno-unused-but-set-variable -Wno-unused-parameter -Wno-unused-variable     -O3 -std=c++17 -I/work/riscv/include -I/work/chipyard/tools/DRAMSim2 -I/work/chipyard/sims/verilator/generated-src/chipyard.harness.TestHarness.Baseline8CoreConfig/gen-collateral   -DVERILATOR -DVL_TIME_CONTEXT   -fcoroutines -include VTestDriver__pch.h.fast -c -o VTestDriver___024root__DepSet_h662e1026__6.o VTestDriver___024root__DepSet_h662e1026__6.cpp
g++ -Os  -I.  -MMD -I/usr/share/verilator/include -I/usr/share/verilator/include/vltstd -DVM_COVERAGE=0 -DVM_SC=0 -DVM_TRACE=0 -DVM_TRACE_FST=0 -DVM_TRACE_VCD=0 -faligned-new -fcf-protection=none -Wno-bool-operation -Wno-overloaded-virtual -Wno-shadow -Wno-sign-compare -Wno-uninitialized -Wno-unused-but-set-parameter -Wno-unused-but-set-variable -Wno-unused-parameter -Wno-unused-variable     -O3 -std=c++17 -I/work/riscv/include -I/work/chipyard/tools/DRAMSim2 -I/work/chipyard/sims/verilator/generated-src/chipyard.harness.TestHarness.Baseline8CoreConfig/gen-collateral   -DVERILATOR -DVL_TIME_CONTEXT   -fcoroutines -include VTestDriver__pch.h.fast -c -o VTestDriver___024root__DepSet_h662e1026__7.o VTestDriver___024root__DepSet_h662e1026__7.cpp
g++ -Os  -I.  -MMD -I/usr/share/verilator/include -I/usr/share/verilator/include/vltstd -DVM_COVERAGE=0 -DVM_SC=0 -DVM_TRACE=0 -DVM_TRACE_FST=0 -DVM_TRACE_VCD=0 -faligned-new -fcf-protection=none -Wno-bool-operation -Wno-overloaded-virtual -Wno-shadow -Wno-sign-compare -Wno-uninitialized -Wno-unused-but-set-parameter -Wno-unused-but-set-variable -Wno-unused-parameter -Wno-unused-variable     -O3 -std=c++17 -I/work/riscv/include -I/work/chipyard/tools/DRAMSim2 -I/work/chipyard/sims/verilator/generated-src/chipyard.harness.TestHarness.Baseline8CoreConfig/gen-collateral   -DVERILATOR -DVL_TIME_CONTEXT   -fcoroutines -include VTestDriver__pch.h.fast -c -o VTestDriver___024root__DepSet_h662e1026__8.o VTestDriver___024root__DepSet_h662e1026__8.cpp
g++ -Os  -I.  -MMD -I/usr/share/verilator/include -I/usr/share/verilator/include/vltstd -DVM_COVERAGE=0 -DVM_SC=0 -DVM_TRACE=0 -DVM_TRACE_FST=0 -DVM_TRACE_VCD=0 -faligned-new -fcf-protection=none -Wno-bool-operation -Wno-overloaded-virtual -Wno-shadow -Wno-sign-compare -Wno-uninitialized -Wno-unused-but-set-parameter -Wno-unused-but-set-variable -Wno-unused-parameter -Wno-unused-variable     -O3 -std=c++17 -I/work/riscv/include -I/work/chipyard/tools/DRAMSim2 -I/work/chipyard/sims/verilator/generated-src/chipyard.harness.TestHarness.Baseline8CoreConfig/gen-collateral   -DVERILATOR -DVL_TIME_CONTEXT   -fcoroutines -include VTestDriver__pch.h.fast -c -o VTestDriver___024root__DepSet_h662e1026__9.o VTestDriver___024root__DepSet_h662e1026__9.cpp
g++ -Os  -I.  -MMD -I/usr/share/verilator/include -I/usr/share/verilator/include/vltstd -DVM_COVERAGE=0 -DVM_SC=0 -DVM_TRACE=0 -DVM_TRACE_FST=0 -DVM_TRACE_VCD=0 -faligned-new -fcf-protection=none -Wno-bool-operation -Wno-overloaded-virtual -Wno-shadow -Wno-sign-compare -Wno-uninitialized -Wno-unused-but-set-parameter -Wno-unused-but-set-variable -Wno-unused-parameter -Wno-unused-variable     -O3 -std=c++17 -I/work/riscv/include -I/work/chipyard/tools/DRAMSim2 -I/work/chipyard/sims/verilator/generated-src/chipyard.harness.TestHarness.Baseline8CoreConfig/gen-collateral   -DVERILATOR -DVL_TIME_CONTEXT   -fcoroutines -include VTestDriver__pch.h.fast -c -o VTestDriver___024root__DepSet_h662e1026__10.o VTestDriver___024root__DepSet_h662e1026__10.cpp
g++ -Os  -I.  -MMD -I/usr/share/verilator/include -I/usr/share/verilator/include/vltstd -DVM_COVERAGE=0 -DVM_SC=0 -DVM_TRACE=0 -DVM_TRACE_FST=0 -DVM_TRACE_VCD=0 -faligned-new -fcf-protection=none -Wno-bool-operation -Wno-overloaded-virtual -Wno-shadow -Wno-sign-compare -Wno-uninitialized -Wno-unused-but-set-parameter -Wno-unused-but-set-variable -Wno-unused-parameter -Wno-unused-variable     -O3 -std=c++17 -I/work/riscv/include -I/work/chipyard/tools/DRAMSim2 -I/work/chipyard/sims/verilator/generated-src/chipyard.harness.TestHarness.Baseline8CoreConfig/gen-collateral   -DVERILATOR -DVL_TIME_CONTEXT   -fcoroutines -include VTestDriver__pch.h.fast -c -o VTestDriver___024root__DepSet_h662e1026__11.o VTestDriver___024root__DepSet_h662e1026__11.cpp
g++ -Os  -I.  -MMD -I/usr/share/verilator/include -I/usr/share/verilator/include/vltstd -DVM_COVERAGE=0 -DVM_SC=0 -DVM_TRACE=0 -DVM_TRACE_FST=0 -DVM_TRACE_VCD=0 -faligned-new -fcf-protection=none -Wno-bool-operation -Wno-overloaded-virtual -Wno-shadow -Wno-sign-compare -Wno-uninitialized -Wno-unused-but-set-parameter -Wno-unused-but-set-variable -Wno-unused-parameter -Wno-unused-variable     -O3 -std=c++17 -I/work/riscv/include -I/work/chipyard/tools/DRAMSim2 -I/work/chipyard/sims/verilator/generated-src/chipyard.harness.TestHarness.Baseline8CoreConfig/gen-collateral   -DVERILATOR -DVL_TIME_CONTEXT   -fcoroutines -include VTestDriver__pch.h.fast -c -o VTestDriver___024root__DepSet_h662e1026__12.o VTestDriver___024root__DepSet_h662e1026__12.cpp
g++ -Os  -I.  -MMD -I/usr/share/verilator/include -I/usr/share/verilator/include/vltstd -DVM_COVERAGE=0 -DVM_SC=0 -DVM_TRACE=0 -DVM_TRACE_FST=0 -DVM_TRACE_VCD=0 -faligned-new -fcf-protection=none -Wno-bool-operation -Wno-overloaded-virtual -Wno-shadow -Wno-sign-compare -Wno-uninitialized -Wno-unused-but-set-parameter -Wno-unused-but-set-variable -Wno-unused-parameter -Wno-unused-variable     -O3 -std=c++17 -I/work/riscv/include -I/work/chipyard/tools/DRAMSim2 -I/work/chipyard/sims/verilator/generated-src/chipyard.harness.TestHarness.Baseline8CoreConfig/gen-collateral   -DVERILATOR -DVL_TIME_CONTEXT   -fcoroutines -include VTestDriver__pch.h.fast -c -o VTestDriver___024root__DepSet_h662e1026__13.o VTestDriver___024root__DepSet_h662e1026__13.cpp
g++ -Os  -I.  -MMD -I/usr/share/verilator/include -I/usr/share/verilator/include/vltstd -DVM_COVERAGE=0 -DVM_SC=0 -DVM_TRACE=0 -DVM_TRACE_FST=0 -DVM_TRACE_VCD=0 -faligned-new -fcf-protection=none -Wno-bool-operation -Wno-overloaded-virtual -Wno-shadow -Wno-sign-compare -Wno-uninitialized -Wno-unused-but-set-parameter -Wno-unused-but-set-variable -Wno-unused-parameter -Wno-unused-variable     -O3 -std=c++17 -I/work/riscv/include -I/work/chipyard/tools/DRAMSim2 -I/work/chipyard/sims/verilator/generated-src/chipyard.harness.TestHarness.Baseline8CoreConfig/gen-collateral   -DVERILATOR -DVL_TIME_CONTEXT   -fcoroutines -include VTestDriver__pch.h.fast -c -o VTestDriver___024root__DepSet_h662e1026__14.o VTestDriver___024root__DepSet_h662e1026__14.cpp
g++ -Os  -I.  -MMD -I/usr/share/verilator/include -I/usr/share/verilator/include/vltstd -DVM_COVERAGE=0 -DVM_SC=0 -DVM_TRACE=0 -DVM_TRACE_FST=0 -DVM_TRACE_VCD=0 -faligned-new -fcf-protection=none -Wno-bool-operation -Wno-overloaded-virtual -Wno-shadow -Wno-sign-compare -Wno-uninitialized -Wno-unused-but-set-parameter -Wno-unused-but-set-variable -Wno-unused-parameter -Wno-unused-variable     -O3 -std=c++17 -I/work/riscv/include -I/work/chipyard/tools/DRAMSim2 -I/work/chipyard/sims/verilator/generated-src/chipyard.harness.TestHarness.Baseline8CoreConfig/gen-collateral   -DVERILATOR -DVL_TIME_CONTEXT   -fcoroutines -include VTestDriver__pch.h.fast -c -o VTestDriver___024root__DepSet_h662e1026__15.o VTestDriver___024root__DepSet_h662e1026__15.cpp
g++ -Os  -I.  -MMD -I/usr/share/verilator/include -I/usr/share/verilator/include/vltstd -DVM_COVERAGE=0 -DVM_SC=0 -DVM_TRACE=0 -DVM_TRACE_FST=0 -DVM_TRACE_VCD=0 -faligned-new -fcf-protection=none -Wno-bool-operation -Wno-overloaded-virtual -Wno-shadow -Wno-sign-compare -Wno-uninitialized -Wno-unused-but-set-parameter -Wno-unused-but-set-variable -Wno-unused-parameter -Wno-unused-variable     -O3 -std=c++17 -I/work/riscv/include -I/work/chipyard/tools/DRAMSim2 -I/work/chipyard/sims/verilator/generated-src/chipyard.harness.TestHarness.Baseline8CoreConfig/gen-collateral   -DVERILATOR -DVL_TIME_CONTEXT   -fcoroutines -include VTestDriver__pch.h.fast -c -o VTestDriver___024root__DepSet_h662e1026__16.o VTestDriver___024root__DepSet_h662e1026__16.cpp
g++ -Os  -I.  -MMD -I/usr/share/verilator/include -I/usr/share/verilator/include/vltstd -DVM_COVERAGE=0 -DVM_SC=0 -DVM_TRACE=0 -DVM_TRACE_FST=0 -DVM_TRACE_VCD=0 -faligned-new -fcf-protection=none -Wno-bool-operation -Wno-overloaded-virtual -Wno-shadow -Wno-sign-compare -Wno-uninitialized -Wno-unused-but-set-parameter -Wno-unused-but-set-variable -Wno-unused-parameter -Wno-unused-variable     -O3 -std=c++17 -I/work/riscv/include -I/work/chipyard/tools/DRAMSim2 -I/work/chipyard/sims/verilator/generated-src/chipyard.harness.TestHarness.Baseline8CoreConfig/gen-collateral   -DVERILATOR -DVL_TIME_CONTEXT   -fcoroutines -include VTestDriver__pch.h.fast -c -o VTestDriver___024root__DepSet_h662e1026__17.o VTestDriver___024root__DepSet_h662e1026__17.cpp
g++ -Os  -I.  -MMD -I/usr/share/verilator/include -I/usr/share/verilator/include/vltstd -DVM_COVERAGE=0 -DVM_SC=0 -DVM_TRACE=0 -DVM_TRACE_FST=0 -DVM_TRACE_VCD=0 -faligned-new -fcf-protection=none -Wno-bool-operation -Wno-overloaded-virtual -Wno-shadow -Wno-sign-compare -Wno-uninitialized -Wno-unused-but-set-parameter -Wno-unused-but-set-variable -Wno-unused-parameter -Wno-unused-variable     -O3 -std=c++17 -I/work/riscv/include -I/work/chipyard/tools/DRAMSim2 -I/work/chipyard/sims/verilator/generated-src/chipyard.harness.TestHarness.Baseline8CoreConfig/gen-collateral   -DVERILATOR -DVL_TIME_CONTEXT   -fcoroutines -include VTestDriver__pch.h.fast -c -o VTestDriver___024root__DepSet_h662e1026__18.o VTestDriver___024root__DepSet_h662e1026__18.cpp
g++ -Os  -I.  -MMD -I/usr/share/verilator/include -I/usr/share/verilator/include/vltstd -DVM_COVERAGE=0 -DVM_SC=0 -DVM_TRACE=0 -DVM_TRACE_FST=0 -DVM_TRACE_VCD=0 -faligned-new -fcf-protection=none -Wno-bool-operation -Wno-overloaded-virtual -Wno-shadow -Wno-sign-compare -Wno-uninitialized -Wno-unused-but-set-parameter -Wno-unused-but-set-variable -Wno-unused-parameter -Wno-unused-variable     -O3 -std=c++17 -I/work/riscv/include -I/work/chipyard/tools/DRAMSim2 -I/work/chipyard/sims/verilator/generated-src/chipyard.harness.TestHarness.Baseline8CoreConfig/gen-collateral   -DVERILATOR -DVL_TIME_CONTEXT   -fcoroutines -include VTestDriver__pch.h.fast -c -o VTestDriver___024root__DepSet_h662e1026__19.o VTestDriver___024root__DepSet_h662e1026__19.cpp
g++ -Os  -I.  -MMD -I/usr/share/verilator/include -I/usr/share/verilator/include/vltstd -DVM_COVERAGE=0 -DVM_SC=0 -DVM_TRACE=0 -DVM_TRACE_FST=0 -DVM_TRACE_VCD=0 -faligned-new -fcf-protection=none -Wno-bool-operation -Wno-overloaded-virtual -Wno-shadow -Wno-sign-compare -Wno-uninitialized -Wno-unused-but-set-parameter -Wno-unused-but-set-variable -Wno-unused-parameter -Wno-unused-variable     -O3 -std=c++17 -I/work/riscv/include -I/work/chipyard/tools/DRAMSim2 -I/work/chipyard/sims/verilator/generated-src/chipyard.harness.TestHarness.Baseline8CoreConfig/gen-collateral   -DVERILATOR -DVL_TIME_CONTEXT   -fcoroutines -include VTestDriver__pch.h.fast -c -o VTestDriver___024root__DepSet_h662e1026__20.o VTestDriver___024root__DepSet_h662e1026__20.cpp
g++ -Os  -I.  -MMD -I/usr/share/verilator/include -I/usr/share/verilator/include/vltstd -DVM_COVERAGE=0 -DVM_SC=0 -DVM_TRACE=0 -DVM_TRACE_FST=0 -DVM_TRACE_VCD=0 -faligned-new -fcf-protection=none -Wno-bool-operation -Wno-overloaded-virtual -Wno-shadow -Wno-sign-compare -Wno-uninitialized -Wno-unused-but-set-parameter -Wno-unused-but-set-variable -Wno-unused-parameter -Wno-unused-variable     -O3 -std=c++17 -I/work/riscv/include -I/work/chipyard/tools/DRAMSim2 -I/work/chipyard/sims/verilator/generated-src/chipyard.harness.TestHarness.Baseline8CoreConfig/gen-collateral   -DVERILATOR -DVL_TIME_CONTEXT   -fcoroutines -include VTestDriver__pch.h.fast -c -o VTestDriver___024root__DepSet_h662e1026__21.o VTestDriver___024root__DepSet_h662e1026__21.cpp
g++ -Os  -I.  -MMD -I/usr/share/verilator/include -I/usr/share/verilator/include/vltstd -DVM_COVERAGE=0 -DVM_SC=0 -DVM_TRACE=0 -DVM_TRACE_FST=0 -DVM_TRACE_VCD=0 -faligned-new -fcf-protection=none -Wno-bool-operation -Wno-overloaded-virtual -Wno-shadow -Wno-sign-compare -Wno-uninitialized -Wno-unused-but-set-parameter -Wno-unused-but-set-variable -Wno-unused-parameter -Wno-unused-variable     -O3 -std=c++17 -I/work/riscv/include -I/work/chipyard/tools/DRAMSim2 -I/work/chipyard/sims/verilator/generated-src/chipyard.harness.TestHarness.Baseline8CoreConfig/gen-collateral   -DVERILATOR -DVL_TIME_CONTEXT   -fcoroutines -include VTestDriver__pch.h.fast -c -o VTestDriver___024root__DepSet_h662e1026__22.o VTestDriver___024root__DepSet_h662e1026__22.cpp
g++ -Os  -I.  -MMD -I/usr/share/verilator/include -I/usr/share/verilator/include/vltstd -DVM_COVERAGE=0 -DVM_SC=0 -DVM_TRACE=0 -DVM_TRACE_FST=0 -DVM_TRACE_VCD=0 -faligned-new -fcf-protection=none -Wno-bool-operation -Wno-overloaded-virtual -Wno-shadow -Wno-sign-compare -Wno-uninitialized -Wno-unused-but-set-parameter -Wno-unused-but-set-variable -Wno-unused-parameter -Wno-unused-variable     -O3 -std=c++17 -I/work/riscv/include -I/work/chipyard/tools/DRAMSim2 -I/work/chipyard/sims/verilator/generated-src/chipyard.harness.TestHarness.Baseline8CoreConfig/gen-collateral   -DVERILATOR -DVL_TIME_CONTEXT   -fcoroutines -include VTestDriver__pch.h.fast -c -o VTestDriver___024root__DepSet_h662e1026__23.o VTestDriver___024root__DepSet_h662e1026__23.cpp
g++ -Os  -I.  -MMD -I/usr/share/verilator/include -I/usr/share/verilator/include/vltstd -DVM_COVERAGE=0 -DVM_SC=0 -DVM_TRACE=0 -DVM_TRACE_FST=0 -DVM_TRACE_VCD=0 -faligned-new -fcf-protection=none -Wno-bool-operation -Wno-overloaded-virtual -Wno-shadow -Wno-sign-compare -Wno-uninitialized -Wno-unused-but-set-parameter -Wno-unused-but-set-variable -Wno-unused-parameter -Wno-unused-variable     -O3 -std=c++17 -I/work/riscv/include -I/work/chipyard/tools/DRAMSim2 -I/work/chipyard/sims/verilator/generated-src/chipyard.harness.TestHarness.Baseline8CoreConfig/gen-collateral   -DVERILATOR -DVL_TIME_CONTEXT   -fcoroutines -include VTestDriver__pch.h.fast -c -o VTestDriver___024root__DepSet_h662e1026__24.o VTestDriver___024root__DepSet_h662e1026__24.cpp
g++ -Os  -I.  -MMD -I/usr/share/verilator/include -I/usr/share/verilator/include/vltstd -DVM_COVERAGE=0 -DVM_SC=0 -DVM_TRACE=0 -DVM_TRACE_FST=0 -DVM_TRACE_VCD=0 -faligned-new -fcf-protection=none -Wno-bool-operation -Wno-overloaded-virtual -Wno-shadow -Wno-sign-compare -Wno-uninitialized -Wno-unused-but-set-parameter -Wno-unused-but-set-variable -Wno-unused-parameter -Wno-unused-variable     -O3 -std=c++17 -I/work/riscv/include -I/work/chipyard/tools/DRAMSim2 -I/work/chipyard/sims/verilator/generated-src/chipyard.harness.TestHarness.Baseline8CoreConfig/gen-collateral   -DVERILATOR -DVL_TIME_CONTEXT   -fcoroutines -include VTestDriver__pch.h.fast -c -o VTestDriver___024root__DepSet_h662e1026__25.o VTestDriver___024root__DepSet_h662e1026__25.cpp
g++ -Os  -I.  -MMD -I/usr/share/verilator/include -I/usr/share/verilator/include/vltstd -DVM_COVERAGE=0 -DVM_SC=0 -DVM_TRACE=0 -DVM_TRACE_FST=0 -DVM_TRACE_VCD=0 -faligned-new -fcf-protection=none -Wno-bool-operation -Wno-overloaded-virtual -Wno-shadow -Wno-sign-compare -Wno-uninitialized -Wno-unused-but-set-parameter -Wno-unused-but-set-variable -Wno-unused-parameter -Wno-unused-variable     -O3 -std=c++17 -I/work/riscv/include -I/work/chipyard/tools/DRAMSim2 -I/work/chipyard/sims/verilator/generated-src/chipyard.harness.TestHarness.Baseline8CoreConfig/gen-collateral   -DVERILATOR -DVL_TIME_CONTEXT   -fcoroutines -include VTestDriver__pch.h.fast -c -o VTestDriver___024root__DepSet_h662e1026__26.o VTestDriver___024root__DepSet_h662e1026__26.cpp
g++ -Os  -I.  -MMD -I/usr/share/verilator/include -I/usr/share/verilator/include/vltstd -DVM_COVERAGE=0 -DVM_SC=0 -DVM_TRACE=0 -DVM_TRACE_FST=0 -DVM_TRACE_VCD=0 -faligned-new -fcf-protection=none -Wno-bool-operation -Wno-overloaded-virtual -Wno-shadow -Wno-sign-compare -Wno-uninitialized -Wno-unused-but-set-parameter -Wno-unused-but-set-variable -Wno-unused-parameter -Wno-unused-variable     -O3 -std=c++17 -I/work/riscv/include -I/work/chipyard/tools/DRAMSim2 -I/work/chipyard/sims/verilator/generated-src/chipyard.harness.TestHarness.Baseline8CoreConfig/gen-collateral   -DVERILATOR -DVL_TIME_CONTEXT   -fcoroutines -include VTestDriver__pch.h.fast -c -o VTestDriver___024root__DepSet_h662e1026__27.o VTestDriver___024root__DepSet_h662e1026__27.cpp
g++ -Os  -I.  -MMD -I/usr/share/verilator/include -I/usr/share/verilator/include/vltstd -DVM_COVERAGE=0 -DVM_SC=0 -DVM_TRACE=0 -DVM_TRACE_FST=0 -DVM_TRACE_VCD=0 -faligned-new -fcf-protection=none -Wno-bool-operation -Wno-overloaded-virtual -Wno-shadow -Wno-sign-compare -Wno-uninitialized -Wno-unused-but-set-parameter -Wno-unused-but-set-variable -Wno-unused-parameter -Wno-unused-variable     -O3 -std=c++17 -I/work/riscv/include -I/work/chipyard/tools/DRAMSim2 -I/work/chipyard/sims/verilator/generated-src/chipyard.harness.TestHarness.Baseline8CoreConfig/gen-collateral   -DVERILATOR -DVL_TIME_CONTEXT   -fcoroutines -include VTestDriver__pch.h.fast -c -o VTestDriver___024root__DepSet_h662e1026__28.o VTestDriver___024root__DepSet_h662e1026__28.cpp
g++ -Os  -I.  -MMD -I/usr/share/verilator/include -I/usr/share/verilator/include/vltstd -DVM_COVERAGE=0 -DVM_SC=0 -DVM_TRACE=0 -DVM_TRACE_FST=0 -DVM_TRACE_VCD=0 -faligned-new -fcf-protection=none -Wno-bool-operation -Wno-overloaded-virtual -Wno-shadow -Wno-sign-compare -Wno-uninitialized -Wno-unused-but-set-parameter -Wno-unused-but-set-variable -Wno-unused-parameter -Wno-unused-variable     -O3 -std=c++17 -I/work/riscv/include -I/work/chipyard/tools/DRAMSim2 -I/work/chipyard/sims/verilator/generated-src/chipyard.harness.TestHarness.Baseline8CoreConfig/gen-collateral   -DVERILATOR -DVL_TIME_CONTEXT   -fcoroutines -include VTestDriver__pch.h.fast -c -o VTestDriver___024root__DepSet_h662e1026__29.o VTestDriver___024root__DepSet_h662e1026__29.cpp
g++ -Os  -I.  -MMD -I/usr/share/verilator/include -I/usr/share/verilator/include/vltstd -DVM_COVERAGE=0 -DVM_SC=0 -DVM_TRACE=0 -DVM_TRACE_FST=0 -DVM_TRACE_VCD=0 -faligned-new -fcf-protection=none -Wno-bool-operation -Wno-overloaded-virtual -Wno-shadow -Wno-sign-compare -Wno-uninitialized -Wno-unused-but-set-parameter -Wno-unused-but-set-variable -Wno-unused-parameter -Wno-unused-variable     -O3 -std=c++17 -I/work/riscv/include -I/work/chipyard/tools/DRAMSim2 -I/work/chipyard/sims/verilator/generated-src/chipyard.harness.TestHarness.Baseline8CoreConfig/gen-collateral   -DVERILATOR -DVL_TIME_CONTEXT   -fcoroutines -include VTestDriver__pch.h.fast -c -o VTestDriver___024root__DepSet_h662e1026__30.o VTestDriver___024root__DepSet_h662e1026__30.cpp
g++ -Os  -I.  -MMD -I/usr/share/verilator/include -I/usr/share/verilator/include/vltstd -DVM_COVERAGE=0 -DVM_SC=0 -DVM_TRACE=0 -DVM_TRACE_FST=0 -DVM_TRACE_VCD=0 -faligned-new -fcf-protection=none -Wno-bool-operation -Wno-overloaded-virtual -Wno-shadow -Wno-sign-compare -Wno-uninitialized -Wno-unused-but-set-parameter -Wno-unused-but-set-variable -Wno-unused-parameter -Wno-unused-variable     -O3 -std=c++17 -I/work/riscv/include -I/work/chipyard/tools/DRAMSim2 -I/work/chipyard/sims/verilator/generated-src/chipyard.harness.TestHarness.Baseline8CoreConfig/gen-collateral   -DVERILATOR -DVL_TIME_CONTEXT   -fcoroutines -include VTestDriver__pch.h.fast -c -o VTestDriver___024root__DepSet_h662e1026__31.o VTestDriver___024root__DepSet_h662e1026__31.cpp
g++ -Os  -I.  -MMD -I/usr/share/verilator/include -I/usr/share/verilator/include/vltstd -DVM_COVERAGE=0 -DVM_SC=0 -DVM_TRACE=0 -DVM_TRACE_FST=0 -DVM_TRACE_VCD=0 -faligned-new -fcf-protection=none -Wno-bool-operation -Wno-overloaded-virtual -Wno-shadow -Wno-sign-compare -Wno-uninitialized -Wno-unused-but-set-parameter -Wno-unused-but-set-variable -Wno-unused-parameter -Wno-unused-variable     -O3 -std=c++17 -I/work/riscv/include -I/work/chipyard/tools/DRAMSim2 -I/work/chipyard/sims/verilator/generated-src/chipyard.harness.TestHarness.Baseline8CoreConfig/gen-collateral   -DVERILATOR -DVL_TIME_CONTEXT   -fcoroutines -include VTestDriver__pch.h.fast -c -o VTestDriver___024root__DepSet_h662e1026__32.o VTestDriver___024root__DepSet_h662e1026__32.cpp
g++ -Os  -I.  -MMD -I/usr/share/verilator/include -I/usr/share/verilator/include/vltstd -DVM_COVERAGE=0 -DVM_SC=0 -DVM_TRACE=0 -DVM_TRACE_FST=0 -DVM_TRACE_VCD=0 -faligned-new -fcf-protection=none -Wno-bool-operation -Wno-overloaded-virtual -Wno-shadow -Wno-sign-compare -Wno-uninitialized -Wno-unused-but-set-parameter -Wno-unused-but-set-variable -Wno-unused-parameter -Wno-unused-variable     -O3 -std=c++17 -I/work/riscv/include -I/work/chipyard/tools/DRAMSim2 -I/work/chipyard/sims/verilator/generated-src/chipyard.harness.TestHarness.Baseline8CoreConfig/gen-collateral   -DVERILATOR -DVL_TIME_CONTEXT   -fcoroutines -include VTestDriver__pch.h.fast -c -o VTestDriver___024root__DepSet_h662e1026__33.o VTestDriver___024root__DepSet_h662e1026__33.cpp
g++ -Os  -I.  -MMD -I/usr/share/verilator/include -I/usr/share/verilator/include/vltstd -DVM_COVERAGE=0 -DVM_SC=0 -DVM_TRACE=0 -DVM_TRACE_FST=0 -DVM_TRACE_VCD=0 -faligned-new -fcf-protection=none -Wno-bool-operation -Wno-overloaded-virtual -Wno-shadow -Wno-sign-compare -Wno-uninitialized -Wno-unused-but-set-parameter -Wno-unused-but-set-variable -Wno-unused-parameter -Wno-unused-variable     -O3 -std=c++17 -I/work/riscv/include -I/work/chipyard/tools/DRAMSim2 -I/work/chipyard/sims/verilator/generated-src/chipyard.harness.TestHarness.Baseline8CoreConfig/gen-collateral   -DVERILATOR -DVL_TIME_CONTEXT   -fcoroutines -include VTestDriver__pch.h.fast -c -o VTestDriver___024root__DepSet_h662e1026__34.o VTestDriver___024root__DepSet_h662e1026__34.cpp
g++ -Os  -I.  -MMD -I/usr/share/verilator/include -I/usr/share/verilator/include/vltstd -DVM_COVERAGE=0 -DVM_SC=0 -DVM_TRACE=0 -DVM_TRACE_FST=0 -DVM_TRACE_VCD=0 -faligned-new -fcf-protection=none -Wno-bool-operation -Wno-overloaded-virtual -Wno-shadow -Wno-sign-compare -Wno-uninitialized -Wno-unused-but-set-parameter -Wno-unused-but-set-variable -Wno-unused-parameter -Wno-unused-variable     -O3 -std=c++17 -I/work/riscv/include -I/work/chipyard/tools/DRAMSim2 -I/work/chipyard/sims/verilator/generated-src/chipyard.harness.TestHarness.Baseline8CoreConfig/gen-collateral   -DVERILATOR -DVL_TIME_CONTEXT   -fcoroutines -include VTestDriver__pch.h.fast -c -o VTestDriver___024root__DepSet_h662e1026__35.o VTestDriver___024root__DepSet_h662e1026__35.cpp
g++ -Os  -I.  -MMD -I/usr/share/verilator/include -I/usr/share/verilator/include/vltstd -DVM_COVERAGE=0 -DVM_SC=0 -DVM_TRACE=0 -DVM_TRACE_FST=0 -DVM_TRACE_VCD=0 -faligned-new -fcf-protection=none -Wno-bool-operation -Wno-overloaded-virtual -Wno-shadow -Wno-sign-compare -Wno-uninitialized -Wno-unused-but-set-parameter -Wno-unused-but-set-variable -Wno-unused-parameter -Wno-unused-variable     -O3 -std=c++17 -I/work/riscv/include -I/work/chipyard/tools/DRAMSim2 -I/work/chipyard/sims/verilator/generated-src/chipyard.harness.TestHarness.Baseline8CoreConfig/gen-collateral   -DVERILATOR -DVL_TIME_CONTEXT   -fcoroutines -include VTestDriver__pch.h.fast -c -o VTestDriver___024root__DepSet_h662e1026__36.o VTestDriver___024root__DepSet_h662e1026__36.cpp
g++ -Os  -I.  -MMD -I/usr/share/verilator/include -I/usr/share/verilator/include/vltstd -DVM_COVERAGE=0 -DVM_SC=0 -DVM_TRACE=0 -DVM_TRACE_FST=0 -DVM_TRACE_VCD=0 -faligned-new -fcf-protection=none -Wno-bool-operation -Wno-overloaded-virtual -Wno-shadow -Wno-sign-compare -Wno-uninitialized -Wno-unused-but-set-parameter -Wno-unused-but-set-variable -Wno-unused-parameter -Wno-unused-variable     -O3 -std=c++17 -I/work/riscv/include -I/work/chipyard/tools/DRAMSim2 -I/work/chipyard/sims/verilator/generated-src/chipyard.harness.TestHarness.Baseline8CoreConfig/gen-collateral   -DVERILATOR -DVL_TIME_CONTEXT   -fcoroutines -include VTestDriver__pch.h.fast -c -o VTestDriver___024root__DepSet_h662e1026__37.o VTestDriver___024root__DepSet_h662e1026__37.cpp
g++ -Os  -I.  -MMD -I/usr/share/verilator/include -I/usr/share/verilator/include/vltstd -DVM_COVERAGE=0 -DVM_SC=0 -DVM_TRACE=0 -DVM_TRACE_FST=0 -DVM_TRACE_VCD=0 -faligned-new -fcf-protection=none -Wno-bool-operation -Wno-overloaded-virtual -Wno-shadow -Wno-sign-compare -Wno-uninitialized -Wno-unused-but-set-parameter -Wno-unused-but-set-variable -Wno-unused-parameter -Wno-unused-variable     -O3 -std=c++17 -I/work/riscv/include -I/work/chipyard/tools/DRAMSim2 -I/work/chipyard/sims/verilator/generated-src/chipyard.harness.TestHarness.Baseline8CoreConfig/gen-collateral   -DVERILATOR -DVL_TIME_CONTEXT   -fcoroutines -include VTestDriver__pch.h.fast -c -o VTestDriver___024root__DepSet_h662e1026__38.o VTestDriver___024root__DepSet_h662e1026__38.cpp
g++ -Os  -I.  -MMD -I/usr/share/verilator/include -I/usr/share/verilator/include/vltstd -DVM_COVERAGE=0 -DVM_SC=0 -DVM_TRACE=0 -DVM_TRACE_FST=0 -DVM_TRACE_VCD=0 -faligned-new -fcf-protection=none -Wno-bool-operation -Wno-overloaded-virtual -Wno-shadow -Wno-sign-compare -Wno-uninitialized -Wno-unused-but-set-parameter -Wno-unused-but-set-variable -Wno-unused-parameter -Wno-unused-variable     -O3 -std=c++17 -I/work/riscv/include -I/work/chipyard/tools/DRAMSim2 -I/work/chipyard/sims/verilator/generated-src/chipyard.harness.TestHarness.Baseline8CoreConfig/gen-collateral   -DVERILATOR -DVL_TIME_CONTEXT   -fcoroutines -include VTestDriver__pch.h.fast -c -o VTestDriver___024root__DepSet_h662e1026__39.o VTestDriver___024root__DepSet_h662e1026__39.cpp
g++ -Os  -I.  -MMD -I/usr/share/verilator/include -I/usr/share/verilator/include/vltstd -DVM_COVERAGE=0 -DVM_SC=0 -DVM_TRACE=0 -DVM_TRACE_FST=0 -DVM_TRACE_VCD=0 -faligned-new -fcf-protection=none -Wno-bool-operation -Wno-overloaded-virtual -Wno-shadow -Wno-sign-compare -Wno-uninitialized -Wno-unused-but-set-parameter -Wno-unused-but-set-variable -Wno-unused-parameter -Wno-unused-variable     -O3 -std=c++17 -I/work/riscv/include -I/work/chipyard/tools/DRAMSim2 -I/work/chipyard/sims/verilator/generated-src/chipyard.harness.TestHarness.Baseline8CoreConfig/gen-collateral   -DVERILATOR -DVL_TIME_CONTEXT   -fcoroutines -include VTestDriver__pch.h.fast -c -o VTestDriver___024root__DepSet_h662e1026__40.o VTestDriver___024root__DepSet_h662e1026__40.cpp
g++ -Os  -I.  -MMD -I/usr/share/verilator/include -I/usr/share/verilator/include/vltstd -DVM_COVERAGE=0 -DVM_SC=0 -DVM_TRACE=0 -DVM_TRACE_FST=0 -DVM_TRACE_VCD=0 -faligned-new -fcf-protection=none -Wno-bool-operation -Wno-overloaded-virtual -Wno-shadow -Wno-sign-compare -Wno-uninitialized -Wno-unused-but-set-parameter -Wno-unused-but-set-variable -Wno-unused-parameter -Wno-unused-variable     -O3 -std=c++17 -I/work/riscv/include -I/work/chipyard/tools/DRAMSim2 -I/work/chipyard/sims/verilator/generated-src/chipyard.harness.TestHarness.Baseline8CoreConfig/gen-collateral   -DVERILATOR -DVL_TIME_CONTEXT   -fcoroutines -include VTestDriver__pch.h.fast -c -o VTestDriver___024root__DepSet_h662e1026__41.o VTestDriver___024root__DepSet_h662e1026__41.cpp
g++ -Os  -I.  -MMD -I/usr/share/verilator/include -I/usr/share/verilator/include/vltstd -DVM_COVERAGE=0 -DVM_SC=0 -DVM_TRACE=0 -DVM_TRACE_FST=0 -DVM_TRACE_VCD=0 -faligned-new -fcf-protection=none -Wno-bool-operation -Wno-overloaded-virtual -Wno-shadow -Wno-sign-compare -Wno-uninitialized -Wno-unused-but-set-parameter -Wno-unused-but-set-variable -Wno-unused-parameter -Wno-unused-variable     -O3 -std=c++17 -I/work/riscv/include -I/work/chipyard/tools/DRAMSim2 -I/work/chipyard/sims/verilator/generated-src/chipyard.harness.TestHarness.Baseline8CoreConfig/gen-collateral   -DVERILATOR -DVL_TIME_CONTEXT   -fcoroutines -include VTestDriver__pch.h.fast -c -o VTestDriver___024root__DepSet_h662e1026__42.o VTestDriver___024root__DepSet_h662e1026__42.cpp
g++ -Os  -I.  -MMD -I/usr/share/verilator/include -I/usr/share/verilator/include/vltstd -DVM_COVERAGE=0 -DVM_SC=0 -DVM_TRACE=0 -DVM_TRACE_FST=0 -DVM_TRACE_VCD=0 -faligned-new -fcf-protection=none -Wno-bool-operation -Wno-overloaded-virtual -Wno-shadow -Wno-sign-compare -Wno-uninitialized -Wno-unused-but-set-parameter -Wno-unused-but-set-variable -Wno-unused-parameter -Wno-unused-variable     -O3 -std=c++17 -I/work/riscv/include -I/work/chipyard/tools/DRAMSim2 -I/work/chipyard/sims/verilator/generated-src/chipyard.harness.TestHarness.Baseline8CoreConfig/gen-collateral   -DVERILATOR -DVL_TIME_CONTEXT   -fcoroutines -include VTestDriver__pch.h.fast -c -o VTestDriver___024root__DepSet_h662e1026__43.o VTestDriver___024root__DepSet_h662e1026__43.cpp
g++ -Os  -I.  -MMD -I/usr/share/verilator/include -I/usr/share/verilator/include/vltstd -DVM_COVERAGE=0 -DVM_SC=0 -DVM_TRACE=0 -DVM_TRACE_FST=0 -DVM_TRACE_VCD=0 -faligned-new -fcf-protection=none -Wno-bool-operation -Wno-overloaded-virtual -Wno-shadow -Wno-sign-compare -Wno-uninitialized -Wno-unused-but-set-parameter -Wno-unused-but-set-variable -Wno-unused-parameter -Wno-unused-variable     -O3 -std=c++17 -I/work/riscv/include -I/work/chipyard/tools/DRAMSim2 -I/work/chipyard/sims/verilator/generated-src/chipyard.harness.TestHarness.Baseline8CoreConfig/gen-collateral   -DVERILATOR -DVL_TIME_CONTEXT   -fcoroutines -include VTestDriver__pch.h.fast -c -o VTestDriver___024root__DepSet_h662e1026__44.o VTestDriver___024root__DepSet_h662e1026__44.cpp
g++ -Os  -I.  -MMD -I/usr/share/verilator/include -I/usr/share/verilator/include/vltstd -DVM_COVERAGE=0 -DVM_SC=0 -DVM_TRACE=0 -DVM_TRACE_FST=0 -DVM_TRACE_VCD=0 -faligned-new -fcf-protection=none -Wno-bool-operation -Wno-overloaded-virtual -Wno-shadow -Wno-sign-compare -Wno-uninitialized -Wno-unused-but-set-parameter -Wno-unused-but-set-variable -Wno-unused-parameter -Wno-unused-variable     -O3 -std=c++17 -I/work/riscv/include -I/work/chipyard/tools/DRAMSim2 -I/work/chipyard/sims/verilator/generated-src/chipyard.harness.TestHarness.Baseline8CoreConfig/gen-collateral   -DVERILATOR -DVL_TIME_CONTEXT   -fcoroutines -include VTestDriver__pch.h.fast -c -o VTestDriver___024root__DepSet_h662e1026__45.o VTestDriver___024root__DepSet_h662e1026__45.cpp
g++ -Os  -I.  -MMD -I/usr/share/verilator/include -I/usr/share/verilator/include/vltstd -DVM_COVERAGE=0 -DVM_SC=0 -DVM_TRACE=0 -DVM_TRACE_FST=0 -DVM_TRACE_VCD=0 -faligned-new -fcf-protection=none -Wno-bool-operation -Wno-overloaded-virtual -Wno-shadow -Wno-sign-compare -Wno-uninitialized -Wno-unused-but-set-parameter -Wno-unused-but-set-variable -Wno-unused-parameter -Wno-unused-variable     -O3 -std=c++17 -I/work/riscv/include -I/work/chipyard/tools/DRAMSim2 -I/work/chipyard/sims/verilator/generated-src/chipyard.harness.TestHarness.Baseline8CoreConfig/gen-collateral   -DVERILATOR -DVL_TIME_CONTEXT   -fcoroutines -include VTestDriver__pch.h.fast -c -o VTestDriver___024root__DepSet_h662e1026__46.o VTestDriver___024root__DepSet_h662e1026__46.cpp
g++ -Os  -I.  -MMD -I/usr/share/verilator/include -I/usr/share/verilator/include/vltstd -DVM_COVERAGE=0 -DVM_SC=0 -DVM_TRACE=0 -DVM_TRACE_FST=0 -DVM_TRACE_VCD=0 -faligned-new -fcf-protection=none -Wno-bool-operation -Wno-overloaded-virtual -Wno-shadow -Wno-sign-compare -Wno-uninitialized -Wno-unused-but-set-parameter -Wno-unused-but-set-variable -Wno-unused-parameter -Wno-unused-variable     -O3 -std=c++17 -I/work/riscv/include -I/work/chipyard/tools/DRAMSim2 -I/work/chipyard/sims/verilator/generated-src/chipyard.harness.TestHarness.Baseline8CoreConfig/gen-collateral   -DVERILATOR -DVL_TIME_CONTEXT   -fcoroutines -include VTestDriver__pch.h.fast -c -o VTestDriver___024root__DepSet_h662e1026__47.o VTestDriver___024root__DepSet_h662e1026__47.cpp
g++ -Os  -I.  -MMD -I/usr/share/verilator/include -I/usr/share/verilator/include/vltstd -DVM_COVERAGE=0 -DVM_SC=0 -DVM_TRACE=0 -DVM_TRACE_FST=0 -DVM_TRACE_VCD=0 -faligned-new -fcf-protection=none -Wno-bool-operation -Wno-overloaded-virtual -Wno-shadow -Wno-sign-compare -Wno-uninitialized -Wno-unused-but-set-parameter -Wno-unused-but-set-variable -Wno-unused-parameter -Wno-unused-variable     -O3 -std=c++17 -I/work/riscv/include -I/work/chipyard/tools/DRAMSim2 -I/work/chipyard/sims/verilator/generated-src/chipyard.harness.TestHarness.Baseline8CoreConfig/gen-collateral   -DVERILATOR -DVL_TIME_CONTEXT   -fcoroutines -include VTestDriver__pch.h.fast -c -o VTestDriver___024root__DepSet_h662e1026__48.o VTestDriver___024root__DepSet_h662e1026__48.cpp
g++ -Os  -I.  -MMD -I/usr/share/verilator/include -I/usr/share/verilator/include/vltstd -DVM_COVERAGE=0 -DVM_SC=0 -DVM_TRACE=0 -DVM_TRACE_FST=0 -DVM_TRACE_VCD=0 -faligned-new -fcf-protection=none -Wno-bool-operation -Wno-overloaded-virtual -Wno-shadow -Wno-sign-compare -Wno-uninitialized -Wno-unused-but-set-parameter -Wno-unused-but-set-variable -Wno-unused-parameter -Wno-unused-variable     -O3 -std=c++17 -I/work/riscv/include -I/work/chipyard/tools/DRAMSim2 -I/work/chipyard/sims/verilator/generated-src/chipyard.harness.TestHarness.Baseline8CoreConfig/gen-collateral   -DVERILATOR -DVL_TIME_CONTEXT   -fcoroutines -include VTestDriver__pch.h.fast -c -o VTestDriver___024root__DepSet_h662e1026__49.o VTestDriver___024root__DepSet_h662e1026__49.cpp
g++ -Os  -I.  -MMD -I/usr/share/verilator/include -I/usr/share/verilator/include/vltstd -DVM_COVERAGE=0 -DVM_SC=0 -DVM_TRACE=0 -DVM_TRACE_FST=0 -DVM_TRACE_VCD=0 -faligned-new -fcf-protection=none -Wno-bool-operation -Wno-overloaded-virtual -Wno-shadow -Wno-sign-compare -Wno-uninitialized -Wno-unused-but-set-parameter -Wno-unused-but-set-variable -Wno-unused-parameter -Wno-unused-variable     -O3 -std=c++17 -I/work/riscv/include -I/work/chipyard/tools/DRAMSim2 -I/work/chipyard/sims/verilator/generated-src/chipyard.harness.TestHarness.Baseline8CoreConfig/gen-collateral   -DVERILATOR -DVL_TIME_CONTEXT   -fcoroutines -include VTestDriver__pch.h.fast -c -o VTestDriver___024root__DepSet_h662e1026__50.o VTestDriver___024root__DepSet_h662e1026__50.cpp
g++ -Os  -I.  -MMD -I/usr/share/verilator/include -I/usr/share/verilator/include/vltstd -DVM_COVERAGE=0 -DVM_SC=0 -DVM_TRACE=0 -DVM_TRACE_FST=0 -DVM_TRACE_VCD=0 -faligned-new -fcf-protection=none -Wno-bool-operation -Wno-overloaded-virtual -Wno-shadow -Wno-sign-compare -Wno-uninitialized -Wno-unused-but-set-parameter -Wno-unused-but-set-variable -Wno-unused-parameter -Wno-unused-variable     -O3 -std=c++17 -I/work/riscv/include -I/work/chipyard/tools/DRAMSim2 -I/work/chipyard/sims/verilator/generated-src/chipyard.harness.TestHarness.Baseline8CoreConfig/gen-collateral   -DVERILATOR -DVL_TIME_CONTEXT   -fcoroutines -include VTestDriver__pch.h.fast -c -o VTestDriver___024root__DepSet_h662e1026__51.o VTestDriver___024root__DepSet_h662e1026__51.cpp
g++ -Os  -I.  -MMD -I/usr/share/verilator/include -I/usr/share/verilator/include/vltstd -DVM_COVERAGE=0 -DVM_SC=0 -DVM_TRACE=0 -DVM_TRACE_FST=0 -DVM_TRACE_VCD=0 -faligned-new -fcf-protection=none -Wno-bool-operation -Wno-overloaded-virtual -Wno-shadow -Wno-sign-compare -Wno-uninitialized -Wno-unused-but-set-parameter -Wno-unused-but-set-variable -Wno-unused-parameter -Wno-unused-variable     -O3 -std=c++17 -I/work/riscv/include -I/work/chipyard/tools/DRAMSim2 -I/work/chipyard/sims/verilator/generated-src/chipyard.harness.TestHarness.Baseline8CoreConfig/gen-collateral   -DVERILATOR -DVL_TIME_CONTEXT   -fcoroutines -include VTestDriver__pch.h.fast -c -o VTestDriver___024root__DepSet_h662e1026__52.o VTestDriver___024root__DepSet_h662e1026__52.cpp
g++ -Os  -I.  -MMD -I/usr/share/verilator/include -I/usr/share/verilator/include/vltstd -DVM_COVERAGE=0 -DVM_SC=0 -DVM_TRACE=0 -DVM_TRACE_FST=0 -DVM_TRACE_VCD=0 -faligned-new -fcf-protection=none -Wno-bool-operation -Wno-overloaded-virtual -Wno-shadow -Wno-sign-compare -Wno-uninitialized -Wno-unused-but-set-parameter -Wno-unused-but-set-variable -Wno-unused-parameter -Wno-unused-variable     -O3 -std=c++17 -I/work/riscv/include -I/work/chipyard/tools/DRAMSim2 -I/work/chipyard/sims/verilator/generated-src/chipyard.harness.TestHarness.Baseline8CoreConfig/gen-collateral   -DVERILATOR -DVL_TIME_CONTEXT   -fcoroutines -include VTestDriver__pch.h.fast -c -o VTestDriver___024root__DepSet_h662e1026__53.o VTestDriver___024root__DepSet_h662e1026__53.cpp
g++ -Os  -I.  -MMD -I/usr/share/verilator/include -I/usr/share/verilator/include/vltstd -DVM_COVERAGE=0 -DVM_SC=0 -DVM_TRACE=0 -DVM_TRACE_FST=0 -DVM_TRACE_VCD=0 -faligned-new -fcf-protection=none -Wno-bool-operation -Wno-overloaded-virtual -Wno-shadow -Wno-sign-compare -Wno-uninitialized -Wno-unused-but-set-parameter -Wno-unused-but-set-variable -Wno-unused-parameter -Wno-unused-variable     -O3 -std=c++17 -I/work/riscv/include -I/work/chipyard/tools/DRAMSim2 -I/work/chipyard/sims/verilator/generated-src/chipyard.harness.TestHarness.Baseline8CoreConfig/gen-collateral   -DVERILATOR -DVL_TIME_CONTEXT   -fcoroutines -include VTestDriver__pch.h.fast -c -o VTestDriver___024root__DepSet_h662e1026__54.o VTestDriver___024root__DepSet_h662e1026__54.cpp
g++ -Os  -I.  -MMD -I/usr/share/verilator/include -I/usr/share/verilator/include/vltstd -DVM_COVERAGE=0 -DVM_SC=0 -DVM_TRACE=0 -DVM_TRACE_FST=0 -DVM_TRACE_VCD=0 -faligned-new -fcf-protection=none -Wno-bool-operation -Wno-overloaded-virtual -Wno-shadow -Wno-sign-compare -Wno-uninitialized -Wno-unused-but-set-parameter -Wno-unused-but-set-variable -Wno-unused-parameter -Wno-unused-variable     -O3 -std=c++17 -I/work/riscv/include -I/work/chipyard/tools/DRAMSim2 -I/work/chipyard/sims/verilator/generated-src/chipyard.harness.TestHarness.Baseline8CoreConfig/gen-collateral   -DVERILATOR -DVL_TIME_CONTEXT   -fcoroutines -include VTestDriver__pch.h.fast -c -o VTestDriver___024root__DepSet_h662e1026__55.o VTestDriver___024root__DepSet_h662e1026__55.cpp
g++ -Os  -I.  -MMD -I/usr/share/verilator/include -I/usr/share/verilator/include/vltstd -DVM_COVERAGE=0 -DVM_SC=0 -DVM_TRACE=0 -DVM_TRACE_FST=0 -DVM_TRACE_VCD=0 -faligned-new -fcf-protection=none -Wno-bool-operation -Wno-overloaded-virtual -Wno-shadow -Wno-sign-compare -Wno-uninitialized -Wno-unused-but-set-parameter -Wno-unused-but-set-variable -Wno-unused-parameter -Wno-unused-variable     -O3 -std=c++17 -I/work/riscv/include -I/work/chipyard/tools/DRAMSim2 -I/work/chipyard/sims/verilator/generated-src/chipyard.harness.TestHarness.Baseline8CoreConfig/gen-collateral   -DVERILATOR -DVL_TIME_CONTEXT   -fcoroutines -include VTestDriver__pch.h.fast -c -o VTestDriver___024root__DepSet_h662e1026__56.o VTestDriver___024root__DepSet_h662e1026__56.cpp
g++ -Os  -I.  -MMD -I/usr/share/verilator/include -I/usr/share/verilator/include/vltstd -DVM_COVERAGE=0 -DVM_SC=0 -DVM_TRACE=0 -DVM_TRACE_FST=0 -DVM_TRACE_VCD=0 -faligned-new -fcf-protection=none -Wno-bool-operation -Wno-overloaded-virtual -Wno-shadow -Wno-sign-compare -Wno-uninitialized -Wno-unused-but-set-parameter -Wno-unused-but-set-variable -Wno-unused-parameter -Wno-unused-variable     -O3 -std=c++17 -I/work/riscv/include -I/work/chipyard/tools/DRAMSim2 -I/work/chipyard/sims/verilator/generated-src/chipyard.harness.TestHarness.Baseline8CoreConfig/gen-collateral   -DVERILATOR -DVL_TIME_CONTEXT   -fcoroutines -include VTestDriver__pch.h.fast -c -o VTestDriver___024root__DepSet_h662e1026__57.o VTestDriver___024root__DepSet_h662e1026__57.cpp
g++ -Os  -I.  -MMD -I/usr/share/verilator/include -I/usr/share/verilator/include/vltstd -DVM_COVERAGE=0 -DVM_SC=0 -DVM_TRACE=0 -DVM_TRACE_FST=0 -DVM_TRACE_VCD=0 -faligned-new -fcf-protection=none -Wno-bool-operation -Wno-overloaded-virtual -Wno-shadow -Wno-sign-compare -Wno-uninitialized -Wno-unused-but-set-parameter -Wno-unused-but-set-variable -Wno-unused-parameter -Wno-unused-variable     -O3 -std=c++17 -I/work/riscv/include -I/work/chipyard/tools/DRAMSim2 -I/work/chipyard/sims/verilator/generated-src/chipyard.harness.TestHarness.Baseline8CoreConfig/gen-collateral   -DVERILATOR -DVL_TIME_CONTEXT   -fcoroutines -include VTestDriver__pch.h.fast -c -o VTestDriver___024root__DepSet_h662e1026__58.o VTestDriver___024root__DepSet_h662e1026__58.cpp
g++ -Os  -I.  -MMD -I/usr/share/verilator/include -I/usr/share/verilator/include/vltstd -DVM_COVERAGE=0 -DVM_SC=0 -DVM_TRACE=0 -DVM_TRACE_FST=0 -DVM_TRACE_VCD=0 -faligned-new -fcf-protection=none -Wno-bool-operation -Wno-overloaded-virtual -Wno-shadow -Wno-sign-compare -Wno-uninitialized -Wno-unused-but-set-parameter -Wno-unused-but-set-variable -Wno-unused-parameter -Wno-unused-variable     -O3 -std=c++17 -I/work/riscv/include -I/work/chipyard/tools/DRAMSim2 -I/work/chipyard/sims/verilator/generated-src/chipyard.harness.TestHarness.Baseline8CoreConfig/gen-collateral   -DVERILATOR -DVL_TIME_CONTEXT   -fcoroutines -include VTestDriver__pch.h.fast -c -o VTestDriver___024root__DepSet_h662e1026__59.o VTestDriver___024root__DepSet_h662e1026__59.cpp
g++ -Os  -I.  -MMD -I/usr/share/verilator/include -I/usr/share/verilator/include/vltstd -DVM_COVERAGE=0 -DVM_SC=0 -DVM_TRACE=0 -DVM_TRACE_FST=0 -DVM_TRACE_VCD=0 -faligned-new -fcf-protection=none -Wno-bool-operation -Wno-overloaded-virtual -Wno-shadow -Wno-sign-compare -Wno-uninitialized -Wno-unused-but-set-parameter -Wno-unused-but-set-variable -Wno-unused-parameter -Wno-unused-variable     -O3 -std=c++17 -I/work/riscv/include -I/work/chipyard/tools/DRAMSim2 -I/work/chipyard/sims/verilator/generated-src/chipyard.harness.TestHarness.Baseline8CoreConfig/gen-collateral   -DVERILATOR -DVL_TIME_CONTEXT   -fcoroutines -include VTestDriver__pch.h.fast -c -o VTestDriver___024root__DepSet_h662e1026__60.o VTestDriver___024root__DepSet_h662e1026__60.cpp
g++ -Os  -I.  -MMD -I/usr/share/verilator/include -I/usr/share/verilator/include/vltstd -DVM_COVERAGE=0 -DVM_SC=0 -DVM_TRACE=0 -DVM_TRACE_FST=0 -DVM_TRACE_VCD=0 -faligned-new -fcf-protection=none -Wno-bool-operation -Wno-overloaded-virtual -Wno-shadow -Wno-sign-compare -Wno-uninitialized -Wno-unused-but-set-parameter -Wno-unused-but-set-variable -Wno-unused-parameter -Wno-unused-variable     -O3 -std=c++17 -I/work/riscv/include -I/work/chipyard/tools/DRAMSim2 -I/work/chipyard/sims/verilator/generated-src/chipyard.harness.TestHarness.Baseline8CoreConfig/gen-collateral   -DVERILATOR -DVL_TIME_CONTEXT   -fcoroutines -include VTestDriver__pch.h.fast -c -o VTestDriver___024root__DepSet_h662e1026__61.o VTestDriver___024root__DepSet_h662e1026__61.cpp
g++ -Os  -I.  -MMD -I/usr/share/verilator/include -I/usr/share/verilator/include/vltstd -DVM_COVERAGE=0 -DVM_SC=0 -DVM_TRACE=0 -DVM_TRACE_FST=0 -DVM_TRACE_VCD=0 -faligned-new -fcf-protection=none -Wno-bool-operation -Wno-overloaded-virtual -Wno-shadow -Wno-sign-compare -Wno-uninitialized -Wno-unused-but-set-parameter -Wno-unused-but-set-variable -Wno-unused-parameter -Wno-unused-variable     -O3 -std=c++17 -I/work/riscv/include -I/work/chipyard/tools/DRAMSim2 -I/work/chipyard/sims/verilator/generated-src/chipyard.harness.TestHarness.Baseline8CoreConfig/gen-collateral   -DVERILATOR -DVL_TIME_CONTEXT   -fcoroutines -include VTestDriver__pch.h.fast -c -o VTestDriver___024root__DepSet_h662e1026__62.o VTestDriver___024root__DepSet_h662e1026__62.cpp
g++ -Os  -I.  -MMD -I/usr/share/verilator/include -I/usr/share/verilator/include/vltstd -DVM_COVERAGE=0 -DVM_SC=0 -DVM_TRACE=0 -DVM_TRACE_FST=0 -DVM_TRACE_VCD=0 -faligned-new -fcf-protection=none -Wno-bool-operation -Wno-overloaded-virtual -Wno-shadow -Wno-sign-compare -Wno-uninitialized -Wno-unused-but-set-parameter -Wno-unused-but-set-variable -Wno-unused-parameter -Wno-unused-variable     -O3 -std=c++17 -I/work/riscv/include -I/work/chipyard/tools/DRAMSim2 -I/work/chipyard/sims/verilator/generated-src/chipyard.harness.TestHarness.Baseline8CoreConfig/gen-collateral   -DVERILATOR -DVL_TIME_CONTEXT   -fcoroutines -include VTestDriver__pch.h.fast -c -o VTestDriver___024root__DepSet_h662e1026__63.o VTestDriver___024root__DepSet_h662e1026__63.cpp
g++ -Os  -I.  -MMD -I/usr/share/verilator/include -I/usr/share/verilator/include/vltstd -DVM_COVERAGE=0 -DVM_SC=0 -DVM_TRACE=0 -DVM_TRACE_FST=0 -DVM_TRACE_VCD=0 -faligned-new -fcf-protection=none -Wno-bool-operation -Wno-overloaded-virtual -Wno-shadow -Wno-sign-compare -Wno-uninitialized -Wno-unused-but-set-parameter -Wno-unused-but-set-variable -Wno-unused-parameter -Wno-unused-variable     -O3 -std=c++17 -I/work/riscv/include -I/work/chipyard/tools/DRAMSim2 -I/work/chipyard/sims/verilator/generated-src/chipyard.harness.TestHarness.Baseline8CoreConfig/gen-collateral   -DVERILATOR -DVL_TIME_CONTEXT   -fcoroutines -include VTestDriver__pch.h.fast -c -o VTestDriver___024root__DepSet_h662e1026__64.o VTestDriver___024root__DepSet_h662e1026__64.cpp
g++ -Os  -I.  -MMD -I/usr/share/verilator/include -I/usr/share/verilator/include/vltstd -DVM_COVERAGE=0 -DVM_SC=0 -DVM_TRACE=0 -DVM_TRACE_FST=0 -DVM_TRACE_VCD=0 -faligned-new -fcf-protection=none -Wno-bool-operation -Wno-overloaded-virtual -Wno-shadow -Wno-sign-compare -Wno-uninitialized -Wno-unused-but-set-parameter -Wno-unused-but-set-variable -Wno-unused-parameter -Wno-unused-variable     -O3 -std=c++17 -I/work/riscv/include -I/work/chipyard/tools/DRAMSim2 -I/work/chipyard/sims/verilator/generated-src/chipyard.harness.TestHarness.Baseline8CoreConfig/gen-collateral   -DVERILATOR -DVL_TIME_CONTEXT   -fcoroutines -include VTestDriver__pch.h.fast -c -o VTestDriver___024root__DepSet_h662e1026__65.o VTestDriver___024root__DepSet_h662e1026__65.cpp
g++ -Os  -I.  -MMD -I/usr/share/verilator/include -I/usr/share/verilator/include/vltstd -DVM_COVERAGE=0 -DVM_SC=0 -DVM_TRACE=0 -DVM_TRACE_FST=0 -DVM_TRACE_VCD=0 -faligned-new -fcf-protection=none -Wno-bool-operation -Wno-overloaded-virtual -Wno-shadow -Wno-sign-compare -Wno-uninitialized -Wno-unused-but-set-parameter -Wno-unused-but-set-variable -Wno-unused-parameter -Wno-unused-variable     -O3 -std=c++17 -I/work/riscv/include -I/work/chipyard/tools/DRAMSim2 -I/work/chipyard/sims/verilator/generated-src/chipyard.harness.TestHarness.Baseline8CoreConfig/gen-collateral   -DVERILATOR -DVL_TIME_CONTEXT   -fcoroutines -include VTestDriver__pch.h.fast -c -o VTestDriver___024root__DepSet_h662e1026__66.o VTestDriver___024root__DepSet_h662e1026__66.cpp
g++ -Os  -I.  -MMD -I/usr/share/verilator/include -I/usr/share/verilator/include/vltstd -DVM_COVERAGE=0 -DVM_SC=0 -DVM_TRACE=0 -DVM_TRACE_FST=0 -DVM_TRACE_VCD=0 -faligned-new -fcf-protection=none -Wno-bool-operation -Wno-overloaded-virtual -Wno-shadow -Wno-sign-compare -Wno-uninitialized -Wno-unused-but-set-parameter -Wno-unused-but-set-variable -Wno-unused-parameter -Wno-unused-variable     -O3 -std=c++17 -I/work/riscv/include -I/work/chipyard/tools/DRAMSim2 -I/work/chipyard/sims/verilator/generated-src/chipyard.harness.TestHarness.Baseline8CoreConfig/gen-collateral   -DVERILATOR -DVL_TIME_CONTEXT   -fcoroutines -include VTestDriver__pch.h.fast -c -o VTestDriver___024root__DepSet_h662e1026__67.o VTestDriver___024root__DepSet_h662e1026__67.cpp
g++ -Os  -I.  -MMD -I/usr/share/verilator/include -I/usr/share/verilator/include/vltstd -DVM_COVERAGE=0 -DVM_SC=0 -DVM_TRACE=0 -DVM_TRACE_FST=0 -DVM_TRACE_VCD=0 -faligned-new -fcf-protection=none -Wno-bool-operation -Wno-overloaded-virtual -Wno-shadow -Wno-sign-compare -Wno-uninitialized -Wno-unused-but-set-parameter -Wno-unused-but-set-variable -Wno-unused-parameter -Wno-unused-variable     -O3 -std=c++17 -I/work/riscv/include -I/work/chipyard/tools/DRAMSim2 -I/work/chipyard/sims/verilator/generated-src/chipyard.harness.TestHarness.Baseline8CoreConfig/gen-collateral   -DVERILATOR -DVL_TIME_CONTEXT   -fcoroutines -include VTestDriver__pch.h.fast -c -o VTestDriver___024root__DepSet_h662e1026__68.o VTestDriver___024root__DepSet_h662e1026__68.cpp
g++ -Os  -I.  -MMD -I/usr/share/verilator/include -I/usr/share/verilator/include/vltstd -DVM_COVERAGE=0 -DVM_SC=0 -DVM_TRACE=0 -DVM_TRACE_FST=0 -DVM_TRACE_VCD=0 -faligned-new -fcf-protection=none -Wno-bool-operation -Wno-overloaded-virtual -Wno-shadow -Wno-sign-compare -Wno-uninitialized -Wno-unused-but-set-parameter -Wno-unused-but-set-variable -Wno-unused-parameter -Wno-unused-variable     -O3 -std=c++17 -I/work/riscv/include -I/work/chipyard/tools/DRAMSim2 -I/work/chipyard/sims/verilator/generated-src/chipyard.harness.TestHarness.Baseline8CoreConfig/gen-collateral   -DVERILATOR -DVL_TIME_CONTEXT   -fcoroutines -include VTestDriver__pch.h.fast -c -o VTestDriver___024root__DepSet_h662e1026__69.o VTestDriver___024root__DepSet_h662e1026__69.cpp
g++ -Os  -I.  -MMD -I/usr/share/verilator/include -I/usr/share/verilator/include/vltstd -DVM_COVERAGE=0 -DVM_SC=0 -DVM_TRACE=0 -DVM_TRACE_FST=0 -DVM_TRACE_VCD=0 -faligned-new -fcf-protection=none -Wno-bool-operation -Wno-overloaded-virtual -Wno-shadow -Wno-sign-compare -Wno-uninitialized -Wno-unused-but-set-parameter -Wno-unused-but-set-variable -Wno-unused-parameter -Wno-unused-variable     -O3 -std=c++17 -I/work/riscv/include -I/work/chipyard/tools/DRAMSim2 -I/work/chipyard/sims/verilator/generated-src/chipyard.harness.TestHarness.Baseline8CoreConfig/gen-collateral   -DVERILATOR -DVL_TIME_CONTEXT   -fcoroutines -include VTestDriver__pch.h.fast -c -o VTestDriver___024root__DepSet_h662e1026__70.o VTestDriver___024root__DepSet_h662e1026__70.cpp
g++ -Os  -I.  -MMD -I/usr/share/verilator/include -I/usr/share/verilator/include/vltstd -DVM_COVERAGE=0 -DVM_SC=0 -DVM_TRACE=0 -DVM_TRACE_FST=0 -DVM_TRACE_VCD=0 -faligned-new -fcf-protection=none -Wno-bool-operation -Wno-overloaded-virtual -Wno-shadow -Wno-sign-compare -Wno-uninitialized -Wno-unused-but-set-parameter -Wno-unused-but-set-variable -Wno-unused-parameter -Wno-unused-variable     -O3 -std=c++17 -I/work/riscv/include -I/work/chipyard/tools/DRAMSim2 -I/work/chipyard/sims/verilator/generated-src/chipyard.harness.TestHarness.Baseline8CoreConfig/gen-collateral   -DVERILATOR -DVL_TIME_CONTEXT   -fcoroutines -include VTestDriver__pch.h.fast -c -o VTestDriver___024root__DepSet_h662e1026__71.o VTestDriver___024root__DepSet_h662e1026__71.cpp
g++ -Os  -I.  -MMD -I/usr/share/verilator/include -I/usr/share/verilator/include/vltstd -DVM_COVERAGE=0 -DVM_SC=0 -DVM_TRACE=0 -DVM_TRACE_FST=0 -DVM_TRACE_VCD=0 -faligned-new -fcf-protection=none -Wno-bool-operation -Wno-overloaded-virtual -Wno-shadow -Wno-sign-compare -Wno-uninitialized -Wno-unused-but-set-parameter -Wno-unused-but-set-variable -Wno-unused-parameter -Wno-unused-variable     -O3 -std=c++17 -I/work/riscv/include -I/work/chipyard/tools/DRAMSim2 -I/work/chipyard/sims/verilator/generated-src/chipyard.harness.TestHarness.Baseline8CoreConfig/gen-collateral   -DVERILATOR -DVL_TIME_CONTEXT   -fcoroutines -include VTestDriver__pch.h.fast -c -o VTestDriver___024root__DepSet_h662e1026__72.o VTestDriver___024root__DepSet_h662e1026__72.cpp
g++ -Os  -I.  -MMD -I/usr/share/verilator/include -I/usr/share/verilator/include/vltstd -DVM_COVERAGE=0 -DVM_SC=0 -DVM_TRACE=0 -DVM_TRACE_FST=0 -DVM_TRACE_VCD=0 -faligned-new -fcf-protection=none -Wno-bool-operation -Wno-overloaded-virtual -Wno-shadow -Wno-sign-compare -Wno-uninitialized -Wno-unused-but-set-parameter -Wno-unused-but-set-variable -Wno-unused-parameter -Wno-unused-variable     -O3 -std=c++17 -I/work/riscv/include -I/work/chipyard/tools/DRAMSim2 -I/work/chipyard/sims/verilator/generated-src/chipyard.harness.TestHarness.Baseline8CoreConfig/gen-collateral   -DVERILATOR -DVL_TIME_CONTEXT   -fcoroutines -include VTestDriver__pch.h.fast -c -o VTestDriver___024root__DepSet_h662e1026__73.o VTestDriver___024root__DepSet_h662e1026__73.cpp
g++ -Os  -I.  -MMD -I/usr/share/verilator/include -I/usr/share/verilator/include/vltstd -DVM_COVERAGE=0 -DVM_SC=0 -DVM_TRACE=0 -DVM_TRACE_FST=0 -DVM_TRACE_VCD=0 -faligned-new -fcf-protection=none -Wno-bool-operation -Wno-overloaded-virtual -Wno-shadow -Wno-sign-compare -Wno-uninitialized -Wno-unused-but-set-parameter -Wno-unused-but-set-variable -Wno-unused-parameter -Wno-unused-variable     -O3 -std=c++17 -I/work/riscv/include -I/work/chipyard/tools/DRAMSim2 -I/work/chipyard/sims/verilator/generated-src/chipyard.harness.TestHarness.Baseline8CoreConfig/gen-collateral   -DVERILATOR -DVL_TIME_CONTEXT   -fcoroutines -include VTestDriver__pch.h.fast -c -o VTestDriver___024root__DepSet_h662e1026__74.o VTestDriver___024root__DepSet_h662e1026__74.cpp
g++ -Os  -I.  -MMD -I/usr/share/verilator/include -I/usr/share/verilator/include/vltstd -DVM_COVERAGE=0 -DVM_SC=0 -DVM_TRACE=0 -DVM_TRACE_FST=0 -DVM_TRACE_VCD=0 -faligned-new -fcf-protection=none -Wno-bool-operation -Wno-overloaded-virtual -Wno-shadow -Wno-sign-compare -Wno-uninitialized -Wno-unused-but-set-parameter -Wno-unused-but-set-variable -Wno-unused-parameter -Wno-unused-variable     -O3 -std=c++17 -I/work/riscv/include -I/work/chipyard/tools/DRAMSim2 -I/work/chipyard/sims/verilator/generated-src/chipyard.harness.TestHarness.Baseline8CoreConfig/gen-collateral   -DVERILATOR -DVL_TIME_CONTEXT   -fcoroutines -include VTestDriver__pch.h.fast -c -o VTestDriver___024root__DepSet_h662e1026__75.o VTestDriver___024root__DepSet_h662e1026__75.cpp
g++ -Os  -I.  -MMD -I/usr/share/verilator/include -I/usr/share/verilator/include/vltstd -DVM_COVERAGE=0 -DVM_SC=0 -DVM_TRACE=0 -DVM_TRACE_FST=0 -DVM_TRACE_VCD=0 -faligned-new -fcf-protection=none -Wno-bool-operation -Wno-overloaded-virtual -Wno-shadow -Wno-sign-compare -Wno-uninitialized -Wno-unused-but-set-parameter -Wno-unused-but-set-variable -Wno-unused-parameter -Wno-unused-variable     -O3 -std=c++17 -I/work/riscv/include -I/work/chipyard/tools/DRAMSim2 -I/work/chipyard/sims/verilator/generated-src/chipyard.harness.TestHarness.Baseline8CoreConfig/gen-collateral   -DVERILATOR -DVL_TIME_CONTEXT   -fcoroutines -include VTestDriver__pch.h.fast -c -o VTestDriver___024root__DepSet_h662e1026__76.o VTestDriver___024root__DepSet_h662e1026__76.cpp
g++ -Os  -I.  -MMD -I/usr/share/verilator/include -I/usr/share/verilator/include/vltstd -DVM_COVERAGE=0 -DVM_SC=0 -DVM_TRACE=0 -DVM_TRACE_FST=0 -DVM_TRACE_VCD=0 -faligned-new -fcf-protection=none -Wno-bool-operation -Wno-overloaded-virtual -Wno-shadow -Wno-sign-compare -Wno-uninitialized -Wno-unused-but-set-parameter -Wno-unused-but-set-variable -Wno-unused-parameter -Wno-unused-variable     -O3 -std=c++17 -I/work/riscv/include -I/work/chipyard/tools/DRAMSim2 -I/work/chipyard/sims/verilator/generated-src/chipyard.harness.TestHarness.Baseline8CoreConfig/gen-collateral   -DVERILATOR -DVL_TIME_CONTEXT   -fcoroutines -include VTestDriver__pch.h.fast -c -o VTestDriver___024root__DepSet_h662e1026__77.o VTestDriver___024root__DepSet_h662e1026__77.cpp
g++ -Os  -I.  -MMD -I/usr/share/verilator/include -I/usr/share/verilator/include/vltstd -DVM_COVERAGE=0 -DVM_SC=0 -DVM_TRACE=0 -DVM_TRACE_FST=0 -DVM_TRACE_VCD=0 -faligned-new -fcf-protection=none -Wno-bool-operation -Wno-overloaded-virtual -Wno-shadow -Wno-sign-compare -Wno-uninitialized -Wno-unused-but-set-parameter -Wno-unused-but-set-variable -Wno-unused-parameter -Wno-unused-variable     -O3 -std=c++17 -I/work/riscv/include -I/work/chipyard/tools/DRAMSim2 -I/work/chipyard/sims/verilator/generated-src/chipyard.harness.TestHarness.Baseline8CoreConfig/gen-collateral   -DVERILATOR -DVL_TIME_CONTEXT   -fcoroutines -include VTestDriver__pch.h.fast -c -o VTestDriver___024root__DepSet_h662e1026__78.o VTestDriver___024root__DepSet_h662e1026__78.cpp
g++ -Os  -I.  -MMD -I/usr/share/verilator/include -I/usr/share/verilator/include/vltstd -DVM_COVERAGE=0 -DVM_SC=0 -DVM_TRACE=0 -DVM_TRACE_FST=0 -DVM_TRACE_VCD=0 -faligned-new -fcf-protection=none -Wno-bool-operation -Wno-overloaded-virtual -Wno-shadow -Wno-sign-compare -Wno-uninitialized -Wno-unused-but-set-parameter -Wno-unused-but-set-variable -Wno-unused-parameter -Wno-unused-variable     -O3 -std=c++17 -I/work/riscv/include -I/work/chipyard/tools/DRAMSim2 -I/work/chipyard/sims/verilator/generated-src/chipyard.harness.TestHarness.Baseline8CoreConfig/gen-collateral   -DVERILATOR -DVL_TIME_CONTEXT   -fcoroutines -include VTestDriver__pch.h.fast -c -o VTestDriver___024root__DepSet_h662e1026__79.o VTestDriver___024root__DepSet_h662e1026__79.cpp
g++ -Os  -I.  -MMD -I/usr/share/verilator/include -I/usr/share/verilator/include/vltstd -DVM_COVERAGE=0 -DVM_SC=0 -DVM_TRACE=0 -DVM_TRACE_FST=0 -DVM_TRACE_VCD=0 -faligned-new -fcf-protection=none -Wno-bool-operation -Wno-overloaded-virtual -Wno-shadow -Wno-sign-compare -Wno-uninitialized -Wno-unused-but-set-parameter -Wno-unused-but-set-variable -Wno-unused-parameter -Wno-unused-variable     -O3 -std=c++17 -I/work/riscv/include -I/work/chipyard/tools/DRAMSim2 -I/work/chipyard/sims/verilator/generated-src/chipyard.harness.TestHarness.Baseline8CoreConfig/gen-collateral   -DVERILATOR -DVL_TIME_CONTEXT   -fcoroutines -include VTestDriver__pch.h.fast -c -o VTestDriver___024root__DepSet_h662e1026__80.o VTestDriver___024root__DepSet_h662e1026__80.cpp
g++ -Os  -I.  -MMD -I/usr/share/verilator/include -I/usr/share/verilator/include/vltstd -DVM_COVERAGE=0 -DVM_SC=0 -DVM_TRACE=0 -DVM_TRACE_FST=0 -DVM_TRACE_VCD=0 -faligned-new -fcf-protection=none -Wno-bool-operation -Wno-overloaded-virtual -Wno-shadow -Wno-sign-compare -Wno-uninitialized -Wno-unused-but-set-parameter -Wno-unused-but-set-variable -Wno-unused-parameter -Wno-unused-variable     -O3 -std=c++17 -I/work/riscv/include -I/work/chipyard/tools/DRAMSim2 -I/work/chipyard/sims/verilator/generated-src/chipyard.harness.TestHarness.Baseline8CoreConfig/gen-collateral   -DVERILATOR -DVL_TIME_CONTEXT   -fcoroutines -include VTestDriver__pch.h.fast -c -o VTestDriver___024root__DepSet_h662e1026__81.o VTestDriver___024root__DepSet_h662e1026__81.cpp
g++ -Os  -I.  -MMD -I/usr/share/verilator/include -I/usr/share/verilator/include/vltstd -DVM_COVERAGE=0 -DVM_SC=0 -DVM_TRACE=0 -DVM_TRACE_FST=0 -DVM_TRACE_VCD=0 -faligned-new -fcf-protection=none -Wno-bool-operation -Wno-overloaded-virtual -Wno-shadow -Wno-sign-compare -Wno-uninitialized -Wno-unused-but-set-parameter -Wno-unused-but-set-variable -Wno-unused-parameter -Wno-unused-variable     -O3 -std=c++17 -I/work/riscv/include -I/work/chipyard/tools/DRAMSim2 -I/work/chipyard/sims/verilator/generated-src/chipyard.harness.TestHarness.Baseline8CoreConfig/gen-collateral   -DVERILATOR -DVL_TIME_CONTEXT   -fcoroutines -include VTestDriver__pch.h.fast -c -o VTestDriver___024root__DepSet_h662e1026__82.o VTestDriver___024root__DepSet_h662e1026__82.cpp
g++ -Os  -I.  -MMD -I/usr/share/verilator/include -I/usr/share/verilator/include/vltstd -DVM_COVERAGE=0 -DVM_SC=0 -DVM_TRACE=0 -DVM_TRACE_FST=0 -DVM_TRACE_VCD=0 -faligned-new -fcf-protection=none -Wno-bool-operation -Wno-overloaded-virtual -Wno-shadow -Wno-sign-compare -Wno-uninitialized -Wno-unused-but-set-parameter -Wno-unused-but-set-variable -Wno-unused-parameter -Wno-unused-variable     -O3 -std=c++17 -I/work/riscv/include -I/work/chipyard/tools/DRAMSim2 -I/work/chipyard/sims/verilator/generated-src/chipyard.harness.TestHarness.Baseline8CoreConfig/gen-collateral   -DVERILATOR -DVL_TIME_CONTEXT   -fcoroutines -include VTestDriver__pch.h.fast -c -o VTestDriver___024root__DepSet_h662e1026__83.o VTestDriver___024root__DepSet_h662e1026__83.cpp
g++ -Os  -I.  -MMD -I/usr/share/verilator/include -I/usr/share/verilator/include/vltstd -DVM_COVERAGE=0 -DVM_SC=0 -DVM_TRACE=0 -DVM_TRACE_FST=0 -DVM_TRACE_VCD=0 -faligned-new -fcf-protection=none -Wno-bool-operation -Wno-overloaded-virtual -Wno-shadow -Wno-sign-compare -Wno-uninitialized -Wno-unused-but-set-parameter -Wno-unused-but-set-variable -Wno-unused-parameter -Wno-unused-variable     -O3 -std=c++17 -I/work/riscv/include -I/work/chipyard/tools/DRAMSim2 -I/work/chipyard/sims/verilator/generated-src/chipyard.harness.TestHarness.Baseline8CoreConfig/gen-collateral   -DVERILATOR -DVL_TIME_CONTEXT   -fcoroutines -include VTestDriver__pch.h.fast -c -o VTestDriver___024root__DepSet_h662e1026__84.o VTestDriver___024root__DepSet_h662e1026__84.cpp
g++ -Os  -I.  -MMD -I/usr/share/verilator/include -I/usr/share/verilator/include/vltstd -DVM_COVERAGE=0 -DVM_SC=0 -DVM_TRACE=0 -DVM_TRACE_FST=0 -DVM_TRACE_VCD=0 -faligned-new -fcf-protection=none -Wno-bool-operation -Wno-overloaded-virtual -Wno-shadow -Wno-sign-compare -Wno-uninitialized -Wno-unused-but-set-parameter -Wno-unused-but-set-variable -Wno-unused-parameter -Wno-unused-variable     -O3 -std=c++17 -I/work/riscv/include -I/work/chipyard/tools/DRAMSim2 -I/work/chipyard/sims/verilator/generated-src/chipyard.harness.TestHarness.Baseline8CoreConfig/gen-collateral   -DVERILATOR -DVL_TIME_CONTEXT   -fcoroutines -include VTestDriver__pch.h.fast -c -o VTestDriver___024root__DepSet_h662e1026__85.o VTestDriver___024root__DepSet_h662e1026__85.cpp
g++ -Os  -I.  -MMD -I/usr/share/verilator/include -I/usr/share/verilator/include/vltstd -DVM_COVERAGE=0 -DVM_SC=0 -DVM_TRACE=0 -DVM_TRACE_FST=0 -DVM_TRACE_VCD=0 -faligned-new -fcf-protection=none -Wno-bool-operation -Wno-overloaded-virtual -Wno-shadow -Wno-sign-compare -Wno-uninitialized -Wno-unused-but-set-parameter -Wno-unused-but-set-variable -Wno-unused-parameter -Wno-unused-variable     -O3 -std=c++17 -I/work/riscv/include -I/work/chipyard/tools/DRAMSim2 -I/work/chipyard/sims/verilator/generated-src/chipyard.harness.TestHarness.Baseline8CoreConfig/gen-collateral   -DVERILATOR -DVL_TIME_CONTEXT   -fcoroutines -include VTestDriver__pch.h.fast -c -o VTestDriver___024root__DepSet_h662e1026__86.o VTestDriver___024root__DepSet_h662e1026__86.cpp
g++ -Os  -I.  -MMD -I/usr/share/verilator/include -I/usr/share/verilator/include/vltstd -DVM_COVERAGE=0 -DVM_SC=0 -DVM_TRACE=0 -DVM_TRACE_FST=0 -DVM_TRACE_VCD=0 -faligned-new -fcf-protection=none -Wno-bool-operation -Wno-overloaded-virtual -Wno-shadow -Wno-sign-compare -Wno-uninitialized -Wno-unused-but-set-parameter -Wno-unused-but-set-variable -Wno-unused-parameter -Wno-unused-variable     -O3 -std=c++17 -I/work/riscv/include -I/work/chipyard/tools/DRAMSim2 -I/work/chipyard/sims/verilator/generated-src/chipyard.harness.TestHarness.Baseline8CoreConfig/gen-collateral   -DVERILATOR -DVL_TIME_CONTEXT   -fcoroutines -include VTestDriver__pch.h.fast -c -o VTestDriver___024root__DepSet_h662e1026__87.o VTestDriver___024root__DepSet_h662e1026__87.cpp
g++ -Os  -I.  -MMD -I/usr/share/verilator/include -I/usr/share/verilator/include/vltstd -DVM_COVERAGE=0 -DVM_SC=0 -DVM_TRACE=0 -DVM_TRACE_FST=0 -DVM_TRACE_VCD=0 -faligned-new -fcf-protection=none -Wno-bool-operation -Wno-overloaded-virtual -Wno-shadow -Wno-sign-compare -Wno-uninitialized -Wno-unused-but-set-parameter -Wno-unused-but-set-variable -Wno-unused-parameter -Wno-unused-variable     -O3 -std=c++17 -I/work/riscv/include -I/work/chipyard/tools/DRAMSim2 -I/work/chipyard/sims/verilator/generated-src/chipyard.harness.TestHarness.Baseline8CoreConfig/gen-collateral   -DVERILATOR -DVL_TIME_CONTEXT   -fcoroutines -include VTestDriver__pch.h.fast -c -o VTestDriver___024root__DepSet_h662e1026__88.o VTestDriver___024root__DepSet_h662e1026__88.cpp
g++ -Os  -I.  -MMD -I/usr/share/verilator/include -I/usr/share/verilator/include/vltstd -DVM_COVERAGE=0 -DVM_SC=0 -DVM_TRACE=0 -DVM_TRACE_FST=0 -DVM_TRACE_VCD=0 -faligned-new -fcf-protection=none -Wno-bool-operation -Wno-overloaded-virtual -Wno-shadow -Wno-sign-compare -Wno-uninitialized -Wno-unused-but-set-parameter -Wno-unused-but-set-variable -Wno-unused-parameter -Wno-unused-variable     -O3 -std=c++17 -I/work/riscv/include -I/work/chipyard/tools/DRAMSim2 -I/work/chipyard/sims/verilator/generated-src/chipyard.harness.TestHarness.Baseline8CoreConfig/gen-collateral   -DVERILATOR -DVL_TIME_CONTEXT   -fcoroutines -include VTestDriver__pch.h.fast -c -o VTestDriver___024root__DepSet_h662e1026__89.o VTestDriver___024root__DepSet_h662e1026__89.cpp
g++ -Os  -I.  -MMD -I/usr/share/verilator/include -I/usr/share/verilator/include/vltstd -DVM_COVERAGE=0 -DVM_SC=0 -DVM_TRACE=0 -DVM_TRACE_FST=0 -DVM_TRACE_VCD=0 -faligned-new -fcf-protection=none -Wno-bool-operation -Wno-overloaded-virtual -Wno-shadow -Wno-sign-compare -Wno-uninitialized -Wno-unused-but-set-parameter -Wno-unused-but-set-variable -Wno-unused-parameter -Wno-unused-variable     -O3 -std=c++17 -I/work/riscv/include -I/work/chipyard/tools/DRAMSim2 -I/work/chipyard/sims/verilator/generated-src/chipyard.harness.TestHarness.Baseline8CoreConfig/gen-collateral   -DVERILATOR -DVL_TIME_CONTEXT   -fcoroutines -include VTestDriver__pch.h.fast -c -o VTestDriver___024root__DepSet_h662e1026__90.o VTestDriver___024root__DepSet_h662e1026__90.cpp
g++ -Os  -I.  -MMD -I/usr/share/verilator/include -I/usr/share/verilator/include/vltstd -DVM_COVERAGE=0 -DVM_SC=0 -DVM_TRACE=0 -DVM_TRACE_FST=0 -DVM_TRACE_VCD=0 -faligned-new -fcf-protection=none -Wno-bool-operation -Wno-overloaded-virtual -Wno-shadow -Wno-sign-compare -Wno-uninitialized -Wno-unused-but-set-parameter -Wno-unused-but-set-variable -Wno-unused-parameter -Wno-unused-variable     -O3 -std=c++17 -I/work/riscv/include -I/work/chipyard/tools/DRAMSim2 -I/work/chipyard/sims/verilator/generated-src/chipyard.harness.TestHarness.Baseline8CoreConfig/gen-collateral   -DVERILATOR -DVL_TIME_CONTEXT   -fcoroutines -include VTestDriver__pch.h.fast -c -o VTestDriver___024root__DepSet_h662e1026__91.o VTestDriver___024root__DepSet_h662e1026__91.cpp
g++ -Os  -I.  -MMD -I/usr/share/verilator/include -I/usr/share/verilator/include/vltstd -DVM_COVERAGE=0 -DVM_SC=0 -DVM_TRACE=0 -DVM_TRACE_FST=0 -DVM_TRACE_VCD=0 -faligned-new -fcf-protection=none -Wno-bool-operation -Wno-overloaded-virtual -Wno-shadow -Wno-sign-compare -Wno-uninitialized -Wno-unused-but-set-parameter -Wno-unused-but-set-variable -Wno-unused-parameter -Wno-unused-variable     -O3 -std=c++17 -I/work/riscv/include -I/work/chipyard/tools/DRAMSim2 -I/work/chipyard/sims/verilator/generated-src/chipyard.harness.TestHarness.Baseline8CoreConfig/gen-collateral   -DVERILATOR -DVL_TIME_CONTEXT   -fcoroutines -include VTestDriver__pch.h.fast -c -o VTestDriver___024root__DepSet_h662e1026__92.o VTestDriver___024root__DepSet_h662e1026__92.cpp
g++ -Os  -I.  -MMD -I/usr/share/verilator/include -I/usr/share/verilator/include/vltstd -DVM_COVERAGE=0 -DVM_SC=0 -DVM_TRACE=0 -DVM_TRACE_FST=0 -DVM_TRACE_VCD=0 -faligned-new -fcf-protection=none -Wno-bool-operation -Wno-overloaded-virtual -Wno-shadow -Wno-sign-compare -Wno-uninitialized -Wno-unused-but-set-parameter -Wno-unused-but-set-variable -Wno-unused-parameter -Wno-unused-variable     -O3 -std=c++17 -I/work/riscv/include -I/work/chipyard/tools/DRAMSim2 -I/work/chipyard/sims/verilator/generated-src/chipyard.harness.TestHarness.Baseline8CoreConfig/gen-collateral   -DVERILATOR -DVL_TIME_CONTEXT   -fcoroutines -include VTestDriver__pch.h.fast -c -o VTestDriver___024root__DepSet_h662e1026__93.o VTestDriver___024root__DepSet_h662e1026__93.cpp
g++ -Os  -I.  -MMD -I/usr/share/verilator/include -I/usr/share/verilator/include/vltstd -DVM_COVERAGE=0 -DVM_SC=0 -DVM_TRACE=0 -DVM_TRACE_FST=0 -DVM_TRACE_VCD=0 -faligned-new -fcf-protection=none -Wno-bool-operation -Wno-overloaded-virtual -Wno-shadow -Wno-sign-compare -Wno-uninitialized -Wno-unused-but-set-parameter -Wno-unused-but-set-variable -Wno-unused-parameter -Wno-unused-variable     -O3 -std=c++17 -I/work/riscv/include -I/work/chipyard/tools/DRAMSim2 -I/work/chipyard/sims/verilator/generated-src/chipyard.harness.TestHarness.Baseline8CoreConfig/gen-collateral   -DVERILATOR -DVL_TIME_CONTEXT   -fcoroutines -include VTestDriver__pch.h.fast -c -o VTestDriver___024root__DepSet_h662e1026__94.o VTestDriver___024root__DepSet_h662e1026__94.cpp
g++ -Os  -I.  -MMD -I/usr/share/verilator/include -I/usr/share/verilator/include/vltstd -DVM_COVERAGE=0 -DVM_SC=0 -DVM_TRACE=0 -DVM_TRACE_FST=0 -DVM_TRACE_VCD=0 -faligned-new -fcf-protection=none -Wno-bool-operation -Wno-overloaded-virtual -Wno-shadow -Wno-sign-compare -Wno-uninitialized -Wno-unused-but-set-parameter -Wno-unused-but-set-variable -Wno-unused-parameter -Wno-unused-variable     -O3 -std=c++17 -I/work/riscv/include -I/work/chipyard/tools/DRAMSim2 -I/work/chipyard/sims/verilator/generated-src/chipyard.harness.TestHarness.Baseline8CoreConfig/gen-collateral   -DVERILATOR -DVL_TIME_CONTEXT   -fcoroutines -include VTestDriver__pch.h.fast -c -o VTestDriver___024root__DepSet_hbb6e3b65__0.o VTestDriver___024root__DepSet_hbb6e3b65__0.cpp
g++ -Os  -I.  -MMD -I/usr/share/verilator/include -I/usr/share/verilator/include/vltstd -DVM_COVERAGE=0 -DVM_SC=0 -DVM_TRACE=0 -DVM_TRACE_FST=0 -DVM_TRACE_VCD=0 -faligned-new -fcf-protection=none -Wno-bool-operation -Wno-overloaded-virtual -Wno-shadow -Wno-sign-compare -Wno-uninitialized -Wno-unused-but-set-parameter -Wno-unused-but-set-variable -Wno-unused-parameter -Wno-unused-variable     -O3 -std=c++17 -I/work/riscv/include -I/work/chipyard/tools/DRAMSim2 -I/work/chipyard/sims/verilator/generated-src/chipyard.harness.TestHarness.Baseline8CoreConfig/gen-collateral   -DVERILATOR -DVL_TIME_CONTEXT   -fcoroutines -include VTestDriver__pch.h.fast -c -o VTestDriver___024root__DepSet_hbb6e3b65__1.o VTestDriver___024root__DepSet_hbb6e3b65__1.cpp
g++ -Os  -I.  -MMD -I/usr/share/verilator/include -I/usr/share/verilator/include/vltstd -DVM_COVERAGE=0 -DVM_SC=0 -DVM_TRACE=0 -DVM_TRACE_FST=0 -DVM_TRACE_VCD=0 -faligned-new -fcf-protection=none -Wno-bool-operation -Wno-overloaded-virtual -Wno-shadow -Wno-sign-compare -Wno-uninitialized -Wno-unused-but-set-parameter -Wno-unused-but-set-variable -Wno-unused-parameter -Wno-unused-variable     -O3 -std=c++17 -I/work/riscv/include -I/work/chipyard/tools/DRAMSim2 -I/work/chipyard/sims/verilator/generated-src/chipyard.harness.TestHarness.Baseline8CoreConfig/gen-collateral   -DVERILATOR -DVL_TIME_CONTEXT   -fcoroutines -include VTestDriver__pch.h.fast -c -o VTestDriver___024root__DepSet_hbb6e3b65__2.o VTestDriver___024root__DepSet_hbb6e3b65__2.cpp
g++ -Os  -I.  -MMD -I/usr/share/verilator/include -I/usr/share/verilator/include/vltstd -DVM_COVERAGE=0 -DVM_SC=0 -DVM_TRACE=0 -DVM_TRACE_FST=0 -DVM_TRACE_VCD=0 -faligned-new -fcf-protection=none -Wno-bool-operation -Wno-overloaded-virtual -Wno-shadow -Wno-sign-compare -Wno-uninitialized -Wno-unused-but-set-parameter -Wno-unused-but-set-variable -Wno-unused-parameter -Wno-unused-variable     -O3 -std=c++17 -I/work/riscv/include -I/work/chipyard/tools/DRAMSim2 -I/work/chipyard/sims/verilator/generated-src/chipyard.harness.TestHarness.Baseline8CoreConfig/gen-collateral   -DVERILATOR -DVL_TIME_CONTEXT   -fcoroutines -include VTestDriver__pch.h.fast -c -o VTestDriver___024root__DepSet_hbb6e3b65__3.o VTestDriver___024root__DepSet_hbb6e3b65__3.cpp
g++ -Os  -I.  -MMD -I/usr/share/verilator/include -I/usr/share/verilator/include/vltstd -DVM_COVERAGE=0 -DVM_SC=0 -DVM_TRACE=0 -DVM_TRACE_FST=0 -DVM_TRACE_VCD=0 -faligned-new -fcf-protection=none -Wno-bool-operation -Wno-overloaded-virtual -Wno-shadow -Wno-sign-compare -Wno-uninitialized -Wno-unused-but-set-parameter -Wno-unused-but-set-variable -Wno-unused-parameter -Wno-unused-variable     -O3 -std=c++17 -I/work/riscv/include -I/work/chipyard/tools/DRAMSim2 -I/work/chipyard/sims/verilator/generated-src/chipyard.harness.TestHarness.Baseline8CoreConfig/gen-collateral   -DVERILATOR -DVL_TIME_CONTEXT   -fcoroutines -include VTestDriver__pch.h.fast -c -o VTestDriver___024root__DepSet_hbb6e3b65__4.o VTestDriver___024root__DepSet_hbb6e3b65__4.cpp
g++ -Os  -I.  -MMD -I/usr/share/verilator/include -I/usr/share/verilator/include/vltstd -DVM_COVERAGE=0 -DVM_SC=0 -DVM_TRACE=0 -DVM_TRACE_FST=0 -DVM_TRACE_VCD=0 -faligned-new -fcf-protection=none -Wno-bool-operation -Wno-overloaded-virtual -Wno-shadow -Wno-sign-compare -Wno-uninitialized -Wno-unused-but-set-parameter -Wno-unused-but-set-variable -Wno-unused-parameter -Wno-unused-variable     -O3 -std=c++17 -I/work/riscv/include -I/work/chipyard/tools/DRAMSim2 -I/work/chipyard/sims/verilator/generated-src/chipyard.harness.TestHarness.Baseline8CoreConfig/gen-collateral   -DVERILATOR -DVL_TIME_CONTEXT   -fcoroutines -include VTestDriver__pch.h.fast -c -o VTestDriver___024root__DepSet_hbb6e3b65__5.o VTestDriver___024root__DepSet_hbb6e3b65__5.cpp
g++ -Os  -I.  -MMD -I/usr/share/verilator/include -I/usr/share/verilator/include/vltstd -DVM_COVERAGE=0 -DVM_SC=0 -DVM_TRACE=0 -DVM_TRACE_FST=0 -DVM_TRACE_VCD=0 -faligned-new -fcf-protection=none -Wno-bool-operation -Wno-overloaded-virtual -Wno-shadow -Wno-sign-compare -Wno-uninitialized -Wno-unused-but-set-parameter -Wno-unused-but-set-variable -Wno-unused-parameter -Wno-unused-variable     -O3 -std=c++17 -I/work/riscv/include -I/work/chipyard/tools/DRAMSim2 -I/work/chipyard/sims/verilator/generated-src/chipyard.harness.TestHarness.Baseline8CoreConfig/gen-collateral   -DVERILATOR -DVL_TIME_CONTEXT   -fcoroutines -include VTestDriver__pch.h.fast -c -o VTestDriver___024root__DepSet_hbb6e3b65__6.o VTestDriver___024root__DepSet_hbb6e3b65__6.cpp
g++ -Os  -I.  -MMD -I/usr/share/verilator/include -I/usr/share/verilator/include/vltstd -DVM_COVERAGE=0 -DVM_SC=0 -DVM_TRACE=0 -DVM_TRACE_FST=0 -DVM_TRACE_VCD=0 -faligned-new -fcf-protection=none -Wno-bool-operation -Wno-overloaded-virtual -Wno-shadow -Wno-sign-compare -Wno-uninitialized -Wno-unused-but-set-parameter -Wno-unused-but-set-variable -Wno-unused-parameter -Wno-unused-variable     -O3 -std=c++17 -I/work/riscv/include -I/work/chipyard/tools/DRAMSim2 -I/work/chipyard/sims/verilator/generated-src/chipyard.harness.TestHarness.Baseline8CoreConfig/gen-collateral   -DVERILATOR -DVL_TIME_CONTEXT   -fcoroutines -include VTestDriver__pch.h.fast -c -o VTestDriver___024root__DepSet_hbb6e3b65__7.o VTestDriver___024root__DepSet_hbb6e3b65__7.cpp
g++ -Os  -I.  -MMD -I/usr/share/verilator/include -I/usr/share/verilator/include/vltstd -DVM_COVERAGE=0 -DVM_SC=0 -DVM_TRACE=0 -DVM_TRACE_FST=0 -DVM_TRACE_VCD=0 -faligned-new -fcf-protection=none -Wno-bool-operation -Wno-overloaded-virtual -Wno-shadow -Wno-sign-compare -Wno-uninitialized -Wno-unused-but-set-parameter -Wno-unused-but-set-variable -Wno-unused-parameter -Wno-unused-variable     -O3 -std=c++17 -I/work/riscv/include -I/work/chipyard/tools/DRAMSim2 -I/work/chipyard/sims/verilator/generated-src/chipyard.harness.TestHarness.Baseline8CoreConfig/gen-collateral   -DVERILATOR -DVL_TIME_CONTEXT   -fcoroutines -include VTestDriver__pch.h.fast -c -o VTestDriver___024root__DepSet_hbb6e3b65__8.o VTestDriver___024root__DepSet_hbb6e3b65__8.cpp
g++ -Os  -I.  -MMD -I/usr/share/verilator/include -I/usr/share/verilator/include/vltstd -DVM_COVERAGE=0 -DVM_SC=0 -DVM_TRACE=0 -DVM_TRACE_FST=0 -DVM_TRACE_VCD=0 -faligned-new -fcf-protection=none -Wno-bool-operation -Wno-overloaded-virtual -Wno-shadow -Wno-sign-compare -Wno-uninitialized -Wno-unused-but-set-parameter -Wno-unused-but-set-variable -Wno-unused-parameter -Wno-unused-variable     -O3 -std=c++17 -I/work/riscv/include -I/work/chipyard/tools/DRAMSim2 -I/work/chipyard/sims/verilator/generated-src/chipyard.harness.TestHarness.Baseline8CoreConfig/gen-collateral   -DVERILATOR -DVL_TIME_CONTEXT   -fcoroutines -include VTestDriver__pch.h.fast -c -o VTestDriver___024root__DepSet_hbb6e3b65__9.o VTestDriver___024root__DepSet_hbb6e3b65__9.cpp
g++ -Os  -I.  -MMD -I/usr/share/verilator/include -I/usr/share/verilator/include/vltstd -DVM_COVERAGE=0 -DVM_SC=0 -DVM_TRACE=0 -DVM_TRACE_FST=0 -DVM_TRACE_VCD=0 -faligned-new -fcf-protection=none -Wno-bool-operation -Wno-overloaded-virtual -Wno-shadow -Wno-sign-compare -Wno-uninitialized -Wno-unused-but-set-parameter -Wno-unused-but-set-variable -Wno-unused-parameter -Wno-unused-variable     -O3 -std=c++17 -I/work/riscv/include -I/work/chipyard/tools/DRAMSim2 -I/work/chipyard/sims/verilator/generated-src/chipyard.harness.TestHarness.Baseline8CoreConfig/gen-collateral   -DVERILATOR -DVL_TIME_CONTEXT   -fcoroutines -include VTestDriver__pch.h.fast -c -o VTestDriver___024root__DepSet_hbb6e3b65__10.o VTestDriver___024root__DepSet_hbb6e3b65__10.cpp
g++ -Os  -I.  -MMD -I/usr/share/verilator/include -I/usr/share/verilator/include/vltstd -DVM_COVERAGE=0 -DVM_SC=0 -DVM_TRACE=0 -DVM_TRACE_FST=0 -DVM_TRACE_VCD=0 -faligned-new -fcf-protection=none -Wno-bool-operation -Wno-overloaded-virtual -Wno-shadow -Wno-sign-compare -Wno-uninitialized -Wno-unused-but-set-parameter -Wno-unused-but-set-variable -Wno-unused-parameter -Wno-unused-variable     -O3 -std=c++17 -I/work/riscv/include -I/work/chipyard/tools/DRAMSim2 -I/work/chipyard/sims/verilator/generated-src/chipyard.harness.TestHarness.Baseline8CoreConfig/gen-collateral   -DVERILATOR -DVL_TIME_CONTEXT   -fcoroutines -include VTestDriver__pch.h.fast -c -o VTestDriver___024root__DepSet_hbb6e3b65__11.o VTestDriver___024root__DepSet_hbb6e3b65__11.cpp
g++ -Os  -I.  -MMD -I/usr/share/verilator/include -I/usr/share/verilator/include/vltstd -DVM_COVERAGE=0 -DVM_SC=0 -DVM_TRACE=0 -DVM_TRACE_FST=0 -DVM_TRACE_VCD=0 -faligned-new -fcf-protection=none -Wno-bool-operation -Wno-overloaded-virtual -Wno-shadow -Wno-sign-compare -Wno-uninitialized -Wno-unused-but-set-parameter -Wno-unused-but-set-variable -Wno-unused-parameter -Wno-unused-variable     -O3 -std=c++17 -I/work/riscv/include -I/work/chipyard/tools/DRAMSim2 -I/work/chipyard/sims/verilator/generated-src/chipyard.harness.TestHarness.Baseline8CoreConfig/gen-collateral   -DVERILATOR -DVL_TIME_CONTEXT   -fcoroutines -include VTestDriver__pch.h.fast -c -o VTestDriver___024root__DepSet_hbb6e3b65__12.o VTestDriver___024root__DepSet_hbb6e3b65__12.cpp
g++ -Os  -I.  -MMD -I/usr/share/verilator/include -I/usr/share/verilator/include/vltstd -DVM_COVERAGE=0 -DVM_SC=0 -DVM_TRACE=0 -DVM_TRACE_FST=0 -DVM_TRACE_VCD=0 -faligned-new -fcf-protection=none -Wno-bool-operation -Wno-overloaded-virtual -Wno-shadow -Wno-sign-compare -Wno-uninitialized -Wno-unused-but-set-parameter -Wno-unused-but-set-variable -Wno-unused-parameter -Wno-unused-variable     -O3 -std=c++17 -I/work/riscv/include -I/work/chipyard/tools/DRAMSim2 -I/work/chipyard/sims/verilator/generated-src/chipyard.harness.TestHarness.Baseline8CoreConfig/gen-collateral   -DVERILATOR -DVL_TIME_CONTEXT   -fcoroutines -include VTestDriver__pch.h.fast -c -o VTestDriver___024root__DepSet_hbb6e3b65__13.o VTestDriver___024root__DepSet_hbb6e3b65__13.cpp
g++ -Os  -I.  -MMD -I/usr/share/verilator/include -I/usr/share/verilator/include/vltstd -DVM_COVERAGE=0 -DVM_SC=0 -DVM_TRACE=0 -DVM_TRACE_FST=0 -DVM_TRACE_VCD=0 -faligned-new -fcf-protection=none -Wno-bool-operation -Wno-overloaded-virtual -Wno-shadow -Wno-sign-compare -Wno-uninitialized -Wno-unused-but-set-parameter -Wno-unused-but-set-variable -Wno-unused-parameter -Wno-unused-variable     -O3 -std=c++17 -I/work/riscv/include -I/work/chipyard/tools/DRAMSim2 -I/work/chipyard/sims/verilator/generated-src/chipyard.harness.TestHarness.Baseline8CoreConfig/gen-collateral   -DVERILATOR -DVL_TIME_CONTEXT   -fcoroutines -include VTestDriver__pch.h.fast -c -o VTestDriver___024root__DepSet_hbb6e3b65__14.o VTestDriver___024root__DepSet_hbb6e3b65__14.cpp
g++ -Os  -I.  -MMD -I/usr/share/verilator/include -I/usr/share/verilator/include/vltstd -DVM_COVERAGE=0 -DVM_SC=0 -DVM_TRACE=0 -DVM_TRACE_FST=0 -DVM_TRACE_VCD=0 -faligned-new -fcf-protection=none -Wno-bool-operation -Wno-overloaded-virtual -Wno-shadow -Wno-sign-compare -Wno-uninitialized -Wno-unused-but-set-parameter -Wno-unused-but-set-variable -Wno-unused-parameter -Wno-unused-variable     -O3 -std=c++17 -I/work/riscv/include -I/work/chipyard/tools/DRAMSim2 -I/work/chipyard/sims/verilator/generated-src/chipyard.harness.TestHarness.Baseline8CoreConfig/gen-collateral   -DVERILATOR -DVL_TIME_CONTEXT   -fcoroutines -include VTestDriver__pch.h.fast -c -o VTestDriver___024root__DepSet_hbb6e3b65__15.o VTestDriver___024root__DepSet_hbb6e3b65__15.cpp
g++ -Os  -I.  -MMD -I/usr/share/verilator/include -I/usr/share/verilator/include/vltstd -DVM_COVERAGE=0 -DVM_SC=0 -DVM_TRACE=0 -DVM_TRACE_FST=0 -DVM_TRACE_VCD=0 -faligned-new -fcf-protection=none -Wno-bool-operation -Wno-overloaded-virtual -Wno-shadow -Wno-sign-compare -Wno-uninitialized -Wno-unused-but-set-parameter -Wno-unused-but-set-variable -Wno-unused-parameter -Wno-unused-variable     -O3 -std=c++17 -I/work/riscv/include -I/work/chipyard/tools/DRAMSim2 -I/work/chipyard/sims/verilator/generated-src/chipyard.harness.TestHarness.Baseline8CoreConfig/gen-collateral   -DVERILATOR -DVL_TIME_CONTEXT   -fcoroutines -include VTestDriver__pch.h.fast -c -o VTestDriver___024root__DepSet_hbb6e3b65__16.o VTestDriver___024root__DepSet_hbb6e3b65__16.cpp
g++ -Os  -I.  -MMD -I/usr/share/verilator/include -I/usr/share/verilator/include/vltstd -DVM_COVERAGE=0 -DVM_SC=0 -DVM_TRACE=0 -DVM_TRACE_FST=0 -DVM_TRACE_VCD=0 -faligned-new -fcf-protection=none -Wno-bool-operation -Wno-overloaded-virtual -Wno-shadow -Wno-sign-compare -Wno-uninitialized -Wno-unused-but-set-parameter -Wno-unused-but-set-variable -Wno-unused-parameter -Wno-unused-variable     -O3 -std=c++17 -I/work/riscv/include -I/work/chipyard/tools/DRAMSim2 -I/work/chipyard/sims/verilator/generated-src/chipyard.harness.TestHarness.Baseline8CoreConfig/gen-collateral   -DVERILATOR -DVL_TIME_CONTEXT   -fcoroutines -include VTestDriver__pch.h.fast -c -o VTestDriver___024root__DepSet_hbb6e3b65__17.o VTestDriver___024root__DepSet_hbb6e3b65__17.cpp
g++ -Os  -I.  -MMD -I/usr/share/verilator/include -I/usr/share/verilator/include/vltstd -DVM_COVERAGE=0 -DVM_SC=0 -DVM_TRACE=0 -DVM_TRACE_FST=0 -DVM_TRACE_VCD=0 -faligned-new -fcf-protection=none -Wno-bool-operation -Wno-overloaded-virtual -Wno-shadow -Wno-sign-compare -Wno-uninitialized -Wno-unused-but-set-parameter -Wno-unused-but-set-variable -Wno-unused-parameter -Wno-unused-variable     -O3 -std=c++17 -I/work/riscv/include -I/work/chipyard/tools/DRAMSim2 -I/work/chipyard/sims/verilator/generated-src/chipyard.harness.TestHarness.Baseline8CoreConfig/gen-collateral   -DVERILATOR -DVL_TIME_CONTEXT   -fcoroutines -include VTestDriver__pch.h.fast -c -o VTestDriver___024root__DepSet_hbb6e3b65__18.o VTestDriver___024root__DepSet_hbb6e3b65__18.cpp
g++ -Os  -I.  -MMD -I/usr/share/verilator/include -I/usr/share/verilator/include/vltstd -DVM_COVERAGE=0 -DVM_SC=0 -DVM_TRACE=0 -DVM_TRACE_FST=0 -DVM_TRACE_VCD=0 -faligned-new -fcf-protection=none -Wno-bool-operation -Wno-overloaded-virtual -Wno-shadow -Wno-sign-compare -Wno-uninitialized -Wno-unused-but-set-parameter -Wno-unused-but-set-variable -Wno-unused-parameter -Wno-unused-variable     -O3 -std=c++17 -I/work/riscv/include -I/work/chipyard/tools/DRAMSim2 -I/work/chipyard/sims/verilator/generated-src/chipyard.harness.TestHarness.Baseline8CoreConfig/gen-collateral   -DVERILATOR -DVL_TIME_CONTEXT   -fcoroutines -include VTestDriver__pch.h.fast -c -o VTestDriver___024root__DepSet_hbb6e3b65__19.o VTestDriver___024root__DepSet_hbb6e3b65__19.cpp
g++ -Os  -I.  -MMD -I/usr/share/verilator/include -I/usr/share/verilator/include/vltstd -DVM_COVERAGE=0 -DVM_SC=0 -DVM_TRACE=0 -DVM_TRACE_FST=0 -DVM_TRACE_VCD=0 -faligned-new -fcf-protection=none -Wno-bool-operation -Wno-overloaded-virtual -Wno-shadow -Wno-sign-compare -Wno-uninitialized -Wno-unused-but-set-parameter -Wno-unused-but-set-variable -Wno-unused-parameter -Wno-unused-variable     -O3 -std=c++17 -I/work/riscv/include -I/work/chipyard/tools/DRAMSim2 -I/work/chipyard/sims/verilator/generated-src/chipyard.harness.TestHarness.Baseline8CoreConfig/gen-collateral   -DVERILATOR -DVL_TIME_CONTEXT   -fcoroutines -include VTestDriver__pch.h.fast -c -o VTestDriver___024root__DepSet_hbb6e3b65__20.o VTestDriver___024root__DepSet_hbb6e3b65__20.cpp
g++ -Os  -I.  -MMD -I/usr/share/verilator/include -I/usr/share/verilator/include/vltstd -DVM_COVERAGE=0 -DVM_SC=0 -DVM_TRACE=0 -DVM_TRACE_FST=0 -DVM_TRACE_VCD=0 -faligned-new -fcf-protection=none -Wno-bool-operation -Wno-overloaded-virtual -Wno-shadow -Wno-sign-compare -Wno-uninitialized -Wno-unused-but-set-parameter -Wno-unused-but-set-variable -Wno-unused-parameter -Wno-unused-variable     -O3 -std=c++17 -I/work/riscv/include -I/work/chipyard/tools/DRAMSim2 -I/work/chipyard/sims/verilator/generated-src/chipyard.harness.TestHarness.Baseline8CoreConfig/gen-collateral   -DVERILATOR -DVL_TIME_CONTEXT   -fcoroutines -include VTestDriver__pch.h.fast -c -o VTestDriver___024root__DepSet_hbb6e3b65__21.o VTestDriver___024root__DepSet_hbb6e3b65__21.cpp
g++ -Os  -I.  -MMD -I/usr/share/verilator/include -I/usr/share/verilator/include/vltstd -DVM_COVERAGE=0 -DVM_SC=0 -DVM_TRACE=0 -DVM_TRACE_FST=0 -DVM_TRACE_VCD=0 -faligned-new -fcf-protection=none -Wno-bool-operation -Wno-overloaded-virtual -Wno-shadow -Wno-sign-compare -Wno-uninitialized -Wno-unused-but-set-parameter -Wno-unused-but-set-variable -Wno-unused-parameter -Wno-unused-variable     -O3 -std=c++17 -I/work/riscv/include -I/work/chipyard/tools/DRAMSim2 -I/work/chipyard/sims/verilator/generated-src/chipyard.harness.TestHarness.Baseline8CoreConfig/gen-collateral   -DVERILATOR -DVL_TIME_CONTEXT   -fcoroutines -include VTestDriver__pch.h.fast -c -o VTestDriver___024root__DepSet_hbb6e3b65__22.o VTestDriver___024root__DepSet_hbb6e3b65__22.cpp
g++ -Os  -I.  -MMD -I/usr/share/verilator/include -I/usr/share/verilator/include/vltstd -DVM_COVERAGE=0 -DVM_SC=0 -DVM_TRACE=0 -DVM_TRACE_FST=0 -DVM_TRACE_VCD=0 -faligned-new -fcf-protection=none -Wno-bool-operation -Wno-overloaded-virtual -Wno-shadow -Wno-sign-compare -Wno-uninitialized -Wno-unused-but-set-parameter -Wno-unused-but-set-variable -Wno-unused-parameter -Wno-unused-variable     -O3 -std=c++17 -I/work/riscv/include -I/work/chipyard/tools/DRAMSim2 -I/work/chipyard/sims/verilator/generated-src/chipyard.harness.TestHarness.Baseline8CoreConfig/gen-collateral   -DVERILATOR -DVL_TIME_CONTEXT   -fcoroutines -include VTestDriver__pch.h.fast -c -o VTestDriver___024root__DepSet_hbb6e3b65__23.o VTestDriver___024root__DepSet_hbb6e3b65__23.cpp
g++ -Os  -I.  -MMD -I/usr/share/verilator/include -I/usr/share/verilator/include/vltstd -DVM_COVERAGE=0 -DVM_SC=0 -DVM_TRACE=0 -DVM_TRACE_FST=0 -DVM_TRACE_VCD=0 -faligned-new -fcf-protection=none -Wno-bool-operation -Wno-overloaded-virtual -Wno-shadow -Wno-sign-compare -Wno-uninitialized -Wno-unused-but-set-parameter -Wno-unused-but-set-variable -Wno-unused-parameter -Wno-unused-variable     -O3 -std=c++17 -I/work/riscv/include -I/work/chipyard/tools/DRAMSim2 -I/work/chipyard/sims/verilator/generated-src/chipyard.harness.TestHarness.Baseline8CoreConfig/gen-collateral   -DVERILATOR -DVL_TIME_CONTEXT   -fcoroutines -include VTestDriver__pch.h.fast -c -o VTestDriver___024root__DepSet_hbb6e3b65__24.o VTestDriver___024root__DepSet_hbb6e3b65__24.cpp
g++ -Os  -I.  -MMD -I/usr/share/verilator/include -I/usr/share/verilator/include/vltstd -DVM_COVERAGE=0 -DVM_SC=0 -DVM_TRACE=0 -DVM_TRACE_FST=0 -DVM_TRACE_VCD=0 -faligned-new -fcf-protection=none -Wno-bool-operation -Wno-overloaded-virtual -Wno-shadow -Wno-sign-compare -Wno-uninitialized -Wno-unused-but-set-parameter -Wno-unused-but-set-variable -Wno-unused-parameter -Wno-unused-variable     -O3 -std=c++17 -I/work/riscv/include -I/work/chipyard/tools/DRAMSim2 -I/work/chipyard/sims/verilator/generated-src/chipyard.harness.TestHarness.Baseline8CoreConfig/gen-collateral   -DVERILATOR -DVL_TIME_CONTEXT   -fcoroutines -include VTestDriver__pch.h.fast -c -o VTestDriver___024root__DepSet_hbb6e3b65__25.o VTestDriver___024root__DepSet_hbb6e3b65__25.cpp
g++ -Os  -I.  -MMD -I/usr/share/verilator/include -I/usr/share/verilator/include/vltstd -DVM_COVERAGE=0 -DVM_SC=0 -DVM_TRACE=0 -DVM_TRACE_FST=0 -DVM_TRACE_VCD=0 -faligned-new -fcf-protection=none -Wno-bool-operation -Wno-overloaded-virtual -Wno-shadow -Wno-sign-compare -Wno-uninitialized -Wno-unused-but-set-parameter -Wno-unused-but-set-variable -Wno-unused-parameter -Wno-unused-variable     -O3 -std=c++17 -I/work/riscv/include -I/work/chipyard/tools/DRAMSim2 -I/work/chipyard/sims/verilator/generated-src/chipyard.harness.TestHarness.Baseline8CoreConfig/gen-collateral   -DVERILATOR -DVL_TIME_CONTEXT   -fcoroutines -include VTestDriver__pch.h.fast -c -o VTestDriver___024root__DepSet_hbb6e3b65__26.o VTestDriver___024root__DepSet_hbb6e3b65__26.cpp
g++ -Os  -I.  -MMD -I/usr/share/verilator/include -I/usr/share/verilator/include/vltstd -DVM_COVERAGE=0 -DVM_SC=0 -DVM_TRACE=0 -DVM_TRACE_FST=0 -DVM_TRACE_VCD=0 -faligned-new -fcf-protection=none -Wno-bool-operation -Wno-overloaded-virtual -Wno-shadow -Wno-sign-compare -Wno-uninitialized -Wno-unused-but-set-parameter -Wno-unused-but-set-variable -Wno-unused-parameter -Wno-unused-variable     -O3 -std=c++17 -I/work/riscv/include -I/work/chipyard/tools/DRAMSim2 -I/work/chipyard/sims/verilator/generated-src/chipyard.harness.TestHarness.Baseline8CoreConfig/gen-collateral   -DVERILATOR -DVL_TIME_CONTEXT   -fcoroutines -include VTestDriver__pch.h.fast -c -o VTestDriver___024root__DepSet_hbb6e3b65__27.o VTestDriver___024root__DepSet_hbb6e3b65__27.cpp
g++ -Os  -I.  -MMD -I/usr/share/verilator/include -I/usr/share/verilator/include/vltstd -DVM_COVERAGE=0 -DVM_SC=0 -DVM_TRACE=0 -DVM_TRACE_FST=0 -DVM_TRACE_VCD=0 -faligned-new -fcf-protection=none -Wno-bool-operation -Wno-overloaded-virtual -Wno-shadow -Wno-sign-compare -Wno-uninitialized -Wno-unused-but-set-parameter -Wno-unused-but-set-variable -Wno-unused-parameter -Wno-unused-variable     -O3 -std=c++17 -I/work/riscv/include -I/work/chipyard/tools/DRAMSim2 -I/work/chipyard/sims/verilator/generated-src/chipyard.harness.TestHarness.Baseline8CoreConfig/gen-collateral   -DVERILATOR -DVL_TIME_CONTEXT   -fcoroutines -include VTestDriver__pch.h.fast -c -o VTestDriver___024root__DepSet_hbb6e3b65__28.o VTestDriver___024root__DepSet_hbb6e3b65__28.cpp
g++ -Os  -I.  -MMD -I/usr/share/verilator/include -I/usr/share/verilator/include/vltstd -DVM_COVERAGE=0 -DVM_SC=0 -DVM_TRACE=0 -DVM_TRACE_FST=0 -DVM_TRACE_VCD=0 -faligned-new -fcf-protection=none -Wno-bool-operation -Wno-overloaded-virtual -Wno-shadow -Wno-sign-compare -Wno-uninitialized -Wno-unused-but-set-parameter -Wno-unused-but-set-variable -Wno-unused-parameter -Wno-unused-variable     -O3 -std=c++17 -I/work/riscv/include -I/work/chipyard/tools/DRAMSim2 -I/work/chipyard/sims/verilator/generated-src/chipyard.harness.TestHarness.Baseline8CoreConfig/gen-collateral   -DVERILATOR -DVL_TIME_CONTEXT   -fcoroutines -include VTestDriver__pch.h.fast -c -o VTestDriver___024root__DepSet_hbb6e3b65__29.o VTestDriver___024root__DepSet_hbb6e3b65__29.cpp
g++ -Os  -I.  -MMD -I/usr/share/verilator/include -I/usr/share/verilator/include/vltstd -DVM_COVERAGE=0 -DVM_SC=0 -DVM_TRACE=0 -DVM_TRACE_FST=0 -DVM_TRACE_VCD=0 -faligned-new -fcf-protection=none -Wno-bool-operation -Wno-overloaded-virtual -Wno-shadow -Wno-sign-compare -Wno-uninitialized -Wno-unused-but-set-parameter -Wno-unused-but-set-variable -Wno-unused-parameter -Wno-unused-variable     -O3 -std=c++17 -I/work/riscv/include -I/work/chipyard/tools/DRAMSim2 -I/work/chipyard/sims/verilator/generated-src/chipyard.harness.TestHarness.Baseline8CoreConfig/gen-collateral   -DVERILATOR -DVL_TIME_CONTEXT   -fcoroutines -include VTestDriver__pch.h.fast -c -o VTestDriver___024root__DepSet_hbb6e3b65__30.o VTestDriver___024root__DepSet_hbb6e3b65__30.cpp
g++ -Os  -I.  -MMD -I/usr/share/verilator/include -I/usr/share/verilator/include/vltstd -DVM_COVERAGE=0 -DVM_SC=0 -DVM_TRACE=0 -DVM_TRACE_FST=0 -DVM_TRACE_VCD=0 -faligned-new -fcf-protection=none -Wno-bool-operation -Wno-overloaded-virtual -Wno-shadow -Wno-sign-compare -Wno-uninitialized -Wno-unused-but-set-parameter -Wno-unused-but-set-variable -Wno-unused-parameter -Wno-unused-variable     -O3 -std=c++17 -I/work/riscv/include -I/work/chipyard/tools/DRAMSim2 -I/work/chipyard/sims/verilator/generated-src/chipyard.harness.TestHarness.Baseline8CoreConfig/gen-collateral   -DVERILATOR -DVL_TIME_CONTEXT   -fcoroutines -include VTestDriver__pch.h.fast -c -o VTestDriver___024root__DepSet_hbb6e3b65__31.o VTestDriver___024root__DepSet_hbb6e3b65__31.cpp
g++ -Os  -I.  -MMD -I/usr/share/verilator/include -I/usr/share/verilator/include/vltstd -DVM_COVERAGE=0 -DVM_SC=0 -DVM_TRACE=0 -DVM_TRACE_FST=0 -DVM_TRACE_VCD=0 -faligned-new -fcf-protection=none -Wno-bool-operation -Wno-overloaded-virtual -Wno-shadow -Wno-sign-compare -Wno-uninitialized -Wno-unused-but-set-parameter -Wno-unused-but-set-variable -Wno-unused-parameter -Wno-unused-variable     -O3 -std=c++17 -I/work/riscv/include -I/work/chipyard/tools/DRAMSim2 -I/work/chipyard/sims/verilator/generated-src/chipyard.harness.TestHarness.Baseline8CoreConfig/gen-collateral   -DVERILATOR -DVL_TIME_CONTEXT   -fcoroutines -include VTestDriver__pch.h.fast -c -o VTestDriver___024root__DepSet_hbb6e3b65__32.o VTestDriver___024root__DepSet_hbb6e3b65__32.cpp
g++ -Os  -I.  -MMD -I/usr/share/verilator/include -I/usr/share/verilator/include/vltstd -DVM_COVERAGE=0 -DVM_SC=0 -DVM_TRACE=0 -DVM_TRACE_FST=0 -DVM_TRACE_VCD=0 -faligned-new -fcf-protection=none -Wno-bool-operation -Wno-overloaded-virtual -Wno-shadow -Wno-sign-compare -Wno-uninitialized -Wno-unused-but-set-parameter -Wno-unused-but-set-variable -Wno-unused-parameter -Wno-unused-variable     -O3 -std=c++17 -I/work/riscv/include -I/work/chipyard/tools/DRAMSim2 -I/work/chipyard/sims/verilator/generated-src/chipyard.harness.TestHarness.Baseline8CoreConfig/gen-collateral   -DVERILATOR -DVL_TIME_CONTEXT   -fcoroutines -include VTestDriver__pch.h.fast -c -o VTestDriver___024root__DepSet_hbb6e3b65__33.o VTestDriver___024root__DepSet_hbb6e3b65__33.cpp
g++ -Os  -I.  -MMD -I/usr/share/verilator/include -I/usr/share/verilator/include/vltstd -DVM_COVERAGE=0 -DVM_SC=0 -DVM_TRACE=0 -DVM_TRACE_FST=0 -DVM_TRACE_VCD=0 -faligned-new -fcf-protection=none -Wno-bool-operation -Wno-overloaded-virtual -Wno-shadow -Wno-sign-compare -Wno-uninitialized -Wno-unused-but-set-parameter -Wno-unused-but-set-variable -Wno-unused-parameter -Wno-unused-variable     -O3 -std=c++17 -I/work/riscv/include -I/work/chipyard/tools/DRAMSim2 -I/work/chipyard/sims/verilator/generated-src/chipyard.harness.TestHarness.Baseline8CoreConfig/gen-collateral   -DVERILATOR -DVL_TIME_CONTEXT   -fcoroutines -include VTestDriver__pch.h.fast -c -o VTestDriver___024root__DepSet_hbb6e3b65__34.o VTestDriver___024root__DepSet_hbb6e3b65__34.cpp
g++ -Os  -I.  -MMD -I/usr/share/verilator/include -I/usr/share/verilator/include/vltstd -DVM_COVERAGE=0 -DVM_SC=0 -DVM_TRACE=0 -DVM_TRACE_FST=0 -DVM_TRACE_VCD=0 -faligned-new -fcf-protection=none -Wno-bool-operation -Wno-overloaded-virtual -Wno-shadow -Wno-sign-compare -Wno-uninitialized -Wno-unused-but-set-parameter -Wno-unused-but-set-variable -Wno-unused-parameter -Wno-unused-variable     -O3 -std=c++17 -I/work/riscv/include -I/work/chipyard/tools/DRAMSim2 -I/work/chipyard/sims/verilator/generated-src/chipyard.harness.TestHarness.Baseline8CoreConfig/gen-collateral   -DVERILATOR -DVL_TIME_CONTEXT   -fcoroutines -include VTestDriver__pch.h.fast -c -o VTestDriver___024root__DepSet_hbb6e3b65__35.o VTestDriver___024root__DepSet_hbb6e3b65__35.cpp
g++ -Os  -I.  -MMD -I/usr/share/verilator/include -I/usr/share/verilator/include/vltstd -DVM_COVERAGE=0 -DVM_SC=0 -DVM_TRACE=0 -DVM_TRACE_FST=0 -DVM_TRACE_VCD=0 -faligned-new -fcf-protection=none -Wno-bool-operation -Wno-overloaded-virtual -Wno-shadow -Wno-sign-compare -Wno-uninitialized -Wno-unused-but-set-parameter -Wno-unused-but-set-variable -Wno-unused-parameter -Wno-unused-variable     -O3 -std=c++17 -I/work/riscv/include -I/work/chipyard/tools/DRAMSim2 -I/work/chipyard/sims/verilator/generated-src/chipyard.harness.TestHarness.Baseline8CoreConfig/gen-collateral   -DVERILATOR -DVL_TIME_CONTEXT   -fcoroutines -include VTestDriver__pch.h.fast -c -o VTestDriver___024root__DepSet_hbb6e3b65__36.o VTestDriver___024root__DepSet_hbb6e3b65__36.cpp
g++ -Os  -I.  -MMD -I/usr/share/verilator/include -I/usr/share/verilator/include/vltstd -DVM_COVERAGE=0 -DVM_SC=0 -DVM_TRACE=0 -DVM_TRACE_FST=0 -DVM_TRACE_VCD=0 -faligned-new -fcf-protection=none -Wno-bool-operation -Wno-overloaded-virtual -Wno-shadow -Wno-sign-compare -Wno-uninitialized -Wno-unused-but-set-parameter -Wno-unused-but-set-variable -Wno-unused-parameter -Wno-unused-variable     -O3 -std=c++17 -I/work/riscv/include -I/work/chipyard/tools/DRAMSim2 -I/work/chipyard/sims/verilator/generated-src/chipyard.harness.TestHarness.Baseline8CoreConfig/gen-collateral   -DVERILATOR -DVL_TIME_CONTEXT   -fcoroutines -include VTestDriver__pch.h.fast -c -o VTestDriver___024root__DepSet_hbb6e3b65__37.o VTestDriver___024root__DepSet_hbb6e3b65__37.cpp
g++ -Os  -I.  -MMD -I/usr/share/verilator/include -I/usr/share/verilator/include/vltstd -DVM_COVERAGE=0 -DVM_SC=0 -DVM_TRACE=0 -DVM_TRACE_FST=0 -DVM_TRACE_VCD=0 -faligned-new -fcf-protection=none -Wno-bool-operation -Wno-overloaded-virtual -Wno-shadow -Wno-sign-compare -Wno-uninitialized -Wno-unused-but-set-parameter -Wno-unused-but-set-variable -Wno-unused-parameter -Wno-unused-variable     -O3 -std=c++17 -I/work/riscv/include -I/work/chipyard/tools/DRAMSim2 -I/work/chipyard/sims/verilator/generated-src/chipyard.harness.TestHarness.Baseline8CoreConfig/gen-collateral   -DVERILATOR -DVL_TIME_CONTEXT   -fcoroutines -include VTestDriver__pch.h.fast -c -o VTestDriver___024root__DepSet_hbb6e3b65__38.o VTestDriver___024root__DepSet_hbb6e3b65__38.cpp
g++ -Os  -I.  -MMD -I/usr/share/verilator/include -I/usr/share/verilator/include/vltstd -DVM_COVERAGE=0 -DVM_SC=0 -DVM_TRACE=0 -DVM_TRACE_FST=0 -DVM_TRACE_VCD=0 -faligned-new -fcf-protection=none -Wno-bool-operation -Wno-overloaded-virtual -Wno-shadow -Wno-sign-compare -Wno-uninitialized -Wno-unused-but-set-parameter -Wno-unused-but-set-variable -Wno-unused-parameter -Wno-unused-variable     -O3 -std=c++17 -I/work/riscv/include -I/work/chipyard/tools/DRAMSim2 -I/work/chipyard/sims/verilator/generated-src/chipyard.harness.TestHarness.Baseline8CoreConfig/gen-collateral   -DVERILATOR -DVL_TIME_CONTEXT   -fcoroutines -include VTestDriver__pch.h.fast -c -o VTestDriver___024root__DepSet_hbb6e3b65__39.o VTestDriver___024root__DepSet_hbb6e3b65__39.cpp
g++ -Os  -I.  -MMD -I/usr/share/verilator/include -I/usr/share/verilator/include/vltstd -DVM_COVERAGE=0 -DVM_SC=0 -DVM_TRACE=0 -DVM_TRACE_FST=0 -DVM_TRACE_VCD=0 -faligned-new -fcf-protection=none -Wno-bool-operation -Wno-overloaded-virtual -Wno-shadow -Wno-sign-compare -Wno-uninitialized -Wno-unused-but-set-parameter -Wno-unused-but-set-variable -Wno-unused-parameter -Wno-unused-variable     -O3 -std=c++17 -I/work/riscv/include -I/work/chipyard/tools/DRAMSim2 -I/work/chipyard/sims/verilator/generated-src/chipyard.harness.TestHarness.Baseline8CoreConfig/gen-collateral   -DVERILATOR -DVL_TIME_CONTEXT   -fcoroutines -include VTestDriver__pch.h.fast -c -o VTestDriver___024root__DepSet_hbb6e3b65__40.o VTestDriver___024root__DepSet_hbb6e3b65__40.cpp
g++ -Os  -I.  -MMD -I/usr/share/verilator/include -I/usr/share/verilator/include/vltstd -DVM_COVERAGE=0 -DVM_SC=0 -DVM_TRACE=0 -DVM_TRACE_FST=0 -DVM_TRACE_VCD=0 -faligned-new -fcf-protection=none -Wno-bool-operation -Wno-overloaded-virtual -Wno-shadow -Wno-sign-compare -Wno-uninitialized -Wno-unused-but-set-parameter -Wno-unused-but-set-variable -Wno-unused-parameter -Wno-unused-variable     -O3 -std=c++17 -I/work/riscv/include -I/work/chipyard/tools/DRAMSim2 -I/work/chipyard/sims/verilator/generated-src/chipyard.harness.TestHarness.Baseline8CoreConfig/gen-collateral   -DVERILATOR -DVL_TIME_CONTEXT   -fcoroutines -include VTestDriver__pch.h.fast -c -o VTestDriver___024root__DepSet_hbb6e3b65__41.o VTestDriver___024root__DepSet_hbb6e3b65__41.cpp
g++ -Os  -I.  -MMD -I/usr/share/verilator/include -I/usr/share/verilator/include/vltstd -DVM_COVERAGE=0 -DVM_SC=0 -DVM_TRACE=0 -DVM_TRACE_FST=0 -DVM_TRACE_VCD=0 -faligned-new -fcf-protection=none -Wno-bool-operation -Wno-overloaded-virtual -Wno-shadow -Wno-sign-compare -Wno-uninitialized -Wno-unused-but-set-parameter -Wno-unused-but-set-variable -Wno-unused-parameter -Wno-unused-variable     -O3 -std=c++17 -I/work/riscv/include -I/work/chipyard/tools/DRAMSim2 -I/work/chipyard/sims/verilator/generated-src/chipyard.harness.TestHarness.Baseline8CoreConfig/gen-collateral   -DVERILATOR -DVL_TIME_CONTEXT   -fcoroutines -include VTestDriver__pch.h.fast -c -o VTestDriver___024root__DepSet_hbb6e3b65__42.o VTestDriver___024root__DepSet_hbb6e3b65__42.cpp
g++ -Os  -I.  -MMD -I/usr/share/verilator/include -I/usr/share/verilator/include/vltstd -DVM_COVERAGE=0 -DVM_SC=0 -DVM_TRACE=0 -DVM_TRACE_FST=0 -DVM_TRACE_VCD=0 -faligned-new -fcf-protection=none -Wno-bool-operation -Wno-overloaded-virtual -Wno-shadow -Wno-sign-compare -Wno-uninitialized -Wno-unused-but-set-parameter -Wno-unused-but-set-variable -Wno-unused-parameter -Wno-unused-variable     -O3 -std=c++17 -I/work/riscv/include -I/work/chipyard/tools/DRAMSim2 -I/work/chipyard/sims/verilator/generated-src/chipyard.harness.TestHarness.Baseline8CoreConfig/gen-collateral   -DVERILATOR -DVL_TIME_CONTEXT   -fcoroutines -include VTestDriver__pch.h.fast -c -o VTestDriver___024root__DepSet_hbb6e3b65__43.o VTestDriver___024root__DepSet_hbb6e3b65__43.cpp
g++ -Os  -I.  -MMD -I/usr/share/verilator/include -I/usr/share/verilator/include/vltstd -DVM_COVERAGE=0 -DVM_SC=0 -DVM_TRACE=0 -DVM_TRACE_FST=0 -DVM_TRACE_VCD=0 -faligned-new -fcf-protection=none -Wno-bool-operation -Wno-overloaded-virtual -Wno-shadow -Wno-sign-compare -Wno-uninitialized -Wno-unused-but-set-parameter -Wno-unused-but-set-variable -Wno-unused-parameter -Wno-unused-variable     -O3 -std=c++17 -I/work/riscv/include -I/work/chipyard/tools/DRAMSim2 -I/work/chipyard/sims/verilator/generated-src/chipyard.harness.TestHarness.Baseline8CoreConfig/gen-collateral   -DVERILATOR -DVL_TIME_CONTEXT   -fcoroutines -include VTestDriver__pch.h.fast -c -o VTestDriver___024root__DepSet_hbb6e3b65__44.o VTestDriver___024root__DepSet_hbb6e3b65__44.cpp
g++ -Os  -I.  -MMD -I/usr/share/verilator/include -I/usr/share/verilator/include/vltstd -DVM_COVERAGE=0 -DVM_SC=0 -DVM_TRACE=0 -DVM_TRACE_FST=0 -DVM_TRACE_VCD=0 -faligned-new -fcf-protection=none -Wno-bool-operation -Wno-overloaded-virtual -Wno-shadow -Wno-sign-compare -Wno-uninitialized -Wno-unused-but-set-parameter -Wno-unused-but-set-variable -Wno-unused-parameter -Wno-unused-variable     -O3 -std=c++17 -I/work/riscv/include -I/work/chipyard/tools/DRAMSim2 -I/work/chipyard/sims/verilator/generated-src/chipyard.harness.TestHarness.Baseline8CoreConfig/gen-collateral   -DVERILATOR -DVL_TIME_CONTEXT   -fcoroutines -include VTestDriver__pch.h.fast -c -o VTestDriver___024root__DepSet_hbb6e3b65__45.o VTestDriver___024root__DepSet_hbb6e3b65__45.cpp
g++ -Os  -I.  -MMD -I/usr/share/verilator/include -I/usr/share/verilator/include/vltstd -DVM_COVERAGE=0 -DVM_SC=0 -DVM_TRACE=0 -DVM_TRACE_FST=0 -DVM_TRACE_VCD=0 -faligned-new -fcf-protection=none -Wno-bool-operation -Wno-overloaded-virtual -Wno-shadow -Wno-sign-compare -Wno-uninitialized -Wno-unused-but-set-parameter -Wno-unused-but-set-variable -Wno-unused-parameter -Wno-unused-variable     -O3 -std=c++17 -I/work/riscv/include -I/work/chipyard/tools/DRAMSim2 -I/work/chipyard/sims/verilator/generated-src/chipyard.harness.TestHarness.Baseline8CoreConfig/gen-collateral   -DVERILATOR -DVL_TIME_CONTEXT   -fcoroutines -include VTestDriver__pch.h.fast -c -o VTestDriver___024root__DepSet_hbb6e3b65__46.o VTestDriver___024root__DepSet_hbb6e3b65__46.cpp
g++ -Os  -I.  -MMD -I/usr/share/verilator/include -I/usr/share/verilator/include/vltstd -DVM_COVERAGE=0 -DVM_SC=0 -DVM_TRACE=0 -DVM_TRACE_FST=0 -DVM_TRACE_VCD=0 -faligned-new -fcf-protection=none -Wno-bool-operation -Wno-overloaded-virtual -Wno-shadow -Wno-sign-compare -Wno-uninitialized -Wno-unused-but-set-parameter -Wno-unused-but-set-variable -Wno-unused-parameter -Wno-unused-variable     -O3 -std=c++17 -I/work/riscv/include -I/work/chipyard/tools/DRAMSim2 -I/work/chipyard/sims/verilator/generated-src/chipyard.harness.TestHarness.Baseline8CoreConfig/gen-collateral   -DVERILATOR -DVL_TIME_CONTEXT   -fcoroutines -include VTestDriver__pch.h.fast -c -o VTestDriver___024root__DepSet_hbb6e3b65__47.o VTestDriver___024root__DepSet_hbb6e3b65__47.cpp
g++ -Os  -I.  -MMD -I/usr/share/verilator/include -I/usr/share/verilator/include/vltstd -DVM_COVERAGE=0 -DVM_SC=0 -DVM_TRACE=0 -DVM_TRACE_FST=0 -DVM_TRACE_VCD=0 -faligned-new -fcf-protection=none -Wno-bool-operation -Wno-overloaded-virtual -Wno-shadow -Wno-sign-compare -Wno-uninitialized -Wno-unused-but-set-parameter -Wno-unused-but-set-variable -Wno-unused-parameter -Wno-unused-variable     -O3 -std=c++17 -I/work/riscv/include -I/work/chipyard/tools/DRAMSim2 -I/work/chipyard/sims/verilator/generated-src/chipyard.harness.TestHarness.Baseline8CoreConfig/gen-collateral   -DVERILATOR -DVL_TIME_CONTEXT   -fcoroutines -include VTestDriver__pch.h.fast -c -o VTestDriver___024root__DepSet_hbb6e3b65__48.o VTestDriver___024root__DepSet_hbb6e3b65__48.cpp
g++ -Os  -I.  -MMD -I/usr/share/verilator/include -I/usr/share/verilator/include/vltstd -DVM_COVERAGE=0 -DVM_SC=0 -DVM_TRACE=0 -DVM_TRACE_FST=0 -DVM_TRACE_VCD=0 -faligned-new -fcf-protection=none -Wno-bool-operation -Wno-overloaded-virtual -Wno-shadow -Wno-sign-compare -Wno-uninitialized -Wno-unused-but-set-parameter -Wno-unused-but-set-variable -Wno-unused-parameter -Wno-unused-variable     -O3 -std=c++17 -I/work/riscv/include -I/work/chipyard/tools/DRAMSim2 -I/work/chipyard/sims/verilator/generated-src/chipyard.harness.TestHarness.Baseline8CoreConfig/gen-collateral   -DVERILATOR -DVL_TIME_CONTEXT   -fcoroutines -include VTestDriver__pch.h.fast -c -o VTestDriver___024root__DepSet_hbb6e3b65__49.o VTestDriver___024root__DepSet_hbb6e3b65__49.cpp
g++ -Os  -I.  -MMD -I/usr/share/verilator/include -I/usr/share/verilator/include/vltstd -DVM_COVERAGE=0 -DVM_SC=0 -DVM_TRACE=0 -DVM_TRACE_FST=0 -DVM_TRACE_VCD=0 -faligned-new -fcf-protection=none -Wno-bool-operation -Wno-overloaded-virtual -Wno-shadow -Wno-sign-compare -Wno-uninitialized -Wno-unused-but-set-parameter -Wno-unused-but-set-variable -Wno-unused-parameter -Wno-unused-variable     -O3 -std=c++17 -I/work/riscv/include -I/work/chipyard/tools/DRAMSim2 -I/work/chipyard/sims/verilator/generated-src/chipyard.harness.TestHarness.Baseline8CoreConfig/gen-collateral   -DVERILATOR -DVL_TIME_CONTEXT   -fcoroutines -include VTestDriver__pch.h.fast -c -o VTestDriver___024root__DepSet_hbb6e3b65__50.o VTestDriver___024root__DepSet_hbb6e3b65__50.cpp
g++ -Os  -I.  -MMD -I/usr/share/verilator/include -I/usr/share/verilator/include/vltstd -DVM_COVERAGE=0 -DVM_SC=0 -DVM_TRACE=0 -DVM_TRACE_FST=0 -DVM_TRACE_VCD=0 -faligned-new -fcf-protection=none -Wno-bool-operation -Wno-overloaded-virtual -Wno-shadow -Wno-sign-compare -Wno-uninitialized -Wno-unused-but-set-parameter -Wno-unused-but-set-variable -Wno-unused-parameter -Wno-unused-variable     -O3 -std=c++17 -I/work/riscv/include -I/work/chipyard/tools/DRAMSim2 -I/work/chipyard/sims/verilator/generated-src/chipyard.harness.TestHarness.Baseline8CoreConfig/gen-collateral   -DVERILATOR -DVL_TIME_CONTEXT   -fcoroutines -include VTestDriver__pch.h.fast -c -o VTestDriver___024root__DepSet_hbb6e3b65__51.o VTestDriver___024root__DepSet_hbb6e3b65__51.cpp
g++ -Os  -I.  -MMD -I/usr/share/verilator/include -I/usr/share/verilator/include/vltstd -DVM_COVERAGE=0 -DVM_SC=0 -DVM_TRACE=0 -DVM_TRACE_FST=0 -DVM_TRACE_VCD=0 -faligned-new -fcf-protection=none -Wno-bool-operation -Wno-overloaded-virtual -Wno-shadow -Wno-sign-compare -Wno-uninitialized -Wno-unused-but-set-parameter -Wno-unused-but-set-variable -Wno-unused-parameter -Wno-unused-variable     -O3 -std=c++17 -I/work/riscv/include -I/work/chipyard/tools/DRAMSim2 -I/work/chipyard/sims/verilator/generated-src/chipyard.harness.TestHarness.Baseline8CoreConfig/gen-collateral   -DVERILATOR -DVL_TIME_CONTEXT   -fcoroutines -include VTestDriver__pch.h.fast -c -o VTestDriver___024root__DepSet_hbb6e3b65__52.o VTestDriver___024root__DepSet_hbb6e3b65__52.cpp
g++ -Os  -I.  -MMD -I/usr/share/verilator/include -I/usr/share/verilator/include/vltstd -DVM_COVERAGE=0 -DVM_SC=0 -DVM_TRACE=0 -DVM_TRACE_FST=0 -DVM_TRACE_VCD=0 -faligned-new -fcf-protection=none -Wno-bool-operation -Wno-overloaded-virtual -Wno-shadow -Wno-sign-compare -Wno-uninitialized -Wno-unused-but-set-parameter -Wno-unused-but-set-variable -Wno-unused-parameter -Wno-unused-variable     -O3 -std=c++17 -I/work/riscv/include -I/work/chipyard/tools/DRAMSim2 -I/work/chipyard/sims/verilator/generated-src/chipyard.harness.TestHarness.Baseline8CoreConfig/gen-collateral   -DVERILATOR -DVL_TIME_CONTEXT   -fcoroutines -include VTestDriver__pch.h.fast -c -o VTestDriver___024unit__DepSet_hf172cd27__0.o VTestDriver___024unit__DepSet_hf172cd27__0.cpp
g++ -Os  -I.  -MMD -I/usr/share/verilator/include -I/usr/share/verilator/include/vltstd -DVM_COVERAGE=0 -DVM_SC=0 -DVM_TRACE=0 -DVM_TRACE_FST=0 -DVM_TRACE_VCD=0 -faligned-new -fcf-protection=none -Wno-bool-operation -Wno-overloaded-virtual -Wno-shadow -Wno-sign-compare -Wno-uninitialized -Wno-unused-but-set-parameter -Wno-unused-but-set-variable -Wno-unused-parameter -Wno-unused-variable     -O3 -std=c++17 -I/work/riscv/include -I/work/chipyard/tools/DRAMSim2 -I/work/chipyard/sims/verilator/generated-src/chipyard.harness.TestHarness.Baseline8CoreConfig/gen-collateral   -DVERILATOR -DVL_TIME_CONTEXT   -fcoroutines -include VTestDriver__pch.h.fast -c -o VTestDriver__main.o VTestDriver__main.cpp
g++ -Os  -I.  -MMD -I/usr/share/verilator/include -I/usr/share/verilator/include/vltstd -DVM_COVERAGE=0 -DVM_SC=0 -DVM_TRACE=0 -DVM_TRACE_FST=0 -DVM_TRACE_VCD=0 -faligned-new -fcf-protection=none -Wno-bool-operation -Wno-overloaded-virtual -Wno-shadow -Wno-sign-compare -Wno-uninitialized -Wno-unused-but-set-parameter -Wno-unused-but-set-variable -Wno-unused-parameter -Wno-unused-variable     -O3 -std=c++17 -I/work/riscv/include -I/work/chipyard/tools/DRAMSim2 -I/work/chipyard/sims/verilator/generated-src/chipyard.harness.TestHarness.Baseline8CoreConfig/gen-collateral   -DVERILATOR -DVL_TIME_CONTEXT   -fcoroutines -include VTestDriver__pch.h.fast -c -o VTestDriver__Dpi.o VTestDriver__Dpi.cpp
g++   -I.  -MMD -I/usr/share/verilator/include -I/usr/share/verilator/include/vltstd -DVM_COVERAGE=0 -DVM_SC=0 -DVM_TRACE=0 -DVM_TRACE_FST=0 -DVM_TRACE_VCD=0 -faligned-new -fcf-protection=none -Wno-bool-operation -Wno-overloaded-virtual -Wno-shadow -Wno-sign-compare -Wno-uninitialized -Wno-unused-but-set-parameter -Wno-unused-but-set-variable -Wno-unused-parameter -Wno-unused-variable     -O3 -std=c++17 -I/work/riscv/include -I/work/chipyard/tools/DRAMSim2 -I/work/chipyard/sims/verilator/generated-src/chipyard.harness.TestHarness.Baseline8CoreConfig/gen-collateral   -DVERILATOR -DVL_TIME_CONTEXT   -fcoroutines -include VTestDriver__pch.h.slow -c -o VTestDriver__ConstPool_0.o VTestDriver__ConstPool_0.cpp
g++   -I.  -MMD -I/usr/share/verilator/include -I/usr/share/verilator/include/vltstd -DVM_COVERAGE=0 -DVM_SC=0 -DVM_TRACE=0 -DVM_TRACE_FST=0 -DVM_TRACE_VCD=0 -faligned-new -fcf-protection=none -Wno-bool-operation -Wno-overloaded-virtual -Wno-shadow -Wno-sign-compare -Wno-uninitialized -Wno-unused-but-set-parameter -Wno-unused-but-set-variable -Wno-unused-parameter -Wno-unused-variable     -O3 -std=c++17 -I/work/riscv/include -I/work/chipyard/tools/DRAMSim2 -I/work/chipyard/sims/verilator/generated-src/chipyard.harness.TestHarness.Baseline8CoreConfig/gen-collateral   -DVERILATOR -DVL_TIME_CONTEXT   -fcoroutines -include VTestDriver__pch.h.slow -c -o VTestDriver___024root__Slow.o VTestDriver___024root__Slow.cpp
g++   -I.  -MMD -I/usr/share/verilator/include -I/usr/share/verilator/include/vltstd -DVM_COVERAGE=0 -DVM_SC=0 -DVM_TRACE=0 -DVM_TRACE_FST=0 -DVM_TRACE_VCD=0 -faligned-new -fcf-protection=none -Wno-bool-operation -Wno-overloaded-virtual -Wno-shadow -Wno-sign-compare -Wno-uninitialized -Wno-unused-but-set-parameter -Wno-unused-but-set-variable -Wno-unused-parameter -Wno-unused-variable     -O3 -std=c++17 -I/work/riscv/include -I/work/chipyard/tools/DRAMSim2 -I/work/chipyard/sims/verilator/generated-src/chipyard.harness.TestHarness.Baseline8CoreConfig/gen-collateral   -DVERILATOR -DVL_TIME_CONTEXT   -fcoroutines -include VTestDriver__pch.h.slow -c -o VTestDriver___024root__DepSet_h662e1026__0__Slow.o VTestDriver___024root__DepSet_h662e1026__0__Slow.cpp
g++   -I.  -MMD -I/usr/share/verilator/include -I/usr/share/verilator/include/vltstd -DVM_COVERAGE=0 -DVM_SC=0 -DVM_TRACE=0 -DVM_TRACE_FST=0 -DVM_TRACE_VCD=0 -faligned-new -fcf-protection=none -Wno-bool-operation -Wno-overloaded-virtual -Wno-shadow -Wno-sign-compare -Wno-uninitialized -Wno-unused-but-set-parameter -Wno-unused-but-set-variable -Wno-unused-parameter -Wno-unused-variable     -O3 -std=c++17 -I/work/riscv/include -I/work/chipyard/tools/DRAMSim2 -I/work/chipyard/sims/verilator/generated-src/chipyard.harness.TestHarness.Baseline8CoreConfig/gen-collateral   -DVERILATOR -DVL_TIME_CONTEXT   -fcoroutines -include VTestDriver__pch.h.slow -c -o VTestDriver___024root__DepSet_hbb6e3b65__0__Slow.o VTestDriver___024root__DepSet_hbb6e3b65__0__Slow.cpp
g++   -I.  -MMD -I/usr/share/verilator/include -I/usr/share/verilator/include/vltstd -DVM_COVERAGE=0 -DVM_SC=0 -DVM_TRACE=0 -DVM_TRACE_FST=0 -DVM_TRACE_VCD=0 -faligned-new -fcf-protection=none -Wno-bool-operation -Wno-overloaded-virtual -Wno-shadow -Wno-sign-compare -Wno-uninitialized -Wno-unused-but-set-parameter -Wno-unused-but-set-variable -Wno-unused-parameter -Wno-unused-variable     -O3 -std=c++17 -I/work/riscv/include -I/work/chipyard/tools/DRAMSim2 -I/work/chipyard/sims/verilator/generated-src/chipyard.harness.TestHarness.Baseline8CoreConfig/gen-collateral   -DVERILATOR -DVL_TIME_CONTEXT   -fcoroutines -include VTestDriver__pch.h.slow -c -o VTestDriver___024root__DepSet_hbb6e3b65__1__Slow.o VTestDriver___024root__DepSet_hbb6e3b65__1__Slow.cpp
g++   -I.  -MMD -I/usr/share/verilator/include -I/usr/share/verilator/include/vltstd -DVM_COVERAGE=0 -DVM_SC=0 -DVM_TRACE=0 -DVM_TRACE_FST=0 -DVM_TRACE_VCD=0 -faligned-new -fcf-protection=none -Wno-bool-operation -Wno-overloaded-virtual -Wno-shadow -Wno-sign-compare -Wno-uninitialized -Wno-unused-but-set-parameter -Wno-unused-but-set-variable -Wno-unused-parameter -Wno-unused-variable     -O3 -std=c++17 -I/work/riscv/include -I/work/chipyard/tools/DRAMSim2 -I/work/chipyard/sims/verilator/generated-src/chipyard.harness.TestHarness.Baseline8CoreConfig/gen-collateral   -DVERILATOR -DVL_TIME_CONTEXT   -fcoroutines -include VTestDriver__pch.h.slow -c -o VTestDriver___024root__DepSet_hbb6e3b65__2__Slow.o VTestDriver___024root__DepSet_hbb6e3b65__2__Slow.cpp
g++   -I.  -MMD -I/usr/share/verilator/include -I/usr/share/verilator/include/vltstd -DVM_COVERAGE=0 -DVM_SC=0 -DVM_TRACE=0 -DVM_TRACE_FST=0 -DVM_TRACE_VCD=0 -faligned-new -fcf-protection=none -Wno-bool-operation -Wno-overloaded-virtual -Wno-shadow -Wno-sign-compare -Wno-uninitialized -Wno-unused-but-set-parameter -Wno-unused-but-set-variable -Wno-unused-parameter -Wno-unused-variable     -O3 -std=c++17 -I/work/riscv/include -I/work/chipyard/tools/DRAMSim2 -I/work/chipyard/sims/verilator/generated-src/chipyard.harness.TestHarness.Baseline8CoreConfig/gen-collateral   -DVERILATOR -DVL_TIME_CONTEXT   -fcoroutines -include VTestDriver__pch.h.slow -c -o VTestDriver___024root__DepSet_hbb6e3b65__3__Slow.o VTestDriver___024root__DepSet_hbb6e3b65__3__Slow.cpp
g++   -I.  -MMD -I/usr/share/verilator/include -I/usr/share/verilator/include/vltstd -DVM_COVERAGE=0 -DVM_SC=0 -DVM_TRACE=0 -DVM_TRACE_FST=0 -DVM_TRACE_VCD=0 -faligned-new -fcf-protection=none -Wno-bool-operation -Wno-overloaded-virtual -Wno-shadow -Wno-sign-compare -Wno-uninitialized -Wno-unused-but-set-parameter -Wno-unused-but-set-variable -Wno-unused-parameter -Wno-unused-variable     -O3 -std=c++17 -I/work/riscv/include -I/work/chipyard/tools/DRAMSim2 -I/work/chipyard/sims/verilator/generated-src/chipyard.harness.TestHarness.Baseline8CoreConfig/gen-collateral   -DVERILATOR -DVL_TIME_CONTEXT   -fcoroutines -include VTestDriver__pch.h.slow -c -o VTestDriver___024root__DepSet_hbb6e3b65__4__Slow.o VTestDriver___024root__DepSet_hbb6e3b65__4__Slow.cpp
g++   -I.  -MMD -I/usr/share/verilator/include -I/usr/share/verilator/include/vltstd -DVM_COVERAGE=0 -DVM_SC=0 -DVM_TRACE=0 -DVM_TRACE_FST=0 -DVM_TRACE_VCD=0 -faligned-new -fcf-protection=none -Wno-bool-operation -Wno-overloaded-virtual -Wno-shadow -Wno-sign-compare -Wno-uninitialized -Wno-unused-but-set-parameter -Wno-unused-but-set-variable -Wno-unused-parameter -Wno-unused-variable     -O3 -std=c++17 -I/work/riscv/include -I/work/chipyard/tools/DRAMSim2 -I/work/chipyard/sims/verilator/generated-src/chipyard.harness.TestHarness.Baseline8CoreConfig/gen-collateral   -DVERILATOR -DVL_TIME_CONTEXT   -fcoroutines -include VTestDriver__pch.h.slow -c -o VTestDriver___024root__DepSet_hbb6e3b65__5__Slow.o VTestDriver___024root__DepSet_hbb6e3b65__5__Slow.cpp
g++   -I.  -MMD -I/usr/share/verilator/include -I/usr/share/verilator/include/vltstd -DVM_COVERAGE=0 -DVM_SC=0 -DVM_TRACE=0 -DVM_TRACE_FST=0 -DVM_TRACE_VCD=0 -faligned-new -fcf-protection=none -Wno-bool-operation -Wno-overloaded-virtual -Wno-shadow -Wno-sign-compare -Wno-uninitialized -Wno-unused-but-set-parameter -Wno-unused-but-set-variable -Wno-unused-parameter -Wno-unused-variable     -O3 -std=c++17 -I/work/riscv/include -I/work/chipyard/tools/DRAMSim2 -I/work/chipyard/sims/verilator/generated-src/chipyard.harness.TestHarness.Baseline8CoreConfig/gen-collateral   -DVERILATOR -DVL_TIME_CONTEXT   -fcoroutines -include VTestDriver__pch.h.slow -c -o VTestDriver___024root__DepSet_hbb6e3b65__6__Slow.o VTestDriver___024root__DepSet_hbb6e3b65__6__Slow.cpp
g++   -I.  -MMD -I/usr/share/verilator/include -I/usr/share/verilator/include/vltstd -DVM_COVERAGE=0 -DVM_SC=0 -DVM_TRACE=0 -DVM_TRACE_FST=0 -DVM_TRACE_VCD=0 -faligned-new -fcf-protection=none -Wno-bool-operation -Wno-overloaded-virtual -Wno-shadow -Wno-sign-compare -Wno-uninitialized -Wno-unused-but-set-parameter -Wno-unused-but-set-variable -Wno-unused-parameter -Wno-unused-variable     -O3 -std=c++17 -I/work/riscv/include -I/work/chipyard/tools/DRAMSim2 -I/work/chipyard/sims/verilator/generated-src/chipyard.harness.TestHarness.Baseline8CoreConfig/gen-collateral   -DVERILATOR -DVL_TIME_CONTEXT   -fcoroutines -include VTestDriver__pch.h.slow -c -o VTestDriver___024root__DepSet_hbb6e3b65__7__Slow.o VTestDriver___024root__DepSet_hbb6e3b65__7__Slow.cpp
g++   -I.  -MMD -I/usr/share/verilator/include -I/usr/share/verilator/include/vltstd -DVM_COVERAGE=0 -DVM_SC=0 -DVM_TRACE=0 -DVM_TRACE_FST=0 -DVM_TRACE_VCD=0 -faligned-new -fcf-protection=none -Wno-bool-operation -Wno-overloaded-virtual -Wno-shadow -Wno-sign-compare -Wno-uninitialized -Wno-unused-but-set-parameter -Wno-unused-but-set-variable -Wno-unused-parameter -Wno-unused-variable     -O3 -std=c++17 -I/work/riscv/include -I/work/chipyard/tools/DRAMSim2 -I/work/chipyard/sims/verilator/generated-src/chipyard.harness.TestHarness.Baseline8CoreConfig/gen-collateral   -DVERILATOR -DVL_TIME_CONTEXT   -fcoroutines -include VTestDriver__pch.h.slow -c -o VTestDriver___024root__DepSet_hbb6e3b65__8__Slow.o VTestDriver___024root__DepSet_hbb6e3b65__8__Slow.cpp
g++   -I.  -MMD -I/usr/share/verilator/include -I/usr/share/verilator/include/vltstd -DVM_COVERAGE=0 -DVM_SC=0 -DVM_TRACE=0 -DVM_TRACE_FST=0 -DVM_TRACE_VCD=0 -faligned-new -fcf-protection=none -Wno-bool-operation -Wno-overloaded-virtual -Wno-shadow -Wno-sign-compare -Wno-uninitialized -Wno-unused-but-set-parameter -Wno-unused-but-set-variable -Wno-unused-parameter -Wno-unused-variable     -O3 -std=c++17 -I/work/riscv/include -I/work/chipyard/tools/DRAMSim2 -I/work/chipyard/sims/verilator/generated-src/chipyard.harness.TestHarness.Baseline8CoreConfig/gen-collateral   -DVERILATOR -DVL_TIME_CONTEXT   -fcoroutines -include VTestDriver__pch.h.slow -c -o VTestDriver___024root__DepSet_hbb6e3b65__9__Slow.o VTestDriver___024root__DepSet_hbb6e3b65__9__Slow.cpp
g++   -I.  -MMD -I/usr/share/verilator/include -I/usr/share/verilator/include/vltstd -DVM_COVERAGE=0 -DVM_SC=0 -DVM_TRACE=0 -DVM_TRACE_FST=0 -DVM_TRACE_VCD=0 -faligned-new -fcf-protection=none -Wno-bool-operation -Wno-overloaded-virtual -Wno-shadow -Wno-sign-compare -Wno-uninitialized -Wno-unused-but-set-parameter -Wno-unused-but-set-variable -Wno-unused-parameter -Wno-unused-variable     -O3 -std=c++17 -I/work/riscv/include -I/work/chipyard/tools/DRAMSim2 -I/work/chipyard/sims/verilator/generated-src/chipyard.harness.TestHarness.Baseline8CoreConfig/gen-collateral   -DVERILATOR -DVL_TIME_CONTEXT   -fcoroutines -include VTestDriver__pch.h.slow -c -o VTestDriver___024root__DepSet_hbb6e3b65__10__Slow.o VTestDriver___024root__DepSet_hbb6e3b65__10__Slow.cpp
g++   -I.  -MMD -I/usr/share/verilator/include -I/usr/share/verilator/include/vltstd -DVM_COVERAGE=0 -DVM_SC=0 -DVM_TRACE=0 -DVM_TRACE_FST=0 -DVM_TRACE_VCD=0 -faligned-new -fcf-protection=none -Wno-bool-operation -Wno-overloaded-virtual -Wno-shadow -Wno-sign-compare -Wno-uninitialized -Wno-unused-but-set-parameter -Wno-unused-but-set-variable -Wno-unused-parameter -Wno-unused-variable     -O3 -std=c++17 -I/work/riscv/include -I/work/chipyard/tools/DRAMSim2 -I/work/chipyard/sims/verilator/generated-src/chipyard.harness.TestHarness.Baseline8CoreConfig/gen-collateral   -DVERILATOR -DVL_TIME_CONTEXT   -fcoroutines -include VTestDriver__pch.h.slow -c -o VTestDriver___024root__DepSet_hbb6e3b65__11__Slow.o VTestDriver___024root__DepSet_hbb6e3b65__11__Slow.cpp
g++   -I.  -MMD -I/usr/share/verilator/include -I/usr/share/verilator/include/vltstd -DVM_COVERAGE=0 -DVM_SC=0 -DVM_TRACE=0 -DVM_TRACE_FST=0 -DVM_TRACE_VCD=0 -faligned-new -fcf-protection=none -Wno-bool-operation -Wno-overloaded-virtual -Wno-shadow -Wno-sign-compare -Wno-uninitialized -Wno-unused-but-set-parameter -Wno-unused-but-set-variable -Wno-unused-parameter -Wno-unused-variable     -O3 -std=c++17 -I/work/riscv/include -I/work/chipyard/tools/DRAMSim2 -I/work/chipyard/sims/verilator/generated-src/chipyard.harness.TestHarness.Baseline8CoreConfig/gen-collateral   -DVERILATOR -DVL_TIME_CONTEXT   -fcoroutines -include VTestDriver__pch.h.slow -c -o VTestDriver___024root__DepSet_hbb6e3b65__12__Slow.o VTestDriver___024root__DepSet_hbb6e3b65__12__Slow.cpp
g++   -I.  -MMD -I/usr/share/verilator/include -I/usr/share/verilator/include/vltstd -DVM_COVERAGE=0 -DVM_SC=0 -DVM_TRACE=0 -DVM_TRACE_FST=0 -DVM_TRACE_VCD=0 -faligned-new -fcf-protection=none -Wno-bool-operation -Wno-overloaded-virtual -Wno-shadow -Wno-sign-compare -Wno-uninitialized -Wno-unused-but-set-parameter -Wno-unused-but-set-variable -Wno-unused-parameter -Wno-unused-variable     -O3 -std=c++17 -I/work/riscv/include -I/work/chipyard/tools/DRAMSim2 -I/work/chipyard/sims/verilator/generated-src/chipyard.harness.TestHarness.Baseline8CoreConfig/gen-collateral   -DVERILATOR -DVL_TIME_CONTEXT   -fcoroutines -include VTestDriver__pch.h.slow -c -o VTestDriver___024root__DepSet_hbb6e3b65__13__Slow.o VTestDriver___024root__DepSet_hbb6e3b65__13__Slow.cpp
g++   -I.  -MMD -I/usr/share/verilator/include -I/usr/share/verilator/include/vltstd -DVM_COVERAGE=0 -DVM_SC=0 -DVM_TRACE=0 -DVM_TRACE_FST=0 -DVM_TRACE_VCD=0 -faligned-new -fcf-protection=none -Wno-bool-operation -Wno-overloaded-virtual -Wno-shadow -Wno-sign-compare -Wno-uninitialized -Wno-unused-but-set-parameter -Wno-unused-but-set-variable -Wno-unused-parameter -Wno-unused-variable     -O3 -std=c++17 -I/work/riscv/include -I/work/chipyard/tools/DRAMSim2 -I/work/chipyard/sims/verilator/generated-src/chipyard.harness.TestHarness.Baseline8CoreConfig/gen-collateral   -DVERILATOR -DVL_TIME_CONTEXT   -fcoroutines -include VTestDriver__pch.h.slow -c -o VTestDriver___024root__DepSet_hbb6e3b65__14__Slow.o VTestDriver___024root__DepSet_hbb6e3b65__14__Slow.cpp
g++   -I.  -MMD -I/usr/share/verilator/include -I/usr/share/verilator/include/vltstd -DVM_COVERAGE=0 -DVM_SC=0 -DVM_TRACE=0 -DVM_TRACE_FST=0 -DVM_TRACE_VCD=0 -faligned-new -fcf-protection=none -Wno-bool-operation -Wno-overloaded-virtual -Wno-shadow -Wno-sign-compare -Wno-uninitialized -Wno-unused-but-set-parameter -Wno-unused-but-set-variable -Wno-unused-parameter -Wno-unused-variable     -O3 -std=c++17 -I/work/riscv/include -I/work/chipyard/tools/DRAMSim2 -I/work/chipyard/sims/verilator/generated-src/chipyard.harness.TestHarness.Baseline8CoreConfig/gen-collateral   -DVERILATOR -DVL_TIME_CONTEXT   -fcoroutines -include VTestDriver__pch.h.slow -c -o VTestDriver___024root__DepSet_hbb6e3b65__15__Slow.o VTestDriver___024root__DepSet_hbb6e3b65__15__Slow.cpp
g++   -I.  -MMD -I/usr/share/verilator/include -I/usr/share/verilator/include/vltstd -DVM_COVERAGE=0 -DVM_SC=0 -DVM_TRACE=0 -DVM_TRACE_FST=0 -DVM_TRACE_VCD=0 -faligned-new -fcf-protection=none -Wno-bool-operation -Wno-overloaded-virtual -Wno-shadow -Wno-sign-compare -Wno-uninitialized -Wno-unused-but-set-parameter -Wno-unused-but-set-variable -Wno-unused-parameter -Wno-unused-variable     -O3 -std=c++17 -I/work/riscv/include -I/work/chipyard/tools/DRAMSim2 -I/work/chipyard/sims/verilator/generated-src/chipyard.harness.TestHarness.Baseline8CoreConfig/gen-collateral   -DVERILATOR -DVL_TIME_CONTEXT   -fcoroutines -include VTestDriver__pch.h.slow -c -o VTestDriver___024root__DepSet_hbb6e3b65__16__Slow.o VTestDriver___024root__DepSet_hbb6e3b65__16__Slow.cpp
g++   -I.  -MMD -I/usr/share/verilator/include -I/usr/share/verilator/include/vltstd -DVM_COVERAGE=0 -DVM_SC=0 -DVM_TRACE=0 -DVM_TRACE_FST=0 -DVM_TRACE_VCD=0 -faligned-new -fcf-protection=none -Wno-bool-operation -Wno-overloaded-virtual -Wno-shadow -Wno-sign-compare -Wno-uninitialized -Wno-unused-but-set-parameter -Wno-unused-but-set-variable -Wno-unused-parameter -Wno-unused-variable     -O3 -std=c++17 -I/work/riscv/include -I/work/chipyard/tools/DRAMSim2 -I/work/chipyard/sims/verilator/generated-src/chipyard.harness.TestHarness.Baseline8CoreConfig/gen-collateral   -DVERILATOR -DVL_TIME_CONTEXT   -fcoroutines -include VTestDriver__pch.h.slow -c -o VTestDriver___024root__DepSet_hbb6e3b65__17__Slow.o VTestDriver___024root__DepSet_hbb6e3b65__17__Slow.cpp
g++   -I.  -MMD -I/usr/share/verilator/include -I/usr/share/verilator/include/vltstd -DVM_COVERAGE=0 -DVM_SC=0 -DVM_TRACE=0 -DVM_TRACE_FST=0 -DVM_TRACE_VCD=0 -faligned-new -fcf-protection=none -Wno-bool-operation -Wno-overloaded-virtual -Wno-shadow -Wno-sign-compare -Wno-uninitialized -Wno-unused-but-set-parameter -Wno-unused-but-set-variable -Wno-unused-parameter -Wno-unused-variable     -O3 -std=c++17 -I/work/riscv/include -I/work/chipyard/tools/DRAMSim2 -I/work/chipyard/sims/verilator/generated-src/chipyard.harness.TestHarness.Baseline8CoreConfig/gen-collateral   -DVERILATOR -DVL_TIME_CONTEXT   -fcoroutines -include VTestDriver__pch.h.slow -c -o VTestDriver___024root__DepSet_hbb6e3b65__18__Slow.o VTestDriver___024root__DepSet_hbb6e3b65__18__Slow.cpp
g++   -I.  -MMD -I/usr/share/verilator/include -I/usr/share/verilator/include/vltstd -DVM_COVERAGE=0 -DVM_SC=0 -DVM_TRACE=0 -DVM_TRACE_FST=0 -DVM_TRACE_VCD=0 -faligned-new -fcf-protection=none -Wno-bool-operation -Wno-overloaded-virtual -Wno-shadow -Wno-sign-compare -Wno-uninitialized -Wno-unused-but-set-parameter -Wno-unused-but-set-variable -Wno-unused-parameter -Wno-unused-variable     -O3 -std=c++17 -I/work/riscv/include -I/work/chipyard/tools/DRAMSim2 -I/work/chipyard/sims/verilator/generated-src/chipyard.harness.TestHarness.Baseline8CoreConfig/gen-collateral   -DVERILATOR -DVL_TIME_CONTEXT   -fcoroutines -include VTestDriver__pch.h.slow -c -o VTestDriver___024root__DepSet_hbb6e3b65__19__Slow.o VTestDriver___024root__DepSet_hbb6e3b65__19__Slow.cpp
g++   -I.  -MMD -I/usr/share/verilator/include -I/usr/share/verilator/include/vltstd -DVM_COVERAGE=0 -DVM_SC=0 -DVM_TRACE=0 -DVM_TRACE_FST=0 -DVM_TRACE_VCD=0 -faligned-new -fcf-protection=none -Wno-bool-operation -Wno-overloaded-virtual -Wno-shadow -Wno-sign-compare -Wno-uninitialized -Wno-unused-but-set-parameter -Wno-unused-but-set-variable -Wno-unused-parameter -Wno-unused-variable     -O3 -std=c++17 -I/work/riscv/include -I/work/chipyard/tools/DRAMSim2 -I/work/chipyard/sims/verilator/generated-src/chipyard.harness.TestHarness.Baseline8CoreConfig/gen-collateral   -DVERILATOR -DVL_TIME_CONTEXT   -fcoroutines -include VTestDriver__pch.h.slow -c -o VTestDriver___024root__DepSet_hbb6e3b65__20__Slow.o VTestDriver___024root__DepSet_hbb6e3b65__20__Slow.cpp
g++   -I.  -MMD -I/usr/share/verilator/include -I/usr/share/verilator/include/vltstd -DVM_COVERAGE=0 -DVM_SC=0 -DVM_TRACE=0 -DVM_TRACE_FST=0 -DVM_TRACE_VCD=0 -faligned-new -fcf-protection=none -Wno-bool-operation -Wno-overloaded-virtual -Wno-shadow -Wno-sign-compare -Wno-uninitialized -Wno-unused-but-set-parameter -Wno-unused-but-set-variable -Wno-unused-parameter -Wno-unused-variable     -O3 -std=c++17 -I/work/riscv/include -I/work/chipyard/tools/DRAMSim2 -I/work/chipyard/sims/verilator/generated-src/chipyard.harness.TestHarness.Baseline8CoreConfig/gen-collateral   -DVERILATOR -DVL_TIME_CONTEXT   -fcoroutines -include VTestDriver__pch.h.slow -c -o VTestDriver___024root__DepSet_hbb6e3b65__21__Slow.o VTestDriver___024root__DepSet_hbb6e3b65__21__Slow.cpp
g++   -I.  -MMD -I/usr/share/verilator/include -I/usr/share/verilator/include/vltstd -DVM_COVERAGE=0 -DVM_SC=0 -DVM_TRACE=0 -DVM_TRACE_FST=0 -DVM_TRACE_VCD=0 -faligned-new -fcf-protection=none -Wno-bool-operation -Wno-overloaded-virtual -Wno-shadow -Wno-sign-compare -Wno-uninitialized -Wno-unused-but-set-parameter -Wno-unused-but-set-variable -Wno-unused-parameter -Wno-unused-variable     -O3 -std=c++17 -I/work/riscv/include -I/work/chipyard/tools/DRAMSim2 -I/work/chipyard/sims/verilator/generated-src/chipyard.harness.TestHarness.Baseline8CoreConfig/gen-collateral   -DVERILATOR -DVL_TIME_CONTEXT   -fcoroutines -include VTestDriver__pch.h.slow -c -o VTestDriver___024root__DepSet_hbb6e3b65__22__Slow.o VTestDriver___024root__DepSet_hbb6e3b65__22__Slow.cpp
g++   -I.  -MMD -I/usr/share/verilator/include -I/usr/share/verilator/include/vltstd -DVM_COVERAGE=0 -DVM_SC=0 -DVM_TRACE=0 -DVM_TRACE_FST=0 -DVM_TRACE_VCD=0 -faligned-new -fcf-protection=none -Wno-bool-operation -Wno-overloaded-virtual -Wno-shadow -Wno-sign-compare -Wno-uninitialized -Wno-unused-but-set-parameter -Wno-unused-but-set-variable -Wno-unused-parameter -Wno-unused-variable     -O3 -std=c++17 -I/work/riscv/include -I/work/chipyard/tools/DRAMSim2 -I/work/chipyard/sims/verilator/generated-src/chipyard.harness.TestHarness.Baseline8CoreConfig/gen-collateral   -DVERILATOR -DVL_TIME_CONTEXT   -fcoroutines -include VTestDriver__pch.h.slow -c -o VTestDriver___024root__DepSet_hbb6e3b65__23__Slow.o VTestDriver___024root__DepSet_hbb6e3b65__23__Slow.cpp
g++   -I.  -MMD -I/usr/share/verilator/include -I/usr/share/verilator/include/vltstd -DVM_COVERAGE=0 -DVM_SC=0 -DVM_TRACE=0 -DVM_TRACE_FST=0 -DVM_TRACE_VCD=0 -faligned-new -fcf-protection=none -Wno-bool-operation -Wno-overloaded-virtual -Wno-shadow -Wno-sign-compare -Wno-uninitialized -Wno-unused-but-set-parameter -Wno-unused-but-set-variable -Wno-unused-parameter -Wno-unused-variable     -O3 -std=c++17 -I/work/riscv/include -I/work/chipyard/tools/DRAMSim2 -I/work/chipyard/sims/verilator/generated-src/chipyard.harness.TestHarness.Baseline8CoreConfig/gen-collateral   -DVERILATOR -DVL_TIME_CONTEXT   -fcoroutines -include VTestDriver__pch.h.slow -c -o VTestDriver___024root__DepSet_hbb6e3b65__24__Slow.o VTestDriver___024root__DepSet_hbb6e3b65__24__Slow.cpp
g++   -I.  -MMD -I/usr/share/verilator/include -I/usr/share/verilator/include/vltstd -DVM_COVERAGE=0 -DVM_SC=0 -DVM_TRACE=0 -DVM_TRACE_FST=0 -DVM_TRACE_VCD=0 -faligned-new -fcf-protection=none -Wno-bool-operation -Wno-overloaded-virtual -Wno-shadow -Wno-sign-compare -Wno-uninitialized -Wno-unused-but-set-parameter -Wno-unused-but-set-variable -Wno-unused-parameter -Wno-unused-variable     -O3 -std=c++17 -I/work/riscv/include -I/work/chipyard/tools/DRAMSim2 -I/work/chipyard/sims/verilator/generated-src/chipyard.harness.TestHarness.Baseline8CoreConfig/gen-collateral   -DVERILATOR -DVL_TIME_CONTEXT   -fcoroutines -include VTestDriver__pch.h.slow -c -o VTestDriver___024root__DepSet_hbb6e3b65__25__Slow.o VTestDriver___024root__DepSet_hbb6e3b65__25__Slow.cpp
g++   -I.  -MMD -I/usr/share/verilator/include -I/usr/share/verilator/include/vltstd -DVM_COVERAGE=0 -DVM_SC=0 -DVM_TRACE=0 -DVM_TRACE_FST=0 -DVM_TRACE_VCD=0 -faligned-new -fcf-protection=none -Wno-bool-operation -Wno-overloaded-virtual -Wno-shadow -Wno-sign-compare -Wno-uninitialized -Wno-unused-but-set-parameter -Wno-unused-but-set-variable -Wno-unused-parameter -Wno-unused-variable     -O3 -std=c++17 -I/work/riscv/include -I/work/chipyard/tools/DRAMSim2 -I/work/chipyard/sims/verilator/generated-src/chipyard.harness.TestHarness.Baseline8CoreConfig/gen-collateral   -DVERILATOR -DVL_TIME_CONTEXT   -fcoroutines -include VTestDriver__pch.h.slow -c -o VTestDriver___024root__DepSet_hbb6e3b65__26__Slow.o VTestDriver___024root__DepSet_hbb6e3b65__26__Slow.cpp
g++   -I.  -MMD -I/usr/share/verilator/include -I/usr/share/verilator/include/vltstd -DVM_COVERAGE=0 -DVM_SC=0 -DVM_TRACE=0 -DVM_TRACE_FST=0 -DVM_TRACE_VCD=0 -faligned-new -fcf-protection=none -Wno-bool-operation -Wno-overloaded-virtual -Wno-shadow -Wno-sign-compare -Wno-uninitialized -Wno-unused-but-set-parameter -Wno-unused-but-set-variable -Wno-unused-parameter -Wno-unused-variable     -O3 -std=c++17 -I/work/riscv/include -I/work/chipyard/tools/DRAMSim2 -I/work/chipyard/sims/verilator/generated-src/chipyard.harness.TestHarness.Baseline8CoreConfig/gen-collateral   -DVERILATOR -DVL_TIME_CONTEXT   -fcoroutines -include VTestDriver__pch.h.slow -c -o VTestDriver___024root__DepSet_hbb6e3b65__27__Slow.o VTestDriver___024root__DepSet_hbb6e3b65__27__Slow.cpp
g++   -I.  -MMD -I/usr/share/verilator/include -I/usr/share/verilator/include/vltstd -DVM_COVERAGE=0 -DVM_SC=0 -DVM_TRACE=0 -DVM_TRACE_FST=0 -DVM_TRACE_VCD=0 -faligned-new -fcf-protection=none -Wno-bool-operation -Wno-overloaded-virtual -Wno-shadow -Wno-sign-compare -Wno-uninitialized -Wno-unused-but-set-parameter -Wno-unused-but-set-variable -Wno-unused-parameter -Wno-unused-variable     -O3 -std=c++17 -I/work/riscv/include -I/work/chipyard/tools/DRAMSim2 -I/work/chipyard/sims/verilator/generated-src/chipyard.harness.TestHarness.Baseline8CoreConfig/gen-collateral   -DVERILATOR -DVL_TIME_CONTEXT   -fcoroutines -include VTestDriver__pch.h.slow -c -o VTestDriver___024root__DepSet_hbb6e3b65__28__Slow.o VTestDriver___024root__DepSet_hbb6e3b65__28__Slow.cpp
g++   -I.  -MMD -I/usr/share/verilator/include -I/usr/share/verilator/include/vltstd -DVM_COVERAGE=0 -DVM_SC=0 -DVM_TRACE=0 -DVM_TRACE_FST=0 -DVM_TRACE_VCD=0 -faligned-new -fcf-protection=none -Wno-bool-operation -Wno-overloaded-virtual -Wno-shadow -Wno-sign-compare -Wno-uninitialized -Wno-unused-but-set-parameter -Wno-unused-but-set-variable -Wno-unused-parameter -Wno-unused-variable     -O3 -std=c++17 -I/work/riscv/include -I/work/chipyard/tools/DRAMSim2 -I/work/chipyard/sims/verilator/generated-src/chipyard.harness.TestHarness.Baseline8CoreConfig/gen-collateral   -DVERILATOR -DVL_TIME_CONTEXT   -fcoroutines -include VTestDriver__pch.h.slow -c -o VTestDriver___024root__DepSet_hbb6e3b65__29__Slow.o VTestDriver___024root__DepSet_hbb6e3b65__29__Slow.cpp
g++   -I.  -MMD -I/usr/share/verilator/include -I/usr/share/verilator/include/vltstd -DVM_COVERAGE=0 -DVM_SC=0 -DVM_TRACE=0 -DVM_TRACE_FST=0 -DVM_TRACE_VCD=0 -faligned-new -fcf-protection=none -Wno-bool-operation -Wno-overloaded-virtual -Wno-shadow -Wno-sign-compare -Wno-uninitialized -Wno-unused-but-set-parameter -Wno-unused-but-set-variable -Wno-unused-parameter -Wno-unused-variable     -O3 -std=c++17 -I/work/riscv/include -I/work/chipyard/tools/DRAMSim2 -I/work/chipyard/sims/verilator/generated-src/chipyard.harness.TestHarness.Baseline8CoreConfig/gen-collateral   -DVERILATOR -DVL_TIME_CONTEXT   -fcoroutines -include VTestDriver__pch.h.slow -c -o VTestDriver___024root__DepSet_hbb6e3b65__30__Slow.o VTestDriver___024root__DepSet_hbb6e3b65__30__Slow.cpp
g++   -I.  -MMD -I/usr/share/verilator/include -I/usr/share/verilator/include/vltstd -DVM_COVERAGE=0 -DVM_SC=0 -DVM_TRACE=0 -DVM_TRACE_FST=0 -DVM_TRACE_VCD=0 -faligned-new -fcf-protection=none -Wno-bool-operation -Wno-overloaded-virtual -Wno-shadow -Wno-sign-compare -Wno-uninitialized -Wno-unused-but-set-parameter -Wno-unused-but-set-variable -Wno-unused-parameter -Wno-unused-variable     -O3 -std=c++17 -I/work/riscv/include -I/work/chipyard/tools/DRAMSim2 -I/work/chipyard/sims/verilator/generated-src/chipyard.harness.TestHarness.Baseline8CoreConfig/gen-collateral   -DVERILATOR -DVL_TIME_CONTEXT   -fcoroutines -include VTestDriver__pch.h.slow -c -o VTestDriver___024root__DepSet_hbb6e3b65__31__Slow.o VTestDriver___024root__DepSet_hbb6e3b65__31__Slow.cpp
g++   -I.  -MMD -I/usr/share/verilator/include -I/usr/share/verilator/include/vltstd -DVM_COVERAGE=0 -DVM_SC=0 -DVM_TRACE=0 -DVM_TRACE_FST=0 -DVM_TRACE_VCD=0 -faligned-new -fcf-protection=none -Wno-bool-operation -Wno-overloaded-virtual -Wno-shadow -Wno-sign-compare -Wno-uninitialized -Wno-unused-but-set-parameter -Wno-unused-but-set-variable -Wno-unused-parameter -Wno-unused-variable     -O3 -std=c++17 -I/work/riscv/include -I/work/chipyard/tools/DRAMSim2 -I/work/chipyard/sims/verilator/generated-src/chipyard.harness.TestHarness.Baseline8CoreConfig/gen-collateral   -DVERILATOR -DVL_TIME_CONTEXT   -fcoroutines -include VTestDriver__pch.h.slow -c -o VTestDriver___024root__DepSet_hbb6e3b65__32__Slow.o VTestDriver___024root__DepSet_hbb6e3b65__32__Slow.cpp
g++   -I.  -MMD -I/usr/share/verilator/include -I/usr/share/verilator/include/vltstd -DVM_COVERAGE=0 -DVM_SC=0 -DVM_TRACE=0 -DVM_TRACE_FST=0 -DVM_TRACE_VCD=0 -faligned-new -fcf-protection=none -Wno-bool-operation -Wno-overloaded-virtual -Wno-shadow -Wno-sign-compare -Wno-uninitialized -Wno-unused-but-set-parameter -Wno-unused-but-set-variable -Wno-unused-parameter -Wno-unused-variable     -O3 -std=c++17 -I/work/riscv/include -I/work/chipyard/tools/DRAMSim2 -I/work/chipyard/sims/verilator/generated-src/chipyard.harness.TestHarness.Baseline8CoreConfig/gen-collateral   -DVERILATOR -DVL_TIME_CONTEXT   -fcoroutines -include VTestDriver__pch.h.slow -c -o VTestDriver___024root__DepSet_hbb6e3b65__33__Slow.o VTestDriver___024root__DepSet_hbb6e3b65__33__Slow.cpp
g++   -I.  -MMD -I/usr/share/verilator/include -I/usr/share/verilator/include/vltstd -DVM_COVERAGE=0 -DVM_SC=0 -DVM_TRACE=0 -DVM_TRACE_FST=0 -DVM_TRACE_VCD=0 -faligned-new -fcf-protection=none -Wno-bool-operation -Wno-overloaded-virtual -Wno-shadow -Wno-sign-compare -Wno-uninitialized -Wno-unused-but-set-parameter -Wno-unused-but-set-variable -Wno-unused-parameter -Wno-unused-variable     -O3 -std=c++17 -I/work/riscv/include -I/work/chipyard/tools/DRAMSim2 -I/work/chipyard/sims/verilator/generated-src/chipyard.harness.TestHarness.Baseline8CoreConfig/gen-collateral   -DVERILATOR -DVL_TIME_CONTEXT   -fcoroutines -include VTestDriver__pch.h.slow -c -o VTestDriver___024root__DepSet_hbb6e3b65__34__Slow.o VTestDriver___024root__DepSet_hbb6e3b65__34__Slow.cpp
g++   -I.  -MMD -I/usr/share/verilator/include -I/usr/share/verilator/include/vltstd -DVM_COVERAGE=0 -DVM_SC=0 -DVM_TRACE=0 -DVM_TRACE_FST=0 -DVM_TRACE_VCD=0 -faligned-new -fcf-protection=none -Wno-bool-operation -Wno-overloaded-virtual -Wno-shadow -Wno-sign-compare -Wno-uninitialized -Wno-unused-but-set-parameter -Wno-unused-but-set-variable -Wno-unused-parameter -Wno-unused-variable     -O3 -std=c++17 -I/work/riscv/include -I/work/chipyard/tools/DRAMSim2 -I/work/chipyard/sims/verilator/generated-src/chipyard.harness.TestHarness.Baseline8CoreConfig/gen-collateral   -DVERILATOR -DVL_TIME_CONTEXT   -fcoroutines -include VTestDriver__pch.h.slow -c -o VTestDriver___024root__DepSet_hbb6e3b65__35__Slow.o VTestDriver___024root__DepSet_hbb6e3b65__35__Slow.cpp
g++   -I.  -MMD -I/usr/share/verilator/include -I/usr/share/verilator/include/vltstd -DVM_COVERAGE=0 -DVM_SC=0 -DVM_TRACE=0 -DVM_TRACE_FST=0 -DVM_TRACE_VCD=0 -faligned-new -fcf-protection=none -Wno-bool-operation -Wno-overloaded-virtual -Wno-shadow -Wno-sign-compare -Wno-uninitialized -Wno-unused-but-set-parameter -Wno-unused-but-set-variable -Wno-unused-parameter -Wno-unused-variable     -O3 -std=c++17 -I/work/riscv/include -I/work/chipyard/tools/DRAMSim2 -I/work/chipyard/sims/verilator/generated-src/chipyard.harness.TestHarness.Baseline8CoreConfig/gen-collateral   -DVERILATOR -DVL_TIME_CONTEXT   -fcoroutines -include VTestDriver__pch.h.slow -c -o VTestDriver___024root__DepSet_hbb6e3b65__36__Slow.o VTestDriver___024root__DepSet_hbb6e3b65__36__Slow.cpp
g++   -I.  -MMD -I/usr/share/verilator/include -I/usr/share/verilator/include/vltstd -DVM_COVERAGE=0 -DVM_SC=0 -DVM_TRACE=0 -DVM_TRACE_FST=0 -DVM_TRACE_VCD=0 -faligned-new -fcf-protection=none -Wno-bool-operation -Wno-overloaded-virtual -Wno-shadow -Wno-sign-compare -Wno-uninitialized -Wno-unused-but-set-parameter -Wno-unused-but-set-variable -Wno-unused-parameter -Wno-unused-variable     -O3 -std=c++17 -I/work/riscv/include -I/work/chipyard/tools/DRAMSim2 -I/work/chipyard/sims/verilator/generated-src/chipyard.harness.TestHarness.Baseline8CoreConfig/gen-collateral   -DVERILATOR -DVL_TIME_CONTEXT   -fcoroutines -include VTestDriver__pch.h.slow -c -o VTestDriver___024root__DepSet_hbb6e3b65__37__Slow.o VTestDriver___024root__DepSet_hbb6e3b65__37__Slow.cpp
g++   -I.  -MMD -I/usr/share/verilator/include -I/usr/share/verilator/include/vltstd -DVM_COVERAGE=0 -DVM_SC=0 -DVM_TRACE=0 -DVM_TRACE_FST=0 -DVM_TRACE_VCD=0 -faligned-new -fcf-protection=none -Wno-bool-operation -Wno-overloaded-virtual -Wno-shadow -Wno-sign-compare -Wno-uninitialized -Wno-unused-but-set-parameter -Wno-unused-but-set-variable -Wno-unused-parameter -Wno-unused-variable     -O3 -std=c++17 -I/work/riscv/include -I/work/chipyard/tools/DRAMSim2 -I/work/chipyard/sims/verilator/generated-src/chipyard.harness.TestHarness.Baseline8CoreConfig/gen-collateral   -DVERILATOR -DVL_TIME_CONTEXT   -fcoroutines -include VTestDriver__pch.h.slow -c -o VTestDriver___024root__DepSet_hbb6e3b65__38__Slow.o VTestDriver___024root__DepSet_hbb6e3b65__38__Slow.cpp
g++   -I.  -MMD -I/usr/share/verilator/include -I/usr/share/verilator/include/vltstd -DVM_COVERAGE=0 -DVM_SC=0 -DVM_TRACE=0 -DVM_TRACE_FST=0 -DVM_TRACE_VCD=0 -faligned-new -fcf-protection=none -Wno-bool-operation -Wno-overloaded-virtual -Wno-shadow -Wno-sign-compare -Wno-uninitialized -Wno-unused-but-set-parameter -Wno-unused-but-set-variable -Wno-unused-parameter -Wno-unused-variable     -O3 -std=c++17 -I/work/riscv/include -I/work/chipyard/tools/DRAMSim2 -I/work/chipyard/sims/verilator/generated-src/chipyard.harness.TestHarness.Baseline8CoreConfig/gen-collateral   -DVERILATOR -DVL_TIME_CONTEXT   -fcoroutines -include VTestDriver__pch.h.slow -c -o VTestDriver___024root__DepSet_hbb6e3b65__39__Slow.o VTestDriver___024root__DepSet_hbb6e3b65__39__Slow.cpp
g++   -I.  -MMD -I/usr/share/verilator/include -I/usr/share/verilator/include/vltstd -DVM_COVERAGE=0 -DVM_SC=0 -DVM_TRACE=0 -DVM_TRACE_FST=0 -DVM_TRACE_VCD=0 -faligned-new -fcf-protection=none -Wno-bool-operation -Wno-overloaded-virtual -Wno-shadow -Wno-sign-compare -Wno-uninitialized -Wno-unused-but-set-parameter -Wno-unused-but-set-variable -Wno-unused-parameter -Wno-unused-variable     -O3 -std=c++17 -I/work/riscv/include -I/work/chipyard/tools/DRAMSim2 -I/work/chipyard/sims/verilator/generated-src/chipyard.harness.TestHarness.Baseline8CoreConfig/gen-collateral   -DVERILATOR -DVL_TIME_CONTEXT   -fcoroutines -include VTestDriver__pch.h.slow -c -o VTestDriver___024root__DepSet_hbb6e3b65__40__Slow.o VTestDriver___024root__DepSet_hbb6e3b65__40__Slow.cpp
g++   -I.  -MMD -I/usr/share/verilator/include -I/usr/share/verilator/include/vltstd -DVM_COVERAGE=0 -DVM_SC=0 -DVM_TRACE=0 -DVM_TRACE_FST=0 -DVM_TRACE_VCD=0 -faligned-new -fcf-protection=none -Wno-bool-operation -Wno-overloaded-virtual -Wno-shadow -Wno-sign-compare -Wno-uninitialized -Wno-unused-but-set-parameter -Wno-unused-but-set-variable -Wno-unused-parameter -Wno-unused-variable     -O3 -std=c++17 -I/work/riscv/include -I/work/chipyard/tools/DRAMSim2 -I/work/chipyard/sims/verilator/generated-src/chipyard.harness.TestHarness.Baseline8CoreConfig/gen-collateral   -DVERILATOR -DVL_TIME_CONTEXT   -fcoroutines -include VTestDriver__pch.h.slow -c -o VTestDriver___024root__DepSet_hbb6e3b65__41__Slow.o VTestDriver___024root__DepSet_hbb6e3b65__41__Slow.cpp
g++   -I.  -MMD -I/usr/share/verilator/include -I/usr/share/verilator/include/vltstd -DVM_COVERAGE=0 -DVM_SC=0 -DVM_TRACE=0 -DVM_TRACE_FST=0 -DVM_TRACE_VCD=0 -faligned-new -fcf-protection=none -Wno-bool-operation -Wno-overloaded-virtual -Wno-shadow -Wno-sign-compare -Wno-uninitialized -Wno-unused-but-set-parameter -Wno-unused-but-set-variable -Wno-unused-parameter -Wno-unused-variable     -O3 -std=c++17 -I/work/riscv/include -I/work/chipyard/tools/DRAMSim2 -I/work/chipyard/sims/verilator/generated-src/chipyard.harness.TestHarness.Baseline8CoreConfig/gen-collateral   -DVERILATOR -DVL_TIME_CONTEXT   -fcoroutines -include VTestDriver__pch.h.slow -c -o VTestDriver___024root__DepSet_hbb6e3b65__42__Slow.o VTestDriver___024root__DepSet_hbb6e3b65__42__Slow.cpp
g++   -I.  -MMD -I/usr/share/verilator/include -I/usr/share/verilator/include/vltstd -DVM_COVERAGE=0 -DVM_SC=0 -DVM_TRACE=0 -DVM_TRACE_FST=0 -DVM_TRACE_VCD=0 -faligned-new -fcf-protection=none -Wno-bool-operation -Wno-overloaded-virtual -Wno-shadow -Wno-sign-compare -Wno-uninitialized -Wno-unused-but-set-parameter -Wno-unused-but-set-variable -Wno-unused-parameter -Wno-unused-variable     -O3 -std=c++17 -I/work/riscv/include -I/work/chipyard/tools/DRAMSim2 -I/work/chipyard/sims/verilator/generated-src/chipyard.harness.TestHarness.Baseline8CoreConfig/gen-collateral   -DVERILATOR -DVL_TIME_CONTEXT   -fcoroutines -include VTestDriver__pch.h.slow -c -o VTestDriver___024root__DepSet_hbb6e3b65__43__Slow.o VTestDriver___024root__DepSet_hbb6e3b65__43__Slow.cpp
g++   -I.  -MMD -I/usr/share/verilator/include -I/usr/share/verilator/include/vltstd -DVM_COVERAGE=0 -DVM_SC=0 -DVM_TRACE=0 -DVM_TRACE_FST=0 -DVM_TRACE_VCD=0 -faligned-new -fcf-protection=none -Wno-bool-operation -Wno-overloaded-virtual -Wno-shadow -Wno-sign-compare -Wno-uninitialized -Wno-unused-but-set-parameter -Wno-unused-but-set-variable -Wno-unused-parameter -Wno-unused-variable     -O3 -std=c++17 -I/work/riscv/include -I/work/chipyard/tools/DRAMSim2 -I/work/chipyard/sims/verilator/generated-src/chipyard.harness.TestHarness.Baseline8CoreConfig/gen-collateral   -DVERILATOR -DVL_TIME_CONTEXT   -fcoroutines -include VTestDriver__pch.h.slow -c -o VTestDriver___024root__DepSet_hbb6e3b65__44__Slow.o VTestDriver___024root__DepSet_hbb6e3b65__44__Slow.cpp
g++   -I.  -MMD -I/usr/share/verilator/include -I/usr/share/verilator/include/vltstd -DVM_COVERAGE=0 -DVM_SC=0 -DVM_TRACE=0 -DVM_TRACE_FST=0 -DVM_TRACE_VCD=0 -faligned-new -fcf-protection=none -Wno-bool-operation -Wno-overloaded-virtual -Wno-shadow -Wno-sign-compare -Wno-uninitialized -Wno-unused-but-set-parameter -Wno-unused-but-set-variable -Wno-unused-parameter -Wno-unused-variable     -O3 -std=c++17 -I/work/riscv/include -I/work/chipyard/tools/DRAMSim2 -I/work/chipyard/sims/verilator/generated-src/chipyard.harness.TestHarness.Baseline8CoreConfig/gen-collateral   -DVERILATOR -DVL_TIME_CONTEXT   -fcoroutines -include VTestDriver__pch.h.slow -c -o VTestDriver___024root__DepSet_hbb6e3b65__45__Slow.o VTestDriver___024root__DepSet_hbb6e3b65__45__Slow.cpp
g++   -I.  -MMD -I/usr/share/verilator/include -I/usr/share/verilator/include/vltstd -DVM_COVERAGE=0 -DVM_SC=0 -DVM_TRACE=0 -DVM_TRACE_FST=0 -DVM_TRACE_VCD=0 -faligned-new -fcf-protection=none -Wno-bool-operation -Wno-overloaded-virtual -Wno-shadow -Wno-sign-compare -Wno-uninitialized -Wno-unused-but-set-parameter -Wno-unused-but-set-variable -Wno-unused-parameter -Wno-unused-variable     -O3 -std=c++17 -I/work/riscv/include -I/work/chipyard/tools/DRAMSim2 -I/work/chipyard/sims/verilator/generated-src/chipyard.harness.TestHarness.Baseline8CoreConfig/gen-collateral   -DVERILATOR -DVL_TIME_CONTEXT   -fcoroutines -include VTestDriver__pch.h.slow -c -o VTestDriver___024root__DepSet_hbb6e3b65__46__Slow.o VTestDriver___024root__DepSet_hbb6e3b65__46__Slow.cpp
g++   -I.  -MMD -I/usr/share/verilator/include -I/usr/share/verilator/include/vltstd -DVM_COVERAGE=0 -DVM_SC=0 -DVM_TRACE=0 -DVM_TRACE_FST=0 -DVM_TRACE_VCD=0 -faligned-new -fcf-protection=none -Wno-bool-operation -Wno-overloaded-virtual -Wno-shadow -Wno-sign-compare -Wno-uninitialized -Wno-unused-but-set-parameter -Wno-unused-but-set-variable -Wno-unused-parameter -Wno-unused-variable     -O3 -std=c++17 -I/work/riscv/include -I/work/chipyard/tools/DRAMSim2 -I/work/chipyard/sims/verilator/generated-src/chipyard.harness.TestHarness.Baseline8CoreConfig/gen-collateral   -DVERILATOR -DVL_TIME_CONTEXT   -fcoroutines -include VTestDriver__pch.h.slow -c -o VTestDriver___024root__DepSet_hbb6e3b65__47__Slow.o VTestDriver___024root__DepSet_hbb6e3b65__47__Slow.cpp
g++   -I.  -MMD -I/usr/share/verilator/include -I/usr/share/verilator/include/vltstd -DVM_COVERAGE=0 -DVM_SC=0 -DVM_TRACE=0 -DVM_TRACE_FST=0 -DVM_TRACE_VCD=0 -faligned-new -fcf-protection=none -Wno-bool-operation -Wno-overloaded-virtual -Wno-shadow -Wno-sign-compare -Wno-uninitialized -Wno-unused-but-set-parameter -Wno-unused-but-set-variable -Wno-unused-parameter -Wno-unused-variable     -O3 -std=c++17 -I/work/riscv/include -I/work/chipyard/tools/DRAMSim2 -I/work/chipyard/sims/verilator/generated-src/chipyard.harness.TestHarness.Baseline8CoreConfig/gen-collateral   -DVERILATOR -DVL_TIME_CONTEXT   -fcoroutines -include VTestDriver__pch.h.slow -c -o VTestDriver___024root__DepSet_hbb6e3b65__48__Slow.o VTestDriver___024root__DepSet_hbb6e3b65__48__Slow.cpp
g++   -I.  -MMD -I/usr/share/verilator/include -I/usr/share/verilator/include/vltstd -DVM_COVERAGE=0 -DVM_SC=0 -DVM_TRACE=0 -DVM_TRACE_FST=0 -DVM_TRACE_VCD=0 -faligned-new -fcf-protection=none -Wno-bool-operation -Wno-overloaded-virtual -Wno-shadow -Wno-sign-compare -Wno-uninitialized -Wno-unused-but-set-parameter -Wno-unused-but-set-variable -Wno-unused-parameter -Wno-unused-variable     -O3 -std=c++17 -I/work/riscv/include -I/work/chipyard/tools/DRAMSim2 -I/work/chipyard/sims/verilator/generated-src/chipyard.harness.TestHarness.Baseline8CoreConfig/gen-collateral   -DVERILATOR -DVL_TIME_CONTEXT   -fcoroutines -include VTestDriver__pch.h.slow -c -o VTestDriver___024unit__Slow.o VTestDriver___024unit__Slow.cpp
g++   -I.  -MMD -I/usr/share/verilator/include -I/usr/share/verilator/include/vltstd -DVM_COVERAGE=0 -DVM_SC=0 -DVM_TRACE=0 -DVM_TRACE_FST=0 -DVM_TRACE_VCD=0 -faligned-new -fcf-protection=none -Wno-bool-operation -Wno-overloaded-virtual -Wno-shadow -Wno-sign-compare -Wno-uninitialized -Wno-unused-but-set-parameter -Wno-unused-but-set-variable -Wno-unused-parameter -Wno-unused-variable     -O3 -std=c++17 -I/work/riscv/include -I/work/chipyard/tools/DRAMSim2 -I/work/chipyard/sims/verilator/generated-src/chipyard.harness.TestHarness.Baseline8CoreConfig/gen-collateral   -DVERILATOR -DVL_TIME_CONTEXT   -fcoroutines -include VTestDriver__pch.h.slow -c -o VTestDriver___024unit__DepSet_h44496666__0__Slow.o VTestDriver___024unit__DepSet_h44496666__0__Slow.cpp
g++   -I.  -MMD -I/usr/share/verilator/include -I/usr/share/verilator/include/vltstd -DVM_COVERAGE=0 -DVM_SC=0 -DVM_TRACE=0 -DVM_TRACE_FST=0 -DVM_TRACE_VCD=0 -faligned-new -fcf-protection=none -Wno-bool-operation -Wno-overloaded-virtual -Wno-shadow -Wno-sign-compare -Wno-uninitialized -Wno-unused-but-set-parameter -Wno-unused-but-set-variable -Wno-unused-parameter -Wno-unused-variable     -O3 -std=c++17 -I/work/riscv/include -I/work/chipyard/tools/DRAMSim2 -I/work/chipyard/sims/verilator/generated-src/chipyard.harness.TestHarness.Baseline8CoreConfig/gen-collateral   -DVERILATOR -DVL_TIME_CONTEXT   -fcoroutines -include VTestDriver__pch.h.slow -c -o VTestDriver__Syms.o VTestDriver__Syms.cpp
g++   -I.  -MMD -I/usr/share/verilator/include -I/usr/share/verilator/include/vltstd -DVM_COVERAGE=0 -DVM_SC=0 -DVM_TRACE=0 -DVM_TRACE_FST=0 -DVM_TRACE_VCD=0 -faligned-new -fcf-protection=none -Wno-bool-operation -Wno-overloaded-virtual -Wno-shadow -Wno-sign-compare -Wno-uninitialized -Wno-unused-but-set-parameter -Wno-unused-but-set-variable -Wno-unused-parameter -Wno-unused-variable     -O3 -std=c++17 -I/work/riscv/include -I/work/chipyard/tools/DRAMSim2 -I/work/chipyard/sims/verilator/generated-src/chipyard.harness.TestHarness.Baseline8CoreConfig/gen-collateral   -DVERILATOR -DVL_TIME_CONTEXT   -fcoroutines -include VTestDriver__pch.h.slow -c -o VTestDriver__Syms__1.o VTestDriver__Syms__1.cpp
Archive ar -rcs VTestDriver__ALL.a VTestDriver.o VTestDriver___024root__DepSet_h662e1026__0.o VTestDriver___024root__DepSet_h662e1026__1.o VTestDriver___024root__DepSet_h662e1026__2.o VTestDriver___024root__DepSet_h662e1026__3.o VTestDriver___024root__DepSet_h662e1026__4.o VTestDriver___024root__DepSet_h662e1026__5.o VTestDriver___024root__DepSet_h662e1026__6.o VTestDriver___024root__DepSet_h662e1026__7.o VTestDriver___024root__DepSet_h662e1026__8.o VTestDriver___024root__DepSet_h662e1026__9.o VTestDriver___024root__DepSet_h662e1026__10.o VTestDriver___024root__DepSet_h662e1026__11.o VTestDriver___024root__DepSet_h662e1026__12.o VTestDriver___024root__DepSet_h662e1026__13.o VTestDriver___024root__DepSet_h662e1026__14.o VTestDriver___024root__DepSet_h662e1026__15.o VTestDriver___024root__DepSet_h662e1026__16.o VTestDriver___024root__DepSet_h662e1026__17.o VTestDriver___024root__DepSet_h662e1026__18.o VTestDriver___024root__DepSet_h662e1026__19.o VTestDriver___024root__DepSet_h662e1026__20.o VTestDriver___024root__DepSet_h662e1026__21.o VTestDriver___024root__DepSet_h662e1026__22.o VTestDriver___024root__DepSet_h662e1026__23.o VTestDriver___024root__DepSet_h662e1026__24.o VTestDriver___024root__DepSet_h662e1026__25.o VTestDriver___024root__DepSet_h662e1026__26.o VTestDriver___024root__DepSet_h662e1026__27.o VTestDriver___024root__DepSet_h662e1026__28.o VTestDriver___024root__DepSet_h662e1026__29.o VTestDriver___024root__DepSet_h662e1026__30.o VTestDriver___024root__DepSet_h662e1026__31.o VTestDriver___024root__DepSet_h662e1026__32.o VTestDriver___024root__DepSet_h662e1026__33.o VTestDriver___024root__DepSet_h662e1026__34.o VTestDriver___024root__DepSet_h662e1026__35.o VTestDriver___024root__DepSet_h662e1026__36.o VTestDriver___024root__DepSet_h662e1026__37.o VTestDriver___024root__DepSet_h662e1026__38.o VTestDriver___024root__DepSet_h662e1026__39.o VTestDriver___024root__DepSet_h662e1026__40.o VTestDriver___024root__DepSet_h662e1026__41.o VTestDriver___024root__DepSet_h662e1026__42.o VTestDriver___024root__DepSet_h662e1026__43.o VTestDriver___024root__DepSet_h662e1026__44.o VTestDriver___024root__DepSet_h662e1026__45.o VTestDriver___024root__DepSet_h662e1026__46.o VTestDriver___024root__DepSet_h662e1026__47.o VTestDriver___024root__DepSet_h662e1026__48.o VTestDriver___024root__DepSet_h662e1026__49.o VTestDriver___024root__DepSet_h662e1026__50.o VTestDriver___024root__DepSet_h662e1026__51.o VTestDriver___024root__DepSet_h662e1026__52.o VTestDriver___024root__DepSet_h662e1026__53.o VTestDriver___024root__DepSet_h662e1026__54.o VTestDriver___024root__DepSet_h662e1026__55.o VTestDriver___024root__DepSet_h662e1026__56.o VTestDriver___024root__DepSet_h662e1026__57.o VTestDriver___024root__DepSet_h662e1026__58.o VTestDriver___024root__DepSet_h662e1026__59.o VTestDriver___024root__DepSet_h662e1026__60.o VTestDriver___024root__DepSet_h662e1026__61.o VTestDriver___024root__DepSet_h662e1026__62.o VTestDriver___024root__DepSet_h662e1026__63.o VTestDriver___024root__DepSet_h662e1026__64.o VTestDriver___024root__DepSet_h662e1026__65.o VTestDriver___024root__DepSet_h662e1026__66.o VTestDriver___024root__DepSet_h662e1026__67.o VTestDriver___024root__DepSet_h662e1026__68.o VTestDriver___024root__DepSet_h662e1026__69.o VTestDriver___024root__DepSet_h662e1026__70.o VTestDriver___024root__DepSet_h662e1026__71.o VTestDriver___024root__DepSet_h662e1026__72.o VTestDriver___024root__DepSet_h662e1026__73.o VTestDriver___024root__DepSet_h662e1026__74.o VTestDriver___024root__DepSet_h662e1026__75.o VTestDriver___024root__DepSet_h662e1026__76.o VTestDriver___024root__DepSet_h662e1026__77.o VTestDriver___024root__DepSet_h662e1026__78.o VTestDriver___024root__DepSet_h662e1026__79.o VTestDriver___024root__DepSet_h662e1026__80.o VTestDriver___024root__DepSet_h662e1026__81.o VTestDriver___024root__DepSet_h662e1026__82.o VTestDriver___024root__DepSet_h662e1026__83.o VTestDriver___024root__DepSet_h662e1026__84.o VTestDriver___024root__DepSet_h662e1026__85.o VTestDriver___024root__DepSet_h662e1026__86.o VTestDriver___024root__DepSet_h662e1026__87.o VTestDriver___024root__DepSet_h662e1026__88.o VTestDriver___024root__DepSet_h662e1026__89.o VTestDriver___024root__DepSet_h662e1026__90.o VTestDriver___024root__DepSet_h662e1026__91.o VTestDriver___024root__DepSet_h662e1026__92.o VTestDriver___024root__DepSet_h662e1026__93.o VTestDriver___024root__DepSet_h662e1026__94.o VTestDriver___024root__DepSet_hbb6e3b65__0.o VTestDriver___024root__DepSet_hbb6e3b65__1.o VTestDriver___024root__DepSet_hbb6e3b65__2.o VTestDriver___024root__DepSet_hbb6e3b65__3.o VTestDriver___024root__DepSet_hbb6e3b65__4.o VTestDriver___024root__DepSet_hbb6e3b65__5.o VTestDriver___024root__DepSet_hbb6e3b65__6.o VTestDriver___024root__DepSet_hbb6e3b65__7.o VTestDriver___024root__DepSet_hbb6e3b65__8.o VTestDriver___024root__DepSet_hbb6e3b65__9.o VTestDriver___024root__DepSet_hbb6e3b65__10.o VTestDriver___024root__DepSet_hbb6e3b65__11.o VTestDriver___024root__DepSet_hbb6e3b65__12.o VTestDriver___024root__DepSet_hbb6e3b65__13.o VTestDriver___024root__DepSet_hbb6e3b65__14.o VTestDriver___024root__DepSet_hbb6e3b65__15.o VTestDriver___024root__DepSet_hbb6e3b65__16.o VTestDriver___024root__DepSet_hbb6e3b65__17.o VTestDriver___024root__DepSet_hbb6e3b65__18.o VTestDriver___024root__DepSet_hbb6e3b65__19.o VTestDriver___024root__DepSet_hbb6e3b65__20.o VTestDriver___024root__DepSet_hbb6e3b65__21.o VTestDriver___024root__DepSet_hbb6e3b65__22.o VTestDriver___024root__DepSet_hbb6e3b65__23.o VTestDriver___024root__DepSet_hbb6e3b65__24.o VTestDriver___024root__DepSet_hbb6e3b65__25.o VTestDriver___024root__DepSet_hbb6e3b65__26.o VTestDriver___024root__DepSet_hbb6e3b65__27.o VTestDriver___024root__DepSet_hbb6e3b65__28.o VTestDriver___024root__DepSet_hbb6e3b65__29.o VTestDriver___024root__DepSet_hbb6e3b65__30.o VTestDriver___024root__DepSet_hbb6e3b65__31.o VTestDriver___024root__DepSet_hbb6e3b65__32.o VTestDriver___024root__DepSet_hbb6e3b65__33.o VTestDriver___024root__DepSet_hbb6e3b65__34.o VTestDriver___024root__DepSet_hbb6e3b65__35.o VTestDriver___024root__DepSet_hbb6e3b65__36.o VTestDriver___024root__DepSet_hbb6e3b65__37.o VTestDriver___024root__DepSet_hbb6e3b65__38.o VTestDriver___024root__DepSet_hbb6e3b65__39.o VTestDriver___024root__DepSet_hbb6e3b65__40.o VTestDriver___024root__DepSet_hbb6e3b65__41.o VTestDriver___024root__DepSet_hbb6e3b65__42.o VTestDriver___024root__DepSet_hbb6e3b65__43.o VTestDriver___024root__DepSet_hbb6e3b65__44.o VTestDriver___024root__DepSet_hbb6e3b65__45.o VTestDriver___024root__DepSet_hbb6e3b65__46.o VTestDriver___024root__DepSet_hbb6e3b65__47.o VTestDriver___024root__DepSet_hbb6e3b65__48.o VTestDriver___024root__DepSet_hbb6e3b65__49.o VTestDriver___024root__DepSet_hbb6e3b65__50.o VTestDriver___024root__DepSet_hbb6e3b65__51.o VTestDriver___024root__DepSet_hbb6e3b65__52.o VTestDriver___024unit__DepSet_hf172cd27__0.o VTestDriver__main.o VTestDriver__Dpi.o VTestDriver__ConstPool_0.o VTestDriver___024root__Slow.o VTestDriver___024root__DepSet_h662e1026__0__Slow.o VTestDriver___024root__DepSet_hbb6e3b65__0__Slow.o VTestDriver___024root__DepSet_hbb6e3b65__1__Slow.o VTestDriver___024root__DepSet_hbb6e3b65__2__Slow.o VTestDriver___024root__DepSet_hbb6e3b65__3__Slow.o VTestDriver___024root__DepSet_hbb6e3b65__4__Slow.o VTestDriver___024root__DepSet_hbb6e3b65__5__Slow.o VTestDriver___024root__DepSet_hbb6e3b65__6__Slow.o VTestDriver___024root__DepSet_hbb6e3b65__7__Slow.o VTestDriver___024root__DepSet_hbb6e3b65__8__Slow.o VTestDriver___024root__DepSet_hbb6e3b65__9__Slow.o VTestDriver___024root__DepSet_hbb6e3b65__10__Slow.o VTestDriver___024root__DepSet_hbb6e3b65__11__Slow.o VTestDriver___024root__DepSet_hbb6e3b65__12__Slow.o VTestDriver___024root__DepSet_hbb6e3b65__13__Slow.o VTestDriver___024root__DepSet_hbb6e3b65__14__Slow.o VTestDriver___024root__DepSet_hbb6e3b65__15__Slow.o VTestDriver___024root__DepSet_hbb6e3b65__16__Slow.o VTestDriver___024root__DepSet_hbb6e3b65__17__Slow.o VTestDriver___024root__DepSet_hbb6e3b65__18__Slow.o VTestDriver___024root__DepSet_hbb6e3b65__19__Slow.o VTestDriver___024root__DepSet_hbb6e3b65__20__Slow.o VTestDriver___024root__DepSet_hbb6e3b65__21__Slow.o VTestDriver___024root__DepSet_hbb6e3b65__22__Slow.o VTestDriver___024root__DepSet_hbb6e3b65__23__Slow.o VTestDriver___024root__DepSet_hbb6e3b65__24__Slow.o VTestDriver___024root__DepSet_hbb6e3b65__25__Slow.o VTestDriver___024root__DepSet_hbb6e3b65__26__Slow.o VTestDriver___024root__DepSet_hbb6e3b65__27__Slow.o VTestDriver___024root__DepSet_hbb6e3b65__28__Slow.o VTestDriver___024root__DepSet_hbb6e3b65__29__Slow.o VTestDriver___024root__DepSet_hbb6e3b65__30__Slow.o VTestDriver___024root__DepSet_hbb6e3b65__31__Slow.o VTestDriver___024root__DepSet_hbb6e3b65__32__Slow.o VTestDriver___024root__DepSet_hbb6e3b65__33__Slow.o VTestDriver___024root__DepSet_hbb6e3b65__34__Slow.o VTestDriver___024root__DepSet_hbb6e3b65__35__Slow.o VTestDriver___024root__DepSet_hbb6e3b65__36__Slow.o VTestDriver___024root__DepSet_hbb6e3b65__37__Slow.o VTestDriver___024root__DepSet_hbb6e3b65__38__Slow.o VTestDriver___024root__DepSet_hbb6e3b65__39__Slow.o VTestDriver___024root__DepSet_hbb6e3b65__40__Slow.o VTestDriver___024root__DepSet_hbb6e3b65__41__Slow.o VTestDriver___024root__DepSet_hbb6e3b65__42__Slow.o VTestDriver___024root__DepSet_hbb6e3b65__43__Slow.o VTestDriver___024root__DepSet_hbb6e3b65__44__Slow.o VTestDriver___024root__DepSet_hbb6e3b65__45__Slow.o VTestDriver___024root__DepSet_hbb6e3b65__46__Slow.o VTestDriver___024root__DepSet_hbb6e3b65__47__Slow.o VTestDriver___024root__DepSet_hbb6e3b65__48__Slow.o VTestDriver___024unit__Slow.o VTestDriver___024unit__DepSet_h44496666__0__Slow.o VTestDriver__Syms.o VTestDriver__Syms__1.o
g++     SimDRAM.o SimJTAG.o SimTSI.o SimUART.o mm.o mm_dramsim2.o remote_bitbang.o testchip_htif.o testchip_tsi.o uart.o verilated.o verilated_dpi.o verilated_vpi.o verilated_timing.o verilated_threads.o VTestDriver__ALL.a   -L/work/riscv/lib -Wl,-rpath,/work/riscv/lib -L/work/chipyard/sims/verilator -L/work/chipyard/tools/DRAMSim2 -lriscv -lfesvr -ldramsim  -pthread -lpthread -latomic   -o /work/chipyard/sims/verilator/simulator-chipyard.harness-Baseline8CoreConfig
rm VTestDriver__ALL.verilator_deplist.tmp
make[1]: Leaving directory '/work/chipyard/sims/verilator/generated-src/chipyard.harness.TestHarness.Baseline8CoreConfig/chipyard.harness.TestHarness.Baseline8CoreConfig'

real	1m30.682s
user	6m52.910s
sys	0m10.499s
-rwxr-xr-x 1 dev dev 16579392 Jun 11 22:25 simulator-chipyard.harness-Baseline8CoreConfig
=== march của small core (Baseline8) từ dts — cho benchmark MARCH/MABI ===
rv64imaczicsr_zifencei_zihpm_xrocket
rv64imaczicsr_zifencei_zihpm_xrocket
