=== [2026-06-11T22:13:25+07:00] P1 step 6 retry: fixed API (rocket pkg, SimpleTLNoCParams, TerminalRouter) ===
Running with RISCV=/work/riscv
echo "Checking all submodules in generators/ are initialized. Uninitialized submodules will be displayed" ; ! git submodule status /work/chipyard/generators | grep ^-
Checking all submodules in generators/ are initialized. Uninitialized submodules will be displayed
mkdir -p /work/chipyard/.classpath_cache/
cd /work/chipyard && java -jar /work/chipyard/scripts/sbt-launch.jar -Dsbt.ivy.home=/work/chipyard/.ivy2 -Dsbt.global.base=/work/chipyard/.sbt -Dsbt.boot.directory=/work/chipyard/.sbt/boot/ -Dsbt.color=always -Dsbt.supershell=false -Dsbt.server.forcestart=true ";project chipyard; set assembly / assemblyOutputPath := file(\"/work/chipyard/.classpath_cache/chipyard.jar\"); assembly" && touch /work/chipyard/.classpath_cache/chipyard.jar
Picked up JAVA_TOOL_OPTIONS: -Xmx8G -Xss8M -Djava.io.tmpdir=/work/chipyard/.java_tmp
[0m[[0m[0minfo[0m] [0m[0mwelcome to sbt 1.8.2 (Ubuntu Java 17.0.19)[0m
[0m[[0m[0minfo[0m] [0m[0mloading settings for project chipyard-build from plugins.sbt ...[0m
[0m[[0m[0minfo[0m] [0m[0mloading project definition from /work/chipyard/project[0m
[0m[[0m[0minfo[0m] [0m[0mloading settings for project chipyardRoot from build.sbt ...[0m
[0m[[0m[0minfo[0m] [0m[0mloading settings for project testchipip from build.sbt ...[0m
[0m[[0m[0minfo[0m] [0m[0mloading settings for project barf from build.sbt ...[0m
[0m[[0m[0minfo[0m] [0m[0mloading settings for project constellation from build.sbt ...[0m
[0m[[0m[0minfo[0m] [0m[0mloading settings for project icenet from build.sbt ...[0m
[0m[[0m[0minfo[0m] [0m[0mloading settings for project cva6 from build.sbt ...[0m
[0m[[0m[0minfo[0m] [0m[0mloading settings for project ibex from build.sbt ...[0m
[0m[[0m[0minfo[0m] [0m[0mloading settings for project sodor from build.sbt ...[0m
[0m[[0m[0minfo[0m] [0m[0mloading settings for project midas_target_utils from build.sbt ...[0m
[0m[[0m[0minfo[0m] [0m[0mresolving key references (46535 settings) ...[0m
[0m[[0m[0minfo[0m] [0m[0mset current project to chipyardRoot (in build file:/work/chipyard/)[0m
[0m[[0m[0minfo[0m] [0m[0mset current project to chipyard (in build file:/work/chipyard/)[0m
[0m[[0m[0minfo[0m] [0m[0mDefining assembly / assemblyOutputPath[0m
[0m[[0m[0minfo[0m] [0m[0mThe new value will be used by assembly[0m
[0m[[0m[0minfo[0m] [0m[0mReapplying settings...[0m
[0m[[0m[0minfo[0m] [0m[0mset current project to chipyard (in build file:/work/chipyard/)[0m
Warning: Tried to extract the base path for relative glob tools/stage/src/main/scala/**/*.{java,scala}. To disable this warning, re-run the program with java option, -Dsbt.io.implicit.relative.glob.conversion=allow
Warning: Tried to extract the base path for relative glob tools/stage/src/main/scala/**/*.{java,scala}. To disable this warning, re-run the program with java option, -Dsbt.io.implicit.relative.glob.conversion=allow
Warning: Tried to extract the base path for relative glob tools/firrtl2/src/main/java/**/*.{java,scala}. To disable this warning, re-run the program with java option, -Dsbt.io.implicit.relative.glob.conversion=allow
Warning: Tried to extract the base path for relative glob tools/firrtl2/src/main/java/**/*.{java,scala}. To disable this warning, re-run the program with java option, -Dsbt.io.implicit.relative.glob.conversion=allow
[0m[[0m[0minfo[0m] [0m[0mcompiling 1 Scala source to /work/chipyard/generators/chipyard/target/scala-2.13/classes ...[0m
[0m[[0m[0minfo[0m] [0m[0mdone compiling[0m
[0m[[0m[33mwarn[0m] [0m[0mmultiple main classes detected: run 'show discoveredMainClasses' to see the list[0m
[0m[[0m[0minfo[0m] [0m[0m78 file(s) merged using strategy 'Rename' (Run the task at debug level to see the details)[0m
[0m[[0m[0minfo[0m] [0m[0m68 file(s) merged using strategy 'Rename (Custom)' (Run the task at debug level to see the details)[0m
[0m[[0m[0minfo[0m] [0m[0m389 file(s) merged using strategy 'Discard' (Run the task at debug level to see the details)[0m
[0m[[0m[0minfo[0m] [0m[0mBuilt: /work/chipyard/.classpath_cache/chipyard.jar[0m
[0m[[0m[0minfo[0m] [0m[0mJar hash: 4812512dd2dde15706445c9ceb6fd2b9d95d261e[0m
[0m[[0m[32msuccess[0m] [0m[0mTotal time: 18 s, completed Jun 11, 2026, 10:13:51 PM[0m
[0Jmkdir -p /work/chipyard/sims/verilator/generated-src/chipyard.harness.TestHarness.Baseline2CoreConfig
(set -o pipefail && 	cd /work/chipyard && java -cp /work/chipyard/.classpath_cache/chipyard.jar chipyard.Generator  --target-dir /work/chipyard/sims/verilator/generated-src/chipyard.harness.TestHarness.Baseline2CoreConfig --name chipyard.harness.TestHarness.Baseline2CoreConfig --top-module chipyard.harness.TestHarness --legacy-configs chipyard:Baseline2CoreConfig   | tee /work/chipyard/sims/verilator/generated-src/chipyard.harness.TestHarness.Baseline2CoreConfig/chipyard.harness.TestHarness.Baseline2CoreConfig.chisel.log)
Picked up JAVA_TOOL_OPTIONS: -Xmx8G -Xss8M -Djava.io.tmpdir=/work/chipyard/.java_tmp
L2 InclusiveCache Client Map:
	0 <= debug
	1 <= serial_tl_0_0
	2 <= serial_tl_0_1
	3 <= serial_tl_0_2
	4 <= serial_tl_0_3
	5 <= Core 0 DCache
	6 <= Core 0 ICache
	7 <= Core 1 DCache
	8 <= Core 1 ICache

Interrupt map (4 harts 1 interrupts):
  [1, 1] => uart_0

<stdin>:112.18-117.5: Warning (simple_bus_reg): /soc/cbus_clock: missing or empty reg/ranges property
<stdin>:139.18-144.5: Warning (simple_bus_reg): /soc/fbus_clock: missing or empty reg/ranges property
<stdin>:155.18-160.5: Warning (simple_bus_reg): /soc/mbus_clock: missing or empty reg/ranges property
<stdin>:161.18-166.5: Warning (simple_bus_reg): /soc/pbus_clock: missing or empty reg/ranges property
<stdin>:172.18-177.5: Warning (simple_bus_reg): /soc/sbus_clock: missing or empty reg/ranges property
Clock sbus_0: using diplomatically specified frequency of 500.0.
Clock pbus_0: using diplomatically specified frequency of 500.0.
Clock fbus_0: using diplomatically specified frequency of 500.0.
Clock mbus_0: using diplomatically specified frequency of 500.0.
Clock cbus_0: using diplomatically specified frequency of 500.0.
/dts-v1/;

/ {
	#address-cells = <1>;
	#size-cells = <1>;
	compatible = "ucb-bar,chipyard-dev";
	model = "ucb-bar,chipyard";
	L3: aliases {
		serial0 = &L29;
	};
	L21: chosen {
		stdout-path = &L29;
	};
	L2: cpus {
		#address-cells = <1>;
		#size-cells = <0>;
		timebase-frequency = <500000>;
		L13: cpu@0 {
			clock-frequency = <0>;
			compatible = "sifive,rocket0", "riscv";
			d-cache-block-size = <64>;
			d-cache-sets = <64>;
			d-cache-size = <16384>;
			d-tlb-sets = <1>;
			d-tlb-size = <32>;
			device_type = "cpu";
			hardware-exec-breakpoint-count = <1>;
			i-cache-block-size = <64>;
			i-cache-sets = <64>;
			i-cache-size = <16384>;
			i-tlb-sets = <1>;
			i-tlb-size = <32>;
			mmu-type = "riscv,sv39";
			next-level-cache = <&L10>;
			reg = <0x0>;
			riscv,isa = "rv64imafdczicsr_zifencei_zihpm_xrocket";
			riscv,pmpgranularity = <4>;
			riscv,pmpregions = <8>;
			status = "okay";
			timebase-frequency = <500000>;
			tlb-split;
			L11: interrupt-controller {
				#interrupt-cells = <1>;
				compatible = "riscv,cpu-intc";
				interrupt-controller;
			};
		};
		L16: cpu@1 {
			clock-frequency = <0>;
			compatible = "sifive,rocket0", "riscv";
			d-cache-block-size = <64>;
			d-cache-sets = <64>;
			d-cache-size = <16384>;
			d-tlb-sets = <1>;
			d-tlb-size = <32>;
			device_type = "cpu";
			hardware-exec-breakpoint-count = <1>;
			i-cache-block-size = <64>;
			i-cache-sets = <64>;
			i-cache-size = <16384>;
			i-tlb-sets = <1>;
			i-tlb-size = <32>;
			mmu-type = "riscv,sv39";
			next-level-cache = <&L10>;
			reg = <0x1>;
			riscv,isa = "rv64imafdczicsr_zifencei_zihpm_xrocket";
			riscv,pmpgranularity = <4>;
			riscv,pmpregions = <8>;
			status = "okay";
			timebase-frequency = <500000>;
			tlb-split;
			L14: interrupt-controller {
				#interrupt-cells = <1>;
				compatible = "riscv,cpu-intc";
				interrupt-controller;
			};
		};
	};
	L32: htif {
		compatible = "ucb,htif0";
	};
	L28: memory@8000000 {
		device_type = "memory";
		reg = <0x8000000 0x10000>;
		status = "disabled";
	};
	L24: memory@80000000 {
		device_type = "memory";
		reg = <0x80000000 0x10000000>;
	};
	L1: soc {
		#address-cells = <1>;
		#size-cells = <1>;
		compatible = "ucb-bar,chipyard-soc", "simple-bus";
		ranges;
		L27: boot-address-reg@1000 {
			reg = <0x1000 0x1000>;
			reg-names = "control";
		};
		L10: cache-controller@2010000 {
			cache-block-size = <64>;
			cache-level = <2>;
			cache-sets = <1024>;
			cache-size = <524288>;
			cache-unified;
			compatible = "sifive,inclusivecache0", "cache";
			next-level-cache = <&L24 &L28>;
			reg = <0x2010000 0x1000>;
			reg-names = "control";
			sifive,mshr-count = <7>;
		};
		L7: cbus_clock {
			#clock-cells = <0>;
			clock-frequency = <500000000>;
			clock-output-names = "cbus_clock";
			compatible = "fixed-clock";
		};
		L17: clint@2000000 {
			compatible = "riscv,clint0";
			interrupts-extended = <&L11 3 &L11 7 &L14 3 &L14 7>;
			reg = <0x2000000 0x10000>;
			reg-names = "control";
		};
		L30: clock-gater@100000 {
			reg = <0x100000 0x1000>;
			reg-names = "control";
		};
		L19: debug-controller@0 {
			compatible = "sifive,debug-013", "riscv,debug-013";
			debug-attach = "jtag";
			interrupts-extended = <&L11 65535 &L14 65535>;
			reg = <0x0 0x1000>;
			reg-names = "control";
		};
		L8: error-device@3000 {
			compatible = "sifive,error0";
			reg = <0x3000 0x1000>;
		};
		L6: fbus_clock {
			#clock-cells = <0>;
			clock-frequency = <500000000>;
			clock-output-names = "fbus_clock";
			compatible = "fixed-clock";
		};
		L18: interrupt-controller@c000000 {
			#interrupt-cells = <1>;
			compatible = "riscv,plic0";
			interrupt-controller;
			interrupts-extended = <&L11 11 &L11 9 &L14 11 &L14 9>;
			reg = <0xc000000 0x4000000>;
			reg-names = "control";
			riscv,max-priority = <1>;
			riscv,ndev = <1>;
		};
		L9: mbus_clock {
			#clock-cells = <0>;
			clock-frequency = <500000000>;
			clock-output-names = "mbus_clock";
			compatible = "fixed-clock";
		};
		L5: pbus_clock {
			#clock-cells = <0>;
			clock-frequency = <500000000>;
			clock-output-names = "pbus_clock";
			compatible = "fixed-clock";
		};
		L26: rom@10000 {
			compatible = "sifive,rom0";
			reg = <0x10000 0x10000>;
			reg-names = "mem";
		};
		L4: sbus_clock {
			#clock-cells = <0>;
			clock-frequency = <500000000>;
			clock-output-names = "sbus_clock";
			compatible = "fixed-clock";
		};
		L29: serial@10020000 {
			clocks = <&L5>;
			compatible = "sifive,uart0";
			interrupt-parent = <&L18>;
			interrupts = <1>;
			reg = <0x10020000 0x1000>;
			reg-names = "control";
		};
		L31: tile-reset-setter@110000 {
			reg = <0x110000 0x1000>;
			reg-names = "control";
		};
	};
};

Generated Address Map
	       0 -     1000 ARWX  debug-controller@0
	    1000 -     2000 ARW   boot-address-reg@1000
	    3000 -     4000 ARWX  error-device@3000
	   10000 -    20000  R X  rom@10000
	  100000 -   101000 ARW   clock-gater@100000
	  110000 -   111000 ARW   tile-reset-setter@110000
	 2000000 -  2010000 ARW   clint@2000000
	 2010000 -  2011000 ARW   cache-controller@2010000
	 8000000 -  8010000 ARWXC memory@8000000
	 c000000 - 10000000 ARW   interrupt-controller@c000000
	10020000 - 10021000 ARW   serial@10020000
	80000000 - 90000000 ARWXC memory@80000000

IOCells generated by IOBinders:
  IOBinder for interface sifive.blocks.devices.uart.HasPeripheryUART generated:
    1 X GenericDigitalInIOCell
    1 X GenericDigitalOutIOCell
  IOBinder for interface testchipip.boot.CanHavePeripheryCustomBootPin generated:
    1 X GenericDigitalInIOCell
  IOBinder for interface freechips.rocketchip.devices.debug.HasPeripheryDebug generated:
    3 X GenericDigitalInIOCell
    1 X GenericDigitalOutIOCell
  IOBinder for interface chipyard.clocking.CanHaveClockTap generated:
    1 X GenericDigitalOutIOCell
  IOBinder for interface testchipip.serdes.CanHavePeripheryTLSerial generated:
    35 X GenericDigitalInIOCell
    34 X GenericDigitalOutIOCell

  Total generated 77 IOCells:
    40 X GenericDigitalInIOCell
    37 X GenericDigitalOutIOCell
Harness binder clock is 100.0
[warn] generators/rocket-chip/src/main/scala/devices/debug/Debug.scala 1128:60: [W002] Dynamic index with width 10 is too large for extractee of width 2
[warn]         hgHartFiring(hg) := hartHaltedWrEn & ~haltedBitRegs(hartHaltedId) & (hgParticipateHart(hartSelFuncs.hartIdToHartSel(hartHaltedId)) === hg.U)
[warn]                                                            ^
[warn] generators/rocket-chip/src/main/scala/devices/debug/Debug.scala 1128:95: [W004] Dynamic index with width 10 is too wide for Vec of size 2 (expected index width 1).
[warn]         hgHartFiring(hg) := hartHaltedWrEn & ~haltedBitRegs(hartHaltedId) & (hgParticipateHart(hartSelFuncs.hartIdToHartSel(hartHaltedId)) === hg.U)
[warn]                                                                                               ^
[warn] generators/testchipip/src/main/scala/serdes/TLSerdes.scala 85:9: [W008] Return values of asTypeOf will soon be read-only
[warn]       c <> b.io.protocol
[warn]         ^
[warn] There were 3 warning(s) during hardware elaboration.
echo "$mfc_extra_anno_contents" > /work/chipyard/sims/verilator/generated-src/chipyard.harness.TestHarness.Baseline2CoreConfig/chipyard.harness.TestHarness.Baseline2CoreConfig.extrafirtool.anno.json
jq -s '[.[][]]' /work/chipyard/sims/verilator/generated-src/chipyard.harness.TestHarness.Baseline2CoreConfig/chipyard.harness.TestHarness.Baseline2CoreConfig.anno.json /work/chipyard/sims/verilator/generated-src/chipyard.harness.TestHarness.Baseline2CoreConfig/chipyard.harness.TestHarness.Baseline2CoreConfig.extrafirtool.anno.json > /work/chipyard/sims/verilator/generated-src/chipyard.harness.TestHarness.Baseline2CoreConfig/chipyard.harness.TestHarness.Baseline2CoreConfig.appended.anno.json
rm -rf /work/chipyard/sims/verilator/generated-src/chipyard.harness.TestHarness.Baseline2CoreConfig/gen-collateral
(set -o pipefail && firtool \
	--format=fir \
	--export-module-hierarchy \
	--verify-each=true \
	--warn-on-unprocessed-annotations \
	--disable-annotation-classless \
	--disable-annotation-unknown \
	--mlir-timing \
	--lowering-options=emittedLineLength=2048,noAlwaysComb,disallowLocalVariables,verifLabels,disallowPortDeclSharing,locationInfoStyle=wrapInAtSquareBracket \
	--repl-seq-mem \
	--repl-seq-mem-file=/work/chipyard/sims/verilator/generated-src/chipyard.harness.TestHarness.Baseline2CoreConfig/chipyard.harness.TestHarness.Baseline2CoreConfig.mems.conf \
	--annotation-file=/work/chipyard/sims/verilator/generated-src/chipyard.harness.TestHarness.Baseline2CoreConfig/chipyard.harness.TestHarness.Baseline2CoreConfig.appended.anno.json \
	--split-verilog \
	-o /work/chipyard/sims/verilator/generated-src/chipyard.harness.TestHarness.Baseline2CoreConfig/gen-collateral \
	/work/chipyard/sims/verilator/generated-src/chipyard.harness.TestHarness.Baseline2CoreConfig/chipyard.harness.TestHarness.Baseline2CoreConfig.fir |& tee /work/chipyard/sims/verilator/generated-src/chipyard.harness.TestHarness.Baseline2CoreConfig/chipyard.harness.TestHarness.Baseline2CoreConfig.firtool.log)
generators/rocket-chip/src/main/scala/tilelink/Monitor.scala:36:7: warning: module contains 114 printf-encoded verification operation(s), which are deprecated and will be removed in the future
generators/rocket-chip/src/main/scala/tilelink/Monitor.scala:45:11: note: example printf here, will just be a printf in the future
generators/rocket-chip/src/main/scala/tilelink/Monitor.scala:36:7: note: For more information, see https://github.com/llvm/circt/issues/6970
generators/rocket-chip/src/main/scala/tilelink/Monitor.scala:36:7: warning: module contains 210 printf-encoded verification operation(s), which are deprecated and will be removed in the future
generators/rocket-chip/src/main/scala/tilelink/Monitor.scala:45:11: note: example printf here, will just be a printf in the future
generators/rocket-chip/src/main/scala/tilelink/Monitor.scala:36:7: note: For more information, see https://github.com/llvm/circt/issues/6970
generators/rocket-chip/src/main/scala/tilelink/Monitor.scala:36:7: warning: module contains 210 printf-encoded verification operation(s), which are deprecated and will be removed in the future
generators/rocket-chip/src/main/scala/tilelink/Monitor.scala:45:11: note: example printf here, will just be a printf in the future
generators/rocket-chip/src/main/scala/tilelink/Monitor.scala:36:7: note: For more information, see https://github.com/llvm/circt/issues/6970
generators/rocket-chip/src/main/scala/tilelink/Xbar.scala:74:9: warning: module contains 21 printf-encoded verification operation(s), which are deprecated and will be removed in the future
generators/rocket-chip/src/main/scala/tilelink/Arbiter.scala:22:12: note: example printf here, will just be a printf in the future
generators/rocket-chip/src/main/scala/tilelink/Xbar.scala:74:9: note: For more information, see https://github.com/llvm/circt/issues/6970
generators/rocket-chip/src/main/scala/tilelink/Monitor.scala:36:7: warning: module contains 112 printf-encoded verification operation(s), which are deprecated and will be removed in the future
generators/rocket-chip/src/main/scala/tilelink/Monitor.scala:45:11: note: example printf here, will just be a printf in the future
generators/rocket-chip/src/main/scala/tilelink/Monitor.scala:36:7: note: For more information, see https://github.com/llvm/circt/issues/6970
generators/rocket-chip/src/main/scala/tilelink/Xbar.scala:74:9: warning: module contains 3 printf-encoded verification operation(s), which are deprecated and will be removed in the future
generators/rocket-chip/src/main/scala/tilelink/Arbiter.scala:22:12: note: example printf here, will just be a printf in the future
generators/rocket-chip/src/main/scala/tilelink/Xbar.scala:74:9: note: For more information, see https://github.com/llvm/circt/issues/6970
generators/rocket-chip/src/main/scala/tilelink/Monitor.scala:36:7: warning: module contains 114 printf-encoded verification operation(s), which are deprecated and will be removed in the future
generators/rocket-chip/src/main/scala/tilelink/Monitor.scala:45:11: note: example printf here, will just be a printf in the future
generators/rocket-chip/src/main/scala/tilelink/Monitor.scala:36:7: note: For more information, see https://github.com/llvm/circt/issues/6970
generators/rocket-chip/src/main/scala/tilelink/Monitor.scala:36:7: warning: module contains 114 printf-encoded verification operation(s), which are deprecated and will be removed in the future
generators/rocket-chip/src/main/scala/tilelink/Monitor.scala:45:11: note: example printf here, will just be a printf in the future
generators/rocket-chip/src/main/scala/tilelink/Monitor.scala:36:7: note: For more information, see https://github.com/llvm/circt/issues/6970
generators/rocket-chip/src/main/scala/tilelink/AtomicAutomata.scala:36:9: warning: module contains 2 printf-encoded verification operation(s), which are deprecated and will be removed in the future
generators/rocket-chip/src/main/scala/tilelink/Arbiter.scala:77:13: note: example printf here, will just be a printf in the future
generators/rocket-chip/src/main/scala/tilelink/AtomicAutomata.scala:36:9: note: For more information, see https://github.com/llvm/circt/issues/6970
generators/rocket-chip/src/main/scala/tilelink/Monitor.scala:36:7: warning: module contains 114 printf-encoded verification operation(s), which are deprecated and will be removed in the future
generators/rocket-chip/src/main/scala/tilelink/Monitor.scala:45:11: note: example printf here, will just be a printf in the future
generators/rocket-chip/src/main/scala/tilelink/Monitor.scala:36:7: note: For more information, see https://github.com/llvm/circt/issues/6970
generators/rocket-chip/src/main/scala/tilelink/Monitor.scala:36:7: warning: module contains 112 printf-encoded verification operation(s), which are deprecated and will be removed in the future
generators/rocket-chip/src/main/scala/tilelink/Monitor.scala:45:11: note: example printf here, will just be a printf in the future
generators/rocket-chip/src/main/scala/tilelink/Monitor.scala:36:7: note: For more information, see https://github.com/llvm/circt/issues/6970
generators/rocket-chip/src/main/scala/tilelink/Fragmenter.scala:92:9: warning: module contains 3 printf-encoded verification operation(s), which are deprecated and will be removed in the future
generators/rocket-chip/src/main/scala/tilelink/Fragmenter.scala:214:16: note: example printf here, will just be a printf in the future
generators/rocket-chip/src/main/scala/tilelink/Fragmenter.scala:92:9: note: For more information, see https://github.com/llvm/circt/issues/6970
generators/rocket-chip/src/main/scala/tilelink/Monitor.scala:36:7: warning: module contains 112 printf-encoded verification operation(s), which are deprecated and will be removed in the future
generators/rocket-chip/src/main/scala/tilelink/Monitor.scala:45:11: note: example printf here, will just be a printf in the future
generators/rocket-chip/src/main/scala/tilelink/Monitor.scala:36:7: note: For more information, see https://github.com/llvm/circt/issues/6970
generators/rocket-chip/src/main/scala/tilelink/Fragmenter.scala:92:9: warning: module contains 3 printf-encoded verification operation(s), which are deprecated and will be removed in the future
generators/rocket-chip/src/main/scala/tilelink/Fragmenter.scala:214:16: note: example printf here, will just be a printf in the future
generators/rocket-chip/src/main/scala/tilelink/Fragmenter.scala:92:9: note: For more information, see https://github.com/llvm/circt/issues/6970
generators/rocket-chip/src/main/scala/tilelink/Monitor.scala:36:7: warning: module contains 112 printf-encoded verification operation(s), which are deprecated and will be removed in the future
generators/rocket-chip/src/main/scala/tilelink/Monitor.scala:45:11: note: example printf here, will just be a printf in the future
generators/rocket-chip/src/main/scala/tilelink/Monitor.scala:36:7: note: For more information, see https://github.com/llvm/circt/issues/6970
generators/rocket-chip/src/main/scala/tilelink/Monitor.scala:36:7: warning: module contains 114 printf-encoded verification operation(s), which are deprecated and will be removed in the future
generators/rocket-chip/src/main/scala/tilelink/Monitor.scala:45:11: note: example printf here, will just be a printf in the future
generators/rocket-chip/src/main/scala/tilelink/Monitor.scala:36:7: note: For more information, see https://github.com/llvm/circt/issues/6970
generators/rocket-chip/src/main/scala/tilelink/Monitor.scala:36:7: warning: module contains 114 printf-encoded verification operation(s), which are deprecated and will be removed in the future
generators/rocket-chip/src/main/scala/tilelink/Monitor.scala:45:11: note: example printf here, will just be a printf in the future
generators/rocket-chip/src/main/scala/tilelink/Monitor.scala:36:7: note: For more information, see https://github.com/llvm/circt/issues/6970
generators/rocket-chip/src/main/scala/tilelink/Xbar.scala:74:9: warning: module contains 3 printf-encoded verification operation(s), which are deprecated and will be removed in the future
generators/rocket-chip/src/main/scala/tilelink/Arbiter.scala:22:12: note: example printf here, will just be a printf in the future
generators/rocket-chip/src/main/scala/tilelink/Xbar.scala:74:9: note: For more information, see https://github.com/llvm/circt/issues/6970
generators/rocket-chip/src/main/scala/tilelink/Monitor.scala:36:7: warning: module contains 114 printf-encoded verification operation(s), which are deprecated and will be removed in the future
generators/rocket-chip/src/main/scala/tilelink/Monitor.scala:45:11: note: example printf here, will just be a printf in the future
generators/rocket-chip/src/main/scala/tilelink/Monitor.scala:36:7: note: For more information, see https://github.com/llvm/circt/issues/6970
generators/rocket-chip/src/main/scala/tilelink/Monitor.scala:36:7: warning: module contains 114 printf-encoded verification operation(s), which are deprecated and will be removed in the future
generators/rocket-chip/src/main/scala/tilelink/Monitor.scala:45:11: note: example printf here, will just be a printf in the future
generators/rocket-chip/src/main/scala/tilelink/Monitor.scala:36:7: note: For more information, see https://github.com/llvm/circt/issues/6970
generators/rocket-chip/src/main/scala/tilelink/Monitor.scala:36:7: warning: module contains 114 printf-encoded verification operation(s), which are deprecated and will be removed in the future
generators/rocket-chip/src/main/scala/tilelink/Monitor.scala:45:11: note: example printf here, will just be a printf in the future
generators/rocket-chip/src/main/scala/tilelink/Monitor.scala:36:7: note: For more information, see https://github.com/llvm/circt/issues/6970
generators/rocket-chip/src/main/scala/tilelink/Monitor.scala:36:7: warning: module contains 114 printf-encoded verification operation(s), which are deprecated and will be removed in the future
generators/rocket-chip/src/main/scala/tilelink/Monitor.scala:45:11: note: example printf here, will just be a printf in the future
generators/rocket-chip/src/main/scala/tilelink/Monitor.scala:36:7: note: For more information, see https://github.com/llvm/circt/issues/6970
generators/rocket-chip/src/main/scala/tilelink/Monitor.scala:36:7: warning: module contains 114 printf-encoded verification operation(s), which are deprecated and will be removed in the future
generators/rocket-chip/src/main/scala/tilelink/Monitor.scala:45:11: note: example printf here, will just be a printf in the future
generators/rocket-chip/src/main/scala/tilelink/Monitor.scala:36:7: note: For more information, see https://github.com/llvm/circt/issues/6970
generators/rocket-chip/src/main/scala/tilelink/Xbar.scala:74:9: warning: module contains 3 printf-encoded verification operation(s), which are deprecated and will be removed in the future
generators/rocket-chip/src/main/scala/tilelink/Arbiter.scala:22:12: note: example printf here, will just be a printf in the future
generators/rocket-chip/src/main/scala/tilelink/Xbar.scala:74:9: note: For more information, see https://github.com/llvm/circt/issues/6970
generators/rocket-chip/src/main/scala/tilelink/Monitor.scala:36:7: warning: module contains 112 printf-encoded verification operation(s), which are deprecated and will be removed in the future
generators/rocket-chip/src/main/scala/tilelink/Monitor.scala:45:11: note: example printf here, will just be a printf in the future
generators/rocket-chip/src/main/scala/tilelink/Monitor.scala:36:7: note: For more information, see https://github.com/llvm/circt/issues/6970
generators/rocket-chip/src/main/scala/tilelink/Xbar.scala:74:9: warning: module contains 3 printf-encoded verification operation(s), which are deprecated and will be removed in the future
generators/rocket-chip/src/main/scala/tilelink/Arbiter.scala:22:12: note: example printf here, will just be a printf in the future
generators/rocket-chip/src/main/scala/tilelink/Xbar.scala:74:9: note: For more information, see https://github.com/llvm/circt/issues/6970
generators/rocket-chip/src/main/scala/tilelink/Monitor.scala:36:7: warning: module contains 114 printf-encoded verification operation(s), which are deprecated and will be removed in the future
generators/rocket-chip/src/main/scala/tilelink/Monitor.scala:45:11: note: example printf here, will just be a printf in the future
generators/rocket-chip/src/main/scala/tilelink/Monitor.scala:36:7: note: For more information, see https://github.com/llvm/circt/issues/6970
generators/rocket-chip/src/main/scala/tilelink/Monitor.scala:36:7: warning: module contains 114 printf-encoded verification operation(s), which are deprecated and will be removed in the future
generators/rocket-chip/src/main/scala/tilelink/Monitor.scala:45:11: note: example printf here, will just be a printf in the future
generators/rocket-chip/src/main/scala/tilelink/Monitor.scala:36:7: note: For more information, see https://github.com/llvm/circt/issues/6970
generators/rocket-chip/src/main/scala/tilelink/AtomicAutomata.scala:36:9: warning: module contains 2 printf-encoded verification operation(s), which are deprecated and will be removed in the future
generators/rocket-chip/src/main/scala/tilelink/Arbiter.scala:77:13: note: example printf here, will just be a printf in the future
generators/rocket-chip/src/main/scala/tilelink/AtomicAutomata.scala:36:9: note: For more information, see https://github.com/llvm/circt/issues/6970
generators/rocket-chip/src/main/scala/tilelink/Monitor.scala:36:7: warning: module contains 114 printf-encoded verification operation(s), which are deprecated and will be removed in the future
generators/rocket-chip/src/main/scala/tilelink/Monitor.scala:45:11: note: example printf here, will just be a printf in the future
generators/rocket-chip/src/main/scala/tilelink/Monitor.scala:36:7: note: For more information, see https://github.com/llvm/circt/issues/6970
generators/rocket-chip/src/main/scala/devices/tilelink/Error.scala:21:9: warning: module contains 1 printf-encoded verification operation(s), which are deprecated and will be removed in the future
generators/rocket-chip/src/main/scala/devices/tilelink/Error.scala:34:12: note: example printf here, will just be a printf in the future
generators/rocket-chip/src/main/scala/devices/tilelink/Error.scala:21:9: note: For more information, see https://github.com/llvm/circt/issues/6970
generators/rocket-chip/src/main/scala/tilelink/Monitor.scala:36:7: warning: module contains 114 printf-encoded verification operation(s), which are deprecated and will be removed in the future
generators/rocket-chip/src/main/scala/tilelink/Monitor.scala:45:11: note: example printf here, will just be a printf in the future
generators/rocket-chip/src/main/scala/tilelink/Monitor.scala:36:7: note: For more information, see https://github.com/llvm/circt/issues/6970
generators/rocket-chip/src/main/scala/tilelink/Monitor.scala:36:7: warning: module contains 114 printf-encoded verification operation(s), which are deprecated and will be removed in the future
generators/rocket-chip/src/main/scala/tilelink/Monitor.scala:45:11: note: example printf here, will just be a printf in the future
generators/rocket-chip/src/main/scala/tilelink/Monitor.scala:36:7: note: For more information, see https://github.com/llvm/circt/issues/6970
generators/rocket-chip/src/main/scala/tilelink/Monitor.scala:36:7: warning: module contains 114 printf-encoded verification operation(s), which are deprecated and will be removed in the future
generators/rocket-chip/src/main/scala/tilelink/Monitor.scala:45:11: note: example printf here, will just be a printf in the future
generators/rocket-chip/src/main/scala/tilelink/Monitor.scala:36:7: note: For more information, see https://github.com/llvm/circt/issues/6970
generators/rocket-chip/src/main/scala/tilelink/Fragmenter.scala:92:9: warning: module contains 3 printf-encoded verification operation(s), which are deprecated and will be removed in the future
generators/rocket-chip/src/main/scala/tilelink/Fragmenter.scala:214:16: note: example printf here, will just be a printf in the future
generators/rocket-chip/src/main/scala/tilelink/Fragmenter.scala:92:9: note: For more information, see https://github.com/llvm/circt/issues/6970
generators/rocket-chip/src/main/scala/tilelink/Monitor.scala:36:7: warning: module contains 112 printf-encoded verification operation(s), which are deprecated and will be removed in the future
generators/rocket-chip/src/main/scala/tilelink/Monitor.scala:45:11: note: example printf here, will just be a printf in the future
generators/rocket-chip/src/main/scala/tilelink/Monitor.scala:36:7: note: For more information, see https://github.com/llvm/circt/issues/6970
generators/rocket-chip/src/main/scala/tilelink/Fragmenter.scala:92:9: warning: module contains 3 printf-encoded verification operation(s), which are deprecated and will be removed in the future
generators/rocket-chip/src/main/scala/tilelink/Fragmenter.scala:214:16: note: example printf here, will just be a printf in the future
generators/rocket-chip/src/main/scala/tilelink/Fragmenter.scala:92:9: note: For more information, see https://github.com/llvm/circt/issues/6970
generators/rocket-chip/src/main/scala/tilelink/Monitor.scala:36:7: warning: module contains 114 printf-encoded verification operation(s), which are deprecated and will be removed in the future
generators/rocket-chip/src/main/scala/tilelink/Monitor.scala:45:11: note: example printf here, will just be a printf in the future
generators/rocket-chip/src/main/scala/tilelink/Monitor.scala:36:7: note: For more information, see https://github.com/llvm/circt/issues/6970
generators/rocket-chip/src/main/scala/tilelink/Fragmenter.scala:92:9: warning: module contains 3 printf-encoded verification operation(s), which are deprecated and will be removed in the future
generators/rocket-chip/src/main/scala/tilelink/Fragmenter.scala:214:16: note: example printf here, will just be a printf in the future
generators/rocket-chip/src/main/scala/tilelink/Fragmenter.scala:92:9: note: For more information, see https://github.com/llvm/circt/issues/6970
generators/rocket-chip/src/main/scala/tilelink/Monitor.scala:36:7: warning: module contains 112 printf-encoded verification operation(s), which are deprecated and will be removed in the future
generators/rocket-chip/src/main/scala/tilelink/Monitor.scala:45:11: note: example printf here, will just be a printf in the future
generators/rocket-chip/src/main/scala/tilelink/Monitor.scala:36:7: note: For more information, see https://github.com/llvm/circt/issues/6970
generators/rocket-chip/src/main/scala/tilelink/Fragmenter.scala:92:9: warning: module contains 3 printf-encoded verification operation(s), which are deprecated and will be removed in the future
generators/rocket-chip/src/main/scala/tilelink/Fragmenter.scala:214:16: note: example printf here, will just be a printf in the future
generators/rocket-chip/src/main/scala/tilelink/Fragmenter.scala:92:9: note: For more information, see https://github.com/llvm/circt/issues/6970
generators/rocket-chip/src/main/scala/tilelink/Monitor.scala:36:7: warning: module contains 112 printf-encoded verification operation(s), which are deprecated and will be removed in the future
generators/rocket-chip/src/main/scala/tilelink/Monitor.scala:45:11: note: example printf here, will just be a printf in the future
generators/rocket-chip/src/main/scala/tilelink/Monitor.scala:36:7: note: For more information, see https://github.com/llvm/circt/issues/6970
generators/rocket-chip/src/main/scala/tilelink/Fragmenter.scala:92:9: warning: module contains 3 printf-encoded verification operation(s), which are deprecated and will be removed in the future
generators/rocket-chip/src/main/scala/tilelink/Fragmenter.scala:214:16: note: example printf here, will just be a printf in the future
generators/rocket-chip/src/main/scala/tilelink/Fragmenter.scala:92:9: note: For more information, see https://github.com/llvm/circt/issues/6970
generators/rocket-chip/src/main/scala/tilelink/Monitor.scala:36:7: warning: module contains 114 printf-encoded verification operation(s), which are deprecated and will be removed in the future
generators/rocket-chip/src/main/scala/tilelink/Monitor.scala:45:11: note: example printf here, will just be a printf in the future
generators/rocket-chip/src/main/scala/tilelink/Monitor.scala:36:7: note: For more information, see https://github.com/llvm/circt/issues/6970
generators/rocket-chip/src/main/scala/tilelink/Monitor.scala:36:7: warning: module contains 114 printf-encoded verification operation(s), which are deprecated and will be removed in the future
generators/rocket-chip/src/main/scala/tilelink/Monitor.scala:45:11: note: example printf here, will just be a printf in the future
generators/rocket-chip/src/main/scala/tilelink/Monitor.scala:36:7: note: For more information, see https://github.com/llvm/circt/issues/6970
generators/rocket-chip/src/main/scala/tilelink/Xbar.scala:74:9: warning: module contains 3 printf-encoded verification operation(s), which are deprecated and will be removed in the future
generators/rocket-chip/src/main/scala/tilelink/Arbiter.scala:22:12: note: example printf here, will just be a printf in the future
generators/rocket-chip/src/main/scala/tilelink/Xbar.scala:74:9: note: For more information, see https://github.com/llvm/circt/issues/6970
generators/rocket-chip/src/main/scala/tilelink/Monitor.scala:36:7: warning: module contains 114 printf-encoded verification operation(s), which are deprecated and will be removed in the future
generators/rocket-chip/src/main/scala/tilelink/Monitor.scala:45:11: note: example printf here, will just be a printf in the future
generators/rocket-chip/src/main/scala/tilelink/Monitor.scala:36:7: note: For more information, see https://github.com/llvm/circt/issues/6970
generators/rocket-chip/src/main/scala/tilelink/Monitor.scala:36:7: warning: module contains 114 printf-encoded verification operation(s), which are deprecated and will be removed in the future
generators/rocket-chip/src/main/scala/tilelink/Monitor.scala:45:11: note: example printf here, will just be a printf in the future
generators/rocket-chip/src/main/scala/tilelink/Monitor.scala:36:7: note: For more information, see https://github.com/llvm/circt/issues/6970
generators/rocket-chip/src/main/scala/amba/axi4/UserYanker.scala:36:9: warning: module contains 2 printf-encoded verification operation(s), which are deprecated and will be removed in the future
generators/rocket-chip/src/main/scala/amba/axi4/UserYanker.scala:69:14: note: example printf here, will just be a printf in the future
generators/rocket-chip/src/main/scala/amba/axi4/UserYanker.scala:36:9: note: For more information, see https://github.com/llvm/circt/issues/6970
generators/rocket-chip/src/main/scala/tilelink/Monitor.scala:36:7: warning: module contains 114 printf-encoded verification operation(s), which are deprecated and will be removed in the future
generators/rocket-chip/src/main/scala/tilelink/Monitor.scala:45:11: note: example printf here, will just be a printf in the future
generators/rocket-chip/src/main/scala/tilelink/Monitor.scala:36:7: note: For more information, see https://github.com/llvm/circt/issues/6970
generators/rocket-chip/src/main/scala/tilelink/ToAXI4.scala:103:9: warning: module contains 20 printf-encoded verification operation(s), which are deprecated and will be removed in the future
generators/rocket-chip/src/main/scala/tilelink/ToAXI4.scala:280:16: note: example printf here, will just be a printf in the future
generators/rocket-chip/src/main/scala/tilelink/ToAXI4.scala:103:9: note: For more information, see https://github.com/llvm/circt/issues/6970
generators/rocket-chip/src/main/scala/tilelink/Monitor.scala:36:7: warning: module contains 114 printf-encoded verification operation(s), which are deprecated and will be removed in the future
generators/rocket-chip/src/main/scala/tilelink/Monitor.scala:45:11: note: example printf here, will just be a printf in the future
generators/rocket-chip/src/main/scala/tilelink/Monitor.scala:36:7: note: For more information, see https://github.com/llvm/circt/issues/6970
generators/rocket-chip/src/main/scala/tilelink/Monitor.scala:36:7: warning: module contains 114 printf-encoded verification operation(s), which are deprecated and will be removed in the future
generators/rocket-chip/src/main/scala/tilelink/Monitor.scala:45:11: note: example printf here, will just be a printf in the future
generators/rocket-chip/src/main/scala/tilelink/Monitor.scala:36:7: note: For more information, see https://github.com/llvm/circt/issues/6970
generators/rocket-chip/src/main/scala/tilelink/Monitor.scala:36:7: warning: module contains 210 printf-encoded verification operation(s), which are deprecated and will be removed in the future
generators/rocket-chip/src/main/scala/tilelink/Monitor.scala:45:11: note: example printf here, will just be a printf in the future
generators/rocket-chip/src/main/scala/tilelink/Monitor.scala:36:7: note: For more information, see https://github.com/llvm/circt/issues/6970
generators/rocket-chip-inclusive-cache/design/craft/inclusivecache/src/SourceA.scala:33:7: warning: module contains 3 printf-encoded verification operation(s), which are deprecated and will be removed in the future
generators/rocket-chip-inclusive-cache/design/craft/inclusivecache/src/Parameters.scala:222:12: note: example printf here, will just be a printf in the future
generators/rocket-chip-inclusive-cache/design/craft/inclusivecache/src/SourceA.scala:33:7: note: For more information, see https://github.com/llvm/circt/issues/6970
generators/rocket-chip-inclusive-cache/design/craft/inclusivecache/src/SourceB.scala:33:7: warning: module contains 4 printf-encoded verification operation(s), which are deprecated and will be removed in the future
generators/rocket-chip-inclusive-cache/design/craft/inclusivecache/src/SourceB.scala:59:12: note: example printf here, will just be a printf in the future
generators/rocket-chip-inclusive-cache/design/craft/inclusivecache/src/SourceB.scala:33:7: note: For more information, see https://github.com/llvm/circt/issues/6970
generators/rocket-chip-inclusive-cache/design/craft/inclusivecache/src/SourceC.scala:35:7: warning: module contains 5 printf-encoded verification operation(s), which are deprecated and will be removed in the future
generators/rocket-chip-inclusive-cache/design/craft/inclusivecache/src/SourceC.scala:64:10: note: example printf here, will just be a printf in the future
generators/rocket-chip-inclusive-cache/design/craft/inclusivecache/src/SourceC.scala:35:7: note: For more information, see https://github.com/llvm/circt/issues/6970
generators/rocket-chip-inclusive-cache/design/craft/inclusivecache/src/SourceD.scala:48:7: warning: module contains 3 printf-encoded verification operation(s), which are deprecated and will be removed in the future
generators/rocket-chip-inclusive-cache/design/craft/inclusivecache/src/SourceD.scala:123:10: note: example printf here, will just be a printf in the future
generators/rocket-chip-inclusive-cache/design/craft/inclusivecache/src/SourceD.scala:48:7: note: For more information, see https://github.com/llvm/circt/issues/6970
generators/rocket-chip-inclusive-cache/design/craft/inclusivecache/src/ListBuffer.scala:36:7: warning: module contains 1 printf-encoded verification operation(s), which are deprecated and will be removed in the future
generators/rocket-chip-inclusive-cache/design/craft/inclusivecache/src/ListBuffer.scala:86:10: note: example printf here, will just be a printf in the future
generators/rocket-chip-inclusive-cache/design/craft/inclusivecache/src/ListBuffer.scala:36:7: note: For more information, see https://github.com/llvm/circt/issues/6970
generators/rocket-chip-inclusive-cache/design/craft/inclusivecache/src/ListBuffer.scala:36:7: warning: module contains 1 printf-encoded verification operation(s), which are deprecated and will be removed in the future
generators/rocket-chip-inclusive-cache/design/craft/inclusivecache/src/ListBuffer.scala:86:10: note: example printf here, will just be a printf in the future
generators/rocket-chip-inclusive-cache/design/craft/inclusivecache/src/ListBuffer.scala:36:7: note: For more information, see https://github.com/llvm/circt/issues/6970
generators/rocket-chip-inclusive-cache/design/craft/inclusivecache/src/SinkC.scala:41:7: warning: module contains 1 printf-encoded verification operation(s), which are deprecated and will be removed in the future
generators/rocket-chip-inclusive-cache/design/craft/inclusivecache/src/SinkC.scala:90:12: note: example printf here, will just be a printf in the future
generators/rocket-chip-inclusive-cache/design/craft/inclusivecache/src/SinkC.scala:41:7: note: For more information, see https://github.com/llvm/circt/issues/6970
generators/rocket-chip-inclusive-cache/design/craft/inclusivecache/src/SinkD.scala:34:7: warning: module contains 1 printf-encoded verification operation(s), which are deprecated and will be removed in the future
generators/rocket-chip-inclusive-cache/design/craft/inclusivecache/src/SinkD.scala:82:10: note: example printf here, will just be a printf in the future
generators/rocket-chip-inclusive-cache/design/craft/inclusivecache/src/SinkD.scala:34:7: note: For more information, see https://github.com/llvm/circt/issues/6970
generators/rocket-chip-inclusive-cache/design/craft/inclusivecache/src/Directory.scala:56:7: warning: module contains 5 printf-encoded verification operation(s), which are deprecated and will be removed in the future
generators/rocket-chip-inclusive-cache/design/craft/inclusivecache/src/Directory.scala:86:10: note: example printf here, will just be a printf in the future
generators/rocket-chip-inclusive-cache/design/craft/inclusivecache/src/Directory.scala:56:7: note: For more information, see https://github.com/llvm/circt/issues/6970
generators/rocket-chip-inclusive-cache/design/craft/inclusivecache/src/ListBuffer.scala:36:7: warning: module contains 1 printf-encoded verification operation(s), which are deprecated and will be removed in the future
generators/rocket-chip-inclusive-cache/design/craft/inclusivecache/src/ListBuffer.scala:86:10: note: example printf here, will just be a printf in the future
generators/rocket-chip-inclusive-cache/design/craft/inclusivecache/src/ListBuffer.scala:36:7: note: For more information, see https://github.com/llvm/circt/issues/6970
generators/rocket-chip-inclusive-cache/design/craft/inclusivecache/src/MSHR.scala:84:7: warning: module contains 70 printf-encoded verification operation(s), which are deprecated and will be removed in the future
generators/rocket-chip-inclusive-cache/design/craft/inclusivecache/src/MSHR.scala:105:14: note: example printf here, will just be a printf in the future
generators/rocket-chip-inclusive-cache/design/craft/inclusivecache/src/MSHR.scala:84:7: note: For more information, see https://github.com/llvm/circt/issues/6970
generators/rocket-chip-inclusive-cache/design/craft/inclusivecache/src/MSHR.scala:84:7: warning: module contains 70 printf-encoded verification operation(s), which are deprecated and will be removed in the future
generators/rocket-chip-inclusive-cache/design/craft/inclusivecache/src/MSHR.scala:105:14: note: example printf here, will just be a printf in the future
generators/rocket-chip-inclusive-cache/design/craft/inclusivecache/src/MSHR.scala:84:7: note: For more information, see https://github.com/llvm/circt/issues/6970
generators/rocket-chip-inclusive-cache/design/craft/inclusivecache/src/MSHR.scala:84:7: warning: module contains 70 printf-encoded verification operation(s), which are deprecated and will be removed in the future
generators/rocket-chip-inclusive-cache/design/craft/inclusivecache/src/MSHR.scala:105:14: note: example printf here, will just be a printf in the future
generators/rocket-chip-inclusive-cache/design/craft/inclusivecache/src/MSHR.scala:84:7: note: For more information, see https://github.com/llvm/circt/issues/6970
generators/rocket-chip-inclusive-cache/design/craft/inclusivecache/src/MSHR.scala:84:7: warning: module contains 70 printf-encoded verification operation(s), which are deprecated and will be removed in the future
generators/rocket-chip-inclusive-cache/design/craft/inclusivecache/src/MSHR.scala:105:14: note: example printf here, will just be a printf in the future
generators/rocket-chip-inclusive-cache/design/craft/inclusivecache/src/MSHR.scala:84:7: note: For more information, see https://github.com/llvm/circt/issues/6970
generators/rocket-chip-inclusive-cache/design/craft/inclusivecache/src/MSHR.scala:84:7: warning: module contains 70 printf-encoded verification operation(s), which are deprecated and will be removed in the future
generators/rocket-chip-inclusive-cache/design/craft/inclusivecache/src/MSHR.scala:105:14: note: example printf here, will just be a printf in the future
generators/rocket-chip-inclusive-cache/design/craft/inclusivecache/src/MSHR.scala:84:7: note: For more information, see https://github.com/llvm/circt/issues/6970
generators/rocket-chip-inclusive-cache/design/craft/inclusivecache/src/MSHR.scala:84:7: warning: module contains 70 printf-encoded verification operation(s), which are deprecated and will be removed in the future
generators/rocket-chip-inclusive-cache/design/craft/inclusivecache/src/MSHR.scala:105:14: note: example printf here, will just be a printf in the future
generators/rocket-chip-inclusive-cache/design/craft/inclusivecache/src/MSHR.scala:84:7: note: For more information, see https://github.com/llvm/circt/issues/6970
generators/rocket-chip-inclusive-cache/design/craft/inclusivecache/src/MSHR.scala:84:7: warning: module contains 70 printf-encoded verification operation(s), which are deprecated and will be removed in the future
generators/rocket-chip-inclusive-cache/design/craft/inclusivecache/src/MSHR.scala:105:14: note: example printf here, will just be a printf in the future
generators/rocket-chip-inclusive-cache/design/craft/inclusivecache/src/MSHR.scala:84:7: note: For more information, see https://github.com/llvm/circt/issues/6970
generators/rocket-chip-inclusive-cache/design/craft/inclusivecache/src/Scheduler.scala:27:7: warning: module contains 3 printf-encoded verification operation(s), which are deprecated and will be removed in the future
generators/rocket-chip-inclusive-cache/design/craft/inclusivecache/src/Scheduler.scala:291:12: note: example printf here, will just be a printf in the future
generators/rocket-chip-inclusive-cache/design/craft/inclusivecache/src/Scheduler.scala:27:7: note: For more information, see https://github.com/llvm/circt/issues/6970
generators/rocket-chip/src/main/scala/tilelink/Monitor.scala:36:7: warning: module contains 210 printf-encoded verification operation(s), which are deprecated and will be removed in the future
generators/rocket-chip/src/main/scala/tilelink/Monitor.scala:45:11: note: example printf here, will just be a printf in the future
generators/rocket-chip/src/main/scala/tilelink/Monitor.scala:36:7: note: For more information, see https://github.com/llvm/circt/issues/6970
generators/rocket-chip/src/main/scala/tilelink/Monitor.scala:36:7: warning: module contains 210 printf-encoded verification operation(s), which are deprecated and will be removed in the future
generators/rocket-chip/src/main/scala/tilelink/Monitor.scala:45:11: note: example printf here, will just be a printf in the future
generators/rocket-chip/src/main/scala/tilelink/Monitor.scala:36:7: note: For more information, see https://github.com/llvm/circt/issues/6970
generators/rocket-chip/src/main/scala/util/IDPool.scala:8:7: warning: module contains 3 printf-encoded verification operation(s), which are deprecated and will be removed in the future
generators/rocket-chip/src/main/scala/util/IDPool.scala:44:10: note: example printf here, will just be a printf in the future
generators/rocket-chip/src/main/scala/util/IDPool.scala:8:7: note: For more information, see https://github.com/llvm/circt/issues/6970
generators/rocket-chip/src/main/scala/tilelink/CacheCork.scala:42:9: warning: module contains 6 printf-encoded verification operation(s), which are deprecated and will be removed in the future
generators/rocket-chip/src/main/scala/tilelink/CacheCork.scala:116:16: note: example printf here, will just be a printf in the future
generators/rocket-chip/src/main/scala/tilelink/CacheCork.scala:42:9: note: For more information, see https://github.com/llvm/circt/issues/6970
generators/rocket-chip/src/main/scala/tilelink/Monitor.scala:36:7: warning: module contains 114 printf-encoded verification operation(s), which are deprecated and will be removed in the future
generators/rocket-chip/src/main/scala/tilelink/Monitor.scala:45:11: note: example printf here, will just be a printf in the future
generators/rocket-chip/src/main/scala/tilelink/Monitor.scala:36:7: note: For more information, see https://github.com/llvm/circt/issues/6970
generators/rocket-chip/src/main/scala/tilelink/Monitor.scala:36:7: warning: module contains 210 printf-encoded verification operation(s), which are deprecated and will be removed in the future
generators/rocket-chip/src/main/scala/tilelink/Monitor.scala:45:11: note: example printf here, will just be a printf in the future
generators/rocket-chip/src/main/scala/tilelink/Monitor.scala:36:7: note: For more information, see https://github.com/llvm/circt/issues/6970
generators/rocket-chip/src/main/scala/tilelink/Monitor.scala:36:7: warning: module contains 114 printf-encoded verification operation(s), which are deprecated and will be removed in the future
generators/rocket-chip/src/main/scala/tilelink/Monitor.scala:45:11: note: example printf here, will just be a printf in the future
generators/rocket-chip/src/main/scala/tilelink/Monitor.scala:36:7: note: For more information, see https://github.com/llvm/circt/issues/6970
generators/rocket-chip/src/main/scala/tilelink/Xbar.scala:74:9: warning: module contains 3 printf-encoded verification operation(s), which are deprecated and will be removed in the future
generators/rocket-chip/src/main/scala/tilelink/Arbiter.scala:22:12: note: example printf here, will just be a printf in the future
generators/rocket-chip/src/main/scala/tilelink/Xbar.scala:74:9: note: For more information, see https://github.com/llvm/circt/issues/6970
generators/rocket-chip/src/main/scala/rocket/TLB.scala:318:7: warning: module contains 1 printf-encoded verification operation(s), which are deprecated and will be removed in the future
generators/rocket-chip/src/main/scala/rocket/TLB.scala:719:13: note: example printf here, will just be a printf in the future
generators/rocket-chip/src/main/scala/rocket/TLB.scala:318:7: note: For more information, see https://github.com/llvm/circt/issues/6970
generators/rocket-chip/src/main/scala/rocket/DCache.scala:120:32: warning: module contains 1 printf-encoded verification operation(s), which are deprecated and will be removed in the future
generators/rocket-chip/src/main/scala/rocket/TLB.scala:719:13: note: example printf here, will just be a printf in the future
generators/rocket-chip/src/main/scala/rocket/DCache.scala:120:32: note: For more information, see https://github.com/llvm/circt/issues/6970
generators/rocket-chip/src/main/scala/rocket/DCache.scala:101:7: warning: module contains 10 printf-encoded verification operation(s), which are deprecated and will be removed in the future
generators/rocket-chip/src/main/scala/rocket/DCache.scala:1186:11: note: example printf here, will just be a printf in the future
generators/rocket-chip/src/main/scala/rocket/DCache.scala:101:7: note: For more information, see https://github.com/llvm/circt/issues/6970
generators/rocket-chip/src/main/scala/rocket/ICache.scala:251:7: warning: module contains 3 printf-encoded verification operation(s), which are deprecated and will be removed in the future
generators/rocket-chip/src/main/scala/rocket/ICache.scala:413:11: note: example printf here, will just be a printf in the future
generators/rocket-chip/src/main/scala/rocket/ICache.scala:251:7: note: For more information, see https://github.com/llvm/circt/issues/6970
generators/rocket-chip/src/main/scala/rocket/TLB.scala:318:7: warning: module contains 1 printf-encoded verification operation(s), which are deprecated and will be removed in the future
generators/rocket-chip/src/main/scala/rocket/TLB.scala:719:13: note: example printf here, will just be a printf in the future
generators/rocket-chip/src/main/scala/rocket/TLB.scala:318:7: note: For more information, see https://github.com/llvm/circt/issues/6970
generators/rocket-chip/src/main/scala/rocket/Frontend.scala:82:7: warning: module contains 3 printf-encoded verification operation(s), which are deprecated and will be removed in the future
generators/rocket-chip/src/main/scala/rocket/Frontend.scala:96:9: note: example printf here, will just be a printf in the future
generators/rocket-chip/src/main/scala/rocket/Frontend.scala:82:7: note: For more information, see https://github.com/llvm/circt/issues/6970
generators/rocket-chip/src/main/scala/tile/FPU.scala:735:7: warning: module contains 3 printf-encoded verification operation(s), which are deprecated and will be removed in the future
generators/rocket-chip/src/main/scala/tile/FPU.scala:822:11: note: example printf here, will just be a printf in the future
generators/rocket-chip/src/main/scala/tile/FPU.scala:735:7: note: For more information, see https://github.com/llvm/circt/issues/6970
generators/rocket-chip/src/main/scala/rocket/PTW.scala:219:7: warning: module contains 5 printf-encoded verification operation(s), which are deprecated and will be removed in the future
generators/rocket-chip/src/main/scala/rocket/PTW.scala:395:9: note: example printf here, will just be a printf in the future
generators/rocket-chip/src/main/scala/rocket/PTW.scala:219:7: note: For more information, see https://github.com/llvm/circt/issues/6970
generators/rocket-chip/src/main/scala/rocket/IBuf.scala:21:7: warning: module contains 1 printf-encoded verification operation(s), which are deprecated and will be removed in the future
generators/rocket-chip/src/main/scala/rocket/IBuf.scala:79:9: note: example printf here, will just be a printf in the future
generators/rocket-chip/src/main/scala/rocket/IBuf.scala:21:7: note: For more information, see https://github.com/llvm/circt/issues/6970
generators/rocket-chip/src/main/scala/rocket/CSR.scala:377:7: warning: module contains 3 printf-encoded verification operation(s), which are deprecated and will be removed in the future
generators/rocket-chip/src/main/scala/rocket/CSR.scala:1021:9: note: example printf here, will just be a printf in the future
generators/rocket-chip/src/main/scala/rocket/CSR.scala:377:7: note: For more information, see https://github.com/llvm/circt/issues/6970
generators/rocket-chip/src/main/scala/util/PlusArg.scala:58:7: warning: module contains 1 printf-encoded verification operation(s), which are deprecated and will be removed in the future
generators/rocket-chip/src/main/scala/util/PlusArg.scala:64:12: note: example printf here, will just be a printf in the future
generators/rocket-chip/src/main/scala/util/PlusArg.scala:58:7: note: For more information, see https://github.com/llvm/circt/issues/6970
generators/rocket-chip/src/main/scala/rocket/RocketCore.scala:153:7: warning: module contains 1 printf-encoded verification operation(s), which are deprecated and will be removed in the future
generators/rocket-chip/src/main/scala/rocket/RocketCore.scala:855:11: note: example printf here, will just be a printf in the future
generators/rocket-chip/src/main/scala/rocket/RocketCore.scala:153:7: note: For more information, see https://github.com/llvm/circt/issues/6970
generators/rocket-chip/src/main/scala/tilelink/Monitor.scala:36:7: warning: module contains 210 printf-encoded verification operation(s), which are deprecated and will be removed in the future
generators/rocket-chip/src/main/scala/tilelink/Monitor.scala:45:11: note: example printf here, will just be a printf in the future
generators/rocket-chip/src/main/scala/tilelink/Monitor.scala:36:7: note: For more information, see https://github.com/llvm/circt/issues/6970
generators/rocket-chip/src/main/scala/tilelink/Monitor.scala:36:7: warning: module contains 210 printf-encoded verification operation(s), which are deprecated and will be removed in the future
generators/rocket-chip/src/main/scala/tilelink/Monitor.scala:45:11: note: example printf here, will just be a printf in the future
generators/rocket-chip/src/main/scala/tilelink/Monitor.scala:36:7: note: For more information, see https://github.com/llvm/circt/issues/6970
generators/rocket-chip/src/main/scala/tilelink/Monitor.scala:36:7: warning: module contains 114 printf-encoded verification operation(s), which are deprecated and will be removed in the future
generators/rocket-chip/src/main/scala/tilelink/Monitor.scala:45:11: note: example printf here, will just be a printf in the future
generators/rocket-chip/src/main/scala/tilelink/Monitor.scala:36:7: note: For more information, see https://github.com/llvm/circt/issues/6970
generators/rocket-chip/src/main/scala/tilelink/Xbar.scala:74:9: warning: module contains 3 printf-encoded verification operation(s), which are deprecated and will be removed in the future
generators/rocket-chip/src/main/scala/tilelink/Arbiter.scala:22:12: note: example printf here, will just be a printf in the future
generators/rocket-chip/src/main/scala/tilelink/Xbar.scala:74:9: note: For more information, see https://github.com/llvm/circt/issues/6970
generators/rocket-chip/src/main/scala/rocket/TLB.scala:318:7: warning: module contains 1 printf-encoded verification operation(s), which are deprecated and will be removed in the future
generators/rocket-chip/src/main/scala/rocket/TLB.scala:719:13: note: example printf here, will just be a printf in the future
generators/rocket-chip/src/main/scala/rocket/TLB.scala:318:7: note: For more information, see https://github.com/llvm/circt/issues/6970
generators/rocket-chip/src/main/scala/rocket/DCache.scala:120:32: warning: module contains 1 printf-encoded verification operation(s), which are deprecated and will be removed in the future
generators/rocket-chip/src/main/scala/rocket/TLB.scala:719:13: note: example printf here, will just be a printf in the future
generators/rocket-chip/src/main/scala/rocket/DCache.scala:120:32: note: For more information, see https://github.com/llvm/circt/issues/6970
generators/rocket-chip/src/main/scala/rocket/DCache.scala:101:7: warning: module contains 10 printf-encoded verification operation(s), which are deprecated and will be removed in the future
generators/rocket-chip/src/main/scala/rocket/DCache.scala:1186:11: note: example printf here, will just be a printf in the future
generators/rocket-chip/src/main/scala/rocket/DCache.scala:101:7: note: For more information, see https://github.com/llvm/circt/issues/6970
generators/rocket-chip/src/main/scala/rocket/ICache.scala:251:7: warning: module contains 3 printf-encoded verification operation(s), which are deprecated and will be removed in the future
generators/rocket-chip/src/main/scala/rocket/ICache.scala:413:11: note: example printf here, will just be a printf in the future
generators/rocket-chip/src/main/scala/rocket/ICache.scala:251:7: note: For more information, see https://github.com/llvm/circt/issues/6970
generators/rocket-chip/src/main/scala/rocket/TLB.scala:318:7: warning: module contains 1 printf-encoded verification operation(s), which are deprecated and will be removed in the future
generators/rocket-chip/src/main/scala/rocket/TLB.scala:719:13: note: example printf here, will just be a printf in the future
generators/rocket-chip/src/main/scala/rocket/TLB.scala:318:7: note: For more information, see https://github.com/llvm/circt/issues/6970
generators/rocket-chip/src/main/scala/rocket/Frontend.scala:82:7: warning: module contains 3 printf-encoded verification operation(s), which are deprecated and will be removed in the future
generators/rocket-chip/src/main/scala/rocket/Frontend.scala:96:9: note: example printf here, will just be a printf in the future
generators/rocket-chip/src/main/scala/rocket/Frontend.scala:82:7: note: For more information, see https://github.com/llvm/circt/issues/6970
generators/rocket-chip/src/main/scala/tile/FPU.scala:735:7: warning: module contains 3 printf-encoded verification operation(s), which are deprecated and will be removed in the future
generators/rocket-chip/src/main/scala/tile/FPU.scala:822:11: note: example printf here, will just be a printf in the future
generators/rocket-chip/src/main/scala/tile/FPU.scala:735:7: note: For more information, see https://github.com/llvm/circt/issues/6970
generators/rocket-chip/src/main/scala/rocket/PTW.scala:219:7: warning: module contains 5 printf-encoded verification operation(s), which are deprecated and will be removed in the future
generators/rocket-chip/src/main/scala/rocket/PTW.scala:395:9: note: example printf here, will just be a printf in the future
generators/rocket-chip/src/main/scala/rocket/PTW.scala:219:7: note: For more information, see https://github.com/llvm/circt/issues/6970
generators/rocket-chip/src/main/scala/rocket/IBuf.scala:21:7: warning: module contains 1 printf-encoded verification operation(s), which are deprecated and will be removed in the future
generators/rocket-chip/src/main/scala/rocket/IBuf.scala:79:9: note: example printf here, will just be a printf in the future
generators/rocket-chip/src/main/scala/rocket/IBuf.scala:21:7: note: For more information, see https://github.com/llvm/circt/issues/6970
generators/rocket-chip/src/main/scala/rocket/CSR.scala:377:7: warning: module contains 3 printf-encoded verification operation(s), which are deprecated and will be removed in the future
generators/rocket-chip/src/main/scala/rocket/CSR.scala:1021:9: note: example printf here, will just be a printf in the future
generators/rocket-chip/src/main/scala/rocket/CSR.scala:377:7: note: For more information, see https://github.com/llvm/circt/issues/6970
generators/rocket-chip/src/main/scala/util/PlusArg.scala:58:7: warning: module contains 1 printf-encoded verification operation(s), which are deprecated and will be removed in the future
generators/rocket-chip/src/main/scala/util/PlusArg.scala:64:12: note: example printf here, will just be a printf in the future
generators/rocket-chip/src/main/scala/util/PlusArg.scala:58:7: note: For more information, see https://github.com/llvm/circt/issues/6970
generators/rocket-chip/src/main/scala/rocket/RocketCore.scala:153:7: warning: module contains 1 printf-encoded verification operation(s), which are deprecated and will be removed in the future
generators/rocket-chip/src/main/scala/rocket/RocketCore.scala:855:11: note: example printf here, will just be a printf in the future
generators/rocket-chip/src/main/scala/rocket/RocketCore.scala:153:7: note: For more information, see https://github.com/llvm/circt/issues/6970
generators/rocket-chip/src/main/scala/tilelink/Monitor.scala:36:7: warning: module contains 210 printf-encoded verification operation(s), which are deprecated and will be removed in the future
generators/rocket-chip/src/main/scala/tilelink/Monitor.scala:45:11: note: example printf here, will just be a printf in the future
generators/rocket-chip/src/main/scala/tilelink/Monitor.scala:36:7: note: For more information, see https://github.com/llvm/circt/issues/6970
generators/rocket-chip/src/main/scala/tilelink/Monitor.scala:36:7: warning: module contains 112 printf-encoded verification operation(s), which are deprecated and will be removed in the future
generators/rocket-chip/src/main/scala/tilelink/Monitor.scala:45:11: note: example printf here, will just be a printf in the future
generators/rocket-chip/src/main/scala/tilelink/Monitor.scala:36:7: note: For more information, see https://github.com/llvm/circt/issues/6970
generators/rocket-chip/src/main/scala/tilelink/Monitor.scala:36:7: warning: module contains 114 printf-encoded verification operation(s), which are deprecated and will be removed in the future
generators/rocket-chip/src/main/scala/tilelink/Monitor.scala:45:11: note: example printf here, will just be a printf in the future
generators/rocket-chip/src/main/scala/tilelink/Monitor.scala:36:7: note: For more information, see https://github.com/llvm/circt/issues/6970
generators/rocket-chip/src/main/scala/devices/tilelink/Plic.scala:132:9: warning: module contains 6 printf-encoded verification operation(s), which are deprecated and will be removed in the future
generators/rocket-chip/src/main/scala/devices/tilelink/Plic.scala:251:11: note: example printf here, will just be a printf in the future
generators/rocket-chip/src/main/scala/devices/tilelink/Plic.scala:132:9: note: For more information, see https://github.com/llvm/circt/issues/6970
generators/rocket-chip/src/main/scala/tilelink/Monitor.scala:36:7: warning: module contains 112 printf-encoded verification operation(s), which are deprecated and will be removed in the future
generators/rocket-chip/src/main/scala/tilelink/Monitor.scala:45:11: note: example printf here, will just be a printf in the future
generators/rocket-chip/src/main/scala/tilelink/Monitor.scala:36:7: note: For more information, see https://github.com/llvm/circt/issues/6970
generators/rocket-chip/src/main/scala/tilelink/Xbar.scala:74:9: warning: module contains 3 printf-encoded verification operation(s), which are deprecated and will be removed in the future
generators/rocket-chip/src/main/scala/tilelink/Arbiter.scala:22:12: note: example printf here, will just be a printf in the future
generators/rocket-chip/src/main/scala/tilelink/Xbar.scala:74:9: note: For more information, see https://github.com/llvm/circt/issues/6970
generators/rocket-chip/src/main/scala/tilelink/Monitor.scala:36:7: warning: module contains 112 printf-encoded verification operation(s), which are deprecated and will be removed in the future
generators/rocket-chip/src/main/scala/tilelink/Monitor.scala:45:11: note: example printf here, will just be a printf in the future
generators/rocket-chip/src/main/scala/tilelink/Monitor.scala:36:7: note: For more information, see https://github.com/llvm/circt/issues/6970
generators/rocket-chip/src/main/scala/tilelink/Monitor.scala:36:7: warning: module contains 112 printf-encoded verification operation(s), which are deprecated and will be removed in the future
generators/rocket-chip/src/main/scala/tilelink/Monitor.scala:45:11: note: example printf here, will just be a printf in the future
generators/rocket-chip/src/main/scala/tilelink/Monitor.scala:36:7: note: For more information, see https://github.com/llvm/circt/issues/6970
generators/rocket-chip/src/main/scala/tilelink/Monitor.scala:36:7: warning: module contains 112 printf-encoded verification operation(s), which are deprecated and will be removed in the future
generators/rocket-chip/src/main/scala/tilelink/Monitor.scala:45:11: note: example printf here, will just be a printf in the future
generators/rocket-chip/src/main/scala/tilelink/Monitor.scala:36:7: note: For more information, see https://github.com/llvm/circt/issues/6970
generators/rocket-chip/src/main/scala/devices/tilelink/Error.scala:21:9: warning: module contains 3 printf-encoded verification operation(s), which are deprecated and will be removed in the future
generators/rocket-chip/src/main/scala/devices/tilelink/Error.scala:34:12: note: example printf here, will just be a printf in the future
generators/rocket-chip/src/main/scala/devices/tilelink/Error.scala:21:9: note: For more information, see https://github.com/llvm/circt/issues/6970
generators/rocket-chip/src/main/scala/tilelink/Monitor.scala:36:7: warning: module contains 114 printf-encoded verification operation(s), which are deprecated and will be removed in the future
generators/rocket-chip/src/main/scala/tilelink/Monitor.scala:45:11: note: example printf here, will just be a printf in the future
generators/rocket-chip/src/main/scala/tilelink/Monitor.scala:36:7: note: For more information, see https://github.com/llvm/circt/issues/6970
generators/rocket-chip/src/main/scala/devices/debug/SBA.scala:273:9: warning: module contains 1 printf-encoded verification operation(s), which are deprecated and will be removed in the future
generators/rocket-chip/src/main/scala/devices/debug/SBA.scala:373:12: note: example printf here, will just be a printf in the future
generators/rocket-chip/src/main/scala/devices/debug/SBA.scala:273:9: note: For more information, see https://github.com/llvm/circt/issues/6970
generators/rocket-chip/src/main/scala/tilelink/Monitor.scala:36:7: warning: module contains 112 printf-encoded verification operation(s), which are deprecated and will be removed in the future
generators/rocket-chip/src/main/scala/tilelink/Monitor.scala:45:11: note: example printf here, will just be a printf in the future
generators/rocket-chip/src/main/scala/tilelink/Monitor.scala:36:7: note: For more information, see https://github.com/llvm/circt/issues/6970
generators/rocket-chip/src/main/scala/tilelink/Monitor.scala:36:7: warning: module contains 112 printf-encoded verification operation(s), which are deprecated and will be removed in the future
generators/rocket-chip/src/main/scala/tilelink/Monitor.scala:45:11: note: example printf here, will just be a printf in the future
generators/rocket-chip/src/main/scala/tilelink/Monitor.scala:36:7: note: For more information, see https://github.com/llvm/circt/issues/6970
generators/rocket-chip/src/main/scala/devices/debug/Debug.scala:790:9: warning: module contains 5 printf-encoded verification operation(s), which are deprecated and will be removed in the future
generators/rocket-chip/src/main/scala/devices/debug/Debug.scala:1506:15: note: example printf here, will just be a printf in the future
generators/rocket-chip/src/main/scala/devices/debug/Debug.scala:790:9: note: For more information, see https://github.com/llvm/circt/issues/6970
generators/rocket-chip/src/main/scala/tilelink/Monitor.scala:36:7: warning: module contains 112 printf-encoded verification operation(s), which are deprecated and will be removed in the future
generators/rocket-chip/src/main/scala/tilelink/Monitor.scala:45:11: note: example printf here, will just be a printf in the future
generators/rocket-chip/src/main/scala/tilelink/Monitor.scala:36:7: note: For more information, see https://github.com/llvm/circt/issues/6970
generators/rocket-chip/src/main/scala/tilelink/Monitor.scala:36:7: warning: module contains 114 printf-encoded verification operation(s), which are deprecated and will be removed in the future
generators/rocket-chip/src/main/scala/tilelink/Monitor.scala:45:11: note: example printf here, will just be a printf in the future
generators/rocket-chip/src/main/scala/tilelink/Monitor.scala:36:7: note: For more information, see https://github.com/llvm/circt/issues/6970
generators/rocket-chip/src/main/scala/tilelink/SRAM.scala:63:9: warning: module contains 1 printf-encoded verification operation(s), which are deprecated and will be removed in the future
generators/rocket-chip/src/main/scala/tilelink/SRAM.scala:231:12: note: example printf here, will just be a printf in the future
generators/rocket-chip/src/main/scala/tilelink/SRAM.scala:63:9: note: For more information, see https://github.com/llvm/circt/issues/6970
generators/rocket-chip/src/main/scala/tilelink/Monitor.scala:36:7: warning: module contains 114 printf-encoded verification operation(s), which are deprecated and will be removed in the future
generators/rocket-chip/src/main/scala/tilelink/Monitor.scala:45:11: note: example printf here, will just be a printf in the future
generators/rocket-chip/src/main/scala/tilelink/Monitor.scala:36:7: note: For more information, see https://github.com/llvm/circt/issues/6970
generators/rocket-chip/src/main/scala/tilelink/Fragmenter.scala:92:9: warning: module contains 3 printf-encoded verification operation(s), which are deprecated and will be removed in the future
generators/rocket-chip/src/main/scala/tilelink/Fragmenter.scala:214:16: note: example printf here, will just be a printf in the future
generators/rocket-chip/src/main/scala/tilelink/Fragmenter.scala:92:9: note: For more information, see https://github.com/llvm/circt/issues/6970
generators/rocket-chip/src/main/scala/tilelink/Monitor.scala:36:7: warning: module contains 114 printf-encoded verification operation(s), which are deprecated and will be removed in the future
generators/rocket-chip/src/main/scala/tilelink/Monitor.scala:45:11: note: example printf here, will just be a printf in the future
generators/rocket-chip/src/main/scala/tilelink/Monitor.scala:36:7: note: For more information, see https://github.com/llvm/circt/issues/6970
generators/rocket-chip/src/main/scala/tilelink/Monitor.scala:36:7: warning: module contains 112 printf-encoded verification operation(s), which are deprecated and will be removed in the future
generators/rocket-chip/src/main/scala/tilelink/Monitor.scala:45:11: note: example printf here, will just be a printf in the future
generators/rocket-chip/src/main/scala/tilelink/Monitor.scala:36:7: note: For more information, see https://github.com/llvm/circt/issues/6970
generators/rocket-chip/src/main/scala/tilelink/Monitor.scala:36:7: warning: module contains 112 printf-encoded verification operation(s), which are deprecated and will be removed in the future
generators/rocket-chip/src/main/scala/tilelink/Monitor.scala:45:11: note: example printf here, will just be a printf in the future
generators/rocket-chip/src/main/scala/tilelink/Monitor.scala:36:7: note: For more information, see https://github.com/llvm/circt/issues/6970
generators/rocket-chip/src/main/scala/tilelink/Xbar.scala:74:9: warning: module contains 3 printf-encoded verification operation(s), which are deprecated and will be removed in the future
generators/rocket-chip/src/main/scala/tilelink/Arbiter.scala:22:12: note: example printf here, will just be a printf in the future
generators/rocket-chip/src/main/scala/tilelink/Xbar.scala:74:9: note: For more information, see https://github.com/llvm/circt/issues/6970
generators/rocket-chip/src/main/scala/tilelink/Monitor.scala:36:7: warning: module contains 112 printf-encoded verification operation(s), which are deprecated and will be removed in the future
generators/rocket-chip/src/main/scala/tilelink/Monitor.scala:45:11: note: example printf here, will just be a printf in the future
generators/rocket-chip/src/main/scala/tilelink/Monitor.scala:36:7: note: For more information, see https://github.com/llvm/circt/issues/6970
generators/rocket-chip/src/main/scala/tilelink/Monitor.scala:36:7: warning: module contains 112 printf-encoded verification operation(s), which are deprecated and will be removed in the future
generators/rocket-chip/src/main/scala/tilelink/Monitor.scala:45:11: note: example printf here, will just be a printf in the future
generators/rocket-chip/src/main/scala/tilelink/Monitor.scala:36:7: note: For more information, see https://github.com/llvm/circt/issues/6970
generators/rocket-chip/src/main/scala/tilelink/Fragmenter.scala:92:9: warning: module contains 3 printf-encoded verification operation(s), which are deprecated and will be removed in the future
generators/rocket-chip/src/main/scala/tilelink/Fragmenter.scala:214:16: note: example printf here, will just be a printf in the future
generators/rocket-chip/src/main/scala/tilelink/Fragmenter.scala:92:9: note: For more information, see https://github.com/llvm/circt/issues/6970
generators/rocket-chip/src/main/scala/tilelink/Monitor.scala:36:7: warning: module contains 112 printf-encoded verification operation(s), which are deprecated and will be removed in the future
generators/rocket-chip/src/main/scala/tilelink/Monitor.scala:45:11: note: example printf here, will just be a printf in the future
generators/rocket-chip/src/main/scala/tilelink/Monitor.scala:36:7: note: For more information, see https://github.com/llvm/circt/issues/6970
generators/rocket-chip/src/main/scala/tilelink/Monitor.scala:36:7: warning: module contains 112 printf-encoded verification operation(s), which are deprecated and will be removed in the future
generators/rocket-chip/src/main/scala/tilelink/Monitor.scala:45:11: note: example printf here, will just be a printf in the future
generators/rocket-chip/src/main/scala/tilelink/Monitor.scala:36:7: note: For more information, see https://github.com/llvm/circt/issues/6970
generators/rocket-chip/src/main/scala/tilelink/Fragmenter.scala:92:9: warning: module contains 3 printf-encoded verification operation(s), which are deprecated and will be removed in the future
generators/rocket-chip/src/main/scala/tilelink/Fragmenter.scala:214:16: note: example printf here, will just be a printf in the future
generators/rocket-chip/src/main/scala/tilelink/Fragmenter.scala:92:9: note: For more information, see https://github.com/llvm/circt/issues/6970
generators/rocket-chip/src/main/scala/jtag/JtagShifter.scala:137:7: warning: module contains 1 printf-encoded verification operation(s), which are deprecated and will be removed in the future
generators/rocket-chip/src/main/scala/jtag/JtagShifter.scala:185:9: note: example printf here, will just be a printf in the future
generators/rocket-chip/src/main/scala/jtag/JtagShifter.scala:137:7: note: For more information, see https://github.com/llvm/circt/issues/6970
generators/rocket-chip/src/main/scala/jtag/JtagShifter.scala:137:7: warning: module contains 1 printf-encoded verification operation(s), which are deprecated and will be removed in the future
generators/rocket-chip/src/main/scala/jtag/JtagShifter.scala:185:9: note: example printf here, will just be a printf in the future
generators/rocket-chip/src/main/scala/jtag/JtagShifter.scala:137:7: note: For more information, see https://github.com/llvm/circt/issues/6970
generators/rocket-chip/src/main/scala/jtag/JtagShifter.scala:89:7: warning: module contains 1 printf-encoded verification operation(s), which are deprecated and will be removed in the future
generators/rocket-chip/src/main/scala/jtag/JtagShifter.scala:118:9: note: example printf here, will just be a printf in the future
generators/rocket-chip/src/main/scala/jtag/JtagShifter.scala:89:7: note: For more information, see https://github.com/llvm/circt/issues/6970
generators/rocket-chip/src/main/scala/jtag/JtagShifter.scala:137:7: warning: module contains 1 printf-encoded verification operation(s), which are deprecated and will be removed in the future
generators/rocket-chip/src/main/scala/jtag/JtagShifter.scala:185:9: note: example printf here, will just be a printf in the future
generators/rocket-chip/src/main/scala/jtag/JtagShifter.scala:137:7: note: For more information, see https://github.com/llvm/circt/issues/6970
generators/rocket-chip/src/main/scala/jtag/JtagShifter.scala:56:7: warning: module contains 1 printf-encoded verification operation(s), which are deprecated and will be removed in the future
generators/rocket-chip/src/main/scala/jtag/JtagShifter.scala:72:9: note: example printf here, will just be a printf in the future
generators/rocket-chip/src/main/scala/jtag/JtagShifter.scala:56:7: note: For more information, see https://github.com/llvm/circt/issues/6970
generators/rocket-chip/src/main/scala/devices/debug/DebugTransport.scala:73:7: warning: module contains 3 printf-encoded verification operation(s), which are deprecated and will be removed in the future
generators/rocket-chip/src/main/scala/devices/debug/DebugTransport.scala:203:9: note: example printf here, will just be a printf in the future
generators/rocket-chip/src/main/scala/devices/debug/DebugTransport.scala:73:7: note: For more information, see https://github.com/llvm/circt/issues/6970
generators/testchipip/src/main/scala/uart/SimUART.scala:26:7: warning: module contains 1 printf-encoded verification operation(s), which are deprecated and will be removed in the future
generators/testchipip/src/main/scala/uart/SimUART.scala:48:35: note: example printf here, will just be a printf in the future
generators/testchipip/src/main/scala/uart/SimUART.scala:26:7: note: For more information, see https://github.com/llvm/circt/issues/6970
generators/rocket-chip/src/main/scala/tilelink/Monitor.scala:36:7: warning: module contains 114 printf-encoded verification operation(s), which are deprecated and will be removed in the future
generators/rocket-chip/src/main/scala/tilelink/Monitor.scala:45:11: note: example printf here, will just be a printf in the future
generators/rocket-chip/src/main/scala/tilelink/Monitor.scala:36:7: note: For more information, see https://github.com/llvm/circt/issues/6970
generators/testchipip/src/main/scala/tsi/TSIToTileLink.scala:36:7: warning: module contains 1 printf-encoded verification operation(s), which are deprecated and will be removed in the future
generators/testchipip/src/main/scala/tsi/TSIToTileLink.scala:137:15: note: example printf here, will just be a printf in the future
generators/testchipip/src/main/scala/tsi/TSIToTileLink.scala:36:7: note: For more information, see https://github.com/llvm/circt/issues/6970
generators/rocket-chip/src/main/scala/tilelink/Monitor.scala:36:7: warning: module contains 114 printf-encoded verification operation(s), which are deprecated and will be removed in the future
generators/rocket-chip/src/main/scala/tilelink/Monitor.scala:45:11: note: example printf here, will just be a printf in the future
generators/rocket-chip/src/main/scala/tilelink/Monitor.scala:36:7: note: For more information, see https://github.com/llvm/circt/issues/6970
generators/chipyard/src/main/scala/harness/TestHarness.scala:19:7: warning: module contains 2 printf-encoded verification operation(s), which are deprecated and will be removed in the future
generators/rocket-chip/src/main/scala/devices/debug/Periphery.scala:236:11: note: example printf here, will just be a printf in the future
generators/chipyard/src/main/scala/harness/TestHarness.scala:19:7: note: For more information, see https://github.com/llvm/circt/issues/6970
generators/rocket-chip/src/main/scala/prci/ClockDomain.scala:14:9: warning: unprocessed annotation:'freechips.rocketchip.util.RegFieldDescMappingAnnotation' still remaining after LowerToHW
generators/rocket-chip/src/main/scala/rocket/BTB.scala:187:7: warning: unprocessed annotation:'freechips.rocketchip.util.ParamsAnnotation' still remaining after LowerToHW
generators/rocket-chip/src/main/scala/tile/FPU.scala:697:7: warning: unprocessed annotation:'freechips.rocketchip.util.RetimeModuleAnnotation' still remaining after LowerToHW
generators/chipyard/src/main/scala/DigitalTop.scala:47:7: warning: unprocessed annotation:'freechips.rocketchip.util.AddressMapAnnotation' still remaining after LowerToHW
generators/rocket-chip/src/main/scala/util/DescribedSRAM.scala:17:26: warning: unprocessed annotation:'freechips.rocketchip.util.SRAMAnnotation' still remaining after LowerToHW
===-------------------------------------------------------------------------===
                         ... Execution time report ...
===-------------------------------------------------------------------------===
  Total Execution Time: 30.6567 seconds

  ----User Time----  ----Wall Time----  ----Name----
    3.4642 (  4.1%)    3.4642 ( 11.3%)  FIR Parser
    0.1784 (  0.2%)    0.1784 (  0.6%)    Parse annotations
    0.0000 (  0.0%)    0.0000 (  0.0%)    Parse OMIR
    2.4075 (  2.8%)    2.4075 (  7.9%)    Parse modules
    0.7391 (  0.9%)    0.7391 (  2.4%)    Verify circuit
   59.8032 ( 70.0%)   18.7263 ( 61.1%)  'firrtl.circuit' Pipeline
    0.0652 (  0.1%)    0.0652 (  0.2%)    LowerOpenAggs
    0.6767 (  0.8%)    0.6767 (  2.2%)    ResolvePaths
    0.0255 (  0.0%)    0.0255 (  0.1%)      (A) circt::firrtl::InstanceGraph
    0.6337 (  0.7%)    0.6337 (  2.1%)    LowerFIRRTLAnnotations
    0.0211 (  0.0%)    0.0211 (  0.1%)    LowerIntmodules
    0.0208 (  0.0%)    0.0208 (  0.1%)      (A) circt::firrtl::InstanceGraph
    0.7869 (  0.9%)    0.0808 (  0.3%)    'firrtl.module' Pipeline
    0.7249 (  0.8%)    0.0778 (  0.3%)      LowerIntrinsics
    0.8277 (  1.0%)    0.8277 (  2.7%)    LowerSignatures
    0.0002 (  0.0%)    0.0002 (  0.0%)    InjectDUTHierarchy
   17.2932 ( 20.2%)    1.9877 (  6.5%)    'firrtl.module' Pipeline
    3.2414 (  3.8%)    0.3730 (  1.2%)      PassiveWires
    5.0673 (  5.9%)    0.6605 (  2.2%)      DropName
    5.2600 (  6.2%)    0.5952 (  1.9%)      CSE
    0.0334 (  0.0%)    0.0177 (  0.1%)        (A) DominanceInfo
    0.8308 (  1.0%)    0.1104 (  0.4%)      LowerCHIRRTLPass
    2.7906 (  3.3%)    0.3116 (  1.0%)      LowerMatches
    1.5201 (  1.8%)    1.5201 (  5.0%)    InferWidths
    0.0005 (  0.0%)    0.0005 (  0.0%)      (A) SymbolTable
    0.0327 (  0.0%)    0.0327 (  0.1%)      (A) circt::hw::InnerSymbolTableCollection
    0.5603 (  0.7%)    0.5603 (  1.8%)    MemToRegOfVec
    0.8009 (  0.9%)    0.8009 (  2.6%)    InferResets
    0.0197 (  0.0%)    0.0197 (  0.1%)      (A) circt::firrtl::InstanceGraph
    0.5983 (  0.7%)    0.5983 (  2.0%)    DropConst
    0.0095 (  0.0%)    0.0095 (  0.0%)    HoistPassthrough
    1.3557 (  1.6%)    1.3557 (  4.4%)    Dedup
    0.0012 (  0.0%)    0.0012 (  0.0%)      (A) circt::firrtl::NLATable
    0.0004 (  0.0%)    0.0004 (  0.0%)      (A) SymbolTable
    1.9375 (  2.3%)    0.2371 (  0.8%)    'firrtl.module' Pipeline
    1.9337 (  2.3%)    0.2369 (  0.8%)      FlattenMemory
    0.8614 (  1.0%)    0.8614 (  2.8%)    LowerFIRRTLTypes
    0.0001 (  0.0%)    0.0001 (  0.0%)      (A) SymbolTable
    2.8024 (  3.3%)    0.3491 (  1.1%)    'any' Pipeline
    2.7994 (  3.3%)    0.3489 (  1.1%)      ExpandWhens
    5.1146 (  6.0%)    0.6745 (  2.2%)    'firrtl.module' Pipeline
    1.2770 (  1.5%)    0.2053 (  0.7%)      SFCCompat
    1.9174 (  2.2%)    0.2430 (  0.8%)      LayerMerge
    1.9128 (  2.2%)    0.2258 (  0.7%)      LayerSink
    0.0033 (  0.0%)    0.0007 (  0.0%)        (A) DominanceInfo
    0.6150 (  0.7%)    0.6150 (  2.0%)    LowerLayers
    1.1702 (  1.4%)    1.1702 (  3.8%)    Inliner
    0.0001 (  0.0%)    0.0001 (  0.0%)      (A) SymbolTable
    2.1088 (  2.5%)    0.2716 (  0.9%)    'firrtl.module' Pipeline
    2.1058 (  2.5%)    0.2713 (  0.9%)      RandomizeRegisterInit
    0.9439 (  1.1%)    0.9439 (  3.1%)    CheckCombLoops
    0.0147 (  0.0%)    0.0147 (  0.0%)      (A) circt::firrtl::InstanceGraph
   11.0335 ( 12.9%)    1.4627 (  4.8%)    'firrtl.module' Pipeline
   10.1764 ( 11.9%)    1.3238 (  4.3%)      Canonicalizer
    0.8510 (  1.0%)    0.1384 (  0.5%)      InferReadWrite
    0.2853 (  0.3%)    0.2853 (  0.9%)    LowerMemory
    0.0089 (  0.0%)    0.0089 (  0.0%)      (A) circt::firrtl::InstanceGraph
    0.0002 (  0.0%)    0.0002 (  0.0%)      (A) SymbolTable
    0.2811 (  0.3%)    0.2811 (  0.9%)    PrefixModules
    0.0089 (  0.0%)    0.0089 (  0.0%)      (A) circt::firrtl::InstanceGraph
    0.0005 (  0.0%)    0.0005 (  0.0%)      (A) circt::firrtl::NLATable
    1.0840 (  1.3%)    1.0840 (  3.5%)    IMConstProp
    0.0136 (  0.0%)    0.0136 (  0.0%)    HoistPassthrough
    0.0082 (  0.0%)    0.0082 (  0.0%)      (A) circt::firrtl::InstanceGraph
    0.9500 (  1.1%)    0.9500 (  3.1%)  IMDeadCodeElim
    0.0095 (  0.0%)    0.0095 (  0.0%)    (A) circt::firrtl::InstanceGraph
    0.0002 (  0.0%)    0.0002 (  0.0%)    (A) SymbolTable
    0.0139 (  0.0%)    0.0139 (  0.0%)    (A) circt::hw::InnerSymbolTableCollection
    0.0090 (  0.0%)    0.0090 (  0.0%)  'firrtl.circuit' Pipeline
    0.0090 (  0.0%)    0.0090 (  0.0%)    AddSeqMemPorts
    0.0080 (  0.0%)    0.0080 (  0.0%)      (A) circt::firrtl::InstanceGraph
    0.1708 (  0.2%)    0.1708 (  0.6%)  CreateSiFiveMetadata
    0.0081 (  0.0%)    0.0081 (  0.0%)    (A) circt::firrtl::InstanceGraph
    0.6181 (  0.7%)    0.6181 (  2.0%)  'firrtl.circuit' Pipeline
    0.0286 (  0.0%)    0.0286 (  0.1%)    ExtractInstances
    0.0057 (  0.0%)    0.0057 (  0.0%)      (A) circt::firrtl::InstanceGraph
    0.0005 (  0.0%)    0.0005 (  0.0%)      (A) circt::firrtl::NLATable
    0.0004 (  0.0%)    0.0004 (  0.0%)    GrandCentral
    0.1389 (  0.2%)    0.1389 (  0.5%)    BlackBoxReader
    0.4500 (  0.5%)    0.4500 (  1.5%)    SymbolDCE
    0.3799 (  0.4%)    0.3799 (  1.2%)  InnerSymbolDCE
    3.1453 (  3.7%)    0.9475 (  3.1%)  'firrtl.circuit' Pipeline
    2.1978 (  2.6%)    0.2269 (  0.7%)    'firrtl.module' Pipeline
    1.7192 (  2.0%)    0.1937 (  0.6%)      Canonicalizer
    0.4714 (  0.6%)    0.0606 (  0.2%)      RegisterOptimizer
    0.6586 (  0.8%)    0.6586 (  2.1%)    IMConstProp
    0.0050 (  0.0%)    0.0050 (  0.0%)      (A) circt::firrtl::InstanceGraph
    0.6871 (  0.8%)    0.6871 (  2.2%)  IMDeadCodeElim
    0.0049 (  0.0%)    0.0049 (  0.0%)    (A) circt::firrtl::InstanceGraph
    0.0001 (  0.0%)    0.0001 (  0.0%)    (A) SymbolTable
    0.0082 (  0.0%)    0.0082 (  0.0%)    (A) circt::hw::InnerSymbolTableCollection
    2.1737 (  2.5%)    0.8504 (  2.8%)  'firrtl.circuit' Pipeline
    0.0001 (  0.0%)    0.0001 (  0.0%)    EmitOMIR
    1.2629 (  1.5%)    0.1357 (  0.4%)    'firrtl.module' Pipeline
    0.0459 (  0.1%)    0.0063 (  0.0%)      MergeConnections
    1.2106 (  1.4%)    0.1313 (  0.4%)      Vectorization
    0.0392 (  0.0%)    0.0392 (  0.1%)    ResolveTraces
    0.0002 (  0.0%)    0.0002 (  0.0%)      (A) circt::firrtl::NLATable
    0.0081 (  0.0%)    0.0081 (  0.0%)      (A) circt::hw::InnerSymbolTableCollection
    0.1826 (  0.2%)    0.1826 (  0.6%)    LowerXMR
    0.0053 (  0.0%)    0.0053 (  0.0%)      (A) circt::firrtl::InstanceGraph
    0.3576 (  0.4%)    0.3576 (  1.2%)    LowerClasses
    0.0047 (  0.0%)    0.0047 (  0.0%)      (A) circt::firrtl::InstanceGraph
    0.0001 (  0.0%)    0.0001 (  0.0%)      (A) SymbolTable
    0.0034 (  0.0%)    0.0034 (  0.0%)    VerifyObjectFields
    0.0002 (  0.0%)    0.0002 (  0.0%)      (A) SymbolTable
    0.0604 (  0.1%)    0.0066 (  0.0%)    'firrtl.module' Pipeline
    0.0354 (  0.0%)    0.0044 (  0.0%)      Lint
    0.6601 (  0.8%)    0.6601 (  2.2%)  LowerFIRRTLToHW
    0.0050 (  0.0%)    0.0050 (  0.0%)    (A) circt::firrtl::InstanceGraph
    0.0004 (  0.0%)    0.0004 (  0.0%)    (A) circt::firrtl::NLATable
    4.0809 (  4.8%)    0.4260 (  1.4%)  'hw.module' Pipeline
    0.9869 (  1.2%)    0.1315 (  0.4%)    CSE
    0.0025 (  0.0%)    0.0005 (  0.0%)      (A) DominanceInfo
    3.0889 (  3.6%)    0.3398 (  1.1%)    Canonicalizer
    0.0105 (  0.0%)    0.0105 (  0.0%)  VerifyInnerRefNamespace
    0.0008 (  0.0%)    0.0008 (  0.0%)  VerifyObjectFields
    0.0002 (  0.0%)    0.0002 (  0.0%)    (A) SymbolTable
    0.0125 (  0.0%)    0.0125 (  0.0%)  ExternalizeClockGate
    0.1001 (  0.1%)    0.1001 (  0.3%)  LowerSimToSV
    0.4689 (  0.5%)    0.4689 (  1.5%)  LowerSeqToSV
    0.5733 (  0.7%)    0.0589 (  0.2%)  'hw.module' Pipeline
    0.5684 (  0.7%)    0.0585 (  0.2%)    LowerVerifToSV
    0.1219 (  0.1%)    0.1219 (  0.4%)  HWMemSimImpl
    2.9136 (  3.4%)    0.3074 (  1.0%)  'hw.module' Pipeline
    0.9119 (  1.1%)    0.1065 (  0.3%)    CSE
    0.0031 (  0.0%)    0.0007 (  0.0%)      (A) DominanceInfo
    1.1754 (  1.4%)    0.1284 (  0.4%)    Canonicalizer
    0.5155 (  0.6%)    0.0669 (  0.2%)    CSE
    0.0026 (  0.0%)    0.0010 (  0.0%)      (A) DominanceInfo
    0.3008 (  0.4%)    0.0353 (  0.1%)    HWCleanup
    0.0113 (  0.0%)    0.0113 (  0.0%)  VerifyInnerRefNamespace
    0.0011 (  0.0%)    0.0011 (  0.0%)  VerifyObjectFields
    0.0002 (  0.0%)    0.0002 (  0.0%)    (A) SymbolTable
    0.6657 (  0.8%)    0.0703 (  0.2%)  'hw.module' Pipeline
    0.0394 (  0.0%)    0.0047 (  0.0%)    HWLegalizeModules
    0.6208 (  0.7%)    0.0664 (  0.2%)    PrettifyVerilog
    0.1280 (  0.1%)    0.1280 (  0.4%)  StripDebugInfoWithPred
    0.0940 (  0.1%)    0.0940 (  0.3%)  HWExportModuleHierarchy
    0.0002 (  0.0%)    0.0002 (  0.0%)    (A) SymbolTable
    0.0126 (  0.0%)    0.0126 (  0.0%)  VerifyInnerRefNamespace
    0.0006 (  0.0%)    0.0006 (  0.0%)  VerifyObjectFields
    0.9907 (  1.2%)    0.9907 (  3.2%)  ExportSplitVerilog
    2.3510 (  2.8%)    0.4165 (  1.4%)  'builtin.module' Pipeline
    0.1339 (  0.2%)    0.1339 (  0.4%)    HWLowerInstanceChoices
    1.9346 (  2.3%)    0.1973 (  0.6%)    'hw.module' Pipeline
    1.9313 (  2.3%)    0.1970 (  0.6%)      PrepareForEmission
   -0.3137 ( -0.4%)   -0.3137 ( -1.0%)  Rest
   85.4226 (100.0%)   30.6567 (100.0%)  Total
sed -i 's/.*/& /' /work/chipyard/sims/verilator/generated-src/chipyard.harness.TestHarness.Baseline2CoreConfig/chipyard.harness.TestHarness.Baseline2CoreConfig.mems.conf # need trailing space for SFC macrocompiler
touch /work/chipyard/sims/verilator/generated-src/chipyard.harness.TestHarness.Baseline2CoreConfig/gen-collateral/firrtl_black_box_resource_files.f # if there are no BB's then the file might not be generated, instead always generate it
/work/chipyard/scripts/uniquify-module-names.py \
	--model-hier-json /work/chipyard/sims/verilator/generated-src/chipyard.harness.TestHarness.Baseline2CoreConfig/model_module_hierarchy.json \
	--top-hier-json /work/chipyard/sims/verilator/generated-src/chipyard.harness.TestHarness.Baseline2CoreConfig/top_module_hierarchy.json \
	--in-all-filelist /work/chipyard/sims/verilator/generated-src/chipyard.harness.TestHarness.Baseline2CoreConfig/gen-collateral/filelist.f \
	--in-bb-filelist /work/chipyard/sims/verilator/generated-src/chipyard.harness.TestHarness.Baseline2CoreConfig/gen-collateral/firrtl_black_box_resource_files.f \
	--dut ChipTop \
	--model TestHarness \
	--target-dir /work/chipyard/sims/verilator/generated-src/chipyard.harness.TestHarness.Baseline2CoreConfig/gen-collateral \
	--out-dut-filelist /work/chipyard/sims/verilator/generated-src/chipyard.harness.TestHarness.Baseline2CoreConfig/chipyard.harness.TestHarness.Baseline2CoreConfig.top.f \
	--out-model-filelist /work/chipyard/sims/verilator/generated-src/chipyard.harness.TestHarness.Baseline2CoreConfig/chipyard.harness.TestHarness.Baseline2CoreConfig.model.f \
	--out-model-hier-json /work/chipyard/sims/verilator/generated-src/chipyard.harness.TestHarness.Baseline2CoreConfig/model_module_hierarchy.uniquified.json \
	--gcpath /work/chipyard/sims/verilator/generated-src/chipyard.harness.TestHarness.Baseline2CoreConfig/gen-collateral
sed -i 's/module\( \+\)plusarg_reader/module\1plusarg_reader_TestHarness_UNIQUIFIED/' /work/chipyard/sims/verilator/generated-src/chipyard.harness.TestHarness.Baseline2CoreConfig/gen-collateral/plusarg_reader_TestHarness_UNIQUIFIED.v
sed -i 's/\( \*\)plusarg_reader\( \+\)/\1plusarg_reader_TestHarness_UNIQUIFIED\2/' /work/chipyard/sims/verilator/generated-src/chipyard.harness.TestHarness.Baseline2CoreConfig/gen-collateral/TestHarness.sv
sed -i 's/module\( \+\)plusarg_reader/module\1plusarg_reader_TestHarness_UNIQUIFIED/' /work/chipyard/sims/verilator/generated-src/chipyard.harness.TestHarness.Baseline2CoreConfig/gen-collateral/plusarg_reader_TestHarness_UNIQUIFIED.v
sed -i 's/module\( \+\)ResetCatchAndSync_d3/module\1ResetCatchAndSync_d3_TestHarness_UNIQUIFIED/' /work/chipyard/sims/verilator/generated-src/chipyard.harness.TestHarness.Baseline2CoreConfig/gen-collateral/ResetCatchAndSync_d3_TestHarness_UNIQUIFIED.sv
sed -i 's/\( \*\)ResetCatchAndSync_d3\( \+\)/\1ResetCatchAndSync_d3_TestHarness_UNIQUIFIED\2/' /work/chipyard/sims/verilator/generated-src/chipyard.harness.TestHarness.Baseline2CoreConfig/gen-collateral/TestHarness.sv
sed -i 's/module\( \+\)UARTRx/module\1UARTRx_TestHarness_UNIQUIFIED/' /work/chipyard/sims/verilator/generated-src/chipyard.harness.TestHarness.Baseline2CoreConfig/gen-collateral/UARTRx_TestHarness_UNIQUIFIED.sv
sed -i 's/\( \*\)UARTRx\( \+\)/\1UARTRx_TestHarness_UNIQUIFIED\2/' /work/chipyard/sims/verilator/generated-src/chipyard.harness.TestHarness.Baseline2CoreConfig/gen-collateral/UARTAdapter.sv
sed -i 's/module\( \+\)Queue8_UInt8/module\1Queue8_UInt8_TestHarness_UNIQUIFIED/' /work/chipyard/sims/verilator/generated-src/chipyard.harness.TestHarness.Baseline2CoreConfig/gen-collateral/Queue8_UInt8_TestHarness_UNIQUIFIED.sv
sed -i 's/\( \*\)Queue8_UInt8\( \+\)/\1Queue8_UInt8_TestHarness_UNIQUIFIED\2/' /work/chipyard/sims/verilator/generated-src/chipyard.harness.TestHarness.Baseline2CoreConfig/gen-collateral/UARTAdapter.sv
sed -i 's/module\( \+\)UARTTx/module\1UARTTx_TestHarness_UNIQUIFIED/' /work/chipyard/sims/verilator/generated-src/chipyard.harness.TestHarness.Baseline2CoreConfig/gen-collateral/UARTTx_TestHarness_UNIQUIFIED.sv
sed -i 's/\( \*\)UARTTx\( \+\)/\1UARTTx_TestHarness_UNIQUIFIED\2/' /work/chipyard/sims/verilator/generated-src/chipyard.harness.TestHarness.Baseline2CoreConfig/gen-collateral/UARTAdapter.sv
sed -i 's/module\( \+\)Queue8_UInt8/module\1Queue8_UInt8_TestHarness_UNIQUIFIED/' /work/chipyard/sims/verilator/generated-src/chipyard.harness.TestHarness.Baseline2CoreConfig/gen-collateral/Queue8_UInt8_TestHarness_UNIQUIFIED.sv
sed -i 's/module\( \+\)DecoupledSerialPhy/module\1DecoupledSerialPhy_TestHarness_UNIQUIFIED/' /work/chipyard/sims/verilator/generated-src/chipyard.harness.TestHarness.Baseline2CoreConfig/gen-collateral/DecoupledSerialPhy_TestHarness_UNIQUIFIED.sv
sed -i 's/\( \*\)DecoupledSerialPhy\( \+\)/\1DecoupledSerialPhy_TestHarness_UNIQUIFIED\2/' /work/chipyard/sims/verilator/generated-src/chipyard.harness.TestHarness.Baseline2CoreConfig/gen-collateral/SerialRAM.sv
sed -i 's/module\( \+\)AsyncResetSynchronizerShiftReg_w1_d3_i0/module\1AsyncResetSynchronizerShiftReg_w1_d3_i0_TestHarness_UNIQUIFIED/' /work/chipyard/sims/verilator/generated-src/chipyard.harness.TestHarness.Baseline2CoreConfig/gen-collateral/AsyncResetSynchronizerShiftReg_w1_d3_i0_TestHarness_UNIQUIFIED.sv
sed -i 's/\( \*\)AsyncResetSynchronizerShiftReg_w1_d3_i0\( \+\)/\1AsyncResetSynchronizerShiftReg_w1_d3_i0_TestHarness_UNIQUIFIED\2/' /work/chipyard/sims/verilator/generated-src/chipyard.harness.TestHarness.Baseline2CoreConfig/gen-collateral/ResetCatchAndSync_d3_TestHarness_UNIQUIFIED.sv
sed -i 's/module\( \+\)ram_8x8/module\1ram_8x8_TestHarness_UNIQUIFIED/' /work/chipyard/sims/verilator/generated-src/chipyard.harness.TestHarness.Baseline2CoreConfig/gen-collateral/ram_8x8_TestHarness_UNIQUIFIED.sv
sed -i 's/\( \*\)ram_8x8\( \+\)/\1ram_8x8_TestHarness_UNIQUIFIED\2/' /work/chipyard/sims/verilator/generated-src/chipyard.harness.TestHarness.Baseline2CoreConfig/gen-collateral/Queue8_UInt8_TestHarness_UNIQUIFIED.sv
sed -i 's/module\( \+\)plusarg_reader/module\1plusarg_reader_TestHarness_UNIQUIFIED/' /work/chipyard/sims/verilator/generated-src/chipyard.harness.TestHarness.Baseline2CoreConfig/gen-collateral/plusarg_reader_TestHarness_UNIQUIFIED.v
sed -i 's/\( \*\)plusarg_reader\( \+\)/\1plusarg_reader_TestHarness_UNIQUIFIED\2/' /work/chipyard/sims/verilator/generated-src/chipyard.harness.TestHarness.Baseline2CoreConfig/gen-collateral/UARTTx_TestHarness_UNIQUIFIED.sv
sed -i 's/module\( \+\)plusarg_reader/module\1plusarg_reader_TestHarness_UNIQUIFIED/' /work/chipyard/sims/verilator/generated-src/chipyard.harness.TestHarness.Baseline2CoreConfig/gen-collateral/plusarg_reader_TestHarness_UNIQUIFIED.v
sed -i 's/module\( \+\)ram_8x8/module\1ram_8x8_TestHarness_UNIQUIFIED/' /work/chipyard/sims/verilator/generated-src/chipyard.harness.TestHarness.Baseline2CoreConfig/gen-collateral/ram_8x8_TestHarness_UNIQUIFIED.sv
sed -i 's/module\( \+\)GenericDeserializer_TLBeatw10_f32/module\1GenericDeserializer_TLBeatw10_f32_TestHarness_UNIQUIFIED/' /work/chipyard/sims/verilator/generated-src/chipyard.harness.TestHarness.Baseline2CoreConfig/gen-collateral/GenericDeserializer_TLBeatw10_f32_TestHarness_UNIQUIFIED.sv
sed -i 's/\( \*\)GenericDeserializer_TLBeatw10_f32\( \+\)/\1GenericDeserializer_TLBeatw10_f32_TestHarness_UNIQUIFIED\2/' /work/chipyard/sims/verilator/generated-src/chipyard.harness.TestHarness.Baseline2CoreConfig/gen-collateral/TLSerdesser_SerialRAM.sv
sed -i 's/module\( \+\)GenericDeserializer_TLBeatw67_f32/module\1GenericDeserializer_TLBeatw67_f32_TestHarness_UNIQUIFIED/' /work/chipyard/sims/verilator/generated-src/chipyard.harness.TestHarness.Baseline2CoreConfig/gen-collateral/GenericDeserializer_TLBeatw67_f32_TestHarness_UNIQUIFIED.sv
sed -i 's/\( \*\)GenericDeserializer_TLBeatw67_f32\( \+\)/\1GenericDeserializer_TLBeatw67_f32_TestHarness_UNIQUIFIED\2/' /work/chipyard/sims/verilator/generated-src/chipyard.harness.TestHarness.Baseline2CoreConfig/gen-collateral/TLSerdesser_SerialRAM.sv
sed -i 's/module\( \+\)GenericDeserializer_TLBeatw88_f32/module\1GenericDeserializer_TLBeatw88_f32_TestHarness_UNIQUIFIED/' /work/chipyard/sims/verilator/generated-src/chipyard.harness.TestHarness.Baseline2CoreConfig/gen-collateral/GenericDeserializer_TLBeatw88_f32_TestHarness_UNIQUIFIED.sv
sed -i 's/\( \*\)GenericDeserializer_TLBeatw88_f32\( \+\)/\1GenericDeserializer_TLBeatw88_f32_TestHarness_UNIQUIFIED\2/' /work/chipyard/sims/verilator/generated-src/chipyard.harness.TestHarness.Baseline2CoreConfig/gen-collateral/TLSerdesser_SerialRAM.sv
sed -i 's/module\( \+\)GenericDeserializer_TLBeatw87_f32/module\1GenericDeserializer_TLBeatw87_f32_TestHarness_UNIQUIFIED/' /work/chipyard/sims/verilator/generated-src/chipyard.harness.TestHarness.Baseline2CoreConfig/gen-collateral/GenericDeserializer_TLBeatw87_f32_TestHarness_UNIQUIFIED.sv
sed -i 's/\( \*\)GenericDeserializer_TLBeatw87_f32\( \+\)/\1GenericDeserializer_TLBeatw87_f32_TestHarness_UNIQUIFIED\2/' /work/chipyard/sims/verilator/generated-src/chipyard.harness.TestHarness.Baseline2CoreConfig/gen-collateral/TLSerdesser_SerialRAM.sv
sed -i 's/module\( \+\)GenericDeserializer_TLBeatw88_f32/module\1GenericDeserializer_TLBeatw88_f32_TestHarness_UNIQUIFIED/' /work/chipyard/sims/verilator/generated-src/chipyard.harness.TestHarness.Baseline2CoreConfig/gen-collateral/GenericDeserializer_TLBeatw88_f32_TestHarness_UNIQUIFIED.sv
sed -i 's/module\( \+\)AsyncQueue/module\1AsyncQueue_TestHarness_UNIQUIFIED/' /work/chipyard/sims/verilator/generated-src/chipyard.harness.TestHarness.Baseline2CoreConfig/gen-collateral/AsyncQueue_TestHarness_UNIQUIFIED.sv
sed -i 's/\( \*\)AsyncQueue\( \+\)/\1AsyncQueue_TestHarness_UNIQUIFIED\2/' /work/chipyard/sims/verilator/generated-src/chipyard.harness.TestHarness.Baseline2CoreConfig/gen-collateral/DecoupledSerialPhy_TestHarness_UNIQUIFIED.sv
sed -i 's/module\( \+\)Queue8_Flit/module\1Queue8_Flit_TestHarness_UNIQUIFIED/' /work/chipyard/sims/verilator/generated-src/chipyard.harness.TestHarness.Baseline2CoreConfig/gen-collateral/Queue8_Flit_TestHarness_UNIQUIFIED.sv
sed -i 's/\( \*\)Queue8_Flit\( \+\)/\1Queue8_Flit_TestHarness_UNIQUIFIED\2/' /work/chipyard/sims/verilator/generated-src/chipyard.harness.TestHarness.Baseline2CoreConfig/gen-collateral/DecoupledSerialPhy_TestHarness_UNIQUIFIED.sv
sed -i 's/module\( \+\)FlitToPhit_f32_p32/module\1FlitToPhit_f32_p32_TestHarness_UNIQUIFIED/' /work/chipyard/sims/verilator/generated-src/chipyard.harness.TestHarness.Baseline2CoreConfig/gen-collateral/FlitToPhit_f32_p32_TestHarness_UNIQUIFIED.sv
sed -i 's/\( \*\)FlitToPhit_f32_p32\( \+\)/\1FlitToPhit_f32_p32_TestHarness_UNIQUIFIED\2/' /work/chipyard/sims/verilator/generated-src/chipyard.harness.TestHarness.Baseline2CoreConfig/gen-collateral/DecoupledSerialPhy_TestHarness_UNIQUIFIED.sv
sed -i 's/module\( \+\)AsyncQueue/module\1AsyncQueue_TestHarness_UNIQUIFIED/' /work/chipyard/sims/verilator/generated-src/chipyard.harness.TestHarness.Baseline2CoreConfig/gen-collateral/AsyncQueue_TestHarness_UNIQUIFIED.sv
sed -i 's/module\( \+\)Queue8_Flit/module\1Queue8_Flit_TestHarness_UNIQUIFIED/' /work/chipyard/sims/verilator/generated-src/chipyard.harness.TestHarness.Baseline2CoreConfig/gen-collateral/Queue8_Flit_TestHarness_UNIQUIFIED.sv
sed -i 's/module\( \+\)FlitToPhit_f32_p32/module\1FlitToPhit_f32_p32_TestHarness_UNIQUIFIED/' /work/chipyard/sims/verilator/generated-src/chipyard.harness.TestHarness.Baseline2CoreConfig/gen-collateral/FlitToPhit_f32_p32_TestHarness_UNIQUIFIED.sv
sed -i 's/module\( \+\)AsyncQueue/module\1AsyncQueue_TestHarness_UNIQUIFIED/' /work/chipyard/sims/verilator/generated-src/chipyard.harness.TestHarness.Baseline2CoreConfig/gen-collateral/AsyncQueue_TestHarness_UNIQUIFIED.sv
sed -i 's/module\( \+\)Queue8_Flit/module\1Queue8_Flit_TestHarness_UNIQUIFIED/' /work/chipyard/sims/verilator/generated-src/chipyard.harness.TestHarness.Baseline2CoreConfig/gen-collateral/Queue8_Flit_TestHarness_UNIQUIFIED.sv
sed -i 's/module\( \+\)FlitToPhit_f32_p32/module\1FlitToPhit_f32_p32_TestHarness_UNIQUIFIED/' /work/chipyard/sims/verilator/generated-src/chipyard.harness.TestHarness.Baseline2CoreConfig/gen-collateral/FlitToPhit_f32_p32_TestHarness_UNIQUIFIED.sv
sed -i 's/module\( \+\)AsyncQueue/module\1AsyncQueue_TestHarness_UNIQUIFIED/' /work/chipyard/sims/verilator/generated-src/chipyard.harness.TestHarness.Baseline2CoreConfig/gen-collateral/AsyncQueue_TestHarness_UNIQUIFIED.sv
sed -i 's/module\( \+\)Queue8_Flit/module\1Queue8_Flit_TestHarness_UNIQUIFIED/' /work/chipyard/sims/verilator/generated-src/chipyard.harness.TestHarness.Baseline2CoreConfig/gen-collateral/Queue8_Flit_TestHarness_UNIQUIFIED.sv
sed -i 's/module\( \+\)FlitToPhit_f32_p32/module\1FlitToPhit_f32_p32_TestHarness_UNIQUIFIED/' /work/chipyard/sims/verilator/generated-src/chipyard.harness.TestHarness.Baseline2CoreConfig/gen-collateral/FlitToPhit_f32_p32_TestHarness_UNIQUIFIED.sv
sed -i 's/module\( \+\)AsyncQueue/module\1AsyncQueue_TestHarness_UNIQUIFIED/' /work/chipyard/sims/verilator/generated-src/chipyard.harness.TestHarness.Baseline2CoreConfig/gen-collateral/AsyncQueue_TestHarness_UNIQUIFIED.sv
sed -i 's/module\( \+\)Queue8_Flit/module\1Queue8_Flit_TestHarness_UNIQUIFIED/' /work/chipyard/sims/verilator/generated-src/chipyard.harness.TestHarness.Baseline2CoreConfig/gen-collateral/Queue8_Flit_TestHarness_UNIQUIFIED.sv
sed -i 's/module\( \+\)FlitToPhit_f32_p32/module\1FlitToPhit_f32_p32_TestHarness_UNIQUIFIED/' /work/chipyard/sims/verilator/generated-src/chipyard.harness.TestHarness.Baseline2CoreConfig/gen-collateral/FlitToPhit_f32_p32_TestHarness_UNIQUIFIED.sv
sed -i 's/module\( \+\)PhitArbiter_p32_f32_n5/module\1PhitArbiter_p32_f32_n5_TestHarness_UNIQUIFIED/' /work/chipyard/sims/verilator/generated-src/chipyard.harness.TestHarness.Baseline2CoreConfig/gen-collateral/PhitArbiter_p32_f32_n5_TestHarness_UNIQUIFIED.sv
sed -i 's/\( \*\)PhitArbiter_p32_f32_n5\( \+\)/\1PhitArbiter_p32_f32_n5_TestHarness_UNIQUIFIED\2/' /work/chipyard/sims/verilator/generated-src/chipyard.harness.TestHarness.Baseline2CoreConfig/gen-collateral/DecoupledSerialPhy_TestHarness_UNIQUIFIED.sv
sed -i 's/module\( \+\)AsyncQueue/module\1AsyncQueue_TestHarness_UNIQUIFIED/' /work/chipyard/sims/verilator/generated-src/chipyard.harness.TestHarness.Baseline2CoreConfig/gen-collateral/AsyncQueue_TestHarness_UNIQUIFIED.sv
sed -i 's/module\( \+\)PhitToFlit_p32_f32/module\1PhitToFlit_p32_f32_TestHarness_UNIQUIFIED/' /work/chipyard/sims/verilator/generated-src/chipyard.harness.TestHarness.Baseline2CoreConfig/gen-collateral/PhitToFlit_p32_f32_TestHarness_UNIQUIFIED.sv
sed -i 's/\( \*\)PhitToFlit_p32_f32\( \+\)/\1PhitToFlit_p32_f32_TestHarness_UNIQUIFIED\2/' /work/chipyard/sims/verilator/generated-src/chipyard.harness.TestHarness.Baseline2CoreConfig/gen-collateral/DecoupledSerialPhy_TestHarness_UNIQUIFIED.sv
sed -i 's/module\( \+\)Queue8_Flit/module\1Queue8_Flit_TestHarness_UNIQUIFIED/' /work/chipyard/sims/verilator/generated-src/chipyard.harness.TestHarness.Baseline2CoreConfig/gen-collateral/Queue8_Flit_TestHarness_UNIQUIFIED.sv
sed -i 's/module\( \+\)AsyncQueue/module\1AsyncQueue_TestHarness_UNIQUIFIED/' /work/chipyard/sims/verilator/generated-src/chipyard.harness.TestHarness.Baseline2CoreConfig/gen-collateral/AsyncQueue_TestHarness_UNIQUIFIED.sv
sed -i 's/module\( \+\)PhitToFlit_p32_f32/module\1PhitToFlit_p32_f32_TestHarness_UNIQUIFIED/' /work/chipyard/sims/verilator/generated-src/chipyard.harness.TestHarness.Baseline2CoreConfig/gen-collateral/PhitToFlit_p32_f32_TestHarness_UNIQUIFIED.sv
sed -i 's/module\( \+\)Queue8_Flit/module\1Queue8_Flit_TestHarness_UNIQUIFIED/' /work/chipyard/sims/verilator/generated-src/chipyard.harness.TestHarness.Baseline2CoreConfig/gen-collateral/Queue8_Flit_TestHarness_UNIQUIFIED.sv
sed -i 's/module\( \+\)AsyncQueue/module\1AsyncQueue_TestHarness_UNIQUIFIED/' /work/chipyard/sims/verilator/generated-src/chipyard.harness.TestHarness.Baseline2CoreConfig/gen-collateral/AsyncQueue_TestHarness_UNIQUIFIED.sv
sed -i 's/module\( \+\)PhitToFlit_p32_f32/module\1PhitToFlit_p32_f32_TestHarness_UNIQUIFIED/' /work/chipyard/sims/verilator/generated-src/chipyard.harness.TestHarness.Baseline2CoreConfig/gen-collateral/PhitToFlit_p32_f32_TestHarness_UNIQUIFIED.sv
sed -i 's/module\( \+\)Queue8_Flit/module\1Queue8_Flit_TestHarness_UNIQUIFIED/' /work/chipyard/sims/verilator/generated-src/chipyard.harness.TestHarness.Baseline2CoreConfig/gen-collateral/Queue8_Flit_TestHarness_UNIQUIFIED.sv
sed -i 's/module\( \+\)AsyncQueue/module\1AsyncQueue_TestHarness_UNIQUIFIED/' /work/chipyard/sims/verilator/generated-src/chipyard.harness.TestHarness.Baseline2CoreConfig/gen-collateral/AsyncQueue_TestHarness_UNIQUIFIED.sv
sed -i 's/module\( \+\)PhitToFlit_p32_f32/module\1PhitToFlit_p32_f32_TestHarness_UNIQUIFIED/' /work/chipyard/sims/verilator/generated-src/chipyard.harness.TestHarness.Baseline2CoreConfig/gen-collateral/PhitToFlit_p32_f32_TestHarness_UNIQUIFIED.sv
sed -i 's/module\( \+\)Queue8_Flit/module\1Queue8_Flit_TestHarness_UNIQUIFIED/' /work/chipyard/sims/verilator/generated-src/chipyard.harness.TestHarness.Baseline2CoreConfig/gen-collateral/Queue8_Flit_TestHarness_UNIQUIFIED.sv
sed -i 's/module\( \+\)AsyncQueue/module\1AsyncQueue_TestHarness_UNIQUIFIED/' /work/chipyard/sims/verilator/generated-src/chipyard.harness.TestHarness.Baseline2CoreConfig/gen-collateral/AsyncQueue_TestHarness_UNIQUIFIED.sv
sed -i 's/module\( \+\)PhitToFlit_p32_f32/module\1PhitToFlit_p32_f32_TestHarness_UNIQUIFIED/' /work/chipyard/sims/verilator/generated-src/chipyard.harness.TestHarness.Baseline2CoreConfig/gen-collateral/PhitToFlit_p32_f32_TestHarness_UNIQUIFIED.sv
sed -i 's/module\( \+\)Queue8_Flit/module\1Queue8_Flit_TestHarness_UNIQUIFIED/' /work/chipyard/sims/verilator/generated-src/chipyard.harness.TestHarness.Baseline2CoreConfig/gen-collateral/Queue8_Flit_TestHarness_UNIQUIFIED.sv
sed -i 's/module\( \+\)PhitDemux_p32_f32_n5/module\1PhitDemux_p32_f32_n5_TestHarness_UNIQUIFIED/' /work/chipyard/sims/verilator/generated-src/chipyard.harness.TestHarness.Baseline2CoreConfig/gen-collateral/PhitDemux_p32_f32_n5_TestHarness_UNIQUIFIED.sv
sed -i 's/\( \*\)PhitDemux_p32_f32_n5\( \+\)/\1PhitDemux_p32_f32_n5_TestHarness_UNIQUIFIED\2/' /work/chipyard/sims/verilator/generated-src/chipyard.harness.TestHarness.Baseline2CoreConfig/gen-collateral/DecoupledSerialPhy_TestHarness_UNIQUIFIED.sv
sed -i 's/module\( \+\)AsyncResetSynchronizerPrimitiveShiftReg_d3_i0/module\1AsyncResetSynchronizerPrimitiveShiftReg_d3_i0_TestHarness_UNIQUIFIED/' /work/chipyard/sims/verilator/generated-src/chipyard.harness.TestHarness.Baseline2CoreConfig/gen-collateral/AsyncResetSynchronizerPrimitiveShiftReg_d3_i0_TestHarness_UNIQUIFIED.sv
sed -i 's/\( \*\)AsyncResetSynchronizerPrimitiveShiftReg_d3_i0\( \+\)/\1AsyncResetSynchronizerPrimitiveShiftReg_d3_i0_TestHarness_UNIQUIFIED\2/' /work/chipyard/sims/verilator/generated-src/chipyard.harness.TestHarness.Baseline2CoreConfig/gen-collateral/AsyncResetSynchronizerShiftReg_w1_d3_i0_TestHarness_UNIQUIFIED.sv
sed -i 's/module\( \+\)plusarg_reader/module\1plusarg_reader_TestHarness_UNIQUIFIED/' /work/chipyard/sims/verilator/generated-src/chipyard.harness.TestHarness.Baseline2CoreConfig/gen-collateral/plusarg_reader_TestHarness_UNIQUIFIED.v
sed -i 's/\( \*\)plusarg_reader\( \+\)/\1plusarg_reader_TestHarness_UNIQUIFIED\2/' /work/chipyard/sims/verilator/generated-src/chipyard.harness.TestHarness.Baseline2CoreConfig/gen-collateral/TLMonitor_64.sv
sed -i 's/module\( \+\)plusarg_reader/module\1plusarg_reader_TestHarness_UNIQUIFIED/' /work/chipyard/sims/verilator/generated-src/chipyard.harness.TestHarness.Baseline2CoreConfig/gen-collateral/plusarg_reader_TestHarness_UNIQUIFIED.v
sed -i 's/module\( \+\)plusarg_reader/module\1plusarg_reader_TestHarness_UNIQUIFIED/' /work/chipyard/sims/verilator/generated-src/chipyard.harness.TestHarness.Baseline2CoreConfig/gen-collateral/plusarg_reader_TestHarness_UNIQUIFIED.v
sed -i 's/\( \*\)plusarg_reader\( \+\)/\1plusarg_reader_TestHarness_UNIQUIFIED\2/' /work/chipyard/sims/verilator/generated-src/chipyard.harness.TestHarness.Baseline2CoreConfig/gen-collateral/TLMonitor_65.sv
sed -i 's/module\( \+\)plusarg_reader/module\1plusarg_reader_TestHarness_UNIQUIFIED/' /work/chipyard/sims/verilator/generated-src/chipyard.harness.TestHarness.Baseline2CoreConfig/gen-collateral/plusarg_reader_TestHarness_UNIQUIFIED.v
sed -i 's/module\( \+\)ram_2x79/module\1ram_2x79_TestHarness_UNIQUIFIED/' /work/chipyard/sims/verilator/generated-src/chipyard.harness.TestHarness.Baseline2CoreConfig/gen-collateral/ram_2x79_TestHarness_UNIQUIFIED.sv
sed -i 's/\( \*\)ram_2x79\( \+\)/\1ram_2x79_TestHarness_UNIQUIFIED\2/' /work/chipyard/sims/verilator/generated-src/chipyard.harness.TestHarness.Baseline2CoreConfig/gen-collateral/Queue2_TLBundleD_a32d64s1k3z4u.sv
sed -i 's/module\( \+\)AsyncQueueSource_Phit/module\1AsyncQueueSource_Phit_TestHarness_UNIQUIFIED/' /work/chipyard/sims/verilator/generated-src/chipyard.harness.TestHarness.Baseline2CoreConfig/gen-collateral/AsyncQueueSource_Phit_TestHarness_UNIQUIFIED.sv
sed -i 's/\( \*\)AsyncQueueSource_Phit\( \+\)/\1AsyncQueueSource_Phit_TestHarness_UNIQUIFIED\2/' /work/chipyard/sims/verilator/generated-src/chipyard.harness.TestHarness.Baseline2CoreConfig/gen-collateral/AsyncQueue_TestHarness_UNIQUIFIED.sv
sed -i 's/module\( \+\)AsyncQueueSink_Phit/module\1AsyncQueueSink_Phit_TestHarness_UNIQUIFIED/' /work/chipyard/sims/verilator/generated-src/chipyard.harness.TestHarness.Baseline2CoreConfig/gen-collateral/AsyncQueueSink_Phit_TestHarness_UNIQUIFIED.sv
sed -i 's/\( \*\)AsyncQueueSink_Phit\( \+\)/\1AsyncQueueSink_Phit_TestHarness_UNIQUIFIED\2/' /work/chipyard/sims/verilator/generated-src/chipyard.harness.TestHarness.Baseline2CoreConfig/gen-collateral/AsyncQueue_TestHarness_UNIQUIFIED.sv
sed -i 's/module\( \+\)ram_flit_8x32/module\1ram_flit_8x32_TestHarness_UNIQUIFIED/' /work/chipyard/sims/verilator/generated-src/chipyard.harness.TestHarness.Baseline2CoreConfig/gen-collateral/ram_flit_8x32_TestHarness_UNIQUIFIED.sv
sed -i 's/\( \*\)ram_flit_8x32\( \+\)/\1ram_flit_8x32_TestHarness_UNIQUIFIED\2/' /work/chipyard/sims/verilator/generated-src/chipyard.harness.TestHarness.Baseline2CoreConfig/gen-collateral/Queue8_Flit_TestHarness_UNIQUIFIED.sv
sed -i 's/module\( \+\)AsyncQueueSource_Phit/module\1AsyncQueueSource_Phit_TestHarness_UNIQUIFIED/' /work/chipyard/sims/verilator/generated-src/chipyard.harness.TestHarness.Baseline2CoreConfig/gen-collateral/AsyncQueueSource_Phit_TestHarness_UNIQUIFIED.sv
sed -i 's/module\( \+\)AsyncQueueSink_Phit/module\1AsyncQueueSink_Phit_TestHarness_UNIQUIFIED/' /work/chipyard/sims/verilator/generated-src/chipyard.harness.TestHarness.Baseline2CoreConfig/gen-collateral/AsyncQueueSink_Phit_TestHarness_UNIQUIFIED.sv
sed -i 's/module\( \+\)ram_flit_8x32/module\1ram_flit_8x32_TestHarness_UNIQUIFIED/' /work/chipyard/sims/verilator/generated-src/chipyard.harness.TestHarness.Baseline2CoreConfig/gen-collateral/ram_flit_8x32_TestHarness_UNIQUIFIED.sv
sed -i 's/module\( \+\)AsyncQueueSource_Phit/module\1AsyncQueueSource_Phit_TestHarness_UNIQUIFIED/' /work/chipyard/sims/verilator/generated-src/chipyard.harness.TestHarness.Baseline2CoreConfig/gen-collateral/AsyncQueueSource_Phit_TestHarness_UNIQUIFIED.sv
sed -i 's/module\( \+\)AsyncQueueSink_Phit/module\1AsyncQueueSink_Phit_TestHarness_UNIQUIFIED/' /work/chipyard/sims/verilator/generated-src/chipyard.harness.TestHarness.Baseline2CoreConfig/gen-collateral/AsyncQueueSink_Phit_TestHarness_UNIQUIFIED.sv
sed -i 's/module\( \+\)ram_flit_8x32/module\1ram_flit_8x32_TestHarness_UNIQUIFIED/' /work/chipyard/sims/verilator/generated-src/chipyard.harness.TestHarness.Baseline2CoreConfig/gen-collateral/ram_flit_8x32_TestHarness_UNIQUIFIED.sv
sed -i 's/module\( \+\)AsyncQueueSource_Phit/module\1AsyncQueueSource_Phit_TestHarness_UNIQUIFIED/' /work/chipyard/sims/verilator/generated-src/chipyard.harness.TestHarness.Baseline2CoreConfig/gen-collateral/AsyncQueueSource_Phit_TestHarness_UNIQUIFIED.sv
sed -i 's/module\( \+\)AsyncQueueSink_Phit/module\1AsyncQueueSink_Phit_TestHarness_UNIQUIFIED/' /work/chipyard/sims/verilator/generated-src/chipyard.harness.TestHarness.Baseline2CoreConfig/gen-collateral/AsyncQueueSink_Phit_TestHarness_UNIQUIFIED.sv
sed -i 's/module\( \+\)ram_flit_8x32/module\1ram_flit_8x32_TestHarness_UNIQUIFIED/' /work/chipyard/sims/verilator/generated-src/chipyard.harness.TestHarness.Baseline2CoreConfig/gen-collateral/ram_flit_8x32_TestHarness_UNIQUIFIED.sv
sed -i 's/module\( \+\)AsyncQueueSource_Phit/module\1AsyncQueueSource_Phit_TestHarness_UNIQUIFIED/' /work/chipyard/sims/verilator/generated-src/chipyard.harness.TestHarness.Baseline2CoreConfig/gen-collateral/AsyncQueueSource_Phit_TestHarness_UNIQUIFIED.sv
sed -i 's/module\( \+\)AsyncQueueSink_Phit/module\1AsyncQueueSink_Phit_TestHarness_UNIQUIFIED/' /work/chipyard/sims/verilator/generated-src/chipyard.harness.TestHarness.Baseline2CoreConfig/gen-collateral/AsyncQueueSink_Phit_TestHarness_UNIQUIFIED.sv
sed -i 's/module\( \+\)ram_flit_8x32/module\1ram_flit_8x32_TestHarness_UNIQUIFIED/' /work/chipyard/sims/verilator/generated-src/chipyard.harness.TestHarness.Baseline2CoreConfig/gen-collateral/ram_flit_8x32_TestHarness_UNIQUIFIED.sv
sed -i 's/module\( \+\)AsyncQueueSource_Phit/module\1AsyncQueueSource_Phit_TestHarness_UNIQUIFIED/' /work/chipyard/sims/verilator/generated-src/chipyard.harness.TestHarness.Baseline2CoreConfig/gen-collateral/AsyncQueueSource_Phit_TestHarness_UNIQUIFIED.sv
sed -i 's/module\( \+\)AsyncQueueSink_Phit/module\1AsyncQueueSink_Phit_TestHarness_UNIQUIFIED/' /work/chipyard/sims/verilator/generated-src/chipyard.harness.TestHarness.Baseline2CoreConfig/gen-collateral/AsyncQueueSink_Phit_TestHarness_UNIQUIFIED.sv
sed -i 's/module\( \+\)ram_flit_8x32/module\1ram_flit_8x32_TestHarness_UNIQUIFIED/' /work/chipyard/sims/verilator/generated-src/chipyard.harness.TestHarness.Baseline2CoreConfig/gen-collateral/ram_flit_8x32_TestHarness_UNIQUIFIED.sv
sed -i 's/module\( \+\)AsyncQueueSource_Phit/module\1AsyncQueueSource_Phit_TestHarness_UNIQUIFIED/' /work/chipyard/sims/verilator/generated-src/chipyard.harness.TestHarness.Baseline2CoreConfig/gen-collateral/AsyncQueueSource_Phit_TestHarness_UNIQUIFIED.sv
sed -i 's/module\( \+\)AsyncQueueSink_Phit/module\1AsyncQueueSink_Phit_TestHarness_UNIQUIFIED/' /work/chipyard/sims/verilator/generated-src/chipyard.harness.TestHarness.Baseline2CoreConfig/gen-collateral/AsyncQueueSink_Phit_TestHarness_UNIQUIFIED.sv
sed -i 's/module\( \+\)ram_flit_8x32/module\1ram_flit_8x32_TestHarness_UNIQUIFIED/' /work/chipyard/sims/verilator/generated-src/chipyard.harness.TestHarness.Baseline2CoreConfig/gen-collateral/ram_flit_8x32_TestHarness_UNIQUIFIED.sv
sed -i 's/module\( \+\)AsyncQueueSource_Phit/module\1AsyncQueueSource_Phit_TestHarness_UNIQUIFIED/' /work/chipyard/sims/verilator/generated-src/chipyard.harness.TestHarness.Baseline2CoreConfig/gen-collateral/AsyncQueueSource_Phit_TestHarness_UNIQUIFIED.sv
sed -i 's/module\( \+\)AsyncQueueSink_Phit/module\1AsyncQueueSink_Phit_TestHarness_UNIQUIFIED/' /work/chipyard/sims/verilator/generated-src/chipyard.harness.TestHarness.Baseline2CoreConfig/gen-collateral/AsyncQueueSink_Phit_TestHarness_UNIQUIFIED.sv
sed -i 's/module\( \+\)ram_flit_8x32/module\1ram_flit_8x32_TestHarness_UNIQUIFIED/' /work/chipyard/sims/verilator/generated-src/chipyard.harness.TestHarness.Baseline2CoreConfig/gen-collateral/ram_flit_8x32_TestHarness_UNIQUIFIED.sv
sed -i 's/module\( \+\)AsyncQueueSource_Phit/module\1AsyncQueueSource_Phit_TestHarness_UNIQUIFIED/' /work/chipyard/sims/verilator/generated-src/chipyard.harness.TestHarness.Baseline2CoreConfig/gen-collateral/AsyncQueueSource_Phit_TestHarness_UNIQUIFIED.sv
sed -i 's/module\( \+\)AsyncQueueSink_Phit/module\1AsyncQueueSink_Phit_TestHarness_UNIQUIFIED/' /work/chipyard/sims/verilator/generated-src/chipyard.harness.TestHarness.Baseline2CoreConfig/gen-collateral/AsyncQueueSink_Phit_TestHarness_UNIQUIFIED.sv
sed -i 's/module\( \+\)ram_flit_8x32/module\1ram_flit_8x32_TestHarness_UNIQUIFIED/' /work/chipyard/sims/verilator/generated-src/chipyard.harness.TestHarness.Baseline2CoreConfig/gen-collateral/ram_flit_8x32_TestHarness_UNIQUIFIED.sv
sed -i 's/module\( \+\)AsyncQueueSource_Phit/module\1AsyncQueueSource_Phit_TestHarness_UNIQUIFIED/' /work/chipyard/sims/verilator/generated-src/chipyard.harness.TestHarness.Baseline2CoreConfig/gen-collateral/AsyncQueueSource_Phit_TestHarness_UNIQUIFIED.sv
sed -i 's/module\( \+\)AsyncQueueSink_Phit/module\1AsyncQueueSink_Phit_TestHarness_UNIQUIFIED/' /work/chipyard/sims/verilator/generated-src/chipyard.harness.TestHarness.Baseline2CoreConfig/gen-collateral/AsyncQueueSink_Phit_TestHarness_UNIQUIFIED.sv
sed -i 's/module\( \+\)ram_flit_8x32/module\1ram_flit_8x32_TestHarness_UNIQUIFIED/' /work/chipyard/sims/verilator/generated-src/chipyard.harness.TestHarness.Baseline2CoreConfig/gen-collateral/ram_flit_8x32_TestHarness_UNIQUIFIED.sv
sed -i 's/module\( \+\)AsyncResetSynchronizerShiftReg_w4_d3_i0/module\1AsyncResetSynchronizerShiftReg_w4_d3_i0_TestHarness_UNIQUIFIED/' /work/chipyard/sims/verilator/generated-src/chipyard.harness.TestHarness.Baseline2CoreConfig/gen-collateral/AsyncResetSynchronizerShiftReg_w4_d3_i0_TestHarness_UNIQUIFIED.sv
sed -i 's/\( \*\)AsyncResetSynchronizerShiftReg_w4_d3_i0\( \+\)/\1AsyncResetSynchronizerShiftReg_w4_d3_i0_TestHarness_UNIQUIFIED\2/' /work/chipyard/sims/verilator/generated-src/chipyard.harness.TestHarness.Baseline2CoreConfig/gen-collateral/AsyncQueueSource_Phit_TestHarness_UNIQUIFIED.sv
sed -i 's/module\( \+\)AsyncValidSync/module\1AsyncValidSync_TestHarness_UNIQUIFIED/' /work/chipyard/sims/verilator/generated-src/chipyard.harness.TestHarness.Baseline2CoreConfig/gen-collateral/AsyncValidSync_TestHarness_UNIQUIFIED.sv
sed -i 's/\( \*\)AsyncValidSync\( \+\)/\1AsyncValidSync_TestHarness_UNIQUIFIED\2/' /work/chipyard/sims/verilator/generated-src/chipyard.harness.TestHarness.Baseline2CoreConfig/gen-collateral/AsyncQueueSource_Phit_TestHarness_UNIQUIFIED.sv
sed -i 's/module\( \+\)AsyncValidSync/module\1AsyncValidSync_TestHarness_UNIQUIFIED/' /work/chipyard/sims/verilator/generated-src/chipyard.harness.TestHarness.Baseline2CoreConfig/gen-collateral/AsyncValidSync_TestHarness_UNIQUIFIED.sv
sed -i 's/module\( \+\)AsyncValidSync/module\1AsyncValidSync_TestHarness_UNIQUIFIED/' /work/chipyard/sims/verilator/generated-src/chipyard.harness.TestHarness.Baseline2CoreConfig/gen-collateral/AsyncValidSync_TestHarness_UNIQUIFIED.sv
sed -i 's/module\( \+\)AsyncValidSync/module\1AsyncValidSync_TestHarness_UNIQUIFIED/' /work/chipyard/sims/verilator/generated-src/chipyard.harness.TestHarness.Baseline2CoreConfig/gen-collateral/AsyncValidSync_TestHarness_UNIQUIFIED.sv
sed -i 's/module\( \+\)AsyncResetSynchronizerShiftReg_w4_d3_i0/module\1AsyncResetSynchronizerShiftReg_w4_d3_i0_TestHarness_UNIQUIFIED/' /work/chipyard/sims/verilator/generated-src/chipyard.harness.TestHarness.Baseline2CoreConfig/gen-collateral/AsyncResetSynchronizerShiftReg_w4_d3_i0_TestHarness_UNIQUIFIED.sv
sed -i 's/\( \*\)AsyncResetSynchronizerShiftReg_w4_d3_i0\( \+\)/\1AsyncResetSynchronizerShiftReg_w4_d3_i0_TestHarness_UNIQUIFIED\2/' /work/chipyard/sims/verilator/generated-src/chipyard.harness.TestHarness.Baseline2CoreConfig/gen-collateral/AsyncQueueSink_Phit_TestHarness_UNIQUIFIED.sv
sed -i 's/module\( \+\)ClockCrossingReg_w32/module\1ClockCrossingReg_w32_TestHarness_UNIQUIFIED/' /work/chipyard/sims/verilator/generated-src/chipyard.harness.TestHarness.Baseline2CoreConfig/gen-collateral/ClockCrossingReg_w32_TestHarness_UNIQUIFIED.sv
sed -i 's/\( \*\)ClockCrossingReg_w32\( \+\)/\1ClockCrossingReg_w32_TestHarness_UNIQUIFIED\2/' /work/chipyard/sims/verilator/generated-src/chipyard.harness.TestHarness.Baseline2CoreConfig/gen-collateral/AsyncQueueSink_Phit_TestHarness_UNIQUIFIED.sv
sed -i 's/module\( \+\)AsyncValidSync/module\1AsyncValidSync_TestHarness_UNIQUIFIED/' /work/chipyard/sims/verilator/generated-src/chipyard.harness.TestHarness.Baseline2CoreConfig/gen-collateral/AsyncValidSync_TestHarness_UNIQUIFIED.sv
sed -i 's/\( \*\)AsyncValidSync\( \+\)/\1AsyncValidSync_TestHarness_UNIQUIFIED\2/' /work/chipyard/sims/verilator/generated-src/chipyard.harness.TestHarness.Baseline2CoreConfig/gen-collateral/AsyncQueueSink_Phit_TestHarness_UNIQUIFIED.sv
sed -i 's/module\( \+\)AsyncValidSync/module\1AsyncValidSync_TestHarness_UNIQUIFIED/' /work/chipyard/sims/verilator/generated-src/chipyard.harness.TestHarness.Baseline2CoreConfig/gen-collateral/AsyncValidSync_TestHarness_UNIQUIFIED.sv
sed -i 's/module\( \+\)AsyncValidSync/module\1AsyncValidSync_TestHarness_UNIQUIFIED/' /work/chipyard/sims/verilator/generated-src/chipyard.harness.TestHarness.Baseline2CoreConfig/gen-collateral/AsyncValidSync_TestHarness_UNIQUIFIED.sv
sed -i 's/module\( \+\)AsyncValidSync/module\1AsyncValidSync_TestHarness_UNIQUIFIED/' /work/chipyard/sims/verilator/generated-src/chipyard.harness.TestHarness.Baseline2CoreConfig/gen-collateral/AsyncValidSync_TestHarness_UNIQUIFIED.sv
sed -i 's/module\( \+\)AsyncResetSynchronizerShiftReg_w4_d3_i0/module\1AsyncResetSynchronizerShiftReg_w4_d3_i0_TestHarness_UNIQUIFIED/' /work/chipyard/sims/verilator/generated-src/chipyard.harness.TestHarness.Baseline2CoreConfig/gen-collateral/AsyncResetSynchronizerShiftReg_w4_d3_i0_TestHarness_UNIQUIFIED.sv
sed -i 's/module\( \+\)AsyncValidSync/module\1AsyncValidSync_TestHarness_UNIQUIFIED/' /work/chipyard/sims/verilator/generated-src/chipyard.harness.TestHarness.Baseline2CoreConfig/gen-collateral/AsyncValidSync_TestHarness_UNIQUIFIED.sv
sed -i 's/module\( \+\)AsyncValidSync/module\1AsyncValidSync_TestHarness_UNIQUIFIED/' /work/chipyard/sims/verilator/generated-src/chipyard.harness.TestHarness.Baseline2CoreConfig/gen-collateral/AsyncValidSync_TestHarness_UNIQUIFIED.sv
sed -i 's/module\( \+\)AsyncValidSync/module\1AsyncValidSync_TestHarness_UNIQUIFIED/' /work/chipyard/sims/verilator/generated-src/chipyard.harness.TestHarness.Baseline2CoreConfig/gen-collateral/AsyncValidSync_TestHarness_UNIQUIFIED.sv
sed -i 's/module\( \+\)AsyncValidSync/module\1AsyncValidSync_TestHarness_UNIQUIFIED/' /work/chipyard/sims/verilator/generated-src/chipyard.harness.TestHarness.Baseline2CoreConfig/gen-collateral/AsyncValidSync_TestHarness_UNIQUIFIED.sv
sed -i 's/module\( \+\)AsyncResetSynchronizerShiftReg_w4_d3_i0/module\1AsyncResetSynchronizerShiftReg_w4_d3_i0_TestHarness_UNIQUIFIED/' /work/chipyard/sims/verilator/generated-src/chipyard.harness.TestHarness.Baseline2CoreConfig/gen-collateral/AsyncResetSynchronizerShiftReg_w4_d3_i0_TestHarness_UNIQUIFIED.sv
sed -i 's/module\( \+\)ClockCrossingReg_w32/module\1ClockCrossingReg_w32_TestHarness_UNIQUIFIED/' /work/chipyard/sims/verilator/generated-src/chipyard.harness.TestHarness.Baseline2CoreConfig/gen-collateral/ClockCrossingReg_w32_TestHarness_UNIQUIFIED.sv
sed -i 's/module\( \+\)AsyncValidSync/module\1AsyncValidSync_TestHarness_UNIQUIFIED/' /work/chipyard/sims/verilator/generated-src/chipyard.harness.TestHarness.Baseline2CoreConfig/gen-collateral/AsyncValidSync_TestHarness_UNIQUIFIED.sv
sed -i 's/module\( \+\)AsyncValidSync/module\1AsyncValidSync_TestHarness_UNIQUIFIED/' /work/chipyard/sims/verilator/generated-src/chipyard.harness.TestHarness.Baseline2CoreConfig/gen-collateral/AsyncValidSync_TestHarness_UNIQUIFIED.sv
sed -i 's/module\( \+\)AsyncValidSync/module\1AsyncValidSync_TestHarness_UNIQUIFIED/' /work/chipyard/sims/verilator/generated-src/chipyard.harness.TestHarness.Baseline2CoreConfig/gen-collateral/AsyncValidSync_TestHarness_UNIQUIFIED.sv
sed -i 's/module\( \+\)AsyncValidSync/module\1AsyncValidSync_TestHarness_UNIQUIFIED/' /work/chipyard/sims/verilator/generated-src/chipyard.harness.TestHarness.Baseline2CoreConfig/gen-collateral/AsyncValidSync_TestHarness_UNIQUIFIED.sv
sed -i 's/module\( \+\)AsyncResetSynchronizerShiftReg_w4_d3_i0/module\1AsyncResetSynchronizerShiftReg_w4_d3_i0_TestHarness_UNIQUIFIED/' /work/chipyard/sims/verilator/generated-src/chipyard.harness.TestHarness.Baseline2CoreConfig/gen-collateral/AsyncResetSynchronizerShiftReg_w4_d3_i0_TestHarness_UNIQUIFIED.sv
sed -i 's/module\( \+\)AsyncValidSync/module\1AsyncValidSync_TestHarness_UNIQUIFIED/' /work/chipyard/sims/verilator/generated-src/chipyard.harness.TestHarness.Baseline2CoreConfig/gen-collateral/AsyncValidSync_TestHarness_UNIQUIFIED.sv
sed -i 's/module\( \+\)AsyncValidSync/module\1AsyncValidSync_TestHarness_UNIQUIFIED/' /work/chipyard/sims/verilator/generated-src/chipyard.harness.TestHarness.Baseline2CoreConfig/gen-collateral/AsyncValidSync_TestHarness_UNIQUIFIED.sv
sed -i 's/module\( \+\)AsyncValidSync/module\1AsyncValidSync_TestHarness_UNIQUIFIED/' /work/chipyard/sims/verilator/generated-src/chipyard.harness.TestHarness.Baseline2CoreConfig/gen-collateral/AsyncValidSync_TestHarness_UNIQUIFIED.sv
sed -i 's/module\( \+\)AsyncValidSync/module\1AsyncValidSync_TestHarness_UNIQUIFIED/' /work/chipyard/sims/verilator/generated-src/chipyard.harness.TestHarness.Baseline2CoreConfig/gen-collateral/AsyncValidSync_TestHarness_UNIQUIFIED.sv
sed -i 's/module\( \+\)AsyncResetSynchronizerShiftReg_w4_d3_i0/module\1AsyncResetSynchronizerShiftReg_w4_d3_i0_TestHarness_UNIQUIFIED/' /work/chipyard/sims/verilator/generated-src/chipyard.harness.TestHarness.Baseline2CoreConfig/gen-collateral/AsyncResetSynchronizerShiftReg_w4_d3_i0_TestHarness_UNIQUIFIED.sv
sed -i 's/module\( \+\)ClockCrossingReg_w32/module\1ClockCrossingReg_w32_TestHarness_UNIQUIFIED/' /work/chipyard/sims/verilator/generated-src/chipyard.harness.TestHarness.Baseline2CoreConfig/gen-collateral/ClockCrossingReg_w32_TestHarness_UNIQUIFIED.sv
sed -i 's/module\( \+\)AsyncValidSync/module\1AsyncValidSync_TestHarness_UNIQUIFIED/' /work/chipyard/sims/verilator/generated-src/chipyard.harness.TestHarness.Baseline2CoreConfig/gen-collateral/AsyncValidSync_TestHarness_UNIQUIFIED.sv
sed -i 's/module\( \+\)AsyncValidSync/module\1AsyncValidSync_TestHarness_UNIQUIFIED/' /work/chipyard/sims/verilator/generated-src/chipyard.harness.TestHarness.Baseline2CoreConfig/gen-collateral/AsyncValidSync_TestHarness_UNIQUIFIED.sv
sed -i 's/module\( \+\)AsyncValidSync/module\1AsyncValidSync_TestHarness_UNIQUIFIED/' /work/chipyard/sims/verilator/generated-src/chipyard.harness.TestHarness.Baseline2CoreConfig/gen-collateral/AsyncValidSync_TestHarness_UNIQUIFIED.sv
sed -i 's/module\( \+\)AsyncValidSync/module\1AsyncValidSync_TestHarness_UNIQUIFIED/' /work/chipyard/sims/verilator/generated-src/chipyard.harness.TestHarness.Baseline2CoreConfig/gen-collateral/AsyncValidSync_TestHarness_UNIQUIFIED.sv
sed -i 's/module\( \+\)AsyncResetSynchronizerShiftReg_w4_d3_i0/module\1AsyncResetSynchronizerShiftReg_w4_d3_i0_TestHarness_UNIQUIFIED/' /work/chipyard/sims/verilator/generated-src/chipyard.harness.TestHarness.Baseline2CoreConfig/gen-collateral/AsyncResetSynchronizerShiftReg_w4_d3_i0_TestHarness_UNIQUIFIED.sv
sed -i 's/module\( \+\)AsyncValidSync/module\1AsyncValidSync_TestHarness_UNIQUIFIED/' /work/chipyard/sims/verilator/generated-src/chipyard.harness.TestHarness.Baseline2CoreConfig/gen-collateral/AsyncValidSync_TestHarness_UNIQUIFIED.sv
sed -i 's/module\( \+\)AsyncValidSync/module\1AsyncValidSync_TestHarness_UNIQUIFIED/' /work/chipyard/sims/verilator/generated-src/chipyard.harness.TestHarness.Baseline2CoreConfig/gen-collateral/AsyncValidSync_TestHarness_UNIQUIFIED.sv
sed -i 's/module\( \+\)AsyncValidSync/module\1AsyncValidSync_TestHarness_UNIQUIFIED/' /work/chipyard/sims/verilator/generated-src/chipyard.harness.TestHarness.Baseline2CoreConfig/gen-collateral/AsyncValidSync_TestHarness_UNIQUIFIED.sv
sed -i 's/module\( \+\)AsyncValidSync/module\1AsyncValidSync_TestHarness_UNIQUIFIED/' /work/chipyard/sims/verilator/generated-src/chipyard.harness.TestHarness.Baseline2CoreConfig/gen-collateral/AsyncValidSync_TestHarness_UNIQUIFIED.sv
sed -i 's/module\( \+\)AsyncResetSynchronizerShiftReg_w4_d3_i0/module\1AsyncResetSynchronizerShiftReg_w4_d3_i0_TestHarness_UNIQUIFIED/' /work/chipyard/sims/verilator/generated-src/chipyard.harness.TestHarness.Baseline2CoreConfig/gen-collateral/AsyncResetSynchronizerShiftReg_w4_d3_i0_TestHarness_UNIQUIFIED.sv
sed -i 's/module\( \+\)ClockCrossingReg_w32/module\1ClockCrossingReg_w32_TestHarness_UNIQUIFIED/' /work/chipyard/sims/verilator/generated-src/chipyard.harness.TestHarness.Baseline2CoreConfig/gen-collateral/ClockCrossingReg_w32_TestHarness_UNIQUIFIED.sv
sed -i 's/module\( \+\)AsyncValidSync/module\1AsyncValidSync_TestHarness_UNIQUIFIED/' /work/chipyard/sims/verilator/generated-src/chipyard.harness.TestHarness.Baseline2CoreConfig/gen-collateral/AsyncValidSync_TestHarness_UNIQUIFIED.sv
sed -i 's/module\( \+\)AsyncValidSync/module\1AsyncValidSync_TestHarness_UNIQUIFIED/' /work/chipyard/sims/verilator/generated-src/chipyard.harness.TestHarness.Baseline2CoreConfig/gen-collateral/AsyncValidSync_TestHarness_UNIQUIFIED.sv
sed -i 's/module\( \+\)AsyncValidSync/module\1AsyncValidSync_TestHarness_UNIQUIFIED/' /work/chipyard/sims/verilator/generated-src/chipyard.harness.TestHarness.Baseline2CoreConfig/gen-collateral/AsyncValidSync_TestHarness_UNIQUIFIED.sv
sed -i 's/module\( \+\)AsyncValidSync/module\1AsyncValidSync_TestHarness_UNIQUIFIED/' /work/chipyard/sims/verilator/generated-src/chipyard.harness.TestHarness.Baseline2CoreConfig/gen-collateral/AsyncValidSync_TestHarness_UNIQUIFIED.sv
sed -i 's/module\( \+\)AsyncResetSynchronizerShiftReg_w4_d3_i0/module\1AsyncResetSynchronizerShiftReg_w4_d3_i0_TestHarness_UNIQUIFIED/' /work/chipyard/sims/verilator/generated-src/chipyard.harness.TestHarness.Baseline2CoreConfig/gen-collateral/AsyncResetSynchronizerShiftReg_w4_d3_i0_TestHarness_UNIQUIFIED.sv
sed -i 's/module\( \+\)AsyncValidSync/module\1AsyncValidSync_TestHarness_UNIQUIFIED/' /work/chipyard/sims/verilator/generated-src/chipyard.harness.TestHarness.Baseline2CoreConfig/gen-collateral/AsyncValidSync_TestHarness_UNIQUIFIED.sv
sed -i 's/module\( \+\)AsyncValidSync/module\1AsyncValidSync_TestHarness_UNIQUIFIED/' /work/chipyard/sims/verilator/generated-src/chipyard.harness.TestHarness.Baseline2CoreConfig/gen-collateral/AsyncValidSync_TestHarness_UNIQUIFIED.sv
sed -i 's/module\( \+\)AsyncValidSync/module\1AsyncValidSync_TestHarness_UNIQUIFIED/' /work/chipyard/sims/verilator/generated-src/chipyard.harness.TestHarness.Baseline2CoreConfig/gen-collateral/AsyncValidSync_TestHarness_UNIQUIFIED.sv
sed -i 's/module\( \+\)AsyncValidSync/module\1AsyncValidSync_TestHarness_UNIQUIFIED/' /work/chipyard/sims/verilator/generated-src/chipyard.harness.TestHarness.Baseline2CoreConfig/gen-collateral/AsyncValidSync_TestHarness_UNIQUIFIED.sv
sed -i 's/module\( \+\)AsyncResetSynchronizerShiftReg_w4_d3_i0/module\1AsyncResetSynchronizerShiftReg_w4_d3_i0_TestHarness_UNIQUIFIED/' /work/chipyard/sims/verilator/generated-src/chipyard.harness.TestHarness.Baseline2CoreConfig/gen-collateral/AsyncResetSynchronizerShiftReg_w4_d3_i0_TestHarness_UNIQUIFIED.sv
sed -i 's/module\( \+\)ClockCrossingReg_w32/module\1ClockCrossingReg_w32_TestHarness_UNIQUIFIED/' /work/chipyard/sims/verilator/generated-src/chipyard.harness.TestHarness.Baseline2CoreConfig/gen-collateral/ClockCrossingReg_w32_TestHarness_UNIQUIFIED.sv
sed -i 's/module\( \+\)AsyncValidSync/module\1AsyncValidSync_TestHarness_UNIQUIFIED/' /work/chipyard/sims/verilator/generated-src/chipyard.harness.TestHarness.Baseline2CoreConfig/gen-collateral/AsyncValidSync_TestHarness_UNIQUIFIED.sv
sed -i 's/module\( \+\)AsyncValidSync/module\1AsyncValidSync_TestHarness_UNIQUIFIED/' /work/chipyard/sims/verilator/generated-src/chipyard.harness.TestHarness.Baseline2CoreConfig/gen-collateral/AsyncValidSync_TestHarness_UNIQUIFIED.sv
sed -i 's/module\( \+\)AsyncValidSync/module\1AsyncValidSync_TestHarness_UNIQUIFIED/' /work/chipyard/sims/verilator/generated-src/chipyard.harness.TestHarness.Baseline2CoreConfig/gen-collateral/AsyncValidSync_TestHarness_UNIQUIFIED.sv
sed -i 's/module\( \+\)AsyncValidSync/module\1AsyncValidSync_TestHarness_UNIQUIFIED/' /work/chipyard/sims/verilator/generated-src/chipyard.harness.TestHarness.Baseline2CoreConfig/gen-collateral/AsyncValidSync_TestHarness_UNIQUIFIED.sv
sed -i 's/module\( \+\)AsyncResetSynchronizerShiftReg_w4_d3_i0/module\1AsyncResetSynchronizerShiftReg_w4_d3_i0_TestHarness_UNIQUIFIED/' /work/chipyard/sims/verilator/generated-src/chipyard.harness.TestHarness.Baseline2CoreConfig/gen-collateral/AsyncResetSynchronizerShiftReg_w4_d3_i0_TestHarness_UNIQUIFIED.sv
sed -i 's/module\( \+\)AsyncValidSync/module\1AsyncValidSync_TestHarness_UNIQUIFIED/' /work/chipyard/sims/verilator/generated-src/chipyard.harness.TestHarness.Baseline2CoreConfig/gen-collateral/AsyncValidSync_TestHarness_UNIQUIFIED.sv
sed -i 's/module\( \+\)AsyncValidSync/module\1AsyncValidSync_TestHarness_UNIQUIFIED/' /work/chipyard/sims/verilator/generated-src/chipyard.harness.TestHarness.Baseline2CoreConfig/gen-collateral/AsyncValidSync_TestHarness_UNIQUIFIED.sv
sed -i 's/module\( \+\)AsyncValidSync/module\1AsyncValidSync_TestHarness_UNIQUIFIED/' /work/chipyard/sims/verilator/generated-src/chipyard.harness.TestHarness.Baseline2CoreConfig/gen-collateral/AsyncValidSync_TestHarness_UNIQUIFIED.sv
sed -i 's/module\( \+\)AsyncValidSync/module\1AsyncValidSync_TestHarness_UNIQUIFIED/' /work/chipyard/sims/verilator/generated-src/chipyard.harness.TestHarness.Baseline2CoreConfig/gen-collateral/AsyncValidSync_TestHarness_UNIQUIFIED.sv
sed -i 's/module\( \+\)AsyncResetSynchronizerShiftReg_w4_d3_i0/module\1AsyncResetSynchronizerShiftReg_w4_d3_i0_TestHarness_UNIQUIFIED/' /work/chipyard/sims/verilator/generated-src/chipyard.harness.TestHarness.Baseline2CoreConfig/gen-collateral/AsyncResetSynchronizerShiftReg_w4_d3_i0_TestHarness_UNIQUIFIED.sv
sed -i 's/module\( \+\)ClockCrossingReg_w32/module\1ClockCrossingReg_w32_TestHarness_UNIQUIFIED/' /work/chipyard/sims/verilator/generated-src/chipyard.harness.TestHarness.Baseline2CoreConfig/gen-collateral/ClockCrossingReg_w32_TestHarness_UNIQUIFIED.sv
sed -i 's/module\( \+\)AsyncValidSync/module\1AsyncValidSync_TestHarness_UNIQUIFIED/' /work/chipyard/sims/verilator/generated-src/chipyard.harness.TestHarness.Baseline2CoreConfig/gen-collateral/AsyncValidSync_TestHarness_UNIQUIFIED.sv
sed -i 's/module\( \+\)AsyncValidSync/module\1AsyncValidSync_TestHarness_UNIQUIFIED/' /work/chipyard/sims/verilator/generated-src/chipyard.harness.TestHarness.Baseline2CoreConfig/gen-collateral/AsyncValidSync_TestHarness_UNIQUIFIED.sv
sed -i 's/module\( \+\)AsyncValidSync/module\1AsyncValidSync_TestHarness_UNIQUIFIED/' /work/chipyard/sims/verilator/generated-src/chipyard.harness.TestHarness.Baseline2CoreConfig/gen-collateral/AsyncValidSync_TestHarness_UNIQUIFIED.sv
sed -i 's/module\( \+\)AsyncValidSync/module\1AsyncValidSync_TestHarness_UNIQUIFIED/' /work/chipyard/sims/verilator/generated-src/chipyard.harness.TestHarness.Baseline2CoreConfig/gen-collateral/AsyncValidSync_TestHarness_UNIQUIFIED.sv
sed -i 's/module\( \+\)AsyncResetSynchronizerShiftReg_w4_d3_i0/module\1AsyncResetSynchronizerShiftReg_w4_d3_i0_TestHarness_UNIQUIFIED/' /work/chipyard/sims/verilator/generated-src/chipyard.harness.TestHarness.Baseline2CoreConfig/gen-collateral/AsyncResetSynchronizerShiftReg_w4_d3_i0_TestHarness_UNIQUIFIED.sv
sed -i 's/module\( \+\)AsyncValidSync/module\1AsyncValidSync_TestHarness_UNIQUIFIED/' /work/chipyard/sims/verilator/generated-src/chipyard.harness.TestHarness.Baseline2CoreConfig/gen-collateral/AsyncValidSync_TestHarness_UNIQUIFIED.sv
sed -i 's/module\( \+\)AsyncValidSync/module\1AsyncValidSync_TestHarness_UNIQUIFIED/' /work/chipyard/sims/verilator/generated-src/chipyard.harness.TestHarness.Baseline2CoreConfig/gen-collateral/AsyncValidSync_TestHarness_UNIQUIFIED.sv
sed -i 's/module\( \+\)AsyncValidSync/module\1AsyncValidSync_TestHarness_UNIQUIFIED/' /work/chipyard/sims/verilator/generated-src/chipyard.harness.TestHarness.Baseline2CoreConfig/gen-collateral/AsyncValidSync_TestHarness_UNIQUIFIED.sv
sed -i 's/module\( \+\)AsyncValidSync/module\1AsyncValidSync_TestHarness_UNIQUIFIED/' /work/chipyard/sims/verilator/generated-src/chipyard.harness.TestHarness.Baseline2CoreConfig/gen-collateral/AsyncValidSync_TestHarness_UNIQUIFIED.sv
sed -i 's/module\( \+\)AsyncResetSynchronizerShiftReg_w4_d3_i0/module\1AsyncResetSynchronizerShiftReg_w4_d3_i0_TestHarness_UNIQUIFIED/' /work/chipyard/sims/verilator/generated-src/chipyard.harness.TestHarness.Baseline2CoreConfig/gen-collateral/AsyncResetSynchronizerShiftReg_w4_d3_i0_TestHarness_UNIQUIFIED.sv
sed -i 's/module\( \+\)ClockCrossingReg_w32/module\1ClockCrossingReg_w32_TestHarness_UNIQUIFIED/' /work/chipyard/sims/verilator/generated-src/chipyard.harness.TestHarness.Baseline2CoreConfig/gen-collateral/ClockCrossingReg_w32_TestHarness_UNIQUIFIED.sv
sed -i 's/module\( \+\)AsyncValidSync/module\1AsyncValidSync_TestHarness_UNIQUIFIED/' /work/chipyard/sims/verilator/generated-src/chipyard.harness.TestHarness.Baseline2CoreConfig/gen-collateral/AsyncValidSync_TestHarness_UNIQUIFIED.sv
sed -i 's/module\( \+\)AsyncValidSync/module\1AsyncValidSync_TestHarness_UNIQUIFIED/' /work/chipyard/sims/verilator/generated-src/chipyard.harness.TestHarness.Baseline2CoreConfig/gen-collateral/AsyncValidSync_TestHarness_UNIQUIFIED.sv
sed -i 's/module\( \+\)AsyncValidSync/module\1AsyncValidSync_TestHarness_UNIQUIFIED/' /work/chipyard/sims/verilator/generated-src/chipyard.harness.TestHarness.Baseline2CoreConfig/gen-collateral/AsyncValidSync_TestHarness_UNIQUIFIED.sv
sed -i 's/module\( \+\)AsyncValidSync/module\1AsyncValidSync_TestHarness_UNIQUIFIED/' /work/chipyard/sims/verilator/generated-src/chipyard.harness.TestHarness.Baseline2CoreConfig/gen-collateral/AsyncValidSync_TestHarness_UNIQUIFIED.sv
sed -i 's/module\( \+\)AsyncResetSynchronizerShiftReg_w4_d3_i0/module\1AsyncResetSynchronizerShiftReg_w4_d3_i0_TestHarness_UNIQUIFIED/' /work/chipyard/sims/verilator/generated-src/chipyard.harness.TestHarness.Baseline2CoreConfig/gen-collateral/AsyncResetSynchronizerShiftReg_w4_d3_i0_TestHarness_UNIQUIFIED.sv
sed -i 's/module\( \+\)AsyncValidSync/module\1AsyncValidSync_TestHarness_UNIQUIFIED/' /work/chipyard/sims/verilator/generated-src/chipyard.harness.TestHarness.Baseline2CoreConfig/gen-collateral/AsyncValidSync_TestHarness_UNIQUIFIED.sv
sed -i 's/module\( \+\)AsyncValidSync/module\1AsyncValidSync_TestHarness_UNIQUIFIED/' /work/chipyard/sims/verilator/generated-src/chipyard.harness.TestHarness.Baseline2CoreConfig/gen-collateral/AsyncValidSync_TestHarness_UNIQUIFIED.sv
sed -i 's/module\( \+\)AsyncValidSync/module\1AsyncValidSync_TestHarness_UNIQUIFIED/' /work/chipyard/sims/verilator/generated-src/chipyard.harness.TestHarness.Baseline2CoreConfig/gen-collateral/AsyncValidSync_TestHarness_UNIQUIFIED.sv
sed -i 's/module\( \+\)AsyncValidSync/module\1AsyncValidSync_TestHarness_UNIQUIFIED/' /work/chipyard/sims/verilator/generated-src/chipyard.harness.TestHarness.Baseline2CoreConfig/gen-collateral/AsyncValidSync_TestHarness_UNIQUIFIED.sv
sed -i 's/module\( \+\)AsyncResetSynchronizerShiftReg_w4_d3_i0/module\1AsyncResetSynchronizerShiftReg_w4_d3_i0_TestHarness_UNIQUIFIED/' /work/chipyard/sims/verilator/generated-src/chipyard.harness.TestHarness.Baseline2CoreConfig/gen-collateral/AsyncResetSynchronizerShiftReg_w4_d3_i0_TestHarness_UNIQUIFIED.sv
sed -i 's/module\( \+\)ClockCrossingReg_w32/module\1ClockCrossingReg_w32_TestHarness_UNIQUIFIED/' /work/chipyard/sims/verilator/generated-src/chipyard.harness.TestHarness.Baseline2CoreConfig/gen-collateral/ClockCrossingReg_w32_TestHarness_UNIQUIFIED.sv
sed -i 's/module\( \+\)AsyncValidSync/module\1AsyncValidSync_TestHarness_UNIQUIFIED/' /work/chipyard/sims/verilator/generated-src/chipyard.harness.TestHarness.Baseline2CoreConfig/gen-collateral/AsyncValidSync_TestHarness_UNIQUIFIED.sv
sed -i 's/module\( \+\)AsyncValidSync/module\1AsyncValidSync_TestHarness_UNIQUIFIED/' /work/chipyard/sims/verilator/generated-src/chipyard.harness.TestHarness.Baseline2CoreConfig/gen-collateral/AsyncValidSync_TestHarness_UNIQUIFIED.sv
sed -i 's/module\( \+\)AsyncValidSync/module\1AsyncValidSync_TestHarness_UNIQUIFIED/' /work/chipyard/sims/verilator/generated-src/chipyard.harness.TestHarness.Baseline2CoreConfig/gen-collateral/AsyncValidSync_TestHarness_UNIQUIFIED.sv
sed -i 's/module\( \+\)AsyncValidSync/module\1AsyncValidSync_TestHarness_UNIQUIFIED/' /work/chipyard/sims/verilator/generated-src/chipyard.harness.TestHarness.Baseline2CoreConfig/gen-collateral/AsyncValidSync_TestHarness_UNIQUIFIED.sv
sed -i 's/module\( \+\)AsyncResetSynchronizerShiftReg_w4_d3_i0/module\1AsyncResetSynchronizerShiftReg_w4_d3_i0_TestHarness_UNIQUIFIED/' /work/chipyard/sims/verilator/generated-src/chipyard.harness.TestHarness.Baseline2CoreConfig/gen-collateral/AsyncResetSynchronizerShiftReg_w4_d3_i0_TestHarness_UNIQUIFIED.sv
sed -i 's/module\( \+\)AsyncValidSync/module\1AsyncValidSync_TestHarness_UNIQUIFIED/' /work/chipyard/sims/verilator/generated-src/chipyard.harness.TestHarness.Baseline2CoreConfig/gen-collateral/AsyncValidSync_TestHarness_UNIQUIFIED.sv
sed -i 's/module\( \+\)AsyncValidSync/module\1AsyncValidSync_TestHarness_UNIQUIFIED/' /work/chipyard/sims/verilator/generated-src/chipyard.harness.TestHarness.Baseline2CoreConfig/gen-collateral/AsyncValidSync_TestHarness_UNIQUIFIED.sv
sed -i 's/module\( \+\)AsyncValidSync/module\1AsyncValidSync_TestHarness_UNIQUIFIED/' /work/chipyard/sims/verilator/generated-src/chipyard.harness.TestHarness.Baseline2CoreConfig/gen-collateral/AsyncValidSync_TestHarness_UNIQUIFIED.sv
sed -i 's/module\( \+\)AsyncValidSync/module\1AsyncValidSync_TestHarness_UNIQUIFIED/' /work/chipyard/sims/verilator/generated-src/chipyard.harness.TestHarness.Baseline2CoreConfig/gen-collateral/AsyncValidSync_TestHarness_UNIQUIFIED.sv
sed -i 's/module\( \+\)AsyncResetSynchronizerShiftReg_w4_d3_i0/module\1AsyncResetSynchronizerShiftReg_w4_d3_i0_TestHarness_UNIQUIFIED/' /work/chipyard/sims/verilator/generated-src/chipyard.harness.TestHarness.Baseline2CoreConfig/gen-collateral/AsyncResetSynchronizerShiftReg_w4_d3_i0_TestHarness_UNIQUIFIED.sv
sed -i 's/module\( \+\)ClockCrossingReg_w32/module\1ClockCrossingReg_w32_TestHarness_UNIQUIFIED/' /work/chipyard/sims/verilator/generated-src/chipyard.harness.TestHarness.Baseline2CoreConfig/gen-collateral/ClockCrossingReg_w32_TestHarness_UNIQUIFIED.sv
sed -i 's/module\( \+\)AsyncValidSync/module\1AsyncValidSync_TestHarness_UNIQUIFIED/' /work/chipyard/sims/verilator/generated-src/chipyard.harness.TestHarness.Baseline2CoreConfig/gen-collateral/AsyncValidSync_TestHarness_UNIQUIFIED.sv
sed -i 's/module\( \+\)AsyncValidSync/module\1AsyncValidSync_TestHarness_UNIQUIFIED/' /work/chipyard/sims/verilator/generated-src/chipyard.harness.TestHarness.Baseline2CoreConfig/gen-collateral/AsyncValidSync_TestHarness_UNIQUIFIED.sv
sed -i 's/module\( \+\)AsyncValidSync/module\1AsyncValidSync_TestHarness_UNIQUIFIED/' /work/chipyard/sims/verilator/generated-src/chipyard.harness.TestHarness.Baseline2CoreConfig/gen-collateral/AsyncValidSync_TestHarness_UNIQUIFIED.sv
sed -i 's/module\( \+\)AsyncValidSync/module\1AsyncValidSync_TestHarness_UNIQUIFIED/' /work/chipyard/sims/verilator/generated-src/chipyard.harness.TestHarness.Baseline2CoreConfig/gen-collateral/AsyncValidSync_TestHarness_UNIQUIFIED.sv
sed -i 's/module\( \+\)AsyncResetSynchronizerShiftReg_w4_d3_i0/module\1AsyncResetSynchronizerShiftReg_w4_d3_i0_TestHarness_UNIQUIFIED/' /work/chipyard/sims/verilator/generated-src/chipyard.harness.TestHarness.Baseline2CoreConfig/gen-collateral/AsyncResetSynchronizerShiftReg_w4_d3_i0_TestHarness_UNIQUIFIED.sv
sed -i 's/module\( \+\)AsyncValidSync/module\1AsyncValidSync_TestHarness_UNIQUIFIED/' /work/chipyard/sims/verilator/generated-src/chipyard.harness.TestHarness.Baseline2CoreConfig/gen-collateral/AsyncValidSync_TestHarness_UNIQUIFIED.sv
sed -i 's/module\( \+\)AsyncValidSync/module\1AsyncValidSync_TestHarness_UNIQUIFIED/' /work/chipyard/sims/verilator/generated-src/chipyard.harness.TestHarness.Baseline2CoreConfig/gen-collateral/AsyncValidSync_TestHarness_UNIQUIFIED.sv
sed -i 's/module\( \+\)AsyncValidSync/module\1AsyncValidSync_TestHarness_UNIQUIFIED/' /work/chipyard/sims/verilator/generated-src/chipyard.harness.TestHarness.Baseline2CoreConfig/gen-collateral/AsyncValidSync_TestHarness_UNIQUIFIED.sv
sed -i 's/module\( \+\)AsyncValidSync/module\1AsyncValidSync_TestHarness_UNIQUIFIED/' /work/chipyard/sims/verilator/generated-src/chipyard.harness.TestHarness.Baseline2CoreConfig/gen-collateral/AsyncValidSync_TestHarness_UNIQUIFIED.sv
sed -i 's/module\( \+\)AsyncResetSynchronizerShiftReg_w4_d3_i0/module\1AsyncResetSynchronizerShiftReg_w4_d3_i0_TestHarness_UNIQUIFIED/' /work/chipyard/sims/verilator/generated-src/chipyard.harness.TestHarness.Baseline2CoreConfig/gen-collateral/AsyncResetSynchronizerShiftReg_w4_d3_i0_TestHarness_UNIQUIFIED.sv
sed -i 's/module\( \+\)ClockCrossingReg_w32/module\1ClockCrossingReg_w32_TestHarness_UNIQUIFIED/' /work/chipyard/sims/verilator/generated-src/chipyard.harness.TestHarness.Baseline2CoreConfig/gen-collateral/ClockCrossingReg_w32_TestHarness_UNIQUIFIED.sv
sed -i 's/module\( \+\)AsyncValidSync/module\1AsyncValidSync_TestHarness_UNIQUIFIED/' /work/chipyard/sims/verilator/generated-src/chipyard.harness.TestHarness.Baseline2CoreConfig/gen-collateral/AsyncValidSync_TestHarness_UNIQUIFIED.sv
sed -i 's/module\( \+\)AsyncValidSync/module\1AsyncValidSync_TestHarness_UNIQUIFIED/' /work/chipyard/sims/verilator/generated-src/chipyard.harness.TestHarness.Baseline2CoreConfig/gen-collateral/AsyncValidSync_TestHarness_UNIQUIFIED.sv
sed -i 's/module\( \+\)AsyncValidSync/module\1AsyncValidSync_TestHarness_UNIQUIFIED/' /work/chipyard/sims/verilator/generated-src/chipyard.harness.TestHarness.Baseline2CoreConfig/gen-collateral/AsyncValidSync_TestHarness_UNIQUIFIED.sv
sed -i 's/module\( \+\)AsyncValidSync/module\1AsyncValidSync_TestHarness_UNIQUIFIED/' /work/chipyard/sims/verilator/generated-src/chipyard.harness.TestHarness.Baseline2CoreConfig/gen-collateral/AsyncValidSync_TestHarness_UNIQUIFIED.sv
sed -i 's/module\( \+\)AsyncResetSynchronizerPrimitiveShiftReg_d3_i0/module\1AsyncResetSynchronizerPrimitiveShiftReg_d3_i0_TestHarness_UNIQUIFIED/' /work/chipyard/sims/verilator/generated-src/chipyard.harness.TestHarness.Baseline2CoreConfig/gen-collateral/AsyncResetSynchronizerPrimitiveShiftReg_d3_i0_TestHarness_UNIQUIFIED.sv
sed -i 's/\( \*\)AsyncResetSynchronizerPrimitiveShiftReg_d3_i0\( \+\)/\1AsyncResetSynchronizerPrimitiveShiftReg_d3_i0_TestHarness_UNIQUIFIED\2/' /work/chipyard/sims/verilator/generated-src/chipyard.harness.TestHarness.Baseline2CoreConfig/gen-collateral/AsyncResetSynchronizerShiftReg_w4_d3_i0_TestHarness_UNIQUIFIED.sv
sed -i 's/module\( \+\)AsyncResetSynchronizerPrimitiveShiftReg_d3_i0/module\1AsyncResetSynchronizerPrimitiveShiftReg_d3_i0_TestHarness_UNIQUIFIED/' /work/chipyard/sims/verilator/generated-src/chipyard.harness.TestHarness.Baseline2CoreConfig/gen-collateral/AsyncResetSynchronizerPrimitiveShiftReg_d3_i0_TestHarness_UNIQUIFIED.sv
sed -i 's/module\( \+\)AsyncResetSynchronizerPrimitiveShiftReg_d3_i0/module\1AsyncResetSynchronizerPrimitiveShiftReg_d3_i0_TestHarness_UNIQUIFIED/' /work/chipyard/sims/verilator/generated-src/chipyard.harness.TestHarness.Baseline2CoreConfig/gen-collateral/AsyncResetSynchronizerPrimitiveShiftReg_d3_i0_TestHarness_UNIQUIFIED.sv
sed -i 's/module\( \+\)AsyncResetSynchronizerPrimitiveShiftReg_d3_i0/module\1AsyncResetSynchronizerPrimitiveShiftReg_d3_i0_TestHarness_UNIQUIFIED/' /work/chipyard/sims/verilator/generated-src/chipyard.harness.TestHarness.Baseline2CoreConfig/gen-collateral/AsyncResetSynchronizerPrimitiveShiftReg_d3_i0_TestHarness_UNIQUIFIED.sv
sed -i 's/module\( \+\)AsyncResetSynchronizerShiftReg_w1_d3_i0_1/module\1AsyncResetSynchronizerShiftReg_w1_d3_i0_1_TestHarness_UNIQUIFIED/' /work/chipyard/sims/verilator/generated-src/chipyard.harness.TestHarness.Baseline2CoreConfig/gen-collateral/AsyncResetSynchronizerShiftReg_w1_d3_i0_1_TestHarness_UNIQUIFIED.sv
sed -i 's/\( \*\)AsyncResetSynchronizerShiftReg_w1_d3_i0_1\( \+\)/\1AsyncResetSynchronizerShiftReg_w1_d3_i0_1_TestHarness_UNIQUIFIED\2/' /work/chipyard/sims/verilator/generated-src/chipyard.harness.TestHarness.Baseline2CoreConfig/gen-collateral/AsyncValidSync_TestHarness_UNIQUIFIED.sv
sed -i 's/module\( \+\)AsyncResetSynchronizerShiftReg_w1_d3_i0_1/module\1AsyncResetSynchronizerShiftReg_w1_d3_i0_1_TestHarness_UNIQUIFIED/' /work/chipyard/sims/verilator/generated-src/chipyard.harness.TestHarness.Baseline2CoreConfig/gen-collateral/AsyncResetSynchronizerShiftReg_w1_d3_i0_1_TestHarness_UNIQUIFIED.sv
sed -i 's/module\( \+\)AsyncResetSynchronizerShiftReg_w1_d3_i0_1/module\1AsyncResetSynchronizerShiftReg_w1_d3_i0_1_TestHarness_UNIQUIFIED/' /work/chipyard/sims/verilator/generated-src/chipyard.harness.TestHarness.Baseline2CoreConfig/gen-collateral/AsyncResetSynchronizerShiftReg_w1_d3_i0_1_TestHarness_UNIQUIFIED.sv
sed -i 's/module\( \+\)AsyncResetSynchronizerShiftReg_w1_d3_i0_1/module\1AsyncResetSynchronizerShiftReg_w1_d3_i0_1_TestHarness_UNIQUIFIED/' /work/chipyard/sims/verilator/generated-src/chipyard.harness.TestHarness.Baseline2CoreConfig/gen-collateral/AsyncResetSynchronizerShiftReg_w1_d3_i0_1_TestHarness_UNIQUIFIED.sv
sed -i 's/module\( \+\)AsyncResetSynchronizerPrimitiveShiftReg_d3_i0/module\1AsyncResetSynchronizerPrimitiveShiftReg_d3_i0_TestHarness_UNIQUIFIED/' /work/chipyard/sims/verilator/generated-src/chipyard.harness.TestHarness.Baseline2CoreConfig/gen-collateral/AsyncResetSynchronizerPrimitiveShiftReg_d3_i0_TestHarness_UNIQUIFIED.sv
sed -i 's/module\( \+\)AsyncResetSynchronizerPrimitiveShiftReg_d3_i0/module\1AsyncResetSynchronizerPrimitiveShiftReg_d3_i0_TestHarness_UNIQUIFIED/' /work/chipyard/sims/verilator/generated-src/chipyard.harness.TestHarness.Baseline2CoreConfig/gen-collateral/AsyncResetSynchronizerPrimitiveShiftReg_d3_i0_TestHarness_UNIQUIFIED.sv
sed -i 's/module\( \+\)AsyncResetSynchronizerPrimitiveShiftReg_d3_i0/module\1AsyncResetSynchronizerPrimitiveShiftReg_d3_i0_TestHarness_UNIQUIFIED/' /work/chipyard/sims/verilator/generated-src/chipyard.harness.TestHarness.Baseline2CoreConfig/gen-collateral/AsyncResetSynchronizerPrimitiveShiftReg_d3_i0_TestHarness_UNIQUIFIED.sv
sed -i 's/module\( \+\)AsyncResetSynchronizerPrimitiveShiftReg_d3_i0/module\1AsyncResetSynchronizerPrimitiveShiftReg_d3_i0_TestHarness_UNIQUIFIED/' /work/chipyard/sims/verilator/generated-src/chipyard.harness.TestHarness.Baseline2CoreConfig/gen-collateral/AsyncResetSynchronizerPrimitiveShiftReg_d3_i0_TestHarness_UNIQUIFIED.sv
sed -i 's/module\( \+\)AsyncResetSynchronizerShiftReg_w1_d3_i0_1/module\1AsyncResetSynchronizerShiftReg_w1_d3_i0_1_TestHarness_UNIQUIFIED/' /work/chipyard/sims/verilator/generated-src/chipyard.harness.TestHarness.Baseline2CoreConfig/gen-collateral/AsyncResetSynchronizerShiftReg_w1_d3_i0_1_TestHarness_UNIQUIFIED.sv
sed -i 's/module\( \+\)AsyncResetSynchronizerShiftReg_w1_d3_i0_1/module\1AsyncResetSynchronizerShiftReg_w1_d3_i0_1_TestHarness_UNIQUIFIED/' /work/chipyard/sims/verilator/generated-src/chipyard.harness.TestHarness.Baseline2CoreConfig/gen-collateral/AsyncResetSynchronizerShiftReg_w1_d3_i0_1_TestHarness_UNIQUIFIED.sv
sed -i 's/module\( \+\)AsyncResetSynchronizerShiftReg_w1_d3_i0_1/module\1AsyncResetSynchronizerShiftReg_w1_d3_i0_1_TestHarness_UNIQUIFIED/' /work/chipyard/sims/verilator/generated-src/chipyard.harness.TestHarness.Baseline2CoreConfig/gen-collateral/AsyncResetSynchronizerShiftReg_w1_d3_i0_1_TestHarness_UNIQUIFIED.sv
sed -i 's/module\( \+\)AsyncResetSynchronizerShiftReg_w1_d3_i0_1/module\1AsyncResetSynchronizerShiftReg_w1_d3_i0_1_TestHarness_UNIQUIFIED/' /work/chipyard/sims/verilator/generated-src/chipyard.harness.TestHarness.Baseline2CoreConfig/gen-collateral/AsyncResetSynchronizerShiftReg_w1_d3_i0_1_TestHarness_UNIQUIFIED.sv
sed -i 's/module\( \+\)AsyncResetSynchronizerPrimitiveShiftReg_d3_i0/module\1AsyncResetSynchronizerPrimitiveShiftReg_d3_i0_TestHarness_UNIQUIFIED/' /work/chipyard/sims/verilator/generated-src/chipyard.harness.TestHarness.Baseline2CoreConfig/gen-collateral/AsyncResetSynchronizerPrimitiveShiftReg_d3_i0_TestHarness_UNIQUIFIED.sv
sed -i 's/module\( \+\)AsyncResetSynchronizerPrimitiveShiftReg_d3_i0/module\1AsyncResetSynchronizerPrimitiveShiftReg_d3_i0_TestHarness_UNIQUIFIED/' /work/chipyard/sims/verilator/generated-src/chipyard.harness.TestHarness.Baseline2CoreConfig/gen-collateral/AsyncResetSynchronizerPrimitiveShiftReg_d3_i0_TestHarness_UNIQUIFIED.sv
sed -i 's/module\( \+\)AsyncResetSynchronizerPrimitiveShiftReg_d3_i0/module\1AsyncResetSynchronizerPrimitiveShiftReg_d3_i0_TestHarness_UNIQUIFIED/' /work/chipyard/sims/verilator/generated-src/chipyard.harness.TestHarness.Baseline2CoreConfig/gen-collateral/AsyncResetSynchronizerPrimitiveShiftReg_d3_i0_TestHarness_UNIQUIFIED.sv
sed -i 's/module\( \+\)AsyncResetSynchronizerPrimitiveShiftReg_d3_i0/module\1AsyncResetSynchronizerPrimitiveShiftReg_d3_i0_TestHarness_UNIQUIFIED/' /work/chipyard/sims/verilator/generated-src/chipyard.harness.TestHarness.Baseline2CoreConfig/gen-collateral/AsyncResetSynchronizerPrimitiveShiftReg_d3_i0_TestHarness_UNIQUIFIED.sv
sed -i 's/module\( \+\)AsyncResetSynchronizerShiftReg_w1_d3_i0_1/module\1AsyncResetSynchronizerShiftReg_w1_d3_i0_1_TestHarness_UNIQUIFIED/' /work/chipyard/sims/verilator/generated-src/chipyard.harness.TestHarness.Baseline2CoreConfig/gen-collateral/AsyncResetSynchronizerShiftReg_w1_d3_i0_1_TestHarness_UNIQUIFIED.sv
sed -i 's/module\( \+\)AsyncResetSynchronizerShiftReg_w1_d3_i0_1/module\1AsyncResetSynchronizerShiftReg_w1_d3_i0_1_TestHarness_UNIQUIFIED/' /work/chipyard/sims/verilator/generated-src/chipyard.harness.TestHarness.Baseline2CoreConfig/gen-collateral/AsyncResetSynchronizerShiftReg_w1_d3_i0_1_TestHarness_UNIQUIFIED.sv
sed -i 's/module\( \+\)AsyncResetSynchronizerShiftReg_w1_d3_i0_1/module\1AsyncResetSynchronizerShiftReg_w1_d3_i0_1_TestHarness_UNIQUIFIED/' /work/chipyard/sims/verilator/generated-src/chipyard.harness.TestHarness.Baseline2CoreConfig/gen-collateral/AsyncResetSynchronizerShiftReg_w1_d3_i0_1_TestHarness_UNIQUIFIED.sv
sed -i 's/module\( \+\)AsyncResetSynchronizerShiftReg_w1_d3_i0_1/module\1AsyncResetSynchronizerShiftReg_w1_d3_i0_1_TestHarness_UNIQUIFIED/' /work/chipyard/sims/verilator/generated-src/chipyard.harness.TestHarness.Baseline2CoreConfig/gen-collateral/AsyncResetSynchronizerShiftReg_w1_d3_i0_1_TestHarness_UNIQUIFIED.sv
sed -i 's/module\( \+\)AsyncResetSynchronizerPrimitiveShiftReg_d3_i0/module\1AsyncResetSynchronizerPrimitiveShiftReg_d3_i0_TestHarness_UNIQUIFIED/' /work/chipyard/sims/verilator/generated-src/chipyard.harness.TestHarness.Baseline2CoreConfig/gen-collateral/AsyncResetSynchronizerPrimitiveShiftReg_d3_i0_TestHarness_UNIQUIFIED.sv
sed -i 's/module\( \+\)AsyncResetSynchronizerPrimitiveShiftReg_d3_i0/module\1AsyncResetSynchronizerPrimitiveShiftReg_d3_i0_TestHarness_UNIQUIFIED/' /work/chipyard/sims/verilator/generated-src/chipyard.harness.TestHarness.Baseline2CoreConfig/gen-collateral/AsyncResetSynchronizerPrimitiveShiftReg_d3_i0_TestHarness_UNIQUIFIED.sv
sed -i 's/module\( \+\)AsyncResetSynchronizerPrimitiveShiftReg_d3_i0/module\1AsyncResetSynchronizerPrimitiveShiftReg_d3_i0_TestHarness_UNIQUIFIED/' /work/chipyard/sims/verilator/generated-src/chipyard.harness.TestHarness.Baseline2CoreConfig/gen-collateral/AsyncResetSynchronizerPrimitiveShiftReg_d3_i0_TestHarness_UNIQUIFIED.sv
sed -i 's/module\( \+\)AsyncResetSynchronizerPrimitiveShiftReg_d3_i0/module\1AsyncResetSynchronizerPrimitiveShiftReg_d3_i0_TestHarness_UNIQUIFIED/' /work/chipyard/sims/verilator/generated-src/chipyard.harness.TestHarness.Baseline2CoreConfig/gen-collateral/AsyncResetSynchronizerPrimitiveShiftReg_d3_i0_TestHarness_UNIQUIFIED.sv
sed -i 's/module\( \+\)AsyncResetSynchronizerShiftReg_w1_d3_i0_1/module\1AsyncResetSynchronizerShiftReg_w1_d3_i0_1_TestHarness_UNIQUIFIED/' /work/chipyard/sims/verilator/generated-src/chipyard.harness.TestHarness.Baseline2CoreConfig/gen-collateral/AsyncResetSynchronizerShiftReg_w1_d3_i0_1_TestHarness_UNIQUIFIED.sv
sed -i 's/module\( \+\)AsyncResetSynchronizerShiftReg_w1_d3_i0_1/module\1AsyncResetSynchronizerShiftReg_w1_d3_i0_1_TestHarness_UNIQUIFIED/' /work/chipyard/sims/verilator/generated-src/chipyard.harness.TestHarness.Baseline2CoreConfig/gen-collateral/AsyncResetSynchronizerShiftReg_w1_d3_i0_1_TestHarness_UNIQUIFIED.sv
sed -i 's/module\( \+\)AsyncResetSynchronizerShiftReg_w1_d3_i0_1/module\1AsyncResetSynchronizerShiftReg_w1_d3_i0_1_TestHarness_UNIQUIFIED/' /work/chipyard/sims/verilator/generated-src/chipyard.harness.TestHarness.Baseline2CoreConfig/gen-collateral/AsyncResetSynchronizerShiftReg_w1_d3_i0_1_TestHarness_UNIQUIFIED.sv
sed -i 's/module\( \+\)AsyncResetSynchronizerShiftReg_w1_d3_i0_1/module\1AsyncResetSynchronizerShiftReg_w1_d3_i0_1_TestHarness_UNIQUIFIED/' /work/chipyard/sims/verilator/generated-src/chipyard.harness.TestHarness.Baseline2CoreConfig/gen-collateral/AsyncResetSynchronizerShiftReg_w1_d3_i0_1_TestHarness_UNIQUIFIED.sv
sed -i 's/module\( \+\)AsyncResetSynchronizerPrimitiveShiftReg_d3_i0/module\1AsyncResetSynchronizerPrimitiveShiftReg_d3_i0_TestHarness_UNIQUIFIED/' /work/chipyard/sims/verilator/generated-src/chipyard.harness.TestHarness.Baseline2CoreConfig/gen-collateral/AsyncResetSynchronizerPrimitiveShiftReg_d3_i0_TestHarness_UNIQUIFIED.sv
sed -i 's/module\( \+\)AsyncResetSynchronizerPrimitiveShiftReg_d3_i0/module\1AsyncResetSynchronizerPrimitiveShiftReg_d3_i0_TestHarness_UNIQUIFIED/' /work/chipyard/sims/verilator/generated-src/chipyard.harness.TestHarness.Baseline2CoreConfig/gen-collateral/AsyncResetSynchronizerPrimitiveShiftReg_d3_i0_TestHarness_UNIQUIFIED.sv
sed -i 's/module\( \+\)AsyncResetSynchronizerPrimitiveShiftReg_d3_i0/module\1AsyncResetSynchronizerPrimitiveShiftReg_d3_i0_TestHarness_UNIQUIFIED/' /work/chipyard/sims/verilator/generated-src/chipyard.harness.TestHarness.Baseline2CoreConfig/gen-collateral/AsyncResetSynchronizerPrimitiveShiftReg_d3_i0_TestHarness_UNIQUIFIED.sv
sed -i 's/module\( \+\)AsyncResetSynchronizerPrimitiveShiftReg_d3_i0/module\1AsyncResetSynchronizerPrimitiveShiftReg_d3_i0_TestHarness_UNIQUIFIED/' /work/chipyard/sims/verilator/generated-src/chipyard.harness.TestHarness.Baseline2CoreConfig/gen-collateral/AsyncResetSynchronizerPrimitiveShiftReg_d3_i0_TestHarness_UNIQUIFIED.sv
sed -i 's/module\( \+\)AsyncResetSynchronizerShiftReg_w1_d3_i0_1/module\1AsyncResetSynchronizerShiftReg_w1_d3_i0_1_TestHarness_UNIQUIFIED/' /work/chipyard/sims/verilator/generated-src/chipyard.harness.TestHarness.Baseline2CoreConfig/gen-collateral/AsyncResetSynchronizerShiftReg_w1_d3_i0_1_TestHarness_UNIQUIFIED.sv
sed -i 's/module\( \+\)AsyncResetSynchronizerShiftReg_w1_d3_i0_1/module\1AsyncResetSynchronizerShiftReg_w1_d3_i0_1_TestHarness_UNIQUIFIED/' /work/chipyard/sims/verilator/generated-src/chipyard.harness.TestHarness.Baseline2CoreConfig/gen-collateral/AsyncResetSynchronizerShiftReg_w1_d3_i0_1_TestHarness_UNIQUIFIED.sv
sed -i 's/module\( \+\)AsyncResetSynchronizerShiftReg_w1_d3_i0_1/module\1AsyncResetSynchronizerShiftReg_w1_d3_i0_1_TestHarness_UNIQUIFIED/' /work/chipyard/sims/verilator/generated-src/chipyard.harness.TestHarness.Baseline2CoreConfig/gen-collateral/AsyncResetSynchronizerShiftReg_w1_d3_i0_1_TestHarness_UNIQUIFIED.sv
sed -i 's/module\( \+\)AsyncResetSynchronizerShiftReg_w1_d3_i0_1/module\1AsyncResetSynchronizerShiftReg_w1_d3_i0_1_TestHarness_UNIQUIFIED/' /work/chipyard/sims/verilator/generated-src/chipyard.harness.TestHarness.Baseline2CoreConfig/gen-collateral/AsyncResetSynchronizerShiftReg_w1_d3_i0_1_TestHarness_UNIQUIFIED.sv
sed -i 's/module\( \+\)AsyncResetSynchronizerPrimitiveShiftReg_d3_i0/module\1AsyncResetSynchronizerPrimitiveShiftReg_d3_i0_TestHarness_UNIQUIFIED/' /work/chipyard/sims/verilator/generated-src/chipyard.harness.TestHarness.Baseline2CoreConfig/gen-collateral/AsyncResetSynchronizerPrimitiveShiftReg_d3_i0_TestHarness_UNIQUIFIED.sv
sed -i 's/module\( \+\)AsyncResetSynchronizerPrimitiveShiftReg_d3_i0/module\1AsyncResetSynchronizerPrimitiveShiftReg_d3_i0_TestHarness_UNIQUIFIED/' /work/chipyard/sims/verilator/generated-src/chipyard.harness.TestHarness.Baseline2CoreConfig/gen-collateral/AsyncResetSynchronizerPrimitiveShiftReg_d3_i0_TestHarness_UNIQUIFIED.sv
sed -i 's/module\( \+\)AsyncResetSynchronizerPrimitiveShiftReg_d3_i0/module\1AsyncResetSynchronizerPrimitiveShiftReg_d3_i0_TestHarness_UNIQUIFIED/' /work/chipyard/sims/verilator/generated-src/chipyard.harness.TestHarness.Baseline2CoreConfig/gen-collateral/AsyncResetSynchronizerPrimitiveShiftReg_d3_i0_TestHarness_UNIQUIFIED.sv
sed -i 's/module\( \+\)AsyncResetSynchronizerPrimitiveShiftReg_d3_i0/module\1AsyncResetSynchronizerPrimitiveShiftReg_d3_i0_TestHarness_UNIQUIFIED/' /work/chipyard/sims/verilator/generated-src/chipyard.harness.TestHarness.Baseline2CoreConfig/gen-collateral/AsyncResetSynchronizerPrimitiveShiftReg_d3_i0_TestHarness_UNIQUIFIED.sv
sed -i 's/module\( \+\)AsyncResetSynchronizerShiftReg_w1_d3_i0_1/module\1AsyncResetSynchronizerShiftReg_w1_d3_i0_1_TestHarness_UNIQUIFIED/' /work/chipyard/sims/verilator/generated-src/chipyard.harness.TestHarness.Baseline2CoreConfig/gen-collateral/AsyncResetSynchronizerShiftReg_w1_d3_i0_1_TestHarness_UNIQUIFIED.sv
sed -i 's/module\( \+\)AsyncResetSynchronizerShiftReg_w1_d3_i0_1/module\1AsyncResetSynchronizerShiftReg_w1_d3_i0_1_TestHarness_UNIQUIFIED/' /work/chipyard/sims/verilator/generated-src/chipyard.harness.TestHarness.Baseline2CoreConfig/gen-collateral/AsyncResetSynchronizerShiftReg_w1_d3_i0_1_TestHarness_UNIQUIFIED.sv
sed -i 's/module\( \+\)AsyncResetSynchronizerShiftReg_w1_d3_i0_1/module\1AsyncResetSynchronizerShiftReg_w1_d3_i0_1_TestHarness_UNIQUIFIED/' /work/chipyard/sims/verilator/generated-src/chipyard.harness.TestHarness.Baseline2CoreConfig/gen-collateral/AsyncResetSynchronizerShiftReg_w1_d3_i0_1_TestHarness_UNIQUIFIED.sv
sed -i 's/module\( \+\)AsyncResetSynchronizerShiftReg_w1_d3_i0_1/module\1AsyncResetSynchronizerShiftReg_w1_d3_i0_1_TestHarness_UNIQUIFIED/' /work/chipyard/sims/verilator/generated-src/chipyard.harness.TestHarness.Baseline2CoreConfig/gen-collateral/AsyncResetSynchronizerShiftReg_w1_d3_i0_1_TestHarness_UNIQUIFIED.sv
sed -i 's/module\( \+\)AsyncResetSynchronizerPrimitiveShiftReg_d3_i0/module\1AsyncResetSynchronizerPrimitiveShiftReg_d3_i0_TestHarness_UNIQUIFIED/' /work/chipyard/sims/verilator/generated-src/chipyard.harness.TestHarness.Baseline2CoreConfig/gen-collateral/AsyncResetSynchronizerPrimitiveShiftReg_d3_i0_TestHarness_UNIQUIFIED.sv
sed -i 's/module\( \+\)AsyncResetSynchronizerPrimitiveShiftReg_d3_i0/module\1AsyncResetSynchronizerPrimitiveShiftReg_d3_i0_TestHarness_UNIQUIFIED/' /work/chipyard/sims/verilator/generated-src/chipyard.harness.TestHarness.Baseline2CoreConfig/gen-collateral/AsyncResetSynchronizerPrimitiveShiftReg_d3_i0_TestHarness_UNIQUIFIED.sv
sed -i 's/module\( \+\)AsyncResetSynchronizerPrimitiveShiftReg_d3_i0/module\1AsyncResetSynchronizerPrimitiveShiftReg_d3_i0_TestHarness_UNIQUIFIED/' /work/chipyard/sims/verilator/generated-src/chipyard.harness.TestHarness.Baseline2CoreConfig/gen-collateral/AsyncResetSynchronizerPrimitiveShiftReg_d3_i0_TestHarness_UNIQUIFIED.sv
sed -i 's/module\( \+\)AsyncResetSynchronizerPrimitiveShiftReg_d3_i0/module\1AsyncResetSynchronizerPrimitiveShiftReg_d3_i0_TestHarness_UNIQUIFIED/' /work/chipyard/sims/verilator/generated-src/chipyard.harness.TestHarness.Baseline2CoreConfig/gen-collateral/AsyncResetSynchronizerPrimitiveShiftReg_d3_i0_TestHarness_UNIQUIFIED.sv
sed -i 's/module\( \+\)AsyncResetSynchronizerShiftReg_w1_d3_i0_1/module\1AsyncResetSynchronizerShiftReg_w1_d3_i0_1_TestHarness_UNIQUIFIED/' /work/chipyard/sims/verilator/generated-src/chipyard.harness.TestHarness.Baseline2CoreConfig/gen-collateral/AsyncResetSynchronizerShiftReg_w1_d3_i0_1_TestHarness_UNIQUIFIED.sv
sed -i 's/module\( \+\)AsyncResetSynchronizerShiftReg_w1_d3_i0_1/module\1AsyncResetSynchronizerShiftReg_w1_d3_i0_1_TestHarness_UNIQUIFIED/' /work/chipyard/sims/verilator/generated-src/chipyard.harness.TestHarness.Baseline2CoreConfig/gen-collateral/AsyncResetSynchronizerShiftReg_w1_d3_i0_1_TestHarness_UNIQUIFIED.sv
sed -i 's/module\( \+\)AsyncResetSynchronizerShiftReg_w1_d3_i0_1/module\1AsyncResetSynchronizerShiftReg_w1_d3_i0_1_TestHarness_UNIQUIFIED/' /work/chipyard/sims/verilator/generated-src/chipyard.harness.TestHarness.Baseline2CoreConfig/gen-collateral/AsyncResetSynchronizerShiftReg_w1_d3_i0_1_TestHarness_UNIQUIFIED.sv
sed -i 's/module\( \+\)AsyncResetSynchronizerShiftReg_w1_d3_i0_1/module\1AsyncResetSynchronizerShiftReg_w1_d3_i0_1_TestHarness_UNIQUIFIED/' /work/chipyard/sims/verilator/generated-src/chipyard.harness.TestHarness.Baseline2CoreConfig/gen-collateral/AsyncResetSynchronizerShiftReg_w1_d3_i0_1_TestHarness_UNIQUIFIED.sv
sed -i 's/module\( \+\)AsyncResetSynchronizerPrimitiveShiftReg_d3_i0/module\1AsyncResetSynchronizerPrimitiveShiftReg_d3_i0_TestHarness_UNIQUIFIED/' /work/chipyard/sims/verilator/generated-src/chipyard.harness.TestHarness.Baseline2CoreConfig/gen-collateral/AsyncResetSynchronizerPrimitiveShiftReg_d3_i0_TestHarness_UNIQUIFIED.sv
sed -i 's/module\( \+\)AsyncResetSynchronizerPrimitiveShiftReg_d3_i0/module\1AsyncResetSynchronizerPrimitiveShiftReg_d3_i0_TestHarness_UNIQUIFIED/' /work/chipyard/sims/verilator/generated-src/chipyard.harness.TestHarness.Baseline2CoreConfig/gen-collateral/AsyncResetSynchronizerPrimitiveShiftReg_d3_i0_TestHarness_UNIQUIFIED.sv
sed -i 's/module\( \+\)AsyncResetSynchronizerPrimitiveShiftReg_d3_i0/module\1AsyncResetSynchronizerPrimitiveShiftReg_d3_i0_TestHarness_UNIQUIFIED/' /work/chipyard/sims/verilator/generated-src/chipyard.harness.TestHarness.Baseline2CoreConfig/gen-collateral/AsyncResetSynchronizerPrimitiveShiftReg_d3_i0_TestHarness_UNIQUIFIED.sv
sed -i 's/module\( \+\)AsyncResetSynchronizerPrimitiveShiftReg_d3_i0/module\1AsyncResetSynchronizerPrimitiveShiftReg_d3_i0_TestHarness_UNIQUIFIED/' /work/chipyard/sims/verilator/generated-src/chipyard.harness.TestHarness.Baseline2CoreConfig/gen-collateral/AsyncResetSynchronizerPrimitiveShiftReg_d3_i0_TestHarness_UNIQUIFIED.sv
sed -i 's/module\( \+\)AsyncResetSynchronizerShiftReg_w1_d3_i0_1/module\1AsyncResetSynchronizerShiftReg_w1_d3_i0_1_TestHarness_UNIQUIFIED/' /work/chipyard/sims/verilator/generated-src/chipyard.harness.TestHarness.Baseline2CoreConfig/gen-collateral/AsyncResetSynchronizerShiftReg_w1_d3_i0_1_TestHarness_UNIQUIFIED.sv
sed -i 's/module\( \+\)AsyncResetSynchronizerShiftReg_w1_d3_i0_1/module\1AsyncResetSynchronizerShiftReg_w1_d3_i0_1_TestHarness_UNIQUIFIED/' /work/chipyard/sims/verilator/generated-src/chipyard.harness.TestHarness.Baseline2CoreConfig/gen-collateral/AsyncResetSynchronizerShiftReg_w1_d3_i0_1_TestHarness_UNIQUIFIED.sv
sed -i 's/module\( \+\)AsyncResetSynchronizerShiftReg_w1_d3_i0_1/module\1AsyncResetSynchronizerShiftReg_w1_d3_i0_1_TestHarness_UNIQUIFIED/' /work/chipyard/sims/verilator/generated-src/chipyard.harness.TestHarness.Baseline2CoreConfig/gen-collateral/AsyncResetSynchronizerShiftReg_w1_d3_i0_1_TestHarness_UNIQUIFIED.sv
sed -i 's/module\( \+\)AsyncResetSynchronizerShiftReg_w1_d3_i0_1/module\1AsyncResetSynchronizerShiftReg_w1_d3_i0_1_TestHarness_UNIQUIFIED/' /work/chipyard/sims/verilator/generated-src/chipyard.harness.TestHarness.Baseline2CoreConfig/gen-collateral/AsyncResetSynchronizerShiftReg_w1_d3_i0_1_TestHarness_UNIQUIFIED.sv
sed -i 's/module\( \+\)AsyncResetSynchronizerPrimitiveShiftReg_d3_i0/module\1AsyncResetSynchronizerPrimitiveShiftReg_d3_i0_TestHarness_UNIQUIFIED/' /work/chipyard/sims/verilator/generated-src/chipyard.harness.TestHarness.Baseline2CoreConfig/gen-collateral/AsyncResetSynchronizerPrimitiveShiftReg_d3_i0_TestHarness_UNIQUIFIED.sv
sed -i 's/module\( \+\)AsyncResetSynchronizerPrimitiveShiftReg_d3_i0/module\1AsyncResetSynchronizerPrimitiveShiftReg_d3_i0_TestHarness_UNIQUIFIED/' /work/chipyard/sims/verilator/generated-src/chipyard.harness.TestHarness.Baseline2CoreConfig/gen-collateral/AsyncResetSynchronizerPrimitiveShiftReg_d3_i0_TestHarness_UNIQUIFIED.sv
sed -i 's/module\( \+\)AsyncResetSynchronizerPrimitiveShiftReg_d3_i0/module\1AsyncResetSynchronizerPrimitiveShiftReg_d3_i0_TestHarness_UNIQUIFIED/' /work/chipyard/sims/verilator/generated-src/chipyard.harness.TestHarness.Baseline2CoreConfig/gen-collateral/AsyncResetSynchronizerPrimitiveShiftReg_d3_i0_TestHarness_UNIQUIFIED.sv
sed -i 's/module\( \+\)AsyncResetSynchronizerPrimitiveShiftReg_d3_i0/module\1AsyncResetSynchronizerPrimitiveShiftReg_d3_i0_TestHarness_UNIQUIFIED/' /work/chipyard/sims/verilator/generated-src/chipyard.harness.TestHarness.Baseline2CoreConfig/gen-collateral/AsyncResetSynchronizerPrimitiveShiftReg_d3_i0_TestHarness_UNIQUIFIED.sv
sed -i 's/module\( \+\)AsyncResetSynchronizerShiftReg_w1_d3_i0_1/module\1AsyncResetSynchronizerShiftReg_w1_d3_i0_1_TestHarness_UNIQUIFIED/' /work/chipyard/sims/verilator/generated-src/chipyard.harness.TestHarness.Baseline2CoreConfig/gen-collateral/AsyncResetSynchronizerShiftReg_w1_d3_i0_1_TestHarness_UNIQUIFIED.sv
sed -i 's/module\( \+\)AsyncResetSynchronizerShiftReg_w1_d3_i0_1/module\1AsyncResetSynchronizerShiftReg_w1_d3_i0_1_TestHarness_UNIQUIFIED/' /work/chipyard/sims/verilator/generated-src/chipyard.harness.TestHarness.Baseline2CoreConfig/gen-collateral/AsyncResetSynchronizerShiftReg_w1_d3_i0_1_TestHarness_UNIQUIFIED.sv
sed -i 's/module\( \+\)AsyncResetSynchronizerShiftReg_w1_d3_i0_1/module\1AsyncResetSynchronizerShiftReg_w1_d3_i0_1_TestHarness_UNIQUIFIED/' /work/chipyard/sims/verilator/generated-src/chipyard.harness.TestHarness.Baseline2CoreConfig/gen-collateral/AsyncResetSynchronizerShiftReg_w1_d3_i0_1_TestHarness_UNIQUIFIED.sv
sed -i 's/module\( \+\)AsyncResetSynchronizerShiftReg_w1_d3_i0_1/module\1AsyncResetSynchronizerShiftReg_w1_d3_i0_1_TestHarness_UNIQUIFIED/' /work/chipyard/sims/verilator/generated-src/chipyard.harness.TestHarness.Baseline2CoreConfig/gen-collateral/AsyncResetSynchronizerShiftReg_w1_d3_i0_1_TestHarness_UNIQUIFIED.sv
sed -i 's/module\( \+\)AsyncResetSynchronizerPrimitiveShiftReg_d3_i0/module\1AsyncResetSynchronizerPrimitiveShiftReg_d3_i0_TestHarness_UNIQUIFIED/' /work/chipyard/sims/verilator/generated-src/chipyard.harness.TestHarness.Baseline2CoreConfig/gen-collateral/AsyncResetSynchronizerPrimitiveShiftReg_d3_i0_TestHarness_UNIQUIFIED.sv
sed -i 's/module\( \+\)AsyncResetSynchronizerPrimitiveShiftReg_d3_i0/module\1AsyncResetSynchronizerPrimitiveShiftReg_d3_i0_TestHarness_UNIQUIFIED/' /work/chipyard/sims/verilator/generated-src/chipyard.harness.TestHarness.Baseline2CoreConfig/gen-collateral/AsyncResetSynchronizerPrimitiveShiftReg_d3_i0_TestHarness_UNIQUIFIED.sv
sed -i 's/module\( \+\)AsyncResetSynchronizerPrimitiveShiftReg_d3_i0/module\1AsyncResetSynchronizerPrimitiveShiftReg_d3_i0_TestHarness_UNIQUIFIED/' /work/chipyard/sims/verilator/generated-src/chipyard.harness.TestHarness.Baseline2CoreConfig/gen-collateral/AsyncResetSynchronizerPrimitiveShiftReg_d3_i0_TestHarness_UNIQUIFIED.sv
sed -i 's/module\( \+\)AsyncResetSynchronizerPrimitiveShiftReg_d3_i0/module\1AsyncResetSynchronizerPrimitiveShiftReg_d3_i0_TestHarness_UNIQUIFIED/' /work/chipyard/sims/verilator/generated-src/chipyard.harness.TestHarness.Baseline2CoreConfig/gen-collateral/AsyncResetSynchronizerPrimitiveShiftReg_d3_i0_TestHarness_UNIQUIFIED.sv
sed -i 's/module\( \+\)AsyncResetSynchronizerShiftReg_w1_d3_i0_1/module\1AsyncResetSynchronizerShiftReg_w1_d3_i0_1_TestHarness_UNIQUIFIED/' /work/chipyard/sims/verilator/generated-src/chipyard.harness.TestHarness.Baseline2CoreConfig/gen-collateral/AsyncResetSynchronizerShiftReg_w1_d3_i0_1_TestHarness_UNIQUIFIED.sv
sed -i 's/module\( \+\)AsyncResetSynchronizerShiftReg_w1_d3_i0_1/module\1AsyncResetSynchronizerShiftReg_w1_d3_i0_1_TestHarness_UNIQUIFIED/' /work/chipyard/sims/verilator/generated-src/chipyard.harness.TestHarness.Baseline2CoreConfig/gen-collateral/AsyncResetSynchronizerShiftReg_w1_d3_i0_1_TestHarness_UNIQUIFIED.sv
sed -i 's/module\( \+\)AsyncResetSynchronizerShiftReg_w1_d3_i0_1/module\1AsyncResetSynchronizerShiftReg_w1_d3_i0_1_TestHarness_UNIQUIFIED/' /work/chipyard/sims/verilator/generated-src/chipyard.harness.TestHarness.Baseline2CoreConfig/gen-collateral/AsyncResetSynchronizerShiftReg_w1_d3_i0_1_TestHarness_UNIQUIFIED.sv
sed -i 's/module\( \+\)AsyncResetSynchronizerShiftReg_w1_d3_i0_1/module\1AsyncResetSynchronizerShiftReg_w1_d3_i0_1_TestHarness_UNIQUIFIED/' /work/chipyard/sims/verilator/generated-src/chipyard.harness.TestHarness.Baseline2CoreConfig/gen-collateral/AsyncResetSynchronizerShiftReg_w1_d3_i0_1_TestHarness_UNIQUIFIED.sv
sed -i 's/module\( \+\)AsyncResetSynchronizerPrimitiveShiftReg_d3_i0/module\1AsyncResetSynchronizerPrimitiveShiftReg_d3_i0_TestHarness_UNIQUIFIED/' /work/chipyard/sims/verilator/generated-src/chipyard.harness.TestHarness.Baseline2CoreConfig/gen-collateral/AsyncResetSynchronizerPrimitiveShiftReg_d3_i0_TestHarness_UNIQUIFIED.sv
sed -i 's/module\( \+\)AsyncResetSynchronizerPrimitiveShiftReg_d3_i0/module\1AsyncResetSynchronizerPrimitiveShiftReg_d3_i0_TestHarness_UNIQUIFIED/' /work/chipyard/sims/verilator/generated-src/chipyard.harness.TestHarness.Baseline2CoreConfig/gen-collateral/AsyncResetSynchronizerPrimitiveShiftReg_d3_i0_TestHarness_UNIQUIFIED.sv
sed -i 's/module\( \+\)AsyncResetSynchronizerPrimitiveShiftReg_d3_i0/module\1AsyncResetSynchronizerPrimitiveShiftReg_d3_i0_TestHarness_UNIQUIFIED/' /work/chipyard/sims/verilator/generated-src/chipyard.harness.TestHarness.Baseline2CoreConfig/gen-collateral/AsyncResetSynchronizerPrimitiveShiftReg_d3_i0_TestHarness_UNIQUIFIED.sv
sed -i 's/module\( \+\)AsyncResetSynchronizerPrimitiveShiftReg_d3_i0/module\1AsyncResetSynchronizerPrimitiveShiftReg_d3_i0_TestHarness_UNIQUIFIED/' /work/chipyard/sims/verilator/generated-src/chipyard.harness.TestHarness.Baseline2CoreConfig/gen-collateral/AsyncResetSynchronizerPrimitiveShiftReg_d3_i0_TestHarness_UNIQUIFIED.sv
sed -i 's/module\( \+\)AsyncResetSynchronizerShiftReg_w1_d3_i0_1/module\1AsyncResetSynchronizerShiftReg_w1_d3_i0_1_TestHarness_UNIQUIFIED/' /work/chipyard/sims/verilator/generated-src/chipyard.harness.TestHarness.Baseline2CoreConfig/gen-collateral/AsyncResetSynchronizerShiftReg_w1_d3_i0_1_TestHarness_UNIQUIFIED.sv
sed -i 's/module\( \+\)AsyncResetSynchronizerShiftReg_w1_d3_i0_1/module\1AsyncResetSynchronizerShiftReg_w1_d3_i0_1_TestHarness_UNIQUIFIED/' /work/chipyard/sims/verilator/generated-src/chipyard.harness.TestHarness.Baseline2CoreConfig/gen-collateral/AsyncResetSynchronizerShiftReg_w1_d3_i0_1_TestHarness_UNIQUIFIED.sv
sed -i 's/module\( \+\)AsyncResetSynchronizerShiftReg_w1_d3_i0_1/module\1AsyncResetSynchronizerShiftReg_w1_d3_i0_1_TestHarness_UNIQUIFIED/' /work/chipyard/sims/verilator/generated-src/chipyard.harness.TestHarness.Baseline2CoreConfig/gen-collateral/AsyncResetSynchronizerShiftReg_w1_d3_i0_1_TestHarness_UNIQUIFIED.sv
sed -i 's/module\( \+\)AsyncResetSynchronizerShiftReg_w1_d3_i0_1/module\1AsyncResetSynchronizerShiftReg_w1_d3_i0_1_TestHarness_UNIQUIFIED/' /work/chipyard/sims/verilator/generated-src/chipyard.harness.TestHarness.Baseline2CoreConfig/gen-collateral/AsyncResetSynchronizerShiftReg_w1_d3_i0_1_TestHarness_UNIQUIFIED.sv
sed -i 's/module\( \+\)AsyncResetSynchronizerPrimitiveShiftReg_d3_i0/module\1AsyncResetSynchronizerPrimitiveShiftReg_d3_i0_TestHarness_UNIQUIFIED/' /work/chipyard/sims/verilator/generated-src/chipyard.harness.TestHarness.Baseline2CoreConfig/gen-collateral/AsyncResetSynchronizerPrimitiveShiftReg_d3_i0_TestHarness_UNIQUIFIED.sv
sed -i 's/module\( \+\)AsyncResetSynchronizerPrimitiveShiftReg_d3_i0/module\1AsyncResetSynchronizerPrimitiveShiftReg_d3_i0_TestHarness_UNIQUIFIED/' /work/chipyard/sims/verilator/generated-src/chipyard.harness.TestHarness.Baseline2CoreConfig/gen-collateral/AsyncResetSynchronizerPrimitiveShiftReg_d3_i0_TestHarness_UNIQUIFIED.sv
sed -i 's/module\( \+\)AsyncResetSynchronizerPrimitiveShiftReg_d3_i0/module\1AsyncResetSynchronizerPrimitiveShiftReg_d3_i0_TestHarness_UNIQUIFIED/' /work/chipyard/sims/verilator/generated-src/chipyard.harness.TestHarness.Baseline2CoreConfig/gen-collateral/AsyncResetSynchronizerPrimitiveShiftReg_d3_i0_TestHarness_UNIQUIFIED.sv
sed -i 's/module\( \+\)AsyncResetSynchronizerPrimitiveShiftReg_d3_i0/module\1AsyncResetSynchronizerPrimitiveShiftReg_d3_i0_TestHarness_UNIQUIFIED/' /work/chipyard/sims/verilator/generated-src/chipyard.harness.TestHarness.Baseline2CoreConfig/gen-collateral/AsyncResetSynchronizerPrimitiveShiftReg_d3_i0_TestHarness_UNIQUIFIED.sv
sed -i 's/module\( \+\)AsyncResetSynchronizerShiftReg_w1_d3_i0_1/module\1AsyncResetSynchronizerShiftReg_w1_d3_i0_1_TestHarness_UNIQUIFIED/' /work/chipyard/sims/verilator/generated-src/chipyard.harness.TestHarness.Baseline2CoreConfig/gen-collateral/AsyncResetSynchronizerShiftReg_w1_d3_i0_1_TestHarness_UNIQUIFIED.sv
sed -i 's/module\( \+\)AsyncResetSynchronizerShiftReg_w1_d3_i0_1/module\1AsyncResetSynchronizerShiftReg_w1_d3_i0_1_TestHarness_UNIQUIFIED/' /work/chipyard/sims/verilator/generated-src/chipyard.harness.TestHarness.Baseline2CoreConfig/gen-collateral/AsyncResetSynchronizerShiftReg_w1_d3_i0_1_TestHarness_UNIQUIFIED.sv
sed -i 's/module\( \+\)AsyncResetSynchronizerShiftReg_w1_d3_i0_1/module\1AsyncResetSynchronizerShiftReg_w1_d3_i0_1_TestHarness_UNIQUIFIED/' /work/chipyard/sims/verilator/generated-src/chipyard.harness.TestHarness.Baseline2CoreConfig/gen-collateral/AsyncResetSynchronizerShiftReg_w1_d3_i0_1_TestHarness_UNIQUIFIED.sv
sed -i 's/module\( \+\)AsyncResetSynchronizerShiftReg_w1_d3_i0_1/module\1AsyncResetSynchronizerShiftReg_w1_d3_i0_1_TestHarness_UNIQUIFIED/' /work/chipyard/sims/verilator/generated-src/chipyard.harness.TestHarness.Baseline2CoreConfig/gen-collateral/AsyncResetSynchronizerShiftReg_w1_d3_i0_1_TestHarness_UNIQUIFIED.sv
sed -i 's/module\( \+\)AsyncResetSynchronizerPrimitiveShiftReg_d3_i0/module\1AsyncResetSynchronizerPrimitiveShiftReg_d3_i0_TestHarness_UNIQUIFIED/' /work/chipyard/sims/verilator/generated-src/chipyard.harness.TestHarness.Baseline2CoreConfig/gen-collateral/AsyncResetSynchronizerPrimitiveShiftReg_d3_i0_TestHarness_UNIQUIFIED.sv
sed -i 's/module\( \+\)AsyncResetSynchronizerPrimitiveShiftReg_d3_i0/module\1AsyncResetSynchronizerPrimitiveShiftReg_d3_i0_TestHarness_UNIQUIFIED/' /work/chipyard/sims/verilator/generated-src/chipyard.harness.TestHarness.Baseline2CoreConfig/gen-collateral/AsyncResetSynchronizerPrimitiveShiftReg_d3_i0_TestHarness_UNIQUIFIED.sv
sed -i 's/module\( \+\)AsyncResetSynchronizerPrimitiveShiftReg_d3_i0/module\1AsyncResetSynchronizerPrimitiveShiftReg_d3_i0_TestHarness_UNIQUIFIED/' /work/chipyard/sims/verilator/generated-src/chipyard.harness.TestHarness.Baseline2CoreConfig/gen-collateral/AsyncResetSynchronizerPrimitiveShiftReg_d3_i0_TestHarness_UNIQUIFIED.sv
sed -i 's/module\( \+\)AsyncResetSynchronizerPrimitiveShiftReg_d3_i0/module\1AsyncResetSynchronizerPrimitiveShiftReg_d3_i0_TestHarness_UNIQUIFIED/' /work/chipyard/sims/verilator/generated-src/chipyard.harness.TestHarness.Baseline2CoreConfig/gen-collateral/AsyncResetSynchronizerPrimitiveShiftReg_d3_i0_TestHarness_UNIQUIFIED.sv
sed -i 's/module\( \+\)AsyncResetSynchronizerShiftReg_w1_d3_i0_1/module\1AsyncResetSynchronizerShiftReg_w1_d3_i0_1_TestHarness_UNIQUIFIED/' /work/chipyard/sims/verilator/generated-src/chipyard.harness.TestHarness.Baseline2CoreConfig/gen-collateral/AsyncResetSynchronizerShiftReg_w1_d3_i0_1_TestHarness_UNIQUIFIED.sv
sed -i 's/module\( \+\)AsyncResetSynchronizerShiftReg_w1_d3_i0_1/module\1AsyncResetSynchronizerShiftReg_w1_d3_i0_1_TestHarness_UNIQUIFIED/' /work/chipyard/sims/verilator/generated-src/chipyard.harness.TestHarness.Baseline2CoreConfig/gen-collateral/AsyncResetSynchronizerShiftReg_w1_d3_i0_1_TestHarness_UNIQUIFIED.sv
sed -i 's/module\( \+\)AsyncResetSynchronizerShiftReg_w1_d3_i0_1/module\1AsyncResetSynchronizerShiftReg_w1_d3_i0_1_TestHarness_UNIQUIFIED/' /work/chipyard/sims/verilator/generated-src/chipyard.harness.TestHarness.Baseline2CoreConfig/gen-collateral/AsyncResetSynchronizerShiftReg_w1_d3_i0_1_TestHarness_UNIQUIFIED.sv
sed -i 's/module\( \+\)AsyncResetSynchronizerShiftReg_w1_d3_i0_1/module\1AsyncResetSynchronizerShiftReg_w1_d3_i0_1_TestHarness_UNIQUIFIED/' /work/chipyard/sims/verilator/generated-src/chipyard.harness.TestHarness.Baseline2CoreConfig/gen-collateral/AsyncResetSynchronizerShiftReg_w1_d3_i0_1_TestHarness_UNIQUIFIED.sv
sed -i 's/module\( \+\)AsyncResetSynchronizerPrimitiveShiftReg_d3_i0/module\1AsyncResetSynchronizerPrimitiveShiftReg_d3_i0_TestHarness_UNIQUIFIED/' /work/chipyard/sims/verilator/generated-src/chipyard.harness.TestHarness.Baseline2CoreConfig/gen-collateral/AsyncResetSynchronizerPrimitiveShiftReg_d3_i0_TestHarness_UNIQUIFIED.sv
sed -i 's/module\( \+\)AsyncResetSynchronizerPrimitiveShiftReg_d3_i0/module\1AsyncResetSynchronizerPrimitiveShiftReg_d3_i0_TestHarness_UNIQUIFIED/' /work/chipyard/sims/verilator/generated-src/chipyard.harness.TestHarness.Baseline2CoreConfig/gen-collateral/AsyncResetSynchronizerPrimitiveShiftReg_d3_i0_TestHarness_UNIQUIFIED.sv
sed -i 's/module\( \+\)AsyncResetSynchronizerPrimitiveShiftReg_d3_i0/module\1AsyncResetSynchronizerPrimitiveShiftReg_d3_i0_TestHarness_UNIQUIFIED/' /work/chipyard/sims/verilator/generated-src/chipyard.harness.TestHarness.Baseline2CoreConfig/gen-collateral/AsyncResetSynchronizerPrimitiveShiftReg_d3_i0_TestHarness_UNIQUIFIED.sv
sed -i 's/module\( \+\)AsyncResetSynchronizerPrimitiveShiftReg_d3_i0/module\1AsyncResetSynchronizerPrimitiveShiftReg_d3_i0_TestHarness_UNIQUIFIED/' /work/chipyard/sims/verilator/generated-src/chipyard.harness.TestHarness.Baseline2CoreConfig/gen-collateral/AsyncResetSynchronizerPrimitiveShiftReg_d3_i0_TestHarness_UNIQUIFIED.sv
sed -i 's/module\( \+\)AsyncResetSynchronizerShiftReg_w1_d3_i0_1/module\1AsyncResetSynchronizerShiftReg_w1_d3_i0_1_TestHarness_UNIQUIFIED/' /work/chipyard/sims/verilator/generated-src/chipyard.harness.TestHarness.Baseline2CoreConfig/gen-collateral/AsyncResetSynchronizerShiftReg_w1_d3_i0_1_TestHarness_UNIQUIFIED.sv
sed -i 's/module\( \+\)AsyncResetSynchronizerShiftReg_w1_d3_i0_1/module\1AsyncResetSynchronizerShiftReg_w1_d3_i0_1_TestHarness_UNIQUIFIED/' /work/chipyard/sims/verilator/generated-src/chipyard.harness.TestHarness.Baseline2CoreConfig/gen-collateral/AsyncResetSynchronizerShiftReg_w1_d3_i0_1_TestHarness_UNIQUIFIED.sv
sed -i 's/module\( \+\)AsyncResetSynchronizerShiftReg_w1_d3_i0_1/module\1AsyncResetSynchronizerShiftReg_w1_d3_i0_1_TestHarness_UNIQUIFIED/' /work/chipyard/sims/verilator/generated-src/chipyard.harness.TestHarness.Baseline2CoreConfig/gen-collateral/AsyncResetSynchronizerShiftReg_w1_d3_i0_1_TestHarness_UNIQUIFIED.sv
sed -i 's/module\( \+\)AsyncResetSynchronizerShiftReg_w1_d3_i0_1/module\1AsyncResetSynchronizerShiftReg_w1_d3_i0_1_TestHarness_UNIQUIFIED/' /work/chipyard/sims/verilator/generated-src/chipyard.harness.TestHarness.Baseline2CoreConfig/gen-collateral/AsyncResetSynchronizerShiftReg_w1_d3_i0_1_TestHarness_UNIQUIFIED.sv
sed -i 's/module\( \+\)AsyncResetSynchronizerPrimitiveShiftReg_d3_i0/module\1AsyncResetSynchronizerPrimitiveShiftReg_d3_i0_TestHarness_UNIQUIFIED/' /work/chipyard/sims/verilator/generated-src/chipyard.harness.TestHarness.Baseline2CoreConfig/gen-collateral/AsyncResetSynchronizerPrimitiveShiftReg_d3_i0_TestHarness_UNIQUIFIED.sv
sed -i 's/module\( \+\)AsyncResetSynchronizerPrimitiveShiftReg_d3_i0/module\1AsyncResetSynchronizerPrimitiveShiftReg_d3_i0_TestHarness_UNIQUIFIED/' /work/chipyard/sims/verilator/generated-src/chipyard.harness.TestHarness.Baseline2CoreConfig/gen-collateral/AsyncResetSynchronizerPrimitiveShiftReg_d3_i0_TestHarness_UNIQUIFIED.sv
sed -i 's/module\( \+\)AsyncResetSynchronizerPrimitiveShiftReg_d3_i0/module\1AsyncResetSynchronizerPrimitiveShiftReg_d3_i0_TestHarness_UNIQUIFIED/' /work/chipyard/sims/verilator/generated-src/chipyard.harness.TestHarness.Baseline2CoreConfig/gen-collateral/AsyncResetSynchronizerPrimitiveShiftReg_d3_i0_TestHarness_UNIQUIFIED.sv
sed -i 's/module\( \+\)AsyncResetSynchronizerPrimitiveShiftReg_d3_i0/module\1AsyncResetSynchronizerPrimitiveShiftReg_d3_i0_TestHarness_UNIQUIFIED/' /work/chipyard/sims/verilator/generated-src/chipyard.harness.TestHarness.Baseline2CoreConfig/gen-collateral/AsyncResetSynchronizerPrimitiveShiftReg_d3_i0_TestHarness_UNIQUIFIED.sv
sed -i 's/module\( \+\)AsyncResetSynchronizerShiftReg_w1_d3_i0_1/module\1AsyncResetSynchronizerShiftReg_w1_d3_i0_1_TestHarness_UNIQUIFIED/' /work/chipyard/sims/verilator/generated-src/chipyard.harness.TestHarness.Baseline2CoreConfig/gen-collateral/AsyncResetSynchronizerShiftReg_w1_d3_i0_1_TestHarness_UNIQUIFIED.sv
sed -i 's/module\( \+\)AsyncResetSynchronizerShiftReg_w1_d3_i0_1/module\1AsyncResetSynchronizerShiftReg_w1_d3_i0_1_TestHarness_UNIQUIFIED/' /work/chipyard/sims/verilator/generated-src/chipyard.harness.TestHarness.Baseline2CoreConfig/gen-collateral/AsyncResetSynchronizerShiftReg_w1_d3_i0_1_TestHarness_UNIQUIFIED.sv
sed -i 's/module\( \+\)AsyncResetSynchronizerShiftReg_w1_d3_i0_1/module\1AsyncResetSynchronizerShiftReg_w1_d3_i0_1_TestHarness_UNIQUIFIED/' /work/chipyard/sims/verilator/generated-src/chipyard.harness.TestHarness.Baseline2CoreConfig/gen-collateral/AsyncResetSynchronizerShiftReg_w1_d3_i0_1_TestHarness_UNIQUIFIED.sv
sed -i 's/module\( \+\)AsyncResetSynchronizerShiftReg_w1_d3_i0_1/module\1AsyncResetSynchronizerShiftReg_w1_d3_i0_1_TestHarness_UNIQUIFIED/' /work/chipyard/sims/verilator/generated-src/chipyard.harness.TestHarness.Baseline2CoreConfig/gen-collateral/AsyncResetSynchronizerShiftReg_w1_d3_i0_1_TestHarness_UNIQUIFIED.sv
sed -i 's/module\( \+\)AsyncResetSynchronizerPrimitiveShiftReg_d3_i0/module\1AsyncResetSynchronizerPrimitiveShiftReg_d3_i0_TestHarness_UNIQUIFIED/' /work/chipyard/sims/verilator/generated-src/chipyard.harness.TestHarness.Baseline2CoreConfig/gen-collateral/AsyncResetSynchronizerPrimitiveShiftReg_d3_i0_TestHarness_UNIQUIFIED.sv
sed -i 's/module\( \+\)AsyncResetSynchronizerPrimitiveShiftReg_d3_i0/module\1AsyncResetSynchronizerPrimitiveShiftReg_d3_i0_TestHarness_UNIQUIFIED/' /work/chipyard/sims/verilator/generated-src/chipyard.harness.TestHarness.Baseline2CoreConfig/gen-collateral/AsyncResetSynchronizerPrimitiveShiftReg_d3_i0_TestHarness_UNIQUIFIED.sv
sed -i 's/module\( \+\)AsyncResetSynchronizerPrimitiveShiftReg_d3_i0/module\1AsyncResetSynchronizerPrimitiveShiftReg_d3_i0_TestHarness_UNIQUIFIED/' /work/chipyard/sims/verilator/generated-src/chipyard.harness.TestHarness.Baseline2CoreConfig/gen-collateral/AsyncResetSynchronizerPrimitiveShiftReg_d3_i0_TestHarness_UNIQUIFIED.sv
sed -i 's/module\( \+\)AsyncResetSynchronizerPrimitiveShiftReg_d3_i0/module\1AsyncResetSynchronizerPrimitiveShiftReg_d3_i0_TestHarness_UNIQUIFIED/' /work/chipyard/sims/verilator/generated-src/chipyard.harness.TestHarness.Baseline2CoreConfig/gen-collateral/AsyncResetSynchronizerPrimitiveShiftReg_d3_i0_TestHarness_UNIQUIFIED.sv
sed -i 's/module\( \+\)AsyncResetSynchronizerShiftReg_w1_d3_i0_1/module\1AsyncResetSynchronizerShiftReg_w1_d3_i0_1_TestHarness_UNIQUIFIED/' /work/chipyard/sims/verilator/generated-src/chipyard.harness.TestHarness.Baseline2CoreConfig/gen-collateral/AsyncResetSynchronizerShiftReg_w1_d3_i0_1_TestHarness_UNIQUIFIED.sv
sed -i 's/module\( \+\)AsyncResetSynchronizerShiftReg_w1_d3_i0_1/module\1AsyncResetSynchronizerShiftReg_w1_d3_i0_1_TestHarness_UNIQUIFIED/' /work/chipyard/sims/verilator/generated-src/chipyard.harness.TestHarness.Baseline2CoreConfig/gen-collateral/AsyncResetSynchronizerShiftReg_w1_d3_i0_1_TestHarness_UNIQUIFIED.sv
sed -i 's/module\( \+\)AsyncResetSynchronizerShiftReg_w1_d3_i0_1/module\1AsyncResetSynchronizerShiftReg_w1_d3_i0_1_TestHarness_UNIQUIFIED/' /work/chipyard/sims/verilator/generated-src/chipyard.harness.TestHarness.Baseline2CoreConfig/gen-collateral/AsyncResetSynchronizerShiftReg_w1_d3_i0_1_TestHarness_UNIQUIFIED.sv
sed -i 's/module\( \+\)AsyncResetSynchronizerShiftReg_w1_d3_i0_1/module\1AsyncResetSynchronizerShiftReg_w1_d3_i0_1_TestHarness_UNIQUIFIED/' /work/chipyard/sims/verilator/generated-src/chipyard.harness.TestHarness.Baseline2CoreConfig/gen-collateral/AsyncResetSynchronizerShiftReg_w1_d3_i0_1_TestHarness_UNIQUIFIED.sv
sed -i 's/module\( \+\)AsyncResetSynchronizerPrimitiveShiftReg_d3_i0/module\1AsyncResetSynchronizerPrimitiveShiftReg_d3_i0_TestHarness_UNIQUIFIED/' /work/chipyard/sims/verilator/generated-src/chipyard.harness.TestHarness.Baseline2CoreConfig/gen-collateral/AsyncResetSynchronizerPrimitiveShiftReg_d3_i0_TestHarness_UNIQUIFIED.sv
sed -i 's/module\( \+\)AsyncResetSynchronizerPrimitiveShiftReg_d3_i0/module\1AsyncResetSynchronizerPrimitiveShiftReg_d3_i0_TestHarness_UNIQUIFIED/' /work/chipyard/sims/verilator/generated-src/chipyard.harness.TestHarness.Baseline2CoreConfig/gen-collateral/AsyncResetSynchronizerPrimitiveShiftReg_d3_i0_TestHarness_UNIQUIFIED.sv
sed -i 's/module\( \+\)AsyncResetSynchronizerPrimitiveShiftReg_d3_i0/module\1AsyncResetSynchronizerPrimitiveShiftReg_d3_i0_TestHarness_UNIQUIFIED/' /work/chipyard/sims/verilator/generated-src/chipyard.harness.TestHarness.Baseline2CoreConfig/gen-collateral/AsyncResetSynchronizerPrimitiveShiftReg_d3_i0_TestHarness_UNIQUIFIED.sv
sed -i 's/module\( \+\)AsyncResetSynchronizerPrimitiveShiftReg_d3_i0/module\1AsyncResetSynchronizerPrimitiveShiftReg_d3_i0_TestHarness_UNIQUIFIED/' /work/chipyard/sims/verilator/generated-src/chipyard.harness.TestHarness.Baseline2CoreConfig/gen-collateral/AsyncResetSynchronizerPrimitiveShiftReg_d3_i0_TestHarness_UNIQUIFIED.sv
sed -i 's/module\( \+\)AsyncResetSynchronizerShiftReg_w1_d3_i0_1/module\1AsyncResetSynchronizerShiftReg_w1_d3_i0_1_TestHarness_UNIQUIFIED/' /work/chipyard/sims/verilator/generated-src/chipyard.harness.TestHarness.Baseline2CoreConfig/gen-collateral/AsyncResetSynchronizerShiftReg_w1_d3_i0_1_TestHarness_UNIQUIFIED.sv
sed -i 's/module\( \+\)AsyncResetSynchronizerShiftReg_w1_d3_i0_1/module\1AsyncResetSynchronizerShiftReg_w1_d3_i0_1_TestHarness_UNIQUIFIED/' /work/chipyard/sims/verilator/generated-src/chipyard.harness.TestHarness.Baseline2CoreConfig/gen-collateral/AsyncResetSynchronizerShiftReg_w1_d3_i0_1_TestHarness_UNIQUIFIED.sv
sed -i 's/module\( \+\)AsyncResetSynchronizerShiftReg_w1_d3_i0_1/module\1AsyncResetSynchronizerShiftReg_w1_d3_i0_1_TestHarness_UNIQUIFIED/' /work/chipyard/sims/verilator/generated-src/chipyard.harness.TestHarness.Baseline2CoreConfig/gen-collateral/AsyncResetSynchronizerShiftReg_w1_d3_i0_1_TestHarness_UNIQUIFIED.sv
sed -i 's/module\( \+\)AsyncResetSynchronizerShiftReg_w1_d3_i0_1/module\1AsyncResetSynchronizerShiftReg_w1_d3_i0_1_TestHarness_UNIQUIFIED/' /work/chipyard/sims/verilator/generated-src/chipyard.harness.TestHarness.Baseline2CoreConfig/gen-collateral/AsyncResetSynchronizerShiftReg_w1_d3_i0_1_TestHarness_UNIQUIFIED.sv
sed -i 's/module\( \+\)AsyncResetSynchronizerPrimitiveShiftReg_d3_i0/module\1AsyncResetSynchronizerPrimitiveShiftReg_d3_i0_TestHarness_UNIQUIFIED/' /work/chipyard/sims/verilator/generated-src/chipyard.harness.TestHarness.Baseline2CoreConfig/gen-collateral/AsyncResetSynchronizerPrimitiveShiftReg_d3_i0_TestHarness_UNIQUIFIED.sv
sed -i 's/module\( \+\)AsyncResetSynchronizerPrimitiveShiftReg_d3_i0/module\1AsyncResetSynchronizerPrimitiveShiftReg_d3_i0_TestHarness_UNIQUIFIED/' /work/chipyard/sims/verilator/generated-src/chipyard.harness.TestHarness.Baseline2CoreConfig/gen-collateral/AsyncResetSynchronizerPrimitiveShiftReg_d3_i0_TestHarness_UNIQUIFIED.sv
sed -i 's/module\( \+\)AsyncResetSynchronizerPrimitiveShiftReg_d3_i0/module\1AsyncResetSynchronizerPrimitiveShiftReg_d3_i0_TestHarness_UNIQUIFIED/' /work/chipyard/sims/verilator/generated-src/chipyard.harness.TestHarness.Baseline2CoreConfig/gen-collateral/AsyncResetSynchronizerPrimitiveShiftReg_d3_i0_TestHarness_UNIQUIFIED.sv
sed -i 's/module\( \+\)AsyncResetSynchronizerPrimitiveShiftReg_d3_i0/module\1AsyncResetSynchronizerPrimitiveShiftReg_d3_i0_TestHarness_UNIQUIFIED/' /work/chipyard/sims/verilator/generated-src/chipyard.harness.TestHarness.Baseline2CoreConfig/gen-collateral/AsyncResetSynchronizerPrimitiveShiftReg_d3_i0_TestHarness_UNIQUIFIED.sv
sed -i 's/module\( \+\)AsyncResetSynchronizerShiftReg_w1_d3_i0_1/module\1AsyncResetSynchronizerShiftReg_w1_d3_i0_1_TestHarness_UNIQUIFIED/' /work/chipyard/sims/verilator/generated-src/chipyard.harness.TestHarness.Baseline2CoreConfig/gen-collateral/AsyncResetSynchronizerShiftReg_w1_d3_i0_1_TestHarness_UNIQUIFIED.sv
sed -i 's/module\( \+\)AsyncResetSynchronizerShiftReg_w1_d3_i0_1/module\1AsyncResetSynchronizerShiftReg_w1_d3_i0_1_TestHarness_UNIQUIFIED/' /work/chipyard/sims/verilator/generated-src/chipyard.harness.TestHarness.Baseline2CoreConfig/gen-collateral/AsyncResetSynchronizerShiftReg_w1_d3_i0_1_TestHarness_UNIQUIFIED.sv
sed -i 's/module\( \+\)AsyncResetSynchronizerShiftReg_w1_d3_i0_1/module\1AsyncResetSynchronizerShiftReg_w1_d3_i0_1_TestHarness_UNIQUIFIED/' /work/chipyard/sims/verilator/generated-src/chipyard.harness.TestHarness.Baseline2CoreConfig/gen-collateral/AsyncResetSynchronizerShiftReg_w1_d3_i0_1_TestHarness_UNIQUIFIED.sv
sed -i 's/module\( \+\)AsyncResetSynchronizerShiftReg_w1_d3_i0_1/module\1AsyncResetSynchronizerShiftReg_w1_d3_i0_1_TestHarness_UNIQUIFIED/' /work/chipyard/sims/verilator/generated-src/chipyard.harness.TestHarness.Baseline2CoreConfig/gen-collateral/AsyncResetSynchronizerShiftReg_w1_d3_i0_1_TestHarness_UNIQUIFIED.sv
sed -i 's/module\( \+\)AsyncResetSynchronizerPrimitiveShiftReg_d3_i0/module\1AsyncResetSynchronizerPrimitiveShiftReg_d3_i0_TestHarness_UNIQUIFIED/' /work/chipyard/sims/verilator/generated-src/chipyard.harness.TestHarness.Baseline2CoreConfig/gen-collateral/AsyncResetSynchronizerPrimitiveShiftReg_d3_i0_TestHarness_UNIQUIFIED.sv
sed -i 's/module\( \+\)AsyncResetSynchronizerPrimitiveShiftReg_d3_i0/module\1AsyncResetSynchronizerPrimitiveShiftReg_d3_i0_TestHarness_UNIQUIFIED/' /work/chipyard/sims/verilator/generated-src/chipyard.harness.TestHarness.Baseline2CoreConfig/gen-collateral/AsyncResetSynchronizerPrimitiveShiftReg_d3_i0_TestHarness_UNIQUIFIED.sv
sed -i 's/module\( \+\)AsyncResetSynchronizerPrimitiveShiftReg_d3_i0/module\1AsyncResetSynchronizerPrimitiveShiftReg_d3_i0_TestHarness_UNIQUIFIED/' /work/chipyard/sims/verilator/generated-src/chipyard.harness.TestHarness.Baseline2CoreConfig/gen-collateral/AsyncResetSynchronizerPrimitiveShiftReg_d3_i0_TestHarness_UNIQUIFIED.sv
sed -i 's/module\( \+\)AsyncResetSynchronizerPrimitiveShiftReg_d3_i0/module\1AsyncResetSynchronizerPrimitiveShiftReg_d3_i0_TestHarness_UNIQUIFIED/' /work/chipyard/sims/verilator/generated-src/chipyard.harness.TestHarness.Baseline2CoreConfig/gen-collateral/AsyncResetSynchronizerPrimitiveShiftReg_d3_i0_TestHarness_UNIQUIFIED.sv
sed -i 's/module\( \+\)AsyncResetSynchronizerShiftReg_w1_d3_i0_1/module\1AsyncResetSynchronizerShiftReg_w1_d3_i0_1_TestHarness_UNIQUIFIED/' /work/chipyard/sims/verilator/generated-src/chipyard.harness.TestHarness.Baseline2CoreConfig/gen-collateral/AsyncResetSynchronizerShiftReg_w1_d3_i0_1_TestHarness_UNIQUIFIED.sv
sed -i 's/module\( \+\)AsyncResetSynchronizerShiftReg_w1_d3_i0_1/module\1AsyncResetSynchronizerShiftReg_w1_d3_i0_1_TestHarness_UNIQUIFIED/' /work/chipyard/sims/verilator/generated-src/chipyard.harness.TestHarness.Baseline2CoreConfig/gen-collateral/AsyncResetSynchronizerShiftReg_w1_d3_i0_1_TestHarness_UNIQUIFIED.sv
sed -i 's/module\( \+\)AsyncResetSynchronizerShiftReg_w1_d3_i0_1/module\1AsyncResetSynchronizerShiftReg_w1_d3_i0_1_TestHarness_UNIQUIFIED/' /work/chipyard/sims/verilator/generated-src/chipyard.harness.TestHarness.Baseline2CoreConfig/gen-collateral/AsyncResetSynchronizerShiftReg_w1_d3_i0_1_TestHarness_UNIQUIFIED.sv
sed -i 's/module\( \+\)AsyncResetSynchronizerShiftReg_w1_d3_i0_1/module\1AsyncResetSynchronizerShiftReg_w1_d3_i0_1_TestHarness_UNIQUIFIED/' /work/chipyard/sims/verilator/generated-src/chipyard.harness.TestHarness.Baseline2CoreConfig/gen-collateral/AsyncResetSynchronizerShiftReg_w1_d3_i0_1_TestHarness_UNIQUIFIED.sv
sed -i 's/module\( \+\)AsyncResetSynchronizerPrimitiveShiftReg_d3_i0/module\1AsyncResetSynchronizerPrimitiveShiftReg_d3_i0_TestHarness_UNIQUIFIED/' /work/chipyard/sims/verilator/generated-src/chipyard.harness.TestHarness.Baseline2CoreConfig/gen-collateral/AsyncResetSynchronizerPrimitiveShiftReg_d3_i0_TestHarness_UNIQUIFIED.sv
sed -i 's/module\( \+\)AsyncResetSynchronizerPrimitiveShiftReg_d3_i0/module\1AsyncResetSynchronizerPrimitiveShiftReg_d3_i0_TestHarness_UNIQUIFIED/' /work/chipyard/sims/verilator/generated-src/chipyard.harness.TestHarness.Baseline2CoreConfig/gen-collateral/AsyncResetSynchronizerPrimitiveShiftReg_d3_i0_TestHarness_UNIQUIFIED.sv
sed -i 's/module\( \+\)AsyncResetSynchronizerPrimitiveShiftReg_d3_i0/module\1AsyncResetSynchronizerPrimitiveShiftReg_d3_i0_TestHarness_UNIQUIFIED/' /work/chipyard/sims/verilator/generated-src/chipyard.harness.TestHarness.Baseline2CoreConfig/gen-collateral/AsyncResetSynchronizerPrimitiveShiftReg_d3_i0_TestHarness_UNIQUIFIED.sv
sed -i 's/module\( \+\)AsyncResetSynchronizerPrimitiveShiftReg_d3_i0/module\1AsyncResetSynchronizerPrimitiveShiftReg_d3_i0_TestHarness_UNIQUIFIED/' /work/chipyard/sims/verilator/generated-src/chipyard.harness.TestHarness.Baseline2CoreConfig/gen-collateral/AsyncResetSynchronizerPrimitiveShiftReg_d3_i0_TestHarness_UNIQUIFIED.sv
sed -i 's/module\( \+\)AsyncResetSynchronizerShiftReg_w1_d3_i0_1/module\1AsyncResetSynchronizerShiftReg_w1_d3_i0_1_TestHarness_UNIQUIFIED/' /work/chipyard/sims/verilator/generated-src/chipyard.harness.TestHarness.Baseline2CoreConfig/gen-collateral/AsyncResetSynchronizerShiftReg_w1_d3_i0_1_TestHarness_UNIQUIFIED.sv
sed -i 's/module\( \+\)AsyncResetSynchronizerShiftReg_w1_d3_i0_1/module\1AsyncResetSynchronizerShiftReg_w1_d3_i0_1_TestHarness_UNIQUIFIED/' /work/chipyard/sims/verilator/generated-src/chipyard.harness.TestHarness.Baseline2CoreConfig/gen-collateral/AsyncResetSynchronizerShiftReg_w1_d3_i0_1_TestHarness_UNIQUIFIED.sv
sed -i 's/module\( \+\)AsyncResetSynchronizerShiftReg_w1_d3_i0_1/module\1AsyncResetSynchronizerShiftReg_w1_d3_i0_1_TestHarness_UNIQUIFIED/' /work/chipyard/sims/verilator/generated-src/chipyard.harness.TestHarness.Baseline2CoreConfig/gen-collateral/AsyncResetSynchronizerShiftReg_w1_d3_i0_1_TestHarness_UNIQUIFIED.sv
sed -i 's/module\( \+\)AsyncResetSynchronizerShiftReg_w1_d3_i0_1/module\1AsyncResetSynchronizerShiftReg_w1_d3_i0_1_TestHarness_UNIQUIFIED/' /work/chipyard/sims/verilator/generated-src/chipyard.harness.TestHarness.Baseline2CoreConfig/gen-collateral/AsyncResetSynchronizerShiftReg_w1_d3_i0_1_TestHarness_UNIQUIFIED.sv
sed -i 's/module\( \+\)AsyncResetSynchronizerPrimitiveShiftReg_d3_i0/module\1AsyncResetSynchronizerPrimitiveShiftReg_d3_i0_TestHarness_UNIQUIFIED/' /work/chipyard/sims/verilator/generated-src/chipyard.harness.TestHarness.Baseline2CoreConfig/gen-collateral/AsyncResetSynchronizerPrimitiveShiftReg_d3_i0_TestHarness_UNIQUIFIED.sv
sed -i 's/\( \*\)AsyncResetSynchronizerPrimitiveShiftReg_d3_i0\( \+\)/\1AsyncResetSynchronizerPrimitiveShiftReg_d3_i0_TestHarness_UNIQUIFIED\2/' /work/chipyard/sims/verilator/generated-src/chipyard.harness.TestHarness.Baseline2CoreConfig/gen-collateral/AsyncResetSynchronizerShiftReg_w1_d3_i0_1_TestHarness_UNIQUIFIED.sv
sed -i 's/module\( \+\)AsyncResetSynchronizerPrimitiveShiftReg_d3_i0/module\1AsyncResetSynchronizerPrimitiveShiftReg_d3_i0_TestHarness_UNIQUIFIED/' /work/chipyard/sims/verilator/generated-src/chipyard.harness.TestHarness.Baseline2CoreConfig/gen-collateral/AsyncResetSynchronizerPrimitiveShiftReg_d3_i0_TestHarness_UNIQUIFIED.sv
sed -i 's/module\( \+\)AsyncResetSynchronizerPrimitiveShiftReg_d3_i0/module\1AsyncResetSynchronizerPrimitiveShiftReg_d3_i0_TestHarness_UNIQUIFIED/' /work/chipyard/sims/verilator/generated-src/chipyard.harness.TestHarness.Baseline2CoreConfig/gen-collateral/AsyncResetSynchronizerPrimitiveShiftReg_d3_i0_TestHarness_UNIQUIFIED.sv
sed -i 's/module\( \+\)AsyncResetSynchronizerPrimitiveShiftReg_d3_i0/module\1AsyncResetSynchronizerPrimitiveShiftReg_d3_i0_TestHarness_UNIQUIFIED/' /work/chipyard/sims/verilator/generated-src/chipyard.harness.TestHarness.Baseline2CoreConfig/gen-collateral/AsyncResetSynchronizerPrimitiveShiftReg_d3_i0_TestHarness_UNIQUIFIED.sv
sed -i 's/module\( \+\)AsyncResetSynchronizerPrimitiveShiftReg_d3_i0/module\1AsyncResetSynchronizerPrimitiveShiftReg_d3_i0_TestHarness_UNIQUIFIED/' /work/chipyard/sims/verilator/generated-src/chipyard.harness.TestHarness.Baseline2CoreConfig/gen-collateral/AsyncResetSynchronizerPrimitiveShiftReg_d3_i0_TestHarness_UNIQUIFIED.sv
sed -i 's/module\( \+\)AsyncResetSynchronizerPrimitiveShiftReg_d3_i0/module\1AsyncResetSynchronizerPrimitiveShiftReg_d3_i0_TestHarness_UNIQUIFIED/' /work/chipyard/sims/verilator/generated-src/chipyard.harness.TestHarness.Baseline2CoreConfig/gen-collateral/AsyncResetSynchronizerPrimitiveShiftReg_d3_i0_TestHarness_UNIQUIFIED.sv
sed -i 's/module\( \+\)AsyncResetSynchronizerPrimitiveShiftReg_d3_i0/module\1AsyncResetSynchronizerPrimitiveShiftReg_d3_i0_TestHarness_UNIQUIFIED/' /work/chipyard/sims/verilator/generated-src/chipyard.harness.TestHarness.Baseline2CoreConfig/gen-collateral/AsyncResetSynchronizerPrimitiveShiftReg_d3_i0_TestHarness_UNIQUIFIED.sv
sed -i 's/module\( \+\)AsyncResetSynchronizerPrimitiveShiftReg_d3_i0/module\1AsyncResetSynchronizerPrimitiveShiftReg_d3_i0_TestHarness_UNIQUIFIED/' /work/chipyard/sims/verilator/generated-src/chipyard.harness.TestHarness.Baseline2CoreConfig/gen-collateral/AsyncResetSynchronizerPrimitiveShiftReg_d3_i0_TestHarness_UNIQUIFIED.sv
sed -i 's/module\( \+\)AsyncResetSynchronizerPrimitiveShiftReg_d3_i0/module\1AsyncResetSynchronizerPrimitiveShiftReg_d3_i0_TestHarness_UNIQUIFIED/' /work/chipyard/sims/verilator/generated-src/chipyard.harness.TestHarness.Baseline2CoreConfig/gen-collateral/AsyncResetSynchronizerPrimitiveShiftReg_d3_i0_TestHarness_UNIQUIFIED.sv
sed -i 's/module\( \+\)AsyncResetSynchronizerPrimitiveShiftReg_d3_i0/module\1AsyncResetSynchronizerPrimitiveShiftReg_d3_i0_TestHarness_UNIQUIFIED/' /work/chipyard/sims/verilator/generated-src/chipyard.harness.TestHarness.Baseline2CoreConfig/gen-collateral/AsyncResetSynchronizerPrimitiveShiftReg_d3_i0_TestHarness_UNIQUIFIED.sv
sed -i 's/module\( \+\)AsyncResetSynchronizerPrimitiveShiftReg_d3_i0/module\1AsyncResetSynchronizerPrimitiveShiftReg_d3_i0_TestHarness_UNIQUIFIED/' /work/chipyard/sims/verilator/generated-src/chipyard.harness.TestHarness.Baseline2CoreConfig/gen-collateral/AsyncResetSynchronizerPrimitiveShiftReg_d3_i0_TestHarness_UNIQUIFIED.sv
sed -i 's/module\( \+\)AsyncResetSynchronizerPrimitiveShiftReg_d3_i0/module\1AsyncResetSynchronizerPrimitiveShiftReg_d3_i0_TestHarness_UNIQUIFIED/' /work/chipyard/sims/verilator/generated-src/chipyard.harness.TestHarness.Baseline2CoreConfig/gen-collateral/AsyncResetSynchronizerPrimitiveShiftReg_d3_i0_TestHarness_UNIQUIFIED.sv
sed -i 's/module\( \+\)AsyncResetSynchronizerPrimitiveShiftReg_d3_i0/module\1AsyncResetSynchronizerPrimitiveShiftReg_d3_i0_TestHarness_UNIQUIFIED/' /work/chipyard/sims/verilator/generated-src/chipyard.harness.TestHarness.Baseline2CoreConfig/gen-collateral/AsyncResetSynchronizerPrimitiveShiftReg_d3_i0_TestHarness_UNIQUIFIED.sv
sed -i 's/module\( \+\)AsyncResetSynchronizerPrimitiveShiftReg_d3_i0/module\1AsyncResetSynchronizerPrimitiveShiftReg_d3_i0_TestHarness_UNIQUIFIED/' /work/chipyard/sims/verilator/generated-src/chipyard.harness.TestHarness.Baseline2CoreConfig/gen-collateral/AsyncResetSynchronizerPrimitiveShiftReg_d3_i0_TestHarness_UNIQUIFIED.sv
sed -i 's/module\( \+\)AsyncResetSynchronizerPrimitiveShiftReg_d3_i0/module\1AsyncResetSynchronizerPrimitiveShiftReg_d3_i0_TestHarness_UNIQUIFIED/' /work/chipyard/sims/verilator/generated-src/chipyard.harness.TestHarness.Baseline2CoreConfig/gen-collateral/AsyncResetSynchronizerPrimitiveShiftReg_d3_i0_TestHarness_UNIQUIFIED.sv
sed -i 's/module\( \+\)AsyncResetSynchronizerPrimitiveShiftReg_d3_i0/module\1AsyncResetSynchronizerPrimitiveShiftReg_d3_i0_TestHarness_UNIQUIFIED/' /work/chipyard/sims/verilator/generated-src/chipyard.harness.TestHarness.Baseline2CoreConfig/gen-collateral/AsyncResetSynchronizerPrimitiveShiftReg_d3_i0_TestHarness_UNIQUIFIED.sv
sed -i 's/module\( \+\)AsyncResetSynchronizerPrimitiveShiftReg_d3_i0/module\1AsyncResetSynchronizerPrimitiveShiftReg_d3_i0_TestHarness_UNIQUIFIED/' /work/chipyard/sims/verilator/generated-src/chipyard.harness.TestHarness.Baseline2CoreConfig/gen-collateral/AsyncResetSynchronizerPrimitiveShiftReg_d3_i0_TestHarness_UNIQUIFIED.sv
sed -i 's/module\( \+\)AsyncResetSynchronizerPrimitiveShiftReg_d3_i0/module\1AsyncResetSynchronizerPrimitiveShiftReg_d3_i0_TestHarness_UNIQUIFIED/' /work/chipyard/sims/verilator/generated-src/chipyard.harness.TestHarness.Baseline2CoreConfig/gen-collateral/AsyncResetSynchronizerPrimitiveShiftReg_d3_i0_TestHarness_UNIQUIFIED.sv
sed -i 's/module\( \+\)AsyncResetSynchronizerPrimitiveShiftReg_d3_i0/module\1AsyncResetSynchronizerPrimitiveShiftReg_d3_i0_TestHarness_UNIQUIFIED/' /work/chipyard/sims/verilator/generated-src/chipyard.harness.TestHarness.Baseline2CoreConfig/gen-collateral/AsyncResetSynchronizerPrimitiveShiftReg_d3_i0_TestHarness_UNIQUIFIED.sv
sed -i 's/module\( \+\)AsyncResetSynchronizerPrimitiveShiftReg_d3_i0/module\1AsyncResetSynchronizerPrimitiveShiftReg_d3_i0_TestHarness_UNIQUIFIED/' /work/chipyard/sims/verilator/generated-src/chipyard.harness.TestHarness.Baseline2CoreConfig/gen-collateral/AsyncResetSynchronizerPrimitiveShiftReg_d3_i0_TestHarness_UNIQUIFIED.sv
sed -i 's/module\( \+\)AsyncResetSynchronizerPrimitiveShiftReg_d3_i0/module\1AsyncResetSynchronizerPrimitiveShiftReg_d3_i0_TestHarness_UNIQUIFIED/' /work/chipyard/sims/verilator/generated-src/chipyard.harness.TestHarness.Baseline2CoreConfig/gen-collateral/AsyncResetSynchronizerPrimitiveShiftReg_d3_i0_TestHarness_UNIQUIFIED.sv
sed -i 's/module\( \+\)AsyncResetSynchronizerPrimitiveShiftReg_d3_i0/module\1AsyncResetSynchronizerPrimitiveShiftReg_d3_i0_TestHarness_UNIQUIFIED/' /work/chipyard/sims/verilator/generated-src/chipyard.harness.TestHarness.Baseline2CoreConfig/gen-collateral/AsyncResetSynchronizerPrimitiveShiftReg_d3_i0_TestHarness_UNIQUIFIED.sv
sed -i 's/module\( \+\)AsyncResetSynchronizerPrimitiveShiftReg_d3_i0/module\1AsyncResetSynchronizerPrimitiveShiftReg_d3_i0_TestHarness_UNIQUIFIED/' /work/chipyard/sims/verilator/generated-src/chipyard.harness.TestHarness.Baseline2CoreConfig/gen-collateral/AsyncResetSynchronizerPrimitiveShiftReg_d3_i0_TestHarness_UNIQUIFIED.sv
sed -i 's/module\( \+\)AsyncResetSynchronizerPrimitiveShiftReg_d3_i0/module\1AsyncResetSynchronizerPrimitiveShiftReg_d3_i0_TestHarness_UNIQUIFIED/' /work/chipyard/sims/verilator/generated-src/chipyard.harness.TestHarness.Baseline2CoreConfig/gen-collateral/AsyncResetSynchronizerPrimitiveShiftReg_d3_i0_TestHarness_UNIQUIFIED.sv
sed -i 's/module\( \+\)AsyncResetSynchronizerPrimitiveShiftReg_d3_i0/module\1AsyncResetSynchronizerPrimitiveShiftReg_d3_i0_TestHarness_UNIQUIFIED/' /work/chipyard/sims/verilator/generated-src/chipyard.harness.TestHarness.Baseline2CoreConfig/gen-collateral/AsyncResetSynchronizerPrimitiveShiftReg_d3_i0_TestHarness_UNIQUIFIED.sv
sed -i 's/module\( \+\)AsyncResetSynchronizerPrimitiveShiftReg_d3_i0/module\1AsyncResetSynchronizerPrimitiveShiftReg_d3_i0_TestHarness_UNIQUIFIED/' /work/chipyard/sims/verilator/generated-src/chipyard.harness.TestHarness.Baseline2CoreConfig/gen-collateral/AsyncResetSynchronizerPrimitiveShiftReg_d3_i0_TestHarness_UNIQUIFIED.sv
sed -i 's/module\( \+\)AsyncResetSynchronizerPrimitiveShiftReg_d3_i0/module\1AsyncResetSynchronizerPrimitiveShiftReg_d3_i0_TestHarness_UNIQUIFIED/' /work/chipyard/sims/verilator/generated-src/chipyard.harness.TestHarness.Baseline2CoreConfig/gen-collateral/AsyncResetSynchronizerPrimitiveShiftReg_d3_i0_TestHarness_UNIQUIFIED.sv
sed -i 's/module\( \+\)AsyncResetSynchronizerPrimitiveShiftReg_d3_i0/module\1AsyncResetSynchronizerPrimitiveShiftReg_d3_i0_TestHarness_UNIQUIFIED/' /work/chipyard/sims/verilator/generated-src/chipyard.harness.TestHarness.Baseline2CoreConfig/gen-collateral/AsyncResetSynchronizerPrimitiveShiftReg_d3_i0_TestHarness_UNIQUIFIED.sv
sed -i 's/module\( \+\)AsyncResetSynchronizerPrimitiveShiftReg_d3_i0/module\1AsyncResetSynchronizerPrimitiveShiftReg_d3_i0_TestHarness_UNIQUIFIED/' /work/chipyard/sims/verilator/generated-src/chipyard.harness.TestHarness.Baseline2CoreConfig/gen-collateral/AsyncResetSynchronizerPrimitiveShiftReg_d3_i0_TestHarness_UNIQUIFIED.sv
sed -i 's/module\( \+\)AsyncResetSynchronizerPrimitiveShiftReg_d3_i0/module\1AsyncResetSynchronizerPrimitiveShiftReg_d3_i0_TestHarness_UNIQUIFIED/' /work/chipyard/sims/verilator/generated-src/chipyard.harness.TestHarness.Baseline2CoreConfig/gen-collateral/AsyncResetSynchronizerPrimitiveShiftReg_d3_i0_TestHarness_UNIQUIFIED.sv
sed -i 's/module\( \+\)AsyncResetSynchronizerPrimitiveShiftReg_d3_i0/module\1AsyncResetSynchronizerPrimitiveShiftReg_d3_i0_TestHarness_UNIQUIFIED/' /work/chipyard/sims/verilator/generated-src/chipyard.harness.TestHarness.Baseline2CoreConfig/gen-collateral/AsyncResetSynchronizerPrimitiveShiftReg_d3_i0_TestHarness_UNIQUIFIED.sv
sed -i 's/module\( \+\)AsyncResetSynchronizerPrimitiveShiftReg_d3_i0/module\1AsyncResetSynchronizerPrimitiveShiftReg_d3_i0_TestHarness_UNIQUIFIED/' /work/chipyard/sims/verilator/generated-src/chipyard.harness.TestHarness.Baseline2CoreConfig/gen-collateral/AsyncResetSynchronizerPrimitiveShiftReg_d3_i0_TestHarness_UNIQUIFIED.sv
sed -i 's/module\( \+\)AsyncResetSynchronizerPrimitiveShiftReg_d3_i0/module\1AsyncResetSynchronizerPrimitiveShiftReg_d3_i0_TestHarness_UNIQUIFIED/' /work/chipyard/sims/verilator/generated-src/chipyard.harness.TestHarness.Baseline2CoreConfig/gen-collateral/AsyncResetSynchronizerPrimitiveShiftReg_d3_i0_TestHarness_UNIQUIFIED.sv
sed -i 's/module\( \+\)AsyncResetSynchronizerPrimitiveShiftReg_d3_i0/module\1AsyncResetSynchronizerPrimitiveShiftReg_d3_i0_TestHarness_UNIQUIFIED/' /work/chipyard/sims/verilator/generated-src/chipyard.harness.TestHarness.Baseline2CoreConfig/gen-collateral/AsyncResetSynchronizerPrimitiveShiftReg_d3_i0_TestHarness_UNIQUIFIED.sv
sed -i 's/module\( \+\)AsyncResetSynchronizerPrimitiveShiftReg_d3_i0/module\1AsyncResetSynchronizerPrimitiveShiftReg_d3_i0_TestHarness_UNIQUIFIED/' /work/chipyard/sims/verilator/generated-src/chipyard.harness.TestHarness.Baseline2CoreConfig/gen-collateral/AsyncResetSynchronizerPrimitiveShiftReg_d3_i0_TestHarness_UNIQUIFIED.sv
sed -i 's/module\( \+\)AsyncResetSynchronizerPrimitiveShiftReg_d3_i0/module\1AsyncResetSynchronizerPrimitiveShiftReg_d3_i0_TestHarness_UNIQUIFIED/' /work/chipyard/sims/verilator/generated-src/chipyard.harness.TestHarness.Baseline2CoreConfig/gen-collateral/AsyncResetSynchronizerPrimitiveShiftReg_d3_i0_TestHarness_UNIQUIFIED.sv
sed -i 's/module\( \+\)AsyncResetSynchronizerPrimitiveShiftReg_d3_i0/module\1AsyncResetSynchronizerPrimitiveShiftReg_d3_i0_TestHarness_UNIQUIFIED/' /work/chipyard/sims/verilator/generated-src/chipyard.harness.TestHarness.Baseline2CoreConfig/gen-collateral/AsyncResetSynchronizerPrimitiveShiftReg_d3_i0_TestHarness_UNIQUIFIED.sv
sed -i 's/module\( \+\)AsyncResetSynchronizerPrimitiveShiftReg_d3_i0/module\1AsyncResetSynchronizerPrimitiveShiftReg_d3_i0_TestHarness_UNIQUIFIED/' /work/chipyard/sims/verilator/generated-src/chipyard.harness.TestHarness.Baseline2CoreConfig/gen-collateral/AsyncResetSynchronizerPrimitiveShiftReg_d3_i0_TestHarness_UNIQUIFIED.sv
sed -i 's/module\( \+\)AsyncResetSynchronizerPrimitiveShiftReg_d3_i0/module\1AsyncResetSynchronizerPrimitiveShiftReg_d3_i0_TestHarness_UNIQUIFIED/' /work/chipyard/sims/verilator/generated-src/chipyard.harness.TestHarness.Baseline2CoreConfig/gen-collateral/AsyncResetSynchronizerPrimitiveShiftReg_d3_i0_TestHarness_UNIQUIFIED.sv
sed -i 's/module\( \+\)AsyncResetSynchronizerPrimitiveShiftReg_d3_i0/module\1AsyncResetSynchronizerPrimitiveShiftReg_d3_i0_TestHarness_UNIQUIFIED/' /work/chipyard/sims/verilator/generated-src/chipyard.harness.TestHarness.Baseline2CoreConfig/gen-collateral/AsyncResetSynchronizerPrimitiveShiftReg_d3_i0_TestHarness_UNIQUIFIED.sv
sed -i 's/module\( \+\)AsyncResetSynchronizerPrimitiveShiftReg_d3_i0/module\1AsyncResetSynchronizerPrimitiveShiftReg_d3_i0_TestHarness_UNIQUIFIED/' /work/chipyard/sims/verilator/generated-src/chipyard.harness.TestHarness.Baseline2CoreConfig/gen-collateral/AsyncResetSynchronizerPrimitiveShiftReg_d3_i0_TestHarness_UNIQUIFIED.sv
sed -i 's/module\( \+\)AsyncResetSynchronizerPrimitiveShiftReg_d3_i0/module\1AsyncResetSynchronizerPrimitiveShiftReg_d3_i0_TestHarness_UNIQUIFIED/' /work/chipyard/sims/verilator/generated-src/chipyard.harness.TestHarness.Baseline2CoreConfig/gen-collateral/AsyncResetSynchronizerPrimitiveShiftReg_d3_i0_TestHarness_UNIQUIFIED.sv
sed -i 's/module\( \+\)AsyncResetSynchronizerPrimitiveShiftReg_d3_i0/module\1AsyncResetSynchronizerPrimitiveShiftReg_d3_i0_TestHarness_UNIQUIFIED/' /work/chipyard/sims/verilator/generated-src/chipyard.harness.TestHarness.Baseline2CoreConfig/gen-collateral/AsyncResetSynchronizerPrimitiveShiftReg_d3_i0_TestHarness_UNIQUIFIED.sv
sed -i 's/module\( \+\)AsyncResetSynchronizerPrimitiveShiftReg_d3_i0/module\1AsyncResetSynchronizerPrimitiveShiftReg_d3_i0_TestHarness_UNIQUIFIED/' /work/chipyard/sims/verilator/generated-src/chipyard.harness.TestHarness.Baseline2CoreConfig/gen-collateral/AsyncResetSynchronizerPrimitiveShiftReg_d3_i0_TestHarness_UNIQUIFIED.sv
sed -i 's/module\( \+\)AsyncResetSynchronizerPrimitiveShiftReg_d3_i0/module\1AsyncResetSynchronizerPrimitiveShiftReg_d3_i0_TestHarness_UNIQUIFIED/' /work/chipyard/sims/verilator/generated-src/chipyard.harness.TestHarness.Baseline2CoreConfig/gen-collateral/AsyncResetSynchronizerPrimitiveShiftReg_d3_i0_TestHarness_UNIQUIFIED.sv
sed -i 's/module\( \+\)AsyncResetSynchronizerPrimitiveShiftReg_d3_i0/module\1AsyncResetSynchronizerPrimitiveShiftReg_d3_i0_TestHarness_UNIQUIFIED/' /work/chipyard/sims/verilator/generated-src/chipyard.harness.TestHarness.Baseline2CoreConfig/gen-collateral/AsyncResetSynchronizerPrimitiveShiftReg_d3_i0_TestHarness_UNIQUIFIED.sv
sed -i 's/module\( \+\)AsyncResetSynchronizerPrimitiveShiftReg_d3_i0/module\1AsyncResetSynchronizerPrimitiveShiftReg_d3_i0_TestHarness_UNIQUIFIED/' /work/chipyard/sims/verilator/generated-src/chipyard.harness.TestHarness.Baseline2CoreConfig/gen-collateral/AsyncResetSynchronizerPrimitiveShiftReg_d3_i0_TestHarness_UNIQUIFIED.sv
sed -i 's/module\( \+\)AsyncResetSynchronizerPrimitiveShiftReg_d3_i0/module\1AsyncResetSynchronizerPrimitiveShiftReg_d3_i0_TestHarness_UNIQUIFIED/' /work/chipyard/sims/verilator/generated-src/chipyard.harness.TestHarness.Baseline2CoreConfig/gen-collateral/AsyncResetSynchronizerPrimitiveShiftReg_d3_i0_TestHarness_UNIQUIFIED.sv
sed -i 's/module\( \+\)AsyncResetSynchronizerPrimitiveShiftReg_d3_i0/module\1AsyncResetSynchronizerPrimitiveShiftReg_d3_i0_TestHarness_UNIQUIFIED/' /work/chipyard/sims/verilator/generated-src/chipyard.harness.TestHarness.Baseline2CoreConfig/gen-collateral/AsyncResetSynchronizerPrimitiveShiftReg_d3_i0_TestHarness_UNIQUIFIED.sv
sed -i 's/module\( \+\)AsyncResetSynchronizerPrimitiveShiftReg_d3_i0/module\1AsyncResetSynchronizerPrimitiveShiftReg_d3_i0_TestHarness_UNIQUIFIED/' /work/chipyard/sims/verilator/generated-src/chipyard.harness.TestHarness.Baseline2CoreConfig/gen-collateral/AsyncResetSynchronizerPrimitiveShiftReg_d3_i0_TestHarness_UNIQUIFIED.sv
sed -i 's/module\( \+\)AsyncResetSynchronizerPrimitiveShiftReg_d3_i0/module\1AsyncResetSynchronizerPrimitiveShiftReg_d3_i0_TestHarness_UNIQUIFIED/' /work/chipyard/sims/verilator/generated-src/chipyard.harness.TestHarness.Baseline2CoreConfig/gen-collateral/AsyncResetSynchronizerPrimitiveShiftReg_d3_i0_TestHarness_UNIQUIFIED.sv
sed -i 's/module\( \+\)AsyncResetSynchronizerPrimitiveShiftReg_d3_i0/module\1AsyncResetSynchronizerPrimitiveShiftReg_d3_i0_TestHarness_UNIQUIFIED/' /work/chipyard/sims/verilator/generated-src/chipyard.harness.TestHarness.Baseline2CoreConfig/gen-collateral/AsyncResetSynchronizerPrimitiveShiftReg_d3_i0_TestHarness_UNIQUIFIED.sv
sed -i 's/module\( \+\)AsyncResetSynchronizerPrimitiveShiftReg_d3_i0/module\1AsyncResetSynchronizerPrimitiveShiftReg_d3_i0_TestHarness_UNIQUIFIED/' /work/chipyard/sims/verilator/generated-src/chipyard.harness.TestHarness.Baseline2CoreConfig/gen-collateral/AsyncResetSynchronizerPrimitiveShiftReg_d3_i0_TestHarness_UNIQUIFIED.sv
sed -i 's/module\( \+\)AsyncResetSynchronizerPrimitiveShiftReg_d3_i0/module\1AsyncResetSynchronizerPrimitiveShiftReg_d3_i0_TestHarness_UNIQUIFIED/' /work/chipyard/sims/verilator/generated-src/chipyard.harness.TestHarness.Baseline2CoreConfig/gen-collateral/AsyncResetSynchronizerPrimitiveShiftReg_d3_i0_TestHarness_UNIQUIFIED.sv
sed -i 's/module\( \+\)AsyncResetSynchronizerPrimitiveShiftReg_d3_i0/module\1AsyncResetSynchronizerPrimitiveShiftReg_d3_i0_TestHarness_UNIQUIFIED/' /work/chipyard/sims/verilator/generated-src/chipyard.harness.TestHarness.Baseline2CoreConfig/gen-collateral/AsyncResetSynchronizerPrimitiveShiftReg_d3_i0_TestHarness_UNIQUIFIED.sv
sed -i 's/module\( \+\)AsyncResetSynchronizerPrimitiveShiftReg_d3_i0/module\1AsyncResetSynchronizerPrimitiveShiftReg_d3_i0_TestHarness_UNIQUIFIED/' /work/chipyard/sims/verilator/generated-src/chipyard.harness.TestHarness.Baseline2CoreConfig/gen-collateral/AsyncResetSynchronizerPrimitiveShiftReg_d3_i0_TestHarness_UNIQUIFIED.sv
sed -i 's/module\( \+\)AsyncResetSynchronizerPrimitiveShiftReg_d3_i0/module\1AsyncResetSynchronizerPrimitiveShiftReg_d3_i0_TestHarness_UNIQUIFIED/' /work/chipyard/sims/verilator/generated-src/chipyard.harness.TestHarness.Baseline2CoreConfig/gen-collateral/AsyncResetSynchronizerPrimitiveShiftReg_d3_i0_TestHarness_UNIQUIFIED.sv
sed -i 's/module\( \+\)AsyncResetSynchronizerPrimitiveShiftReg_d3_i0/module\1AsyncResetSynchronizerPrimitiveShiftReg_d3_i0_TestHarness_UNIQUIFIED/' /work/chipyard/sims/verilator/generated-src/chipyard.harness.TestHarness.Baseline2CoreConfig/gen-collateral/AsyncResetSynchronizerPrimitiveShiftReg_d3_i0_TestHarness_UNIQUIFIED.sv
sed -i 's/module\( \+\)AsyncResetSynchronizerPrimitiveShiftReg_d3_i0/module\1AsyncResetSynchronizerPrimitiveShiftReg_d3_i0_TestHarness_UNIQUIFIED/' /work/chipyard/sims/verilator/generated-src/chipyard.harness.TestHarness.Baseline2CoreConfig/gen-collateral/AsyncResetSynchronizerPrimitiveShiftReg_d3_i0_TestHarness_UNIQUIFIED.sv
sed -i 's/module\( \+\)AsyncResetSynchronizerPrimitiveShiftReg_d3_i0/module\1AsyncResetSynchronizerPrimitiveShiftReg_d3_i0_TestHarness_UNIQUIFIED/' /work/chipyard/sims/verilator/generated-src/chipyard.harness.TestHarness.Baseline2CoreConfig/gen-collateral/AsyncResetSynchronizerPrimitiveShiftReg_d3_i0_TestHarness_UNIQUIFIED.sv
sed -i 's/module\( \+\)AsyncResetSynchronizerPrimitiveShiftReg_d3_i0/module\1AsyncResetSynchronizerPrimitiveShiftReg_d3_i0_TestHarness_UNIQUIFIED/' /work/chipyard/sims/verilator/generated-src/chipyard.harness.TestHarness.Baseline2CoreConfig/gen-collateral/AsyncResetSynchronizerPrimitiveShiftReg_d3_i0_TestHarness_UNIQUIFIED.sv
sed -i 's/module\( \+\)AsyncResetSynchronizerPrimitiveShiftReg_d3_i0/module\1AsyncResetSynchronizerPrimitiveShiftReg_d3_i0_TestHarness_UNIQUIFIED/' /work/chipyard/sims/verilator/generated-src/chipyard.harness.TestHarness.Baseline2CoreConfig/gen-collateral/AsyncResetSynchronizerPrimitiveShiftReg_d3_i0_TestHarness_UNIQUIFIED.sv
sed -i 's/module\( \+\)AsyncResetSynchronizerPrimitiveShiftReg_d3_i0/module\1AsyncResetSynchronizerPrimitiveShiftReg_d3_i0_TestHarness_UNIQUIFIED/' /work/chipyard/sims/verilator/generated-src/chipyard.harness.TestHarness.Baseline2CoreConfig/gen-collateral/AsyncResetSynchronizerPrimitiveShiftReg_d3_i0_TestHarness_UNIQUIFIED.sv
sed -i 's/module\( \+\)AsyncResetSynchronizerPrimitiveShiftReg_d3_i0/module\1AsyncResetSynchronizerPrimitiveShiftReg_d3_i0_TestHarness_UNIQUIFIED/' /work/chipyard/sims/verilator/generated-src/chipyard.harness.TestHarness.Baseline2CoreConfig/gen-collateral/AsyncResetSynchronizerPrimitiveShiftReg_d3_i0_TestHarness_UNIQUIFIED.sv
sed -i 's/module\( \+\)AsyncResetSynchronizerPrimitiveShiftReg_d3_i0/module\1AsyncResetSynchronizerPrimitiveShiftReg_d3_i0_TestHarness_UNIQUIFIED/' /work/chipyard/sims/verilator/generated-src/chipyard.harness.TestHarness.Baseline2CoreConfig/gen-collateral/AsyncResetSynchronizerPrimitiveShiftReg_d3_i0_TestHarness_UNIQUIFIED.sv
sed -i 's/module\( \+\)AsyncResetSynchronizerPrimitiveShiftReg_d3_i0/module\1AsyncResetSynchronizerPrimitiveShiftReg_d3_i0_TestHarness_UNIQUIFIED/' /work/chipyard/sims/verilator/generated-src/chipyard.harness.TestHarness.Baseline2CoreConfig/gen-collateral/AsyncResetSynchronizerPrimitiveShiftReg_d3_i0_TestHarness_UNIQUIFIED.sv
sed -i 's/module\( \+\)AsyncResetSynchronizerPrimitiveShiftReg_d3_i0/module\1AsyncResetSynchronizerPrimitiveShiftReg_d3_i0_TestHarness_UNIQUIFIED/' /work/chipyard/sims/verilator/generated-src/chipyard.harness.TestHarness.Baseline2CoreConfig/gen-collateral/AsyncResetSynchronizerPrimitiveShiftReg_d3_i0_TestHarness_UNIQUIFIED.sv
sed -i 's/module\( \+\)AsyncResetSynchronizerPrimitiveShiftReg_d3_i0/module\1AsyncResetSynchronizerPrimitiveShiftReg_d3_i0_TestHarness_UNIQUIFIED/' /work/chipyard/sims/verilator/generated-src/chipyard.harness.TestHarness.Baseline2CoreConfig/gen-collateral/AsyncResetSynchronizerPrimitiveShiftReg_d3_i0_TestHarness_UNIQUIFIED.sv
sed -i 's/module\( \+\)AsyncResetSynchronizerPrimitiveShiftReg_d3_i0/module\1AsyncResetSynchronizerPrimitiveShiftReg_d3_i0_TestHarness_UNIQUIFIED/' /work/chipyard/sims/verilator/generated-src/chipyard.harness.TestHarness.Baseline2CoreConfig/gen-collateral/AsyncResetSynchronizerPrimitiveShiftReg_d3_i0_TestHarness_UNIQUIFIED.sv
sed -i 's/module\( \+\)AsyncResetSynchronizerPrimitiveShiftReg_d3_i0/module\1AsyncResetSynchronizerPrimitiveShiftReg_d3_i0_TestHarness_UNIQUIFIED/' /work/chipyard/sims/verilator/generated-src/chipyard.harness.TestHarness.Baseline2CoreConfig/gen-collateral/AsyncResetSynchronizerPrimitiveShiftReg_d3_i0_TestHarness_UNIQUIFIED.sv
sed -i 's/module\( \+\)AsyncResetSynchronizerPrimitiveShiftReg_d3_i0/module\1AsyncResetSynchronizerPrimitiveShiftReg_d3_i0_TestHarness_UNIQUIFIED/' /work/chipyard/sims/verilator/generated-src/chipyard.harness.TestHarness.Baseline2CoreConfig/gen-collateral/AsyncResetSynchronizerPrimitiveShiftReg_d3_i0_TestHarness_UNIQUIFIED.sv
sed -i 's/module\( \+\)AsyncResetSynchronizerPrimitiveShiftReg_d3_i0/module\1AsyncResetSynchronizerPrimitiveShiftReg_d3_i0_TestHarness_UNIQUIFIED/' /work/chipyard/sims/verilator/generated-src/chipyard.harness.TestHarness.Baseline2CoreConfig/gen-collateral/AsyncResetSynchronizerPrimitiveShiftReg_d3_i0_TestHarness_UNIQUIFIED.sv
sed -i 's/module\( \+\)AsyncResetSynchronizerPrimitiveShiftReg_d3_i0/module\1AsyncResetSynchronizerPrimitiveShiftReg_d3_i0_TestHarness_UNIQUIFIED/' /work/chipyard/sims/verilator/generated-src/chipyard.harness.TestHarness.Baseline2CoreConfig/gen-collateral/AsyncResetSynchronizerPrimitiveShiftReg_d3_i0_TestHarness_UNIQUIFIED.sv
sed -i 's/module\( \+\)AsyncResetSynchronizerPrimitiveShiftReg_d3_i0/module\1AsyncResetSynchronizerPrimitiveShiftReg_d3_i0_TestHarness_UNIQUIFIED/' /work/chipyard/sims/verilator/generated-src/chipyard.harness.TestHarness.Baseline2CoreConfig/gen-collateral/AsyncResetSynchronizerPrimitiveShiftReg_d3_i0_TestHarness_UNIQUIFIED.sv
sed -i 's/module\( \+\)AsyncResetSynchronizerPrimitiveShiftReg_d3_i0/module\1AsyncResetSynchronizerPrimitiveShiftReg_d3_i0_TestHarness_UNIQUIFIED/' /work/chipyard/sims/verilator/generated-src/chipyard.harness.TestHarness.Baseline2CoreConfig/gen-collateral/AsyncResetSynchronizerPrimitiveShiftReg_d3_i0_TestHarness_UNIQUIFIED.sv
sed -i 's/module\( \+\)AsyncResetSynchronizerPrimitiveShiftReg_d3_i0/module\1AsyncResetSynchronizerPrimitiveShiftReg_d3_i0_TestHarness_UNIQUIFIED/' /work/chipyard/sims/verilator/generated-src/chipyard.harness.TestHarness.Baseline2CoreConfig/gen-collateral/AsyncResetSynchronizerPrimitiveShiftReg_d3_i0_TestHarness_UNIQUIFIED.sv
sed -i 's/module\( \+\)AsyncResetSynchronizerPrimitiveShiftReg_d3_i0/module\1AsyncResetSynchronizerPrimitiveShiftReg_d3_i0_TestHarness_UNIQUIFIED/' /work/chipyard/sims/verilator/generated-src/chipyard.harness.TestHarness.Baseline2CoreConfig/gen-collateral/AsyncResetSynchronizerPrimitiveShiftReg_d3_i0_TestHarness_UNIQUIFIED.sv
sed -i 's/module\( \+\)AsyncResetSynchronizerPrimitiveShiftReg_d3_i0/module\1AsyncResetSynchronizerPrimitiveShiftReg_d3_i0_TestHarness_UNIQUIFIED/' /work/chipyard/sims/verilator/generated-src/chipyard.harness.TestHarness.Baseline2CoreConfig/gen-collateral/AsyncResetSynchronizerPrimitiveShiftReg_d3_i0_TestHarness_UNIQUIFIED.sv
sed -i 's/module\( \+\)AsyncResetSynchronizerPrimitiveShiftReg_d3_i0/module\1AsyncResetSynchronizerPrimitiveShiftReg_d3_i0_TestHarness_UNIQUIFIED/' /work/chipyard/sims/verilator/generated-src/chipyard.harness.TestHarness.Baseline2CoreConfig/gen-collateral/AsyncResetSynchronizerPrimitiveShiftReg_d3_i0_TestHarness_UNIQUIFIED.sv
sed -i 's/module\( \+\)AsyncResetSynchronizerPrimitiveShiftReg_d3_i0/module\1AsyncResetSynchronizerPrimitiveShiftReg_d3_i0_TestHarness_UNIQUIFIED/' /work/chipyard/sims/verilator/generated-src/chipyard.harness.TestHarness.Baseline2CoreConfig/gen-collateral/AsyncResetSynchronizerPrimitiveShiftReg_d3_i0_TestHarness_UNIQUIFIED.sv
sed -e 's;^;/work/chipyard/sims/verilator/generated-src/chipyard.harness.TestHarness.Baseline2CoreConfig/gen-collateral/;' /work/chipyard/sims/verilator/generated-src/chipyard.harness.TestHarness.Baseline2CoreConfig/gen-collateral/firrtl_black_box_resource_files.f > /work/chipyard/sims/verilator/generated-src/chipyard.harness.TestHarness.Baseline2CoreConfig/chipyard.harness.TestHarness.Baseline2CoreConfig.bb.f
sed -i 's/\.\///' /work/chipyard/sims/verilator/generated-src/chipyard.harness.TestHarness.Baseline2CoreConfig/chipyard.harness.TestHarness.Baseline2CoreConfig.top.f
sed -i 's/\.\///' /work/chipyard/sims/verilator/generated-src/chipyard.harness.TestHarness.Baseline2CoreConfig/chipyard.harness.TestHarness.Baseline2CoreConfig.model.f
sed -i 's/\.\///' /work/chipyard/sims/verilator/generated-src/chipyard.harness.TestHarness.Baseline2CoreConfig/chipyard.harness.TestHarness.Baseline2CoreConfig.bb.f
sort -u /work/chipyard/sims/verilator/generated-src/chipyard.harness.TestHarness.Baseline2CoreConfig/chipyard.harness.TestHarness.Baseline2CoreConfig.top.f /work/chipyard/sims/verilator/generated-src/chipyard.harness.TestHarness.Baseline2CoreConfig/chipyard.harness.TestHarness.Baseline2CoreConfig.model.f /work/chipyard/sims/verilator/generated-src/chipyard.harness.TestHarness.Baseline2CoreConfig/chipyard.harness.TestHarness.Baseline2CoreConfig.bb.f > /work/chipyard/sims/verilator/generated-src/chipyard.harness.TestHarness.Baseline2CoreConfig/chipyard.harness.TestHarness.Baseline2CoreConfig.all.f
cp -f /work/chipyard/generators/rocket-chip/src/main/resources/vsrc/TestDriver.v /work/chipyard/sims/verilator/generated-src/chipyard.harness.TestHarness.Baseline2CoreConfig/gen-collateral
/work/chipyard/scripts/split-mems-conf.py \
	--in-smems-conf /work/chipyard/sims/verilator/generated-src/chipyard.harness.TestHarness.Baseline2CoreConfig/chipyard.harness.TestHarness.Baseline2CoreConfig.mems.conf \
	--in-model-hrchy-json /work/chipyard/sims/verilator/generated-src/chipyard.harness.TestHarness.Baseline2CoreConfig/model_module_hierarchy.uniquified.json \
	--dut-module-name ChipTop \
	--model-module-name TestHarness \
	--out-dut-smems-conf /work/chipyard/sims/verilator/generated-src/chipyard.harness.TestHarness.Baseline2CoreConfig/chipyard.harness.TestHarness.Baseline2CoreConfig.top.mems.conf \
	--out-model-smems-conf /work/chipyard/sims/verilator/generated-src/chipyard.harness.TestHarness.Baseline2CoreConfig/chipyard.harness.TestHarness.Baseline2CoreConfig.model.mems.conf
echo "/work/chipyard/sims/verilator/generated-src/chipyard.harness.TestHarness.Baseline2CoreConfig/gen-collateral/TestDriver.v" >> /work/chipyard/sims/verilator/generated-src/chipyard.harness.TestHarness.Baseline2CoreConfig/sim_files.f;
cd /work/chipyard && java -cp /work/chipyard/.classpath_cache/tapeout.jar tapeout.macros.MacroCompiler -n /work/chipyard/sims/verilator/generated-src/chipyard.harness.TestHarness.Baseline2CoreConfig/chipyard.harness.TestHarness.Baseline2CoreConfig.top.mems.conf -v /work/chipyard/sims/verilator/generated-src/chipyard.harness.TestHarness.Baseline2CoreConfig/gen-collateral/chipyard.harness.TestHarness.Baseline2CoreConfig.top.mems.v -f /work/chipyard/sims/verilator/generated-src/chipyard.harness.TestHarness.Baseline2CoreConfig/chipyard.harness.TestHarness.Baseline2CoreConfig.top.mems.fir --mode synflops
cd /work/chipyard && java -cp /work/chipyard/.classpath_cache/tapeout.jar tapeout.macros.MacroCompiler  -n /work/chipyard/sims/verilator/generated-src/chipyard.harness.TestHarness.Baseline2CoreConfig/chipyard.harness.TestHarness.Baseline2CoreConfig.model.mems.conf -v /work/chipyard/sims/verilator/generated-src/chipyard.harness.TestHarness.Baseline2CoreConfig/gen-collateral/chipyard.harness.TestHarness.Baseline2CoreConfig.model.mems.v -f /work/chipyard/sims/verilator/generated-src/chipyard.harness.TestHarness.Baseline2CoreConfig/chipyard.harness.TestHarness.Baseline2CoreConfig.model.mems.fir --mode synflops
Picked up JAVA_TOOL_OPTIONS: -Xmx8G -Xss8M -Djava.io.tmpdir=/work/chipyard/.java_tmp
Picked up JAVA_TOOL_OPTIONS: -Xmx8G -Xss8M -Djava.io.tmpdir=/work/chipyard/.java_tmp
WARNING: Empty *.mems.conf file. No memories generated.
touch /work/chipyard/sims/verilator/generated-src/chipyard.harness.TestHarness.Baseline2CoreConfig/gen-collateral/chipyard.harness.TestHarness.Baseline2CoreConfig.model.mems.v /work/chipyard/sims/verilator/generated-src/chipyard.harness.TestHarness.Baseline2CoreConfig/chipyard.harness.TestHarness.Baseline2CoreConfig.model.mems.fir
touch /work/chipyard/sims/verilator/generated-src/chipyard.harness.TestHarness.Baseline2CoreConfig/gen-collateral/chipyard.harness.TestHarness.Baseline2CoreConfig.top.mems.v /work/chipyard/sims/verilator/generated-src/chipyard.harness.TestHarness.Baseline2CoreConfig/chipyard.harness.TestHarness.Baseline2CoreConfig.top.mems.fir
rm -f /work/chipyard/sims/verilator/generated-src/chipyard.harness.TestHarness.Baseline2CoreConfig/sim_files.common.f
sort -u /work/chipyard/sims/verilator/generated-src/chipyard.harness.TestHarness.Baseline2CoreConfig/sim_files.f /work/chipyard/sims/verilator/generated-src/chipyard.harness.TestHarness.Baseline2CoreConfig/chipyard.harness.TestHarness.Baseline2CoreConfig.all.f | grep -v '.*\.\(svh\|h\)$' >> /work/chipyard/sims/verilator/generated-src/chipyard.harness.TestHarness.Baseline2CoreConfig/sim_files.common.f
echo "/work/chipyard/sims/verilator/generated-src/chipyard.harness.TestHarness.Baseline2CoreConfig/gen-collateral/chipyard.harness.TestHarness.Baseline2CoreConfig.top.mems.v" >> /work/chipyard/sims/verilator/generated-src/chipyard.harness.TestHarness.Baseline2CoreConfig/sim_files.common.f
echo "/work/chipyard/sims/verilator/generated-src/chipyard.harness.TestHarness.Baseline2CoreConfig/gen-collateral/chipyard.harness.TestHarness.Baseline2CoreConfig.model.mems.v" >> /work/chipyard/sims/verilator/generated-src/chipyard.harness.TestHarness.Baseline2CoreConfig/sim_files.common.f
rm -rf /work/chipyard/sims/verilator/generated-src/chipyard.harness.TestHarness.Baseline2CoreConfig/chipyard.harness.TestHarness.Baseline2CoreConfig
mkdir -p /work/chipyard/sims/verilator/generated-src/chipyard.harness.TestHarness.Baseline2CoreConfig/chipyard.harness.TestHarness.Baseline2CoreConfig
verilator --main --timing --cc --exe -CFLAGS " -O3 -std=c++17 -I/work/riscv/include -I/work/chipyard/tools/DRAMSim2 -I/work/chipyard/sims/verilator/generated-src/chipyard.harness.TestHarness.Baseline2CoreConfig/gen-collateral   -DVERILATOR" -LDFLAGS " -L/work/riscv/lib -Wl,-rpath,/work/riscv/lib -L/work/chipyard/sims/verilator -L/work/chipyard/tools/DRAMSim2 -lriscv -lfesvr -ldramsim "   --threads 1 --threads-dpi all -O3 --x-assign fast --x-initial fast --output-split 10000 --output-split-cfuncs 100 --assert -Wno-fatal --timescale 1ns/1ps --max-num-width 1048576 +define+CLOCK_PERIOD=1.0 +define+RESET_DELAY=777.7 +define+PRINTF_COND=TestDriver.printf_cond +define+STOP_COND=!TestDriver.reset +define+MODEL=TestHarness +define+RANDOMIZE_MEM_INIT +define+RANDOMIZE_REG_INIT +define+RANDOMIZE_GARBAGE_ASSIGN +define+RANDOMIZE_INVALID_ASSIGN +define+VERILATOR --top-module TestDriver --vpi  -f /work/chipyard/sims/verilator/generated-src/chipyard.harness.TestHarness.Baseline2CoreConfig/sim_files.common.f  -o /work/chipyard/sims/verilator/simulator-chipyard.harness-Baseline2CoreConfig -Mdir /work/chipyard/sims/verilator/generated-src/chipyard.harness.TestHarness.Baseline2CoreConfig/chipyard.harness.TestHarness.Baseline2CoreConfig
%Warning-REDEFMACRO: Redefining existing define: 'VERILATOR', with different value: ''
                     ... Location of previous definition, with value: '1'
                     ... For warning description see https://verilator.org/warn/REDEFMACRO?v=5.020
                     ... Use "/* verilator lint_off REDEFMACRO */" and lint_on around source to disable this message.
%Warning-WIDTHTRUNC: /work/chipyard/sims/verilator/generated-src/chipyard.harness.TestHarness.Baseline2CoreConfig/gen-collateral/ram_data_3x64.sv:26:24: Bit extraction of var[63:0] requires 6 bit index, not 7 bits.
                                                                                                                                                       : ... note: In instance 'TestDriver.testHarness.chiptop0.system.coh_wrapper.l2.inclusive_cache_bank_sched.sourceD.queue.ram_data_ext'
   26 |             _RANDOM_MEM[j +: 32] = $random;  
      |                        ^
%Warning-WIDTHTRUNC: /work/chipyard/sims/verilator/generated-src/chipyard.harness.TestHarness.Baseline2CoreConfig/gen-collateral/ram_2x117.sv:26:24: Bit extraction of var[127:0] requires 7 bit index, not 8 bits.
                                                                                                                                                   : ... note: In instance 'TestDriver.testHarness.chiptop0.system.coh_wrapper.l2.inclusive_cache_bank_sched.sourceA.io_a_q.ram_ext'
   26 |             _RANDOM_MEM[j +: 32] = $random;  
      |                        ^
%Warning-WIDTHTRUNC: /work/chipyard/sims/verilator/generated-src/chipyard.harness.TestHarness.Baseline2CoreConfig/gen-collateral/ram_2x112.sv:26:24: Bit extraction of var[127:0] requires 7 bit index, not 8 bits.
                                                                                                                                                   : ... note: In instance 'TestDriver.testHarness.chiptop0.system.coh_wrapper.l2.inclusive_cache_bank_sched.sinkC.c_q.ram_ext'
   26 |             _RANDOM_MEM[j +: 32] = $random;  
      |                        ^
%Warning-WIDTHTRUNC: /work/chipyard/sims/verilator/generated-src/chipyard.harness.TestHarness.Baseline2CoreConfig/gen-collateral/ram_12x109.sv:26:24: Bit extraction of var[127:0] requires 7 bit index, not 8 bits.
                                                                                                                                                    : ... note: In instance 'TestDriver.testHarness.chiptop0.system.coh_wrapper.l2.inclusive_cache_bank_sched.sourceC.queue.ram_ext'
   26 |             _RANDOM_MEM[j +: 32] = $random;  
      |                        ^
%Warning-WIDTHTRUNC: /work/chipyard/sims/verilator/generated-src/chipyard.harness.TestHarness.Baseline2CoreConfig/gen-collateral/ram_2x119.sv:26:24: Bit extraction of var[127:0] requires 7 bit index, not 8 bits.
                                                                                                                                                   : ... note: In instance 'TestDriver.testHarness.chiptop0.system.fbus.coupler_from_port_named_serial_tl_0_in.buffer.nodeOut_a_q.ram_ext'
   26 |             _RANDOM_MEM[j +: 32] = $random;  
      |                        ^
%Warning-WIDTHTRUNC: /work/chipyard/sims/verilator/generated-src/chipyard.harness.TestHarness.Baseline2CoreConfig/gen-collateral/ram_2x110.sv:26:24: Bit extraction of var[127:0] requires 7 bit index, not 8 bits.
                                                                                                                                                   : ... note: In instance 'TestDriver.testHarness.chiptop0.system.cbus.coupler_to_prci_ctrl.buffer.nodeOut_a_q.ram_ext'
   26 |             _RANDOM_MEM[j +: 32] = $random;  
      |                        ^
%Warning-WIDTHTRUNC: /work/chipyard/sims/verilator/generated-src/chipyard.harness.TestHarness.Baseline2CoreConfig/gen-collateral/ram_2x104.sv:26:24: Bit extraction of var[127:0] requires 7 bit index, not 8 bits.
                                                                                                                                                   : ... note: In instance 'TestDriver.testHarness.chiptop0.system.cbus.wrapped_error_device.buffer.nodeOut_a_q.ram_ext'
   26 |             _RANDOM_MEM[j +: 32] = $random;  
      |                        ^
%Warning-WIDTHTRUNC: /work/chipyard/sims/verilator/generated-src/chipyard.harness.TestHarness.Baseline2CoreConfig/gen-collateral/data_33x44.sv:26:24: Bit extraction of var[63:0] requires 6 bit index, not 7 bits.
                                                                                                                                                    : ... note: In instance 'TestDriver.testHarness.chiptop0.system.coh_wrapper.l2.inclusive_cache_bank_sched.requests.data_ext'
   26 |             _RANDOM_MEM[j +: 32] = $random;  
      |                        ^
%Warning-WIDTHEXPAND: /work/chipyard/sims/verilator/generated-src/chipyard.harness.TestHarness.Baseline2CoreConfig/gen-collateral/Atomics.sv:91:45: Operator COND expects 32 or 4 bits on the Conditional True, but Conditional True's VARREF 'select' generates 2 bits.
                                                                                                                                                  : ... note: In instance 'TestDriver.testHarness.chiptop0.system.coh_wrapper.l2.inclusive_cache_bank_sched.sourceD.atomics'
   91 |   assign io_data_out = {_GEN_8[io_a_mask[7] ? select : 2'h0], _GEN_9[io_a_mask[6] ? select : 2'h0], _GEN_6[io_a_mask[5] ? select : 2'h0], _GEN_7[io_a_mask[4] ? select : 2'h0], _GEN_4[io_a_mask[3] ? select : 2'h0], _GEN_5[io_a_mask[2] ? select : 2'h0], _GEN_2[io_a_mask[1] ? select : 2'h0], _GEN_3[io_a_mask[0] ? select : 2'h0]};  
      |                                             ^
%Warning-WIDTHEXPAND: /work/chipyard/sims/verilator/generated-src/chipyard.harness.TestHarness.Baseline2CoreConfig/gen-collateral/Atomics.sv:91:45: Operator COND expects 32 or 4 bits on the Conditional False, but Conditional False's CONST '2'h0' generates 2 bits.
                                                                                                                                                  : ... note: In instance 'TestDriver.testHarness.chiptop0.system.coh_wrapper.l2.inclusive_cache_bank_sched.sourceD.atomics'
   91 |   assign io_data_out = {_GEN_8[io_a_mask[7] ? select : 2'h0], _GEN_9[io_a_mask[6] ? select : 2'h0], _GEN_6[io_a_mask[5] ? select : 2'h0], _GEN_7[io_a_mask[4] ? select : 2'h0], _GEN_4[io_a_mask[3] ? select : 2'h0], _GEN_5[io_a_mask[2] ? select : 2'h0], _GEN_2[io_a_mask[1] ? select : 2'h0], _GEN_3[io_a_mask[0] ? select : 2'h0]};  
      |                                             ^
%Warning-WIDTHEXPAND: /work/chipyard/sims/verilator/generated-src/chipyard.harness.TestHarness.Baseline2CoreConfig/gen-collateral/Atomics.sv:91:83: Operator COND expects 32 or 4 bits on the Conditional True, but Conditional True's VARREF 'select' generates 2 bits.
                                                                                                                                                  : ... note: In instance 'TestDriver.testHarness.chiptop0.system.coh_wrapper.l2.inclusive_cache_bank_sched.sourceD.atomics'
   91 |   assign io_data_out = {_GEN_8[io_a_mask[7] ? select : 2'h0], _GEN_9[io_a_mask[6] ? select : 2'h0], _GEN_6[io_a_mask[5] ? select : 2'h0], _GEN_7[io_a_mask[4] ? select : 2'h0], _GEN_4[io_a_mask[3] ? select : 2'h0], _GEN_5[io_a_mask[2] ? select : 2'h0], _GEN_2[io_a_mask[1] ? select : 2'h0], _GEN_3[io_a_mask[0] ? select : 2'h0]};  
      |                                                                                   ^
%Warning-WIDTHEXPAND: /work/chipyard/sims/verilator/generated-src/chipyard.harness.TestHarness.Baseline2CoreConfig/gen-collateral/Atomics.sv:91:83: Operator COND expects 32 or 4 bits on the Conditional False, but Conditional False's CONST '2'h0' generates 2 bits.
                                                                                                                                                  : ... note: In instance 'TestDriver.testHarness.chiptop0.system.coh_wrapper.l2.inclusive_cache_bank_sched.sourceD.atomics'
   91 |   assign io_data_out = {_GEN_8[io_a_mask[7] ? select : 2'h0], _GEN_9[io_a_mask[6] ? select : 2'h0], _GEN_6[io_a_mask[5] ? select : 2'h0], _GEN_7[io_a_mask[4] ? select : 2'h0], _GEN_4[io_a_mask[3] ? select : 2'h0], _GEN_5[io_a_mask[2] ? select : 2'h0], _GEN_2[io_a_mask[1] ? select : 2'h0], _GEN_3[io_a_mask[0] ? select : 2'h0]};  
      |                                                                                   ^
%Warning-WIDTHEXPAND: /work/chipyard/sims/verilator/generated-src/chipyard.harness.TestHarness.Baseline2CoreConfig/gen-collateral/Atomics.sv:91:121: Operator COND expects 32 or 4 bits on the Conditional True, but Conditional True's VARREF 'select' generates 2 bits.
                                                                                                                                                   : ... note: In instance 'TestDriver.testHarness.chiptop0.system.coh_wrapper.l2.inclusive_cache_bank_sched.sourceD.atomics'
   91 |   assign io_data_out = {_GEN_8[io_a_mask[7] ? select : 2'h0], _GEN_9[io_a_mask[6] ? select : 2'h0], _GEN_6[io_a_mask[5] ? select : 2'h0], _GEN_7[io_a_mask[4] ? select : 2'h0], _GEN_4[io_a_mask[3] ? select : 2'h0], _GEN_5[io_a_mask[2] ? select : 2'h0], _GEN_2[io_a_mask[1] ? select : 2'h0], _GEN_3[io_a_mask[0] ? select : 2'h0]};  
      |                                                                                                                         ^
%Warning-WIDTHEXPAND: /work/chipyard/sims/verilator/generated-src/chipyard.harness.TestHarness.Baseline2CoreConfig/gen-collateral/Atomics.sv:91:121: Operator COND expects 32 or 4 bits on the Conditional False, but Conditional False's CONST '2'h0' generates 2 bits.
                                                                                                                                                   : ... note: In instance 'TestDriver.testHarness.chiptop0.system.coh_wrapper.l2.inclusive_cache_bank_sched.sourceD.atomics'
   91 |   assign io_data_out = {_GEN_8[io_a_mask[7] ? select : 2'h0], _GEN_9[io_a_mask[6] ? select : 2'h0], _GEN_6[io_a_mask[5] ? select : 2'h0], _GEN_7[io_a_mask[4] ? select : 2'h0], _GEN_4[io_a_mask[3] ? select : 2'h0], _GEN_5[io_a_mask[2] ? select : 2'h0], _GEN_2[io_a_mask[1] ? select : 2'h0], _GEN_3[io_a_mask[0] ? select : 2'h0]};  
      |                                                                                                                         ^
%Warning-WIDTHEXPAND: /work/chipyard/sims/verilator/generated-src/chipyard.harness.TestHarness.Baseline2CoreConfig/gen-collateral/Atomics.sv:91:159: Operator COND expects 32 or 4 bits on the Conditional True, but Conditional True's VARREF 'select' generates 2 bits.
                                                                                                                                                   : ... note: In instance 'TestDriver.testHarness.chiptop0.system.coh_wrapper.l2.inclusive_cache_bank_sched.sourceD.atomics'
   91 |   assign io_data_out = {_GEN_8[io_a_mask[7] ? select : 2'h0], _GEN_9[io_a_mask[6] ? select : 2'h0], _GEN_6[io_a_mask[5] ? select : 2'h0], _GEN_7[io_a_mask[4] ? select : 2'h0], _GEN_4[io_a_mask[3] ? select : 2'h0], _GEN_5[io_a_mask[2] ? select : 2'h0], _GEN_2[io_a_mask[1] ? select : 2'h0], _GEN_3[io_a_mask[0] ? select : 2'h0]};  
      |                                                                                                                                                               ^
%Warning-WIDTHEXPAND: /work/chipyard/sims/verilator/generated-src/chipyard.harness.TestHarness.Baseline2CoreConfig/gen-collateral/Atomics.sv:91:159: Operator COND expects 32 or 4 bits on the Conditional False, but Conditional False's CONST '2'h0' generates 2 bits.
                                                                                                                                                   : ... note: In instance 'TestDriver.testHarness.chiptop0.system.coh_wrapper.l2.inclusive_cache_bank_sched.sourceD.atomics'
   91 |   assign io_data_out = {_GEN_8[io_a_mask[7] ? select : 2'h0], _GEN_9[io_a_mask[6] ? select : 2'h0], _GEN_6[io_a_mask[5] ? select : 2'h0], _GEN_7[io_a_mask[4] ? select : 2'h0], _GEN_4[io_a_mask[3] ? select : 2'h0], _GEN_5[io_a_mask[2] ? select : 2'h0], _GEN_2[io_a_mask[1] ? select : 2'h0], _GEN_3[io_a_mask[0] ? select : 2'h0]};  
      |                                                                                                                                                               ^
%Warning-WIDTHEXPAND: /work/chipyard/sims/verilator/generated-src/chipyard.harness.TestHarness.Baseline2CoreConfig/gen-collateral/Atomics.sv:91:197: Operator COND expects 32 or 4 bits on the Conditional True, but Conditional True's VARREF 'select' generates 2 bits.
                                                                                                                                                   : ... note: In instance 'TestDriver.testHarness.chiptop0.system.coh_wrapper.l2.inclusive_cache_bank_sched.sourceD.atomics'
   91 |   assign io_data_out = {_GEN_8[io_a_mask[7] ? select : 2'h0], _GEN_9[io_a_mask[6] ? select : 2'h0], _GEN_6[io_a_mask[5] ? select : 2'h0], _GEN_7[io_a_mask[4] ? select : 2'h0], _GEN_4[io_a_mask[3] ? select : 2'h0], _GEN_5[io_a_mask[2] ? select : 2'h0], _GEN_2[io_a_mask[1] ? select : 2'h0], _GEN_3[io_a_mask[0] ? select : 2'h0]};  
      |                                                                                                                                                                                                     ^
%Warning-WIDTHEXPAND: /work/chipyard/sims/verilator/generated-src/chipyard.harness.TestHarness.Baseline2CoreConfig/gen-collateral/Atomics.sv:91:197: Operator COND expects 32 or 4 bits on the Conditional False, but Conditional False's CONST '2'h0' generates 2 bits.
                                                                                                                                                   : ... note: In instance 'TestDriver.testHarness.chiptop0.system.coh_wrapper.l2.inclusive_cache_bank_sched.sourceD.atomics'
   91 |   assign io_data_out = {_GEN_8[io_a_mask[7] ? select : 2'h0], _GEN_9[io_a_mask[6] ? select : 2'h0], _GEN_6[io_a_mask[5] ? select : 2'h0], _GEN_7[io_a_mask[4] ? select : 2'h0], _GEN_4[io_a_mask[3] ? select : 2'h0], _GEN_5[io_a_mask[2] ? select : 2'h0], _GEN_2[io_a_mask[1] ? select : 2'h0], _GEN_3[io_a_mask[0] ? select : 2'h0]};  
      |                                                                                                                                                                                                     ^
%Warning-WIDTHEXPAND: /work/chipyard/sims/verilator/generated-src/chipyard.harness.TestHarness.Baseline2CoreConfig/gen-collateral/Atomics.sv:91:235: Operator COND expects 32 or 4 bits on the Conditional True, but Conditional True's VARREF 'select' generates 2 bits.
                                                                                                                                                   : ... note: In instance 'TestDriver.testHarness.chiptop0.system.coh_wrapper.l2.inclusive_cache_bank_sched.sourceD.atomics'
   91 |   assign io_data_out = {_GEN_8[io_a_mask[7] ? select : 2'h0], _GEN_9[io_a_mask[6] ? select : 2'h0], _GEN_6[io_a_mask[5] ? select : 2'h0], _GEN_7[io_a_mask[4] ? select : 2'h0], _GEN_4[io_a_mask[3] ? select : 2'h0], _GEN_5[io_a_mask[2] ? select : 2'h0], _GEN_2[io_a_mask[1] ? select : 2'h0], _GEN_3[io_a_mask[0] ? select : 2'h0]};  
      |                                                                                                                                                                                                                                           ^
%Warning-WIDTHEXPAND: /work/chipyard/sims/verilator/generated-src/chipyard.harness.TestHarness.Baseline2CoreConfig/gen-collateral/Atomics.sv:91:235: Operator COND expects 32 or 4 bits on the Conditional False, but Conditional False's CONST '2'h0' generates 2 bits.
                                                                                                                                                   : ... note: In instance 'TestDriver.testHarness.chiptop0.system.coh_wrapper.l2.inclusive_cache_bank_sched.sourceD.atomics'
   91 |   assign io_data_out = {_GEN_8[io_a_mask[7] ? select : 2'h0], _GEN_9[io_a_mask[6] ? select : 2'h0], _GEN_6[io_a_mask[5] ? select : 2'h0], _GEN_7[io_a_mask[4] ? select : 2'h0], _GEN_4[io_a_mask[3] ? select : 2'h0], _GEN_5[io_a_mask[2] ? select : 2'h0], _GEN_2[io_a_mask[1] ? select : 2'h0], _GEN_3[io_a_mask[0] ? select : 2'h0]};  
      |                                                                                                                                                                                                                                           ^
%Warning-WIDTHEXPAND: /work/chipyard/sims/verilator/generated-src/chipyard.harness.TestHarness.Baseline2CoreConfig/gen-collateral/Atomics.sv:91:273: Operator COND expects 32 or 4 bits on the Conditional True, but Conditional True's VARREF 'select' generates 2 bits.
                                                                                                                                                   : ... note: In instance 'TestDriver.testHarness.chiptop0.system.coh_wrapper.l2.inclusive_cache_bank_sched.sourceD.atomics'
   91 |   assign io_data_out = {_GEN_8[io_a_mask[7] ? select : 2'h0], _GEN_9[io_a_mask[6] ? select : 2'h0], _GEN_6[io_a_mask[5] ? select : 2'h0], _GEN_7[io_a_mask[4] ? select : 2'h0], _GEN_4[io_a_mask[3] ? select : 2'h0], _GEN_5[io_a_mask[2] ? select : 2'h0], _GEN_2[io_a_mask[1] ? select : 2'h0], _GEN_3[io_a_mask[0] ? select : 2'h0]};  
      |                                                                                                                                                                                                                                                                                 ^
%Warning-WIDTHEXPAND: /work/chipyard/sims/verilator/generated-src/chipyard.harness.TestHarness.Baseline2CoreConfig/gen-collateral/Atomics.sv:91:273: Operator COND expects 32 or 4 bits on the Conditional False, but Conditional False's CONST '2'h0' generates 2 bits.
                                                                                                                                                   : ... note: In instance 'TestDriver.testHarness.chiptop0.system.coh_wrapper.l2.inclusive_cache_bank_sched.sourceD.atomics'
   91 |   assign io_data_out = {_GEN_8[io_a_mask[7] ? select : 2'h0], _GEN_9[io_a_mask[6] ? select : 2'h0], _GEN_6[io_a_mask[5] ? select : 2'h0], _GEN_7[io_a_mask[4] ? select : 2'h0], _GEN_4[io_a_mask[3] ? select : 2'h0], _GEN_5[io_a_mask[2] ? select : 2'h0], _GEN_2[io_a_mask[1] ? select : 2'h0], _GEN_3[io_a_mask[0] ? select : 2'h0]};  
      |                                                                                                                                                                                                                                                                                 ^
%Warning-WIDTHEXPAND: /work/chipyard/sims/verilator/generated-src/chipyard.harness.TestHarness.Baseline2CoreConfig/gen-collateral/Atomics.sv:91:311: Operator COND expects 32 or 4 bits on the Conditional True, but Conditional True's VARREF 'select' generates 2 bits.
                                                                                                                                                   : ... note: In instance 'TestDriver.testHarness.chiptop0.system.coh_wrapper.l2.inclusive_cache_bank_sched.sourceD.atomics'
   91 |   assign io_data_out = {_GEN_8[io_a_mask[7] ? select : 2'h0], _GEN_9[io_a_mask[6] ? select : 2'h0], _GEN_6[io_a_mask[5] ? select : 2'h0], _GEN_7[io_a_mask[4] ? select : 2'h0], _GEN_4[io_a_mask[3] ? select : 2'h0], _GEN_5[io_a_mask[2] ? select : 2'h0], _GEN_2[io_a_mask[1] ? select : 2'h0], _GEN_3[io_a_mask[0] ? select : 2'h0]};  
      |                                                                                                                                                                                                                                                                                                                       ^
%Warning-WIDTHEXPAND: /work/chipyard/sims/verilator/generated-src/chipyard.harness.TestHarness.Baseline2CoreConfig/gen-collateral/Atomics.sv:91:311: Operator COND expects 32 or 4 bits on the Conditional False, but Conditional False's CONST '2'h0' generates 2 bits.
                                                                                                                                                   : ... note: In instance 'TestDriver.testHarness.chiptop0.system.coh_wrapper.l2.inclusive_cache_bank_sched.sourceD.atomics'
   91 |   assign io_data_out = {_GEN_8[io_a_mask[7] ? select : 2'h0], _GEN_9[io_a_mask[6] ? select : 2'h0], _GEN_6[io_a_mask[5] ? select : 2'h0], _GEN_7[io_a_mask[4] ? select : 2'h0], _GEN_4[io_a_mask[3] ? select : 2'h0], _GEN_5[io_a_mask[2] ? select : 2'h0], _GEN_2[io_a_mask[1] ? select : 2'h0], _GEN_3[io_a_mask[0] ? select : 2'h0]};  
      |                                                                                                                                                                                                                                                                                                                       ^
%Warning-WIDTHTRUNC: /work/chipyard/sims/verilator/generated-src/chipyard.harness.TestHarness.Baseline2CoreConfig/gen-collateral/rf_31x64.sv:30:24: Bit extraction of var[63:0] requires 6 bit index, not 7 bits.
                                                                                                                                                  : ... note: In instance 'TestDriver.testHarness.chiptop0.system.tile_prci_domain_1.element_reset_domain_rockettile.core.rf_ext'
   30 |             _RANDOM_MEM[j +: 32] = $random;  
      |                        ^
%Warning-WIDTHTRUNC: /work/chipyard/sims/verilator/generated-src/chipyard.harness.TestHarness.Baseline2CoreConfig/gen-collateral/ram_2x52.sv:26:24: Bit extraction of var[63:0] requires 6 bit index, not 7 bits.
                                                                                                                                                  : ... note: In instance 'TestDriver.testHarness.chiptop0.system.tile_prci_domain_1.buffer.nodeIn_b_q.ram_ext'
   26 |             _RANDOM_MEM[j +: 32] = $random;  
      |                        ^
%Warning-WIDTHTRUNC: /work/chipyard/sims/verilator/generated-src/chipyard.harness.TestHarness.Baseline2CoreConfig/gen-collateral/ram_2x120.sv:26:24: Bit extraction of var[127:0] requires 7 bit index, not 8 bits.
                                                                                                                                                   : ... note: In instance 'TestDriver.testHarness.chiptop0.system.fbus.buffer.nodeOut_a_q.ram_ext'
   26 |             _RANDOM_MEM[j +: 32] = $random;  
      |                        ^
%Warning-WIDTHTRUNC: /work/chipyard/sims/verilator/generated-src/chipyard.harness.TestHarness.Baseline2CoreConfig/gen-collateral/ram_2x118.sv:26:24: Bit extraction of var[127:0] requires 7 bit index, not 8 bits.
                                                                                                                                                   : ... note: In instance 'TestDriver.testHarness.chiptop0.system.pbus.buffer_1.nodeOut_a_q.ram_ext'
   26 |             _RANDOM_MEM[j +: 32] = $random;  
      |                        ^
%Warning-WIDTHTRUNC: /work/chipyard/sims/verilator/generated-src/chipyard.harness.TestHarness.Baseline2CoreConfig/gen-collateral/ram_2x114.sv:26:24: Bit extraction of var[127:0] requires 7 bit index, not 8 bits.
                                                                                                                                                   : ... note: In instance 'TestDriver.testHarness.chiptop0.system.bank.buffer.nodeOut_a_q.ram_ext'
   26 |             _RANDOM_MEM[j +: 32] = $random;  
      |                        ^
%Warning-WIDTHTRUNC: /work/chipyard/sims/verilator/generated-src/chipyard.harness.TestHarness.Baseline2CoreConfig/gen-collateral/ram_2x109.sv:26:24: Bit extraction of var[127:0] requires 7 bit index, not 8 bits.
                                                                                                                                                   : ... note: In instance 'TestDriver.testHarness.chiptop0.system.tile_prci_domain_1.buffer.nodeOut_c_q.ram_ext'
   26 |             _RANDOM_MEM[j +: 32] = $random;  
      |                        ^
%Warning-WIDTHEXPAND: /work/chipyard/sims/verilator/generated-src/chipyard.harness.TestHarness.Baseline2CoreConfig/gen-collateral/BTB.sv:987:40: Operator COND expects 32 or 5 bits on the Conditional True, but Conditional True's VARREF 'tgtPages_0' generates 3 bits.
                                                                                                                                               : ... note: In instance 'TestDriver.testHarness.chiptop0.system.tile_prci_domain_1.element_reset_domain_rockettile.frontend.btb'
%Warning-WIDTHEXPAND: /work/chipyard/sims/verilator/generated-src/chipyard.harness.TestHarness.Baseline2CoreConfig/gen-collateral/BTB.sv:987:40: Operator COND expects 32 or 5 bits on the Conditional False, but Conditional False's CONST '3'h0' generates 3 bits.
                                                                                                                                               : ... note: In instance 'TestDriver.testHarness.chiptop0.system.tile_prci_domain_1.element_reset_domain_rockettile.frontend.btb'
%Warning-WIDTHEXPAND: /work/chipyard/sims/verilator/generated-src/chipyard.harness.TestHarness.Baseline2CoreConfig/gen-collateral/BTB.sv:987:90: Operator COND expects 32 or 5 bits on the Conditional True, but Conditional True's VARREF 'tgtPages_1' generates 3 bits.
                                                                                                                                               : ... note: In instance 'TestDriver.testHarness.chiptop0.system.tile_prci_domain_1.element_reset_domain_rockettile.frontend.btb'
%Warning-WIDTHEXPAND: /work/chipyard/sims/verilator/generated-src/chipyard.harness.TestHarness.Baseline2CoreConfig/gen-collateral/BTB.sv:987:90: Operator COND expects 32 or 5 bits on the Conditional False, but Conditional False's CONST '3'h0' generates 3 bits.
                                                                                                                                               : ... note: In instance 'TestDriver.testHarness.chiptop0.system.tile_prci_domain_1.element_reset_domain_rockettile.frontend.btb'
%Warning-WIDTHEXPAND: /work/chipyard/sims/verilator/generated-src/chipyard.harness.TestHarness.Baseline2CoreConfig/gen-collateral/BTB.sv:987:140: Operator COND expects 32 or 5 bits on the Conditional True, but Conditional True's VARREF 'tgtPages_2' generates 3 bits.
                                                                                                                                                : ... note: In instance 'TestDriver.testHarness.chiptop0.system.tile_prci_domain_1.element_reset_domain_rockettile.frontend.btb'
%Warning-WIDTHEXPAND: /work/chipyard/sims/verilator/generated-src/chipyard.harness.TestHarness.Baseline2CoreConfig/gen-collateral/BTB.sv:987:140: Operator COND expects 32 or 5 bits on the Conditional False, but Conditional False's CONST '3'h0' generates 3 bits.
                                                                                                                                                : ... note: In instance 'TestDriver.testHarness.chiptop0.system.tile_prci_domain_1.element_reset_domain_rockettile.frontend.btb'
%Warning-WIDTHEXPAND: /work/chipyard/sims/verilator/generated-src/chipyard.harness.TestHarness.Baseline2CoreConfig/gen-collateral/BTB.sv:987:190: Operator COND expects 32 or 5 bits on the Conditional True, but Conditional True's VARREF 'tgtPages_3' generates 3 bits.
                                                                                                                                                : ... note: In instance 'TestDriver.testHarness.chiptop0.system.tile_prci_domain_1.element_reset_domain_rockettile.frontend.btb'
%Warning-WIDTHEXPAND: /work/chipyard/sims/verilator/generated-src/chipyard.harness.TestHarness.Baseline2CoreConfig/gen-collateral/BTB.sv:987:190: Operator COND expects 32 or 5 bits on the Conditional False, but Conditional False's CONST '3'h0' generates 3 bits.
                                                                                                                                                : ... note: In instance 'TestDriver.testHarness.chiptop0.system.tile_prci_domain_1.element_reset_domain_rockettile.frontend.btb'
%Warning-WIDTHEXPAND: /work/chipyard/sims/verilator/generated-src/chipyard.harness.TestHarness.Baseline2CoreConfig/gen-collateral/BTB.sv:987:240: Operator COND expects 32 or 5 bits on the Conditional True, but Conditional True's VARREF 'tgtPages_4' generates 3 bits.
                                                                                                                                                : ... note: In instance 'TestDriver.testHarness.chiptop0.system.tile_prci_domain_1.element_reset_domain_rockettile.frontend.btb'
%Warning-WIDTHEXPAND: /work/chipyard/sims/verilator/generated-src/chipyard.harness.TestHarness.Baseline2CoreConfig/gen-collateral/BTB.sv:987:240: Operator COND expects 32 or 5 bits on the Conditional False, but Conditional False's CONST '3'h0' generates 3 bits.
                                                                                                                                                : ... note: In instance 'TestDriver.testHarness.chiptop0.system.tile_prci_domain_1.element_reset_domain_rockettile.frontend.btb'
%Warning-WIDTHEXPAND: /work/chipyard/sims/verilator/generated-src/chipyard.harness.TestHarness.Baseline2CoreConfig/gen-collateral/BTB.sv:987:290: Operator COND expects 32 or 5 bits on the Conditional True, but Conditional True's VARREF 'tgtPages_5' generates 3 bits.
                                                                                                                                                : ... note: In instance 'TestDriver.testHarness.chiptop0.system.tile_prci_domain_1.element_reset_domain_rockettile.frontend.btb'
%Warning-WIDTHEXPAND: /work/chipyard/sims/verilator/generated-src/chipyard.harness.TestHarness.Baseline2CoreConfig/gen-collateral/BTB.sv:987:290: Operator COND expects 32 or 5 bits on the Conditional False, but Conditional False's CONST '3'h0' generates 3 bits.
                                                                                                                                                : ... note: In instance 'TestDriver.testHarness.chiptop0.system.tile_prci_domain_1.element_reset_domain_rockettile.frontend.btb'
%Warning-WIDTHEXPAND: /work/chipyard/sims/verilator/generated-src/chipyard.harness.TestHarness.Baseline2CoreConfig/gen-collateral/BTB.sv:987:340: Operator COND expects 32 or 5 bits on the Conditional True, but Conditional True's VARREF 'tgtPages_6' generates 3 bits.
                                                                                                                                                : ... note: In instance 'TestDriver.testHarness.chiptop0.system.tile_prci_domain_1.element_reset_domain_rockettile.frontend.btb'
%Warning-WIDTHEXPAND: /work/chipyard/sims/verilator/generated-src/chipyard.harness.TestHarness.Baseline2CoreConfig/gen-collateral/BTB.sv:987:340: Operator COND expects 32 or 5 bits on the Conditional False, but Conditional False's CONST '3'h0' generates 3 bits.
                                                                                                                                                : ... note: In instance 'TestDriver.testHarness.chiptop0.system.tile_prci_domain_1.element_reset_domain_rockettile.frontend.btb'
%Warning-WIDTHEXPAND: /work/chipyard/sims/verilator/generated-src/chipyard.harness.TestHarness.Baseline2CoreConfig/gen-collateral/BTB.sv:987:390: Operator COND expects 32 or 5 bits on the Conditional True, but Conditional True's VARREF 'tgtPages_7' generates 3 bits.
                                                                                                                                                : ... note: In instance 'TestDriver.testHarness.chiptop0.system.tile_prci_domain_1.element_reset_domain_rockettile.frontend.btb'
%Warning-WIDTHEXPAND: /work/chipyard/sims/verilator/generated-src/chipyard.harness.TestHarness.Baseline2CoreConfig/gen-collateral/BTB.sv:987:390: Operator COND expects 32 or 5 bits on the Conditional False, but Conditional False's CONST '3'h0' generates 3 bits.
                                                                                                                                                : ... note: In instance 'TestDriver.testHarness.chiptop0.system.tile_prci_domain_1.element_reset_domain_rockettile.frontend.btb'
%Warning-WIDTHEXPAND: /work/chipyard/sims/verilator/generated-src/chipyard.harness.TestHarness.Baseline2CoreConfig/gen-collateral/BTB.sv:987:440: Operator COND expects 32 or 5 bits on the Conditional True, but Conditional True's VARREF 'tgtPages_8' generates 3 bits.
                                                                                                                                                : ... note: In instance 'TestDriver.testHarness.chiptop0.system.tile_prci_domain_1.element_reset_domain_rockettile.frontend.btb'
%Warning-WIDTHEXPAND: /work/chipyard/sims/verilator/generated-src/chipyard.harness.TestHarness.Baseline2CoreConfig/gen-collateral/BTB.sv:987:440: Operator COND expects 32 or 5 bits on the Conditional False, but Conditional False's CONST '3'h0' generates 3 bits.
                                                                                                                                                : ... note: In instance 'TestDriver.testHarness.chiptop0.system.tile_prci_domain_1.element_reset_domain_rockettile.frontend.btb'
%Warning-WIDTHEXPAND: /work/chipyard/sims/verilator/generated-src/chipyard.harness.TestHarness.Baseline2CoreConfig/gen-collateral/BTB.sv:987:490: Operator COND expects 32 or 5 bits on the Conditional True, but Conditional True's VARREF 'tgtPages_9' generates 3 bits.
                                                                                                                                                : ... note: In instance 'TestDriver.testHarness.chiptop0.system.tile_prci_domain_1.element_reset_domain_rockettile.frontend.btb'
%Warning-WIDTHEXPAND: /work/chipyard/sims/verilator/generated-src/chipyard.harness.TestHarness.Baseline2CoreConfig/gen-collateral/BTB.sv:987:490: Operator COND expects 32 or 5 bits on the Conditional False, but Conditional False's CONST '3'h0' generates 3 bits.
                                                                                                                                                : ... note: In instance 'TestDriver.testHarness.chiptop0.system.tile_prci_domain_1.element_reset_domain_rockettile.frontend.btb'
%Warning-WIDTHEXPAND: /work/chipyard/sims/verilator/generated-src/chipyard.harness.TestHarness.Baseline2CoreConfig/gen-collateral/BTB.sv:987:541: Operator COND expects 32 or 5 bits on the Conditional True, but Conditional True's VARREF 'tgtPages_10' generates 3 bits.
                                                                                                                                                : ... note: In instance 'TestDriver.testHarness.chiptop0.system.tile_prci_domain_1.element_reset_domain_rockettile.frontend.btb'
%Warning-WIDTHEXPAND: /work/chipyard/sims/verilator/generated-src/chipyard.harness.TestHarness.Baseline2CoreConfig/gen-collateral/BTB.sv:987:541: Operator COND expects 32 or 5 bits on the Conditional False, but Conditional False's CONST '3'h0' generates 3 bits.
                                                                                                                                                : ... note: In instance 'TestDriver.testHarness.chiptop0.system.tile_prci_domain_1.element_reset_domain_rockettile.frontend.btb'
%Warning-WIDTHEXPAND: /work/chipyard/sims/verilator/generated-src/chipyard.harness.TestHarness.Baseline2CoreConfig/gen-collateral/BTB.sv:987:593: Operator COND expects 32 or 5 bits on the Conditional True, but Conditional True's VARREF 'tgtPages_11' generates 3 bits.
                                                                                                                                                : ... note: In instance 'TestDriver.testHarness.chiptop0.system.tile_prci_domain_1.element_reset_domain_rockettile.frontend.btb'
%Warning-WIDTHEXPAND: /work/chipyard/sims/verilator/generated-src/chipyard.harness.TestHarness.Baseline2CoreConfig/gen-collateral/BTB.sv:987:593: Operator COND expects 32 or 5 bits on the Conditional False, but Conditional False's CONST '3'h0' generates 3 bits.
                                                                                                                                                : ... note: In instance 'TestDriver.testHarness.chiptop0.system.tile_prci_domain_1.element_reset_domain_rockettile.frontend.btb'
%Warning-WIDTHEXPAND: /work/chipyard/sims/verilator/generated-src/chipyard.harness.TestHarness.Baseline2CoreConfig/gen-collateral/BTB.sv:987:645: Operator COND expects 32 or 5 bits on the Conditional True, but Conditional True's VARREF 'tgtPages_12' generates 3 bits.
                                                                                                                                                : ... note: In instance 'TestDriver.testHarness.chiptop0.system.tile_prci_domain_1.element_reset_domain_rockettile.frontend.btb'
%Warning-WIDTHEXPAND: /work/chipyard/sims/verilator/generated-src/chipyard.harness.TestHarness.Baseline2CoreConfig/gen-collateral/BTB.sv:987:645: Operator COND expects 32 or 5 bits on the Conditional False, but Conditional False's CONST '3'h0' generates 3 bits.
                                                                                                                                                : ... note: In instance 'TestDriver.testHarness.chiptop0.system.tile_prci_domain_1.element_reset_domain_rockettile.frontend.btb'
%Warning-WIDTHEXPAND: /work/chipyard/sims/verilator/generated-src/chipyard.harness.TestHarness.Baseline2CoreConfig/gen-collateral/BTB.sv:987:697: Operator COND expects 32 or 5 bits on the Conditional True, but Conditional True's VARREF 'tgtPages_13' generates 3 bits.
                                                                                                                                                : ... note: In instance 'TestDriver.testHarness.chiptop0.system.tile_prci_domain_1.element_reset_domain_rockettile.frontend.btb'
%Warning-WIDTHEXPAND: /work/chipyard/sims/verilator/generated-src/chipyard.harness.TestHarness.Baseline2CoreConfig/gen-collateral/BTB.sv:987:697: Operator COND expects 32 or 5 bits on the Conditional False, but Conditional False's CONST '3'h0' generates 3 bits.
                                                                                                                                                : ... note: In instance 'TestDriver.testHarness.chiptop0.system.tile_prci_domain_1.element_reset_domain_rockettile.frontend.btb'
%Warning-WIDTHEXPAND: /work/chipyard/sims/verilator/generated-src/chipyard.harness.TestHarness.Baseline2CoreConfig/gen-collateral/BTB.sv:987:749: Operator COND expects 32 or 5 bits on the Conditional True, but Conditional True's VARREF 'tgtPages_14' generates 3 bits.
                                                                                                                                                : ... note: In instance 'TestDriver.testHarness.chiptop0.system.tile_prci_domain_1.element_reset_domain_rockettile.frontend.btb'
%Warning-WIDTHEXPAND: /work/chipyard/sims/verilator/generated-src/chipyard.harness.TestHarness.Baseline2CoreConfig/gen-collateral/BTB.sv:987:749: Operator COND expects 32 or 5 bits on the Conditional False, but Conditional False's CONST '3'h0' generates 3 bits.
                                                                                                                                                : ... note: In instance 'TestDriver.testHarness.chiptop0.system.tile_prci_domain_1.element_reset_domain_rockettile.frontend.btb'
%Warning-WIDTHEXPAND: /work/chipyard/sims/verilator/generated-src/chipyard.harness.TestHarness.Baseline2CoreConfig/gen-collateral/BTB.sv:987:801: Operator COND expects 32 or 5 bits on the Conditional True, but Conditional True's VARREF 'tgtPages_15' generates 3 bits.
                                                                                                                                                : ... note: In instance 'TestDriver.testHarness.chiptop0.system.tile_prci_domain_1.element_reset_domain_rockettile.frontend.btb'
%Warning-WIDTHEXPAND: /work/chipyard/sims/verilator/generated-src/chipyard.harness.TestHarness.Baseline2CoreConfig/gen-collateral/BTB.sv:987:801: Operator COND expects 32 or 5 bits on the Conditional False, but Conditional False's CONST '3'h0' generates 3 bits.
                                                                                                                                                : ... note: In instance 'TestDriver.testHarness.chiptop0.system.tile_prci_domain_1.element_reset_domain_rockettile.frontend.btb'
%Warning-WIDTHEXPAND: /work/chipyard/sims/verilator/generated-src/chipyard.harness.TestHarness.Baseline2CoreConfig/gen-collateral/BTB.sv:987:853: Operator COND expects 32 or 5 bits on the Conditional True, but Conditional True's VARREF 'tgtPages_16' generates 3 bits.
                                                                                                                                                : ... note: In instance 'TestDriver.testHarness.chiptop0.system.tile_prci_domain_1.element_reset_domain_rockettile.frontend.btb'
%Warning-WIDTHEXPAND: /work/chipyard/sims/verilator/generated-src/chipyard.harness.TestHarness.Baseline2CoreConfig/gen-collateral/BTB.sv:987:853: Operator COND expects 32 or 5 bits on the Conditional False, but Conditional False's CONST '3'h0' generates 3 bits.
                                                                                                                                                : ... note: In instance 'TestDriver.testHarness.chiptop0.system.tile_prci_domain_1.element_reset_domain_rockettile.frontend.btb'
%Warning-WIDTHEXPAND: /work/chipyard/sims/verilator/generated-src/chipyard.harness.TestHarness.Baseline2CoreConfig/gen-collateral/BTB.sv:987:905: Operator COND expects 32 or 5 bits on the Conditional True, but Conditional True's VARREF 'tgtPages_17' generates 3 bits.
                                                                                                                                                : ... note: In instance 'TestDriver.testHarness.chiptop0.system.tile_prci_domain_1.element_reset_domain_rockettile.frontend.btb'
%Warning-WIDTHEXPAND: /work/chipyard/sims/verilator/generated-src/chipyard.harness.TestHarness.Baseline2CoreConfig/gen-collateral/BTB.sv:987:905: Operator COND expects 32 or 5 bits on the Conditional False, but Conditional False's CONST '3'h0' generates 3 bits.
                                                                                                                                                : ... note: In instance 'TestDriver.testHarness.chiptop0.system.tile_prci_domain_1.element_reset_domain_rockettile.frontend.btb'
%Warning-WIDTHEXPAND: /work/chipyard/sims/verilator/generated-src/chipyard.harness.TestHarness.Baseline2CoreConfig/gen-collateral/BTB.sv:987:957: Operator COND expects 32 or 5 bits on the Conditional True, but Conditional True's VARREF 'tgtPages_18' generates 3 bits.
                                                                                                                                                : ... note: In instance 'TestDriver.testHarness.chiptop0.system.tile_prci_domain_1.element_reset_domain_rockettile.frontend.btb'
%Warning-WIDTHEXPAND: /work/chipyard/sims/verilator/generated-src/chipyard.harness.TestHarness.Baseline2CoreConfig/gen-collateral/BTB.sv:987:957: Operator COND expects 32 or 5 bits on the Conditional False, but Conditional False's CONST '3'h0' generates 3 bits.
                                                                                                                                                : ... note: In instance 'TestDriver.testHarness.chiptop0.system.tile_prci_domain_1.element_reset_domain_rockettile.frontend.btb'
%Warning-WIDTHEXPAND: /work/chipyard/sims/verilator/generated-src/chipyard.harness.TestHarness.Baseline2CoreConfig/gen-collateral/BTB.sv:987:1009: Operator COND expects 32 or 5 bits on the Conditional True, but Conditional True's VARREF 'tgtPages_19' generates 3 bits.
                                                                                                                                                 : ... note: In instance 'TestDriver.testHarness.chiptop0.system.tile_prci_domain_1.element_reset_domain_rockettile.frontend.btb'
%Warning-WIDTHEXPAND: /work/chipyard/sims/verilator/generated-src/chipyard.harness.TestHarness.Baseline2CoreConfig/gen-collateral/BTB.sv:987:1009: Operator COND expects 32 or 5 bits on the Conditional False, but Conditional False's CONST '3'h0' generates 3 bits.
                                                                                                                                                 : ... note: In instance 'TestDriver.testHarness.chiptop0.system.tile_prci_domain_1.element_reset_domain_rockettile.frontend.btb'
%Warning-WIDTHEXPAND: /work/chipyard/sims/verilator/generated-src/chipyard.harness.TestHarness.Baseline2CoreConfig/gen-collateral/BTB.sv:987:1061: Operator COND expects 32 or 5 bits on the Conditional True, but Conditional True's VARREF 'tgtPages_20' generates 3 bits.
                                                                                                                                                 : ... note: In instance 'TestDriver.testHarness.chiptop0.system.tile_prci_domain_1.element_reset_domain_rockettile.frontend.btb'
%Warning-WIDTHEXPAND: /work/chipyard/sims/verilator/generated-src/chipyard.harness.TestHarness.Baseline2CoreConfig/gen-collateral/BTB.sv:987:1061: Operator COND expects 32 or 5 bits on the Conditional False, but Conditional False's CONST '3'h0' generates 3 bits.
                                                                                                                                                 : ... note: In instance 'TestDriver.testHarness.chiptop0.system.tile_prci_domain_1.element_reset_domain_rockettile.frontend.btb'
%Warning-WIDTHEXPAND: /work/chipyard/sims/verilator/generated-src/chipyard.harness.TestHarness.Baseline2CoreConfig/gen-collateral/BTB.sv:987:1113: Operator COND expects 32 or 5 bits on the Conditional True, but Conditional True's VARREF 'tgtPages_21' generates 3 bits.
                                                                                                                                                 : ... note: In instance 'TestDriver.testHarness.chiptop0.system.tile_prci_domain_1.element_reset_domain_rockettile.frontend.btb'
%Warning-WIDTHEXPAND: /work/chipyard/sims/verilator/generated-src/chipyard.harness.TestHarness.Baseline2CoreConfig/gen-collateral/BTB.sv:987:1113: Operator COND expects 32 or 5 bits on the Conditional False, but Conditional False's CONST '3'h0' generates 3 bits.
                                                                                                                                                 : ... note: In instance 'TestDriver.testHarness.chiptop0.system.tile_prci_domain_1.element_reset_domain_rockettile.frontend.btb'
%Warning-WIDTHEXPAND: /work/chipyard/sims/verilator/generated-src/chipyard.harness.TestHarness.Baseline2CoreConfig/gen-collateral/BTB.sv:987:1165: Operator COND expects 32 or 5 bits on the Conditional True, but Conditional True's VARREF 'tgtPages_22' generates 3 bits.
                                                                                                                                                 : ... note: In instance 'TestDriver.testHarness.chiptop0.system.tile_prci_domain_1.element_reset_domain_rockettile.frontend.btb'
%Warning-WIDTHEXPAND: /work/chipyard/sims/verilator/generated-src/chipyard.harness.TestHarness.Baseline2CoreConfig/gen-collateral/BTB.sv:987:1165: Operator COND expects 32 or 5 bits on the Conditional False, but Conditional False's CONST '3'h0' generates 3 bits.
                                                                                                                                                 : ... note: In instance 'TestDriver.testHarness.chiptop0.system.tile_prci_domain_1.element_reset_domain_rockettile.frontend.btb'
%Warning-WIDTHEXPAND: /work/chipyard/sims/verilator/generated-src/chipyard.harness.TestHarness.Baseline2CoreConfig/gen-collateral/BTB.sv:987:1217: Operator COND expects 32 or 5 bits on the Conditional True, but Conditional True's VARREF 'tgtPages_23' generates 3 bits.
                                                                                                                                                 : ... note: In instance 'TestDriver.testHarness.chiptop0.system.tile_prci_domain_1.element_reset_domain_rockettile.frontend.btb'
%Warning-WIDTHEXPAND: /work/chipyard/sims/verilator/generated-src/chipyard.harness.TestHarness.Baseline2CoreConfig/gen-collateral/BTB.sv:987:1217: Operator COND expects 32 or 5 bits on the Conditional False, but Conditional False's CONST '3'h0' generates 3 bits.
                                                                                                                                                 : ... note: In instance 'TestDriver.testHarness.chiptop0.system.tile_prci_domain_1.element_reset_domain_rockettile.frontend.btb'
%Warning-WIDTHEXPAND: /work/chipyard/sims/verilator/generated-src/chipyard.harness.TestHarness.Baseline2CoreConfig/gen-collateral/BTB.sv:987:1269: Operator COND expects 32 or 5 bits on the Conditional True, but Conditional True's VARREF 'tgtPages_24' generates 3 bits.
                                                                                                                                                 : ... note: In instance 'TestDriver.testHarness.chiptop0.system.tile_prci_domain_1.element_reset_domain_rockettile.frontend.btb'
%Warning-WIDTHEXPAND: /work/chipyard/sims/verilator/generated-src/chipyard.harness.TestHarness.Baseline2CoreConfig/gen-collateral/BTB.sv:987:1269: Operator COND expects 32 or 5 bits on the Conditional False, but Conditional False's CONST '3'h0' generates 3 bits.
                                                                                                                                                 : ... note: In instance 'TestDriver.testHarness.chiptop0.system.tile_prci_domain_1.element_reset_domain_rockettile.frontend.btb'
%Warning-WIDTHEXPAND: /work/chipyard/sims/verilator/generated-src/chipyard.harness.TestHarness.Baseline2CoreConfig/gen-collateral/BTB.sv:987:1321: Operator COND expects 32 or 5 bits on the Conditional True, but Conditional True's VARREF 'tgtPages_25' generates 3 bits.
                                                                                                                                                 : ... note: In instance 'TestDriver.testHarness.chiptop0.system.tile_prci_domain_1.element_reset_domain_rockettile.frontend.btb'
%Warning-WIDTHEXPAND: /work/chipyard/sims/verilator/generated-src/chipyard.harness.TestHarness.Baseline2CoreConfig/gen-collateral/BTB.sv:987:1321: Operator COND expects 32 or 5 bits on the Conditional False, but Conditional False's CONST '3'h0' generates 3 bits.
                                                                                                                                                 : ... note: In instance 'TestDriver.testHarness.chiptop0.system.tile_prci_domain_1.element_reset_domain_rockettile.frontend.btb'
%Warning-WIDTHEXPAND: /work/chipyard/sims/verilator/generated-src/chipyard.harness.TestHarness.Baseline2CoreConfig/gen-collateral/BTB.sv:987:1373: Operator COND expects 32 or 5 bits on the Conditional True, but Conditional True's VARREF 'tgtPages_26' generates 3 bits.
                                                                                                                                                 : ... note: In instance 'TestDriver.testHarness.chiptop0.system.tile_prci_domain_1.element_reset_domain_rockettile.frontend.btb'
%Warning-WIDTHEXPAND: /work/chipyard/sims/verilator/generated-src/chipyard.harness.TestHarness.Baseline2CoreConfig/gen-collateral/BTB.sv:987:1373: Operator COND expects 32 or 5 bits on the Conditional False, but Conditional False's CONST '3'h0' generates 3 bits.
                                                                                                                                                 : ... note: In instance 'TestDriver.testHarness.chiptop0.system.tile_prci_domain_1.element_reset_domain_rockettile.frontend.btb'
%Warning-WIDTHEXPAND: /work/chipyard/sims/verilator/generated-src/chipyard.harness.TestHarness.Baseline2CoreConfig/gen-collateral/BTB.sv:987:1425: Operator COND expects 32 or 5 bits on the Conditional True, but Conditional True's VARREF 'tgtPages_27' generates 3 bits.
                                                                                                                                                 : ... note: In instance 'TestDriver.testHarness.chiptop0.system.tile_prci_domain_1.element_reset_domain_rockettile.frontend.btb'
%Warning-WIDTHEXPAND: /work/chipyard/sims/verilator/generated-src/chipyard.harness.TestHarness.Baseline2CoreConfig/gen-collateral/BTB.sv:987:1425: Operator COND expects 32 or 5 bits on the Conditional False, but Conditional False's CONST '3'h0' generates 3 bits.
                                                                                                                                                 : ... note: In instance 'TestDriver.testHarness.chiptop0.system.tile_prci_domain_1.element_reset_domain_rockettile.frontend.btb'
%Warning-WIDTHEXPAND: /work/chipyard/sims/verilator/generated-src/chipyard.harness.TestHarness.Baseline2CoreConfig/gen-collateral/AsyncQueueSink_Phit.sv:127:27: Operator XOR expects 32 or 6 bits on the LHS, but LHS's VARREF '_index_T' generates 3 bits.
                                                                                                                                                               : ... note: In instance 'TestDriver.testHarness.chiptop0.system.serial_tl_domain.phy.in_phits_in_async_4.sink'
  127 |     .io_d  (_GEN[_index_T ^ {ridx_incremented[3], 2'h0}]),  
      |                           ^
%Warning-WIDTHEXPAND: /work/chipyard/sims/verilator/generated-src/chipyard.harness.TestHarness.Baseline2CoreConfig/gen-collateral/AsyncQueueSink_Phit.sv:127:27: Operator XOR expects 32 or 6 bits on the RHS, but RHS's REPLICATE generates 3 bits.
                                                                                                                                                               : ... note: In instance 'TestDriver.testHarness.chiptop0.system.serial_tl_domain.phy.in_phits_in_async_4.sink'
  127 |     .io_d  (_GEN[_index_T ^ {ridx_incremented[3], 2'h0}]),  
      |                           ^
%Warning-WIDTHEXPAND: /work/chipyard/sims/verilator/generated-src/chipyard.harness.TestHarness.Baseline2CoreConfig/gen-collateral/TLWidthWidget1.sv:241:56: Operator COND expects 32 or 4 bits on the Conditional True, but Conditional True's VARREF 'repeat_sel_sel_sources_0' generates 3 bits.
                                                                                                                                                          : ... note: In instance 'TestDriver.testHarness.chiptop0.system.fbus.coupler_from_debug_sb.widget'
  241 |   assign auto_anon_in_d_bits_data = _GEN[(repeat_first ? repeat_sel_sel_sources_0 : repeat_sel_hold_r) & _repeat_limit_T[2:0] | repeat_count];  
      |                                                        ^
%Warning-WIDTHEXPAND: /work/chipyard/sims/verilator/generated-src/chipyard.harness.TestHarness.Baseline2CoreConfig/gen-collateral/TLWidthWidget1.sv:241:56: Operator COND expects 32 or 4 bits on the Conditional False, but Conditional False's VARREF 'repeat_sel_hold_r' generates 3 bits.
                                                                                                                                                          : ... note: In instance 'TestDriver.testHarness.chiptop0.system.fbus.coupler_from_debug_sb.widget'
  241 |   assign auto_anon_in_d_bits_data = _GEN[(repeat_first ? repeat_sel_sel_sources_0 : repeat_sel_hold_r) & _repeat_limit_T[2:0] | repeat_count];  
      |                                                        ^
%Warning-WIDTHEXPAND: /work/chipyard/sims/verilator/generated-src/chipyard.harness.TestHarness.Baseline2CoreConfig/gen-collateral/TLWidthWidget1.sv:241:104: Operator AND expects 32 or 4 bits on the RHS, but RHS's SEL generates 3 bits.
                                                                                                                                                           : ... note: In instance 'TestDriver.testHarness.chiptop0.system.fbus.coupler_from_debug_sb.widget'
  241 |   assign auto_anon_in_d_bits_data = _GEN[(repeat_first ? repeat_sel_sel_sources_0 : repeat_sel_hold_r) & _repeat_limit_T[2:0] | repeat_count];  
      |                                                                                                        ^
%Warning-WIDTHEXPAND: /work/chipyard/sims/verilator/generated-src/chipyard.harness.TestHarness.Baseline2CoreConfig/gen-collateral/TLWidthWidget1.sv:241:127: Operator OR expects 32 or 4 bits on the RHS, but RHS's VARREF 'repeat_count' generates 3 bits.
                                                                                                                                                           : ... note: In instance 'TestDriver.testHarness.chiptop0.system.fbus.coupler_from_debug_sb.widget'
  241 |   assign auto_anon_in_d_bits_data = _GEN[(repeat_first ? repeat_sel_sel_sources_0 : repeat_sel_hold_r) & _repeat_limit_T[2:0] | repeat_count];  
      |                                                                                                                               ^
%Warning-WIDTHEXPAND: /work/chipyard/sims/verilator/generated-src/chipyard.harness.TestHarness.Baseline2CoreConfig/gen-collateral/Rocket.sv:966:43: Operator COND expects 32 or 7 bits on the Conditional True, but Conditional True's CONST '2'h3' generates 2 bits.
                                                                                                                                                  : ... note: In instance 'TestDriver.testHarness.chiptop0.system.tile_prci_domain_1.element_reset_domain_rockettile.core'
  966 |       mem_reg_rs2 <= _GEN_15[ex_ctrl_rocc ? 2'h3 : ex_reg_mem_size];  
      |                                           ^
%Warning-WIDTHEXPAND: /work/chipyard/sims/verilator/generated-src/chipyard.harness.TestHarness.Baseline2CoreConfig/gen-collateral/Rocket.sv:966:43: Operator COND expects 32 or 7 bits on the Conditional False, but Conditional False's VARREF 'ex_reg_mem_size' generates 2 bits.
                                                                                                                                                  : ... note: In instance 'TestDriver.testHarness.chiptop0.system.tile_prci_domain_1.element_reset_domain_rockettile.core'
  966 |       mem_reg_rs2 <= _GEN_15[ex_ctrl_rocc ? 2'h3 : ex_reg_mem_size];  
      |                                           ^
%Warning-WIDTHTRUNC: /work/chipyard/sims/verilator/generated-src/chipyard.harness.TestHarness.Baseline2CoreConfig/gen-collateral/ram_2x116.sv:26:24: Bit extraction of var[127:0] requires 7 bit index, not 8 bits.
                                                                                                                                                   : ... note: In instance 'TestDriver.testHarness.ram.buffer.nodeOut_a_q.ram_ext'
   26 |             _RANDOM_MEM[j +: 32] = $random;  
      |                        ^
%Warning-WIDTHEXPAND: /work/chipyard/sims/verilator/generated-src/chipyard.harness.TestHarness.Baseline2CoreConfig/gen-collateral/SimDRAM.v:163:19: Operator FUNCREF 'memory_init' expects 64 bits on the Function Argument, but Function Argument's VARREF 'MEM_BASE' generates 40 bits.
                                                                                                                                                  : ... note: In instance 'TestDriver.testHarness.simdram'
  163 |         channel = memory_init(CHIP_ID, MEM_SIZE, WORD_SIZE, LINE_SIZE, ID_BITS, CLOCK_HZ, MEM_BASE);
      |                   ^~~~~~~~~~~
%Warning-LATCH: /work/chipyard/sims/verilator/generated-src/chipyard.harness.TestHarness.Baseline2CoreConfig/gen-collateral/EICG_wrapper.v:12:3: Latch inferred for signal 'TestDriver.testHarness.chiptop0.gated_clock_debug_clock_gate.en_latched' (not all control paths of combinational always assign a value)
                                                                                                                                               : ... Suggest use of always_latch for intentional latches
   12 |   always @(*) begin
      |   ^~~~~~
touch /work/chipyard/sims/verilator/generated-src/chipyard.harness.TestHarness.Baseline2CoreConfig/chipyard.harness.TestHarness.Baseline2CoreConfig/VTestDriver.mk
make VM_PARALLEL_BUILDS=1 -C /work/chipyard/sims/verilator/generated-src/chipyard.harness.TestHarness.Baseline2CoreConfig/chipyard.harness.TestHarness.Baseline2CoreConfig -f VTestDriver.mk
make[1]: Entering directory '/work/chipyard/sims/verilator/generated-src/chipyard.harness.TestHarness.Baseline2CoreConfig/chipyard.harness.TestHarness.Baseline2CoreConfig'
g++  -I.  -MMD -I/usr/share/verilator/include -I/usr/share/verilator/include/vltstd -DVM_COVERAGE=0 -DVM_SC=0 -DVM_TRACE=0 -DVM_TRACE_FST=0 -DVM_TRACE_VCD=0 -faligned-new -fcf-protection=none -Wno-bool-operation -Wno-overloaded-virtual -Wno-shadow -Wno-sign-compare -Wno-uninitialized -Wno-unused-but-set-parameter -Wno-unused-but-set-variable -Wno-unused-parameter -Wno-unused-variable     -O3 -std=c++17 -I/work/riscv/include -I/work/chipyard/tools/DRAMSim2 -I/work/chipyard/sims/verilator/generated-src/chipyard.harness.TestHarness.Baseline2CoreConfig/gen-collateral   -DVERILATOR -DVL_TIME_CONTEXT   -fcoroutines -Os -c -o SimDRAM.o /work/chipyard/sims/verilator/generated-src/chipyard.harness.TestHarness.Baseline2CoreConfig/gen-collateral/SimDRAM.cc
g++  -I.  -MMD -I/usr/share/verilator/include -I/usr/share/verilator/include/vltstd -DVM_COVERAGE=0 -DVM_SC=0 -DVM_TRACE=0 -DVM_TRACE_FST=0 -DVM_TRACE_VCD=0 -faligned-new -fcf-protection=none -Wno-bool-operation -Wno-overloaded-virtual -Wno-shadow -Wno-sign-compare -Wno-uninitialized -Wno-unused-but-set-parameter -Wno-unused-but-set-variable -Wno-unused-parameter -Wno-unused-variable     -O3 -std=c++17 -I/work/riscv/include -I/work/chipyard/tools/DRAMSim2 -I/work/chipyard/sims/verilator/generated-src/chipyard.harness.TestHarness.Baseline2CoreConfig/gen-collateral   -DVERILATOR -DVL_TIME_CONTEXT   -fcoroutines -Os -c -o SimJTAG.o /work/chipyard/sims/verilator/generated-src/chipyard.harness.TestHarness.Baseline2CoreConfig/gen-collateral/SimJTAG.cc
g++  -I.  -MMD -I/usr/share/verilator/include -I/usr/share/verilator/include/vltstd -DVM_COVERAGE=0 -DVM_SC=0 -DVM_TRACE=0 -DVM_TRACE_FST=0 -DVM_TRACE_VCD=0 -faligned-new -fcf-protection=none -Wno-bool-operation -Wno-overloaded-virtual -Wno-shadow -Wno-sign-compare -Wno-uninitialized -Wno-unused-but-set-parameter -Wno-unused-but-set-variable -Wno-unused-parameter -Wno-unused-variable     -O3 -std=c++17 -I/work/riscv/include -I/work/chipyard/tools/DRAMSim2 -I/work/chipyard/sims/verilator/generated-src/chipyard.harness.TestHarness.Baseline2CoreConfig/gen-collateral   -DVERILATOR -DVL_TIME_CONTEXT   -fcoroutines -Os -c -o SimTSI.o /work/chipyard/sims/verilator/generated-src/chipyard.harness.TestHarness.Baseline2CoreConfig/gen-collateral/SimTSI.cc
g++  -I.  -MMD -I/usr/share/verilator/include -I/usr/share/verilator/include/vltstd -DVM_COVERAGE=0 -DVM_SC=0 -DVM_TRACE=0 -DVM_TRACE_FST=0 -DVM_TRACE_VCD=0 -faligned-new -fcf-protection=none -Wno-bool-operation -Wno-overloaded-virtual -Wno-shadow -Wno-sign-compare -Wno-uninitialized -Wno-unused-but-set-parameter -Wno-unused-but-set-variable -Wno-unused-parameter -Wno-unused-variable     -O3 -std=c++17 -I/work/riscv/include -I/work/chipyard/tools/DRAMSim2 -I/work/chipyard/sims/verilator/generated-src/chipyard.harness.TestHarness.Baseline2CoreConfig/gen-collateral   -DVERILATOR -DVL_TIME_CONTEXT   -fcoroutines -Os -c -o SimUART.o /work/chipyard/sims/verilator/generated-src/chipyard.harness.TestHarness.Baseline2CoreConfig/gen-collateral/SimUART.cc
g++  -I.  -MMD -I/usr/share/verilator/include -I/usr/share/verilator/include/vltstd -DVM_COVERAGE=0 -DVM_SC=0 -DVM_TRACE=0 -DVM_TRACE_FST=0 -DVM_TRACE_VCD=0 -faligned-new -fcf-protection=none -Wno-bool-operation -Wno-overloaded-virtual -Wno-shadow -Wno-sign-compare -Wno-uninitialized -Wno-unused-but-set-parameter -Wno-unused-but-set-variable -Wno-unused-parameter -Wno-unused-variable     -O3 -std=c++17 -I/work/riscv/include -I/work/chipyard/tools/DRAMSim2 -I/work/chipyard/sims/verilator/generated-src/chipyard.harness.TestHarness.Baseline2CoreConfig/gen-collateral   -DVERILATOR -DVL_TIME_CONTEXT   -fcoroutines -Os -c -o mm.o /work/chipyard/sims/verilator/generated-src/chipyard.harness.TestHarness.Baseline2CoreConfig/gen-collateral/mm.cc
g++  -I.  -MMD -I/usr/share/verilator/include -I/usr/share/verilator/include/vltstd -DVM_COVERAGE=0 -DVM_SC=0 -DVM_TRACE=0 -DVM_TRACE_FST=0 -DVM_TRACE_VCD=0 -faligned-new -fcf-protection=none -Wno-bool-operation -Wno-overloaded-virtual -Wno-shadow -Wno-sign-compare -Wno-uninitialized -Wno-unused-but-set-parameter -Wno-unused-but-set-variable -Wno-unused-parameter -Wno-unused-variable     -O3 -std=c++17 -I/work/riscv/include -I/work/chipyard/tools/DRAMSim2 -I/work/chipyard/sims/verilator/generated-src/chipyard.harness.TestHarness.Baseline2CoreConfig/gen-collateral   -DVERILATOR -DVL_TIME_CONTEXT   -fcoroutines -Os -c -o mm_dramsim2.o /work/chipyard/sims/verilator/generated-src/chipyard.harness.TestHarness.Baseline2CoreConfig/gen-collateral/mm_dramsim2.cc
g++  -I.  -MMD -I/usr/share/verilator/include -I/usr/share/verilator/include/vltstd -DVM_COVERAGE=0 -DVM_SC=0 -DVM_TRACE=0 -DVM_TRACE_FST=0 -DVM_TRACE_VCD=0 -faligned-new -fcf-protection=none -Wno-bool-operation -Wno-overloaded-virtual -Wno-shadow -Wno-sign-compare -Wno-uninitialized -Wno-unused-but-set-parameter -Wno-unused-but-set-variable -Wno-unused-parameter -Wno-unused-variable     -O3 -std=c++17 -I/work/riscv/include -I/work/chipyard/tools/DRAMSim2 -I/work/chipyard/sims/verilator/generated-src/chipyard.harness.TestHarness.Baseline2CoreConfig/gen-collateral   -DVERILATOR -DVL_TIME_CONTEXT   -fcoroutines -Os -c -o remote_bitbang.o /work/chipyard/sims/verilator/generated-src/chipyard.harness.TestHarness.Baseline2CoreConfig/gen-collateral/remote_bitbang.cc
g++  -I.  -MMD -I/usr/share/verilator/include -I/usr/share/verilator/include/vltstd -DVM_COVERAGE=0 -DVM_SC=0 -DVM_TRACE=0 -DVM_TRACE_FST=0 -DVM_TRACE_VCD=0 -faligned-new -fcf-protection=none -Wno-bool-operation -Wno-overloaded-virtual -Wno-shadow -Wno-sign-compare -Wno-uninitialized -Wno-unused-but-set-parameter -Wno-unused-but-set-variable -Wno-unused-parameter -Wno-unused-variable     -O3 -std=c++17 -I/work/riscv/include -I/work/chipyard/tools/DRAMSim2 -I/work/chipyard/sims/verilator/generated-src/chipyard.harness.TestHarness.Baseline2CoreConfig/gen-collateral   -DVERILATOR -DVL_TIME_CONTEXT   -fcoroutines -Os -c -o testchip_htif.o /work/chipyard/sims/verilator/generated-src/chipyard.harness.TestHarness.Baseline2CoreConfig/gen-collateral/testchip_htif.cc
g++  -I.  -MMD -I/usr/share/verilator/include -I/usr/share/verilator/include/vltstd -DVM_COVERAGE=0 -DVM_SC=0 -DVM_TRACE=0 -DVM_TRACE_FST=0 -DVM_TRACE_VCD=0 -faligned-new -fcf-protection=none -Wno-bool-operation -Wno-overloaded-virtual -Wno-shadow -Wno-sign-compare -Wno-uninitialized -Wno-unused-but-set-parameter -Wno-unused-but-set-variable -Wno-unused-parameter -Wno-unused-variable     -O3 -std=c++17 -I/work/riscv/include -I/work/chipyard/tools/DRAMSim2 -I/work/chipyard/sims/verilator/generated-src/chipyard.harness.TestHarness.Baseline2CoreConfig/gen-collateral   -DVERILATOR -DVL_TIME_CONTEXT   -fcoroutines -Os -c -o testchip_tsi.o /work/chipyard/sims/verilator/generated-src/chipyard.harness.TestHarness.Baseline2CoreConfig/gen-collateral/testchip_tsi.cc
g++  -I.  -MMD -I/usr/share/verilator/include -I/usr/share/verilator/include/vltstd -DVM_COVERAGE=0 -DVM_SC=0 -DVM_TRACE=0 -DVM_TRACE_FST=0 -DVM_TRACE_VCD=0 -faligned-new -fcf-protection=none -Wno-bool-operation -Wno-overloaded-virtual -Wno-shadow -Wno-sign-compare -Wno-uninitialized -Wno-unused-but-set-parameter -Wno-unused-but-set-variable -Wno-unused-parameter -Wno-unused-variable     -O3 -std=c++17 -I/work/riscv/include -I/work/chipyard/tools/DRAMSim2 -I/work/chipyard/sims/verilator/generated-src/chipyard.harness.TestHarness.Baseline2CoreConfig/gen-collateral   -DVERILATOR -DVL_TIME_CONTEXT   -fcoroutines -Os -c -o uart.o /work/chipyard/sims/verilator/generated-src/chipyard.harness.TestHarness.Baseline2CoreConfig/gen-collateral/uart.cc
/work/chipyard/sims/verilator/generated-src/chipyard.harness.TestHarness.Baseline2CoreConfig/gen-collateral/uart.cc:7: warning: "_XOPEN_SOURCE" redefined
    7 | #define _XOPEN_SOURCE
      | 
In file included from /usr/include/signal.h:25,
                 from /work/chipyard/sims/verilator/generated-src/chipyard.harness.TestHarness.Baseline2CoreConfig/gen-collateral/uart.h:4,
                 from /work/chipyard/sims/verilator/generated-src/chipyard.harness.TestHarness.Baseline2CoreConfig/gen-collateral/uart.cc:3:
/usr/include/features.h:216: note: this is the location of the previous definition
  216 | # define _XOPEN_SOURCE  700
      | 
/work/chipyard/sims/verilator/generated-src/chipyard.harness.TestHarness.Baseline2CoreConfig/gen-collateral/SimDRAM.cc: In function ‘void* memory_init(int, long long int, long long int, long long int, long long int, long long int, long long int)’:
/work/chipyard/sims/verilator/generated-src/chipyard.harness.TestHarness.Baseline2CoreConfig/gen-collateral/SimDRAM.cc:81:52: warning: narrowing conversion of ‘mem_size’ from ‘long long int’ to ‘size_t’ {aka ‘long unsigned int’} [-Wnarrowing]
   81 |       backing_mem_data[chip_id][mem_base] = {data, mem_size};
      |                                                    ^~~~~~~~
g++ -Os  -I.  -MMD -I/usr/share/verilator/include -I/usr/share/verilator/include/vltstd -DVM_COVERAGE=0 -DVM_SC=0 -DVM_TRACE=0 -DVM_TRACE_FST=0 -DVM_TRACE_VCD=0 -faligned-new -fcf-protection=none -Wno-bool-operation -Wno-overloaded-virtual -Wno-shadow -Wno-sign-compare -Wno-uninitialized -Wno-unused-but-set-parameter -Wno-unused-but-set-variable -Wno-unused-parameter -Wno-unused-variable     -O3 -std=c++17 -I/work/riscv/include -I/work/chipyard/tools/DRAMSim2 -I/work/chipyard/sims/verilator/generated-src/chipyard.harness.TestHarness.Baseline2CoreConfig/gen-collateral   -DVERILATOR -DVL_TIME_CONTEXT   -fcoroutines -c -o verilated.o /usr/share/verilator/include/verilated.cpp
g++ -Os  -I.  -MMD -I/usr/share/verilator/include -I/usr/share/verilator/include/vltstd -DVM_COVERAGE=0 -DVM_SC=0 -DVM_TRACE=0 -DVM_TRACE_FST=0 -DVM_TRACE_VCD=0 -faligned-new -fcf-protection=none -Wno-bool-operation -Wno-overloaded-virtual -Wno-shadow -Wno-sign-compare -Wno-uninitialized -Wno-unused-but-set-parameter -Wno-unused-but-set-variable -Wno-unused-parameter -Wno-unused-variable     -O3 -std=c++17 -I/work/riscv/include -I/work/chipyard/tools/DRAMSim2 -I/work/chipyard/sims/verilator/generated-src/chipyard.harness.TestHarness.Baseline2CoreConfig/gen-collateral   -DVERILATOR -DVL_TIME_CONTEXT   -fcoroutines -c -o verilated_dpi.o /usr/share/verilator/include/verilated_dpi.cpp
g++ -Os  -I.  -MMD -I/usr/share/verilator/include -I/usr/share/verilator/include/vltstd -DVM_COVERAGE=0 -DVM_SC=0 -DVM_TRACE=0 -DVM_TRACE_FST=0 -DVM_TRACE_VCD=0 -faligned-new -fcf-protection=none -Wno-bool-operation -Wno-overloaded-virtual -Wno-shadow -Wno-sign-compare -Wno-uninitialized -Wno-unused-but-set-parameter -Wno-unused-but-set-variable -Wno-unused-parameter -Wno-unused-variable     -O3 -std=c++17 -I/work/riscv/include -I/work/chipyard/tools/DRAMSim2 -I/work/chipyard/sims/verilator/generated-src/chipyard.harness.TestHarness.Baseline2CoreConfig/gen-collateral   -DVERILATOR -DVL_TIME_CONTEXT   -fcoroutines -c -o verilated_vpi.o /usr/share/verilator/include/verilated_vpi.cpp
g++ -Os  -I.  -MMD -I/usr/share/verilator/include -I/usr/share/verilator/include/vltstd -DVM_COVERAGE=0 -DVM_SC=0 -DVM_TRACE=0 -DVM_TRACE_FST=0 -DVM_TRACE_VCD=0 -faligned-new -fcf-protection=none -Wno-bool-operation -Wno-overloaded-virtual -Wno-shadow -Wno-sign-compare -Wno-uninitialized -Wno-unused-but-set-parameter -Wno-unused-but-set-variable -Wno-unused-parameter -Wno-unused-variable     -O3 -std=c++17 -I/work/riscv/include -I/work/chipyard/tools/DRAMSim2 -I/work/chipyard/sims/verilator/generated-src/chipyard.harness.TestHarness.Baseline2CoreConfig/gen-collateral   -DVERILATOR -DVL_TIME_CONTEXT   -fcoroutines -c -o verilated_timing.o /usr/share/verilator/include/verilated_timing.cpp
g++ -Os  -I.  -MMD -I/usr/share/verilator/include -I/usr/share/verilator/include/vltstd -DVM_COVERAGE=0 -DVM_SC=0 -DVM_TRACE=0 -DVM_TRACE_FST=0 -DVM_TRACE_VCD=0 -faligned-new -fcf-protection=none -Wno-bool-operation -Wno-overloaded-virtual -Wno-shadow -Wno-sign-compare -Wno-uninitialized -Wno-unused-but-set-parameter -Wno-unused-but-set-variable -Wno-unused-parameter -Wno-unused-variable     -O3 -std=c++17 -I/work/riscv/include -I/work/chipyard/tools/DRAMSim2 -I/work/chipyard/sims/verilator/generated-src/chipyard.harness.TestHarness.Baseline2CoreConfig/gen-collateral   -DVERILATOR -DVL_TIME_CONTEXT   -fcoroutines -c -o verilated_threads.o /usr/share/verilator/include/verilated_threads.cpp
g++ -Os  -I.  -MMD -I/usr/share/verilator/include -I/usr/share/verilator/include/vltstd -DVM_COVERAGE=0 -DVM_SC=0 -DVM_TRACE=0 -DVM_TRACE_FST=0 -DVM_TRACE_VCD=0 -faligned-new -fcf-protection=none -Wno-bool-operation -Wno-overloaded-virtual -Wno-shadow -Wno-sign-compare -Wno-uninitialized -Wno-unused-but-set-parameter -Wno-unused-but-set-variable -Wno-unused-parameter -Wno-unused-variable     -O3 -std=c++17 -I/work/riscv/include -I/work/chipyard/tools/DRAMSim2 -I/work/chipyard/sims/verilator/generated-src/chipyard.harness.TestHarness.Baseline2CoreConfig/gen-collateral   -DVERILATOR -DVL_TIME_CONTEXT   -fcoroutines -x c++-header VTestDriver__pch.h -o VTestDriver__pch.h.fast.gch
g++   -I.  -MMD -I/usr/share/verilator/include -I/usr/share/verilator/include/vltstd -DVM_COVERAGE=0 -DVM_SC=0 -DVM_TRACE=0 -DVM_TRACE_FST=0 -DVM_TRACE_VCD=0 -faligned-new -fcf-protection=none -Wno-bool-operation -Wno-overloaded-virtual -Wno-shadow -Wno-sign-compare -Wno-uninitialized -Wno-unused-but-set-parameter -Wno-unused-but-set-variable -Wno-unused-parameter -Wno-unused-variable     -O3 -std=c++17 -I/work/riscv/include -I/work/chipyard/tools/DRAMSim2 -I/work/chipyard/sims/verilator/generated-src/chipyard.harness.TestHarness.Baseline2CoreConfig/gen-collateral   -DVERILATOR -DVL_TIME_CONTEXT   -fcoroutines -x c++-header VTestDriver__pch.h -o VTestDriver__pch.h.slow.gch
echo "" > VTestDriver__ALL.verilator_deplist.tmp
g++   -I.  -MMD -I/usr/share/verilator/include -I/usr/share/verilator/include/vltstd -DVM_COVERAGE=0 -DVM_SC=0 -DVM_TRACE=0 -DVM_TRACE_FST=0 -DVM_TRACE_VCD=0 -faligned-new -fcf-protection=none -Wno-bool-operation -Wno-overloaded-virtual -Wno-shadow -Wno-sign-compare -Wno-uninitialized -Wno-unused-but-set-parameter -Wno-unused-but-set-variable -Wno-unused-parameter -Wno-unused-variable     -O3 -std=c++17 -I/work/riscv/include -I/work/chipyard/tools/DRAMSim2 -I/work/chipyard/sims/verilator/generated-src/chipyard.harness.TestHarness.Baseline2CoreConfig/gen-collateral   -DVERILATOR -DVL_TIME_CONTEXT   -fcoroutines -include VTestDriver__pch.h.slow -c -o VTestDriver__ConstPool_0.o VTestDriver__ConstPool_0.cpp
g++   -I.  -MMD -I/usr/share/verilator/include -I/usr/share/verilator/include/vltstd -DVM_COVERAGE=0 -DVM_SC=0 -DVM_TRACE=0 -DVM_TRACE_FST=0 -DVM_TRACE_VCD=0 -faligned-new -fcf-protection=none -Wno-bool-operation -Wno-overloaded-virtual -Wno-shadow -Wno-sign-compare -Wno-uninitialized -Wno-unused-but-set-parameter -Wno-unused-but-set-variable -Wno-unused-parameter -Wno-unused-variable     -O3 -std=c++17 -I/work/riscv/include -I/work/chipyard/tools/DRAMSim2 -I/work/chipyard/sims/verilator/generated-src/chipyard.harness.TestHarness.Baseline2CoreConfig/gen-collateral   -DVERILATOR -DVL_TIME_CONTEXT   -fcoroutines -include VTestDriver__pch.h.slow -c -o VTestDriver___024root__Slow.o VTestDriver___024root__Slow.cpp
g++   -I.  -MMD -I/usr/share/verilator/include -I/usr/share/verilator/include/vltstd -DVM_COVERAGE=0 -DVM_SC=0 -DVM_TRACE=0 -DVM_TRACE_FST=0 -DVM_TRACE_VCD=0 -faligned-new -fcf-protection=none -Wno-bool-operation -Wno-overloaded-virtual -Wno-shadow -Wno-sign-compare -Wno-uninitialized -Wno-unused-but-set-parameter -Wno-unused-but-set-variable -Wno-unused-parameter -Wno-unused-variable     -O3 -std=c++17 -I/work/riscv/include -I/work/chipyard/tools/DRAMSim2 -I/work/chipyard/sims/verilator/generated-src/chipyard.harness.TestHarness.Baseline2CoreConfig/gen-collateral   -DVERILATOR -DVL_TIME_CONTEXT   -fcoroutines -include VTestDriver__pch.h.slow -c -o VTestDriver___024root__DepSet_h662e1026__0__Slow.o VTestDriver___024root__DepSet_h662e1026__0__Slow.cpp
g++   -I.  -MMD -I/usr/share/verilator/include -I/usr/share/verilator/include/vltstd -DVM_COVERAGE=0 -DVM_SC=0 -DVM_TRACE=0 -DVM_TRACE_FST=0 -DVM_TRACE_VCD=0 -faligned-new -fcf-protection=none -Wno-bool-operation -Wno-overloaded-virtual -Wno-shadow -Wno-sign-compare -Wno-uninitialized -Wno-unused-but-set-parameter -Wno-unused-but-set-variable -Wno-unused-parameter -Wno-unused-variable     -O3 -std=c++17 -I/work/riscv/include -I/work/chipyard/tools/DRAMSim2 -I/work/chipyard/sims/verilator/generated-src/chipyard.harness.TestHarness.Baseline2CoreConfig/gen-collateral   -DVERILATOR -DVL_TIME_CONTEXT   -fcoroutines -include VTestDriver__pch.h.slow -c -o VTestDriver___024root__DepSet_hbb6e3b65__0__Slow.o VTestDriver___024root__DepSet_hbb6e3b65__0__Slow.cpp
g++   -I.  -MMD -I/usr/share/verilator/include -I/usr/share/verilator/include/vltstd -DVM_COVERAGE=0 -DVM_SC=0 -DVM_TRACE=0 -DVM_TRACE_FST=0 -DVM_TRACE_VCD=0 -faligned-new -fcf-protection=none -Wno-bool-operation -Wno-overloaded-virtual -Wno-shadow -Wno-sign-compare -Wno-uninitialized -Wno-unused-but-set-parameter -Wno-unused-but-set-variable -Wno-unused-parameter -Wno-unused-variable     -O3 -std=c++17 -I/work/riscv/include -I/work/chipyard/tools/DRAMSim2 -I/work/chipyard/sims/verilator/generated-src/chipyard.harness.TestHarness.Baseline2CoreConfig/gen-collateral   -DVERILATOR -DVL_TIME_CONTEXT   -fcoroutines -include VTestDriver__pch.h.slow -c -o VTestDriver___024root__DepSet_hbb6e3b65__1__Slow.o VTestDriver___024root__DepSet_hbb6e3b65__1__Slow.cpp
g++   -I.  -MMD -I/usr/share/verilator/include -I/usr/share/verilator/include/vltstd -DVM_COVERAGE=0 -DVM_SC=0 -DVM_TRACE=0 -DVM_TRACE_FST=0 -DVM_TRACE_VCD=0 -faligned-new -fcf-protection=none -Wno-bool-operation -Wno-overloaded-virtual -Wno-shadow -Wno-sign-compare -Wno-uninitialized -Wno-unused-but-set-parameter -Wno-unused-but-set-variable -Wno-unused-parameter -Wno-unused-variable     -O3 -std=c++17 -I/work/riscv/include -I/work/chipyard/tools/DRAMSim2 -I/work/chipyard/sims/verilator/generated-src/chipyard.harness.TestHarness.Baseline2CoreConfig/gen-collateral   -DVERILATOR -DVL_TIME_CONTEXT   -fcoroutines -include VTestDriver__pch.h.slow -c -o VTestDriver___024root__DepSet_hbb6e3b65__2__Slow.o VTestDriver___024root__DepSet_hbb6e3b65__2__Slow.cpp
g++   -I.  -MMD -I/usr/share/verilator/include -I/usr/share/verilator/include/vltstd -DVM_COVERAGE=0 -DVM_SC=0 -DVM_TRACE=0 -DVM_TRACE_FST=0 -DVM_TRACE_VCD=0 -faligned-new -fcf-protection=none -Wno-bool-operation -Wno-overloaded-virtual -Wno-shadow -Wno-sign-compare -Wno-uninitialized -Wno-unused-but-set-parameter -Wno-unused-but-set-variable -Wno-unused-parameter -Wno-unused-variable     -O3 -std=c++17 -I/work/riscv/include -I/work/chipyard/tools/DRAMSim2 -I/work/chipyard/sims/verilator/generated-src/chipyard.harness.TestHarness.Baseline2CoreConfig/gen-collateral   -DVERILATOR -DVL_TIME_CONTEXT   -fcoroutines -include VTestDriver__pch.h.slow -c -o VTestDriver___024root__DepSet_hbb6e3b65__3__Slow.o VTestDriver___024root__DepSet_hbb6e3b65__3__Slow.cpp
g++   -I.  -MMD -I/usr/share/verilator/include -I/usr/share/verilator/include/vltstd -DVM_COVERAGE=0 -DVM_SC=0 -DVM_TRACE=0 -DVM_TRACE_FST=0 -DVM_TRACE_VCD=0 -faligned-new -fcf-protection=none -Wno-bool-operation -Wno-overloaded-virtual -Wno-shadow -Wno-sign-compare -Wno-uninitialized -Wno-unused-but-set-parameter -Wno-unused-but-set-variable -Wno-unused-parameter -Wno-unused-variable     -O3 -std=c++17 -I/work/riscv/include -I/work/chipyard/tools/DRAMSim2 -I/work/chipyard/sims/verilator/generated-src/chipyard.harness.TestHarness.Baseline2CoreConfig/gen-collateral   -DVERILATOR -DVL_TIME_CONTEXT   -fcoroutines -include VTestDriver__pch.h.slow -c -o VTestDriver___024root__DepSet_hbb6e3b65__4__Slow.o VTestDriver___024root__DepSet_hbb6e3b65__4__Slow.cpp
g++   -I.  -MMD -I/usr/share/verilator/include -I/usr/share/verilator/include/vltstd -DVM_COVERAGE=0 -DVM_SC=0 -DVM_TRACE=0 -DVM_TRACE_FST=0 -DVM_TRACE_VCD=0 -faligned-new -fcf-protection=none -Wno-bool-operation -Wno-overloaded-virtual -Wno-shadow -Wno-sign-compare -Wno-uninitialized -Wno-unused-but-set-parameter -Wno-unused-but-set-variable -Wno-unused-parameter -Wno-unused-variable     -O3 -std=c++17 -I/work/riscv/include -I/work/chipyard/tools/DRAMSim2 -I/work/chipyard/sims/verilator/generated-src/chipyard.harness.TestHarness.Baseline2CoreConfig/gen-collateral   -DVERILATOR -DVL_TIME_CONTEXT   -fcoroutines -include VTestDriver__pch.h.slow -c -o VTestDriver___024root__DepSet_hbb6e3b65__5__Slow.o VTestDriver___024root__DepSet_hbb6e3b65__5__Slow.cpp
g++   -I.  -MMD -I/usr/share/verilator/include -I/usr/share/verilator/include/vltstd -DVM_COVERAGE=0 -DVM_SC=0 -DVM_TRACE=0 -DVM_TRACE_FST=0 -DVM_TRACE_VCD=0 -faligned-new -fcf-protection=none -Wno-bool-operation -Wno-overloaded-virtual -Wno-shadow -Wno-sign-compare -Wno-uninitialized -Wno-unused-but-set-parameter -Wno-unused-but-set-variable -Wno-unused-parameter -Wno-unused-variable     -O3 -std=c++17 -I/work/riscv/include -I/work/chipyard/tools/DRAMSim2 -I/work/chipyard/sims/verilator/generated-src/chipyard.harness.TestHarness.Baseline2CoreConfig/gen-collateral   -DVERILATOR -DVL_TIME_CONTEXT   -fcoroutines -include VTestDriver__pch.h.slow -c -o VTestDriver___024root__DepSet_hbb6e3b65__6__Slow.o VTestDriver___024root__DepSet_hbb6e3b65__6__Slow.cpp
g++   -I.  -MMD -I/usr/share/verilator/include -I/usr/share/verilator/include/vltstd -DVM_COVERAGE=0 -DVM_SC=0 -DVM_TRACE=0 -DVM_TRACE_FST=0 -DVM_TRACE_VCD=0 -faligned-new -fcf-protection=none -Wno-bool-operation -Wno-overloaded-virtual -Wno-shadow -Wno-sign-compare -Wno-uninitialized -Wno-unused-but-set-parameter -Wno-unused-but-set-variable -Wno-unused-parameter -Wno-unused-variable     -O3 -std=c++17 -I/work/riscv/include -I/work/chipyard/tools/DRAMSim2 -I/work/chipyard/sims/verilator/generated-src/chipyard.harness.TestHarness.Baseline2CoreConfig/gen-collateral   -DVERILATOR -DVL_TIME_CONTEXT   -fcoroutines -include VTestDriver__pch.h.slow -c -o VTestDriver___024root__DepSet_hbb6e3b65__7__Slow.o VTestDriver___024root__DepSet_hbb6e3b65__7__Slow.cpp
g++   -I.  -MMD -I/usr/share/verilator/include -I/usr/share/verilator/include/vltstd -DVM_COVERAGE=0 -DVM_SC=0 -DVM_TRACE=0 -DVM_TRACE_FST=0 -DVM_TRACE_VCD=0 -faligned-new -fcf-protection=none -Wno-bool-operation -Wno-overloaded-virtual -Wno-shadow -Wno-sign-compare -Wno-uninitialized -Wno-unused-but-set-parameter -Wno-unused-but-set-variable -Wno-unused-parameter -Wno-unused-variable     -O3 -std=c++17 -I/work/riscv/include -I/work/chipyard/tools/DRAMSim2 -I/work/chipyard/sims/verilator/generated-src/chipyard.harness.TestHarness.Baseline2CoreConfig/gen-collateral   -DVERILATOR -DVL_TIME_CONTEXT   -fcoroutines -include VTestDriver__pch.h.slow -c -o VTestDriver___024root__DepSet_hbb6e3b65__8__Slow.o VTestDriver___024root__DepSet_hbb6e3b65__8__Slow.cpp
g++   -I.  -MMD -I/usr/share/verilator/include -I/usr/share/verilator/include/vltstd -DVM_COVERAGE=0 -DVM_SC=0 -DVM_TRACE=0 -DVM_TRACE_FST=0 -DVM_TRACE_VCD=0 -faligned-new -fcf-protection=none -Wno-bool-operation -Wno-overloaded-virtual -Wno-shadow -Wno-sign-compare -Wno-uninitialized -Wno-unused-but-set-parameter -Wno-unused-but-set-variable -Wno-unused-parameter -Wno-unused-variable     -O3 -std=c++17 -I/work/riscv/include -I/work/chipyard/tools/DRAMSim2 -I/work/chipyard/sims/verilator/generated-src/chipyard.harness.TestHarness.Baseline2CoreConfig/gen-collateral   -DVERILATOR -DVL_TIME_CONTEXT   -fcoroutines -include VTestDriver__pch.h.slow -c -o VTestDriver___024root__DepSet_hbb6e3b65__9__Slow.o VTestDriver___024root__DepSet_hbb6e3b65__9__Slow.cpp
g++   -I.  -MMD -I/usr/share/verilator/include -I/usr/share/verilator/include/vltstd -DVM_COVERAGE=0 -DVM_SC=0 -DVM_TRACE=0 -DVM_TRACE_FST=0 -DVM_TRACE_VCD=0 -faligned-new -fcf-protection=none -Wno-bool-operation -Wno-overloaded-virtual -Wno-shadow -Wno-sign-compare -Wno-uninitialized -Wno-unused-but-set-parameter -Wno-unused-but-set-variable -Wno-unused-parameter -Wno-unused-variable     -O3 -std=c++17 -I/work/riscv/include -I/work/chipyard/tools/DRAMSim2 -I/work/chipyard/sims/verilator/generated-src/chipyard.harness.TestHarness.Baseline2CoreConfig/gen-collateral   -DVERILATOR -DVL_TIME_CONTEXT   -fcoroutines -include VTestDriver__pch.h.slow -c -o VTestDriver___024root__DepSet_hbb6e3b65__10__Slow.o VTestDriver___024root__DepSet_hbb6e3b65__10__Slow.cpp
g++   -I.  -MMD -I/usr/share/verilator/include -I/usr/share/verilator/include/vltstd -DVM_COVERAGE=0 -DVM_SC=0 -DVM_TRACE=0 -DVM_TRACE_FST=0 -DVM_TRACE_VCD=0 -faligned-new -fcf-protection=none -Wno-bool-operation -Wno-overloaded-virtual -Wno-shadow -Wno-sign-compare -Wno-uninitialized -Wno-unused-but-set-parameter -Wno-unused-but-set-variable -Wno-unused-parameter -Wno-unused-variable     -O3 -std=c++17 -I/work/riscv/include -I/work/chipyard/tools/DRAMSim2 -I/work/chipyard/sims/verilator/generated-src/chipyard.harness.TestHarness.Baseline2CoreConfig/gen-collateral   -DVERILATOR -DVL_TIME_CONTEXT   -fcoroutines -include VTestDriver__pch.h.slow -c -o VTestDriver___024root__DepSet_hbb6e3b65__11__Slow.o VTestDriver___024root__DepSet_hbb6e3b65__11__Slow.cpp
g++   -I.  -MMD -I/usr/share/verilator/include -I/usr/share/verilator/include/vltstd -DVM_COVERAGE=0 -DVM_SC=0 -DVM_TRACE=0 -DVM_TRACE_FST=0 -DVM_TRACE_VCD=0 -faligned-new -fcf-protection=none -Wno-bool-operation -Wno-overloaded-virtual -Wno-shadow -Wno-sign-compare -Wno-uninitialized -Wno-unused-but-set-parameter -Wno-unused-but-set-variable -Wno-unused-parameter -Wno-unused-variable     -O3 -std=c++17 -I/work/riscv/include -I/work/chipyard/tools/DRAMSim2 -I/work/chipyard/sims/verilator/generated-src/chipyard.harness.TestHarness.Baseline2CoreConfig/gen-collateral   -DVERILATOR -DVL_TIME_CONTEXT   -fcoroutines -include VTestDriver__pch.h.slow -c -o VTestDriver___024root__DepSet_hbb6e3b65__12__Slow.o VTestDriver___024root__DepSet_hbb6e3b65__12__Slow.cpp
g++   -I.  -MMD -I/usr/share/verilator/include -I/usr/share/verilator/include/vltstd -DVM_COVERAGE=0 -DVM_SC=0 -DVM_TRACE=0 -DVM_TRACE_FST=0 -DVM_TRACE_VCD=0 -faligned-new -fcf-protection=none -Wno-bool-operation -Wno-overloaded-virtual -Wno-shadow -Wno-sign-compare -Wno-uninitialized -Wno-unused-but-set-parameter -Wno-unused-but-set-variable -Wno-unused-parameter -Wno-unused-variable     -O3 -std=c++17 -I/work/riscv/include -I/work/chipyard/tools/DRAMSim2 -I/work/chipyard/sims/verilator/generated-src/chipyard.harness.TestHarness.Baseline2CoreConfig/gen-collateral   -DVERILATOR -DVL_TIME_CONTEXT   -fcoroutines -include VTestDriver__pch.h.slow -c -o VTestDriver___024root__DepSet_hbb6e3b65__13__Slow.o VTestDriver___024root__DepSet_hbb6e3b65__13__Slow.cpp
g++   -I.  -MMD -I/usr/share/verilator/include -I/usr/share/verilator/include/vltstd -DVM_COVERAGE=0 -DVM_SC=0 -DVM_TRACE=0 -DVM_TRACE_FST=0 -DVM_TRACE_VCD=0 -faligned-new -fcf-protection=none -Wno-bool-operation -Wno-overloaded-virtual -Wno-shadow -Wno-sign-compare -Wno-uninitialized -Wno-unused-but-set-parameter -Wno-unused-but-set-variable -Wno-unused-parameter -Wno-unused-variable     -O3 -std=c++17 -I/work/riscv/include -I/work/chipyard/tools/DRAMSim2 -I/work/chipyard/sims/verilator/generated-src/chipyard.harness.TestHarness.Baseline2CoreConfig/gen-collateral   -DVERILATOR -DVL_TIME_CONTEXT   -fcoroutines -include VTestDriver__pch.h.slow -c -o VTestDriver___024root__DepSet_hbb6e3b65__14__Slow.o VTestDriver___024root__DepSet_hbb6e3b65__14__Slow.cpp
g++   -I.  -MMD -I/usr/share/verilator/include -I/usr/share/verilator/include/vltstd -DVM_COVERAGE=0 -DVM_SC=0 -DVM_TRACE=0 -DVM_TRACE_FST=0 -DVM_TRACE_VCD=0 -faligned-new -fcf-protection=none -Wno-bool-operation -Wno-overloaded-virtual -Wno-shadow -Wno-sign-compare -Wno-uninitialized -Wno-unused-but-set-parameter -Wno-unused-but-set-variable -Wno-unused-parameter -Wno-unused-variable     -O3 -std=c++17 -I/work/riscv/include -I/work/chipyard/tools/DRAMSim2 -I/work/chipyard/sims/verilator/generated-src/chipyard.harness.TestHarness.Baseline2CoreConfig/gen-collateral   -DVERILATOR -DVL_TIME_CONTEXT   -fcoroutines -include VTestDriver__pch.h.slow -c -o VTestDriver___024root__DepSet_hbb6e3b65__15__Slow.o VTestDriver___024root__DepSet_hbb6e3b65__15__Slow.cpp
g++   -I.  -MMD -I/usr/share/verilator/include -I/usr/share/verilator/include/vltstd -DVM_COVERAGE=0 -DVM_SC=0 -DVM_TRACE=0 -DVM_TRACE_FST=0 -DVM_TRACE_VCD=0 -faligned-new -fcf-protection=none -Wno-bool-operation -Wno-overloaded-virtual -Wno-shadow -Wno-sign-compare -Wno-uninitialized -Wno-unused-but-set-parameter -Wno-unused-but-set-variable -Wno-unused-parameter -Wno-unused-variable     -O3 -std=c++17 -I/work/riscv/include -I/work/chipyard/tools/DRAMSim2 -I/work/chipyard/sims/verilator/generated-src/chipyard.harness.TestHarness.Baseline2CoreConfig/gen-collateral   -DVERILATOR -DVL_TIME_CONTEXT   -fcoroutines -include VTestDriver__pch.h.slow -c -o VTestDriver___024root__DepSet_hbb6e3b65__16__Slow.o VTestDriver___024root__DepSet_hbb6e3b65__16__Slow.cpp
g++   -I.  -MMD -I/usr/share/verilator/include -I/usr/share/verilator/include/vltstd -DVM_COVERAGE=0 -DVM_SC=0 -DVM_TRACE=0 -DVM_TRACE_FST=0 -DVM_TRACE_VCD=0 -faligned-new -fcf-protection=none -Wno-bool-operation -Wno-overloaded-virtual -Wno-shadow -Wno-sign-compare -Wno-uninitialized -Wno-unused-but-set-parameter -Wno-unused-but-set-variable -Wno-unused-parameter -Wno-unused-variable     -O3 -std=c++17 -I/work/riscv/include -I/work/chipyard/tools/DRAMSim2 -I/work/chipyard/sims/verilator/generated-src/chipyard.harness.TestHarness.Baseline2CoreConfig/gen-collateral   -DVERILATOR -DVL_TIME_CONTEXT   -fcoroutines -include VTestDriver__pch.h.slow -c -o VTestDriver___024root__DepSet_hbb6e3b65__17__Slow.o VTestDriver___024root__DepSet_hbb6e3b65__17__Slow.cpp
g++   -I.  -MMD -I/usr/share/verilator/include -I/usr/share/verilator/include/vltstd -DVM_COVERAGE=0 -DVM_SC=0 -DVM_TRACE=0 -DVM_TRACE_FST=0 -DVM_TRACE_VCD=0 -faligned-new -fcf-protection=none -Wno-bool-operation -Wno-overloaded-virtual -Wno-shadow -Wno-sign-compare -Wno-uninitialized -Wno-unused-but-set-parameter -Wno-unused-but-set-variable -Wno-unused-parameter -Wno-unused-variable     -O3 -std=c++17 -I/work/riscv/include -I/work/chipyard/tools/DRAMSim2 -I/work/chipyard/sims/verilator/generated-src/chipyard.harness.TestHarness.Baseline2CoreConfig/gen-collateral   -DVERILATOR -DVL_TIME_CONTEXT   -fcoroutines -include VTestDriver__pch.h.slow -c -o VTestDriver___024root__DepSet_hbb6e3b65__18__Slow.o VTestDriver___024root__DepSet_hbb6e3b65__18__Slow.cpp
g++   -I.  -MMD -I/usr/share/verilator/include -I/usr/share/verilator/include/vltstd -DVM_COVERAGE=0 -DVM_SC=0 -DVM_TRACE=0 -DVM_TRACE_FST=0 -DVM_TRACE_VCD=0 -faligned-new -fcf-protection=none -Wno-bool-operation -Wno-overloaded-virtual -Wno-shadow -Wno-sign-compare -Wno-uninitialized -Wno-unused-but-set-parameter -Wno-unused-but-set-variable -Wno-unused-parameter -Wno-unused-variable     -O3 -std=c++17 -I/work/riscv/include -I/work/chipyard/tools/DRAMSim2 -I/work/chipyard/sims/verilator/generated-src/chipyard.harness.TestHarness.Baseline2CoreConfig/gen-collateral   -DVERILATOR -DVL_TIME_CONTEXT   -fcoroutines -include VTestDriver__pch.h.slow -c -o VTestDriver___024root__DepSet_hbb6e3b65__19__Slow.o VTestDriver___024root__DepSet_hbb6e3b65__19__Slow.cpp
g++   -I.  -MMD -I/usr/share/verilator/include -I/usr/share/verilator/include/vltstd -DVM_COVERAGE=0 -DVM_SC=0 -DVM_TRACE=0 -DVM_TRACE_FST=0 -DVM_TRACE_VCD=0 -faligned-new -fcf-protection=none -Wno-bool-operation -Wno-overloaded-virtual -Wno-shadow -Wno-sign-compare -Wno-uninitialized -Wno-unused-but-set-parameter -Wno-unused-but-set-variable -Wno-unused-parameter -Wno-unused-variable     -O3 -std=c++17 -I/work/riscv/include -I/work/chipyard/tools/DRAMSim2 -I/work/chipyard/sims/verilator/generated-src/chipyard.harness.TestHarness.Baseline2CoreConfig/gen-collateral   -DVERILATOR -DVL_TIME_CONTEXT   -fcoroutines -include VTestDriver__pch.h.slow -c -o VTestDriver___024root__DepSet_hbb6e3b65__20__Slow.o VTestDriver___024root__DepSet_hbb6e3b65__20__Slow.cpp
g++   -I.  -MMD -I/usr/share/verilator/include -I/usr/share/verilator/include/vltstd -DVM_COVERAGE=0 -DVM_SC=0 -DVM_TRACE=0 -DVM_TRACE_FST=0 -DVM_TRACE_VCD=0 -faligned-new -fcf-protection=none -Wno-bool-operation -Wno-overloaded-virtual -Wno-shadow -Wno-sign-compare -Wno-uninitialized -Wno-unused-but-set-parameter -Wno-unused-but-set-variable -Wno-unused-parameter -Wno-unused-variable     -O3 -std=c++17 -I/work/riscv/include -I/work/chipyard/tools/DRAMSim2 -I/work/chipyard/sims/verilator/generated-src/chipyard.harness.TestHarness.Baseline2CoreConfig/gen-collateral   -DVERILATOR -DVL_TIME_CONTEXT   -fcoroutines -include VTestDriver__pch.h.slow -c -o VTestDriver___024root__DepSet_hbb6e3b65__21__Slow.o VTestDriver___024root__DepSet_hbb6e3b65__21__Slow.cpp
g++   -I.  -MMD -I/usr/share/verilator/include -I/usr/share/verilator/include/vltstd -DVM_COVERAGE=0 -DVM_SC=0 -DVM_TRACE=0 -DVM_TRACE_FST=0 -DVM_TRACE_VCD=0 -faligned-new -fcf-protection=none -Wno-bool-operation -Wno-overloaded-virtual -Wno-shadow -Wno-sign-compare -Wno-uninitialized -Wno-unused-but-set-parameter -Wno-unused-but-set-variable -Wno-unused-parameter -Wno-unused-variable     -O3 -std=c++17 -I/work/riscv/include -I/work/chipyard/tools/DRAMSim2 -I/work/chipyard/sims/verilator/generated-src/chipyard.harness.TestHarness.Baseline2CoreConfig/gen-collateral   -DVERILATOR -DVL_TIME_CONTEXT   -fcoroutines -include VTestDriver__pch.h.slow -c -o VTestDriver___024root__DepSet_hbb6e3b65__22__Slow.o VTestDriver___024root__DepSet_hbb6e3b65__22__Slow.cpp
g++   -I.  -MMD -I/usr/share/verilator/include -I/usr/share/verilator/include/vltstd -DVM_COVERAGE=0 -DVM_SC=0 -DVM_TRACE=0 -DVM_TRACE_FST=0 -DVM_TRACE_VCD=0 -faligned-new -fcf-protection=none -Wno-bool-operation -Wno-overloaded-virtual -Wno-shadow -Wno-sign-compare -Wno-uninitialized -Wno-unused-but-set-parameter -Wno-unused-but-set-variable -Wno-unused-parameter -Wno-unused-variable     -O3 -std=c++17 -I/work/riscv/include -I/work/chipyard/tools/DRAMSim2 -I/work/chipyard/sims/verilator/generated-src/chipyard.harness.TestHarness.Baseline2CoreConfig/gen-collateral   -DVERILATOR -DVL_TIME_CONTEXT   -fcoroutines -include VTestDriver__pch.h.slow -c -o VTestDriver___024root__DepSet_hbb6e3b65__23__Slow.o VTestDriver___024root__DepSet_hbb6e3b65__23__Slow.cpp
g++   -I.  -MMD -I/usr/share/verilator/include -I/usr/share/verilator/include/vltstd -DVM_COVERAGE=0 -DVM_SC=0 -DVM_TRACE=0 -DVM_TRACE_FST=0 -DVM_TRACE_VCD=0 -faligned-new -fcf-protection=none -Wno-bool-operation -Wno-overloaded-virtual -Wno-shadow -Wno-sign-compare -Wno-uninitialized -Wno-unused-but-set-parameter -Wno-unused-but-set-variable -Wno-unused-parameter -Wno-unused-variable     -O3 -std=c++17 -I/work/riscv/include -I/work/chipyard/tools/DRAMSim2 -I/work/chipyard/sims/verilator/generated-src/chipyard.harness.TestHarness.Baseline2CoreConfig/gen-collateral   -DVERILATOR -DVL_TIME_CONTEXT   -fcoroutines -include VTestDriver__pch.h.slow -c -o VTestDriver___024root__DepSet_hbb6e3b65__24__Slow.o VTestDriver___024root__DepSet_hbb6e3b65__24__Slow.cpp
g++   -I.  -MMD -I/usr/share/verilator/include -I/usr/share/verilator/include/vltstd -DVM_COVERAGE=0 -DVM_SC=0 -DVM_TRACE=0 -DVM_TRACE_FST=0 -DVM_TRACE_VCD=0 -faligned-new -fcf-protection=none -Wno-bool-operation -Wno-overloaded-virtual -Wno-shadow -Wno-sign-compare -Wno-uninitialized -Wno-unused-but-set-parameter -Wno-unused-but-set-variable -Wno-unused-parameter -Wno-unused-variable     -O3 -std=c++17 -I/work/riscv/include -I/work/chipyard/tools/DRAMSim2 -I/work/chipyard/sims/verilator/generated-src/chipyard.harness.TestHarness.Baseline2CoreConfig/gen-collateral   -DVERILATOR -DVL_TIME_CONTEXT   -fcoroutines -include VTestDriver__pch.h.slow -c -o VTestDriver___024root__DepSet_hbb6e3b65__25__Slow.o VTestDriver___024root__DepSet_hbb6e3b65__25__Slow.cpp
g++   -I.  -MMD -I/usr/share/verilator/include -I/usr/share/verilator/include/vltstd -DVM_COVERAGE=0 -DVM_SC=0 -DVM_TRACE=0 -DVM_TRACE_FST=0 -DVM_TRACE_VCD=0 -faligned-new -fcf-protection=none -Wno-bool-operation -Wno-overloaded-virtual -Wno-shadow -Wno-sign-compare -Wno-uninitialized -Wno-unused-but-set-parameter -Wno-unused-but-set-variable -Wno-unused-parameter -Wno-unused-variable     -O3 -std=c++17 -I/work/riscv/include -I/work/chipyard/tools/DRAMSim2 -I/work/chipyard/sims/verilator/generated-src/chipyard.harness.TestHarness.Baseline2CoreConfig/gen-collateral   -DVERILATOR -DVL_TIME_CONTEXT   -fcoroutines -include VTestDriver__pch.h.slow -c -o VTestDriver___024root__DepSet_hbb6e3b65__26__Slow.o VTestDriver___024root__DepSet_hbb6e3b65__26__Slow.cpp
g++   -I.  -MMD -I/usr/share/verilator/include -I/usr/share/verilator/include/vltstd -DVM_COVERAGE=0 -DVM_SC=0 -DVM_TRACE=0 -DVM_TRACE_FST=0 -DVM_TRACE_VCD=0 -faligned-new -fcf-protection=none -Wno-bool-operation -Wno-overloaded-virtual -Wno-shadow -Wno-sign-compare -Wno-uninitialized -Wno-unused-but-set-parameter -Wno-unused-but-set-variable -Wno-unused-parameter -Wno-unused-variable     -O3 -std=c++17 -I/work/riscv/include -I/work/chipyard/tools/DRAMSim2 -I/work/chipyard/sims/verilator/generated-src/chipyard.harness.TestHarness.Baseline2CoreConfig/gen-collateral   -DVERILATOR -DVL_TIME_CONTEXT   -fcoroutines -include VTestDriver__pch.h.slow -c -o VTestDriver___024root__DepSet_hbb6e3b65__27__Slow.o VTestDriver___024root__DepSet_hbb6e3b65__27__Slow.cpp
g++   -I.  -MMD -I/usr/share/verilator/include -I/usr/share/verilator/include/vltstd -DVM_COVERAGE=0 -DVM_SC=0 -DVM_TRACE=0 -DVM_TRACE_FST=0 -DVM_TRACE_VCD=0 -faligned-new -fcf-protection=none -Wno-bool-operation -Wno-overloaded-virtual -Wno-shadow -Wno-sign-compare -Wno-uninitialized -Wno-unused-but-set-parameter -Wno-unused-but-set-variable -Wno-unused-parameter -Wno-unused-variable     -O3 -std=c++17 -I/work/riscv/include -I/work/chipyard/tools/DRAMSim2 -I/work/chipyard/sims/verilator/generated-src/chipyard.harness.TestHarness.Baseline2CoreConfig/gen-collateral   -DVERILATOR -DVL_TIME_CONTEXT   -fcoroutines -include VTestDriver__pch.h.slow -c -o VTestDriver___024root__DepSet_hbb6e3b65__28__Slow.o VTestDriver___024root__DepSet_hbb6e3b65__28__Slow.cpp
g++   -I.  -MMD -I/usr/share/verilator/include -I/usr/share/verilator/include/vltstd -DVM_COVERAGE=0 -DVM_SC=0 -DVM_TRACE=0 -DVM_TRACE_FST=0 -DVM_TRACE_VCD=0 -faligned-new -fcf-protection=none -Wno-bool-operation -Wno-overloaded-virtual -Wno-shadow -Wno-sign-compare -Wno-uninitialized -Wno-unused-but-set-parameter -Wno-unused-but-set-variable -Wno-unused-parameter -Wno-unused-variable     -O3 -std=c++17 -I/work/riscv/include -I/work/chipyard/tools/DRAMSim2 -I/work/chipyard/sims/verilator/generated-src/chipyard.harness.TestHarness.Baseline2CoreConfig/gen-collateral   -DVERILATOR -DVL_TIME_CONTEXT   -fcoroutines -include VTestDriver__pch.h.slow -c -o VTestDriver___024root__DepSet_hbb6e3b65__29__Slow.o VTestDriver___024root__DepSet_hbb6e3b65__29__Slow.cpp
g++   -I.  -MMD -I/usr/share/verilator/include -I/usr/share/verilator/include/vltstd -DVM_COVERAGE=0 -DVM_SC=0 -DVM_TRACE=0 -DVM_TRACE_FST=0 -DVM_TRACE_VCD=0 -faligned-new -fcf-protection=none -Wno-bool-operation -Wno-overloaded-virtual -Wno-shadow -Wno-sign-compare -Wno-uninitialized -Wno-unused-but-set-parameter -Wno-unused-but-set-variable -Wno-unused-parameter -Wno-unused-variable     -O3 -std=c++17 -I/work/riscv/include -I/work/chipyard/tools/DRAMSim2 -I/work/chipyard/sims/verilator/generated-src/chipyard.harness.TestHarness.Baseline2CoreConfig/gen-collateral   -DVERILATOR -DVL_TIME_CONTEXT   -fcoroutines -include VTestDriver__pch.h.slow -c -o VTestDriver___024root__DepSet_hbb6e3b65__30__Slow.o VTestDriver___024root__DepSet_hbb6e3b65__30__Slow.cpp
g++   -I.  -MMD -I/usr/share/verilator/include -I/usr/share/verilator/include/vltstd -DVM_COVERAGE=0 -DVM_SC=0 -DVM_TRACE=0 -DVM_TRACE_FST=0 -DVM_TRACE_VCD=0 -faligned-new -fcf-protection=none -Wno-bool-operation -Wno-overloaded-virtual -Wno-shadow -Wno-sign-compare -Wno-uninitialized -Wno-unused-but-set-parameter -Wno-unused-but-set-variable -Wno-unused-parameter -Wno-unused-variable     -O3 -std=c++17 -I/work/riscv/include -I/work/chipyard/tools/DRAMSim2 -I/work/chipyard/sims/verilator/generated-src/chipyard.harness.TestHarness.Baseline2CoreConfig/gen-collateral   -DVERILATOR -DVL_TIME_CONTEXT   -fcoroutines -include VTestDriver__pch.h.slow -c -o VTestDriver___024root__DepSet_hbb6e3b65__31__Slow.o VTestDriver___024root__DepSet_hbb6e3b65__31__Slow.cpp
g++   -I.  -MMD -I/usr/share/verilator/include -I/usr/share/verilator/include/vltstd -DVM_COVERAGE=0 -DVM_SC=0 -DVM_TRACE=0 -DVM_TRACE_FST=0 -DVM_TRACE_VCD=0 -faligned-new -fcf-protection=none -Wno-bool-operation -Wno-overloaded-virtual -Wno-shadow -Wno-sign-compare -Wno-uninitialized -Wno-unused-but-set-parameter -Wno-unused-but-set-variable -Wno-unused-parameter -Wno-unused-variable     -O3 -std=c++17 -I/work/riscv/include -I/work/chipyard/tools/DRAMSim2 -I/work/chipyard/sims/verilator/generated-src/chipyard.harness.TestHarness.Baseline2CoreConfig/gen-collateral   -DVERILATOR -DVL_TIME_CONTEXT   -fcoroutines -include VTestDriver__pch.h.slow -c -o VTestDriver___024root__DepSet_hbb6e3b65__32__Slow.o VTestDriver___024root__DepSet_hbb6e3b65__32__Slow.cpp
g++   -I.  -MMD -I/usr/share/verilator/include -I/usr/share/verilator/include/vltstd -DVM_COVERAGE=0 -DVM_SC=0 -DVM_TRACE=0 -DVM_TRACE_FST=0 -DVM_TRACE_VCD=0 -faligned-new -fcf-protection=none -Wno-bool-operation -Wno-overloaded-virtual -Wno-shadow -Wno-sign-compare -Wno-uninitialized -Wno-unused-but-set-parameter -Wno-unused-but-set-variable -Wno-unused-parameter -Wno-unused-variable     -O3 -std=c++17 -I/work/riscv/include -I/work/chipyard/tools/DRAMSim2 -I/work/chipyard/sims/verilator/generated-src/chipyard.harness.TestHarness.Baseline2CoreConfig/gen-collateral   -DVERILATOR -DVL_TIME_CONTEXT   -fcoroutines -include VTestDriver__pch.h.slow -c -o VTestDriver___024root__DepSet_hbb6e3b65__33__Slow.o VTestDriver___024root__DepSet_hbb6e3b65__33__Slow.cpp
g++   -I.  -MMD -I/usr/share/verilator/include -I/usr/share/verilator/include/vltstd -DVM_COVERAGE=0 -DVM_SC=0 -DVM_TRACE=0 -DVM_TRACE_FST=0 -DVM_TRACE_VCD=0 -faligned-new -fcf-protection=none -Wno-bool-operation -Wno-overloaded-virtual -Wno-shadow -Wno-sign-compare -Wno-uninitialized -Wno-unused-but-set-parameter -Wno-unused-but-set-variable -Wno-unused-parameter -Wno-unused-variable     -O3 -std=c++17 -I/work/riscv/include -I/work/chipyard/tools/DRAMSim2 -I/work/chipyard/sims/verilator/generated-src/chipyard.harness.TestHarness.Baseline2CoreConfig/gen-collateral   -DVERILATOR -DVL_TIME_CONTEXT   -fcoroutines -include VTestDriver__pch.h.slow -c -o VTestDriver___024root__DepSet_hbb6e3b65__34__Slow.o VTestDriver___024root__DepSet_hbb6e3b65__34__Slow.cpp
g++   -I.  -MMD -I/usr/share/verilator/include -I/usr/share/verilator/include/vltstd -DVM_COVERAGE=0 -DVM_SC=0 -DVM_TRACE=0 -DVM_TRACE_FST=0 -DVM_TRACE_VCD=0 -faligned-new -fcf-protection=none -Wno-bool-operation -Wno-overloaded-virtual -Wno-shadow -Wno-sign-compare -Wno-uninitialized -Wno-unused-but-set-parameter -Wno-unused-but-set-variable -Wno-unused-parameter -Wno-unused-variable     -O3 -std=c++17 -I/work/riscv/include -I/work/chipyard/tools/DRAMSim2 -I/work/chipyard/sims/verilator/generated-src/chipyard.harness.TestHarness.Baseline2CoreConfig/gen-collateral   -DVERILATOR -DVL_TIME_CONTEXT   -fcoroutines -include VTestDriver__pch.h.slow -c -o VTestDriver___024root__DepSet_hbb6e3b65__35__Slow.o VTestDriver___024root__DepSet_hbb6e3b65__35__Slow.cpp
g++   -I.  -MMD -I/usr/share/verilator/include -I/usr/share/verilator/include/vltstd -DVM_COVERAGE=0 -DVM_SC=0 -DVM_TRACE=0 -DVM_TRACE_FST=0 -DVM_TRACE_VCD=0 -faligned-new -fcf-protection=none -Wno-bool-operation -Wno-overloaded-virtual -Wno-shadow -Wno-sign-compare -Wno-uninitialized -Wno-unused-but-set-parameter -Wno-unused-but-set-variable -Wno-unused-parameter -Wno-unused-variable     -O3 -std=c++17 -I/work/riscv/include -I/work/chipyard/tools/DRAMSim2 -I/work/chipyard/sims/verilator/generated-src/chipyard.harness.TestHarness.Baseline2CoreConfig/gen-collateral   -DVERILATOR -DVL_TIME_CONTEXT   -fcoroutines -include VTestDriver__pch.h.slow -c -o VTestDriver___024root__DepSet_hbb6e3b65__36__Slow.o VTestDriver___024root__DepSet_hbb6e3b65__36__Slow.cpp
g++   -I.  -MMD -I/usr/share/verilator/include -I/usr/share/verilator/include/vltstd -DVM_COVERAGE=0 -DVM_SC=0 -DVM_TRACE=0 -DVM_TRACE_FST=0 -DVM_TRACE_VCD=0 -faligned-new -fcf-protection=none -Wno-bool-operation -Wno-overloaded-virtual -Wno-shadow -Wno-sign-compare -Wno-uninitialized -Wno-unused-but-set-parameter -Wno-unused-but-set-variable -Wno-unused-parameter -Wno-unused-variable     -O3 -std=c++17 -I/work/riscv/include -I/work/chipyard/tools/DRAMSim2 -I/work/chipyard/sims/verilator/generated-src/chipyard.harness.TestHarness.Baseline2CoreConfig/gen-collateral   -DVERILATOR -DVL_TIME_CONTEXT   -fcoroutines -include VTestDriver__pch.h.slow -c -o VTestDriver___024root__DepSet_hbb6e3b65__37__Slow.o VTestDriver___024root__DepSet_hbb6e3b65__37__Slow.cpp
g++   -I.  -MMD -I/usr/share/verilator/include -I/usr/share/verilator/include/vltstd -DVM_COVERAGE=0 -DVM_SC=0 -DVM_TRACE=0 -DVM_TRACE_FST=0 -DVM_TRACE_VCD=0 -faligned-new -fcf-protection=none -Wno-bool-operation -Wno-overloaded-virtual -Wno-shadow -Wno-sign-compare -Wno-uninitialized -Wno-unused-but-set-parameter -Wno-unused-but-set-variable -Wno-unused-parameter -Wno-unused-variable     -O3 -std=c++17 -I/work/riscv/include -I/work/chipyard/tools/DRAMSim2 -I/work/chipyard/sims/verilator/generated-src/chipyard.harness.TestHarness.Baseline2CoreConfig/gen-collateral   -DVERILATOR -DVL_TIME_CONTEXT   -fcoroutines -include VTestDriver__pch.h.slow -c -o VTestDriver___024root__DepSet_hbb6e3b65__38__Slow.o VTestDriver___024root__DepSet_hbb6e3b65__38__Slow.cpp
g++   -I.  -MMD -I/usr/share/verilator/include -I/usr/share/verilator/include/vltstd -DVM_COVERAGE=0 -DVM_SC=0 -DVM_TRACE=0 -DVM_TRACE_FST=0 -DVM_TRACE_VCD=0 -faligned-new -fcf-protection=none -Wno-bool-operation -Wno-overloaded-virtual -Wno-shadow -Wno-sign-compare -Wno-uninitialized -Wno-unused-but-set-parameter -Wno-unused-but-set-variable -Wno-unused-parameter -Wno-unused-variable     -O3 -std=c++17 -I/work/riscv/include -I/work/chipyard/tools/DRAMSim2 -I/work/chipyard/sims/verilator/generated-src/chipyard.harness.TestHarness.Baseline2CoreConfig/gen-collateral   -DVERILATOR -DVL_TIME_CONTEXT   -fcoroutines -include VTestDriver__pch.h.slow -c -o VTestDriver___024root__DepSet_hbb6e3b65__39__Slow.o VTestDriver___024root__DepSet_hbb6e3b65__39__Slow.cpp
g++   -I.  -MMD -I/usr/share/verilator/include -I/usr/share/verilator/include/vltstd -DVM_COVERAGE=0 -DVM_SC=0 -DVM_TRACE=0 -DVM_TRACE_FST=0 -DVM_TRACE_VCD=0 -faligned-new -fcf-protection=none -Wno-bool-operation -Wno-overloaded-virtual -Wno-shadow -Wno-sign-compare -Wno-uninitialized -Wno-unused-but-set-parameter -Wno-unused-but-set-variable -Wno-unused-parameter -Wno-unused-variable     -O3 -std=c++17 -I/work/riscv/include -I/work/chipyard/tools/DRAMSim2 -I/work/chipyard/sims/verilator/generated-src/chipyard.harness.TestHarness.Baseline2CoreConfig/gen-collateral   -DVERILATOR -DVL_TIME_CONTEXT   -fcoroutines -include VTestDriver__pch.h.slow -c -o VTestDriver___024root__DepSet_hbb6e3b65__40__Slow.o VTestDriver___024root__DepSet_hbb6e3b65__40__Slow.cpp
g++   -I.  -MMD -I/usr/share/verilator/include -I/usr/share/verilator/include/vltstd -DVM_COVERAGE=0 -DVM_SC=0 -DVM_TRACE=0 -DVM_TRACE_FST=0 -DVM_TRACE_VCD=0 -faligned-new -fcf-protection=none -Wno-bool-operation -Wno-overloaded-virtual -Wno-shadow -Wno-sign-compare -Wno-uninitialized -Wno-unused-but-set-parameter -Wno-unused-but-set-variable -Wno-unused-parameter -Wno-unused-variable     -O3 -std=c++17 -I/work/riscv/include -I/work/chipyard/tools/DRAMSim2 -I/work/chipyard/sims/verilator/generated-src/chipyard.harness.TestHarness.Baseline2CoreConfig/gen-collateral   -DVERILATOR -DVL_TIME_CONTEXT   -fcoroutines -include VTestDriver__pch.h.slow -c -o VTestDriver___024unit__Slow.o VTestDriver___024unit__Slow.cpp
g++   -I.  -MMD -I/usr/share/verilator/include -I/usr/share/verilator/include/vltstd -DVM_COVERAGE=0 -DVM_SC=0 -DVM_TRACE=0 -DVM_TRACE_FST=0 -DVM_TRACE_VCD=0 -faligned-new -fcf-protection=none -Wno-bool-operation -Wno-overloaded-virtual -Wno-shadow -Wno-sign-compare -Wno-uninitialized -Wno-unused-but-set-parameter -Wno-unused-but-set-variable -Wno-unused-parameter -Wno-unused-variable     -O3 -std=c++17 -I/work/riscv/include -I/work/chipyard/tools/DRAMSim2 -I/work/chipyard/sims/verilator/generated-src/chipyard.harness.TestHarness.Baseline2CoreConfig/gen-collateral   -DVERILATOR -DVL_TIME_CONTEXT   -fcoroutines -include VTestDriver__pch.h.slow -c -o VTestDriver___024unit__DepSet_h44496666__0__Slow.o VTestDriver___024unit__DepSet_h44496666__0__Slow.cpp
g++   -I.  -MMD -I/usr/share/verilator/include -I/usr/share/verilator/include/vltstd -DVM_COVERAGE=0 -DVM_SC=0 -DVM_TRACE=0 -DVM_TRACE_FST=0 -DVM_TRACE_VCD=0 -faligned-new -fcf-protection=none -Wno-bool-operation -Wno-overloaded-virtual -Wno-shadow -Wno-sign-compare -Wno-uninitialized -Wno-unused-but-set-parameter -Wno-unused-but-set-variable -Wno-unused-parameter -Wno-unused-variable     -O3 -std=c++17 -I/work/riscv/include -I/work/chipyard/tools/DRAMSim2 -I/work/chipyard/sims/verilator/generated-src/chipyard.harness.TestHarness.Baseline2CoreConfig/gen-collateral   -DVERILATOR -DVL_TIME_CONTEXT   -fcoroutines -include VTestDriver__pch.h.slow -c -o VTestDriver__Syms.o VTestDriver__Syms.cpp
g++   -I.  -MMD -I/usr/share/verilator/include -I/usr/share/verilator/include/vltstd -DVM_COVERAGE=0 -DVM_SC=0 -DVM_TRACE=0 -DVM_TRACE_FST=0 -DVM_TRACE_VCD=0 -faligned-new -fcf-protection=none -Wno-bool-operation -Wno-overloaded-virtual -Wno-shadow -Wno-sign-compare -Wno-uninitialized -Wno-unused-but-set-parameter -Wno-unused-but-set-variable -Wno-unused-parameter -Wno-unused-variable     -O3 -std=c++17 -I/work/riscv/include -I/work/chipyard/tools/DRAMSim2 -I/work/chipyard/sims/verilator/generated-src/chipyard.harness.TestHarness.Baseline2CoreConfig/gen-collateral   -DVERILATOR -DVL_TIME_CONTEXT   -fcoroutines -include VTestDriver__pch.h.slow -c -o VTestDriver__Syms__1.o VTestDriver__Syms__1.cpp
g++ -Os  -I.  -MMD -I/usr/share/verilator/include -I/usr/share/verilator/include/vltstd -DVM_COVERAGE=0 -DVM_SC=0 -DVM_TRACE=0 -DVM_TRACE_FST=0 -DVM_TRACE_VCD=0 -faligned-new -fcf-protection=none -Wno-bool-operation -Wno-overloaded-virtual -Wno-shadow -Wno-sign-compare -Wno-uninitialized -Wno-unused-but-set-parameter -Wno-unused-but-set-variable -Wno-unused-parameter -Wno-unused-variable     -O3 -std=c++17 -I/work/riscv/include -I/work/chipyard/tools/DRAMSim2 -I/work/chipyard/sims/verilator/generated-src/chipyard.harness.TestHarness.Baseline2CoreConfig/gen-collateral   -DVERILATOR -DVL_TIME_CONTEXT   -fcoroutines -include VTestDriver__pch.h.fast -c -o VTestDriver.o VTestDriver.cpp
g++ -Os  -I.  -MMD -I/usr/share/verilator/include -I/usr/share/verilator/include/vltstd -DVM_COVERAGE=0 -DVM_SC=0 -DVM_TRACE=0 -DVM_TRACE_FST=0 -DVM_TRACE_VCD=0 -faligned-new -fcf-protection=none -Wno-bool-operation -Wno-overloaded-virtual -Wno-shadow -Wno-sign-compare -Wno-uninitialized -Wno-unused-but-set-parameter -Wno-unused-but-set-variable -Wno-unused-parameter -Wno-unused-variable     -O3 -std=c++17 -I/work/riscv/include -I/work/chipyard/tools/DRAMSim2 -I/work/chipyard/sims/verilator/generated-src/chipyard.harness.TestHarness.Baseline2CoreConfig/gen-collateral   -DVERILATOR -DVL_TIME_CONTEXT   -fcoroutines -include VTestDriver__pch.h.fast -c -o VTestDriver___024root__DepSet_h662e1026__0.o VTestDriver___024root__DepSet_h662e1026__0.cpp
g++ -Os  -I.  -MMD -I/usr/share/verilator/include -I/usr/share/verilator/include/vltstd -DVM_COVERAGE=0 -DVM_SC=0 -DVM_TRACE=0 -DVM_TRACE_FST=0 -DVM_TRACE_VCD=0 -faligned-new -fcf-protection=none -Wno-bool-operation -Wno-overloaded-virtual -Wno-shadow -Wno-sign-compare -Wno-uninitialized -Wno-unused-but-set-parameter -Wno-unused-but-set-variable -Wno-unused-parameter -Wno-unused-variable     -O3 -std=c++17 -I/work/riscv/include -I/work/chipyard/tools/DRAMSim2 -I/work/chipyard/sims/verilator/generated-src/chipyard.harness.TestHarness.Baseline2CoreConfig/gen-collateral   -DVERILATOR -DVL_TIME_CONTEXT   -fcoroutines -include VTestDriver__pch.h.fast -c -o VTestDriver___024root__DepSet_h662e1026__1.o VTestDriver___024root__DepSet_h662e1026__1.cpp
g++ -Os  -I.  -MMD -I/usr/share/verilator/include -I/usr/share/verilator/include/vltstd -DVM_COVERAGE=0 -DVM_SC=0 -DVM_TRACE=0 -DVM_TRACE_FST=0 -DVM_TRACE_VCD=0 -faligned-new -fcf-protection=none -Wno-bool-operation -Wno-overloaded-virtual -Wno-shadow -Wno-sign-compare -Wno-uninitialized -Wno-unused-but-set-parameter -Wno-unused-but-set-variable -Wno-unused-parameter -Wno-unused-variable     -O3 -std=c++17 -I/work/riscv/include -I/work/chipyard/tools/DRAMSim2 -I/work/chipyard/sims/verilator/generated-src/chipyard.harness.TestHarness.Baseline2CoreConfig/gen-collateral   -DVERILATOR -DVL_TIME_CONTEXT   -fcoroutines -include VTestDriver__pch.h.fast -c -o VTestDriver___024root__DepSet_h662e1026__2.o VTestDriver___024root__DepSet_h662e1026__2.cpp
g++ -Os  -I.  -MMD -I/usr/share/verilator/include -I/usr/share/verilator/include/vltstd -DVM_COVERAGE=0 -DVM_SC=0 -DVM_TRACE=0 -DVM_TRACE_FST=0 -DVM_TRACE_VCD=0 -faligned-new -fcf-protection=none -Wno-bool-operation -Wno-overloaded-virtual -Wno-shadow -Wno-sign-compare -Wno-uninitialized -Wno-unused-but-set-parameter -Wno-unused-but-set-variable -Wno-unused-parameter -Wno-unused-variable     -O3 -std=c++17 -I/work/riscv/include -I/work/chipyard/tools/DRAMSim2 -I/work/chipyard/sims/verilator/generated-src/chipyard.harness.TestHarness.Baseline2CoreConfig/gen-collateral   -DVERILATOR -DVL_TIME_CONTEXT   -fcoroutines -include VTestDriver__pch.h.fast -c -o VTestDriver___024root__DepSet_h662e1026__3.o VTestDriver___024root__DepSet_h662e1026__3.cpp
g++ -Os  -I.  -MMD -I/usr/share/verilator/include -I/usr/share/verilator/include/vltstd -DVM_COVERAGE=0 -DVM_SC=0 -DVM_TRACE=0 -DVM_TRACE_FST=0 -DVM_TRACE_VCD=0 -faligned-new -fcf-protection=none -Wno-bool-operation -Wno-overloaded-virtual -Wno-shadow -Wno-sign-compare -Wno-uninitialized -Wno-unused-but-set-parameter -Wno-unused-but-set-variable -Wno-unused-parameter -Wno-unused-variable     -O3 -std=c++17 -I/work/riscv/include -I/work/chipyard/tools/DRAMSim2 -I/work/chipyard/sims/verilator/generated-src/chipyard.harness.TestHarness.Baseline2CoreConfig/gen-collateral   -DVERILATOR -DVL_TIME_CONTEXT   -fcoroutines -include VTestDriver__pch.h.fast -c -o VTestDriver___024root__DepSet_h662e1026__4.o VTestDriver___024root__DepSet_h662e1026__4.cpp
g++ -Os  -I.  -MMD -I/usr/share/verilator/include -I/usr/share/verilator/include/vltstd -DVM_COVERAGE=0 -DVM_SC=0 -DVM_TRACE=0 -DVM_TRACE_FST=0 -DVM_TRACE_VCD=0 -faligned-new -fcf-protection=none -Wno-bool-operation -Wno-overloaded-virtual -Wno-shadow -Wno-sign-compare -Wno-uninitialized -Wno-unused-but-set-parameter -Wno-unused-but-set-variable -Wno-unused-parameter -Wno-unused-variable     -O3 -std=c++17 -I/work/riscv/include -I/work/chipyard/tools/DRAMSim2 -I/work/chipyard/sims/verilator/generated-src/chipyard.harness.TestHarness.Baseline2CoreConfig/gen-collateral   -DVERILATOR -DVL_TIME_CONTEXT   -fcoroutines -include VTestDriver__pch.h.fast -c -o VTestDriver___024root__DepSet_h662e1026__5.o VTestDriver___024root__DepSet_h662e1026__5.cpp
g++ -Os  -I.  -MMD -I/usr/share/verilator/include -I/usr/share/verilator/include/vltstd -DVM_COVERAGE=0 -DVM_SC=0 -DVM_TRACE=0 -DVM_TRACE_FST=0 -DVM_TRACE_VCD=0 -faligned-new -fcf-protection=none -Wno-bool-operation -Wno-overloaded-virtual -Wno-shadow -Wno-sign-compare -Wno-uninitialized -Wno-unused-but-set-parameter -Wno-unused-but-set-variable -Wno-unused-parameter -Wno-unused-variable     -O3 -std=c++17 -I/work/riscv/include -I/work/chipyard/tools/DRAMSim2 -I/work/chipyard/sims/verilator/generated-src/chipyard.harness.TestHarness.Baseline2CoreConfig/gen-collateral   -DVERILATOR -DVL_TIME_CONTEXT   -fcoroutines -include VTestDriver__pch.h.fast -c -o VTestDriver___024root__DepSet_h662e1026__6.o VTestDriver___024root__DepSet_h662e1026__6.cpp
g++ -Os  -I.  -MMD -I/usr/share/verilator/include -I/usr/share/verilator/include/vltstd -DVM_COVERAGE=0 -DVM_SC=0 -DVM_TRACE=0 -DVM_TRACE_FST=0 -DVM_TRACE_VCD=0 -faligned-new -fcf-protection=none -Wno-bool-operation -Wno-overloaded-virtual -Wno-shadow -Wno-sign-compare -Wno-uninitialized -Wno-unused-but-set-parameter -Wno-unused-but-set-variable -Wno-unused-parameter -Wno-unused-variable     -O3 -std=c++17 -I/work/riscv/include -I/work/chipyard/tools/DRAMSim2 -I/work/chipyard/sims/verilator/generated-src/chipyard.harness.TestHarness.Baseline2CoreConfig/gen-collateral   -DVERILATOR -DVL_TIME_CONTEXT   -fcoroutines -include VTestDriver__pch.h.fast -c -o VTestDriver___024root__DepSet_h662e1026__7.o VTestDriver___024root__DepSet_h662e1026__7.cpp
g++ -Os  -I.  -MMD -I/usr/share/verilator/include -I/usr/share/verilator/include/vltstd -DVM_COVERAGE=0 -DVM_SC=0 -DVM_TRACE=0 -DVM_TRACE_FST=0 -DVM_TRACE_VCD=0 -faligned-new -fcf-protection=none -Wno-bool-operation -Wno-overloaded-virtual -Wno-shadow -Wno-sign-compare -Wno-uninitialized -Wno-unused-but-set-parameter -Wno-unused-but-set-variable -Wno-unused-parameter -Wno-unused-variable     -O3 -std=c++17 -I/work/riscv/include -I/work/chipyard/tools/DRAMSim2 -I/work/chipyard/sims/verilator/generated-src/chipyard.harness.TestHarness.Baseline2CoreConfig/gen-collateral   -DVERILATOR -DVL_TIME_CONTEXT   -fcoroutines -include VTestDriver__pch.h.fast -c -o VTestDriver___024root__DepSet_h662e1026__8.o VTestDriver___024root__DepSet_h662e1026__8.cpp
g++ -Os  -I.  -MMD -I/usr/share/verilator/include -I/usr/share/verilator/include/vltstd -DVM_COVERAGE=0 -DVM_SC=0 -DVM_TRACE=0 -DVM_TRACE_FST=0 -DVM_TRACE_VCD=0 -faligned-new -fcf-protection=none -Wno-bool-operation -Wno-overloaded-virtual -Wno-shadow -Wno-sign-compare -Wno-uninitialized -Wno-unused-but-set-parameter -Wno-unused-but-set-variable -Wno-unused-parameter -Wno-unused-variable     -O3 -std=c++17 -I/work/riscv/include -I/work/chipyard/tools/DRAMSim2 -I/work/chipyard/sims/verilator/generated-src/chipyard.harness.TestHarness.Baseline2CoreConfig/gen-collateral   -DVERILATOR -DVL_TIME_CONTEXT   -fcoroutines -include VTestDriver__pch.h.fast -c -o VTestDriver___024root__DepSet_h662e1026__9.o VTestDriver___024root__DepSet_h662e1026__9.cpp
g++ -Os  -I.  -MMD -I/usr/share/verilator/include -I/usr/share/verilator/include/vltstd -DVM_COVERAGE=0 -DVM_SC=0 -DVM_TRACE=0 -DVM_TRACE_FST=0 -DVM_TRACE_VCD=0 -faligned-new -fcf-protection=none -Wno-bool-operation -Wno-overloaded-virtual -Wno-shadow -Wno-sign-compare -Wno-uninitialized -Wno-unused-but-set-parameter -Wno-unused-but-set-variable -Wno-unused-parameter -Wno-unused-variable     -O3 -std=c++17 -I/work/riscv/include -I/work/chipyard/tools/DRAMSim2 -I/work/chipyard/sims/verilator/generated-src/chipyard.harness.TestHarness.Baseline2CoreConfig/gen-collateral   -DVERILATOR -DVL_TIME_CONTEXT   -fcoroutines -include VTestDriver__pch.h.fast -c -o VTestDriver___024root__DepSet_h662e1026__10.o VTestDriver___024root__DepSet_h662e1026__10.cpp
g++ -Os  -I.  -MMD -I/usr/share/verilator/include -I/usr/share/verilator/include/vltstd -DVM_COVERAGE=0 -DVM_SC=0 -DVM_TRACE=0 -DVM_TRACE_FST=0 -DVM_TRACE_VCD=0 -faligned-new -fcf-protection=none -Wno-bool-operation -Wno-overloaded-virtual -Wno-shadow -Wno-sign-compare -Wno-uninitialized -Wno-unused-but-set-parameter -Wno-unused-but-set-variable -Wno-unused-parameter -Wno-unused-variable     -O3 -std=c++17 -I/work/riscv/include -I/work/chipyard/tools/DRAMSim2 -I/work/chipyard/sims/verilator/generated-src/chipyard.harness.TestHarness.Baseline2CoreConfig/gen-collateral   -DVERILATOR -DVL_TIME_CONTEXT   -fcoroutines -include VTestDriver__pch.h.fast -c -o VTestDriver___024root__DepSet_h662e1026__11.o VTestDriver___024root__DepSet_h662e1026__11.cpp
g++ -Os  -I.  -MMD -I/usr/share/verilator/include -I/usr/share/verilator/include/vltstd -DVM_COVERAGE=0 -DVM_SC=0 -DVM_TRACE=0 -DVM_TRACE_FST=0 -DVM_TRACE_VCD=0 -faligned-new -fcf-protection=none -Wno-bool-operation -Wno-overloaded-virtual -Wno-shadow -Wno-sign-compare -Wno-uninitialized -Wno-unused-but-set-parameter -Wno-unused-but-set-variable -Wno-unused-parameter -Wno-unused-variable     -O3 -std=c++17 -I/work/riscv/include -I/work/chipyard/tools/DRAMSim2 -I/work/chipyard/sims/verilator/generated-src/chipyard.harness.TestHarness.Baseline2CoreConfig/gen-collateral   -DVERILATOR -DVL_TIME_CONTEXT   -fcoroutines -include VTestDriver__pch.h.fast -c -o VTestDriver___024root__DepSet_h662e1026__12.o VTestDriver___024root__DepSet_h662e1026__12.cpp
g++ -Os  -I.  -MMD -I/usr/share/verilator/include -I/usr/share/verilator/include/vltstd -DVM_COVERAGE=0 -DVM_SC=0 -DVM_TRACE=0 -DVM_TRACE_FST=0 -DVM_TRACE_VCD=0 -faligned-new -fcf-protection=none -Wno-bool-operation -Wno-overloaded-virtual -Wno-shadow -Wno-sign-compare -Wno-uninitialized -Wno-unused-but-set-parameter -Wno-unused-but-set-variable -Wno-unused-parameter -Wno-unused-variable     -O3 -std=c++17 -I/work/riscv/include -I/work/chipyard/tools/DRAMSim2 -I/work/chipyard/sims/verilator/generated-src/chipyard.harness.TestHarness.Baseline2CoreConfig/gen-collateral   -DVERILATOR -DVL_TIME_CONTEXT   -fcoroutines -include VTestDriver__pch.h.fast -c -o VTestDriver___024root__DepSet_h662e1026__13.o VTestDriver___024root__DepSet_h662e1026__13.cpp
g++ -Os  -I.  -MMD -I/usr/share/verilator/include -I/usr/share/verilator/include/vltstd -DVM_COVERAGE=0 -DVM_SC=0 -DVM_TRACE=0 -DVM_TRACE_FST=0 -DVM_TRACE_VCD=0 -faligned-new -fcf-protection=none -Wno-bool-operation -Wno-overloaded-virtual -Wno-shadow -Wno-sign-compare -Wno-uninitialized -Wno-unused-but-set-parameter -Wno-unused-but-set-variable -Wno-unused-parameter -Wno-unused-variable     -O3 -std=c++17 -I/work/riscv/include -I/work/chipyard/tools/DRAMSim2 -I/work/chipyard/sims/verilator/generated-src/chipyard.harness.TestHarness.Baseline2CoreConfig/gen-collateral   -DVERILATOR -DVL_TIME_CONTEXT   -fcoroutines -include VTestDriver__pch.h.fast -c -o VTestDriver___024root__DepSet_h662e1026__14.o VTestDriver___024root__DepSet_h662e1026__14.cpp
g++ -Os  -I.  -MMD -I/usr/share/verilator/include -I/usr/share/verilator/include/vltstd -DVM_COVERAGE=0 -DVM_SC=0 -DVM_TRACE=0 -DVM_TRACE_FST=0 -DVM_TRACE_VCD=0 -faligned-new -fcf-protection=none -Wno-bool-operation -Wno-overloaded-virtual -Wno-shadow -Wno-sign-compare -Wno-uninitialized -Wno-unused-but-set-parameter -Wno-unused-but-set-variable -Wno-unused-parameter -Wno-unused-variable     -O3 -std=c++17 -I/work/riscv/include -I/work/chipyard/tools/DRAMSim2 -I/work/chipyard/sims/verilator/generated-src/chipyard.harness.TestHarness.Baseline2CoreConfig/gen-collateral   -DVERILATOR -DVL_TIME_CONTEXT   -fcoroutines -include VTestDriver__pch.h.fast -c -o VTestDriver___024root__DepSet_h662e1026__15.o VTestDriver___024root__DepSet_h662e1026__15.cpp
g++ -Os  -I.  -MMD -I/usr/share/verilator/include -I/usr/share/verilator/include/vltstd -DVM_COVERAGE=0 -DVM_SC=0 -DVM_TRACE=0 -DVM_TRACE_FST=0 -DVM_TRACE_VCD=0 -faligned-new -fcf-protection=none -Wno-bool-operation -Wno-overloaded-virtual -Wno-shadow -Wno-sign-compare -Wno-uninitialized -Wno-unused-but-set-parameter -Wno-unused-but-set-variable -Wno-unused-parameter -Wno-unused-variable     -O3 -std=c++17 -I/work/riscv/include -I/work/chipyard/tools/DRAMSim2 -I/work/chipyard/sims/verilator/generated-src/chipyard.harness.TestHarness.Baseline2CoreConfig/gen-collateral   -DVERILATOR -DVL_TIME_CONTEXT   -fcoroutines -include VTestDriver__pch.h.fast -c -o VTestDriver___024root__DepSet_h662e1026__16.o VTestDriver___024root__DepSet_h662e1026__16.cpp
g++ -Os  -I.  -MMD -I/usr/share/verilator/include -I/usr/share/verilator/include/vltstd -DVM_COVERAGE=0 -DVM_SC=0 -DVM_TRACE=0 -DVM_TRACE_FST=0 -DVM_TRACE_VCD=0 -faligned-new -fcf-protection=none -Wno-bool-operation -Wno-overloaded-virtual -Wno-shadow -Wno-sign-compare -Wno-uninitialized -Wno-unused-but-set-parameter -Wno-unused-but-set-variable -Wno-unused-parameter -Wno-unused-variable     -O3 -std=c++17 -I/work/riscv/include -I/work/chipyard/tools/DRAMSim2 -I/work/chipyard/sims/verilator/generated-src/chipyard.harness.TestHarness.Baseline2CoreConfig/gen-collateral   -DVERILATOR -DVL_TIME_CONTEXT   -fcoroutines -include VTestDriver__pch.h.fast -c -o VTestDriver___024root__DepSet_h662e1026__17.o VTestDriver___024root__DepSet_h662e1026__17.cpp
g++ -Os  -I.  -MMD -I/usr/share/verilator/include -I/usr/share/verilator/include/vltstd -DVM_COVERAGE=0 -DVM_SC=0 -DVM_TRACE=0 -DVM_TRACE_FST=0 -DVM_TRACE_VCD=0 -faligned-new -fcf-protection=none -Wno-bool-operation -Wno-overloaded-virtual -Wno-shadow -Wno-sign-compare -Wno-uninitialized -Wno-unused-but-set-parameter -Wno-unused-but-set-variable -Wno-unused-parameter -Wno-unused-variable     -O3 -std=c++17 -I/work/riscv/include -I/work/chipyard/tools/DRAMSim2 -I/work/chipyard/sims/verilator/generated-src/chipyard.harness.TestHarness.Baseline2CoreConfig/gen-collateral   -DVERILATOR -DVL_TIME_CONTEXT   -fcoroutines -include VTestDriver__pch.h.fast -c -o VTestDriver___024root__DepSet_h662e1026__18.o VTestDriver___024root__DepSet_h662e1026__18.cpp
g++ -Os  -I.  -MMD -I/usr/share/verilator/include -I/usr/share/verilator/include/vltstd -DVM_COVERAGE=0 -DVM_SC=0 -DVM_TRACE=0 -DVM_TRACE_FST=0 -DVM_TRACE_VCD=0 -faligned-new -fcf-protection=none -Wno-bool-operation -Wno-overloaded-virtual -Wno-shadow -Wno-sign-compare -Wno-uninitialized -Wno-unused-but-set-parameter -Wno-unused-but-set-variable -Wno-unused-parameter -Wno-unused-variable     -O3 -std=c++17 -I/work/riscv/include -I/work/chipyard/tools/DRAMSim2 -I/work/chipyard/sims/verilator/generated-src/chipyard.harness.TestHarness.Baseline2CoreConfig/gen-collateral   -DVERILATOR -DVL_TIME_CONTEXT   -fcoroutines -include VTestDriver__pch.h.fast -c -o VTestDriver___024root__DepSet_h662e1026__19.o VTestDriver___024root__DepSet_h662e1026__19.cpp
g++ -Os  -I.  -MMD -I/usr/share/verilator/include -I/usr/share/verilator/include/vltstd -DVM_COVERAGE=0 -DVM_SC=0 -DVM_TRACE=0 -DVM_TRACE_FST=0 -DVM_TRACE_VCD=0 -faligned-new -fcf-protection=none -Wno-bool-operation -Wno-overloaded-virtual -Wno-shadow -Wno-sign-compare -Wno-uninitialized -Wno-unused-but-set-parameter -Wno-unused-but-set-variable -Wno-unused-parameter -Wno-unused-variable     -O3 -std=c++17 -I/work/riscv/include -I/work/chipyard/tools/DRAMSim2 -I/work/chipyard/sims/verilator/generated-src/chipyard.harness.TestHarness.Baseline2CoreConfig/gen-collateral   -DVERILATOR -DVL_TIME_CONTEXT   -fcoroutines -include VTestDriver__pch.h.fast -c -o VTestDriver___024root__DepSet_h662e1026__20.o VTestDriver___024root__DepSet_h662e1026__20.cpp
g++ -Os  -I.  -MMD -I/usr/share/verilator/include -I/usr/share/verilator/include/vltstd -DVM_COVERAGE=0 -DVM_SC=0 -DVM_TRACE=0 -DVM_TRACE_FST=0 -DVM_TRACE_VCD=0 -faligned-new -fcf-protection=none -Wno-bool-operation -Wno-overloaded-virtual -Wno-shadow -Wno-sign-compare -Wno-uninitialized -Wno-unused-but-set-parameter -Wno-unused-but-set-variable -Wno-unused-parameter -Wno-unused-variable     -O3 -std=c++17 -I/work/riscv/include -I/work/chipyard/tools/DRAMSim2 -I/work/chipyard/sims/verilator/generated-src/chipyard.harness.TestHarness.Baseline2CoreConfig/gen-collateral   -DVERILATOR -DVL_TIME_CONTEXT   -fcoroutines -include VTestDriver__pch.h.fast -c -o VTestDriver___024root__DepSet_h662e1026__21.o VTestDriver___024root__DepSet_h662e1026__21.cpp
g++ -Os  -I.  -MMD -I/usr/share/verilator/include -I/usr/share/verilator/include/vltstd -DVM_COVERAGE=0 -DVM_SC=0 -DVM_TRACE=0 -DVM_TRACE_FST=0 -DVM_TRACE_VCD=0 -faligned-new -fcf-protection=none -Wno-bool-operation -Wno-overloaded-virtual -Wno-shadow -Wno-sign-compare -Wno-uninitialized -Wno-unused-but-set-parameter -Wno-unused-but-set-variable -Wno-unused-parameter -Wno-unused-variable     -O3 -std=c++17 -I/work/riscv/include -I/work/chipyard/tools/DRAMSim2 -I/work/chipyard/sims/verilator/generated-src/chipyard.harness.TestHarness.Baseline2CoreConfig/gen-collateral   -DVERILATOR -DVL_TIME_CONTEXT   -fcoroutines -include VTestDriver__pch.h.fast -c -o VTestDriver___024root__DepSet_h662e1026__22.o VTestDriver___024root__DepSet_h662e1026__22.cpp
g++ -Os  -I.  -MMD -I/usr/share/verilator/include -I/usr/share/verilator/include/vltstd -DVM_COVERAGE=0 -DVM_SC=0 -DVM_TRACE=0 -DVM_TRACE_FST=0 -DVM_TRACE_VCD=0 -faligned-new -fcf-protection=none -Wno-bool-operation -Wno-overloaded-virtual -Wno-shadow -Wno-sign-compare -Wno-uninitialized -Wno-unused-but-set-parameter -Wno-unused-but-set-variable -Wno-unused-parameter -Wno-unused-variable     -O3 -std=c++17 -I/work/riscv/include -I/work/chipyard/tools/DRAMSim2 -I/work/chipyard/sims/verilator/generated-src/chipyard.harness.TestHarness.Baseline2CoreConfig/gen-collateral   -DVERILATOR -DVL_TIME_CONTEXT   -fcoroutines -include VTestDriver__pch.h.fast -c -o VTestDriver___024root__DepSet_h662e1026__23.o VTestDriver___024root__DepSet_h662e1026__23.cpp
g++ -Os  -I.  -MMD -I/usr/share/verilator/include -I/usr/share/verilator/include/vltstd -DVM_COVERAGE=0 -DVM_SC=0 -DVM_TRACE=0 -DVM_TRACE_FST=0 -DVM_TRACE_VCD=0 -faligned-new -fcf-protection=none -Wno-bool-operation -Wno-overloaded-virtual -Wno-shadow -Wno-sign-compare -Wno-uninitialized -Wno-unused-but-set-parameter -Wno-unused-but-set-variable -Wno-unused-parameter -Wno-unused-variable     -O3 -std=c++17 -I/work/riscv/include -I/work/chipyard/tools/DRAMSim2 -I/work/chipyard/sims/verilator/generated-src/chipyard.harness.TestHarness.Baseline2CoreConfig/gen-collateral   -DVERILATOR -DVL_TIME_CONTEXT   -fcoroutines -include VTestDriver__pch.h.fast -c -o VTestDriver___024root__DepSet_h662e1026__24.o VTestDriver___024root__DepSet_h662e1026__24.cpp
g++ -Os  -I.  -MMD -I/usr/share/verilator/include -I/usr/share/verilator/include/vltstd -DVM_COVERAGE=0 -DVM_SC=0 -DVM_TRACE=0 -DVM_TRACE_FST=0 -DVM_TRACE_VCD=0 -faligned-new -fcf-protection=none -Wno-bool-operation -Wno-overloaded-virtual -Wno-shadow -Wno-sign-compare -Wno-uninitialized -Wno-unused-but-set-parameter -Wno-unused-but-set-variable -Wno-unused-parameter -Wno-unused-variable     -O3 -std=c++17 -I/work/riscv/include -I/work/chipyard/tools/DRAMSim2 -I/work/chipyard/sims/verilator/generated-src/chipyard.harness.TestHarness.Baseline2CoreConfig/gen-collateral   -DVERILATOR -DVL_TIME_CONTEXT   -fcoroutines -include VTestDriver__pch.h.fast -c -o VTestDriver___024root__DepSet_h662e1026__25.o VTestDriver___024root__DepSet_h662e1026__25.cpp
g++ -Os  -I.  -MMD -I/usr/share/verilator/include -I/usr/share/verilator/include/vltstd -DVM_COVERAGE=0 -DVM_SC=0 -DVM_TRACE=0 -DVM_TRACE_FST=0 -DVM_TRACE_VCD=0 -faligned-new -fcf-protection=none -Wno-bool-operation -Wno-overloaded-virtual -Wno-shadow -Wno-sign-compare -Wno-uninitialized -Wno-unused-but-set-parameter -Wno-unused-but-set-variable -Wno-unused-parameter -Wno-unused-variable     -O3 -std=c++17 -I/work/riscv/include -I/work/chipyard/tools/DRAMSim2 -I/work/chipyard/sims/verilator/generated-src/chipyard.harness.TestHarness.Baseline2CoreConfig/gen-collateral   -DVERILATOR -DVL_TIME_CONTEXT   -fcoroutines -include VTestDriver__pch.h.fast -c -o VTestDriver___024root__DepSet_h662e1026__26.o VTestDriver___024root__DepSet_h662e1026__26.cpp
g++ -Os  -I.  -MMD -I/usr/share/verilator/include -I/usr/share/verilator/include/vltstd -DVM_COVERAGE=0 -DVM_SC=0 -DVM_TRACE=0 -DVM_TRACE_FST=0 -DVM_TRACE_VCD=0 -faligned-new -fcf-protection=none -Wno-bool-operation -Wno-overloaded-virtual -Wno-shadow -Wno-sign-compare -Wno-uninitialized -Wno-unused-but-set-parameter -Wno-unused-but-set-variable -Wno-unused-parameter -Wno-unused-variable     -O3 -std=c++17 -I/work/riscv/include -I/work/chipyard/tools/DRAMSim2 -I/work/chipyard/sims/verilator/generated-src/chipyard.harness.TestHarness.Baseline2CoreConfig/gen-collateral   -DVERILATOR -DVL_TIME_CONTEXT   -fcoroutines -include VTestDriver__pch.h.fast -c -o VTestDriver___024root__DepSet_h662e1026__27.o VTestDriver___024root__DepSet_h662e1026__27.cpp
g++ -Os  -I.  -MMD -I/usr/share/verilator/include -I/usr/share/verilator/include/vltstd -DVM_COVERAGE=0 -DVM_SC=0 -DVM_TRACE=0 -DVM_TRACE_FST=0 -DVM_TRACE_VCD=0 -faligned-new -fcf-protection=none -Wno-bool-operation -Wno-overloaded-virtual -Wno-shadow -Wno-sign-compare -Wno-uninitialized -Wno-unused-but-set-parameter -Wno-unused-but-set-variable -Wno-unused-parameter -Wno-unused-variable     -O3 -std=c++17 -I/work/riscv/include -I/work/chipyard/tools/DRAMSim2 -I/work/chipyard/sims/verilator/generated-src/chipyard.harness.TestHarness.Baseline2CoreConfig/gen-collateral   -DVERILATOR -DVL_TIME_CONTEXT   -fcoroutines -include VTestDriver__pch.h.fast -c -o VTestDriver___024root__DepSet_h662e1026__28.o VTestDriver___024root__DepSet_h662e1026__28.cpp
g++ -Os  -I.  -MMD -I/usr/share/verilator/include -I/usr/share/verilator/include/vltstd -DVM_COVERAGE=0 -DVM_SC=0 -DVM_TRACE=0 -DVM_TRACE_FST=0 -DVM_TRACE_VCD=0 -faligned-new -fcf-protection=none -Wno-bool-operation -Wno-overloaded-virtual -Wno-shadow -Wno-sign-compare -Wno-uninitialized -Wno-unused-but-set-parameter -Wno-unused-but-set-variable -Wno-unused-parameter -Wno-unused-variable     -O3 -std=c++17 -I/work/riscv/include -I/work/chipyard/tools/DRAMSim2 -I/work/chipyard/sims/verilator/generated-src/chipyard.harness.TestHarness.Baseline2CoreConfig/gen-collateral   -DVERILATOR -DVL_TIME_CONTEXT   -fcoroutines -include VTestDriver__pch.h.fast -c -o VTestDriver___024root__DepSet_h662e1026__29.o VTestDriver___024root__DepSet_h662e1026__29.cpp
g++ -Os  -I.  -MMD -I/usr/share/verilator/include -I/usr/share/verilator/include/vltstd -DVM_COVERAGE=0 -DVM_SC=0 -DVM_TRACE=0 -DVM_TRACE_FST=0 -DVM_TRACE_VCD=0 -faligned-new -fcf-protection=none -Wno-bool-operation -Wno-overloaded-virtual -Wno-shadow -Wno-sign-compare -Wno-uninitialized -Wno-unused-but-set-parameter -Wno-unused-but-set-variable -Wno-unused-parameter -Wno-unused-variable     -O3 -std=c++17 -I/work/riscv/include -I/work/chipyard/tools/DRAMSim2 -I/work/chipyard/sims/verilator/generated-src/chipyard.harness.TestHarness.Baseline2CoreConfig/gen-collateral   -DVERILATOR -DVL_TIME_CONTEXT   -fcoroutines -include VTestDriver__pch.h.fast -c -o VTestDriver___024root__DepSet_h662e1026__30.o VTestDriver___024root__DepSet_h662e1026__30.cpp
g++ -Os  -I.  -MMD -I/usr/share/verilator/include -I/usr/share/verilator/include/vltstd -DVM_COVERAGE=0 -DVM_SC=0 -DVM_TRACE=0 -DVM_TRACE_FST=0 -DVM_TRACE_VCD=0 -faligned-new -fcf-protection=none -Wno-bool-operation -Wno-overloaded-virtual -Wno-shadow -Wno-sign-compare -Wno-uninitialized -Wno-unused-but-set-parameter -Wno-unused-but-set-variable -Wno-unused-parameter -Wno-unused-variable     -O3 -std=c++17 -I/work/riscv/include -I/work/chipyard/tools/DRAMSim2 -I/work/chipyard/sims/verilator/generated-src/chipyard.harness.TestHarness.Baseline2CoreConfig/gen-collateral   -DVERILATOR -DVL_TIME_CONTEXT   -fcoroutines -include VTestDriver__pch.h.fast -c -o VTestDriver___024root__DepSet_h662e1026__31.o VTestDriver___024root__DepSet_h662e1026__31.cpp
g++ -Os  -I.  -MMD -I/usr/share/verilator/include -I/usr/share/verilator/include/vltstd -DVM_COVERAGE=0 -DVM_SC=0 -DVM_TRACE=0 -DVM_TRACE_FST=0 -DVM_TRACE_VCD=0 -faligned-new -fcf-protection=none -Wno-bool-operation -Wno-overloaded-virtual -Wno-shadow -Wno-sign-compare -Wno-uninitialized -Wno-unused-but-set-parameter -Wno-unused-but-set-variable -Wno-unused-parameter -Wno-unused-variable     -O3 -std=c++17 -I/work/riscv/include -I/work/chipyard/tools/DRAMSim2 -I/work/chipyard/sims/verilator/generated-src/chipyard.harness.TestHarness.Baseline2CoreConfig/gen-collateral   -DVERILATOR -DVL_TIME_CONTEXT   -fcoroutines -include VTestDriver__pch.h.fast -c -o VTestDriver___024root__DepSet_h662e1026__32.o VTestDriver___024root__DepSet_h662e1026__32.cpp
g++ -Os  -I.  -MMD -I/usr/share/verilator/include -I/usr/share/verilator/include/vltstd -DVM_COVERAGE=0 -DVM_SC=0 -DVM_TRACE=0 -DVM_TRACE_FST=0 -DVM_TRACE_VCD=0 -faligned-new -fcf-protection=none -Wno-bool-operation -Wno-overloaded-virtual -Wno-shadow -Wno-sign-compare -Wno-uninitialized -Wno-unused-but-set-parameter -Wno-unused-but-set-variable -Wno-unused-parameter -Wno-unused-variable     -O3 -std=c++17 -I/work/riscv/include -I/work/chipyard/tools/DRAMSim2 -I/work/chipyard/sims/verilator/generated-src/chipyard.harness.TestHarness.Baseline2CoreConfig/gen-collateral   -DVERILATOR -DVL_TIME_CONTEXT   -fcoroutines -include VTestDriver__pch.h.fast -c -o VTestDriver___024root__DepSet_h662e1026__33.o VTestDriver___024root__DepSet_h662e1026__33.cpp
g++ -Os  -I.  -MMD -I/usr/share/verilator/include -I/usr/share/verilator/include/vltstd -DVM_COVERAGE=0 -DVM_SC=0 -DVM_TRACE=0 -DVM_TRACE_FST=0 -DVM_TRACE_VCD=0 -faligned-new -fcf-protection=none -Wno-bool-operation -Wno-overloaded-virtual -Wno-shadow -Wno-sign-compare -Wno-uninitialized -Wno-unused-but-set-parameter -Wno-unused-but-set-variable -Wno-unused-parameter -Wno-unused-variable     -O3 -std=c++17 -I/work/riscv/include -I/work/chipyard/tools/DRAMSim2 -I/work/chipyard/sims/verilator/generated-src/chipyard.harness.TestHarness.Baseline2CoreConfig/gen-collateral   -DVERILATOR -DVL_TIME_CONTEXT   -fcoroutines -include VTestDriver__pch.h.fast -c -o VTestDriver___024root__DepSet_h662e1026__34.o VTestDriver___024root__DepSet_h662e1026__34.cpp
g++ -Os  -I.  -MMD -I/usr/share/verilator/include -I/usr/share/verilator/include/vltstd -DVM_COVERAGE=0 -DVM_SC=0 -DVM_TRACE=0 -DVM_TRACE_FST=0 -DVM_TRACE_VCD=0 -faligned-new -fcf-protection=none -Wno-bool-operation -Wno-overloaded-virtual -Wno-shadow -Wno-sign-compare -Wno-uninitialized -Wno-unused-but-set-parameter -Wno-unused-but-set-variable -Wno-unused-parameter -Wno-unused-variable     -O3 -std=c++17 -I/work/riscv/include -I/work/chipyard/tools/DRAMSim2 -I/work/chipyard/sims/verilator/generated-src/chipyard.harness.TestHarness.Baseline2CoreConfig/gen-collateral   -DVERILATOR -DVL_TIME_CONTEXT   -fcoroutines -include VTestDriver__pch.h.fast -c -o VTestDriver___024root__DepSet_h662e1026__35.o VTestDriver___024root__DepSet_h662e1026__35.cpp
g++ -Os  -I.  -MMD -I/usr/share/verilator/include -I/usr/share/verilator/include/vltstd -DVM_COVERAGE=0 -DVM_SC=0 -DVM_TRACE=0 -DVM_TRACE_FST=0 -DVM_TRACE_VCD=0 -faligned-new -fcf-protection=none -Wno-bool-operation -Wno-overloaded-virtual -Wno-shadow -Wno-sign-compare -Wno-uninitialized -Wno-unused-but-set-parameter -Wno-unused-but-set-variable -Wno-unused-parameter -Wno-unused-variable     -O3 -std=c++17 -I/work/riscv/include -I/work/chipyard/tools/DRAMSim2 -I/work/chipyard/sims/verilator/generated-src/chipyard.harness.TestHarness.Baseline2CoreConfig/gen-collateral   -DVERILATOR -DVL_TIME_CONTEXT   -fcoroutines -include VTestDriver__pch.h.fast -c -o VTestDriver___024root__DepSet_h662e1026__36.o VTestDriver___024root__DepSet_h662e1026__36.cpp
g++ -Os  -I.  -MMD -I/usr/share/verilator/include -I/usr/share/verilator/include/vltstd -DVM_COVERAGE=0 -DVM_SC=0 -DVM_TRACE=0 -DVM_TRACE_FST=0 -DVM_TRACE_VCD=0 -faligned-new -fcf-protection=none -Wno-bool-operation -Wno-overloaded-virtual -Wno-shadow -Wno-sign-compare -Wno-uninitialized -Wno-unused-but-set-parameter -Wno-unused-but-set-variable -Wno-unused-parameter -Wno-unused-variable     -O3 -std=c++17 -I/work/riscv/include -I/work/chipyard/tools/DRAMSim2 -I/work/chipyard/sims/verilator/generated-src/chipyard.harness.TestHarness.Baseline2CoreConfig/gen-collateral   -DVERILATOR -DVL_TIME_CONTEXT   -fcoroutines -include VTestDriver__pch.h.fast -c -o VTestDriver___024root__DepSet_h662e1026__37.o VTestDriver___024root__DepSet_h662e1026__37.cpp
g++ -Os  -I.  -MMD -I/usr/share/verilator/include -I/usr/share/verilator/include/vltstd -DVM_COVERAGE=0 -DVM_SC=0 -DVM_TRACE=0 -DVM_TRACE_FST=0 -DVM_TRACE_VCD=0 -faligned-new -fcf-protection=none -Wno-bool-operation -Wno-overloaded-virtual -Wno-shadow -Wno-sign-compare -Wno-uninitialized -Wno-unused-but-set-parameter -Wno-unused-but-set-variable -Wno-unused-parameter -Wno-unused-variable     -O3 -std=c++17 -I/work/riscv/include -I/work/chipyard/tools/DRAMSim2 -I/work/chipyard/sims/verilator/generated-src/chipyard.harness.TestHarness.Baseline2CoreConfig/gen-collateral   -DVERILATOR -DVL_TIME_CONTEXT   -fcoroutines -include VTestDriver__pch.h.fast -c -o VTestDriver___024root__DepSet_h662e1026__38.o VTestDriver___024root__DepSet_h662e1026__38.cpp
g++ -Os  -I.  -MMD -I/usr/share/verilator/include -I/usr/share/verilator/include/vltstd -DVM_COVERAGE=0 -DVM_SC=0 -DVM_TRACE=0 -DVM_TRACE_FST=0 -DVM_TRACE_VCD=0 -faligned-new -fcf-protection=none -Wno-bool-operation -Wno-overloaded-virtual -Wno-shadow -Wno-sign-compare -Wno-uninitialized -Wno-unused-but-set-parameter -Wno-unused-but-set-variable -Wno-unused-parameter -Wno-unused-variable     -O3 -std=c++17 -I/work/riscv/include -I/work/chipyard/tools/DRAMSim2 -I/work/chipyard/sims/verilator/generated-src/chipyard.harness.TestHarness.Baseline2CoreConfig/gen-collateral   -DVERILATOR -DVL_TIME_CONTEXT   -fcoroutines -include VTestDriver__pch.h.fast -c -o VTestDriver___024root__DepSet_h662e1026__39.o VTestDriver___024root__DepSet_h662e1026__39.cpp
g++ -Os  -I.  -MMD -I/usr/share/verilator/include -I/usr/share/verilator/include/vltstd -DVM_COVERAGE=0 -DVM_SC=0 -DVM_TRACE=0 -DVM_TRACE_FST=0 -DVM_TRACE_VCD=0 -faligned-new -fcf-protection=none -Wno-bool-operation -Wno-overloaded-virtual -Wno-shadow -Wno-sign-compare -Wno-uninitialized -Wno-unused-but-set-parameter -Wno-unused-but-set-variable -Wno-unused-parameter -Wno-unused-variable     -O3 -std=c++17 -I/work/riscv/include -I/work/chipyard/tools/DRAMSim2 -I/work/chipyard/sims/verilator/generated-src/chipyard.harness.TestHarness.Baseline2CoreConfig/gen-collateral   -DVERILATOR -DVL_TIME_CONTEXT   -fcoroutines -include VTestDriver__pch.h.fast -c -o VTestDriver___024root__DepSet_h662e1026__40.o VTestDriver___024root__DepSet_h662e1026__40.cpp
g++ -Os  -I.  -MMD -I/usr/share/verilator/include -I/usr/share/verilator/include/vltstd -DVM_COVERAGE=0 -DVM_SC=0 -DVM_TRACE=0 -DVM_TRACE_FST=0 -DVM_TRACE_VCD=0 -faligned-new -fcf-protection=none -Wno-bool-operation -Wno-overloaded-virtual -Wno-shadow -Wno-sign-compare -Wno-uninitialized -Wno-unused-but-set-parameter -Wno-unused-but-set-variable -Wno-unused-parameter -Wno-unused-variable     -O3 -std=c++17 -I/work/riscv/include -I/work/chipyard/tools/DRAMSim2 -I/work/chipyard/sims/verilator/generated-src/chipyard.harness.TestHarness.Baseline2CoreConfig/gen-collateral   -DVERILATOR -DVL_TIME_CONTEXT   -fcoroutines -include VTestDriver__pch.h.fast -c -o VTestDriver___024root__DepSet_h662e1026__41.o VTestDriver___024root__DepSet_h662e1026__41.cpp
g++ -Os  -I.  -MMD -I/usr/share/verilator/include -I/usr/share/verilator/include/vltstd -DVM_COVERAGE=0 -DVM_SC=0 -DVM_TRACE=0 -DVM_TRACE_FST=0 -DVM_TRACE_VCD=0 -faligned-new -fcf-protection=none -Wno-bool-operation -Wno-overloaded-virtual -Wno-shadow -Wno-sign-compare -Wno-uninitialized -Wno-unused-but-set-parameter -Wno-unused-but-set-variable -Wno-unused-parameter -Wno-unused-variable     -O3 -std=c++17 -I/work/riscv/include -I/work/chipyard/tools/DRAMSim2 -I/work/chipyard/sims/verilator/generated-src/chipyard.harness.TestHarness.Baseline2CoreConfig/gen-collateral   -DVERILATOR -DVL_TIME_CONTEXT   -fcoroutines -include VTestDriver__pch.h.fast -c -o VTestDriver___024root__DepSet_h662e1026__42.o VTestDriver___024root__DepSet_h662e1026__42.cpp
g++ -Os  -I.  -MMD -I/usr/share/verilator/include -I/usr/share/verilator/include/vltstd -DVM_COVERAGE=0 -DVM_SC=0 -DVM_TRACE=0 -DVM_TRACE_FST=0 -DVM_TRACE_VCD=0 -faligned-new -fcf-protection=none -Wno-bool-operation -Wno-overloaded-virtual -Wno-shadow -Wno-sign-compare -Wno-uninitialized -Wno-unused-but-set-parameter -Wno-unused-but-set-variable -Wno-unused-parameter -Wno-unused-variable     -O3 -std=c++17 -I/work/riscv/include -I/work/chipyard/tools/DRAMSim2 -I/work/chipyard/sims/verilator/generated-src/chipyard.harness.TestHarness.Baseline2CoreConfig/gen-collateral   -DVERILATOR -DVL_TIME_CONTEXT   -fcoroutines -include VTestDriver__pch.h.fast -c -o VTestDriver___024root__DepSet_h662e1026__43.o VTestDriver___024root__DepSet_h662e1026__43.cpp
g++ -Os  -I.  -MMD -I/usr/share/verilator/include -I/usr/share/verilator/include/vltstd -DVM_COVERAGE=0 -DVM_SC=0 -DVM_TRACE=0 -DVM_TRACE_FST=0 -DVM_TRACE_VCD=0 -faligned-new -fcf-protection=none -Wno-bool-operation -Wno-overloaded-virtual -Wno-shadow -Wno-sign-compare -Wno-uninitialized -Wno-unused-but-set-parameter -Wno-unused-but-set-variable -Wno-unused-parameter -Wno-unused-variable     -O3 -std=c++17 -I/work/riscv/include -I/work/chipyard/tools/DRAMSim2 -I/work/chipyard/sims/verilator/generated-src/chipyard.harness.TestHarness.Baseline2CoreConfig/gen-collateral   -DVERILATOR -DVL_TIME_CONTEXT   -fcoroutines -include VTestDriver__pch.h.fast -c -o VTestDriver___024root__DepSet_h662e1026__44.o VTestDriver___024root__DepSet_h662e1026__44.cpp
g++ -Os  -I.  -MMD -I/usr/share/verilator/include -I/usr/share/verilator/include/vltstd -DVM_COVERAGE=0 -DVM_SC=0 -DVM_TRACE=0 -DVM_TRACE_FST=0 -DVM_TRACE_VCD=0 -faligned-new -fcf-protection=none -Wno-bool-operation -Wno-overloaded-virtual -Wno-shadow -Wno-sign-compare -Wno-uninitialized -Wno-unused-but-set-parameter -Wno-unused-but-set-variable -Wno-unused-parameter -Wno-unused-variable     -O3 -std=c++17 -I/work/riscv/include -I/work/chipyard/tools/DRAMSim2 -I/work/chipyard/sims/verilator/generated-src/chipyard.harness.TestHarness.Baseline2CoreConfig/gen-collateral   -DVERILATOR -DVL_TIME_CONTEXT   -fcoroutines -include VTestDriver__pch.h.fast -c -o VTestDriver___024root__DepSet_h662e1026__45.o VTestDriver___024root__DepSet_h662e1026__45.cpp
g++ -Os  -I.  -MMD -I/usr/share/verilator/include -I/usr/share/verilator/include/vltstd -DVM_COVERAGE=0 -DVM_SC=0 -DVM_TRACE=0 -DVM_TRACE_FST=0 -DVM_TRACE_VCD=0 -faligned-new -fcf-protection=none -Wno-bool-operation -Wno-overloaded-virtual -Wno-shadow -Wno-sign-compare -Wno-uninitialized -Wno-unused-but-set-parameter -Wno-unused-but-set-variable -Wno-unused-parameter -Wno-unused-variable     -O3 -std=c++17 -I/work/riscv/include -I/work/chipyard/tools/DRAMSim2 -I/work/chipyard/sims/verilator/generated-src/chipyard.harness.TestHarness.Baseline2CoreConfig/gen-collateral   -DVERILATOR -DVL_TIME_CONTEXT   -fcoroutines -include VTestDriver__pch.h.fast -c -o VTestDriver___024root__DepSet_h662e1026__46.o VTestDriver___024root__DepSet_h662e1026__46.cpp
g++ -Os  -I.  -MMD -I/usr/share/verilator/include -I/usr/share/verilator/include/vltstd -DVM_COVERAGE=0 -DVM_SC=0 -DVM_TRACE=0 -DVM_TRACE_FST=0 -DVM_TRACE_VCD=0 -faligned-new -fcf-protection=none -Wno-bool-operation -Wno-overloaded-virtual -Wno-shadow -Wno-sign-compare -Wno-uninitialized -Wno-unused-but-set-parameter -Wno-unused-but-set-variable -Wno-unused-parameter -Wno-unused-variable     -O3 -std=c++17 -I/work/riscv/include -I/work/chipyard/tools/DRAMSim2 -I/work/chipyard/sims/verilator/generated-src/chipyard.harness.TestHarness.Baseline2CoreConfig/gen-collateral   -DVERILATOR -DVL_TIME_CONTEXT   -fcoroutines -include VTestDriver__pch.h.fast -c -o VTestDriver___024root__DepSet_h662e1026__47.o VTestDriver___024root__DepSet_h662e1026__47.cpp
g++ -Os  -I.  -MMD -I/usr/share/verilator/include -I/usr/share/verilator/include/vltstd -DVM_COVERAGE=0 -DVM_SC=0 -DVM_TRACE=0 -DVM_TRACE_FST=0 -DVM_TRACE_VCD=0 -faligned-new -fcf-protection=none -Wno-bool-operation -Wno-overloaded-virtual -Wno-shadow -Wno-sign-compare -Wno-uninitialized -Wno-unused-but-set-parameter -Wno-unused-but-set-variable -Wno-unused-parameter -Wno-unused-variable     -O3 -std=c++17 -I/work/riscv/include -I/work/chipyard/tools/DRAMSim2 -I/work/chipyard/sims/verilator/generated-src/chipyard.harness.TestHarness.Baseline2CoreConfig/gen-collateral   -DVERILATOR -DVL_TIME_CONTEXT   -fcoroutines -include VTestDriver__pch.h.fast -c -o VTestDriver___024root__DepSet_h662e1026__48.o VTestDriver___024root__DepSet_h662e1026__48.cpp
g++ -Os  -I.  -MMD -I/usr/share/verilator/include -I/usr/share/verilator/include/vltstd -DVM_COVERAGE=0 -DVM_SC=0 -DVM_TRACE=0 -DVM_TRACE_FST=0 -DVM_TRACE_VCD=0 -faligned-new -fcf-protection=none -Wno-bool-operation -Wno-overloaded-virtual -Wno-shadow -Wno-sign-compare -Wno-uninitialized -Wno-unused-but-set-parameter -Wno-unused-but-set-variable -Wno-unused-parameter -Wno-unused-variable     -O3 -std=c++17 -I/work/riscv/include -I/work/chipyard/tools/DRAMSim2 -I/work/chipyard/sims/verilator/generated-src/chipyard.harness.TestHarness.Baseline2CoreConfig/gen-collateral   -DVERILATOR -DVL_TIME_CONTEXT   -fcoroutines -include VTestDriver__pch.h.fast -c -o VTestDriver___024root__DepSet_h662e1026__49.o VTestDriver___024root__DepSet_h662e1026__49.cpp
g++ -Os  -I.  -MMD -I/usr/share/verilator/include -I/usr/share/verilator/include/vltstd -DVM_COVERAGE=0 -DVM_SC=0 -DVM_TRACE=0 -DVM_TRACE_FST=0 -DVM_TRACE_VCD=0 -faligned-new -fcf-protection=none -Wno-bool-operation -Wno-overloaded-virtual -Wno-shadow -Wno-sign-compare -Wno-uninitialized -Wno-unused-but-set-parameter -Wno-unused-but-set-variable -Wno-unused-parameter -Wno-unused-variable     -O3 -std=c++17 -I/work/riscv/include -I/work/chipyard/tools/DRAMSim2 -I/work/chipyard/sims/verilator/generated-src/chipyard.harness.TestHarness.Baseline2CoreConfig/gen-collateral   -DVERILATOR -DVL_TIME_CONTEXT   -fcoroutines -include VTestDriver__pch.h.fast -c -o VTestDriver___024root__DepSet_h662e1026__50.o VTestDriver___024root__DepSet_h662e1026__50.cpp
g++ -Os  -I.  -MMD -I/usr/share/verilator/include -I/usr/share/verilator/include/vltstd -DVM_COVERAGE=0 -DVM_SC=0 -DVM_TRACE=0 -DVM_TRACE_FST=0 -DVM_TRACE_VCD=0 -faligned-new -fcf-protection=none -Wno-bool-operation -Wno-overloaded-virtual -Wno-shadow -Wno-sign-compare -Wno-uninitialized -Wno-unused-but-set-parameter -Wno-unused-but-set-variable -Wno-unused-parameter -Wno-unused-variable     -O3 -std=c++17 -I/work/riscv/include -I/work/chipyard/tools/DRAMSim2 -I/work/chipyard/sims/verilator/generated-src/chipyard.harness.TestHarness.Baseline2CoreConfig/gen-collateral   -DVERILATOR -DVL_TIME_CONTEXT   -fcoroutines -include VTestDriver__pch.h.fast -c -o VTestDriver___024root__DepSet_h662e1026__51.o VTestDriver___024root__DepSet_h662e1026__51.cpp
g++ -Os  -I.  -MMD -I/usr/share/verilator/include -I/usr/share/verilator/include/vltstd -DVM_COVERAGE=0 -DVM_SC=0 -DVM_TRACE=0 -DVM_TRACE_FST=0 -DVM_TRACE_VCD=0 -faligned-new -fcf-protection=none -Wno-bool-operation -Wno-overloaded-virtual -Wno-shadow -Wno-sign-compare -Wno-uninitialized -Wno-unused-but-set-parameter -Wno-unused-but-set-variable -Wno-unused-parameter -Wno-unused-variable     -O3 -std=c++17 -I/work/riscv/include -I/work/chipyard/tools/DRAMSim2 -I/work/chipyard/sims/verilator/generated-src/chipyard.harness.TestHarness.Baseline2CoreConfig/gen-collateral   -DVERILATOR -DVL_TIME_CONTEXT   -fcoroutines -include VTestDriver__pch.h.fast -c -o VTestDriver___024root__DepSet_h662e1026__52.o VTestDriver___024root__DepSet_h662e1026__52.cpp
g++ -Os  -I.  -MMD -I/usr/share/verilator/include -I/usr/share/verilator/include/vltstd -DVM_COVERAGE=0 -DVM_SC=0 -DVM_TRACE=0 -DVM_TRACE_FST=0 -DVM_TRACE_VCD=0 -faligned-new -fcf-protection=none -Wno-bool-operation -Wno-overloaded-virtual -Wno-shadow -Wno-sign-compare -Wno-uninitialized -Wno-unused-but-set-parameter -Wno-unused-but-set-variable -Wno-unused-parameter -Wno-unused-variable     -O3 -std=c++17 -I/work/riscv/include -I/work/chipyard/tools/DRAMSim2 -I/work/chipyard/sims/verilator/generated-src/chipyard.harness.TestHarness.Baseline2CoreConfig/gen-collateral   -DVERILATOR -DVL_TIME_CONTEXT   -fcoroutines -include VTestDriver__pch.h.fast -c -o VTestDriver___024root__DepSet_h662e1026__53.o VTestDriver___024root__DepSet_h662e1026__53.cpp
g++ -Os  -I.  -MMD -I/usr/share/verilator/include -I/usr/share/verilator/include/vltstd -DVM_COVERAGE=0 -DVM_SC=0 -DVM_TRACE=0 -DVM_TRACE_FST=0 -DVM_TRACE_VCD=0 -faligned-new -fcf-protection=none -Wno-bool-operation -Wno-overloaded-virtual -Wno-shadow -Wno-sign-compare -Wno-uninitialized -Wno-unused-but-set-parameter -Wno-unused-but-set-variable -Wno-unused-parameter -Wno-unused-variable     -O3 -std=c++17 -I/work/riscv/include -I/work/chipyard/tools/DRAMSim2 -I/work/chipyard/sims/verilator/generated-src/chipyard.harness.TestHarness.Baseline2CoreConfig/gen-collateral   -DVERILATOR -DVL_TIME_CONTEXT   -fcoroutines -include VTestDriver__pch.h.fast -c -o VTestDriver___024root__DepSet_h662e1026__54.o VTestDriver___024root__DepSet_h662e1026__54.cpp
g++ -Os  -I.  -MMD -I/usr/share/verilator/include -I/usr/share/verilator/include/vltstd -DVM_COVERAGE=0 -DVM_SC=0 -DVM_TRACE=0 -DVM_TRACE_FST=0 -DVM_TRACE_VCD=0 -faligned-new -fcf-protection=none -Wno-bool-operation -Wno-overloaded-virtual -Wno-shadow -Wno-sign-compare -Wno-uninitialized -Wno-unused-but-set-parameter -Wno-unused-but-set-variable -Wno-unused-parameter -Wno-unused-variable     -O3 -std=c++17 -I/work/riscv/include -I/work/chipyard/tools/DRAMSim2 -I/work/chipyard/sims/verilator/generated-src/chipyard.harness.TestHarness.Baseline2CoreConfig/gen-collateral   -DVERILATOR -DVL_TIME_CONTEXT   -fcoroutines -include VTestDriver__pch.h.fast -c -o VTestDriver___024root__DepSet_h662e1026__55.o VTestDriver___024root__DepSet_h662e1026__55.cpp
g++ -Os  -I.  -MMD -I/usr/share/verilator/include -I/usr/share/verilator/include/vltstd -DVM_COVERAGE=0 -DVM_SC=0 -DVM_TRACE=0 -DVM_TRACE_FST=0 -DVM_TRACE_VCD=0 -faligned-new -fcf-protection=none -Wno-bool-operation -Wno-overloaded-virtual -Wno-shadow -Wno-sign-compare -Wno-uninitialized -Wno-unused-but-set-parameter -Wno-unused-but-set-variable -Wno-unused-parameter -Wno-unused-variable     -O3 -std=c++17 -I/work/riscv/include -I/work/chipyard/tools/DRAMSim2 -I/work/chipyard/sims/verilator/generated-src/chipyard.harness.TestHarness.Baseline2CoreConfig/gen-collateral   -DVERILATOR -DVL_TIME_CONTEXT   -fcoroutines -include VTestDriver__pch.h.fast -c -o VTestDriver___024root__DepSet_h662e1026__56.o VTestDriver___024root__DepSet_h662e1026__56.cpp
g++ -Os  -I.  -MMD -I/usr/share/verilator/include -I/usr/share/verilator/include/vltstd -DVM_COVERAGE=0 -DVM_SC=0 -DVM_TRACE=0 -DVM_TRACE_FST=0 -DVM_TRACE_VCD=0 -faligned-new -fcf-protection=none -Wno-bool-operation -Wno-overloaded-virtual -Wno-shadow -Wno-sign-compare -Wno-uninitialized -Wno-unused-but-set-parameter -Wno-unused-but-set-variable -Wno-unused-parameter -Wno-unused-variable     -O3 -std=c++17 -I/work/riscv/include -I/work/chipyard/tools/DRAMSim2 -I/work/chipyard/sims/verilator/generated-src/chipyard.harness.TestHarness.Baseline2CoreConfig/gen-collateral   -DVERILATOR -DVL_TIME_CONTEXT   -fcoroutines -include VTestDriver__pch.h.fast -c -o VTestDriver___024root__DepSet_h662e1026__57.o VTestDriver___024root__DepSet_h662e1026__57.cpp
g++ -Os  -I.  -MMD -I/usr/share/verilator/include -I/usr/share/verilator/include/vltstd -DVM_COVERAGE=0 -DVM_SC=0 -DVM_TRACE=0 -DVM_TRACE_FST=0 -DVM_TRACE_VCD=0 -faligned-new -fcf-protection=none -Wno-bool-operation -Wno-overloaded-virtual -Wno-shadow -Wno-sign-compare -Wno-uninitialized -Wno-unused-but-set-parameter -Wno-unused-but-set-variable -Wno-unused-parameter -Wno-unused-variable     -O3 -std=c++17 -I/work/riscv/include -I/work/chipyard/tools/DRAMSim2 -I/work/chipyard/sims/verilator/generated-src/chipyard.harness.TestHarness.Baseline2CoreConfig/gen-collateral   -DVERILATOR -DVL_TIME_CONTEXT   -fcoroutines -include VTestDriver__pch.h.fast -c -o VTestDriver___024root__DepSet_h662e1026__58.o VTestDriver___024root__DepSet_h662e1026__58.cpp
g++ -Os  -I.  -MMD -I/usr/share/verilator/include -I/usr/share/verilator/include/vltstd -DVM_COVERAGE=0 -DVM_SC=0 -DVM_TRACE=0 -DVM_TRACE_FST=0 -DVM_TRACE_VCD=0 -faligned-new -fcf-protection=none -Wno-bool-operation -Wno-overloaded-virtual -Wno-shadow -Wno-sign-compare -Wno-uninitialized -Wno-unused-but-set-parameter -Wno-unused-but-set-variable -Wno-unused-parameter -Wno-unused-variable     -O3 -std=c++17 -I/work/riscv/include -I/work/chipyard/tools/DRAMSim2 -I/work/chipyard/sims/verilator/generated-src/chipyard.harness.TestHarness.Baseline2CoreConfig/gen-collateral   -DVERILATOR -DVL_TIME_CONTEXT   -fcoroutines -include VTestDriver__pch.h.fast -c -o VTestDriver___024root__DepSet_h662e1026__59.o VTestDriver___024root__DepSet_h662e1026__59.cpp
g++ -Os  -I.  -MMD -I/usr/share/verilator/include -I/usr/share/verilator/include/vltstd -DVM_COVERAGE=0 -DVM_SC=0 -DVM_TRACE=0 -DVM_TRACE_FST=0 -DVM_TRACE_VCD=0 -faligned-new -fcf-protection=none -Wno-bool-operation -Wno-overloaded-virtual -Wno-shadow -Wno-sign-compare -Wno-uninitialized -Wno-unused-but-set-parameter -Wno-unused-but-set-variable -Wno-unused-parameter -Wno-unused-variable     -O3 -std=c++17 -I/work/riscv/include -I/work/chipyard/tools/DRAMSim2 -I/work/chipyard/sims/verilator/generated-src/chipyard.harness.TestHarness.Baseline2CoreConfig/gen-collateral   -DVERILATOR -DVL_TIME_CONTEXT   -fcoroutines -include VTestDriver__pch.h.fast -c -o VTestDriver___024root__DepSet_h662e1026__60.o VTestDriver___024root__DepSet_h662e1026__60.cpp
g++ -Os  -I.  -MMD -I/usr/share/verilator/include -I/usr/share/verilator/include/vltstd -DVM_COVERAGE=0 -DVM_SC=0 -DVM_TRACE=0 -DVM_TRACE_FST=0 -DVM_TRACE_VCD=0 -faligned-new -fcf-protection=none -Wno-bool-operation -Wno-overloaded-virtual -Wno-shadow -Wno-sign-compare -Wno-uninitialized -Wno-unused-but-set-parameter -Wno-unused-but-set-variable -Wno-unused-parameter -Wno-unused-variable     -O3 -std=c++17 -I/work/riscv/include -I/work/chipyard/tools/DRAMSim2 -I/work/chipyard/sims/verilator/generated-src/chipyard.harness.TestHarness.Baseline2CoreConfig/gen-collateral   -DVERILATOR -DVL_TIME_CONTEXT   -fcoroutines -include VTestDriver__pch.h.fast -c -o VTestDriver___024root__DepSet_h662e1026__61.o VTestDriver___024root__DepSet_h662e1026__61.cpp
g++ -Os  -I.  -MMD -I/usr/share/verilator/include -I/usr/share/verilator/include/vltstd -DVM_COVERAGE=0 -DVM_SC=0 -DVM_TRACE=0 -DVM_TRACE_FST=0 -DVM_TRACE_VCD=0 -faligned-new -fcf-protection=none -Wno-bool-operation -Wno-overloaded-virtual -Wno-shadow -Wno-sign-compare -Wno-uninitialized -Wno-unused-but-set-parameter -Wno-unused-but-set-variable -Wno-unused-parameter -Wno-unused-variable     -O3 -std=c++17 -I/work/riscv/include -I/work/chipyard/tools/DRAMSim2 -I/work/chipyard/sims/verilator/generated-src/chipyard.harness.TestHarness.Baseline2CoreConfig/gen-collateral   -DVERILATOR -DVL_TIME_CONTEXT   -fcoroutines -include VTestDriver__pch.h.fast -c -o VTestDriver___024root__DepSet_h662e1026__62.o VTestDriver___024root__DepSet_h662e1026__62.cpp
g++ -Os  -I.  -MMD -I/usr/share/verilator/include -I/usr/share/verilator/include/vltstd -DVM_COVERAGE=0 -DVM_SC=0 -DVM_TRACE=0 -DVM_TRACE_FST=0 -DVM_TRACE_VCD=0 -faligned-new -fcf-protection=none -Wno-bool-operation -Wno-overloaded-virtual -Wno-shadow -Wno-sign-compare -Wno-uninitialized -Wno-unused-but-set-parameter -Wno-unused-but-set-variable -Wno-unused-parameter -Wno-unused-variable     -O3 -std=c++17 -I/work/riscv/include -I/work/chipyard/tools/DRAMSim2 -I/work/chipyard/sims/verilator/generated-src/chipyard.harness.TestHarness.Baseline2CoreConfig/gen-collateral   -DVERILATOR -DVL_TIME_CONTEXT   -fcoroutines -include VTestDriver__pch.h.fast -c -o VTestDriver___024root__DepSet_h662e1026__63.o VTestDriver___024root__DepSet_h662e1026__63.cpp
g++ -Os  -I.  -MMD -I/usr/share/verilator/include -I/usr/share/verilator/include/vltstd -DVM_COVERAGE=0 -DVM_SC=0 -DVM_TRACE=0 -DVM_TRACE_FST=0 -DVM_TRACE_VCD=0 -faligned-new -fcf-protection=none -Wno-bool-operation -Wno-overloaded-virtual -Wno-shadow -Wno-sign-compare -Wno-uninitialized -Wno-unused-but-set-parameter -Wno-unused-but-set-variable -Wno-unused-parameter -Wno-unused-variable     -O3 -std=c++17 -I/work/riscv/include -I/work/chipyard/tools/DRAMSim2 -I/work/chipyard/sims/verilator/generated-src/chipyard.harness.TestHarness.Baseline2CoreConfig/gen-collateral   -DVERILATOR -DVL_TIME_CONTEXT   -fcoroutines -include VTestDriver__pch.h.fast -c -o VTestDriver___024root__DepSet_h662e1026__64.o VTestDriver___024root__DepSet_h662e1026__64.cpp
g++ -Os  -I.  -MMD -I/usr/share/verilator/include -I/usr/share/verilator/include/vltstd -DVM_COVERAGE=0 -DVM_SC=0 -DVM_TRACE=0 -DVM_TRACE_FST=0 -DVM_TRACE_VCD=0 -faligned-new -fcf-protection=none -Wno-bool-operation -Wno-overloaded-virtual -Wno-shadow -Wno-sign-compare -Wno-uninitialized -Wno-unused-but-set-parameter -Wno-unused-but-set-variable -Wno-unused-parameter -Wno-unused-variable     -O3 -std=c++17 -I/work/riscv/include -I/work/chipyard/tools/DRAMSim2 -I/work/chipyard/sims/verilator/generated-src/chipyard.harness.TestHarness.Baseline2CoreConfig/gen-collateral   -DVERILATOR -DVL_TIME_CONTEXT   -fcoroutines -include VTestDriver__pch.h.fast -c -o VTestDriver___024root__DepSet_hbb6e3b65__0.o VTestDriver___024root__DepSet_hbb6e3b65__0.cpp
g++ -Os  -I.  -MMD -I/usr/share/verilator/include -I/usr/share/verilator/include/vltstd -DVM_COVERAGE=0 -DVM_SC=0 -DVM_TRACE=0 -DVM_TRACE_FST=0 -DVM_TRACE_VCD=0 -faligned-new -fcf-protection=none -Wno-bool-operation -Wno-overloaded-virtual -Wno-shadow -Wno-sign-compare -Wno-uninitialized -Wno-unused-but-set-parameter -Wno-unused-but-set-variable -Wno-unused-parameter -Wno-unused-variable     -O3 -std=c++17 -I/work/riscv/include -I/work/chipyard/tools/DRAMSim2 -I/work/chipyard/sims/verilator/generated-src/chipyard.harness.TestHarness.Baseline2CoreConfig/gen-collateral   -DVERILATOR -DVL_TIME_CONTEXT   -fcoroutines -include VTestDriver__pch.h.fast -c -o VTestDriver___024root__DepSet_hbb6e3b65__1.o VTestDriver___024root__DepSet_hbb6e3b65__1.cpp
g++ -Os  -I.  -MMD -I/usr/share/verilator/include -I/usr/share/verilator/include/vltstd -DVM_COVERAGE=0 -DVM_SC=0 -DVM_TRACE=0 -DVM_TRACE_FST=0 -DVM_TRACE_VCD=0 -faligned-new -fcf-protection=none -Wno-bool-operation -Wno-overloaded-virtual -Wno-shadow -Wno-sign-compare -Wno-uninitialized -Wno-unused-but-set-parameter -Wno-unused-but-set-variable -Wno-unused-parameter -Wno-unused-variable     -O3 -std=c++17 -I/work/riscv/include -I/work/chipyard/tools/DRAMSim2 -I/work/chipyard/sims/verilator/generated-src/chipyard.harness.TestHarness.Baseline2CoreConfig/gen-collateral   -DVERILATOR -DVL_TIME_CONTEXT   -fcoroutines -include VTestDriver__pch.h.fast -c -o VTestDriver___024root__DepSet_hbb6e3b65__2.o VTestDriver___024root__DepSet_hbb6e3b65__2.cpp
g++ -Os  -I.  -MMD -I/usr/share/verilator/include -I/usr/share/verilator/include/vltstd -DVM_COVERAGE=0 -DVM_SC=0 -DVM_TRACE=0 -DVM_TRACE_FST=0 -DVM_TRACE_VCD=0 -faligned-new -fcf-protection=none -Wno-bool-operation -Wno-overloaded-virtual -Wno-shadow -Wno-sign-compare -Wno-uninitialized -Wno-unused-but-set-parameter -Wno-unused-but-set-variable -Wno-unused-parameter -Wno-unused-variable     -O3 -std=c++17 -I/work/riscv/include -I/work/chipyard/tools/DRAMSim2 -I/work/chipyard/sims/verilator/generated-src/chipyard.harness.TestHarness.Baseline2CoreConfig/gen-collateral   -DVERILATOR -DVL_TIME_CONTEXT   -fcoroutines -include VTestDriver__pch.h.fast -c -o VTestDriver___024root__DepSet_hbb6e3b65__3.o VTestDriver___024root__DepSet_hbb6e3b65__3.cpp
g++ -Os  -I.  -MMD -I/usr/share/verilator/include -I/usr/share/verilator/include/vltstd -DVM_COVERAGE=0 -DVM_SC=0 -DVM_TRACE=0 -DVM_TRACE_FST=0 -DVM_TRACE_VCD=0 -faligned-new -fcf-protection=none -Wno-bool-operation -Wno-overloaded-virtual -Wno-shadow -Wno-sign-compare -Wno-uninitialized -Wno-unused-but-set-parameter -Wno-unused-but-set-variable -Wno-unused-parameter -Wno-unused-variable     -O3 -std=c++17 -I/work/riscv/include -I/work/chipyard/tools/DRAMSim2 -I/work/chipyard/sims/verilator/generated-src/chipyard.harness.TestHarness.Baseline2CoreConfig/gen-collateral   -DVERILATOR -DVL_TIME_CONTEXT   -fcoroutines -include VTestDriver__pch.h.fast -c -o VTestDriver___024root__DepSet_hbb6e3b65__4.o VTestDriver___024root__DepSet_hbb6e3b65__4.cpp
g++ -Os  -I.  -MMD -I/usr/share/verilator/include -I/usr/share/verilator/include/vltstd -DVM_COVERAGE=0 -DVM_SC=0 -DVM_TRACE=0 -DVM_TRACE_FST=0 -DVM_TRACE_VCD=0 -faligned-new -fcf-protection=none -Wno-bool-operation -Wno-overloaded-virtual -Wno-shadow -Wno-sign-compare -Wno-uninitialized -Wno-unused-but-set-parameter -Wno-unused-but-set-variable -Wno-unused-parameter -Wno-unused-variable     -O3 -std=c++17 -I/work/riscv/include -I/work/chipyard/tools/DRAMSim2 -I/work/chipyard/sims/verilator/generated-src/chipyard.harness.TestHarness.Baseline2CoreConfig/gen-collateral   -DVERILATOR -DVL_TIME_CONTEXT   -fcoroutines -include VTestDriver__pch.h.fast -c -o VTestDriver___024root__DepSet_hbb6e3b65__5.o VTestDriver___024root__DepSet_hbb6e3b65__5.cpp
g++ -Os  -I.  -MMD -I/usr/share/verilator/include -I/usr/share/verilator/include/vltstd -DVM_COVERAGE=0 -DVM_SC=0 -DVM_TRACE=0 -DVM_TRACE_FST=0 -DVM_TRACE_VCD=0 -faligned-new -fcf-protection=none -Wno-bool-operation -Wno-overloaded-virtual -Wno-shadow -Wno-sign-compare -Wno-uninitialized -Wno-unused-but-set-parameter -Wno-unused-but-set-variable -Wno-unused-parameter -Wno-unused-variable     -O3 -std=c++17 -I/work/riscv/include -I/work/chipyard/tools/DRAMSim2 -I/work/chipyard/sims/verilator/generated-src/chipyard.harness.TestHarness.Baseline2CoreConfig/gen-collateral   -DVERILATOR -DVL_TIME_CONTEXT   -fcoroutines -include VTestDriver__pch.h.fast -c -o VTestDriver___024root__DepSet_hbb6e3b65__6.o VTestDriver___024root__DepSet_hbb6e3b65__6.cpp
g++ -Os  -I.  -MMD -I/usr/share/verilator/include -I/usr/share/verilator/include/vltstd -DVM_COVERAGE=0 -DVM_SC=0 -DVM_TRACE=0 -DVM_TRACE_FST=0 -DVM_TRACE_VCD=0 -faligned-new -fcf-protection=none -Wno-bool-operation -Wno-overloaded-virtual -Wno-shadow -Wno-sign-compare -Wno-uninitialized -Wno-unused-but-set-parameter -Wno-unused-but-set-variable -Wno-unused-parameter -Wno-unused-variable     -O3 -std=c++17 -I/work/riscv/include -I/work/chipyard/tools/DRAMSim2 -I/work/chipyard/sims/verilator/generated-src/chipyard.harness.TestHarness.Baseline2CoreConfig/gen-collateral   -DVERILATOR -DVL_TIME_CONTEXT   -fcoroutines -include VTestDriver__pch.h.fast -c -o VTestDriver___024root__DepSet_hbb6e3b65__7.o VTestDriver___024root__DepSet_hbb6e3b65__7.cpp
g++ -Os  -I.  -MMD -I/usr/share/verilator/include -I/usr/share/verilator/include/vltstd -DVM_COVERAGE=0 -DVM_SC=0 -DVM_TRACE=0 -DVM_TRACE_FST=0 -DVM_TRACE_VCD=0 -faligned-new -fcf-protection=none -Wno-bool-operation -Wno-overloaded-virtual -Wno-shadow -Wno-sign-compare -Wno-uninitialized -Wno-unused-but-set-parameter -Wno-unused-but-set-variable -Wno-unused-parameter -Wno-unused-variable     -O3 -std=c++17 -I/work/riscv/include -I/work/chipyard/tools/DRAMSim2 -I/work/chipyard/sims/verilator/generated-src/chipyard.harness.TestHarness.Baseline2CoreConfig/gen-collateral   -DVERILATOR -DVL_TIME_CONTEXT   -fcoroutines -include VTestDriver__pch.h.fast -c -o VTestDriver___024root__DepSet_hbb6e3b65__8.o VTestDriver___024root__DepSet_hbb6e3b65__8.cpp
g++ -Os  -I.  -MMD -I/usr/share/verilator/include -I/usr/share/verilator/include/vltstd -DVM_COVERAGE=0 -DVM_SC=0 -DVM_TRACE=0 -DVM_TRACE_FST=0 -DVM_TRACE_VCD=0 -faligned-new -fcf-protection=none -Wno-bool-operation -Wno-overloaded-virtual -Wno-shadow -Wno-sign-compare -Wno-uninitialized -Wno-unused-but-set-parameter -Wno-unused-but-set-variable -Wno-unused-parameter -Wno-unused-variable     -O3 -std=c++17 -I/work/riscv/include -I/work/chipyard/tools/DRAMSim2 -I/work/chipyard/sims/verilator/generated-src/chipyard.harness.TestHarness.Baseline2CoreConfig/gen-collateral   -DVERILATOR -DVL_TIME_CONTEXT   -fcoroutines -include VTestDriver__pch.h.fast -c -o VTestDriver___024root__DepSet_hbb6e3b65__9.o VTestDriver___024root__DepSet_hbb6e3b65__9.cpp
g++ -Os  -I.  -MMD -I/usr/share/verilator/include -I/usr/share/verilator/include/vltstd -DVM_COVERAGE=0 -DVM_SC=0 -DVM_TRACE=0 -DVM_TRACE_FST=0 -DVM_TRACE_VCD=0 -faligned-new -fcf-protection=none -Wno-bool-operation -Wno-overloaded-virtual -Wno-shadow -Wno-sign-compare -Wno-uninitialized -Wno-unused-but-set-parameter -Wno-unused-but-set-variable -Wno-unused-parameter -Wno-unused-variable     -O3 -std=c++17 -I/work/riscv/include -I/work/chipyard/tools/DRAMSim2 -I/work/chipyard/sims/verilator/generated-src/chipyard.harness.TestHarness.Baseline2CoreConfig/gen-collateral   -DVERILATOR -DVL_TIME_CONTEXT   -fcoroutines -include VTestDriver__pch.h.fast -c -o VTestDriver___024root__DepSet_hbb6e3b65__10.o VTestDriver___024root__DepSet_hbb6e3b65__10.cpp
g++ -Os  -I.  -MMD -I/usr/share/verilator/include -I/usr/share/verilator/include/vltstd -DVM_COVERAGE=0 -DVM_SC=0 -DVM_TRACE=0 -DVM_TRACE_FST=0 -DVM_TRACE_VCD=0 -faligned-new -fcf-protection=none -Wno-bool-operation -Wno-overloaded-virtual -Wno-shadow -Wno-sign-compare -Wno-uninitialized -Wno-unused-but-set-parameter -Wno-unused-but-set-variable -Wno-unused-parameter -Wno-unused-variable     -O3 -std=c++17 -I/work/riscv/include -I/work/chipyard/tools/DRAMSim2 -I/work/chipyard/sims/verilator/generated-src/chipyard.harness.TestHarness.Baseline2CoreConfig/gen-collateral   -DVERILATOR -DVL_TIME_CONTEXT   -fcoroutines -include VTestDriver__pch.h.fast -c -o VTestDriver___024root__DepSet_hbb6e3b65__11.o VTestDriver___024root__DepSet_hbb6e3b65__11.cpp
g++ -Os  -I.  -MMD -I/usr/share/verilator/include -I/usr/share/verilator/include/vltstd -DVM_COVERAGE=0 -DVM_SC=0 -DVM_TRACE=0 -DVM_TRACE_FST=0 -DVM_TRACE_VCD=0 -faligned-new -fcf-protection=none -Wno-bool-operation -Wno-overloaded-virtual -Wno-shadow -Wno-sign-compare -Wno-uninitialized -Wno-unused-but-set-parameter -Wno-unused-but-set-variable -Wno-unused-parameter -Wno-unused-variable     -O3 -std=c++17 -I/work/riscv/include -I/work/chipyard/tools/DRAMSim2 -I/work/chipyard/sims/verilator/generated-src/chipyard.harness.TestHarness.Baseline2CoreConfig/gen-collateral   -DVERILATOR -DVL_TIME_CONTEXT   -fcoroutines -include VTestDriver__pch.h.fast -c -o VTestDriver___024root__DepSet_hbb6e3b65__12.o VTestDriver___024root__DepSet_hbb6e3b65__12.cpp
g++ -Os  -I.  -MMD -I/usr/share/verilator/include -I/usr/share/verilator/include/vltstd -DVM_COVERAGE=0 -DVM_SC=0 -DVM_TRACE=0 -DVM_TRACE_FST=0 -DVM_TRACE_VCD=0 -faligned-new -fcf-protection=none -Wno-bool-operation -Wno-overloaded-virtual -Wno-shadow -Wno-sign-compare -Wno-uninitialized -Wno-unused-but-set-parameter -Wno-unused-but-set-variable -Wno-unused-parameter -Wno-unused-variable     -O3 -std=c++17 -I/work/riscv/include -I/work/chipyard/tools/DRAMSim2 -I/work/chipyard/sims/verilator/generated-src/chipyard.harness.TestHarness.Baseline2CoreConfig/gen-collateral   -DVERILATOR -DVL_TIME_CONTEXT   -fcoroutines -include VTestDriver__pch.h.fast -c -o VTestDriver___024root__DepSet_hbb6e3b65__13.o VTestDriver___024root__DepSet_hbb6e3b65__13.cpp
g++ -Os  -I.  -MMD -I/usr/share/verilator/include -I/usr/share/verilator/include/vltstd -DVM_COVERAGE=0 -DVM_SC=0 -DVM_TRACE=0 -DVM_TRACE_FST=0 -DVM_TRACE_VCD=0 -faligned-new -fcf-protection=none -Wno-bool-operation -Wno-overloaded-virtual -Wno-shadow -Wno-sign-compare -Wno-uninitialized -Wno-unused-but-set-parameter -Wno-unused-but-set-variable -Wno-unused-parameter -Wno-unused-variable     -O3 -std=c++17 -I/work/riscv/include -I/work/chipyard/tools/DRAMSim2 -I/work/chipyard/sims/verilator/generated-src/chipyard.harness.TestHarness.Baseline2CoreConfig/gen-collateral   -DVERILATOR -DVL_TIME_CONTEXT   -fcoroutines -include VTestDriver__pch.h.fast -c -o VTestDriver___024root__DepSet_hbb6e3b65__14.o VTestDriver___024root__DepSet_hbb6e3b65__14.cpp
g++ -Os  -I.  -MMD -I/usr/share/verilator/include -I/usr/share/verilator/include/vltstd -DVM_COVERAGE=0 -DVM_SC=0 -DVM_TRACE=0 -DVM_TRACE_FST=0 -DVM_TRACE_VCD=0 -faligned-new -fcf-protection=none -Wno-bool-operation -Wno-overloaded-virtual -Wno-shadow -Wno-sign-compare -Wno-uninitialized -Wno-unused-but-set-parameter -Wno-unused-but-set-variable -Wno-unused-parameter -Wno-unused-variable     -O3 -std=c++17 -I/work/riscv/include -I/work/chipyard/tools/DRAMSim2 -I/work/chipyard/sims/verilator/generated-src/chipyard.harness.TestHarness.Baseline2CoreConfig/gen-collateral   -DVERILATOR -DVL_TIME_CONTEXT   -fcoroutines -include VTestDriver__pch.h.fast -c -o VTestDriver___024root__DepSet_hbb6e3b65__15.o VTestDriver___024root__DepSet_hbb6e3b65__15.cpp
g++ -Os  -I.  -MMD -I/usr/share/verilator/include -I/usr/share/verilator/include/vltstd -DVM_COVERAGE=0 -DVM_SC=0 -DVM_TRACE=0 -DVM_TRACE_FST=0 -DVM_TRACE_VCD=0 -faligned-new -fcf-protection=none -Wno-bool-operation -Wno-overloaded-virtual -Wno-shadow -Wno-sign-compare -Wno-uninitialized -Wno-unused-but-set-parameter -Wno-unused-but-set-variable -Wno-unused-parameter -Wno-unused-variable     -O3 -std=c++17 -I/work/riscv/include -I/work/chipyard/tools/DRAMSim2 -I/work/chipyard/sims/verilator/generated-src/chipyard.harness.TestHarness.Baseline2CoreConfig/gen-collateral   -DVERILATOR -DVL_TIME_CONTEXT   -fcoroutines -include VTestDriver__pch.h.fast -c -o VTestDriver___024root__DepSet_hbb6e3b65__16.o VTestDriver___024root__DepSet_hbb6e3b65__16.cpp
g++ -Os  -I.  -MMD -I/usr/share/verilator/include -I/usr/share/verilator/include/vltstd -DVM_COVERAGE=0 -DVM_SC=0 -DVM_TRACE=0 -DVM_TRACE_FST=0 -DVM_TRACE_VCD=0 -faligned-new -fcf-protection=none -Wno-bool-operation -Wno-overloaded-virtual -Wno-shadow -Wno-sign-compare -Wno-uninitialized -Wno-unused-but-set-parameter -Wno-unused-but-set-variable -Wno-unused-parameter -Wno-unused-variable     -O3 -std=c++17 -I/work/riscv/include -I/work/chipyard/tools/DRAMSim2 -I/work/chipyard/sims/verilator/generated-src/chipyard.harness.TestHarness.Baseline2CoreConfig/gen-collateral   -DVERILATOR -DVL_TIME_CONTEXT   -fcoroutines -include VTestDriver__pch.h.fast -c -o VTestDriver___024root__DepSet_hbb6e3b65__17.o VTestDriver___024root__DepSet_hbb6e3b65__17.cpp
g++ -Os  -I.  -MMD -I/usr/share/verilator/include -I/usr/share/verilator/include/vltstd -DVM_COVERAGE=0 -DVM_SC=0 -DVM_TRACE=0 -DVM_TRACE_FST=0 -DVM_TRACE_VCD=0 -faligned-new -fcf-protection=none -Wno-bool-operation -Wno-overloaded-virtual -Wno-shadow -Wno-sign-compare -Wno-uninitialized -Wno-unused-but-set-parameter -Wno-unused-but-set-variable -Wno-unused-parameter -Wno-unused-variable     -O3 -std=c++17 -I/work/riscv/include -I/work/chipyard/tools/DRAMSim2 -I/work/chipyard/sims/verilator/generated-src/chipyard.harness.TestHarness.Baseline2CoreConfig/gen-collateral   -DVERILATOR -DVL_TIME_CONTEXT   -fcoroutines -include VTestDriver__pch.h.fast -c -o VTestDriver___024root__DepSet_hbb6e3b65__18.o VTestDriver___024root__DepSet_hbb6e3b65__18.cpp
g++ -Os  -I.  -MMD -I/usr/share/verilator/include -I/usr/share/verilator/include/vltstd -DVM_COVERAGE=0 -DVM_SC=0 -DVM_TRACE=0 -DVM_TRACE_FST=0 -DVM_TRACE_VCD=0 -faligned-new -fcf-protection=none -Wno-bool-operation -Wno-overloaded-virtual -Wno-shadow -Wno-sign-compare -Wno-uninitialized -Wno-unused-but-set-parameter -Wno-unused-but-set-variable -Wno-unused-parameter -Wno-unused-variable     -O3 -std=c++17 -I/work/riscv/include -I/work/chipyard/tools/DRAMSim2 -I/work/chipyard/sims/verilator/generated-src/chipyard.harness.TestHarness.Baseline2CoreConfig/gen-collateral   -DVERILATOR -DVL_TIME_CONTEXT   -fcoroutines -include VTestDriver__pch.h.fast -c -o VTestDriver___024root__DepSet_hbb6e3b65__19.o VTestDriver___024root__DepSet_hbb6e3b65__19.cpp
g++ -Os  -I.  -MMD -I/usr/share/verilator/include -I/usr/share/verilator/include/vltstd -DVM_COVERAGE=0 -DVM_SC=0 -DVM_TRACE=0 -DVM_TRACE_FST=0 -DVM_TRACE_VCD=0 -faligned-new -fcf-protection=none -Wno-bool-operation -Wno-overloaded-virtual -Wno-shadow -Wno-sign-compare -Wno-uninitialized -Wno-unused-but-set-parameter -Wno-unused-but-set-variable -Wno-unused-parameter -Wno-unused-variable     -O3 -std=c++17 -I/work/riscv/include -I/work/chipyard/tools/DRAMSim2 -I/work/chipyard/sims/verilator/generated-src/chipyard.harness.TestHarness.Baseline2CoreConfig/gen-collateral   -DVERILATOR -DVL_TIME_CONTEXT   -fcoroutines -include VTestDriver__pch.h.fast -c -o VTestDriver___024root__DepSet_hbb6e3b65__20.o VTestDriver___024root__DepSet_hbb6e3b65__20.cpp
g++ -Os  -I.  -MMD -I/usr/share/verilator/include -I/usr/share/verilator/include/vltstd -DVM_COVERAGE=0 -DVM_SC=0 -DVM_TRACE=0 -DVM_TRACE_FST=0 -DVM_TRACE_VCD=0 -faligned-new -fcf-protection=none -Wno-bool-operation -Wno-overloaded-virtual -Wno-shadow -Wno-sign-compare -Wno-uninitialized -Wno-unused-but-set-parameter -Wno-unused-but-set-variable -Wno-unused-parameter -Wno-unused-variable     -O3 -std=c++17 -I/work/riscv/include -I/work/chipyard/tools/DRAMSim2 -I/work/chipyard/sims/verilator/generated-src/chipyard.harness.TestHarness.Baseline2CoreConfig/gen-collateral   -DVERILATOR -DVL_TIME_CONTEXT   -fcoroutines -include VTestDriver__pch.h.fast -c -o VTestDriver___024root__DepSet_hbb6e3b65__21.o VTestDriver___024root__DepSet_hbb6e3b65__21.cpp
g++ -Os  -I.  -MMD -I/usr/share/verilator/include -I/usr/share/verilator/include/vltstd -DVM_COVERAGE=0 -DVM_SC=0 -DVM_TRACE=0 -DVM_TRACE_FST=0 -DVM_TRACE_VCD=0 -faligned-new -fcf-protection=none -Wno-bool-operation -Wno-overloaded-virtual -Wno-shadow -Wno-sign-compare -Wno-uninitialized -Wno-unused-but-set-parameter -Wno-unused-but-set-variable -Wno-unused-parameter -Wno-unused-variable     -O3 -std=c++17 -I/work/riscv/include -I/work/chipyard/tools/DRAMSim2 -I/work/chipyard/sims/verilator/generated-src/chipyard.harness.TestHarness.Baseline2CoreConfig/gen-collateral   -DVERILATOR -DVL_TIME_CONTEXT   -fcoroutines -include VTestDriver__pch.h.fast -c -o VTestDriver___024root__DepSet_hbb6e3b65__22.o VTestDriver___024root__DepSet_hbb6e3b65__22.cpp
g++ -Os  -I.  -MMD -I/usr/share/verilator/include -I/usr/share/verilator/include/vltstd -DVM_COVERAGE=0 -DVM_SC=0 -DVM_TRACE=0 -DVM_TRACE_FST=0 -DVM_TRACE_VCD=0 -faligned-new -fcf-protection=none -Wno-bool-operation -Wno-overloaded-virtual -Wno-shadow -Wno-sign-compare -Wno-uninitialized -Wno-unused-but-set-parameter -Wno-unused-but-set-variable -Wno-unused-parameter -Wno-unused-variable     -O3 -std=c++17 -I/work/riscv/include -I/work/chipyard/tools/DRAMSim2 -I/work/chipyard/sims/verilator/generated-src/chipyard.harness.TestHarness.Baseline2CoreConfig/gen-collateral   -DVERILATOR -DVL_TIME_CONTEXT   -fcoroutines -include VTestDriver__pch.h.fast -c -o VTestDriver___024root__DepSet_hbb6e3b65__23.o VTestDriver___024root__DepSet_hbb6e3b65__23.cpp
g++ -Os  -I.  -MMD -I/usr/share/verilator/include -I/usr/share/verilator/include/vltstd -DVM_COVERAGE=0 -DVM_SC=0 -DVM_TRACE=0 -DVM_TRACE_FST=0 -DVM_TRACE_VCD=0 -faligned-new -fcf-protection=none -Wno-bool-operation -Wno-overloaded-virtual -Wno-shadow -Wno-sign-compare -Wno-uninitialized -Wno-unused-but-set-parameter -Wno-unused-but-set-variable -Wno-unused-parameter -Wno-unused-variable     -O3 -std=c++17 -I/work/riscv/include -I/work/chipyard/tools/DRAMSim2 -I/work/chipyard/sims/verilator/generated-src/chipyard.harness.TestHarness.Baseline2CoreConfig/gen-collateral   -DVERILATOR -DVL_TIME_CONTEXT   -fcoroutines -include VTestDriver__pch.h.fast -c -o VTestDriver___024root__DepSet_hbb6e3b65__24.o VTestDriver___024root__DepSet_hbb6e3b65__24.cpp
g++ -Os  -I.  -MMD -I/usr/share/verilator/include -I/usr/share/verilator/include/vltstd -DVM_COVERAGE=0 -DVM_SC=0 -DVM_TRACE=0 -DVM_TRACE_FST=0 -DVM_TRACE_VCD=0 -faligned-new -fcf-protection=none -Wno-bool-operation -Wno-overloaded-virtual -Wno-shadow -Wno-sign-compare -Wno-uninitialized -Wno-unused-but-set-parameter -Wno-unused-but-set-variable -Wno-unused-parameter -Wno-unused-variable     -O3 -std=c++17 -I/work/riscv/include -I/work/chipyard/tools/DRAMSim2 -I/work/chipyard/sims/verilator/generated-src/chipyard.harness.TestHarness.Baseline2CoreConfig/gen-collateral   -DVERILATOR -DVL_TIME_CONTEXT   -fcoroutines -include VTestDriver__pch.h.fast -c -o VTestDriver___024root__DepSet_hbb6e3b65__25.o VTestDriver___024root__DepSet_hbb6e3b65__25.cpp
g++ -Os  -I.  -MMD -I/usr/share/verilator/include -I/usr/share/verilator/include/vltstd -DVM_COVERAGE=0 -DVM_SC=0 -DVM_TRACE=0 -DVM_TRACE_FST=0 -DVM_TRACE_VCD=0 -faligned-new -fcf-protection=none -Wno-bool-operation -Wno-overloaded-virtual -Wno-shadow -Wno-sign-compare -Wno-uninitialized -Wno-unused-but-set-parameter -Wno-unused-but-set-variable -Wno-unused-parameter -Wno-unused-variable     -O3 -std=c++17 -I/work/riscv/include -I/work/chipyard/tools/DRAMSim2 -I/work/chipyard/sims/verilator/generated-src/chipyard.harness.TestHarness.Baseline2CoreConfig/gen-collateral   -DVERILATOR -DVL_TIME_CONTEXT   -fcoroutines -include VTestDriver__pch.h.fast -c -o VTestDriver___024root__DepSet_hbb6e3b65__26.o VTestDriver___024root__DepSet_hbb6e3b65__26.cpp
g++ -Os  -I.  -MMD -I/usr/share/verilator/include -I/usr/share/verilator/include/vltstd -DVM_COVERAGE=0 -DVM_SC=0 -DVM_TRACE=0 -DVM_TRACE_FST=0 -DVM_TRACE_VCD=0 -faligned-new -fcf-protection=none -Wno-bool-operation -Wno-overloaded-virtual -Wno-shadow -Wno-sign-compare -Wno-uninitialized -Wno-unused-but-set-parameter -Wno-unused-but-set-variable -Wno-unused-parameter -Wno-unused-variable     -O3 -std=c++17 -I/work/riscv/include -I/work/chipyard/tools/DRAMSim2 -I/work/chipyard/sims/verilator/generated-src/chipyard.harness.TestHarness.Baseline2CoreConfig/gen-collateral   -DVERILATOR -DVL_TIME_CONTEXT   -fcoroutines -include VTestDriver__pch.h.fast -c -o VTestDriver___024root__DepSet_hbb6e3b65__27.o VTestDriver___024root__DepSet_hbb6e3b65__27.cpp
g++ -Os  -I.  -MMD -I/usr/share/verilator/include -I/usr/share/verilator/include/vltstd -DVM_COVERAGE=0 -DVM_SC=0 -DVM_TRACE=0 -DVM_TRACE_FST=0 -DVM_TRACE_VCD=0 -faligned-new -fcf-protection=none -Wno-bool-operation -Wno-overloaded-virtual -Wno-shadow -Wno-sign-compare -Wno-uninitialized -Wno-unused-but-set-parameter -Wno-unused-but-set-variable -Wno-unused-parameter -Wno-unused-variable     -O3 -std=c++17 -I/work/riscv/include -I/work/chipyard/tools/DRAMSim2 -I/work/chipyard/sims/verilator/generated-src/chipyard.harness.TestHarness.Baseline2CoreConfig/gen-collateral   -DVERILATOR -DVL_TIME_CONTEXT   -fcoroutines -include VTestDriver__pch.h.fast -c -o VTestDriver___024root__DepSet_hbb6e3b65__28.o VTestDriver___024root__DepSet_hbb6e3b65__28.cpp
g++ -Os  -I.  -MMD -I/usr/share/verilator/include -I/usr/share/verilator/include/vltstd -DVM_COVERAGE=0 -DVM_SC=0 -DVM_TRACE=0 -DVM_TRACE_FST=0 -DVM_TRACE_VCD=0 -faligned-new -fcf-protection=none -Wno-bool-operation -Wno-overloaded-virtual -Wno-shadow -Wno-sign-compare -Wno-uninitialized -Wno-unused-but-set-parameter -Wno-unused-but-set-variable -Wno-unused-parameter -Wno-unused-variable     -O3 -std=c++17 -I/work/riscv/include -I/work/chipyard/tools/DRAMSim2 -I/work/chipyard/sims/verilator/generated-src/chipyard.harness.TestHarness.Baseline2CoreConfig/gen-collateral   -DVERILATOR -DVL_TIME_CONTEXT   -fcoroutines -include VTestDriver__pch.h.fast -c -o VTestDriver___024root__DepSet_hbb6e3b65__29.o VTestDriver___024root__DepSet_hbb6e3b65__29.cpp
g++ -Os  -I.  -MMD -I/usr/share/verilator/include -I/usr/share/verilator/include/vltstd -DVM_COVERAGE=0 -DVM_SC=0 -DVM_TRACE=0 -DVM_TRACE_FST=0 -DVM_TRACE_VCD=0 -faligned-new -fcf-protection=none -Wno-bool-operation -Wno-overloaded-virtual -Wno-shadow -Wno-sign-compare -Wno-uninitialized -Wno-unused-but-set-parameter -Wno-unused-but-set-variable -Wno-unused-parameter -Wno-unused-variable     -O3 -std=c++17 -I/work/riscv/include -I/work/chipyard/tools/DRAMSim2 -I/work/chipyard/sims/verilator/generated-src/chipyard.harness.TestHarness.Baseline2CoreConfig/gen-collateral   -DVERILATOR -DVL_TIME_CONTEXT   -fcoroutines -include VTestDriver__pch.h.fast -c -o VTestDriver___024root__DepSet_hbb6e3b65__30.o VTestDriver___024root__DepSet_hbb6e3b65__30.cpp
g++ -Os  -I.  -MMD -I/usr/share/verilator/include -I/usr/share/verilator/include/vltstd -DVM_COVERAGE=0 -DVM_SC=0 -DVM_TRACE=0 -DVM_TRACE_FST=0 -DVM_TRACE_VCD=0 -faligned-new -fcf-protection=none -Wno-bool-operation -Wno-overloaded-virtual -Wno-shadow -Wno-sign-compare -Wno-uninitialized -Wno-unused-but-set-parameter -Wno-unused-but-set-variable -Wno-unused-parameter -Wno-unused-variable     -O3 -std=c++17 -I/work/riscv/include -I/work/chipyard/tools/DRAMSim2 -I/work/chipyard/sims/verilator/generated-src/chipyard.harness.TestHarness.Baseline2CoreConfig/gen-collateral   -DVERILATOR -DVL_TIME_CONTEXT   -fcoroutines -include VTestDriver__pch.h.fast -c -o VTestDriver___024root__DepSet_hbb6e3b65__31.o VTestDriver___024root__DepSet_hbb6e3b65__31.cpp
g++ -Os  -I.  -MMD -I/usr/share/verilator/include -I/usr/share/verilator/include/vltstd -DVM_COVERAGE=0 -DVM_SC=0 -DVM_TRACE=0 -DVM_TRACE_FST=0 -DVM_TRACE_VCD=0 -faligned-new -fcf-protection=none -Wno-bool-operation -Wno-overloaded-virtual -Wno-shadow -Wno-sign-compare -Wno-uninitialized -Wno-unused-but-set-parameter -Wno-unused-but-set-variable -Wno-unused-parameter -Wno-unused-variable     -O3 -std=c++17 -I/work/riscv/include -I/work/chipyard/tools/DRAMSim2 -I/work/chipyard/sims/verilator/generated-src/chipyard.harness.TestHarness.Baseline2CoreConfig/gen-collateral   -DVERILATOR -DVL_TIME_CONTEXT   -fcoroutines -include VTestDriver__pch.h.fast -c -o VTestDriver___024root__DepSet_hbb6e3b65__32.o VTestDriver___024root__DepSet_hbb6e3b65__32.cpp
g++ -Os  -I.  -MMD -I/usr/share/verilator/include -I/usr/share/verilator/include/vltstd -DVM_COVERAGE=0 -DVM_SC=0 -DVM_TRACE=0 -DVM_TRACE_FST=0 -DVM_TRACE_VCD=0 -faligned-new -fcf-protection=none -Wno-bool-operation -Wno-overloaded-virtual -Wno-shadow -Wno-sign-compare -Wno-uninitialized -Wno-unused-but-set-parameter -Wno-unused-but-set-variable -Wno-unused-parameter -Wno-unused-variable     -O3 -std=c++17 -I/work/riscv/include -I/work/chipyard/tools/DRAMSim2 -I/work/chipyard/sims/verilator/generated-src/chipyard.harness.TestHarness.Baseline2CoreConfig/gen-collateral   -DVERILATOR -DVL_TIME_CONTEXT   -fcoroutines -include VTestDriver__pch.h.fast -c -o VTestDriver___024root__DepSet_hbb6e3b65__33.o VTestDriver___024root__DepSet_hbb6e3b65__33.cpp
g++ -Os  -I.  -MMD -I/usr/share/verilator/include -I/usr/share/verilator/include/vltstd -DVM_COVERAGE=0 -DVM_SC=0 -DVM_TRACE=0 -DVM_TRACE_FST=0 -DVM_TRACE_VCD=0 -faligned-new -fcf-protection=none -Wno-bool-operation -Wno-overloaded-virtual -Wno-shadow -Wno-sign-compare -Wno-uninitialized -Wno-unused-but-set-parameter -Wno-unused-but-set-variable -Wno-unused-parameter -Wno-unused-variable     -O3 -std=c++17 -I/work/riscv/include -I/work/chipyard/tools/DRAMSim2 -I/work/chipyard/sims/verilator/generated-src/chipyard.harness.TestHarness.Baseline2CoreConfig/gen-collateral   -DVERILATOR -DVL_TIME_CONTEXT   -fcoroutines -include VTestDriver__pch.h.fast -c -o VTestDriver___024root__DepSet_hbb6e3b65__34.o VTestDriver___024root__DepSet_hbb6e3b65__34.cpp
g++ -Os  -I.  -MMD -I/usr/share/verilator/include -I/usr/share/verilator/include/vltstd -DVM_COVERAGE=0 -DVM_SC=0 -DVM_TRACE=0 -DVM_TRACE_FST=0 -DVM_TRACE_VCD=0 -faligned-new -fcf-protection=none -Wno-bool-operation -Wno-overloaded-virtual -Wno-shadow -Wno-sign-compare -Wno-uninitialized -Wno-unused-but-set-parameter -Wno-unused-but-set-variable -Wno-unused-parameter -Wno-unused-variable     -O3 -std=c++17 -I/work/riscv/include -I/work/chipyard/tools/DRAMSim2 -I/work/chipyard/sims/verilator/generated-src/chipyard.harness.TestHarness.Baseline2CoreConfig/gen-collateral   -DVERILATOR -DVL_TIME_CONTEXT   -fcoroutines -include VTestDriver__pch.h.fast -c -o VTestDriver___024root__DepSet_hbb6e3b65__35.o VTestDriver___024root__DepSet_hbb6e3b65__35.cpp
g++ -Os  -I.  -MMD -I/usr/share/verilator/include -I/usr/share/verilator/include/vltstd -DVM_COVERAGE=0 -DVM_SC=0 -DVM_TRACE=0 -DVM_TRACE_FST=0 -DVM_TRACE_VCD=0 -faligned-new -fcf-protection=none -Wno-bool-operation -Wno-overloaded-virtual -Wno-shadow -Wno-sign-compare -Wno-uninitialized -Wno-unused-but-set-parameter -Wno-unused-but-set-variable -Wno-unused-parameter -Wno-unused-variable     -O3 -std=c++17 -I/work/riscv/include -I/work/chipyard/tools/DRAMSim2 -I/work/chipyard/sims/verilator/generated-src/chipyard.harness.TestHarness.Baseline2CoreConfig/gen-collateral   -DVERILATOR -DVL_TIME_CONTEXT   -fcoroutines -include VTestDriver__pch.h.fast -c -o VTestDriver___024root__DepSet_hbb6e3b65__36.o VTestDriver___024root__DepSet_hbb6e3b65__36.cpp
g++ -Os  -I.  -MMD -I/usr/share/verilator/include -I/usr/share/verilator/include/vltstd -DVM_COVERAGE=0 -DVM_SC=0 -DVM_TRACE=0 -DVM_TRACE_FST=0 -DVM_TRACE_VCD=0 -faligned-new -fcf-protection=none -Wno-bool-operation -Wno-overloaded-virtual -Wno-shadow -Wno-sign-compare -Wno-uninitialized -Wno-unused-but-set-parameter -Wno-unused-but-set-variable -Wno-unused-parameter -Wno-unused-variable     -O3 -std=c++17 -I/work/riscv/include -I/work/chipyard/tools/DRAMSim2 -I/work/chipyard/sims/verilator/generated-src/chipyard.harness.TestHarness.Baseline2CoreConfig/gen-collateral   -DVERILATOR -DVL_TIME_CONTEXT   -fcoroutines -include VTestDriver__pch.h.fast -c -o VTestDriver___024root__DepSet_hbb6e3b65__37.o VTestDriver___024root__DepSet_hbb6e3b65__37.cpp
g++ -Os  -I.  -MMD -I/usr/share/verilator/include -I/usr/share/verilator/include/vltstd -DVM_COVERAGE=0 -DVM_SC=0 -DVM_TRACE=0 -DVM_TRACE_FST=0 -DVM_TRACE_VCD=0 -faligned-new -fcf-protection=none -Wno-bool-operation -Wno-overloaded-virtual -Wno-shadow -Wno-sign-compare -Wno-uninitialized -Wno-unused-but-set-parameter -Wno-unused-but-set-variable -Wno-unused-parameter -Wno-unused-variable     -O3 -std=c++17 -I/work/riscv/include -I/work/chipyard/tools/DRAMSim2 -I/work/chipyard/sims/verilator/generated-src/chipyard.harness.TestHarness.Baseline2CoreConfig/gen-collateral   -DVERILATOR -DVL_TIME_CONTEXT   -fcoroutines -include VTestDriver__pch.h.fast -c -o VTestDriver___024root__DepSet_hbb6e3b65__38.o VTestDriver___024root__DepSet_hbb6e3b65__38.cpp
g++ -Os  -I.  -MMD -I/usr/share/verilator/include -I/usr/share/verilator/include/vltstd -DVM_COVERAGE=0 -DVM_SC=0 -DVM_TRACE=0 -DVM_TRACE_FST=0 -DVM_TRACE_VCD=0 -faligned-new -fcf-protection=none -Wno-bool-operation -Wno-overloaded-virtual -Wno-shadow -Wno-sign-compare -Wno-uninitialized -Wno-unused-but-set-parameter -Wno-unused-but-set-variable -Wno-unused-parameter -Wno-unused-variable     -O3 -std=c++17 -I/work/riscv/include -I/work/chipyard/tools/DRAMSim2 -I/work/chipyard/sims/verilator/generated-src/chipyard.harness.TestHarness.Baseline2CoreConfig/gen-collateral   -DVERILATOR -DVL_TIME_CONTEXT   -fcoroutines -include VTestDriver__pch.h.fast -c -o VTestDriver___024root__DepSet_hbb6e3b65__39.o VTestDriver___024root__DepSet_hbb6e3b65__39.cpp
g++ -Os  -I.  -MMD -I/usr/share/verilator/include -I/usr/share/verilator/include/vltstd -DVM_COVERAGE=0 -DVM_SC=0 -DVM_TRACE=0 -DVM_TRACE_FST=0 -DVM_TRACE_VCD=0 -faligned-new -fcf-protection=none -Wno-bool-operation -Wno-overloaded-virtual -Wno-shadow -Wno-sign-compare -Wno-uninitialized -Wno-unused-but-set-parameter -Wno-unused-but-set-variable -Wno-unused-parameter -Wno-unused-variable     -O3 -std=c++17 -I/work/riscv/include -I/work/chipyard/tools/DRAMSim2 -I/work/chipyard/sims/verilator/generated-src/chipyard.harness.TestHarness.Baseline2CoreConfig/gen-collateral   -DVERILATOR -DVL_TIME_CONTEXT   -fcoroutines -include VTestDriver__pch.h.fast -c -o VTestDriver___024root__DepSet_hbb6e3b65__40.o VTestDriver___024root__DepSet_hbb6e3b65__40.cpp
g++ -Os  -I.  -MMD -I/usr/share/verilator/include -I/usr/share/verilator/include/vltstd -DVM_COVERAGE=0 -DVM_SC=0 -DVM_TRACE=0 -DVM_TRACE_FST=0 -DVM_TRACE_VCD=0 -faligned-new -fcf-protection=none -Wno-bool-operation -Wno-overloaded-virtual -Wno-shadow -Wno-sign-compare -Wno-uninitialized -Wno-unused-but-set-parameter -Wno-unused-but-set-variable -Wno-unused-parameter -Wno-unused-variable     -O3 -std=c++17 -I/work/riscv/include -I/work/chipyard/tools/DRAMSim2 -I/work/chipyard/sims/verilator/generated-src/chipyard.harness.TestHarness.Baseline2CoreConfig/gen-collateral   -DVERILATOR -DVL_TIME_CONTEXT   -fcoroutines -include VTestDriver__pch.h.fast -c -o VTestDriver___024root__DepSet_hbb6e3b65__41.o VTestDriver___024root__DepSet_hbb6e3b65__41.cpp
g++ -Os  -I.  -MMD -I/usr/share/verilator/include -I/usr/share/verilator/include/vltstd -DVM_COVERAGE=0 -DVM_SC=0 -DVM_TRACE=0 -DVM_TRACE_FST=0 -DVM_TRACE_VCD=0 -faligned-new -fcf-protection=none -Wno-bool-operation -Wno-overloaded-virtual -Wno-shadow -Wno-sign-compare -Wno-uninitialized -Wno-unused-but-set-parameter -Wno-unused-but-set-variable -Wno-unused-parameter -Wno-unused-variable     -O3 -std=c++17 -I/work/riscv/include -I/work/chipyard/tools/DRAMSim2 -I/work/chipyard/sims/verilator/generated-src/chipyard.harness.TestHarness.Baseline2CoreConfig/gen-collateral   -DVERILATOR -DVL_TIME_CONTEXT   -fcoroutines -include VTestDriver__pch.h.fast -c -o VTestDriver___024root__DepSet_hbb6e3b65__42.o VTestDriver___024root__DepSet_hbb6e3b65__42.cpp
g++ -Os  -I.  -MMD -I/usr/share/verilator/include -I/usr/share/verilator/include/vltstd -DVM_COVERAGE=0 -DVM_SC=0 -DVM_TRACE=0 -DVM_TRACE_FST=0 -DVM_TRACE_VCD=0 -faligned-new -fcf-protection=none -Wno-bool-operation -Wno-overloaded-virtual -Wno-shadow -Wno-sign-compare -Wno-uninitialized -Wno-unused-but-set-parameter -Wno-unused-but-set-variable -Wno-unused-parameter -Wno-unused-variable     -O3 -std=c++17 -I/work/riscv/include -I/work/chipyard/tools/DRAMSim2 -I/work/chipyard/sims/verilator/generated-src/chipyard.harness.TestHarness.Baseline2CoreConfig/gen-collateral   -DVERILATOR -DVL_TIME_CONTEXT   -fcoroutines -include VTestDriver__pch.h.fast -c -o VTestDriver___024root__DepSet_hbb6e3b65__43.o VTestDriver___024root__DepSet_hbb6e3b65__43.cpp
g++ -Os  -I.  -MMD -I/usr/share/verilator/include -I/usr/share/verilator/include/vltstd -DVM_COVERAGE=0 -DVM_SC=0 -DVM_TRACE=0 -DVM_TRACE_FST=0 -DVM_TRACE_VCD=0 -faligned-new -fcf-protection=none -Wno-bool-operation -Wno-overloaded-virtual -Wno-shadow -Wno-sign-compare -Wno-uninitialized -Wno-unused-but-set-parameter -Wno-unused-but-set-variable -Wno-unused-parameter -Wno-unused-variable     -O3 -std=c++17 -I/work/riscv/include -I/work/chipyard/tools/DRAMSim2 -I/work/chipyard/sims/verilator/generated-src/chipyard.harness.TestHarness.Baseline2CoreConfig/gen-collateral   -DVERILATOR -DVL_TIME_CONTEXT   -fcoroutines -include VTestDriver__pch.h.fast -c -o VTestDriver___024unit__DepSet_hf172cd27__0.o VTestDriver___024unit__DepSet_hf172cd27__0.cpp
g++ -Os  -I.  -MMD -I/usr/share/verilator/include -I/usr/share/verilator/include/vltstd -DVM_COVERAGE=0 -DVM_SC=0 -DVM_TRACE=0 -DVM_TRACE_FST=0 -DVM_TRACE_VCD=0 -faligned-new -fcf-protection=none -Wno-bool-operation -Wno-overloaded-virtual -Wno-shadow -Wno-sign-compare -Wno-uninitialized -Wno-unused-but-set-parameter -Wno-unused-but-set-variable -Wno-unused-parameter -Wno-unused-variable     -O3 -std=c++17 -I/work/riscv/include -I/work/chipyard/tools/DRAMSim2 -I/work/chipyard/sims/verilator/generated-src/chipyard.harness.TestHarness.Baseline2CoreConfig/gen-collateral   -DVERILATOR -DVL_TIME_CONTEXT   -fcoroutines -include VTestDriver__pch.h.fast -c -o VTestDriver__main.o VTestDriver__main.cpp
g++ -Os  -I.  -MMD -I/usr/share/verilator/include -I/usr/share/verilator/include/vltstd -DVM_COVERAGE=0 -DVM_SC=0 -DVM_TRACE=0 -DVM_TRACE_FST=0 -DVM_TRACE_VCD=0 -faligned-new -fcf-protection=none -Wno-bool-operation -Wno-overloaded-virtual -Wno-shadow -Wno-sign-compare -Wno-uninitialized -Wno-unused-but-set-parameter -Wno-unused-but-set-variable -Wno-unused-parameter -Wno-unused-variable     -O3 -std=c++17 -I/work/riscv/include -I/work/chipyard/tools/DRAMSim2 -I/work/chipyard/sims/verilator/generated-src/chipyard.harness.TestHarness.Baseline2CoreConfig/gen-collateral   -DVERILATOR -DVL_TIME_CONTEXT   -fcoroutines -include VTestDriver__pch.h.fast -c -o VTestDriver__Dpi.o VTestDriver__Dpi.cpp
Archive ar -rcs VTestDriver__ALL.a VTestDriver.o VTestDriver___024root__DepSet_h662e1026__0.o VTestDriver___024root__DepSet_h662e1026__1.o VTestDriver___024root__DepSet_h662e1026__2.o VTestDriver___024root__DepSet_h662e1026__3.o VTestDriver___024root__DepSet_h662e1026__4.o VTestDriver___024root__DepSet_h662e1026__5.o VTestDriver___024root__DepSet_h662e1026__6.o VTestDriver___024root__DepSet_h662e1026__7.o VTestDriver___024root__DepSet_h662e1026__8.o VTestDriver___024root__DepSet_h662e1026__9.o VTestDriver___024root__DepSet_h662e1026__10.o VTestDriver___024root__DepSet_h662e1026__11.o VTestDriver___024root__DepSet_h662e1026__12.o VTestDriver___024root__DepSet_h662e1026__13.o VTestDriver___024root__DepSet_h662e1026__14.o VTestDriver___024root__DepSet_h662e1026__15.o VTestDriver___024root__DepSet_h662e1026__16.o VTestDriver___024root__DepSet_h662e1026__17.o VTestDriver___024root__DepSet_h662e1026__18.o VTestDriver___024root__DepSet_h662e1026__19.o VTestDriver___024root__DepSet_h662e1026__20.o VTestDriver___024root__DepSet_h662e1026__21.o VTestDriver___024root__DepSet_h662e1026__22.o VTestDriver___024root__DepSet_h662e1026__23.o VTestDriver___024root__DepSet_h662e1026__24.o VTestDriver___024root__DepSet_h662e1026__25.o VTestDriver___024root__DepSet_h662e1026__26.o VTestDriver___024root__DepSet_h662e1026__27.o VTestDriver___024root__DepSet_h662e1026__28.o VTestDriver___024root__DepSet_h662e1026__29.o VTestDriver___024root__DepSet_h662e1026__30.o VTestDriver___024root__DepSet_h662e1026__31.o VTestDriver___024root__DepSet_h662e1026__32.o VTestDriver___024root__DepSet_h662e1026__33.o VTestDriver___024root__DepSet_h662e1026__34.o VTestDriver___024root__DepSet_h662e1026__35.o VTestDriver___024root__DepSet_h662e1026__36.o VTestDriver___024root__DepSet_h662e1026__37.o VTestDriver___024root__DepSet_h662e1026__38.o VTestDriver___024root__DepSet_h662e1026__39.o VTestDriver___024root__DepSet_h662e1026__40.o VTestDriver___024root__DepSet_h662e1026__41.o VTestDriver___024root__DepSet_h662e1026__42.o VTestDriver___024root__DepSet_h662e1026__43.o VTestDriver___024root__DepSet_h662e1026__44.o VTestDriver___024root__DepSet_h662e1026__45.o VTestDriver___024root__DepSet_h662e1026__46.o VTestDriver___024root__DepSet_h662e1026__47.o VTestDriver___024root__DepSet_h662e1026__48.o VTestDriver___024root__DepSet_h662e1026__49.o VTestDriver___024root__DepSet_h662e1026__50.o VTestDriver___024root__DepSet_h662e1026__51.o VTestDriver___024root__DepSet_h662e1026__52.o VTestDriver___024root__DepSet_h662e1026__53.o VTestDriver___024root__DepSet_h662e1026__54.o VTestDriver___024root__DepSet_h662e1026__55.o VTestDriver___024root__DepSet_h662e1026__56.o VTestDriver___024root__DepSet_h662e1026__57.o VTestDriver___024root__DepSet_h662e1026__58.o VTestDriver___024root__DepSet_h662e1026__59.o VTestDriver___024root__DepSet_h662e1026__60.o VTestDriver___024root__DepSet_h662e1026__61.o VTestDriver___024root__DepSet_h662e1026__62.o VTestDriver___024root__DepSet_h662e1026__63.o VTestDriver___024root__DepSet_h662e1026__64.o VTestDriver___024root__DepSet_hbb6e3b65__0.o VTestDriver___024root__DepSet_hbb6e3b65__1.o VTestDriver___024root__DepSet_hbb6e3b65__2.o VTestDriver___024root__DepSet_hbb6e3b65__3.o VTestDriver___024root__DepSet_hbb6e3b65__4.o VTestDriver___024root__DepSet_hbb6e3b65__5.o VTestDriver___024root__DepSet_hbb6e3b65__6.o VTestDriver___024root__DepSet_hbb6e3b65__7.o VTestDriver___024root__DepSet_hbb6e3b65__8.o VTestDriver___024root__DepSet_hbb6e3b65__9.o VTestDriver___024root__DepSet_hbb6e3b65__10.o VTestDriver___024root__DepSet_hbb6e3b65__11.o VTestDriver___024root__DepSet_hbb6e3b65__12.o VTestDriver___024root__DepSet_hbb6e3b65__13.o VTestDriver___024root__DepSet_hbb6e3b65__14.o VTestDriver___024root__DepSet_hbb6e3b65__15.o VTestDriver___024root__DepSet_hbb6e3b65__16.o VTestDriver___024root__DepSet_hbb6e3b65__17.o VTestDriver___024root__DepSet_hbb6e3b65__18.o VTestDriver___024root__DepSet_hbb6e3b65__19.o VTestDriver___024root__DepSet_hbb6e3b65__20.o VTestDriver___024root__DepSet_hbb6e3b65__21.o VTestDriver___024root__DepSet_hbb6e3b65__22.o VTestDriver___024root__DepSet_hbb6e3b65__23.o VTestDriver___024root__DepSet_hbb6e3b65__24.o VTestDriver___024root__DepSet_hbb6e3b65__25.o VTestDriver___024root__DepSet_hbb6e3b65__26.o VTestDriver___024root__DepSet_hbb6e3b65__27.o VTestDriver___024root__DepSet_hbb6e3b65__28.o VTestDriver___024root__DepSet_hbb6e3b65__29.o VTestDriver___024root__DepSet_hbb6e3b65__30.o VTestDriver___024root__DepSet_hbb6e3b65__31.o VTestDriver___024root__DepSet_hbb6e3b65__32.o VTestDriver___024root__DepSet_hbb6e3b65__33.o VTestDriver___024root__DepSet_hbb6e3b65__34.o VTestDriver___024root__DepSet_hbb6e3b65__35.o VTestDriver___024root__DepSet_hbb6e3b65__36.o VTestDriver___024root__DepSet_hbb6e3b65__37.o VTestDriver___024root__DepSet_hbb6e3b65__38.o VTestDriver___024root__DepSet_hbb6e3b65__39.o VTestDriver___024root__DepSet_hbb6e3b65__40.o VTestDriver___024root__DepSet_hbb6e3b65__41.o VTestDriver___024root__DepSet_hbb6e3b65__42.o VTestDriver___024root__DepSet_hbb6e3b65__43.o VTestDriver___024unit__DepSet_hf172cd27__0.o VTestDriver__main.o VTestDriver__Dpi.o VTestDriver__ConstPool_0.o VTestDriver___024root__Slow.o VTestDriver___024root__DepSet_h662e1026__0__Slow.o VTestDriver___024root__DepSet_hbb6e3b65__0__Slow.o VTestDriver___024root__DepSet_hbb6e3b65__1__Slow.o VTestDriver___024root__DepSet_hbb6e3b65__2__Slow.o VTestDriver___024root__DepSet_hbb6e3b65__3__Slow.o VTestDriver___024root__DepSet_hbb6e3b65__4__Slow.o VTestDriver___024root__DepSet_hbb6e3b65__5__Slow.o VTestDriver___024root__DepSet_hbb6e3b65__6__Slow.o VTestDriver___024root__DepSet_hbb6e3b65__7__Slow.o VTestDriver___024root__DepSet_hbb6e3b65__8__Slow.o VTestDriver___024root__DepSet_hbb6e3b65__9__Slow.o VTestDriver___024root__DepSet_hbb6e3b65__10__Slow.o VTestDriver___024root__DepSet_hbb6e3b65__11__Slow.o VTestDriver___024root__DepSet_hbb6e3b65__12__Slow.o VTestDriver___024root__DepSet_hbb6e3b65__13__Slow.o VTestDriver___024root__DepSet_hbb6e3b65__14__Slow.o VTestDriver___024root__DepSet_hbb6e3b65__15__Slow.o VTestDriver___024root__DepSet_hbb6e3b65__16__Slow.o VTestDriver___024root__DepSet_hbb6e3b65__17__Slow.o VTestDriver___024root__DepSet_hbb6e3b65__18__Slow.o VTestDriver___024root__DepSet_hbb6e3b65__19__Slow.o VTestDriver___024root__DepSet_hbb6e3b65__20__Slow.o VTestDriver___024root__DepSet_hbb6e3b65__21__Slow.o VTestDriver___024root__DepSet_hbb6e3b65__22__Slow.o VTestDriver___024root__DepSet_hbb6e3b65__23__Slow.o VTestDriver___024root__DepSet_hbb6e3b65__24__Slow.o VTestDriver___024root__DepSet_hbb6e3b65__25__Slow.o VTestDriver___024root__DepSet_hbb6e3b65__26__Slow.o VTestDriver___024root__DepSet_hbb6e3b65__27__Slow.o VTestDriver___024root__DepSet_hbb6e3b65__28__Slow.o VTestDriver___024root__DepSet_hbb6e3b65__29__Slow.o VTestDriver___024root__DepSet_hbb6e3b65__30__Slow.o VTestDriver___024root__DepSet_hbb6e3b65__31__Slow.o VTestDriver___024root__DepSet_hbb6e3b65__32__Slow.o VTestDriver___024root__DepSet_hbb6e3b65__33__Slow.o VTestDriver___024root__DepSet_hbb6e3b65__34__Slow.o VTestDriver___024root__DepSet_hbb6e3b65__35__Slow.o VTestDriver___024root__DepSet_hbb6e3b65__36__Slow.o VTestDriver___024root__DepSet_hbb6e3b65__37__Slow.o VTestDriver___024root__DepSet_hbb6e3b65__38__Slow.o VTestDriver___024root__DepSet_hbb6e3b65__39__Slow.o VTestDriver___024root__DepSet_hbb6e3b65__40__Slow.o VTestDriver___024unit__Slow.o VTestDriver___024unit__DepSet_h44496666__0__Slow.o VTestDriver__Syms.o VTestDriver__Syms__1.o
g++     SimDRAM.o SimJTAG.o SimTSI.o SimUART.o mm.o mm_dramsim2.o remote_bitbang.o testchip_htif.o testchip_tsi.o uart.o verilated.o verilated_dpi.o verilated_vpi.o verilated_timing.o verilated_threads.o VTestDriver__ALL.a   -L/work/riscv/lib -Wl,-rpath,/work/riscv/lib -L/work/chipyard/sims/verilator -L/work/chipyard/tools/DRAMSim2 -lriscv -lfesvr -ldramsim  -pthread -lpthread -latomic   -o /work/chipyard/sims/verilator/simulator-chipyard.harness-Baseline2CoreConfig
rm VTestDriver__ALL.verilator_deplist.tmp
make[1]: Leaving directory '/work/chipyard/sims/verilator/generated-src/chipyard.harness.TestHarness.Baseline2CoreConfig/chipyard.harness.TestHarness.Baseline2CoreConfig'

real	1m39.218s
user	6m59.531s
sys	0m13.429s
=== make exit: 0 ===
-rwxr-xr-x 1 dev dev 11805312 Jun 11 22:15 simulator-chipyard.harness-Baseline2CoreConfig
